# This file uses centimeters as units for non-parametric coordinates.

mtllib Prueba2.mtl
g default
v 7.644944 0.209112 2.850605
v 8.343750 0.209112 2.850605
v 7.644944 0.375241 2.850605
v 8.343750 0.375241 2.850605
v 7.644944 0.375241 2.194599
v 8.343750 0.375241 2.194599
v 7.644944 0.209112 2.194599
v 8.343750 0.209112 2.194599
v 7.644944 0.209112 2.806363
v 7.644944 0.375241 2.770647
v 8.343750 0.375241 2.770647
v 8.343750 0.209112 2.806363
v 7.644944 0.209112 2.238841
v 7.644944 0.375241 2.274556
v 8.343750 0.375241 2.274556
v 8.343750 0.209112 2.238841
v 7.812482 0.209112 2.694101
v 7.812482 0.209112 2.351103
v 7.693411 0.209112 2.194599
v 7.731311 0.375241 2.194599
v 7.731311 0.375241 2.850605
v 7.693411 0.209112 2.850605
v 8.176209 0.209112 2.694101
v 8.176209 0.209112 2.351103
v 8.295282 0.209112 2.194599
v 8.211903 0.375241 2.194599
v 8.279264 0.375241 2.274556
v 8.279264 0.375241 2.770647
v 8.211903 0.375241 2.850605
v 8.295282 0.209112 2.850605
v 8.295282 0.000551 2.194599
v 8.343750 0.000551 2.194599
v 8.343750 0.000551 2.238841
v 8.245316 0.000551 2.285935
v 8.295282 0.000551 2.850605
v 8.245316 0.000551 2.759269
v 8.343750 0.000551 2.806363
v 8.343750 0.000551 2.850605
v 7.644944 0.000551 2.194599
v 7.693411 0.000551 2.194599
v 7.743377 0.000551 2.285935
v 7.644944 0.000551 2.238841
v 7.743377 0.000551 2.759269
v 7.644944 0.000551 2.806363
v 7.693411 0.000551 2.850605
v 7.644944 0.000551 2.850605
v 8.165778 0.375241 2.194599
v 8.203296 0.209112 2.194599
v 8.120619 0.209112 2.351103
v 8.120619 0.209112 2.694101
v 8.203296 0.209112 2.850605
v 8.165778 0.375241 2.850605
v 8.249271 0.415262 2.420850
v 8.211903 0.415262 2.247367
v 8.165778 0.415262 2.247367
v 8.165778 0.415262 2.797836
v 8.211903 0.415262 2.797836
v 8.249271 0.415262 2.624354
v 8.165778 0.742524 2.338108
v 8.198002 0.742524 2.338108
v 8.211903 0.502088 2.311452
v 8.165778 0.502088 2.311452
v 8.165778 0.502088 2.733751
v 8.165778 0.742524 2.707096
v 8.211903 0.502088 2.733751
v 8.198002 0.742524 2.707096
v 8.239703 0.742524 2.522602
v 8.277070 0.415262 2.522602
v 8.316293 0.375241 2.522602
v 8.343750 0.375241 2.522602
v 8.343750 0.209112 2.522602
v 8.176209 0.209112 2.522602
v 8.120619 0.209112 2.522602
v 7.812482 0.209112 2.522602
v 7.644944 0.209112 2.522602
v 7.644944 0.375241 2.522602
v 8.165778 0.742524 2.522602
v 8.258387 0.503867 2.522602
v 8.165778 0.742524 2.617022
v 8.225827 0.742524 2.617022
v 8.235145 0.502978 2.630663
v 8.165778 0.742524 2.428182
v 8.225827 0.742524 2.428182
v 8.235145 0.502978 2.414540
v 7.703126 0.251697 2.850605
v 8.193678 0.251697 2.850605
v 8.273909 0.251697 2.850605
v 8.343750 0.251697 2.850605
v 8.343750 0.251697 2.797208
v 8.343750 0.251697 2.522602
v 8.343750 0.251697 2.247996
v 8.343750 0.251697 2.194599
v 8.273909 0.251697 2.194599
v 8.193678 0.251697 2.194599
v 7.703126 0.251697 2.194599
v 7.644944 0.251697 2.194599
v 7.644944 0.251697 2.247996
v 7.644944 0.251697 2.522602
v 7.644944 0.251697 2.797208
v 7.644944 0.251697 2.850605
vt 0.541667 0.000000
vt 0.625000 0.000000
vt 0.625000 0.250000
vt 0.541667 0.250000
vt 0.541667 0.416667
vt 0.625000 0.416667
vt 0.625000 0.500000
vt 0.541667 0.500000
vt 0.625000 0.750000
vt 0.541667 0.750000
vt 0.541667 0.750000
vt 0.625000 0.750000
vt 0.625000 0.833333
vt 0.541667 0.833333
vt 0.791667 0.000000
vt 0.875000 0.000000
vt 0.875000 0.250000
vt 0.791667 0.250000
vt 0.125000 0.000000
vt 0.208333 0.000000
vt 0.208333 0.250000
vt 0.125000 0.250000
vt 0.291667 0.000000
vt 0.375000 0.000000
vt 0.375000 0.250000
vt 0.291667 0.250000
vt 0.625000 0.333333
vt 0.541667 0.333333
vt 0.708333 0.000000
vt 0.708333 0.250000
vt 0.541667 1.000000
vt 0.541667 0.916667
vt 0.625000 0.916667
vt 0.625000 1.000000
vt 0.250000 0.000000
vt 0.250000 0.250000
vt 0.541667 0.375000
vt 0.625000 0.375000
vt 0.750000 0.000000
vt 0.750000 0.250000
vt 0.541667 0.833333
vt 0.625000 0.833333
vt 0.625000 0.875000
vt 0.541667 0.875000
vt 0.375000 0.833333
vt 0.458333 0.833333
vt 0.458333 0.875000
vt 0.375000 0.875000
vt 0.375000 0.750000
vt 0.458333 0.750000
vt 0.458333 0.833333
vt 0.375000 0.833333
vt 0.375000 0.500000
vt 0.458333 0.500000
vt 0.458333 0.750000
vt 0.375000 0.750000
vt 0.458333 0.000000
vt 0.458333 0.250000
vt 0.375000 0.916667
vt 0.458333 0.916667
vt 0.458333 1.000000
vt 0.375000 1.000000
vt 0.528930 0.833333
vt 0.528930 0.875000
vt 0.528930 0.750000
vt 0.528930 0.500000
vt 0.528930 0.000000
vt 0.528930 0.250000
vt 0.458333 1.000000
vt 0.458333 0.916667
vt 0.528930 0.916667
vt 0.528930 1.000000
vt 0.541667 1.000000
vt 0.541667 0.916667
vt 0.625000 0.916667
vt 0.625000 1.000000
vt 0.375000 0.916667
vt 0.375000 1.000000
vt 0.528930 0.416667
vt 0.541667 0.416667
vt 0.541667 0.500000
vt 0.528930 0.500000
vt 0.528930 0.333333
vt 0.528930 0.250000
vt 0.541667 0.250000
vt 0.541667 0.333333
vt 0.528930 0.375000
vt 0.541667 0.375000
vt 0.541667 0.500000
vt 0.541667 0.416667
vt 0.528930 0.500000
vt 0.541667 0.250000
vt 0.528930 0.250000
vt 0.541667 0.333333
vt 0.541667 0.375000
vt 0.541667 0.375000
vt 0.528930 0.354167
vt 0.541667 0.354167
vt 0.541667 0.312500
vt 0.528930 0.395833
vt 0.541667 0.395833
vt 0.541667 0.437500
vt 0.458333 0.064085
vt 0.528930 0.064085
vt 0.541667 0.064085
vt 0.625000 0.064085
vt 0.708333 0.064085
vt 0.750000 0.064085
vt 0.791667 0.064085
vt 0.625000 0.685915
vt 0.875000 0.064085
vt 0.541667 0.685915
vt 0.528930 0.685915
vt 0.458333 0.685915
vt 0.125000 0.064085
vt 0.375000 0.685915
vt 0.208333 0.064085
vt 0.250000 0.064085
vt 0.291667 0.064085
vt 0.375000 0.064085
vn 0.000000 0.000000 1.000000
vn 0.000000 0.000000 1.000000
vn 0.000000 0.000000 1.000000
vn 0.000000 0.000000 1.000000
vn 0.267814 0.958866 -0.094087
vn 0.000001 1.000000 -0.000000
vn 0.000000 1.000000 -0.000000
vn 0.279712 0.924968 -0.257285
vn 0.000000 0.000000 -1.000000
vn 0.000000 0.000000 -1.000000
vn 0.000000 0.000000 -1.000000
vn 0.000000 0.000000 -1.000000
vn 0.000000 -1.000000 0.000000
vn 0.000000 -1.000000 0.000000
vn 0.000000 -1.000000 0.000000
vn 0.000000 -1.000000 0.000000
vn 1.000000 0.000000 0.000000
vn 1.000000 0.000000 0.000000
vn 1.000000 0.000000 0.000000
vn 1.000000 0.000000 0.000000
vn -1.000000 0.000000 0.000000
vn -1.000000 0.000000 0.000000
vn -1.000000 0.000000 0.000000
vn -1.000000 0.000000 0.000000
vn -1.000000 0.000000 0.000000
vn -1.000000 0.000000 0.000000
vn -1.000000 0.000000 0.000000
vn -1.000000 0.000000 0.000000
vn 0.279713 0.924967 0.257286
vn 0.000000 1.000000 0.000000
vn 0.000001 1.000000 0.000000
vn 0.267814 0.958865 0.094087
vn 1.000000 0.000000 0.000000
vn 1.000000 0.000000 0.000000
vn 1.000000 0.000000 0.000000
vn 1.000000 0.000000 0.000000
vn 0.000000 -1.000000 -0.000000
vn 0.000000 -1.000000 -0.000000
vn 0.000000 -1.000000 -0.000000
vn 0.000000 -1.000000 -0.000000
vn -1.000000 0.000000 0.000000
vn -1.000000 0.000000 0.000000
vn 0.312080 0.950056 0.000000
vn 0.000001 1.000000 0.000000
vn 1.000000 0.000000 0.000000
vn 1.000000 0.000000 0.000000
vn 0.000000 -1.000000 0.000000
vn 0.000000 -1.000000 0.000000
vn 0.000000 -1.000000 0.000000
vn 0.000000 -1.000000 0.000000
vn 0.000000 -1.000000 0.000000
vn 0.000000 -1.000000 0.000000
vn 0.000000 -1.000000 0.000000
vn 0.000000 -1.000000 0.000000
vn 0.000000 -1.000000 0.000000
vn 0.000000 -1.000000 0.000000
vn 0.000000 -1.000000 0.000000
vn 0.000000 -1.000000 0.000000
vn 0.000000 0.000000 -1.000000
vn 0.000000 0.000000 -1.000000
vn 0.000000 0.000000 -1.000000
vn 0.000000 0.000000 -1.000000
vn 0.000000 0.000000 1.000000
vn 0.000000 0.000000 1.000000
vn 0.000000 0.000000 1.000000
vn 0.000000 0.000000 1.000000
vn 0.000000 -1.000000 -0.000000
vn 0.000000 -1.000000 -0.000000
vn 0.000000 -1.000000 -0.000000
vn 0.000000 -1.000000 -0.000000
vn 0.000000 -1.000000 0.000000
vn 0.000000 -1.000000 0.000000
vn 0.000000 -1.000000 0.000000
vn 0.000000 -1.000000 0.000000
vn 0.000000 0.000000 -1.000000
vn 0.000000 0.000000 -1.000000
vn 0.000000 0.000000 1.000000
vn 0.000000 0.000000 1.000000
vn 0.000000 -1.000000 0.000000
vn 0.000000 -1.000000 0.000000
vn 0.000000 -1.000000 0.000000
vn 0.000000 -1.000000 0.000000
vn 0.000000 0.000000 -1.000000
vn 0.000000 0.000000 -1.000000
vn 0.000000 0.000000 -1.000000
vn 0.000000 0.000000 -1.000000
vn 1.000000 0.000000 0.000000
vn 1.000000 0.000000 0.000000
vn 1.000000 0.000000 0.000000
vn 1.000000 0.000000 0.000000
vn 0.513341 -0.048811 0.856795
vn 0.513341 -0.048811 0.856795
vn 0.513341 -0.048811 0.856795
vn 0.513341 -0.048811 0.856795
vn -0.825156 -0.048782 -0.562796
vn -0.825156 -0.048782 -0.562796
vn -0.825156 -0.048782 -0.562796
vn -0.825156 -0.048782 -0.562796
vn -0.825156 -0.048782 0.562796
vn -0.825156 -0.048782 0.562796
vn -0.825156 -0.048782 0.562796
vn -0.825156 -0.048782 0.562796
vn 0.513341 -0.048811 -0.856795
vn 0.513341 -0.048811 -0.856795
vn 0.513341 -0.048811 -0.856795
vn 0.513341 -0.048811 -0.856795
vn 1.000000 0.000000 0.000000
vn 1.000000 0.000000 0.000000
vn 1.000000 0.000000 0.000000
vn 1.000000 0.000000 0.000000
vn 0.000000 0.000000 1.000000
vn 0.000000 0.000000 1.000000
vn 0.000000 0.000000 1.000000
vn 0.000000 0.000000 1.000000
vn 0.000000 0.000000 -1.000000
vn 0.000000 0.000000 -1.000000
vn 0.000000 0.000000 -1.000000
vn 0.000000 0.000000 -1.000000
vn 0.825157 -0.048778 -0.562794
vn 0.825157 -0.048778 -0.562794
vn 0.825157 -0.048778 -0.562794
vn 0.825157 -0.048778 -0.562794
vn -0.513346 -0.048812 0.856793
vn -0.513346 -0.048812 0.856793
vn -0.513346 -0.048812 0.856793
vn -0.513346 -0.048812 0.856793
vn -1.000000 0.000000 0.000000
vn -1.000000 0.000000 0.000000
vn -1.000000 0.000000 0.000000
vn -1.000000 0.000000 0.000000
vn -0.513346 -0.048812 -0.856793
vn -0.513346 -0.048812 -0.856793
vn -0.513346 -0.048812 -0.856793
vn -0.513346 -0.048812 -0.856793
vn 0.825157 -0.048778 0.562794
vn 0.825157 -0.048778 0.562794
vn 0.825157 -0.048778 0.562794
vn 0.825157 -0.048778 0.562794
vn 0.000000 0.000000 1.000000
vn 0.000000 0.000000 1.000000
vn 0.000000 0.000000 1.000000
vn 0.000000 0.000000 1.000000
vn -1.000000 0.000000 0.000000
vn -1.000000 0.000000 0.000000
vn -1.000000 0.000000 0.000000
vn -1.000000 0.000000 0.000000
vn 0.000000 0.110188 -0.993911
vn 0.000000 0.110188 -0.993911
vn 0.841950 0.177980 -0.509355
vn 0.000000 0.285579 -0.958355
vn 0.000000 -1.000000 0.000000
vn 0.000000 -1.000000 0.000000
vn 0.000000 -1.000000 0.000000
vn 0.000000 0.110187 0.993911
vn 0.000000 0.285579 0.958355
vn 0.841951 0.177980 0.509355
vn 0.000000 0.110187 0.993911
vn 0.000000 1.000000 0.000000
vn 0.000000 1.000000 0.000000
vn 0.000000 1.000000 0.000000
vn 0.000000 1.000000 0.000000
vn 0.637837 0.644998 -0.420881
vn 0.851565 0.487419 -0.193029
vn 0.000000 0.796771 -0.604281
vn 0.000000 0.677540 -0.735485
vn 0.000000 0.796769 0.604283
vn 0.637838 0.644998 0.420881
vn 0.000000 0.677541 0.735485
vn 0.851565 0.487419 0.193029
vn 0.842529 0.538650 0.000000
vn 0.971031 0.094386 0.219520
vn 0.971031 0.094386 -0.219521
vn 0.995508 0.094674 0.000000
vn 0.000000 -1.000000 0.000000
vn 0.000000 -1.000000 0.000000
vn 0.000000 1.000000 0.000000
vn 0.000000 1.000000 0.000000
vn 0.000000 1.000000 -0.000000
vn 0.000000 1.000000 -0.000000
vn 0.964463 0.068089 -0.255295
vn 0.974013 0.065326 -0.216865
vn 0.974014 0.065326 0.216864
vn 0.997972 0.063663 0.000000
vn 0.000000 1.000000 -0.000000
vn 0.000000 1.000000 -0.000000
vn 0.964463 0.068088 0.255294
vn 0.000000 0.000000 1.000000
vn 0.000000 0.000000 1.000000
vn 0.000000 0.000000 1.000000
vn 0.000000 0.000000 1.000000
vn 1.000000 0.000000 0.000000
vn 1.000000 0.000000 0.000000
vn 1.000000 0.000000 0.000000
vn 1.000000 0.000000 0.000000
vn 1.000000 0.000000 0.000000
vn 0.000000 0.000000 -1.000000
vn 0.000000 0.000000 -1.000000
vn 0.000000 0.000000 -1.000000
vn 0.000000 0.000000 -1.000000
vn 0.000000 0.000000 -1.000000
vn -1.000000 0.000000 0.000000
vn -1.000000 0.000000 0.000000
vn -1.000000 0.000000 0.000000
vn -1.000000 0.000000 0.000000
vn -1.000000 0.000000 0.000000
vn 0.000000 0.000000 1.000000
s 1
g polySurface3 pCube145
usemtl initialShadingGroup
f 87/105/1 88/106/2 4/3/3 29/4/4
s 2
f 27/5/5 15/6/6 6/7/7 26/8/8
s 3
f 26/8/9 6/7/10 92/110/11 93/112/12
s off
f 31/11/13 32/12/14 33/13/15 34/14/16
s 4
f 91/109/17 92/111/18 6/17/19 15/18/20
s 5
f 96/115/21 97/117/22 14/21/23 5/22/24
f 99/119/25 100/120/26 3/25/27 10/26/28
s 2
f 29/4/29 4/3/30 11/27/31 28/28/32
s 4
f 88/106/33 89/107/34 11/30/35 4/3/36
s off
f 35/31/37 36/32/38 37/33/39 38/34/40
s 5
f 97/117/22 98/118/41 76/36/42 14/21/23
s 2
f 69/37/43 70/38/44 15/6/6 27/5/5
s 4
f 90/108/45 91/109/17 15/18/20 70/40/46
s 9
f 24/41/47 16/42/48 71/43/49 72/44/50
f 13/45/51 18/46/52 74/47/53 75/48/54
s off
f 39/49/55 40/50/56 41/51/57 42/52/58
s 3
f 5/53/59 20/54/60 95/114/61 96/116/62
s 1
f 100/120/63 85/103/64 21/58/65 3/25/66
s off
f 44/59/67 43/60/68 45/61/69 46/62/70
s 9
f 18/46/52 49/63/71 73/64/72 74/47/53
f 19/55/73 48/65/74 49/63/71 18/46/52
s 3
f 20/54/60 47/66/75 94/113/76 95/114/61
s 1
f 85/103/64 86/104/77 52/68/78 21/58/65
s 9
f 22/69/79 17/70/80 50/71/81 51/72/82
s off
f 25/10/83 8/9/84 32/12/85 31/11/86
f 8/9/87 16/42/88 33/13/89 32/12/90
f 16/42/91 24/41/92 34/14/93 33/13/94
f 24/41/95 25/10/96 31/11/97 34/14/98
f 30/73/99 23/74/100 36/32/101 35/31/102
f 23/74/103 12/75/104 37/33/105 36/32/106
f 12/75/107 2/76/108 38/34/109 37/33/110
f 2/76/111 30/73/112 35/31/113 38/34/114
f 7/56/115 19/55/116 40/50/117 39/49/118
f 19/55/119 18/46/120 41/51/121 40/50/122
f 18/46/123 13/45/124 42/52/125 41/51/126
f 13/45/127 7/56/128 39/49/129 42/52/130
f 9/77/131 17/70/132 43/60/133 44/59/134
f 17/70/135 22/69/136 45/61/137 43/60/138
f 22/69/139 1/78/140 46/62/141 45/61/142
f 1/78/143 9/77/144 44/59/145 46/62/146
s 2
f 59/79/147 60/80/148 61/81/149 62/82/150
s 3
f 94/113/76 47/66/75 26/8/9 93/112/12
s 9
f 49/63/71 48/65/74 25/10/151 24/41/47
f 73/64/72 49/63/71 24/41/47 72/44/50
f 51/72/82 50/71/81 23/74/152 30/73/153
s 1
f 52/68/78 86/104/77 87/105/1 29/4/4
s 2
f 64/83/154 63/84/155 65/85/156 66/86/157
s 15
f 59/79/158 82/100/159 83/101/160 60/80/161
s 2
f 27/5/5 26/8/8 54/89/162 53/90/163
f 26/8/8 47/66/164 55/91/165 54/89/162
f 52/68/166 29/4/29 57/92/167 56/93/168
f 29/4/29 28/28/32 58/94/169 57/92/167
f 69/37/43 27/5/5 53/90/163 68/95/170
f 54/89/162 55/91/165 62/82/150 61/81/149
f 56/93/168 57/92/167 65/85/156 63/84/155
f 58/94/169 81/99/171 65/85/156 57/92/167
f 53/90/163 84/102/172 78/96/173 68/95/170
f 28/28/32 69/37/43 68/95/170 58/94/169
f 28/28/32 11/27/31 70/38/44 69/37/43
s 4
f 89/107/34 90/108/45 70/40/46 11/30/35
s 9
f 72/44/50 71/43/49 12/75/174 23/74/152
f 50/71/81 73/64/72 72/44/50 23/74/152
f 74/47/53 73/64/72 50/71/81 17/70/80
f 75/48/54 74/47/53 17/70/80 9/77/175
s 5
f 76/36/42 98/118/41 99/119/25 10/26/28
s 15
f 67/88/176 77/87/177 79/97/178 80/98/179
s 2
f 60/80/180 83/101/181 84/102/172 61/81/149
f 80/98/182 81/99/171 78/96/173 67/88/183
s 15
f 80/98/179 79/97/178 64/83/184 66/86/185
s 2
f 66/86/186 65/85/156 81/99/171 80/98/182
s 15
f 82/100/159 77/87/177 67/88/176 83/101/160
s 2
f 84/102/172 83/101/181 67/88/183 78/96/173
f 78/96/173 81/99/171 58/94/169 68/95/170
f 61/81/149 84/102/172 53/90/163 54/89/162
s 1
f 22/57/187 51/67/188 86/104/77 85/103/64
f 87/105/1 86/104/77 51/67/188 30/1/189
f 30/1/189 2/2/190 88/106/2 87/105/1
s 4
f 2/2/191 12/29/192 89/107/34 88/106/33
f 12/29/192 71/39/193 90/108/45 89/107/34
f 71/39/193 16/15/194 91/109/17 90/108/45
f 16/15/194 8/16/195 92/111/18 91/109/17
s 3
f 93/112/12 92/110/11 8/9/196 25/10/197
f 48/65/198 94/113/76 93/112/12 25/10/197
f 95/114/61 94/113/76 48/65/198 19/55/199
f 96/116/62 95/114/61 19/55/199 7/56/200
s 5
f 7/19/201 13/20/202 97/117/22 96/115/21
f 13/20/202 75/35/203 98/118/41 97/117/22
f 99/119/25 98/118/41 75/35/203 9/23/204
f 9/23/204 1/24/205 100/120/26 99/119/25
s 1
f 1/24/206 22/57/187 85/103/64 100/120/63
g default
v 7.717949 0.375756 2.184577
v 7.643353 0.375756 2.198823
v 7.621170 0.375756 2.266978
v 7.605459 0.375756 2.522602
v 7.643353 0.375756 2.846381
v 7.717949 0.375756 2.860626
v 7.621170 0.375756 2.778226
v 8.163762 0.375756 2.184577
v 8.163762 0.375756 2.860626
v 8.163762 0.417000 2.228691
v 8.163762 0.417000 2.816513
v 8.163762 0.754261 2.323661
v 8.163762 0.505625 2.292385
v 8.163762 0.505625 2.752819
v 8.163762 0.754261 2.721542
v 8.163762 0.754261 2.522602
v 7.599130 0.423741 2.284757
v 7.689719 0.423741 2.284757
v 7.689719 0.413405 2.202795
v 7.621314 0.413405 2.216273
v 7.583419 0.423741 2.522601
v 7.689719 0.423741 2.522602
v 7.621314 0.413405 2.828930
v 7.689719 0.413405 2.842408
v 7.689719 0.423741 2.760447
v 7.599130 0.423741 2.760447
v 8.090172 0.423741 2.284757
v 8.106848 0.413405 2.202795
v 8.066130 0.423741 2.522602
v 8.106848 0.413405 2.842408
v 8.090172 0.423741 2.760447
v 8.098536 0.438090 2.313377
v 8.106848 0.438090 2.249133
v 8.106848 0.438090 2.796071
v 8.098536 0.438090 2.731827
v 8.071060 0.438090 2.522602
v 8.106848 0.724326 2.337498
v 8.106848 0.505625 2.308397
v 8.106848 0.505625 2.736806
v 8.106848 0.724326 2.707706
v 8.080730 0.702287 2.522602
v 7.683562 0.356674 2.220290
v 7.753211 0.356674 2.206989
v 7.662849 0.356674 2.283926
v 7.648180 0.356674 2.522602
v 7.683562 0.356674 2.824913
v 7.753211 0.356674 2.838215
v 7.662849 0.356674 2.761277
v 8.171680 0.356674 2.206989
v 8.171680 0.356674 2.838215
v 8.171680 0.395183 2.248178
v 8.171680 0.395183 2.797026
v 8.171680 0.710083 2.336852
v 8.171680 0.505625 2.307649
v 8.171680 0.505625 2.737555
v 8.171680 0.710083 2.708352
v 8.171680 0.710083 2.522602
v 8.128446 0.754535 2.323893
v 8.115387 0.745538 2.522602
v 8.128446 0.754535 2.721311
v 8.128446 0.505625 2.752551
v 8.128446 0.429147 2.816171
v 8.128446 0.391444 2.860849
v 7.696974 0.389422 2.849467
v 7.615850 0.389422 2.835691
v 7.593666 0.389422 2.769336
v 7.577955 0.389422 2.522602
v 7.593666 0.389422 2.275867
v 7.615850 0.389422 2.209512
v 7.696974 0.389422 2.195737
v 8.128446 0.391444 2.184354
v 8.128446 0.429147 2.229033
v 8.128446 0.505625 2.292653
v 8.073430 0.505625 2.522602
v 8.163762 0.754261 2.443689
v 8.163762 0.754261 2.601514
v 8.093789 0.713306 2.401918
v 8.093789 0.713306 2.643285
v 8.171680 0.710083 2.448921
v 8.171680 0.710083 2.596282
v 8.121916 0.750036 2.393048
v 8.121916 0.750036 2.652156
v 8.090139 0.505625 2.382945
v 8.090139 0.505625 2.662258
v 8.171680 0.591420 2.332052
v 8.163762 0.591420 2.318521
v 8.128446 0.591420 2.318758
v 8.106848 0.591420 2.332714
v 8.091624 0.591420 2.398799
v 8.076399 0.591420 2.522602
v 8.091624 0.591420 2.646404
v 8.106848 0.591420 2.712489
v 8.128446 0.591420 2.726446
v 8.163762 0.591420 2.726683
v 8.171680 0.591420 2.713152
vt 0.375000 0.416667
vt 0.458333 0.416667
vt 0.458333 0.500000
vt 0.375000 0.500000
vt 0.375000 0.375000
vt 0.458333 0.375000
vt 0.375000 0.250000
vt 0.458333 0.250000
vt 0.458333 0.333333
vt 0.375000 0.333333
vt 0.528930 0.416667
vt 0.528930 0.500000
vt 0.528930 0.375000
vt 0.528930 0.250000
vt 0.528930 0.333333
vt 0.528930 0.416667
vt 0.528930 0.500000
vt 0.528930 0.250000
vt 0.528930 0.333333
vt 0.528930 0.375000
vt 0.528930 0.416667
vt 0.528930 0.500000
vt 0.528930 0.250000
vt 0.528930 0.333333
vt 0.528930 0.375000
vt 0.458333 0.500000
vt 0.375000 0.500000
vt 0.375000 0.416667
vt 0.375000 0.375000
vt 0.375000 0.250000
vt 0.458333 0.250000
vt 0.375000 0.333333
vt 0.528930 0.500000
vt 0.528930 0.250000
vt 0.528930 0.500000
vt 0.528930 0.250000
vt 0.528930 0.416667
vt 0.528930 0.500000
vt 0.528930 0.250000
vt 0.528930 0.333333
vt 0.528930 0.375000
vt 0.000000 0.000000
vt 1.000000 0.000000
vt 1.000000 1.000000
vt 0.000000 1.000000
vt 0.000000 0.000000
vt 1.000000 0.000000
vt 1.000000 1.000000
vt 0.000000 1.000000
vt 0.000000 0.000000
vt 1.000000 0.000000
vt 1.000000 1.000000
vt 0.000000 1.000000
vt 0.000000 0.000000
vt 1.000000 0.000000
vt 1.000000 1.000000
vt 0.000000 1.000000
vt 0.000000 0.000000
vt 1.000000 0.000000
vt 1.000000 1.000000
vt 0.000000 1.000000
vt 0.000000 0.000000
vt 1.000000 0.000000
vt 1.000000 1.000000
vt 0.000000 1.000000
vt 0.000000 0.000000
vt 1.000000 0.000000
vt 1.000000 1.000000
vt 0.000000 1.000000
vt 0.000000 0.000000
vt 1.000000 0.000000
vt 1.000000 1.000000
vt 0.000000 1.000000
vt 0.000000 0.000000
vt 1.000000 0.000000
vt 1.000000 1.000000
vt 0.000000 1.000000
vt 0.000000 0.000000
vt 1.000000 0.000000
vt 1.000000 1.000000
vt 0.000000 1.000000
vt 0.000000 0.000000
vt 1.000000 0.000000
vt 1.000000 1.000000
vt 0.000000 1.000000
vt 0.000000 0.000000
vt 1.000000 0.000000
vt 1.000000 1.000000
vt 0.000000 1.000000
vt 0.000000 0.000000
vt 1.000000 0.000000
vt 1.000000 1.000000
vt 0.000000 1.000000
vt 0.000000 0.000000
vt 1.000000 0.000000
vt 1.000000 1.000000
vt 0.000000 1.000000
vt 0.000000 0.000000
vt 1.000000 0.000000
vt 1.000000 1.000000
vt 0.000000 1.000000
vt 0.000000 0.000000
vt 1.000000 0.000000
vt 1.000000 1.000000
vt 0.000000 1.000000
vt 0.528930 0.416667
vt 0.528930 0.375000
vt 0.528930 0.333333
vt 0.528930 0.250000
vt 0.528930 0.250000
vt 0.528930 0.250000
vt 0.458333 0.250000
vt 0.375000 0.250000
vt 0.375000 0.333333
vt 0.375000 0.375000
vt 0.375000 0.416667
vt 0.375000 0.500000
vt 0.458333 0.500000
vt 0.528930 0.500000
vt 0.528930 0.500000
vt 0.528930 0.500000
vt 0.528930 0.375000
vt 0.528930 0.395833
vt 0.500000 0.000000
vt 0.528930 0.354167
vt 0.500000 0.000000
vt 0.528930 0.395833
vt 0.528930 0.354167
vt 0.500000 1.000000
vt 0.500000 1.000000
vt 0.528930 0.395833
vt 0.528930 0.354167
vt 0.528930 0.437500
vt 0.528930 0.312500
vt 0.406709 1.000000
vt 0.528930 0.466108
vt 0.406709 0.000000
vt 0.528930 0.466108
vt 0.528930 0.466108
vt 0.528930 0.420554
vt 0.528930 0.375000
vt 0.528930 0.329446
vt 0.528930 0.283892
vt 0.528930 0.283892
vt 0.528930 0.283892
vt 0.593291 0.000000
vt 0.593291 1.000000
vn -0.318802 0.946298 -0.053725
vn -0.000449 0.999472 -0.032498
vn -0.011804 0.941086 -0.337962
vn -0.280211 0.883401 -0.375612
vn -0.329582 0.944127 -0.000000
vn -0.000000 1.000000 -0.000000
vn -0.280211 0.883401 0.375612
vn -0.011804 0.941086 0.337961
vn -0.000449 0.999472 0.032498
vn -0.318802 0.946298 0.053725
vn -0.028945 0.998693 -0.042135
vn -0.011457 0.911876 -0.410307
vn -0.031824 0.999493 0.000000
vn -0.011458 0.911876 0.410306
vn -0.028945 0.998693 0.042135
vn -0.970747 0.195528 -0.139352
vn -0.783992 0.455051 -0.422238
vn -0.783992 0.455052 0.422237
vn -0.970747 0.195528 0.139352
vn -0.990179 0.139804 0.000000
vn -0.868248 0.156952 -0.470649
vn -0.908878 0.057899 -0.413024
vn -0.987886 0.032946 -0.151642
vn -0.971419 0.201812 -0.124964
vn -0.987886 0.032945 0.151642
vn -0.971419 0.201812 0.124964
vn -0.982404 0.186767 -0.000000
vn -0.999461 0.032844 -0.000000
vn -0.034362 -0.304426 -0.951916
vn -0.380455 -0.766448 -0.517505
vn -0.708888 -0.182338 -0.681345
vn -0.039445 0.425463 -0.904116
vn -0.422920 -0.904413 -0.056358
vn -0.886133 -0.451670 -0.103738
vn -0.424676 -0.905345 0.000000
vn -0.910874 -0.412684 0.000000
vn -0.380456 -0.766448 0.517505
vn -0.034363 -0.304424 0.951917
vn -0.039445 0.425465 0.904115
vn -0.708888 -0.182337 0.681344
vn -0.422920 -0.904413 0.056358
vn -0.886133 -0.451670 0.103738
vn 0.163562 -0.514199 -0.841930
vn 0.030239 0.455581 -0.889681
vn 0.163562 -0.514198 0.841931
vn 0.030238 0.455583 0.889679
vn 0.643975 0.504774 -0.574891
vn 0.061017 0.681816 -0.728974
vn 0.643974 0.504774 0.574892
vn 0.061014 0.681817 0.728974
vn 0.520836 0.536291 -0.664170
vn 0.290416 0.121482 -0.949158
vn -0.242345 0.123342 -0.962318
vn -0.281868 0.609709 -0.740814
vn 0.455395 0.413510 -0.788432
vn -0.184440 0.473234 -0.861413
vn 0.455394 0.413511 0.788432
vn -0.184444 0.473235 0.861411
vn 0.290412 0.121482 0.949159
vn 0.520835 0.536291 0.664171
vn -0.281871 0.609710 0.740812
vn -0.242351 0.123341 0.962317
vn -0.502246 0.864682 -0.008602
vn 0.565576 0.824602 0.012434
vn -0.502246 0.864682 0.008602
vn 0.565576 0.824602 -0.012434
vn 0.439792 0.898099 0.000000
vn -0.564864 0.825184 0.000000
vn -0.008937 -0.768264 -0.640070
vn -0.250868 -0.907530 -0.336829
vn -0.401198 -0.914956 -0.043540
vn -0.407839 -0.913054 0.000000
vn -0.250869 -0.907530 0.336829
vn -0.008937 -0.768264 0.640070
vn -0.401198 -0.914956 0.043540
vn 0.097165 -0.740589 -0.664896
vn 0.097165 -0.740589 0.664896
vn 0.957000 0.190809 -0.218503
vn 0.957000 0.190809 0.218504
vn 0.969620 0.111836 -0.217552
vn 0.872177 0.062079 -0.485235
vn 0.909931 0.170023 -0.378310
vn 0.909931 0.170022 0.378310
vn 0.872177 0.062078 0.485235
vn 0.969620 0.111836 0.217552
vn 0.984315 0.176422 0.000000
vn 0.984315 0.176422 0.000000
vn 0.984315 0.176422 0.000000
vn -0.868249 0.156951 0.470648
vn -0.908878 0.057899 0.413024
vn -0.910134 0.179430 0.373445
vn -0.910134 0.179430 -0.373446
vn -0.988420 0.040661 -0.146192
vn -0.988420 0.040661 0.146192
vn -0.999588 0.028693 0.000000
s 1
g pCube145 polySurface4
usemtl initialShadingGroup
f 117/148/207 118/122/208 119/146/209 120/147/210
f 121/149/211 122/126/212 118/122/208 117/148/207
f 123/150/213 124/151/214 125/129/215 126/152/216
f 118/122/208 127/131/217 128/153/218 119/146/209
f 122/126/212 129/133/219 127/131/217 118/122/208
f 124/151/214 130/154/220 131/135/221 125/129/215
f 128/153/218 127/131/217 132/136/222 133/155/223
f 131/135/221 130/154/220 134/156/224 135/139/225
f 127/131/217 129/133/219 136/140/226 132/136/222
f 137/157/227 188/259/228 189/260/229 177/247/230
f 126/152/216 125/129/215 122/126/212 121/149/211
f 125/129/215 131/135/221 129/133/219 122/126/212
f 136/140/226 129/133/219 131/135/221 135/139/225
f 191/262/231 178/248/232 141/161/233 190/261/234
f 101/123/235 102/124/236 169/237/237 170/238/238
f 102/124/236 103/121/239 168/236/240 169/237/237
f 103/121/239 104/125/241 167/235/242 168/236/240
f 105/127/243 106/128/244 164/232/245 165/233/246
f 107/130/247 105/127/243 165/233/246 166/234/248
f 108/132/249 101/123/235 170/238/238 171/239/250
f 106/128/244 109/134/251 163/231/252 164/232/245
f 110/137/253 108/132/249 171/239/250 172/240/254
f 109/134/251 111/138/255 162/230/256 163/231/252
f 112/141/257 186/256/258 187/258/259 158/226/260
f 113/142/261 110/137/253 172/240/254 173/241/262
f 111/138/255 114/143/263 161/229/264 162/230/256
f 194/265/265 115/144/266 160/228/267 193/264/268
f 181/251/269 175/243/270 112/141/257 158/226/260
f 104/125/241 107/130/247 166/234/248 167/235/242
f 182/252/271 176/245/272 116/145/273 159/227/274
f 102/162/236 101/163/235 143/164/275 142/165/276
f 103/166/239 102/167/236 142/168/276 144/169/277
f 104/170/241 103/171/239 144/172/277 145/173/278
f 106/174/244 105/175/243 146/176/279 147/177/280
f 105/178/243 107/179/247 148/180/281 146/181/279
f 101/182/235 108/183/249 149/184/282 143/185/275
f 109/186/251 106/187/244 147/188/280 150/189/283
f 108/190/249 110/191/253 151/192/284 149/193/282
f 111/194/255 109/195/251 150/196/283 152/197/285
f 186/257/258 112/199/257 153/200/286 185/255/287
f 110/202/253 113/203/261 154/204/288 151/205/284
f 114/206/263 111/207/255 152/208/285 155/209/289
f 115/210/266 194/266/265 195/267/290 156/213/291
f 112/214/257 175/244/270 179/249/292 153/217/286
f 107/218/247 104/219/241 145/220/278 148/221/281
f 116/222/273 176/246/272 180/250/293 157/225/294
f 177/247/230 181/251/269 158/226/260 137/157/227
f 178/248/232 182/252/271 159/227/274 141/161/233
f 193/264/268 160/228/267 140/160/295 192/263/296
f 162/230/256 161/229/264 139/159/297 134/156/224
f 163/231/252 162/230/256 134/156/224 130/154/220
f 164/232/245 163/231/252 130/154/220 124/151/214
f 165/233/246 164/232/245 124/151/214 123/150/213
f 166/234/248 165/233/246 123/150/213 126/152/216
f 167/235/242 166/234/248 126/152/216 121/149/211
f 168/236/240 167/235/242 121/149/211 117/148/207
f 169/237/237 168/236/240 117/148/207 120/147/210
f 170/238/238 169/237/237 120/147/210 119/146/209
f 171/239/250 170/238/238 119/146/209 128/153/218
f 172/240/254 171/239/250 128/153/218 133/155/223
f 173/241/262 172/240/254 133/155/223 138/158/298
f 158/226/260 187/258/259 188/259/228 137/157/227
f 132/136/222 183/253/299 138/158/298 133/155/223
f 135/139/225 184/254/300 174/242/301 136/140/226
f 139/159/297 184/254/300 135/139/225 134/156/224
f 140/160/295 178/248/232 191/262/231 192/263/296
f 160/228/267 182/252/271 178/248/232 140/160/295
f 115/144/266 176/245/272 182/252/271 160/228/267
f 180/250/293 176/246/272 115/223/266 156/224/291
f 174/242/301 183/253/299 132/136/222 136/140/226
f 177/247/230 189/260/229 190/261/234 141/161/233
f 159/227/274 181/251/269 177/247/230 141/161/233
f 116/145/273 175/243/270 181/251/269 159/227/274
f 179/249/292 175/244/270 116/215/273 157/216/294
f 113/198/261 186/257/258 185/255/287 154/201/288
f 187/258/259 186/256/258 113/142/261 173/241/262
f 188/259/228 187/258/259 173/241/262 138/158/298
f 189/260/229 188/259/228 138/158/298 183/253/299
f 190/261/234 189/260/229 183/253/299 174/242/301
f 184/254/300 191/262/231 190/261/234 174/242/301
f 192/263/296 191/262/231 184/254/300 139/159/297
f 161/229/264 193/264/268 192/263/296 139/159/297
f 114/143/263 194/265/265 193/264/268 161/229/264
f 195/267/290 194/266/265 114/211/263 155/212/289
g default
v 4.509812 0.875652 2.199880
v 4.505756 0.875652 2.198200
v 4.501700 0.875652 2.199880
v 4.500020 0.875652 2.203936
v 4.501700 0.875652 2.207992
v 4.505756 0.875652 2.209672
v 4.509812 0.875652 2.207992
v 4.511492 0.875652 2.203936
v 4.509812 1.057797 2.199880
v 4.505756 1.057797 2.198200
v 4.501700 1.057797 2.199880
v 4.500020 1.057797 2.203936
v 4.501700 1.057797 2.207992
v 4.505756 1.057797 2.209672
v 4.509812 1.057797 2.207992
v 4.511492 1.057797 2.203936
v 4.505756 0.875652 2.203936
v 4.505756 1.057797 2.203936
vt 0.610485 0.045765
vt 0.500000 0.000000
vt 0.389515 0.045765
vt 0.343750 0.156250
vt 0.389515 0.266735
vt 0.500000 0.312500
vt 0.610485 0.266735
vt 0.656250 0.156250
vt 0.375000 0.312500
vt 0.406250 0.312500
vt 0.437500 0.312500
vt 0.468750 0.312500
vt 0.500000 0.312500
vt 0.531250 0.312500
vt 0.562500 0.312500
vt 0.593750 0.312500
vt 0.625000 0.312500
vt 0.375000 0.688440
vt 0.406250 0.688440
vt 0.437500 0.688440
vt 0.468750 0.688440
vt 0.500000 0.688440
vt 0.531250 0.688440
vt 0.562500 0.688440
vt 0.593750 0.688440
vt 0.625000 0.688440
vt 0.610485 0.733265
vt 0.500000 0.687500
vt 0.389515 0.733265
vt 0.343750 0.843750
vt 0.389515 0.954235
vt 0.500000 1.000000
vt 0.610485 0.954235
vt 0.656250 0.843750
vt 0.500000 0.150000
vt 0.500000 0.837500
vn 0.382682 0.000000 -0.923880
vn 0.382682 0.000000 -0.923880
vn 0.382682 0.000000 -0.923880
vn 0.382682 0.000000 -0.923880
vn -0.382682 0.000000 -0.923880
vn -0.382682 0.000000 -0.923880
vn -0.382682 0.000000 -0.923880
vn -0.382682 0.000000 -0.923880
vn -0.923895 0.000000 -0.382645
vn -0.923895 0.000000 -0.382645
vn -0.923895 0.000000 -0.382645
vn -0.923895 0.000000 -0.382645
vn -0.923890 0.000000 0.382659
vn -0.923890 0.000000 0.382659
vn -0.923890 0.000000 0.382659
vn -0.923890 0.000000 0.382659
vn -0.382714 0.000000 0.923867
vn -0.382714 0.000000 0.923867
vn -0.382714 0.000000 0.923867
vn -0.382714 0.000000 0.923867
vn 0.382714 0.000000 0.923867
vn 0.382714 0.000000 0.923867
vn 0.382714 0.000000 0.923867
vn 0.382714 0.000000 0.923867
vn 0.923890 0.000000 0.382659
vn 0.923890 0.000000 0.382659
vn 0.923890 0.000000 0.382659
vn 0.923890 0.000000 0.382659
vn 0.923895 0.000000 -0.382645
vn 0.923895 0.000000 -0.382645
vn 0.923895 0.000000 -0.382645
vn 0.923895 0.000000 -0.382645
vn 0.000000 -1.000000 0.000000
vn 0.000000 -1.000000 0.000000
vn 0.000000 -1.000000 0.000000
vn 0.000000 -1.000000 0.000000
vn 0.000000 -1.000000 0.000000
vn 0.000000 -1.000000 0.000000
vn 0.000000 -1.000000 0.000000
vn 0.000000 -1.000000 0.000000
vn 0.000000 -1.000000 0.000000
vn 0.000000 1.000000 0.000000
vn 0.000000 1.000000 0.000000
vn 0.000000 1.000000 0.000000
vn 0.000000 1.000000 0.000000
vn 0.000000 1.000000 0.000000
vn 0.000000 1.000000 0.000000
vn 0.000000 1.000000 0.000000
vn 0.000000 1.000000 0.000000
vn 0.000000 1.000000 0.000000
s off
g pCylinder22
usemtl initialShadingGroup
f 196/276/302 197/277/303 205/286/304 204/285/305
f 197/277/306 198/278/307 206/287/308 205/286/309
f 198/278/310 199/279/311 207/288/312 206/287/313
f 199/279/314 200/280/315 208/289/316 207/288/317
f 200/280/318 201/281/319 209/290/320 208/289/321
f 201/281/322 202/282/323 210/291/324 209/290/325
f 202/282/326 203/283/327 211/292/328 210/291/329
f 203/283/330 196/284/331 204/293/332 211/292/333
s 1
f 197/269/334 196/268/335 212/302/336
f 198/270/337 197/269/334 212/302/336
f 199/271/338 198/270/337 212/302/336
f 200/272/339 199/271/338 212/302/336
f 201/273/340 200/272/339 212/302/336
f 202/274/341 201/273/340 212/302/336
f 203/275/342 202/274/341 212/302/336
f 196/268/335 203/275/342 212/302/336
s 2
f 204/300/343 205/299/344 213/303/345
f 205/299/344 206/298/346 213/303/345
f 206/298/346 207/297/347 213/303/345
f 207/297/347 208/296/348 213/303/345
f 208/296/348 209/295/349 213/303/345
f 209/295/349 210/294/350 213/303/345
f 210/294/350 211/301/351 213/303/345
f 211/301/351 204/300/343 213/303/345
g default
v 3.415662 0.885899 2.207410
v 4.500312 0.885899 2.207410
v 3.415662 1.047572 2.207410
v 4.500312 1.047572 2.207410
v 3.415662 1.047572 2.194618
v 4.500312 1.047572 2.194618
v 3.415662 0.885899 2.194618
v 4.500312 0.885899 2.194618
v 3.424814 0.900296 2.207410
v 4.491160 0.900296 2.207410
v 4.491160 1.033175 2.207410
v 3.424814 1.033175 2.207410
v 3.424814 1.033175 2.194618
v 4.491160 1.033175 2.194618
v 4.491160 0.900296 2.194618
v 3.424814 0.900296 2.194618
v 4.224574 1.039315 2.205720
v 4.229149 1.053712 2.205720
v 4.229149 1.053712 2.192928
v 4.224574 1.039315 2.192928
v 4.224574 0.906436 2.192928
v 4.229149 0.892039 2.192928
v 4.229149 0.892039 2.205720
v 4.224574 0.906436 2.205720
v 3.957987 1.032946 2.212567
v 3.957987 1.047342 2.212567
v 3.957987 1.047342 2.199775
v 3.957987 1.032946 2.199775
v 3.957987 0.900067 2.199775
v 3.957987 0.885670 2.199775
v 3.957987 0.885670 2.212567
v 3.957987 0.900067 2.212567
v 3.691400 1.035959 2.207410
v 3.686825 1.050355 2.207410
v 3.686825 1.050355 2.194618
v 3.691400 1.035959 2.194618
v 3.691400 0.903080 2.194618
v 3.686825 0.888682 2.194618
v 3.686825 0.888682 2.207410
v 3.691400 0.903080 2.207410
vt 0.375000 0.000000
vt 0.625000 0.000000
vt 0.375000 0.250000
vt 0.625000 0.250000
vt 0.375000 0.500000
vt 0.625000 0.500000
vt 0.375000 0.750000
vt 0.625000 0.750000
vt 0.375000 1.000000
vt 0.625000 1.000000
vt 0.875000 0.000000
vt 0.875000 0.250000
vt 0.125000 0.000000
vt 0.125000 0.250000
vt 0.375000 0.000000
vt 0.625000 0.000000
vt 0.625000 0.250000
vt 0.375000 0.250000
vt 0.375000 0.500000
vt 0.625000 0.500000
vt 0.625000 0.750000
vt 0.375000 0.750000
vt 0.562500 0.250000
vt 0.562500 0.250000
vt 0.562500 0.500000
vt 0.562500 0.500000
vt 0.562500 0.750000
vt 0.562500 0.750000
vt 0.562500 0.000000
vt 0.562500 1.000000
vt 0.562500 0.000000
vt 0.500000 0.250000
vt 0.500000 0.250000
vt 0.500000 0.500000
vt 0.500000 0.500000
vt 0.500000 0.750000
vt 0.500000 0.750000
vt 0.500000 0.000000
vt 0.500000 1.000000
vt 0.500000 0.000000
vt 0.437500 0.250000
vt 0.437500 0.250000
vt 0.437500 0.500000
vt 0.437500 0.500000
vt 0.437500 0.750000
vt 0.437500 0.750000
vt 0.437500 0.000000
vt 0.437500 1.000000
vt 0.437500 0.000000
vn 0.000000 0.000000 1.000000
vn -0.009674 0.000000 0.999953
vn -0.009669 0.000000 0.999953
vn 0.000000 0.000000 1.000000
vn -0.010264 0.999947 0.000000
vn 0.000487 1.000000 0.000000
vn 0.000358 1.000000 0.000000
vn -0.010264 0.999947 0.000000
vn 0.000000 0.000000 -1.000000
vn 0.009669 0.000000 -0.999953
vn 0.009674 0.000000 -0.999953
vn 0.000000 0.000000 -1.000000
vn 0.010264 -0.999947 0.000000
vn -0.000358 -1.000000 0.000000
vn -0.000487 -1.000000 0.000000
vn 0.010264 -0.999947 0.000000
vn 1.000000 0.000000 0.000000
vn 1.000000 0.000000 0.000000
vn 1.000000 0.000000 0.000000
vn 1.000000 0.000000 0.000000
vn -1.000000 0.000000 0.000000
vn -1.000000 0.000000 0.000000
vn -1.000000 0.000000 0.000000
vn -1.000000 0.000000 0.000000
vn 0.000000 0.000000 1.000000
vn -0.007743 0.001230 0.999969
vn -0.011488 0.001826 0.999932
vn 0.000000 0.000000 1.000000
vn -0.000006 0.000000 1.000000
vn -0.000006 0.000000 1.000000
vn -0.000006 0.000000 1.000000
vn -0.000006 0.000000 1.000000
vn -0.007678 -0.001220 0.999970
vn 0.000000 0.000000 1.000000
vn 0.000000 0.000000 1.000000
vn -0.011447 -0.001819 0.999933
vn -0.000003 0.000000 1.000000
vn -0.000003 0.000000 1.000000
vn -0.000003 0.000000 1.000000
vn -0.000003 0.000000 1.000000
vn 0.000000 0.000000 -1.000000
vn 0.007678 0.001220 -0.999970
vn 0.011446 0.001819 -0.999933
vn 0.000000 0.000000 -1.000000
vn -0.000011 0.000000 -1.000000
vn -0.000011 0.000000 -1.000000
vn -0.000011 0.000000 -1.000000
vn -0.000011 0.000000 -1.000000
vn 0.007744 -0.001230 -0.999969
vn 0.000000 0.000000 -1.000000
vn 0.000000 0.000000 -1.000000
vn 0.011488 -0.001826 -0.999932
vn 0.000017 0.000000 -1.000000
vn 0.000017 0.000000 -1.000000
vn 0.000017 0.000000 -1.000000
vn 0.000017 0.000000 -1.000000
vn -0.006219 0.002965 0.999976
vn 0.006397 0.000175 0.999979
vn 0.012630 -0.001203 0.999920
vn -0.006219 0.002965 0.999976
vn -0.000282 1.000000 0.000000
vn -0.000562 1.000000 0.000000
vn 0.022636 0.999744 0.000000
vn 0.022636 0.999744 0.000000
vn -0.012630 0.001203 -0.999920
vn -0.006397 -0.000175 -0.999980
vn 0.006219 -0.002965 -0.999976
vn 0.006219 -0.002965 -0.999976
vn -0.009676 0.000000 -0.999953
vn -0.009667 0.000000 -0.999953
vn 0.006341 0.000000 -0.999980
vn 0.006341 0.000000 -0.999980
vn 0.006356 0.003030 -0.999975
vn -0.006562 0.000155 -0.999978
vn -0.012768 -0.001227 -0.999918
vn 0.006356 0.003030 -0.999975
vn 0.000561 -1.000000 0.000000
vn 0.000282 -1.000000 0.000000
vn -0.022636 -0.999744 0.000000
vn -0.022636 -0.999744 0.000000
vn 0.012767 0.001227 0.999918
vn 0.006561 -0.000155 0.999979
vn -0.006356 -0.003030 0.999975
vn -0.006356 -0.003030 0.999975
vn 0.009667 0.000000 0.999953
vn 0.009676 0.000000 0.999953
vn -0.006341 0.000000 0.999980
vn -0.006341 0.000000 0.999980
vn 0.003240 -0.003559 0.999988
vn 0.003062 -0.003555 0.999989
vn -0.006223 0.999981 0.000000
vn -0.006154 0.999981 0.000000
vn -0.003062 0.003555 -0.999989
vn -0.003240 0.003559 -0.999988
vn -0.003079 0.000000 -0.999995
vn -0.003260 0.000000 -0.999995
vn -0.003046 -0.003535 -0.999989
vn -0.003223 -0.003539 -0.999989
vn 0.006154 -0.999981 0.000000
vn 0.006223 -0.999981 0.000000
vn 0.003223 0.003539 0.999989
vn 0.003046 0.003535 0.999989
vn 0.003260 0.000000 0.999995
vn 0.003079 0.000000 0.999995
s 1
g pCube160
usemtl initialShadingGroup
f 222/318/352 253/352/353 246/344/354 225/321/355
s 2
f 216/306/356 247/345/357 248/346/358 218/308/359
s 3
f 226/322/360 249/347/361 250/348/362 229/325/363
s 4
f 220/310/364 251/349/365 252/351/366 214/312/367
s off
f 215/305/368 221/314/369 219/315/370 217/307/371
f 220/316/372 214/304/373 216/306/374 218/317/375
s 5
f 214/304/376 252/350/377 253/352/378 222/318/379
s off
f 215/305/380 217/307/381 224/320/382 223/319/383
s 6
f 247/345/384 216/306/385 225/321/386 246/344/387
s off
f 216/306/388 214/304/389 222/318/390 225/321/391
s 7
f 218/308/392 248/346/393 249/347/394 226/322/395
s off
f 219/309/396 221/311/397 228/324/398 227/323/399
s 8
f 251/349/400 220/310/401 229/325/402 250/348/403
s off
f 220/310/404 218/308/405 226/322/406 229/325/407
s 6
f 217/307/408 231/327/409 230/326/410 224/320/411
s 2
f 232/328/412 231/327/413 217/307/414 219/309/415
s 7
f 233/329/416 232/328/417 219/309/418 227/323/419
s 3
f 234/330/420 233/329/421 227/323/422 228/324/423
s 8
f 221/311/424 235/331/425 234/330/426 228/324/427
s 4
f 236/333/428 235/331/429 221/311/430 215/313/431
s 5
f 237/334/432 236/332/433 215/305/434 223/319/435
s 1
f 230/326/436 237/334/437 223/319/438 224/320/439
s 6
f 231/327/409 239/336/440 238/335/441 230/326/410
s 2
f 240/337/442 239/336/443 231/327/413 232/328/412
s 7
f 241/338/444 240/337/445 232/328/417 233/329/416
s 3
f 242/339/446 241/338/447 233/329/421 234/330/420
s 8
f 235/331/425 243/340/448 242/339/449 234/330/426
s 4
f 244/342/450 243/340/451 235/331/429 236/333/428
s 5
f 245/343/452 244/341/453 236/332/433 237/334/432
s 1
f 238/335/454 245/343/455 237/334/437 230/326/436
s 6
f 239/336/440 247/345/384 246/344/387 238/335/441
s 2
f 248/346/358 247/345/357 239/336/443 240/337/442
s 7
f 249/347/394 248/346/393 240/337/445 241/338/444
s 3
f 250/348/362 249/347/361 241/338/447 242/339/446
s 8
f 243/340/448 251/349/400 250/348/403 242/339/449
s 4
f 252/351/366 251/349/365 243/340/451 244/342/450
s 5
f 253/352/378 252/350/377 244/341/453 245/343/452
s 1
f 246/344/354 253/352/353 245/343/455 238/335/454
g default
v 3.374264 0.795462 3.291131
v 4.541700 0.795462 3.291131
v 3.374264 0.875978 3.291131
v 4.541700 0.875978 3.291131
v 3.374264 0.875978 1.111484
v 4.541700 0.875978 1.111484
v 3.374264 0.795462 1.111484
v 4.541700 0.795462 1.111484
v 4.541704 0.875978 1.195961
v 3.374267 0.875978 1.195961
v 3.374267 0.795462 1.195961
v 4.541704 0.795462 1.195961
v 4.541704 0.875978 3.206648
v 3.374267 0.875978 3.206648
v 3.374267 0.795462 3.206648
v 4.541704 0.795462 3.206648
v 3.458617 0.875978 3.291131
v 3.458617 0.795462 3.291131
v 3.458624 0.795462 3.206648
v 3.458624 0.795462 1.195961
v 3.458617 0.795462 1.111484
v 3.458617 0.875978 1.111484
v 4.457341 0.875978 3.291131
v 4.457341 0.795462 3.291131
v 4.457351 0.795462 3.206648
v 4.457351 0.795462 1.195961
v 4.457341 0.795462 1.111484
v 4.457341 0.875978 1.111484
v 4.541704 0.875978 2.239412
v 4.541704 0.795462 2.239412
v 4.457351 0.795462 2.239412
v 3.458624 0.795462 2.239412
v 3.374267 0.795462 2.239412
v 3.374267 0.875978 2.239412
v 4.541704 0.875978 2.163197
v 4.541704 0.795462 2.163197
v 4.457351 0.795462 2.163197
v 3.458624 0.795462 2.163197
v 3.374267 0.795462 2.163197
v 3.374267 0.875978 2.163197
v 4.457351 0.000000 3.206648
v 4.541704 0.000000 3.206648
v 4.541700 0.000000 3.291131
v 4.457341 0.000000 3.291131
v 4.457341 0.000000 1.111484
v 4.541700 0.000000 1.111484
v 4.541704 0.000000 1.195961
v 4.457351 0.000000 1.195961
v 3.374267 0.000000 3.206648
v 3.458624 0.000000 3.206648
v 3.458617 0.000000 3.291131
v 3.374264 0.000000 3.291131
v 3.374264 0.000000 1.111484
v 3.458617 0.000000 1.111484
v 3.458624 0.000000 1.195961
v 3.374267 0.000000 1.195961
v 4.541704 0.000000 2.163197
v 4.457351 0.000000 2.163197
v 4.541704 0.000000 2.239412
v 4.457351 0.000000 2.239412
v 3.458624 0.000000 2.163197
v 3.374267 0.000000 2.163197
v 3.458624 0.000000 2.239412
v 3.374267 0.000000 2.239412
v 4.431027 0.875978 3.256141
v 4.510942 0.875978 3.256141
v 4.510945 0.875978 3.174370
v 4.431037 0.875978 3.174370
v 4.510945 0.875978 1.228239
v 4.431037 0.875978 1.228239
v 4.510942 0.875978 1.146474
v 4.431027 0.875978 1.146474
v 4.431037 0.875978 2.164420
v 4.510945 0.875978 2.164420
v 3.405023 0.875978 3.256141
v 3.484931 0.875978 3.256141
v 3.484938 0.875978 3.174370
v 3.405025 0.875978 3.174370
v 3.484938 0.875978 1.228239
v 3.405025 0.875978 1.228239
v 3.484931 0.875978 1.146474
v 3.405023 0.875978 1.146474
v 3.405025 0.875978 2.164420
v 3.484938 0.875978 2.164420
v 4.431037 0.875978 2.238189
v 4.510945 0.875978 2.238189
v 3.484938 0.875978 2.238189
v 3.405025 0.875978 2.238189
v 3.957987 0.875978 2.238189
v 3.957987 0.875978 2.164420
v 3.957987 0.875978 1.228239
v 3.957979 0.875978 1.146474
v 3.957979 0.875978 1.111484
v 3.957979 0.795462 1.111484
v 3.957988 0.795462 1.195961
v 3.957988 0.795462 2.163197
v 3.957988 0.795462 2.239412
v 3.957988 0.795462 3.206648
v 3.957979 0.795462 3.291131
v 3.957979 0.875978 3.291131
v 3.957979 0.875978 3.256141
v 3.957987 0.875978 3.174370
v 4.457341 0.795462 3.323550
v 4.541700 0.795462 3.323550
v 4.541700 0.875978 3.323550
v 4.457341 0.875978 3.323550
v 3.374264 0.795462 3.323550
v 3.458617 0.795462 3.323550
v 3.458617 0.875978 3.323550
v 3.374264 0.875978 3.323550
v 3.957979 0.795462 3.323550
v 3.957979 0.875978 3.323550
v 4.457341 0.875978 1.079066
v 4.541700 0.875978 1.079066
v 4.541700 0.795462 1.079066
v 4.457341 0.795462 1.079066
v 3.374264 0.875978 1.079066
v 3.458617 0.875978 1.079066
v 3.458617 0.795462 1.079066
v 3.374264 0.795462 1.079066
v 3.957979 0.875978 1.079066
v 3.957979 0.795462 1.079066
v 4.565034 0.795462 3.206648
v 4.565030 0.795462 3.291131
v 4.565034 0.875978 3.206648
v 4.565030 0.875978 3.291131
v 4.565034 0.795462 1.195961
v 4.565034 0.875978 1.195961
v 4.565030 0.795462 1.111484
v 4.565030 0.875978 1.111484
v 4.565034 0.875978 2.163197
v 4.565034 0.795462 2.163197
v 4.565034 0.795462 2.239412
v 4.565034 0.875978 2.239412
v 3.350937 0.795462 3.206648
v 3.350934 0.795462 3.291131
v 3.350934 0.875978 3.291131
v 3.350937 0.875978 3.206648
v 3.350934 0.795462 1.111484
v 3.350937 0.795462 1.195961
v 3.350937 0.875978 1.195961
v 3.350934 0.875978 1.111484
v 3.350937 0.795462 2.163197
v 3.350937 0.875978 2.163197
v 3.350937 0.795462 2.239412
v 3.350937 0.875978 2.239412
v 4.565030 0.875978 3.314218
v 4.555699 0.875978 3.323550
v 4.565030 0.795462 3.314218
v 4.555699 0.795462 3.323550
v 4.565030 0.795462 1.088397
v 4.555699 0.795462 1.079066
v 4.565030 0.875978 1.088397
v 4.555699 0.875978 1.079066
v 3.350934 0.795462 3.314218
v 3.360265 0.795462 3.323550
v 3.350934 0.875978 3.314218
v 3.360265 0.875978 3.323550
v 3.350934 0.875978 1.088397
v 3.360265 0.875978 1.079066
v 3.350934 0.795462 1.088397
v 3.360265 0.795462 1.079066
v 4.541704 0.357962 3.206648
v 4.541704 0.437500 3.206648
v 4.457351 0.437500 3.206648
v 4.457351 0.357962 3.206648
v 4.457341 0.437500 3.291131
v 4.457341 0.357962 3.291131
v 4.541700 0.437500 3.291131
v 4.541700 0.357962 3.291131
v 4.541700 0.357962 1.111484
v 4.541700 0.437500 1.111484
v 4.457341 0.437500 1.111484
v 4.457341 0.357962 1.111484
v 4.457351 0.437500 1.195961
v 4.457351 0.357962 1.195961
v 4.541704 0.437500 1.195961
v 4.541704 0.357962 1.195961
v 3.458624 0.357962 3.206648
v 3.458624 0.437500 3.206648
v 3.374267 0.437500 3.206648
v 3.374267 0.357962 3.206648
v 3.374264 0.437500 3.291131
v 3.374264 0.357962 3.291131
v 3.458617 0.437500 3.291131
v 3.458617 0.357962 3.291131
v 3.458624 0.357962 1.195961
v 3.458624 0.437500 1.195961
v 3.458617 0.437500 1.111484
v 3.458617 0.357962 1.111484
v 3.374264 0.437500 1.111484
v 3.374264 0.357962 1.111484
v 3.374267 0.437500 1.195961
v 3.374267 0.357962 1.195961
v 4.457351 0.367400 3.216672
v 4.457351 0.428062 3.216672
v 4.457341 0.367400 3.281107
v 4.457341 0.428062 3.281107
v 4.457341 0.367400 1.121508
v 4.457341 0.428062 1.121508
v 4.457351 0.367400 1.185937
v 4.457351 0.428062 1.185937
v 3.458624 0.367400 3.216672
v 3.458624 0.428062 3.216672
v 3.458617 0.428062 3.281107
v 3.458617 0.367400 3.281107
v 3.458624 0.367400 1.185937
v 3.458624 0.428062 1.185937
v 3.458617 0.367400 1.121508
v 3.458617 0.428062 1.121508
vt 0.375000 0.000000
vt 0.625000 0.000000
vt 0.375000 0.250000
vt 0.625000 0.250000
vt 0.375000 0.500000
vt 0.625000 0.500000
vt 0.375000 0.750000
vt 0.625000 0.750000
vt 0.875000 0.000000
vt 0.875000 0.250000
vt 0.125000 0.000000
vt 0.125000 0.250000
vt 0.625000 0.416667
vt 0.791667 0.250000
vt 0.208333 0.250000
vt 0.375000 0.416667
vt 0.208333 0.000000
vt 0.791667 0.000000
vt 0.625000 0.333333
vt 0.708333 0.250000
vt 0.291667 0.250000
vt 0.375000 0.333333
vt 0.291667 0.000000
vt 0.708333 0.000000
vt 0.458333 0.333333
vt 0.458333 0.250000
vt 0.458333 0.000000
vt 0.458333 0.750000
vt 0.458333 0.500000
vt 0.458333 0.416667
vt 0.541667 0.333333
vt 0.541667 0.250000
vt 0.541667 0.000000
vt 0.541667 0.750000
vt 0.541667 0.500000
vt 0.541667 0.416667
vt 0.541667 0.361111
vt 0.625000 0.361111
vt 0.736111 0.250000
vt 0.625000 0.888889
vt 0.736111 0.000000
vt 0.541667 0.888889
vt 0.458333 0.888889
vt 0.263889 0.000000
vt 0.375000 0.888889
vt 0.263889 0.250000
vt 0.375000 0.361111
vt 0.458333 0.361111
vt 0.541667 0.388889
vt 0.625000 0.388889
vt 0.763889 0.250000
vt 0.625000 0.861111
vt 0.763889 0.000000
vt 0.541667 0.861111
vt 0.458333 0.861111
vt 0.236111 0.000000
vt 0.375000 0.861111
vt 0.236111 0.250000
vt 0.375000 0.388889
vt 0.458333 0.388889
vt 0.541667 0.861111
vt 0.625000 0.861111
vt 0.625000 0.888889
vt 0.541667 0.888889
vt 0.375000 0.861111
vt 0.458333 0.861111
vt 0.458333 0.888889
vt 0.375000 0.888889
vt 0.541667 0.250000
vt 0.625000 0.250000
vt 0.625000 0.333333
vt 0.625000 0.416667
vt 0.625000 0.500000
vt 0.541667 0.500000
vt 0.625000 0.388889
vt 0.375000 0.250000
vt 0.458333 0.250000
vt 0.375000 0.333333
vt 0.458333 0.500000
vt 0.375000 0.500000
vt 0.375000 0.416667
vt 0.375000 0.388889
vt 0.625000 0.361111
vt 0.375000 0.361111
vt 0.500000 0.361111
vt 0.500000 0.388889
vt 0.500000 0.416667
vt 0.500000 0.500000
vt 0.500000 0.500000
vt 0.500000 0.750000
vt 0.500000 0.833333
vt 0.500000 0.861111
vt 0.500000 0.888889
vt 0.500000 0.916667
vt 0.500000 0.000000
vt 0.500000 1.000000
vt 0.500000 0.250000
vt 0.500000 0.250000
vt 0.500000 0.333333
vt 0.541667 0.000000
vt 0.625000 0.000000
vt 0.625000 0.250000
vt 0.541667 0.250000
vt 0.541667 0.500000
vt 0.625000 0.500000
vt 0.625000 0.750000
vt 0.541667 0.750000
vt 0.375000 0.000000
vt 0.458333 0.000000
vt 0.458333 0.250000
vt 0.375000 0.250000
vt 0.375000 0.500000
vt 0.458333 0.500000
vt 0.458333 0.750000
vt 0.375000 0.750000
vt 0.500000 0.000000
vt 0.500000 0.250000
vt 0.500000 0.500000
vt 0.500000 0.750000
vt 0.625000 0.000000
vt 0.708333 0.000000
vt 0.708333 0.250000
vt 0.625000 0.250000
vt 0.291667 0.000000
vt 0.375000 0.000000
vt 0.375000 0.250000
vt 0.291667 0.250000
vt 0.125000 0.000000
vt 0.208333 0.000000
vt 0.208333 0.250000
vt 0.125000 0.250000
vt 0.791667 0.000000
vt 0.875000 0.000000
vt 0.875000 0.250000
vt 0.791667 0.250000
vt 0.236111 0.000000
vt 0.236111 0.250000
vt 0.763889 0.000000
vt 0.763889 0.250000
vt 0.736111 0.000000
vt 0.736111 0.250000
vt 0.263889 0.000000
vt 0.263889 0.250000
vt 0.625000 0.250000
vt 0.625000 0.000000
vt 0.541667 0.750000
vt 0.541667 0.750000
vt 0.625000 0.750000
vt 0.625000 0.750000
vt 0.763889 0.000000
vt 0.791667 0.000000
vt 0.791667 0.000000
vt 0.783671 0.000000
vt 0.763889 0.000000
vt 0.708333 0.000000
vt 0.736111 0.000000
vt 0.736111 0.000000
vt 0.716329 0.000000
vt 0.708333 0.000000
vt 0.736111 0.250000
vt 0.708333 0.250000
vt 0.708333 0.250000
vt 0.716329 0.250000
vt 0.736111 0.250000
vt 0.291667 0.250000
vt 0.263889 0.250000
vt 0.263889 0.250000
vt 0.283671 0.250000
vt 0.291667 0.250000
vt 0.375000 0.500000
vt 0.375000 0.500000
vt 0.375000 0.500000
vt 0.375000 0.500000
vt 0.375000 0.500000
vt 0.375000 0.750000
vt 0.375000 0.750000
vt 0.375000 0.750000
vt 0.458333 0.750000
vt 0.458333 0.750000
vt 0.500000 0.750000
vt 0.500000 0.750000
vt 0.625000 0.250000
vt 0.625000 0.250000
vt 0.791667 0.250000
vt 0.763889 0.250000
vt 0.763889 0.250000
vt 0.791667 0.250000
vt 0.375000 0.750000
vt 0.375000 0.500000
vt 0.375000 0.500000
vt 0.263889 0.000000
vt 0.291667 0.000000
vt 0.291667 0.000000
vt 0.263889 0.000000
vt 0.625000 0.750000
vt 0.541667 0.750000
vt 0.541667 0.750000
vt 0.375000 0.750000
vt 0.375000 0.750000
vt 0.458333 0.750000
vt 0.458333 0.750000
vt 0.500000 0.750000
vt 0.500000 0.750000
vt 0.625000 0.250000
vt 0.625000 0.000000
vt 0.625000 0.000000
vt 0.375000 0.500000
vt 0.375000 0.750000
vt 0.375000 0.750000
vt 0.541667 0.750000
vt 0.625000 0.750000
vt 0.625000 0.750000
vt 0.458333 0.750000
vt 0.500000 0.750000
vt 0.625000 0.916667
vt 0.541667 0.916667
vt 0.625000 1.000000
vt 0.625000 0.916667
vt 0.541667 1.000000
vt 0.625000 1.000000
vt 0.541667 0.916667
vt 0.541667 1.000000
vt 0.625000 0.750000
vt 0.541667 0.750000
vt 0.625000 0.833333
vt 0.625000 0.750000
vt 0.541667 0.833333
vt 0.625000 0.833333
vt 0.541667 0.750000
vt 0.541667 0.833333
vt 0.458333 0.916667
vt 0.375000 0.916667
vt 0.458333 1.000000
vt 0.458333 0.916667
vt 0.375000 1.000000
vt 0.458333 1.000000
vt 0.375000 0.916667
vt 0.375000 1.000000
vt 0.458333 0.750000
vt 0.375000 0.750000
vt 0.458333 0.833333
vt 0.458333 0.750000
vt 0.375000 0.833333
vt 0.458333 0.833333
vt 0.375000 0.750000
vt 0.375000 0.833333
vt 0.625000 0.916667
vt 0.541667 0.916667
vt 0.541667 0.916667
vt 0.541667 1.000000
vt 0.541667 1.000000
vt 0.625000 1.000000
vt 0.625000 1.000000
vt 0.625000 0.916667
vt 0.625000 0.750000
vt 0.541667 0.750000
vt 0.541667 0.750000
vt 0.541667 0.833333
vt 0.541667 0.833333
vt 0.625000 0.833333
vt 0.625000 0.833333
vt 0.625000 0.750000
vt 0.458333 0.916667
vt 0.375000 0.916667
vt 0.375000 0.916667
vt 0.375000 1.000000
vt 0.375000 1.000000
vt 0.458333 1.000000
vt 0.458333 1.000000
vt 0.458333 0.916667
vt 0.458333 0.833333
vt 0.458333 0.750000
vt 0.458333 0.750000
vt 0.375000 0.750000
vt 0.375000 0.750000
vt 0.375000 0.833333
vt 0.375000 0.833333
vt 0.458333 0.833333
vt 0.541667 0.916667
vt 0.541667 0.916667
vt 0.541667 1.000000
vt 0.541667 1.000000
vt 0.541667 0.750000
vt 0.541667 0.750000
vt 0.541667 0.833333
vt 0.541667 0.833333
vt 0.458333 0.916667
vt 0.458333 0.916667
vt 0.458333 1.000000
vt 0.458333 1.000000
vt 0.458333 0.833333
vt 0.458333 0.833333
vt 0.458333 0.750000
vt 0.458333 0.750000
vn 0.000000 0.000000 1.000000
vn 0.000000 0.000000 1.000000
vn 0.000000 0.000000 1.000000
vn 0.000000 0.000000 1.000000
vn 0.000000 1.000000 -0.000000
vn 0.000000 1.000000 -0.000001
vn 0.000000 1.000000 -0.000000
vn 0.000000 1.000000 -0.000000
vn 0.000000 0.000000 -1.000000
vn 0.000000 0.000000 -1.000000
vn 0.000000 0.000000 -1.000000
vn 0.000000 0.000000 -1.000000
vn 0.000000 -1.000000 0.000000
vn 0.000000 -1.000000 0.000000
vn 0.000000 -1.000000 0.000000
vn 0.000000 -1.000000 0.000000
vn 1.000000 0.000000 0.000045
vn 1.000000 0.000000 0.000004
vn 1.000000 0.000000 0.000004
vn 1.000000 0.000000 0.000045
vn -1.000000 0.000000 -0.000002
vn -1.000000 0.000000 -0.000031
vn -1.000000 0.000000 -0.000031
vn -1.000000 0.000000 -0.000002
vn 0.000000 1.000000 0.000000
vn 0.000000 1.000000 0.000000
vn 0.000000 1.000000 0.000001
vn 0.000000 1.000000 0.000000
vn -1.000000 0.000000 0.000031
vn -1.000000 0.000000 0.000002
vn -1.000000 0.000000 0.000002
vn -1.000000 0.000000 0.000031
vn 0.000000 -1.000000 0.000000
vn 0.000000 -1.000000 0.000000
vn 0.000000 -1.000000 0.000000
vn 0.000000 -1.000000 0.000000
vn 1.000000 0.000000 -0.000004
vn 1.000000 0.000000 -0.000004
vn 1.000000 0.000000 -0.000045
vn 1.000000 0.000000 -0.000045
vn 0.000000 1.000000 0.000000
vn 0.000000 1.000000 0.000000
vn -1.000000 0.000000 -0.000000
vn -1.000000 0.000000 -0.000000
vn 0.000000 -1.000000 0.000000
vn 0.000000 -1.000000 0.000000
vn 0.000000 -1.000000 0.000000
vn 0.000000 -1.000000 0.000000
vn 1.000000 0.000000 0.000000
vn 1.000000 0.000000 0.000000
vn 0.000000 1.000000 0.000000
vn 0.000000 1.000000 0.000000
vn 0.000000 1.000000 0.000000
vn 0.000000 1.000000 0.000000
vn 0.000000 0.000000 1.000000
vn 0.000000 0.000000 1.000000
vn 0.000000 0.000000 1.000000
vn 0.000000 0.000000 1.000000
vn 0.000000 -1.000000 0.000000
vn 0.000000 -1.000000 0.000000
vn 0.000000 -1.000000 0.000000
vn 0.000000 -1.000000 0.000000
vn 0.000000 -1.000000 -0.000000
vn 0.000000 -1.000000 0.000000
vn 0.000000 -1.000000 -0.000000
vn 0.000000 -1.000000 -0.000000
vn 0.000000 -1.000000 0.000000
vn 0.000000 -1.000000 0.000000
vn 0.000000 -1.000000 0.000000
vn 0.000000 -1.000000 0.000000
vn 0.000000 0.000000 -1.000000
vn 0.000000 0.000000 -1.000000
vn 0.000000 0.000000 -1.000000
vn 0.000000 0.000000 -1.000000
vn 0.000000 1.000000 -0.000000
vn 0.000000 1.000000 -0.000000
vn 0.000000 1.000000 -0.000000
vn 0.000000 1.000000 -0.000000
vn 0.000000 1.000000 0.000000
vn 0.000000 1.000000 0.000000
vn 0.000000 1.000000 0.000000
vn 0.000000 1.000000 0.000000
vn 0.000000 0.000000 1.000000
vn 0.000000 0.000000 1.000000
vn 0.000000 -1.000000 -0.000000
vn 0.000000 -1.000000 -0.000000
vn 0.000000 -1.000000 -0.000001
vn 0.000000 -1.000000 -0.000001
vn 0.000000 -1.000000 0.000000
vn 0.000000 -1.000000 0.000000
vn 0.000000 -1.000000 0.000001
vn 0.000000 -1.000000 0.000001
vn 0.000000 0.000000 -1.000000
vn 0.000000 0.000000 -1.000000
vn 0.000000 1.000000 -0.000000
vn 0.000000 1.000000 -0.000000
vn 0.000000 1.000000 0.000000
vn 0.000000 1.000000 0.000000
vn 0.000000 1.000000 0.000000
vn 1.000000 0.000000 0.000000
vn 1.000000 0.000000 0.000000
vn 0.000000 -1.000000 0.000000
vn 0.000000 -1.000000 0.000000
vn 0.000000 -1.000000 0.000000
vn 0.000000 -1.000000 -0.000000
vn 0.000000 -1.000000 0.000000
vn 0.000000 -1.000000 0.000000
vn 0.000000 -1.000000 0.000000
vn 0.000000 -1.000000 0.000000
vn -1.000000 0.000000 0.000000
vn -1.000000 0.000000 0.000000
vn 0.000000 1.000000 -0.000000
vn 0.000000 1.000000 -0.000000
vn 0.000000 1.000000 0.000000
vn 0.000000 -1.000000 0.000000
vn 0.000000 -1.000000 0.000000
vn 0.000000 -1.000000 0.000000
vn 0.000000 -1.000000 0.000000
vn 0.000000 -1.000000 0.000000
vn 0.000000 -1.000000 0.000000
vn 0.000000 -1.000000 0.000000
vn 0.000000 -1.000000 0.000000
vn 0.000000 0.000000 -1.000000
vn 0.000000 0.000000 -1.000000
vn 0.000000 0.000000 -1.000000
vn 0.000000 0.000000 -1.000000
vn 1.000000 0.000000 0.000000
vn 1.000000 0.000000 0.000000
vn 1.000000 0.000000 0.000000
vn 1.000000 0.000000 0.000000
vn 0.000000 0.000000 1.000000
vn 0.000000 0.000000 1.000000
vn 0.000000 0.000000 1.000000
vn 0.000000 0.000000 1.000000
vn -1.000000 0.000000 0.000000
vn -1.000000 0.000000 0.000000
vn -1.000000 0.000000 0.000000
vn -1.000000 0.000000 0.000000
vn 0.000000 0.000000 -1.000000
vn 0.000000 0.000000 -1.000000
vn 0.000000 0.000000 -1.000000
vn 0.000000 0.000000 -1.000000
vn 1.000000 0.000000 0.000000
vn 1.000000 0.000000 0.000000
vn 1.000000 0.000000 0.000000
vn 1.000000 0.000000 0.000000
vn 0.000000 0.000000 1.000000
vn 0.000000 0.000000 1.000000
vn 0.000000 0.000000 1.000000
vn 0.000000 0.000000 1.000000
vn -1.000000 0.000000 0.000000
vn -1.000000 0.000000 0.000000
vn -1.000000 0.000000 0.000000
vn -1.000000 0.000000 0.000000
vn 0.000000 1.000000 -0.000001
vn 0.000000 1.000000 -0.000001
vn 0.000000 1.000000 -0.000001
vn 0.000000 1.000000 -0.000001
vn 0.000000 1.000000 0.000000
vn 0.000000 1.000000 0.000000
vn 0.000000 1.000000 0.000000
vn 0.000000 1.000000 0.000000
vn 0.000000 1.000000 0.000000
vn 0.000000 1.000000 0.000000
vn 0.000000 1.000000 0.000000
vn 0.000000 1.000000 0.000000
vn 0.000000 1.000000 0.000003
vn 0.000000 1.000000 0.000003
vn 0.000000 1.000000 0.000003
vn 0.000000 1.000000 0.000003
vn 0.000000 1.000000 0.000000
vn 0.000000 1.000000 0.000000
vn 0.000000 1.000000 0.000000
vn 0.000000 1.000000 0.000000
vn 0.000000 1.000000 0.000000
vn 0.000000 1.000000 0.000000
vn 0.000000 1.000000 0.000000
vn 0.000000 1.000000 0.000000
vn 0.000000 1.000000 0.000000
vn 0.000000 1.000000 0.000000
vn 0.000000 1.000000 0.000000
vn 0.000000 1.000000 0.000000
vn 0.000000 1.000000 0.000001
vn 0.000000 1.000000 0.000001
vn 0.000000 1.000000 0.000001
vn 0.000000 1.000000 0.000001
vn 0.000000 1.000000 0.000000
vn 0.000000 1.000000 0.000000
vn 0.000000 1.000000 0.000000
vn 0.000000 1.000000 0.000000
vn 0.000000 1.000000 0.000000
vn 0.000000 1.000000 0.000000
vn 0.000000 1.000000 0.000000
vn 0.000000 1.000000 0.000000
vn 0.000000 1.000000 -0.000001
vn 0.000000 1.000000 -0.000000
vn 0.000000 1.000000 -0.000000
vn 0.000000 1.000000 -0.000001
vn 0.000000 1.000000 0.000000
vn 0.000000 1.000000 0.000000
vn 0.000000 1.000000 0.000000
vn 0.000000 1.000000 0.000000
vn 0.000000 1.000000 0.000000
vn 0.000000 1.000000 0.000000
vn 0.000000 1.000000 0.000000
vn 0.000000 1.000000 0.000000
vn 0.000000 1.000000 0.000000
vn 0.000000 1.000000 0.000000
vn 0.000000 1.000000 0.000000
vn 0.000000 1.000000 0.000000
vn 0.000000 1.000000 0.000000
vn 0.000000 1.000000 0.000000
vn 0.000000 1.000000 0.000000
vn 0.000000 1.000000 0.000000
vn 0.000000 1.000000 0.000000
vn 0.000000 1.000000 0.000000
vn 0.000000 1.000000 0.000000
vn 0.000000 1.000000 0.000000
vn 0.000000 1.000000 0.000001
vn 0.000000 1.000000 0.000001
vn 0.000000 -1.000000 0.000001
vn 0.000000 -1.000000 -0.000001
vn 0.000000 1.000000 0.000000
vn 0.000000 1.000000 0.000000
vn 0.000000 -1.000000 0.000000
vn 0.000000 -1.000000 0.000000
vn 0.000000 -1.000000 0.000000
vn 0.000000 -1.000000 0.000000
vn 1.000000 0.000000 0.000000
vn 1.000000 0.000000 0.000000
vn 1.000000 0.000000 0.000000
vn 1.000000 0.000000 0.000000
vn 0.000000 1.000000 0.000000
vn 0.000000 1.000000 0.000000
vn 0.000000 1.000000 0.000000
vn 0.000000 1.000000 0.000000
vn 0.000000 -1.000000 0.000000
vn 0.000000 -1.000000 0.000000
vn 0.000000 -1.000000 0.000000
vn 0.000000 -1.000000 0.000000
vn 0.000000 1.000000 0.000000
vn 0.000000 1.000000 0.000000
vn 0.000000 1.000000 0.000000
vn 0.000000 1.000000 0.000000
vn -1.000000 0.000000 0.000000
vn -1.000000 0.000000 0.000000
vn -1.000000 0.000000 0.000000
vn -1.000000 0.000000 0.000000
vn 0.000000 -1.000000 0.000000
vn 0.000000 -1.000000 0.000000
vn 0.000000 -1.000000 0.000000
vn 0.000000 -1.000000 0.000000
vn 0.000000 1.000000 0.000000
vn 0.000000 1.000000 0.000000
vn 0.000000 1.000000 0.000000
vn 0.000000 1.000000 0.000000
vn 0.000000 -1.000000 0.000000
vn 0.000000 -1.000000 0.000000
vn 0.000000 -1.000000 0.000000
vn 0.000000 -1.000000 0.000000
vn 0.000000 1.000000 0.000000
vn 0.000000 1.000000 0.000000
vn 0.000000 1.000000 0.000000
vn 0.000000 1.000000 0.000000
vn 0.000000 1.000000 0.000000
vn 0.000000 1.000000 0.000000
vn 0.000000 1.000000 0.000000
vn 0.000000 1.000000 0.000000
vn 1.000000 0.000000 0.000000
vn 1.000000 0.000000 0.000000
vn 1.000000 0.000000 0.000000
vn 1.000000 0.000000 0.000000
vn 0.000000 -1.000000 0.000000
vn 0.000000 -1.000000 0.000000
vn 0.000000 -1.000000 0.000000
vn 0.000000 -1.000000 0.000000
vn 0.000000 1.000000 0.000000
vn 0.000000 1.000000 0.000000
vn 0.000000 1.000000 0.000000
vn 0.000000 1.000000 0.000000
vn 0.000000 -1.000000 0.000000
vn 0.000000 -1.000000 0.000000
vn 0.000000 -1.000000 0.000000
vn 0.000000 -1.000000 0.000000
vn -1.000000 0.000000 0.000000
vn -1.000000 0.000000 0.000000
vn -1.000000 0.000000 0.000000
vn -1.000000 0.000000 0.000000
vn 0.000000 1.000000 0.000000
vn 0.000000 1.000000 0.000000
vn 0.000000 1.000000 0.000000
vn 0.000000 1.000000 0.000000
vn 0.000000 -1.000000 0.000000
vn 0.000000 -1.000000 0.000000
vn 0.000000 -1.000000 0.000000
vn 0.000000 -1.000000 0.000000
vn 0.000000 1.000000 0.000000
vn 0.000000 1.000000 0.000000
vn 0.000000 1.000000 0.000000
vn 0.000000 1.000000 0.000000
vn 0.000000 -1.000000 0.000000
vn 0.000000 -1.000000 0.000000
vn 0.000000 -1.000000 0.000000
vn 0.000000 -1.000000 0.000000
vn 0.000000 -1.000000 0.000000
vn 0.000000 -1.000000 0.000000
vn 0.000000 -1.000000 0.000000
vn 0.000000 -1.000000 0.000000
vn 0.000000 1.000000 0.000000
vn 0.000000 1.000000 0.000000
vn 0.000000 1.000000 0.000000
vn 0.000000 1.000000 0.000000
vn 0.000000 -1.000000 0.000000
vn 0.000000 -1.000000 0.000000
vn 0.000000 -1.000000 0.000000
vn 0.000000 -1.000000 0.000000
vn 0.000000 1.000000 0.000000
vn 0.000000 1.000000 0.000000
vn 0.000000 1.000000 0.000000
vn 0.000000 1.000000 0.000000
vn 0.000000 -1.000000 0.000000
vn 0.000000 -1.000000 0.000000
vn 0.000000 -1.000000 0.000000
vn 0.000000 -1.000000 0.000000
vn 0.000000 1.000000 0.000000
vn 0.000000 1.000000 0.000000
vn 0.000000 1.000000 0.000000
vn 0.000000 1.000000 0.000000
vn 0.000000 -1.000000 0.000000
vn 0.000000 -1.000000 0.000000
vn 0.000000 -1.000000 0.000000
vn 0.000000 -1.000000 0.000000
vn 0.000000 1.000000 0.000000
vn 0.000000 1.000000 0.000000
vn 0.000000 1.000000 0.000000
vn 0.000000 1.000000 0.000000
vn 0.000000 -1.000000 0.000000
vn 0.000000 -1.000000 0.000000
vn 0.000000 -1.000000 0.000000
vn 0.000000 -1.000000 0.000000
vn 0.000000 1.000000 0.000000
vn 0.000000 1.000000 0.000000
vn 0.000000 1.000000 0.000000
vn 0.000000 1.000000 0.000000
vn 0.000000 1.000000 0.000000
vn 0.000000 1.000000 0.000000
vn 0.000000 1.000000 0.000000
vn 0.000000 1.000000 0.000000
vn 0.000000 0.000000 1.000000
vn 0.000000 0.000000 1.000000
vn 0.000000 0.000000 1.000000
vn 0.000000 0.000000 1.000000
vn 0.000000 -1.000000 0.000000
vn 0.000000 -1.000000 0.000000
vn 0.000000 -1.000000 0.000000
vn 0.000000 -1.000000 0.000000
vn 0.000000 -1.000000 0.000000
vn 0.000000 -1.000000 0.000000
vn 0.000000 -1.000000 0.000000
vn 0.000000 0.000000 -1.000000
vn 0.000000 0.000000 -1.000000
vn 0.000000 0.000000 -1.000000
vn 0.000000 0.000000 -1.000000
vn 0.000000 1.000000 0.000000
vn 0.000000 1.000000 0.000000
vn 0.000000 1.000000 0.000000
vn 0.000000 -1.000000 0.000000
vn 0.000000 -1.000000 0.000000
vn 0.000000 -1.000000 0.000000
vn 0.000000 -1.000000 0.000000
vn 0.000000 1.000000 0.000000
vn 0.000000 1.000000 0.000000
vn 0.000000 1.000000 0.000000
vn 0.000000 1.000000 0.000000
vn 0.000000 -1.000000 0.000000
vn 0.000000 -1.000000 0.000000
vn 0.000000 -1.000000 0.000000
vn 0.000000 -1.000000 0.000000
vn 0.000000 1.000000 0.000000
vn 0.000000 1.000000 0.000000
vn 0.000000 1.000000 0.000000
vn 0.000000 1.000000 0.000000
vn 0.000000 -1.000000 0.000000
vn 0.000000 -1.000000 0.000000
vn 0.000000 -1.000000 0.000000
vn 0.000000 -1.000000 0.000000
vn 0.000000 1.000000 0.000000
vn 0.000000 1.000000 0.000000
vn 0.000000 1.000000 0.000000
vn 0.000000 1.000000 0.000000
vn 0.000000 -1.000000 0.000000
vn 0.000000 -1.000000 0.000000
vn 0.000000 -1.000000 0.000000
vn 0.000000 -1.000000 0.000000
vn 0.000000 1.000000 0.000000
vn 0.000000 1.000000 0.000000
vn 0.000000 1.000000 0.000000
vn 0.000000 1.000000 0.000000
vn 0.000000 -1.000000 0.000000
vn 0.000000 -1.000000 0.000000
vn 0.000000 -1.000000 0.000000
vn 0.000000 -1.000000 0.000000
vn 0.000000 1.000000 0.000000
vn 0.000000 1.000000 0.000000
vn 0.000000 1.000000 0.000000
vn 0.000000 1.000000 0.000000
vn 0.000000 -1.000000 0.000000
vn 0.000000 -1.000000 0.000000
vn 0.000000 -1.000000 0.000000
vn 0.000000 -1.000000 0.000000
vn 0.000000 0.000000 1.000000
vn 0.000000 0.000000 1.000000
vn 0.000000 0.000000 1.000000
vn 0.000000 0.000000 1.000000
vn 0.000000 1.000000 0.000000
vn 0.000000 1.000000 0.000000
vn 0.000000 1.000000 0.000000
vn 0.000000 1.000000 0.000000
vn 0.000000 1.000000 0.000000
vn 0.000000 1.000000 0.000000
vn 0.000000 1.000000 0.000000
vn 0.000000 0.000000 -1.000000
vn 0.000000 0.000000 -1.000000
vn 0.000000 0.000000 -1.000000
vn 0.000000 0.000000 -1.000000
vn 0.000000 -1.000000 0.000000
vn 0.000000 -1.000000 0.000000
vn 0.000000 -1.000000 0.000000
vn 0.707108 0.000000 0.707106
vn 0.707108 0.000000 0.707106
vn 0.707108 0.000000 0.707106
vn 0.707108 0.000000 0.707106
vn 0.707104 0.000000 -0.707109
vn 0.707104 0.000000 -0.707109
vn 0.707104 0.000000 -0.707109
vn 0.707104 0.000000 -0.707109
vn -0.707108 0.000000 0.707106
vn -0.707108 0.000000 0.707106
vn -0.707108 0.000000 0.707106
vn -0.707108 0.000000 0.707106
vn -0.707104 0.000000 -0.707109
vn -0.707104 0.000000 -0.707109
vn -0.707104 0.000000 -0.707109
vn -0.707104 0.000000 -0.707109
vn 0.000000 1.000000 0.000000
vn 0.000000 1.000000 0.000000
vn 0.000000 1.000000 0.000000
vn 0.000000 -1.000000 0.000000
vn 0.000000 -1.000000 0.000000
vn 0.000000 -1.000000 0.000000
vn 0.000000 -1.000000 0.000000
vn 0.000000 1.000000 0.000000
vn 0.000000 1.000000 0.000000
vn 0.000000 1.000000 0.000000
vn 0.000000 1.000000 0.000000
vn 0.000000 -1.000000 0.000000
vn 0.000000 -1.000000 0.000000
vn 0.000000 -1.000000 0.000000
vn 0.000000 1.000000 0.000000
vn 0.000000 1.000000 0.000000
vn 0.000000 1.000000 0.000000
vn 0.000000 -1.000000 0.000000
vn 0.000000 -1.000000 0.000000
vn 0.000000 -1.000000 0.000000
vn 0.000000 -1.000000 0.000000
vn 0.000000 -1.000000 0.000000
vn 0.000000 -1.000000 0.000000
vn 0.000000 -1.000000 0.000000
vn 0.000000 1.000000 0.000000
vn 0.000000 1.000000 0.000000
vn 0.000000 1.000000 0.000000
vn 0.000000 1.000000 0.000000
vn 1.000000 0.000000 0.000045
vn 1.000000 0.000000 0.000045
vn 1.000000 0.000000 0.000045
vn 1.000000 0.000000 0.000045
vn 0.000000 0.000000 -1.000000
vn 0.000000 0.000000 -1.000000
vn 0.000000 0.000000 -1.000000
vn 0.000000 0.000000 -1.000000
vn 0.000000 0.000000 1.000000
vn 0.000000 0.000000 1.000000
vn 0.000000 0.000000 1.000000
vn 0.000000 0.000000 1.000000
vn 1.000000 0.000000 -0.000045
vn 1.000000 0.000000 -0.000045
vn 1.000000 0.000000 -0.000045
vn 1.000000 0.000000 -0.000045
vn 0.000000 0.000000 -1.000000
vn 0.000000 0.000000 -1.000000
vn 0.000000 0.000000 -1.000000
vn 0.000000 0.000000 -1.000000
vn 0.000000 0.000000 1.000000
vn 0.000000 0.000000 1.000000
vn 0.000000 0.000000 1.000000
vn 0.000000 0.000000 1.000000
vn 0.000000 0.000000 -1.000000
vn 0.000000 0.000000 -1.000000
vn 0.000000 0.000000 -1.000000
vn 0.000000 0.000000 -1.000000
vn -1.000000 0.000000 -0.000028
vn -1.000000 0.000000 -0.000028
vn -1.000000 0.000000 -0.000028
vn -1.000000 0.000000 -0.000028
vn 0.000000 0.000000 1.000000
vn 0.000000 0.000000 1.000000
vn 0.000000 0.000000 1.000000
vn 0.000000 0.000000 1.000000
vn 0.000000 0.000000 1.000000
vn 0.000000 0.000000 1.000000
vn 0.000000 0.000000 1.000000
vn 0.000000 0.000000 1.000000
vn 0.000000 0.000000 -1.000000
vn 0.000000 0.000000 -1.000000
vn 0.000000 0.000000 -1.000000
vn 0.000000 0.000000 -1.000000
vn -1.000000 0.000000 0.000028
vn -1.000000 0.000000 0.000028
vn -1.000000 0.000000 0.000028
vn -1.000000 0.000000 0.000028
vn 0.000000 0.000000 -1.000000
vn 0.000000 0.000000 -1.000000
vn 1.000000 0.000000 0.000045
vn 1.000000 0.000000 0.000045
vn 0.000000 0.000000 1.000000
vn 0.000000 0.000000 1.000000
vn -1.000000 0.000000 -0.000119
vn -1.000000 0.000000 -0.000119
vn -1.000000 0.000000 -0.000119
vn -1.000000 0.000000 -0.000119
vn 0.000000 0.000000 -1.000000
vn 0.000000 0.000000 -1.000000
vn 1.000000 0.000000 -0.000045
vn 1.000000 0.000000 -0.000045
vn 0.000000 0.000000 1.000000
vn 0.000000 0.000000 1.000000
vn -1.000000 0.000000 0.000119
vn -1.000000 0.000000 0.000119
vn -1.000000 0.000000 0.000119
vn -1.000000 0.000000 0.000119
vn 0.000000 0.000000 -1.000000
vn 0.000000 0.000000 -1.000000
vn 1.000000 0.000000 0.000085
vn 1.000000 0.000000 0.000085
vn 1.000000 0.000000 0.000085
vn 1.000000 0.000000 0.000085
vn 0.000000 0.000000 1.000000
vn 0.000000 0.000000 1.000000
vn -1.000000 0.000000 -0.000028
vn -1.000000 0.000000 -0.000028
vn 0.000000 0.000000 -1.000000
vn 0.000000 0.000000 -1.000000
vn 1.000000 0.000000 -0.000085
vn 1.000000 0.000000 -0.000085
vn 1.000000 0.000000 -0.000085
vn 1.000000 0.000000 -0.000085
vn 0.000000 0.000000 1.000000
vn 0.000000 0.000000 1.000000
vn -1.000000 0.000000 0.000028
vn -1.000000 0.000000 0.000028
vn 0.000000 0.000000 -1.000000
vn 0.000000 0.000000 -1.000000
vn -1.000000 0.000000 -0.000119
vn -1.000000 0.000000 -0.000119
vn -1.000000 0.000000 -0.000119
vn -1.000000 0.000000 -0.000119
vn 0.000000 0.000000 1.000000
vn 0.000000 0.000000 1.000000
vn 1.000000 0.000000 0.000045
vn 1.000000 0.000000 0.000045
vn 0.000000 0.000000 -1.000000
vn 0.000000 0.000000 -1.000000
vn -1.000000 0.000000 0.000119
vn -1.000000 0.000000 0.000119
vn -1.000000 0.000000 0.000119
vn -1.000000 0.000000 0.000119
vn 0.000000 0.000000 1.000000
vn 0.000000 0.000000 1.000000
vn 1.000000 0.000000 -0.000045
vn 1.000000 0.000000 -0.000045
vn 0.000000 0.000000 -1.000000
vn 0.000000 0.000000 -1.000000
vn -1.000000 0.000000 -0.000028
vn -1.000000 0.000000 -0.000028
vn 0.000000 0.000000 1.000000
vn 0.000000 0.000000 1.000000
vn 1.000000 0.000000 0.000085
vn 1.000000 0.000000 0.000085
vn 1.000000 0.000000 0.000085
vn 1.000000 0.000000 0.000085
vn 1.000000 0.000000 -0.000085
vn 1.000000 0.000000 -0.000085
vn 1.000000 0.000000 -0.000085
vn 1.000000 0.000000 -0.000085
vn 0.000000 0.000000 -1.000000
vn 0.000000 0.000000 -1.000000
vn -1.000000 0.000000 0.000028
vn -1.000000 0.000000 0.000028
vn 0.000000 0.000000 1.000000
vn 0.000000 0.000000 1.000000
vn -1.000000 0.000000 0.000000
vn -1.000000 0.000000 0.000000
vn -1.000000 0.000000 0.000000
vn -1.000000 0.000000 0.000000
vn -1.000000 -0.000005 -0.000134
vn -1.000000 -0.000005 -0.000134
vn -1.000000 -0.000005 -0.000134
vn -1.000000 -0.000005 -0.000134
vn -1.000000 0.000000 0.000000
vn -1.000000 0.000000 0.000000
vn -1.000000 0.000000 0.000000
vn -1.000000 0.000000 0.000000
vn -1.000000 -0.000021 -0.000134
vn -1.000000 -0.000021 -0.000134
vn -1.000000 -0.000021 -0.000134
vn -1.000000 -0.000021 -0.000134
vn -1.000000 0.000000 0.000000
vn -1.000000 0.000000 0.000000
vn -1.000000 0.000000 0.000000
vn -1.000000 0.000000 0.000000
vn -1.000000 0.000021 0.000134
vn -1.000000 0.000021 0.000134
vn -1.000000 0.000021 0.000134
vn -1.000000 0.000021 0.000134
vn -1.000000 0.000000 0.000000
vn -1.000000 0.000000 0.000000
vn -1.000000 0.000000 0.000000
vn -1.000000 0.000000 0.000000
vn -1.000000 -0.000037 0.000134
vn -1.000000 -0.000037 0.000134
vn -1.000000 -0.000037 0.000134
vn -1.000000 -0.000037 0.000134
vn 1.000000 0.000000 0.000000
vn 1.000000 0.000000 0.000000
vn 1.000000 0.000000 0.000000
vn 1.000000 0.000000 0.000000
vn 1.000000 0.000011 0.000096
vn 1.000000 0.000011 0.000096
vn 1.000000 0.000011 0.000096
vn 1.000000 0.000011 0.000096
vn 1.000000 0.000000 0.000000
vn 1.000000 0.000000 0.000000
vn 1.000000 0.000000 0.000000
vn 1.000000 0.000000 0.000000
vn 1.000000 0.000005 0.000096
vn 1.000000 0.000005 0.000096
vn 1.000000 0.000005 0.000096
vn 1.000000 0.000005 0.000096
vn 1.000000 0.000000 0.000000
vn 1.000000 0.000000 0.000000
vn 1.000000 0.000000 0.000000
vn 1.000000 0.000000 0.000000
vn 1.000000 -0.000011 -0.000096
vn 1.000000 -0.000011 -0.000096
vn 1.000000 -0.000011 -0.000096
vn 1.000000 -0.000011 -0.000096
vn 1.000000 0.000000 0.000000
vn 1.000000 0.000000 0.000000
vn 1.000000 0.000000 0.000000
vn 1.000000 0.000000 0.000000
vn 1.000000 -0.000005 -0.000096
vn 1.000000 -0.000005 -0.000096
vn 1.000000 -0.000005 -0.000096
vn 1.000000 -0.000005 -0.000096
vn 0.000000 0.000000 -1.000000
vn 0.000000 0.000000 -1.000000
vn 0.000000 0.000000 -1.000000
vn 0.000000 0.000000 -1.000000
vn 0.000000 -1.000000 0.000000
vn 0.000000 -1.000000 0.000000
vn 0.000000 -1.000000 0.000000
vn 0.000000 -1.000000 0.000000
vn 0.000000 0.000000 1.000000
vn 0.000000 0.000000 1.000000
vn 0.000000 0.000000 1.000000
vn 0.000000 0.000000 1.000000
vn 0.000000 1.000000 0.000000
vn 0.000000 1.000000 0.000000
vn 0.000000 1.000000 0.000000
vn 0.000000 1.000000 0.000000
vn 0.000000 0.000000 -1.000000
vn 0.000000 0.000000 -1.000000
vn 0.000000 0.000000 -1.000000
vn 0.000000 0.000000 -1.000000
vn 0.000000 -1.000000 0.000000
vn 0.000000 -1.000000 0.000000
vn 0.000000 -1.000000 0.000000
vn 0.000000 -1.000000 0.000000
vn 0.000000 0.000000 1.000000
vn 0.000000 0.000000 1.000000
vn 0.000000 0.000000 1.000000
vn 0.000000 0.000000 1.000000
vn 0.000000 1.000000 0.000000
vn 0.000000 1.000000 0.000000
vn 0.000000 1.000000 0.000000
vn 0.000000 1.000000 0.000000
s 1
g pCube140
usemtl initialShadingGroup
f 356/452/456 357/453/457 358/454/458 359/455/459
s 2
f 318/421/460 319/422/461 320/423/462 321/383/463
s 3
f 366/456/464 367/457/465 368/458/466 369/459/467
s off
f 294/600/468 295/606/469 296/604/470 297/602/471
s 4
f 377/472/472 376/473/473 378/474/474 379/534/475
s 5
f 388/476/476 389/477/477 390/478/478 391/479/479
s 2
f 323/388/480 322/424/481 324/425/482 325/426/483
s 5
f 392/480/484 393/481/485 394/482/486 395/483/487
s off
f 298/608/488 299/614/489 300/612/490 301/610/491
s 4
f 381/487/492 380/484/493 382/485/494 383/486/495
s 2
f 323/388/480 326/401/496 327/427/497 322/424/481
s 5
f 393/481/485 396/488/498 397/489/499 394/482/486
s 9
f 279/579/500 265/577/501 289/404/502 290/406/503
s 4
f 384/491/504 385/490/505 380/484/493 381/487/492
s 2
f 328/428/506 329/429/507 330/377/508 331/430/509
s 1
f 360/460/510 361/461/511 362/462/512 363/463/513
s off
f 302/616/514 303/622/515 304/620/516 305/618/517
s 9
f 264/595/518 273/593/519 291/407/520 292/409/521
s off
f 306/626/522 307/624/523 308/630/524 309/628/525
s 3
f 370/464/526 371/465/527 372/466/528 373/467/529
s 2
f 333/433/530 332/382/531 334/431/532 335/432/533
f 336/434/534 337/412/535 332/382/531 333/433/530
f 329/429/507 354/450/536 355/451/537 330/377/508
s 1
f 361/461/511 364/468/538 365/469/539 362/462/512
s 9
f 272/583/540 351/446/541 352/448/542 271/585/543
f 273/593/519 348/443/544 349/444/545 291/407/520
f 274/591/546 347/442/547 348/443/544 273/593/519
s 3
f 371/465/527 374/470/548 375/471/549 372/466/528
s 2
f 332/382/531 344/439/550 345/440/551 334/431/532
f 332/382/531 337/412/535 343/438/552 344/439/550
f 338/389/553 321/383/463 320/423/462 339/435/554
s 4
f 378/474/474 376/473/473 386/492/555 387/493/556
s 9
f 284/394/557 283/392/558 269/567/559 278/573/560
f 285/395/561 350/445/562 351/446/541 272/583/540
f 286/397/563 285/395/561 272/583/540 268/589/564
s 5
f 399/495/565 398/494/566 388/476/476 391/479/479
s 2
f 331/430/509 330/377/508 340/400/567 341/436/568
f 355/451/537 342/437/569 340/400/567 330/377/508
f 326/401/496 338/389/553 339/435/554 327/427/497
s 4
f 387/493/556 386/492/555 385/490/505 384/491/504
s off
f 311/413/570 310/414/571 312/415/572 313/416/573
s 9
f 291/407/520 349/444/545 350/445/562 285/395/561
s off
f 315/417/574 314/418/575 316/419/576 317/420/577
s 5
f 397/489/499 396/488/498 398/494/566 399/495/565
s 2
f 341/436/568 340/400/567 337/412/535 336/434/534
f 343/438/552 337/412/535 340/400/567 342/437/569
s off
f 290/406/578 289/404/579 310/414/580 311/413/581
f 289/404/582 283/392/583 312/415/584 310/414/585
f 283/392/586 284/394/587 313/416/588 312/415/589
f 284/394/590 290/406/591 311/413/592 313/416/593
f 292/409/594 291/407/595 314/418/596 315/417/597
f 291/407/598 285/395/599 316/419/600 314/418/601
f 285/395/602 286/397/603 317/420/604 316/419/605
f 286/397/606 292/409/607 315/417/608 317/420/609
f 276/384/610 257/356/611 319/422/612 318/421/613
f 257/356/614 266/371/615 320/423/616 319/422/617
f 262/365/618 259/358/619 324/425/620 322/424/621
f 259/358/622 281/387/623 325/426/624 324/425/625
f 288/402/626 262/365/627 322/424/628 327/427/629
f 256/355/630 270/378/631 329/429/632 328/428/633
f 267/374/634 256/355/635 328/428/636 331/430/637
f 275/381/638 258/357/639 335/432/640 334/431/641
f 258/357/642 263/368/643 333/433/644 335/432/645
f 263/368/646 293/411/647 336/434/648 333/433/649
s 17
f 270/378/650 353/449/651 354/450/652 329/429/653
s 18
f 346/441/654 275/381/655 334/431/656 345/440/657
s off
f 266/371/658 282/390/659 339/435/660 320/423/661
f 287/399/662 267/374/663 331/430/664 341/436/665
f 282/390/666 288/402/667 327/427/668 339/435/669
f 293/411/670 287/399/671 341/436/672 336/434/673
s 2
f 326/401/496 343/438/552 342/437/569 338/389/553
f 344/439/550 343/438/552 326/401/496 323/388/480
f 345/440/551 344/439/550 323/388/480 325/426/483
s 18
f 281/387/674 346/441/654 345/440/657 325/426/675
s 3
f 375/471/549 374/470/548 366/456/464 369/459/467
s 9
f 348/443/544 347/442/547 280/581/676 279/579/500
f 349/444/545 348/443/544 279/579/500 290/406/503
f 350/445/562 349/444/545 290/406/503 284/394/557
f 351/446/541 350/445/562 284/394/557 278/573/560
f 352/448/542 351/446/541 278/573/560 277/571/677
s 1
f 365/469/539 364/468/538 356/452/456 359/455/459
s 17
f 354/450/652 353/449/651 276/384/678 318/421/679
s 2
f 355/451/537 354/450/536 318/421/460 321/383/463
f 338/389/553 342/437/569 355/451/537 321/383/463
s off
f 277/385/680 255/354/681 357/453/682 356/452/683
f 377/472/684 379/534/685 400/535/686 402/558/687
f 257/356/688 276/384/689 359/455/690 358/454/691
f 254/387/692 271/358/693 361/457/694 360/456/695
f 270/358/696 256/360/697 363/458/698 362/457/699
f 390/547/700 389/548/701 408/549/702 410/564/703
f 271/353/704 352/379/705 364/461/706 361/460/707
f 353/378/708 270/355/709 362/463/710 365/462/711
f 352/355/712 277/353/713 356/460/714 364/463/715
f 276/357/716 353/381/717 365/465/718 359/464/719
f 281/380/720 259/359/721 367/467/722 366/466/723
f 383/540/724 382/541/725 404/542/726 406/561/727
f 261/379/728 280/447/729 369/468/730 368/461/731
f 258/449/732 275/378/733 371/462/734 370/469/735
f 274/381/736 260/441/737 373/470/738 372/465/739
f 392/533/740 395/552/741 412/553/742 414/566/743
f 275/441/744 346/387/745 374/456/746 371/470/747
f 347/386/748 274/442/749 372/471/750 375/459/751
f 346/447/752 281/385/753 366/452/754 374/468/755
f 280/384/756 347/449/757 375/469/758 369/455/759
f 255/354/760 269/376/761 376/473/762 377/472/763
f 266/372/764 257/356/765 379/534/766 378/474/767
f 265/375/768 261/353/769 382/477/770 380/476/771
f 259/355/772 262/373/773 381/479/774 383/478/775
f 289/363/776 265/369/777 380/481/778 385/480/779
f 262/367/780 288/364/781 384/483/782 381/482/783
f 269/370/784 283/361/785 386/485/786 376/484/787
f 282/362/788 266/366/789 378/487/790 387/486/791
f 283/369/792 289/408/793 385/488/794 386/481/795
f 288/410/796 282/367/797 387/482/798 384/489/799
f 257/502/800 401/504/801 400/505/802 379/506/803
f 358/536/804 357/537/805 403/538/806 401/539/807
f 357/507/808 255/508/809 403/511/810
f 261/512/811 405/514/812 404/515/813 382/516/814
f 368/543/815 367/544/816 407/545/817 405/546/818
f 367/517/819 259/518/820 407/521/821
f 268/393/822 254/405/823 389/490/824 388/492/825
f 256/403/826 267/391/827 391/493/828 390/491/829
f 260/408/830 264/396/831 393/494/832 392/488/833
f 263/398/834 258/410/835 395/489/836 394/495/837
f 264/356/838 292/454/839 396/496/840 393/475/841
f 293/454/842 263/453/843 394/497/844 397/496/845
f 286/453/846 268/354/847 388/472/848 398/497/849
f 267/386/850 287/459/851 399/499/852 391/498/853
f 292/459/854 286/458/855 398/500/856 396/499/857
f 287/458/858 293/360/859 397/501/860 399/500/861
f 254/522/862 409/524/863 408/525/864 389/526/865
f 360/523/866 363/550/867 411/551/868 409/524/869
f 363/550/870 256/527/871 411/551/872
f 258/530/873 413/565/874 412/553/875 395/552/876
f 370/531/877 373/554/878 415/555/879 413/565/880
f 373/554/881 260/532/882 415/555/883
f 400/535/884 401/556/885 403/557/886 402/558/887
f 404/542/888 405/559/889 407/560/890 406/561/891
f 408/549/892 409/562/893 411/563/894 410/564/895
f 412/553/896 413/565/897 415/555/898 414/566/899
f 257/502/900 358/503/901 401/504/902
f 403/511/903 255/508/904 377/509/905 402/510/906
f 411/551/907 256/527/908 390/528/909 410/529/910
f 254/522/911 360/523/912 409/524/913
f 258/530/914 370/531/915 413/565/916
f 415/555/917 260/532/918 392/533/919 414/566/920
f 261/512/921 368/513/922 405/514/923
f 407/521/924 259/518/925 383/519/926 406/520/927
s 19
f 416/599/928 417/570/929 422/572/930 423/605/931
s 20
f 417/570/932 416/599/933 419/601/934 418/568/935
s 21
f 420/574/936 421/603/937 423/605/938 422/572/939
s 22
f 424/607/940 425/578/941 430/580/942 431/613/943
s 23
f 425/578/944 424/607/945 427/609/946 426/576/947
s 24
f 428/582/948 429/611/949 431/613/950 430/580/951
s 25
f 433/586/952 432/615/953 435/617/954 434/584/955
s 26
f 434/584/956 435/617/957 437/619/958 436/590/959
s 27
f 436/590/960 437/619/961 439/621/962 438/588/963
s 28
f 440/623/964 441/596/965 446/598/966 447/629/967
s 29
f 442/594/968 443/625/969 445/627/970 444/592/971
s 30
f 444/592/972 445/627/973 447/629/974 446/598/975
s 20
f 278/573/976 269/567/977 417/570/932 418/568/935
s 19
f 269/567/978 255/569/979 422/572/930 417/570/929
s 21
f 255/569/980 277/571/981 420/574/936 422/572/939
s off
f 277/571/982 278/573/983 418/568/984 420/574/985
s 23
f 280/581/986 261/575/987 425/578/944 426/576/947
s 22
f 261/575/988 265/577/989 430/580/942 425/578/941
s 24
f 265/577/990 279/579/991 428/582/948 430/580/951
s off
f 279/579/992 280/581/993 426/576/994 428/582/995
s 25
f 268/589/996 272/583/997 433/586/952 434/584/955
s off
f 272/583/998 271/585/999 438/588/1000 433/586/1001
s 27
f 271/585/1002 254/587/1003 436/590/960 438/588/963
s 26
f 254/587/1004 268/589/1005 434/584/956 436/590/959
s 29
f 260/597/1006 274/591/1007 442/594/968 444/592/971
s off
f 274/591/1008 273/593/1009 441/596/1010 442/594/1011
s 28
f 273/593/1012 264/595/1013 446/598/966 441/596/965
s 30
f 264/595/1014 260/597/1015 444/592/972 446/598/975
s 20
f 419/601/934 416/599/933 295/606/1016 294/600/1017
s off
f 421/603/1018 419/601/1019 294/600/1020 297/602/1021
s 21
f 423/605/938 421/603/937 297/602/1022 296/604/1023
s 19
f 416/599/928 423/605/931 296/604/1024 295/606/1025
s 23
f 427/609/946 424/607/945 299/614/1026 298/608/1027
s off
f 429/611/1028 427/609/1029 298/608/1030 301/610/1031
s 24
f 431/613/950 429/611/949 301/610/1032 300/612/1033
s 22
f 424/607/940 431/613/943 300/612/1034 299/614/1035
s 25
f 435/617/954 432/615/953 303/622/1036 302/616/1037
s 26
f 437/619/958 435/617/957 302/616/1038 305/618/1039
s 27
f 439/621/962 437/619/961 305/618/1040 304/620/1041
s off
f 432/615/1042 439/621/1043 304/620/1044 303/622/1045
f 443/625/1046 440/623/1047 308/630/1048 307/624/1049
s 29
f 445/627/970 443/625/969 307/624/1050 306/626/1051
s 30
f 447/629/974 445/627/973 306/626/1052 309/628/1053
s 28
f 440/623/964 447/629/967 309/628/1054 308/630/1055
s off
f 418/568/1056 419/601/1057 448/632/1058 449/631/1059
f 419/601/1060 421/603/1061 450/633/1062 448/632/1063
f 421/603/1064 420/574/1065 451/634/1066 450/633/1067
f 420/574/1068 418/568/1069 449/631/1070 451/634/1071
f 426/576/1072 427/609/1073 452/636/1074 453/635/1075
f 427/609/1076 429/611/1077 454/637/1078 452/636/1079
f 429/611/1080 428/582/1081 455/638/1082 454/637/1083
f 428/582/1084 426/576/1085 453/635/1086 455/638/1087
f 432/615/1088 433/586/1089 457/640/1090 456/639/1091
f 433/586/1092 438/588/1093 458/641/1094 457/640/1095
f 438/588/1096 439/621/1097 459/642/1098 458/641/1099
f 439/621/1100 432/615/1101 456/639/1102 459/642/1103
f 441/596/1104 440/623/1105 460/644/1106 461/643/1107
f 440/623/1108 443/625/1109 462/645/1110 460/644/1111
f 443/625/1112 442/594/1113 463/646/1114 462/645/1115
f 442/594/1116 441/596/1117 461/643/1118 463/646/1119
f 449/631/1120 448/632/1121 456/639/1122 457/640/1123
f 448/632/1124 450/633/1125 459/642/1126 456/639/1127
f 450/633/1128 451/634/1129 458/641/1130 459/642/1131
f 451/634/1132 449/631/1133 457/640/1134 458/641/1135
f 453/635/1136 452/636/1137 462/645/1138 463/646/1139
f 452/636/1140 454/637/1141 460/644/1142 462/645/1143
f 454/637/1144 455/638/1145 461/643/1146 460/644/1147
f 455/638/1148 453/635/1149 463/646/1150 461/643/1151
g default
v 6.146442 0.005400 0.385968
v 6.113764 0.005400 0.337063
v 6.064854 0.005400 0.304385
v 6.007167 0.005400 0.292910
v 5.949481 0.005400 0.304385
v 5.900570 0.005400 0.337063
v 5.867893 0.005400 0.385968
v 5.856424 0.005400 0.443656
v 5.867893 0.005400 0.501344
v 5.900570 0.005400 0.550250
v 5.949481 0.005400 0.582927
v 6.007167 0.005400 0.594401
v 6.064854 0.005400 0.582927
v 6.113764 0.005400 0.550250
v 6.146442 0.005400 0.501344
v 6.157909 0.005400 0.443656
v 6.166948 0.010995 0.377474
v 6.129460 0.010995 0.321369
v 6.073350 0.010995 0.283880
v 6.007167 0.010995 0.270715
v 5.940984 0.010995 0.283880
v 5.884874 0.010995 0.321368
v 5.847387 0.010995 0.377474
v 5.834229 0.010995 0.443656
v 5.847387 0.010996 0.509837
v 5.884874 0.010996 0.565943
v 5.940984 0.010996 0.603433
v 6.007167 0.010996 0.616597
v 6.073350 0.010996 0.603433
v 6.129460 0.010995 0.565943
v 6.166948 0.010995 0.509837
v 6.180104 0.010995 0.443656
v 6.007167 0.005400 0.443656
v 6.180246 0.024742 0.371964
v 6.139637 0.024742 0.311186
v 6.078858 0.024742 0.270576
v 6.007167 0.024742 0.256316
v 5.935477 0.024742 0.270576
v 5.874698 0.024742 0.311186
v 5.834088 0.024742 0.371964
v 5.819826 0.024742 0.443656
v 5.834088 0.024742 0.515348
v 5.874698 0.024743 0.576125
v 5.935477 0.024743 0.616735
v 6.007167 0.024742 0.630996
v 6.078858 0.024742 0.616735
v 6.139637 0.024742 0.576125
v 6.180246 0.024742 0.515348
v 6.194508 0.024742 0.443656
v 6.180246 0.031953 0.371964
v 6.139637 0.031953 0.311186
v 6.078858 0.031953 0.270576
v 6.007167 0.031953 0.256316
v 5.935477 0.031953 0.270576
v 5.874698 0.031953 0.311186
v 5.834088 0.031953 0.371964
v 5.819826 0.031953 0.443656
v 5.834088 0.031953 0.515348
v 5.874698 0.031953 0.576125
v 5.935477 0.031953 0.616735
v 6.007167 0.031953 0.630996
v 6.078858 0.031953 0.616735
v 6.139637 0.031953 0.576125
v 6.180246 0.031953 0.515348
v 6.194508 0.031953 0.443656
v 6.063771 0.097076 0.420212
v 6.050486 0.097076 0.400337
v 6.030610 0.097076 0.387057
v 6.007167 0.097076 0.382393
v 5.983724 0.097076 0.387057
v 5.963848 0.097076 0.400337
v 5.950563 0.097076 0.420212
v 5.945903 0.097076 0.443656
v 5.950563 0.097076 0.467100
v 5.963848 0.097076 0.486975
v 5.983724 0.097076 0.500255
v 6.007167 0.097076 0.504918
v 6.030610 0.097076 0.500255
v 6.050486 0.097076 0.486975
v 6.063771 0.097076 0.467100
v 6.068431 0.097076 0.443656
v 6.063771 0.524082 0.420212
v 6.050486 0.524082 0.400337
v 6.030610 0.524082 0.387057
v 6.007167 0.524082 0.382393
v 5.983724 0.524082 0.387057
v 5.963848 0.524082 0.400337
v 5.950563 0.524082 0.420212
v 5.945903 0.524082 0.443656
v 5.950563 0.524082 0.467100
v 5.963848 0.524082 0.486975
v 5.983724 0.524082 0.500255
v 6.007167 0.524082 0.504918
v 6.030610 0.524082 0.500255
v 6.050486 0.524082 0.486975
v 6.063771 0.524082 0.467100
v 6.068431 0.524082 0.443656
v 6.150765 0.546625 0.384182
v 6.117060 0.546625 0.333764
v 6.066635 0.546625 0.300075
v 6.007167 0.546625 0.288244
v 5.947699 0.546625 0.300075
v 5.897274 0.546625 0.333764
v 5.863569 0.546625 0.384182
v 5.851753 0.546625 0.443656
v 5.863569 0.546625 0.503129
v 5.897274 0.546625 0.553548
v 5.947699 0.546625 0.587237
v 6.007167 0.546625 0.599066
v 6.066635 0.546625 0.587237
v 6.117060 0.546625 0.553548
v 6.150765 0.546625 0.503129
v 6.162581 0.546625 0.443656
v 6.168422 0.558952 0.376869
v 6.130572 0.558952 0.320251
v 6.073948 0.558952 0.282418
v 6.007167 0.558952 0.269133
v 5.940385 0.558952 0.282418
v 5.883761 0.558952 0.320250
v 5.845912 0.558952 0.376869
v 5.832638 0.558952 0.443656
v 5.845912 0.558952 0.510443
v 5.883761 0.558952 0.567062
v 5.940385 0.558952 0.604893
v 6.007167 0.558952 0.618177
v 6.073948 0.558952 0.604893
v 6.130572 0.558952 0.567062
v 6.168422 0.558952 0.510443
v 6.181696 0.558952 0.443656
v 6.168422 0.580256 0.376869
v 6.130572 0.580256 0.320251
v 6.073948 0.580256 0.282418
v 6.007167 0.580256 0.269133
v 5.940385 0.580256 0.282418
v 5.883761 0.580256 0.320250
v 5.845912 0.580256 0.376869
v 5.832638 0.580256 0.443656
v 5.845912 0.580256 0.510443
v 5.883761 0.580256 0.567062
v 5.940385 0.580256 0.604893
v 6.007167 0.580256 0.618177
v 6.073948 0.580256 0.604893
v 6.130572 0.580256 0.567062
v 6.168422 0.580256 0.510443
v 6.181696 0.580256 0.443656
v 6.150634 0.587661 0.384237
v 6.116960 0.587661 0.333864
v 6.066581 0.587661 0.300205
v 6.007167 0.587661 0.288386
v 5.947752 0.587661 0.300205
v 5.897372 0.587661 0.333863
v 5.863699 0.587661 0.384236
v 5.851891 0.587661 0.443656
v 5.863699 0.587661 0.503075
v 5.897372 0.587661 0.553448
v 5.947752 0.587661 0.587106
v 6.007167 0.587661 0.598924
v 6.066581 0.587661 0.587106
v 6.116960 0.587661 0.553448
v 6.150634 0.587661 0.503075
v 6.162443 0.587661 0.443656
v 6.150634 0.581333 0.384237
v 6.116960 0.581333 0.333864
v 6.007167 0.581333 0.443656
v 6.066581 0.581333 0.300205
v 6.007167 0.581333 0.288386
v 5.947752 0.581333 0.300205
v 5.897372 0.581333 0.333863
v 5.863699 0.581333 0.384236
v 5.851891 0.581333 0.443656
v 5.863699 0.581333 0.503075
v 5.897372 0.581333 0.553448
v 5.947752 0.581333 0.587106
v 6.007167 0.581333 0.598924
v 6.066581 0.581333 0.587106
v 6.116960 0.581333 0.553448
v 6.150634 0.581333 0.503075
v 6.162443 0.581333 0.443656
vt 0.644356 0.096456
vt 0.610485 0.045765
vt 0.559794 0.011894
vt 0.500000 0.000000
vt 0.440206 0.011894
vt 0.389515 0.045765
vt 0.355644 0.096456
vt 0.343750 0.156250
vt 0.355644 0.216044
vt 0.389515 0.266735
vt 0.440206 0.300606
vt 0.500000 0.312500
vt 0.559794 0.300606
vt 0.610485 0.266735
vt 0.644356 0.216044
vt 0.656250 0.156250
vt 0.375000 0.312500
vt 0.390625 0.312500
vt 0.406250 0.312500
vt 0.421875 0.312500
vt 0.437500 0.312500
vt 0.453125 0.312500
vt 0.468750 0.312500
vt 0.484375 0.312500
vt 0.500000 0.312500
vt 0.515625 0.312500
vt 0.531250 0.312500
vt 0.546875 0.312500
vt 0.562500 0.312500
vt 0.578125 0.312500
vt 0.593750 0.312500
vt 0.609375 0.312500
vt 0.625000 0.312500
vt 0.375000 0.688440
vt 0.390625 0.688440
vt 0.406250 0.688440
vt 0.421875 0.688440
vt 0.437500 0.688440
vt 0.453125 0.688440
vt 0.468750 0.688440
vt 0.484375 0.688440
vt 0.500000 0.688440
vt 0.515625 0.688440
vt 0.531250 0.688440
vt 0.546875 0.688440
vt 0.562500 0.688440
vt 0.578125 0.688440
vt 0.593750 0.688440
vt 0.609375 0.688440
vt 0.625000 0.688440
vt 0.644356 0.783956
vt 0.610485 0.733265
vt 0.559794 0.699394
vt 0.500000 0.687500
vt 0.440206 0.699394
vt 0.389515 0.733265
vt 0.355644 0.783956
vt 0.343750 0.843750
vt 0.355644 0.903544
vt 0.389515 0.954235
vt 0.440206 0.988106
vt 0.500000 1.000000
vt 0.559794 0.988106
vt 0.610485 0.954235
vt 0.644356 0.903544
vt 0.656250 0.843750
vt 0.500000 0.150000
vt 0.500000 0.837500
vt 0.644356 0.903544
vt 0.610485 0.954235
vt 0.559794 0.988106
vt 0.500000 1.000000
vt 0.440206 0.988106
vt 0.389515 0.954235
vt 0.355644 0.903544
vt 0.343750 0.843750
vt 0.355644 0.783956
vt 0.389515 0.733265
vt 0.440206 0.699394
vt 0.500000 0.687500
vt 0.559794 0.699394
vt 0.610485 0.733265
vt 0.644356 0.783956
vt 0.656250 0.843750
vt 0.644356 0.903544
vt 0.610485 0.954235
vt 0.559794 0.988106
vt 0.500000 1.000000
vt 0.440206 0.988106
vt 0.389515 0.954235
vt 0.355644 0.903544
vt 0.343750 0.843750
vt 0.355644 0.783956
vt 0.389515 0.733265
vt 0.440206 0.699394
vt 0.500000 0.687500
vt 0.559794 0.699394
vt 0.610485 0.733265
vt 0.644356 0.783956
vt 0.656250 0.843750
vt 0.644356 0.903544
vt 0.610485 0.954235
vt 0.559794 0.988106
vt 0.500000 1.000000
vt 0.440206 0.988106
vt 0.389515 0.954235
vt 0.355644 0.903544
vt 0.343750 0.843750
vt 0.355644 0.783956
vt 0.389515 0.733265
vt 0.440206 0.699394
vt 0.500000 0.687500
vt 0.559794 0.699394
vt 0.610485 0.733265
vt 0.644356 0.783956
vt 0.656250 0.843750
vt 0.644356 0.903544
vt 0.610485 0.954235
vt 0.559794 0.988106
vt 0.500000 1.000000
vt 0.440206 0.988106
vt 0.389515 0.954235
vt 0.355644 0.903544
vt 0.343750 0.843750
vt 0.355644 0.783956
vt 0.389515 0.733265
vt 0.440206 0.699394
vt 0.500000 0.687500
vt 0.559794 0.699394
vt 0.610485 0.733265
vt 0.644356 0.783956
vt 0.656250 0.843750
vt 0.644356 0.903544
vt 0.610485 0.954235
vt 0.559794 0.988106
vt 0.500000 1.000000
vt 0.440206 0.988106
vt 0.389515 0.954235
vt 0.355644 0.903544
vt 0.343750 0.843750
vt 0.355644 0.783956
vt 0.389515 0.733265
vt 0.440206 0.699394
vt 0.500000 0.687500
vt 0.559794 0.699394
vt 0.610485 0.733265
vt 0.644356 0.783956
vt 0.656250 0.843750
vt 0.644356 0.903544
vt 0.610485 0.954235
vt 0.559794 0.988106
vt 0.500000 1.000000
vt 0.440206 0.988106
vt 0.389515 0.954235
vt 0.355644 0.903544
vt 0.343750 0.843750
vt 0.355644 0.783956
vt 0.389515 0.733265
vt 0.440206 0.699394
vt 0.500000 0.687500
vt 0.559794 0.699394
vt 0.610485 0.733265
vt 0.644356 0.783956
vt 0.656250 0.843750
vt 0.644356 0.903544
vt 0.610485 0.954235
vt 0.559794 0.988106
vt 0.500000 1.000000
vt 0.440206 0.988106
vt 0.389515 0.954235
vt 0.355644 0.903544
vt 0.343750 0.843750
vt 0.355644 0.783956
vt 0.389515 0.733265
vt 0.440206 0.699394
vt 0.500000 0.687500
vt 0.559794 0.699394
vt 0.610485 0.733265
vt 0.644356 0.783956
vt 0.656250 0.843750
vt 0.644356 0.903544
vt 0.610485 0.954235
vt 0.559794 0.988106
vt 0.500000 1.000000
vt 0.440206 0.988106
vt 0.389515 0.954235
vt 0.355644 0.903544
vt 0.343750 0.843750
vt 0.355644 0.783956
vt 0.389515 0.733265
vt 0.440206 0.699394
vt 0.500000 0.687500
vt 0.559794 0.699394
vt 0.610485 0.733265
vt 0.644356 0.783956
vt 0.656250 0.843750
vt 0.644356 0.903544
vt 0.610485 0.954235
vt 0.559794 0.988106
vt 0.500000 1.000000
vt 0.440206 0.988106
vt 0.389515 0.954235
vt 0.355644 0.903544
vt 0.343750 0.843750
vt 0.355644 0.783956
vt 0.389515 0.733265
vt 0.440206 0.699394
vt 0.500000 0.687500
vt 0.559794 0.699394
vt 0.610485 0.733265
vt 0.644356 0.783956
vt 0.656250 0.843750
vn 0.066978 -0.997369 -0.027737
vn 0.051257 -0.997369 -0.051259
vn 0.356650 -0.863485 -0.356644
vn 0.465988 -0.863486 -0.192994
vn 0.027739 -0.997369 -0.066972
vn 0.193011 -0.863498 -0.465960
vn -0.000000 -0.997369 -0.072492
vn -0.000001 -0.863501 -0.504348
vn -0.027739 -0.997369 -0.066972
vn -0.193011 -0.863495 -0.465964
vn -0.051259 -0.997369 -0.051260
vn -0.356654 -0.863481 -0.356649
vn -0.066977 -0.997369 -0.027737
vn -0.465992 -0.863483 -0.192997
vn -0.072487 -0.997369 0.000001
vn -0.504347 -0.863501 0.000001
vn -0.066976 -0.997369 0.027739
vn -0.465994 -0.863482 0.192999
vn -0.051259 -0.997369 0.051262
vn -0.356658 -0.863478 0.356651
vn -0.027739 -0.997369 0.066974
vn -0.193014 -0.863491 0.465970
vn -0.000000 -0.997369 0.072494
vn -0.000000 -0.863496 0.504356
vn 0.027738 -0.997369 0.066974
vn 0.193014 -0.863492 0.465969
vn 0.051257 -0.997369 0.051261
vn 0.356654 -0.863481 0.356649
vn 0.066978 -0.997369 0.027739
vn 0.465991 -0.863484 0.192995
vn 0.072485 -0.997370 0.000001
vn 0.504342 -0.863504 0.000001
vn -0.000000 -1.000000 0.000001
vn 0.000000 1.000000 0.000000
vn 0.000000 1.000000 0.000000
vn 0.000000 1.000000 -0.000000
vn 0.000000 1.000000 0.000000
vn 0.000000 1.000000 0.000000
vn 0.000000 1.000000 -0.000001
vn 0.000000 1.000000 -0.000001
vn 0.000000 1.000000 0.000000
vn 0.000000 1.000000 0.000000
vn 0.000000 1.000000 0.000000
vn 0.000000 1.000000 0.000001
vn 0.000000 1.000000 0.000001
vn 0.000000 1.000000 0.000000
vn 0.000000 1.000000 -0.000000
vn 0.000000 1.000000 -0.000000
vn 0.000000 1.000000 0.000000
vn 0.000000 1.000000 0.000000
vn 0.591575 -0.547766 -0.591600
vn 0.772936 -0.547791 -0.320149
vn 0.320138 -0.547820 -0.772919
vn -0.000000 -0.547845 -0.836580
vn -0.320138 -0.547815 -0.772923
vn -0.591579 -0.547758 -0.591604
vn -0.772945 -0.547773 -0.320156
vn -0.836599 -0.547815 0.000000
vn -0.772938 -0.547782 0.320158
vn -0.591579 -0.547758 0.591604
vn -0.320145 -0.547799 0.772932
vn -0.000000 -0.547817 0.836598
vn 0.320146 -0.547797 0.772933
vn 0.591580 -0.547756 0.591605
vn 0.772935 -0.547790 0.320152
vn 0.836587 -0.547834 0.000001
vn 0.707106 0.000000 -0.707108
vn 0.923880 0.000000 -0.382683
vn 0.382682 0.000000 -0.923880
vn 0.000000 0.000000 -1.000000
vn -0.382682 0.000000 -0.923880
vn -0.707106 0.000000 -0.707108
vn -0.923878 0.000000 -0.382688
vn -1.000000 0.000000 0.000000
vn -0.923877 0.000000 0.382690
vn -0.707104 0.000000 0.707110
vn -0.382682 0.000000 0.923880
vn -0.000000 0.000000 1.000000
vn 0.382682 0.000000 0.923880
vn 0.707104 0.000000 0.707110
vn 0.923879 0.000000 0.382684
vn 1.000000 0.000000 0.000000
vn 0.423996 0.888472 -0.175630
vn 0.324506 0.888471 -0.324522
vn 0.633612 0.443784 -0.633712
vn 0.827888 0.443834 -0.342947
vn 0.175626 0.888473 -0.423995
vn 0.342934 0.443815 -0.827903
vn 0.000001 0.888475 -0.458925
vn 0.000002 0.443827 -0.896113
vn -0.175623 0.888474 -0.423994
vn -0.342926 0.443813 -0.827908
vn -0.324507 0.888471 -0.324523
vn -0.633612 0.443786 -0.633711
vn -0.423999 0.888469 -0.175632
vn -0.827894 0.443829 -0.342941
vn -0.458937 0.888469 -0.000001
vn -0.896133 0.443785 -0.000000
vn -0.423998 0.888471 0.175630
vn -0.827893 0.443830 0.342940
vn -0.324506 0.888471 0.324523
vn -0.633609 0.443787 0.633714
vn -0.175621 0.888474 0.423994
vn -0.342920 0.443811 0.827911
vn 0.000001 0.888476 0.458924
vn 0.000000 0.443827 0.896112
vn 0.175624 0.888473 0.423996
vn 0.342925 0.443814 0.827908
vn 0.324506 0.888471 0.324523
vn 0.633609 0.443786 0.633714
vn 0.423997 0.888471 0.175629
vn 0.827890 0.443831 0.342945
vn 0.458939 0.888468 -0.000001
vn 0.896133 0.443785 -0.000000
vn 0.657407 -0.368055 -0.657535
vn 0.858993 -0.368118 -0.355837
vn 0.355827 -0.368052 -0.859025
vn 0.000001 -0.368049 -0.929806
vn -0.355817 -0.368049 -0.859031
vn -0.657407 -0.368056 -0.657534
vn -0.858999 -0.368114 -0.355828
vn -0.929809 -0.368042 -0.000000
vn -0.858998 -0.368114 0.355828
vn -0.657403 -0.368058 0.657537
vn -0.355810 -0.368046 0.859035
vn 0.000000 -0.368045 0.929808
vn 0.355816 -0.368049 0.859031
vn 0.657402 -0.368060 0.657537
vn 0.858994 -0.368119 0.355835
vn 0.929808 -0.368044 0.000000
vn 0.235322 -0.942985 -0.235379
vn 0.307492 -0.942987 -0.127376
vn 0.127374 -0.942983 -0.307505
vn 0.000000 -0.942983 -0.332842
vn -0.127371 -0.942983 -0.307505
vn -0.235323 -0.942985 -0.235376
vn -0.307490 -0.942988 -0.127374
vn -0.332808 -0.942995 0.000000
vn -0.307490 -0.942988 0.127375
vn -0.235322 -0.942985 0.235378
vn -0.127368 -0.942983 0.307507
vn 0.000000 -0.942982 0.332843
vn 0.127370 -0.942982 0.307509
vn 0.235322 -0.942985 0.235380
vn 0.307492 -0.942987 0.127376
vn 0.332808 -0.942995 0.000000
vn 0.629953 -0.454011 -0.630105
vn 0.823156 -0.454015 -0.341006
vn 0.340977 -0.454016 -0.823167
vn 0.000001 -0.454016 -0.890994
vn -0.340970 -0.454017 -0.823170
vn -0.629952 -0.454024 -0.630098
vn -0.823150 -0.454032 -0.340998
vn -0.890962 -0.454079 0.000000
vn -0.823153 -0.454024 0.340999
vn -0.629953 -0.454017 0.630102
vn -0.340960 -0.454017 0.823174
vn -0.000000 -0.454014 0.890994
vn 0.340964 -0.454016 0.823173
vn 0.629950 -0.454013 0.630107
vn 0.823157 -0.454013 0.341004
vn 0.890967 -0.454068 0.000000
vn 0.610349 0.504745 -0.610497
vn 0.797556 0.504714 -0.330405
vn 0.330367 0.504739 -0.797556
vn 0.000001 0.504733 -0.863275
vn -0.330362 0.504732 -0.797563
vn -0.610358 0.504729 -0.610502
vn -0.797562 0.504707 -0.330403
vn -0.863261 0.504759 -0.000000
vn -0.797567 0.504698 0.330404
vn -0.610359 0.504723 0.610505
vn -0.330353 0.504729 0.797569
vn -0.000000 0.504732 0.863276
vn 0.330355 0.504734 0.797564
vn 0.610348 0.504744 0.610499
vn 0.797554 0.504719 0.330403
vn 0.863256 0.504766 0.000000
vn 0.075524 0.994278 -0.075545
vn 0.098719 0.994275 -0.040900
vn 0.040882 0.994278 -0.098695
vn 0.000000 0.994277 -0.106834
vn -0.040881 0.994278 -0.098693
vn -0.075525 0.994278 -0.075546
vn -0.098720 0.994274 -0.040899
vn -0.106808 0.994280 -0.000001
vn -0.098722 0.994274 0.040900
vn -0.075528 0.994278 0.075549
vn -0.040881 0.994278 0.098696
vn 0.000000 0.994277 0.106831
vn 0.040879 0.994278 0.098695
vn 0.075521 0.994278 0.075544
vn 0.098715 0.994275 0.040898
vn 0.106805 0.994280 0.000000
vn -0.707014 0.000000 0.707199
vn -0.923863 0.000000 0.382724
vn -0.382688 0.000000 0.923878
vn -0.000000 0.000000 1.000000
vn 0.382675 0.000000 0.923883
vn 0.707015 0.000000 0.707198
vn 0.923867 0.000000 0.382714
vn 1.000000 0.000000 0.000000
vn 0.923867 0.000000 -0.382714
vn 0.707014 0.000000 -0.707200
vn 0.382664 0.000000 -0.923888
vn 0.000000 0.000000 -1.000000
vn -0.382672 0.000000 -0.923884
vn -0.707012 0.000000 -0.707201
vn -0.923863 0.000000 -0.382722
vn -1.000000 0.000000 0.000000
s 1
g pCylinder19
usemtl initialShadingGroup
f 464/663/1152 465/664/1153 481/681/1154 480/680/1155
f 465/664/1153 466/665/1156 482/682/1157 481/681/1154
f 466/665/1156 467/666/1158 483/683/1159 482/682/1157
f 467/666/1158 468/667/1160 484/684/1161 483/683/1159
f 468/667/1160 469/668/1162 485/685/1163 484/684/1161
f 469/668/1162 470/669/1164 486/686/1165 485/685/1163
f 470/669/1164 471/670/1166 487/687/1167 486/686/1165
f 471/670/1166 472/671/1168 488/688/1169 487/687/1167
f 472/671/1168 473/672/1170 489/689/1171 488/688/1169
f 473/672/1170 474/673/1172 490/690/1173 489/689/1171
f 474/673/1172 475/674/1174 491/691/1175 490/690/1173
f 475/674/1174 476/675/1176 492/692/1177 491/691/1175
f 476/675/1176 477/676/1178 493/693/1179 492/692/1177
f 477/676/1178 478/677/1180 494/694/1181 493/693/1179
f 478/677/1180 479/678/1182 495/695/1183 494/694/1181
f 479/678/1182 464/679/1152 480/696/1155 495/695/1183
f 465/648/1153 464/647/1152 496/713/1184
f 466/649/1156 465/648/1153 496/713/1184
f 467/650/1158 466/649/1156 496/713/1184
f 468/651/1160 467/650/1158 496/713/1184
f 469/652/1162 468/651/1160 496/713/1184
f 470/653/1164 469/652/1162 496/713/1184
f 471/654/1166 470/653/1164 496/713/1184
f 472/655/1168 471/654/1166 496/713/1184
f 473/656/1170 472/655/1168 496/713/1184
f 474/657/1172 473/656/1170 496/713/1184
f 475/658/1174 474/657/1172 496/713/1184
f 476/659/1176 475/658/1174 496/713/1184
f 477/660/1178 476/659/1176 496/713/1184
f 478/661/1180 477/660/1178 496/713/1184
f 479/662/1182 478/661/1180 496/713/1184
f 464/647/1152 479/662/1182 496/713/1184
s 2
f 625/843/1185 626/844/1186 627/714/1187
f 626/844/1186 628/845/1188 627/714/1187
f 628/845/1188 629/846/1189 627/714/1187
f 629/846/1189 630/847/1190 627/714/1187
f 630/847/1190 631/848/1191 627/714/1187
f 631/848/1191 632/849/1192 627/714/1187
f 632/849/1192 633/850/1193 627/714/1187
f 633/850/1193 634/851/1194 627/714/1187
f 634/851/1194 635/852/1195 627/714/1187
f 635/852/1195 636/853/1196 627/714/1187
f 636/853/1196 637/854/1197 627/714/1187
f 637/854/1197 638/855/1198 627/714/1187
f 638/855/1198 639/856/1199 627/714/1187
f 639/856/1199 640/857/1200 627/714/1187
f 640/857/1200 641/858/1201 627/714/1187
f 641/858/1201 625/843/1185 627/714/1187
s 1
f 480/711/1155 481/710/1154 498/716/1202 497/715/1203
f 481/710/1154 482/709/1157 499/717/1204 498/716/1202
f 482/709/1157 483/708/1159 500/718/1205 499/717/1204
f 483/708/1159 484/707/1161 501/719/1206 500/718/1205
f 484/707/1161 485/706/1163 502/720/1207 501/719/1206
f 485/706/1163 486/705/1165 503/721/1208 502/720/1207
f 486/705/1165 487/704/1167 504/722/1209 503/721/1208
f 487/704/1167 488/703/1169 505/723/1210 504/722/1209
f 488/703/1169 489/702/1171 506/724/1211 505/723/1210
f 489/702/1171 490/701/1173 507/725/1212 506/724/1211
f 490/701/1173 491/700/1175 508/726/1213 507/725/1212
f 491/700/1175 492/699/1177 509/727/1214 508/726/1213
f 492/699/1177 493/698/1179 510/728/1215 509/727/1214
f 493/698/1179 494/697/1181 511/729/1216 510/728/1215
f 494/697/1181 495/712/1183 512/730/1217 511/729/1216
f 495/712/1183 480/711/1155 497/715/1203 512/730/1217
f 497/715/1203 498/716/1202 514/732/1218 513/731/1219
f 498/716/1202 499/717/1204 515/733/1220 514/732/1218
f 499/717/1204 500/718/1205 516/734/1221 515/733/1220
f 500/718/1205 501/719/1206 517/735/1222 516/734/1221
f 501/719/1206 502/720/1207 518/736/1223 517/735/1222
f 502/720/1207 503/721/1208 519/737/1224 518/736/1223
f 503/721/1208 504/722/1209 520/738/1225 519/737/1224
f 504/722/1209 505/723/1210 521/739/1226 520/738/1225
f 505/723/1210 506/724/1211 522/740/1227 521/739/1226
f 506/724/1211 507/725/1212 523/741/1228 522/740/1227
f 507/725/1212 508/726/1213 524/742/1229 523/741/1228
f 508/726/1213 509/727/1214 525/743/1230 524/742/1229
f 509/727/1214 510/728/1215 526/744/1231 525/743/1230
f 510/728/1215 511/729/1216 527/745/1232 526/744/1231
f 511/729/1216 512/730/1217 528/746/1233 527/745/1232
f 512/730/1217 497/715/1203 513/731/1219 528/746/1233
s 3
f 513/731/1234 514/732/1235 530/748/1236 529/747/1237
f 514/732/1235 515/733/1238 531/749/1239 530/748/1236
f 515/733/1238 516/734/1240 532/750/1241 531/749/1239
f 516/734/1240 517/735/1242 533/751/1243 532/750/1241
f 517/735/1242 518/736/1244 534/752/1245 533/751/1243
f 518/736/1244 519/737/1246 535/753/1247 534/752/1245
f 519/737/1246 520/738/1248 536/754/1249 535/753/1247
f 520/738/1248 521/739/1250 537/755/1251 536/754/1249
f 521/739/1250 522/740/1252 538/756/1253 537/755/1251
f 522/740/1252 523/741/1254 539/757/1255 538/756/1253
f 523/741/1254 524/742/1256 540/758/1257 539/757/1255
f 524/742/1256 525/743/1258 541/759/1259 540/758/1257
f 525/743/1258 526/744/1260 542/760/1261 541/759/1259
f 526/744/1260 527/745/1262 543/761/1263 542/760/1261
f 527/745/1262 528/746/1264 544/762/1265 543/761/1263
f 528/746/1264 513/731/1234 529/747/1237 544/762/1265
f 529/747/1237 530/748/1236 546/764/1266 545/763/1267
f 530/748/1236 531/749/1239 547/765/1268 546/764/1266
f 531/749/1239 532/750/1241 548/766/1269 547/765/1268
f 532/750/1241 533/751/1243 549/767/1270 548/766/1269
f 533/751/1243 534/752/1245 550/768/1271 549/767/1270
f 534/752/1245 535/753/1247 551/769/1272 550/768/1271
f 535/753/1247 536/754/1249 552/770/1273 551/769/1272
f 536/754/1249 537/755/1251 553/771/1274 552/770/1273
f 537/755/1251 538/756/1253 554/772/1275 553/771/1274
f 538/756/1253 539/757/1255 555/773/1276 554/772/1275
f 539/757/1255 540/758/1257 556/774/1277 555/773/1276
f 540/758/1257 541/759/1259 557/775/1278 556/774/1277
f 541/759/1259 542/760/1261 558/776/1279 557/775/1278
f 542/760/1261 543/761/1263 559/777/1280 558/776/1279
f 543/761/1263 544/762/1265 560/778/1281 559/777/1280
f 544/762/1265 529/747/1237 545/763/1267 560/778/1281
f 545/763/1267 546/764/1266 562/780/1282 561/779/1283
f 546/764/1266 547/765/1268 563/781/1284 562/780/1282
f 547/765/1268 548/766/1269 564/782/1285 563/781/1284
f 548/766/1269 549/767/1270 565/783/1286 564/782/1285
f 549/767/1270 550/768/1271 566/784/1287 565/783/1286
f 550/768/1271 551/769/1272 567/785/1288 566/784/1287
f 551/769/1272 552/770/1273 568/786/1289 567/785/1288
f 552/770/1273 553/771/1274 569/787/1290 568/786/1289
f 553/771/1274 554/772/1275 570/788/1291 569/787/1290
f 554/772/1275 555/773/1276 571/789/1292 570/788/1291
f 555/773/1276 556/774/1277 572/790/1293 571/789/1292
f 556/774/1277 557/775/1278 573/791/1294 572/790/1293
f 557/775/1278 558/776/1279 574/792/1295 573/791/1294
f 558/776/1279 559/777/1280 575/793/1296 574/792/1295
f 559/777/1280 560/778/1281 576/794/1297 575/793/1296
f 560/778/1281 545/763/1267 561/779/1283 576/794/1297
f 561/779/1283 562/780/1282 578/796/1298 577/795/1299
f 562/780/1282 563/781/1284 579/797/1300 578/796/1298
f 563/781/1284 564/782/1285 580/798/1301 579/797/1300
f 564/782/1285 565/783/1286 581/799/1302 580/798/1301
f 565/783/1286 566/784/1287 582/800/1303 581/799/1302
f 566/784/1287 567/785/1288 583/801/1304 582/800/1303
f 567/785/1288 568/786/1289 584/802/1305 583/801/1304
f 568/786/1289 569/787/1290 585/803/1306 584/802/1305
f 569/787/1290 570/788/1291 586/804/1307 585/803/1306
f 570/788/1291 571/789/1292 587/805/1308 586/804/1307
f 571/789/1292 572/790/1293 588/806/1309 587/805/1308
f 572/790/1293 573/791/1294 589/807/1310 588/806/1309
f 573/791/1294 574/792/1295 590/808/1311 589/807/1310
f 574/792/1295 575/793/1296 591/809/1312 590/808/1311
f 575/793/1296 576/794/1297 592/810/1313 591/809/1312
f 576/794/1297 561/779/1283 577/795/1299 592/810/1313
f 577/795/1299 578/796/1298 594/812/1314 593/811/1315
f 578/796/1298 579/797/1300 595/813/1316 594/812/1314
f 579/797/1300 580/798/1301 596/814/1317 595/813/1316
f 580/798/1301 581/799/1302 597/815/1318 596/814/1317
f 581/799/1302 582/800/1303 598/816/1319 597/815/1318
f 582/800/1303 583/801/1304 599/817/1320 598/816/1319
f 583/801/1304 584/802/1305 600/818/1321 599/817/1320
f 584/802/1305 585/803/1306 601/819/1322 600/818/1321
f 585/803/1306 586/804/1307 602/820/1323 601/819/1322
f 586/804/1307 587/805/1308 603/821/1324 602/820/1323
f 587/805/1308 588/806/1309 604/822/1325 603/821/1324
f 588/806/1309 589/807/1310 605/823/1326 604/822/1325
f 589/807/1310 590/808/1311 606/824/1327 605/823/1326
f 590/808/1311 591/809/1312 607/825/1328 606/824/1327
f 591/809/1312 592/810/1313 608/826/1329 607/825/1328
f 592/810/1313 577/795/1299 593/811/1315 608/826/1329
f 593/811/1315 594/812/1314 610/828/1330 609/827/1331
f 594/812/1314 595/813/1316 611/829/1332 610/828/1330
f 595/813/1316 596/814/1317 612/830/1333 611/829/1332
f 596/814/1317 597/815/1318 613/831/1334 612/830/1333
f 597/815/1318 598/816/1319 614/832/1335 613/831/1334
f 598/816/1319 599/817/1320 615/833/1336 614/832/1335
f 599/817/1320 600/818/1321 616/834/1337 615/833/1336
f 600/818/1321 601/819/1322 617/835/1338 616/834/1337
f 601/819/1322 602/820/1323 618/836/1339 617/835/1338
f 602/820/1323 603/821/1324 619/837/1340 618/836/1339
f 603/821/1324 604/822/1325 620/838/1341 619/837/1340
f 604/822/1325 605/823/1326 621/839/1342 620/838/1341
f 605/823/1326 606/824/1327 622/840/1343 621/839/1342
f 606/824/1327 607/825/1328 623/841/1344 622/840/1343
f 607/825/1328 608/826/1329 624/842/1345 623/841/1344
f 608/826/1329 593/811/1315 609/827/1331 624/842/1345
f 609/827/1331 610/828/1330 626/844/1346 625/843/1347
f 610/828/1330 611/829/1332 628/845/1348 626/844/1346
f 611/829/1332 612/830/1333 629/846/1349 628/845/1348
f 612/830/1333 613/831/1334 630/847/1350 629/846/1349
f 613/831/1334 614/832/1335 631/848/1351 630/847/1350
f 614/832/1335 615/833/1336 632/849/1352 631/848/1351
f 615/833/1336 616/834/1337 633/850/1353 632/849/1352
f 616/834/1337 617/835/1338 634/851/1354 633/850/1353
f 617/835/1338 618/836/1339 635/852/1355 634/851/1354
f 618/836/1339 619/837/1340 636/853/1356 635/852/1355
f 619/837/1340 620/838/1341 637/854/1357 636/853/1356
f 620/838/1341 621/839/1342 638/855/1358 637/854/1357
f 621/839/1342 622/840/1343 639/856/1359 638/855/1358
f 622/840/1343 623/841/1344 640/857/1360 639/856/1359
f 623/841/1344 624/842/1345 641/858/1361 640/857/1360
f 624/842/1345 609/827/1331 625/843/1347 641/858/1361
g default
v 8.411674 0.603239 0.104688
v 9.869720 0.603239 0.104688
v 8.411674 1.029646 0.104688
v 9.869720 1.029646 0.104688
v 8.411674 1.029646 0.053307
v 9.869720 1.029646 0.053307
v 8.411674 0.603239 0.053307
v 9.869720 0.603239 0.053307
v 8.411674 0.603239 0.434324
v 9.869720 0.603239 0.434324
v 9.869720 0.869963 0.434324
v 8.411674 0.869963 0.434324
v 8.411674 0.845833 0.434324
v 8.411674 0.991070 0.104688
v 8.411674 0.991070 0.053307
v 9.869720 0.991070 0.053307
v 9.869720 0.991070 0.104688
v 9.869720 0.845833 0.434324
v 8.411674 0.632644 0.434324
v 8.411674 0.650248 0.104688
v 8.411674 0.650248 0.053307
v 9.869720 0.650248 0.053307
v 9.869720 0.650248 0.104688
v 9.869720 0.632644 0.434324
v 8.434711 0.845833 0.434324
v 8.434711 0.632644 0.434324
v 8.434711 0.603239 0.434324
v 8.434711 0.603239 0.104688
v 8.434711 0.603239 0.053307
v 8.434711 0.650248 0.053307
v 8.434711 0.991070 0.053307
v 8.434711 1.029646 0.053307
v 8.434711 1.029646 0.104688
v 8.434711 0.869963 0.434324
v 9.846684 0.845833 0.434324
v 9.846684 0.632644 0.434324
v 9.846684 0.603239 0.434324
v 9.846684 0.603239 0.104688
v 9.846684 0.603239 0.053307
v 9.846684 0.650248 0.053307
v 9.846684 0.991070 0.053307
v 9.846684 1.029646 0.053307
v 9.846684 1.029646 0.104688
v 9.846684 0.869963 0.434324
v 8.434711 0.869963 0.104688
v 9.846684 0.869963 0.104688
v 9.846684 0.845833 0.104688
v 8.434711 0.845833 0.104688
v 9.846684 0.632644 0.104688
v 8.434711 0.632644 0.104688
v 9.846684 0.880156 0.413283
v 9.869720 0.880156 0.413283
v 9.869720 0.855104 0.413283
v 9.869720 0.633768 0.413283
v 9.869720 0.603239 0.413283
v 9.846684 0.603239 0.413283
v 8.434711 0.603239 0.413283
v 8.411674 0.603239 0.413283
v 8.411674 0.633768 0.413283
v 8.411674 0.855104 0.413283
v 8.411674 0.880156 0.413283
v 8.434711 0.880156 0.413283
v 9.846684 0.901095 0.413283
v 9.869720 0.901095 0.413283
v 9.846684 0.901095 0.434324
v 9.869720 0.901095 0.434324
v 8.434711 0.901095 0.413283
v 8.434711 0.901095 0.434324
v 8.411674 0.901095 0.413283
v 8.411674 0.901095 0.434324
vt 0.375000 0.000000
vt 0.625000 0.000000
vt 0.375000 0.250000
vt 0.625000 0.250000
vt 0.375000 0.500000
vt 0.625000 0.500000
vt 0.375000 0.750000
vt 0.625000 0.750000
vt 0.375000 1.000000
vt 0.625000 1.000000
vt 0.875000 0.000000
vt 0.875000 0.250000
vt 0.125000 0.000000
vt 0.125000 0.250000
vt 0.375000 0.000000
vt 0.625000 0.000000
vt 0.625000 0.250000
vt 0.375000 0.250000
vt 0.375000 0.227383
vt 0.375000 0.227383
vt 0.125000 0.227383
vt 0.375000 0.522617
vt 0.625000 0.522617
vt 0.875000 0.227383
vt 0.625000 0.227383
vt 0.625000 0.227383
vt 0.375000 0.027561
vt 0.375000 0.027561
vt 0.125000 0.027561
vt 0.375000 0.722439
vt 0.625000 0.722439
vt 0.875000 0.027561
vt 0.625000 0.027561
vt 0.625000 0.027561
vt 0.729167 0.113691
vt 0.458333 0.027561
vt 0.458333 0.000000
vt 0.458333 0.000000
vt 0.458333 1.000000
vt 0.458333 0.750000
vt 0.458333 0.722439
vt 0.458333 0.522617
vt 0.458333 0.500000
vt 0.458333 0.250000
vt 0.458333 0.250000
vt 0.270833 0.113691
vt 0.541667 0.027561
vt 0.541667 0.000000
vt 0.541667 0.000000
vt 0.541667 1.000000
vt 0.541667 0.750000
vt 0.541667 0.722439
vt 0.541667 0.522617
vt 0.541667 0.500000
vt 0.541667 0.250000
vt 0.541667 0.250000
vt 0.000000 0.000000
vt 1.000000 0.000000
vt 1.000000 1.000000
vt 0.000000 1.000000
vt 1.000000 0.500000
vt 0.000000 0.500000
vt 1.000000 1.000000
vt 0.000000 1.000000
vt 0.541667 0.250000
vt 0.507093 0.234043
vt 0.625000 0.250000
vt 0.625000 0.227383
vt 0.625000 0.027561
vt 0.625000 0.000000
vt 0.541667 0.000000
vt 0.458333 0.000000
vt 0.375000 0.000000
vt 0.375000 0.027561
vt 0.375000 0.227383
vt 0.375000 0.250000
vt 0.458333 0.250000
vt 0.625000 0.250000
vt 0.541667 0.250000
vt 0.541667 0.250000
vt 0.625000 0.250000
vt 0.458333 0.250000
vt 0.458333 0.250000
vt 0.375000 0.250000
vt 0.375000 0.250000
vn 0.000000 0.000000 1.000000
vn 0.000000 0.000000 1.000000
vn 0.000000 0.000000 1.000000
vn 0.000000 0.000000 1.000000
vn 0.000000 1.000000 0.000000
vn 0.000000 1.000000 0.000000
vn 0.000000 1.000000 0.000000
vn 0.000000 1.000000 0.000000
vn 0.000000 0.000000 -1.000000
vn 0.000000 0.000000 -1.000000
vn 0.000000 0.000000 -1.000000
vn 0.000000 0.000000 -1.000000
vn 0.000000 -1.000000 0.000000
vn 0.000000 -1.000000 0.000000
vn 0.000000 -1.000000 0.000000
vn 0.000000 -1.000000 0.000000
vn 1.000000 0.000000 0.000000
vn 1.000000 0.000000 0.000000
vn 1.000000 0.000000 0.000000
vn 1.000000 0.000000 0.000000
vn -1.000000 0.000000 0.000000
vn -1.000000 0.000000 0.000000
vn -1.000000 0.000000 0.000000
vn -1.000000 0.000000 0.000000
vn 0.000000 -1.000000 0.000000
vn 0.000000 -1.000000 0.000000
vn 0.000000 -1.000000 0.000000
vn 0.000000 -1.000000 0.000000
vn 1.000000 0.000000 0.000000
vn 1.000000 0.000000 0.000000
vn 1.000000 0.000000 0.000000
vn 1.000000 0.000000 0.000000
vn -1.000000 0.000000 0.000000
vn -1.000000 0.000000 0.000000
vn -1.000000 0.000000 0.000000
vn -1.000000 0.000000 0.000000
vn -1.000000 0.000000 0.000000
vn -1.000000 0.000000 0.000000
vn -1.000000 0.000000 0.000000
vn -1.000000 0.000000 0.000000
vn -1.000000 0.000000 0.000000
vn -1.000000 0.000000 0.000000
vn -1.000000 0.000000 0.000000
vn -1.000000 0.000000 0.000000
vn 0.000000 0.000000 -1.000000
vn 0.000000 0.000000 -1.000000
vn 0.000000 0.000000 -1.000000
vn 0.000000 0.000000 -1.000000
vn 1.000000 0.000000 0.000000
vn 1.000000 0.000000 0.000000
vn 1.000000 0.000000 0.000000
vn 1.000000 0.000000 0.000000
vn 1.000000 0.000000 0.000000
vn 1.000000 0.000000 0.000000
vn 1.000000 0.000000 0.000000
vn 1.000000 0.000000 0.000000
vn 0.000000 0.000000 1.000000
vn 0.000000 0.000000 1.000000
vn 0.000000 0.000000 1.000000
vn 0.000000 0.000000 1.000000
vn 0.000000 0.000000 1.000000
vn 0.000000 0.000000 1.000000
vn 0.000000 0.000000 1.000000
vn 0.000000 0.000000 1.000000
vn 0.000000 0.000000 1.000000
vn 0.000000 0.000000 1.000000
vn 0.000000 -1.000000 0.000000
vn 0.000000 -1.000000 0.000000
vn 0.000000 -1.000000 0.000000
vn 0.000000 -1.000000 0.000000
vn 0.000000 -1.000000 0.000000
vn 0.000000 -1.000000 0.000000
vn 0.000000 -1.000000 0.000000
vn 0.000000 -1.000000 0.000000
vn 0.000000 0.000000 -1.000000
vn 0.000000 0.000000 -1.000000
vn 0.000000 0.000000 -1.000000
vn 0.000000 0.000000 -1.000000
vn 0.000000 0.000000 -1.000000
vn 0.000000 0.000000 -1.000000
vn 0.000000 0.000000 -1.000000
vn 0.000000 0.000000 -1.000000
vn 0.000000 1.000000 0.000000
vn 0.000000 1.000000 0.000000
vn 0.000000 1.000000 0.000000
vn 0.000000 1.000000 0.000000
vn 0.000000 0.000000 1.000000
vn 0.000000 0.000000 1.000000
vn 0.000000 0.000000 1.000000
vn 0.000000 0.000000 1.000000
vn 0.000000 0.000000 1.000000
vn 0.000000 0.000000 1.000000
vn 0.000000 1.000000 0.000000
vn 0.000000 1.000000 0.000000
vn 0.000000 1.000000 0.000000
vn 0.000000 1.000000 0.000000
vn 0.000000 -1.000000 0.000000
vn 0.000000 -1.000000 0.000000
vn 0.000000 -1.000000 0.000000
vn 0.000000 -1.000000 0.000000
vn 0.000000 0.000000 1.000000
vn 0.000000 0.000000 1.000000
vn 0.000000 0.000000 1.000000
vn 0.000000 0.000000 1.000000
vn -0.000000 1.000000 0.000000
vn -0.000000 1.000000 0.000000
vn -0.000000 1.000000 0.000000
vn -0.000000 1.000000 0.000000
vn -1.000000 0.000000 0.000000
vn -1.000000 0.000000 0.000000
vn -1.000000 0.000000 0.000000
vn -1.000000 0.000000 0.000000
vn 1.000000 0.000000 0.000000
vn 1.000000 0.000000 0.000000
vn 1.000000 0.000000 0.000000
vn 1.000000 0.000000 0.000000
vn -1.000000 0.000009 0.000000
vn -1.000000 0.000009 0.000000
vn -1.000000 0.000009 0.000000
vn -1.000000 0.000009 0.000000
vn 1.000000 -0.000002 0.000000
vn 1.000000 -0.000002 0.000000
vn 1.000000 -0.000002 0.000000
vn 1.000000 -0.000002 0.000000
vn 0.000000 1.000000 0.000008
vn 0.000000 1.000000 0.000008
vn 0.000000 1.000000 0.000008
vn 0.000000 1.000000 0.000008
vn 1.000000 0.000000 0.000000
vn 1.000000 0.000000 0.000000
vn 1.000000 0.000000 0.000000
vn 1.000000 0.000000 0.000000
vn 0.000000 -1.000000 0.000000
vn 0.000000 -1.000000 0.000000
vn 0.000000 -1.000000 0.000000
vn 0.000000 -1.000000 0.000000
vn -1.000000 0.000000 0.000000
vn -1.000000 0.000000 0.000000
vn -1.000000 0.000000 0.000000
vn -1.000000 0.000000 0.000000
vn 0.000000 1.000000 0.000004
vn 0.000000 1.000000 0.000004
vn 0.000000 1.000000 0.000004
vn 0.000000 1.000000 0.000004
vn -1.000000 0.000000 0.000000
vn -1.000000 0.000000 0.000000
vn -1.000000 0.000000 0.000000
vn -1.000000 0.000000 0.000000
vn 0.000000 0.000000 1.000000
vn 0.000000 0.000000 1.000000
vn 0.000000 0.000000 1.000000
vn 0.000000 0.000000 1.000000
vn 1.000000 0.000000 0.000000
vn 1.000000 0.000000 0.000000
vn 1.000000 0.000000 0.000000
vn 1.000000 0.000000 0.000000
vn 1.000000 0.000000 0.000000
vn 1.000000 0.000000 0.000000
vn 1.000000 0.000000 0.000000
vn 1.000000 0.000000 0.000000
vn -1.000000 0.000000 0.000000
vn -1.000000 0.000000 0.000000
vn -1.000000 0.000000 0.000000
vn -1.000000 0.000000 0.000000
vn 0.000000 0.000000 1.000000
vn 0.000000 0.000000 1.000000
vn 0.000000 0.000000 1.000000
vn 0.000000 0.000000 1.000000
vn 0.000000 0.923107 0.384543
vn 0.000000 0.923107 0.384543
vn 0.000000 0.923107 0.384543
vn 0.000000 0.923107 0.384543
vn -1.000000 0.000000 0.000000
vn -1.000000 0.000000 0.000000
vn -1.000000 0.000000 0.000000
vn 1.000000 0.000000 0.000000
vn 1.000000 0.000000 0.000000
vn 1.000000 0.000000 0.000000
vn 0.000000 0.923111 0.384535
vn 0.000000 0.923111 0.384535
vn 0.000000 0.923111 0.384535
vn 0.000000 0.923111 0.384535
vn 1.000000 0.000000 0.000000
vn 1.000000 0.000000 0.000000
vn 1.000000 0.000000 0.000000
vn -1.000000 0.000000 0.000000
vn -1.000000 0.000000 0.000000
vn -1.000000 0.000000 0.000000
s 1
g pCube138
usemtl initialShadingGroup
f 678/906/1362 651/874/1363 665/892/1364 677/905/1365
s 2
f 684/913/1366 645/862/1367 647/864/1368 683/912/1369
s 3
f 681/910/1370 663/889/1371 649/866/1372 680/909/1373
s 4
f 680/909/1374 649/866/1375 643/868/1376 679/908/1377
s 5
f 643/860/1378 649/869/1379 663/890/1380 664/891/1381
s 6
f 648/871/1382 642/859/1383 661/886/1384 662/887/1385
s 7
f 679/907/1386 643/860/1387 696/928/1388 697/929/1389
s 8
f 643/860/1390 664/891/1391 695/927/1392 696/928/1393
s 9
f 661/886/1394 642/859/1395 699/931/1396 700/932/1397
f 644/861/1398 655/878/1399 701/933/1400 702/934/1401
s 6
f 656/879/1402 655/878/1403 644/861/1404 646/872/1405
s 3
f 683/912/1406 647/864/1407 657/881/1408 682/911/1409
s 5
f 658/883/1410 657/882/1411 647/870/1412 645/862/1413
s 8
f 694/926/1414 658/883/1415 645/862/1416 693/925/1417
s 1
f 685/914/1418 676/904/1419 659/884/1420 652/875/1421
s 9
f 655/878/1399 661/886/1394 700/932/1397 701/933/1400
s 6
f 662/887/1385 661/886/1384 655/878/1403 656/879/1402
s 3
f 682/911/1409 657/881/1408 663/889/1371 681/910/1370
s 5
f 664/891/1381 663/890/1380 657/882/1411 658/883/1410
s 8
f 695/927/1392 664/891/1391 658/883/1415 694/926/1414
s 1
f 677/905/1365 665/892/1364 659/884/1420 676/904/1419
f 660/885/1422 667/894/1423 666/893/1424 654/877/1425
f 650/873/1426 668/895/1427 667/894/1423 660/885/1422
s 7
f 642/859/1428 669/896/1429 698/930/1430 699/931/1431
s 4
f 648/865/1432 670/898/1433 669/897/1434 642/867/1435
s 3
f 662/888/1436 671/899/1437 670/898/1438 648/865/1439
f 656/880/1440 672/900/1441 671/899/1437 662/888/1436
f 646/863/1442 673/901/1443 672/900/1441 656/880/1440
s 2
f 644/861/1444 674/902/1445 673/901/1446 646/863/1447
s 1
f 654/877/1425 666/893/1424 675/903/1448 653/876/1449
f 668/895/1427 678/906/1362 677/905/1365 667/894/1423
s 7
f 669/896/1429 679/907/1386 697/929/1389 698/930/1430
s 4
f 670/898/1433 680/909/1374 679/908/1377 669/897/1434
s 3
f 671/899/1437 681/910/1370 680/909/1373 670/898/1438
f 672/900/1441 682/911/1409 681/910/1370 671/899/1437
f 673/901/1443 683/912/1406 682/911/1409 672/900/1441
s 2
f 674/902/1445 684/913/1366 683/912/1369 673/901/1446
s 1
f 675/903/1448 666/893/1424 676/904/1419 685/914/1418
s off
f 684/915/1450 674/916/1451 686/917/1452 687/918/1453
f 675/903/1454 685/914/1455 687/918/1456 686/917/1457
f 676/904/1458 666/893/1459 689/919/1460 688/920/1461
f 688/920/1462 689/919/1463 691/921/1464 690/922/1465
f 667/894/1466 677/905/1467 690/922/1468 691/921/1469
f 677/905/1470 676/904/1471 688/920/1472 690/922/1473
f 666/893/1474 667/894/1475 691/921/1476 689/919/1477
f 685/914/1478 692/924/1479 684/915/1480 687/918/1481
f 675/903/1482 686/917/1483 674/902/1484 703/935/1485
f 705/936/1486 704/937/1487 706/938/1488 707/939/1489
s 8
f 659/884/1490 694/926/1414 693/925/1417 652/875/1491
f 665/892/1492 695/927/1392 694/926/1414 659/884/1490
f 696/928/1393 695/927/1392 665/892/1492 651/874/1493
s 7
f 697/929/1389 696/928/1388 651/874/1494 678/906/1495
f 698/930/1430 697/929/1389 678/906/1495 668/895/1496
f 699/931/1431 698/930/1430 668/895/1496 650/873/1497
s 9
f 700/932/1397 699/931/1396 650/873/1498 660/885/1499
f 701/933/1400 700/932/1397 660/885/1499 654/877/1500
f 702/934/1401 701/933/1400 654/877/1500 653/876/1501
s off
f 709/940/1502 708/941/1503 710/942/1504 711/943/1505
f 692/923/1506 685/914/1507 706/938/1508 704/937/1509
f 685/914/1510 652/875/1511 707/939/1512 706/938/1513
f 652/875/1514 693/925/1515 705/936/1516 707/939/1517
f 675/903/1518 703/935/1519 708/941/1520 709/940/1521
f 702/934/1522 653/876/1523 711/943/1524 710/942/1525
f 653/876/1526 675/903/1527 709/940/1528 711/943/1529
f 645/862/1530 684/913/1531 704/937/1532 705/936/1533
f 692/923/1534 704/937/1535 684/915/1536
f 693/925/1537 645/862/1538 705/936/1539
f 674/902/1540 644/861/1541 710/942/1542 708/941/1543
f 703/935/1544 674/902/1545 708/941/1546
f 702/934/1547 710/942/1548 644/861/1549
g default
v 10.358620 1.039145 0.925971
v 10.964014 1.039145 0.925971
v 10.358620 1.039145 0.136401
v 10.964014 1.039145 0.136401
v 10.358620 0.862028 0.832823
v 10.358620 0.862028 0.136401
v 10.964014 0.862028 0.136401
v 10.964014 0.862028 0.832823
v 10.358620 1.130842 0.755048
v 10.964014 1.130842 0.755048
v 10.964014 1.106007 0.136401
v 10.358620 1.106007 0.136401
v 10.358620 1.431645 0.577314
v 10.964014 1.431645 0.577314
v 10.964014 1.428058 0.136401
v 10.358620 1.428058 0.136401
v 10.358620 1.498513 0.577314
v 10.964014 1.498513 0.577314
v 10.964014 1.494926 0.136401
v 10.358620 1.494926 0.136401
v 10.358620 1.735975 0.688761
v 10.964014 1.735975 0.688761
v 10.964014 1.614938 0.136401
v 10.358620 1.614938 0.136401
v 10.358620 1.867371 0.627877
v 10.964014 1.867371 0.627877
v 10.964014 1.752330 0.136401
v 10.358620 1.752330 0.136401
v 10.358620 0.870924 0.878321
v 10.358620 0.870924 0.136401
v 10.964014 0.870924 0.136401
v 10.964014 0.870924 0.878321
v 10.952619 1.735975 0.688761
v 10.952619 1.867371 0.627877
v 10.952619 1.752330 0.136401
v 10.952619 1.614938 0.136401
v 10.952619 1.494926 0.136401
v 10.952619 1.428058 0.136401
v 10.952619 1.106007 0.136401
v 10.952619 1.039145 0.136401
v 10.952619 0.870924 0.136401
v 10.952619 0.862028 0.136401
v 10.952619 0.862028 0.832823
v 10.952619 0.870924 0.878321
v 10.952619 1.039145 0.925971
v 10.952619 1.130842 0.755048
v 10.952619 1.431645 0.577314
v 10.952619 1.498513 0.577314
v 10.370016 1.735975 0.688761
v 10.370016 1.867371 0.627877
v 10.370016 1.752330 0.136401
v 10.370016 1.614938 0.136401
v 10.370016 1.494926 0.136401
v 10.370016 1.428058 0.136401
v 10.370016 1.106007 0.136401
v 10.370016 1.039145 0.136401
v 10.370016 0.870924 0.136401
v 10.370016 0.862028 0.136401
v 10.370016 0.862028 0.832823
v 10.370016 0.870924 0.878321
v 10.370016 1.039145 0.925971
v 10.370016 1.130842 0.755048
v 10.370016 1.431645 0.577314
v 10.370016 1.498513 0.577314
v 10.358620 1.074044 0.889857
v 10.370016 1.074044 0.889857
v 10.370016 1.148744 0.809279
v 10.358620 1.148744 0.809279
v 10.370016 1.449547 0.631546
v 10.358620 1.449547 0.631546
v 10.370016 1.516415 0.631546
v 10.358620 1.516415 0.631546
v 10.370016 1.753877 0.742993
v 10.358620 1.753877 0.742993
v 10.370016 1.885273 0.682109
v 10.358620 1.885273 0.682109
v 10.952619 1.753877 0.742993
v 10.964014 1.753877 0.742993
v 10.964014 1.885273 0.682109
v 10.952619 1.885273 0.682109
v 10.952619 1.074044 0.889857
v 10.952619 1.148744 0.809279
v 10.964014 1.074044 0.889857
v 10.964014 1.148744 0.809279
v 10.952619 1.449547 0.631546
v 10.964014 1.449547 0.631546
v 10.952619 1.516415 0.631546
v 10.964014 1.516415 0.631546
v 10.358620 1.465079 0.577314
v 10.358620 1.461492 0.136401
v 10.370016 1.461492 0.136401
v 10.952619 1.461492 0.136401
v 10.964014 1.461492 0.136401
v 10.964014 1.465079 0.577314
v 10.964014 1.484051 0.625031
v 10.952619 1.484051 0.625031
v 10.952619 1.466149 0.570800
v 10.370016 1.466149 0.570800
v 10.370016 1.484051 0.625031
v 10.358620 1.484051 0.625031
v 10.485714 1.154027 0.741349
v 10.485714 1.408461 0.591013
v 10.836921 1.154027 0.741349
v 10.836921 1.408461 0.591013
v 10.370016 0.087588 0.832823
v 10.358620 0.087588 0.832823
v 10.358620 0.087588 0.136401
v 10.370016 0.087588 0.136401
v 10.952619 0.087588 0.136401
v 10.964014 0.087588 0.136401
v 10.964014 0.087588 0.832823
v 10.952619 0.087588 0.832823
v 10.369583 0.002492 0.820212
v 10.380567 0.002492 0.820212
v 10.380567 0.087588 0.820212
v 10.369583 0.087588 0.820212
v 10.369583 0.087588 0.149012
v 10.380567 0.087588 0.149012
v 10.380567 0.002492 0.149012
v 10.369583 0.002492 0.149012
v 10.953052 0.002492 0.149012
v 10.953052 0.002492 0.820212
v 10.953052 0.087588 0.149012
v 10.953052 0.087588 0.820212
v 10.942068 0.087588 0.149012
v 10.942068 0.002492 0.149012
v 10.942068 0.002492 0.820212
v 10.942068 0.087588 0.820212
vt 0.375000 0.000000
vt 0.625000 0.000000
vt 0.375000 0.250000
vt 0.625000 0.250000
vt 0.375000 0.500000
vt 0.625000 0.500000
vt 0.375000 0.750000
vt 0.625000 0.750000
vt 0.375000 1.000000
vt 0.625000 1.000000
vt 0.875000 0.000000
vt 0.875000 0.250000
vt 0.125000 0.000000
vt 0.125000 0.250000
vt 0.375000 0.130805
vt 0.125000 0.130805
vt 0.375000 0.619195
vt 0.625000 0.619195
vt 0.875000 0.130805
vt 0.625000 0.130805
vt 0.375000 0.250000
vt 0.625000 0.250000
vt 0.625000 0.500000
vt 0.375000 0.500000
vt 0.375000 0.250000
vt 0.625000 0.250000
vt 0.625000 0.500000
vt 0.375000 0.500000
vt 0.375000 0.250000
vt 0.625000 0.250000
vt 0.625000 0.500000
vt 0.375000 0.500000
vt 0.375000 0.250000
vt 0.625000 0.250000
vt 0.625000 0.500000
vt 0.375000 0.500000
vt 0.375000 0.250000
vt 0.625000 0.250000
vt 0.625000 0.500000
vt 0.375000 0.500000
vt 0.375000 0.136792
vt 0.125000 0.136792
vt 0.375000 0.613208
vt 0.625000 0.613208
vt 0.875000 0.136792
vt 0.625000 0.136792
vt 0.541667 0.250000
vt 0.541667 0.250000
vt 0.541667 0.500000
vt 0.541667 0.500000
vt 0.541667 0.500000
vt 0.541667 0.500000
vt 0.541667 0.500000
vt 0.541667 0.500000
vt 0.541667 0.613208
vt 0.541667 0.619195
vt 0.541667 0.750000
vt 0.541667 0.000000
vt 0.541667 1.000000
vt 0.541667 0.130805
vt 0.541667 0.136792
vt 0.541667 0.250000
vt 0.541667 0.250000
vt 0.541667 0.250000
vt 0.541667 0.250000
vt 0.458333 0.250000
vt 0.458333 0.250000
vt 0.458333 0.500000
vt 0.458333 0.500000
vt 0.458333 0.500000
vt 0.458333 0.500000
vt 0.458333 0.500000
vt 0.458333 0.500000
vt 0.458333 0.613208
vt 0.458333 0.619195
vt 0.458333 0.750000
vt 0.458333 0.000000
vt 0.458333 1.000000
vt 0.458333 0.130805
vt 0.458333 0.136792
vt 0.458333 0.250000
vt 0.458333 0.250000
vt 0.458333 0.250000
vt 0.458333 0.250000
vt 0.375000 0.250000
vt 0.458333 0.250000
vt 0.458333 0.250000
vt 0.375000 0.250000
vt 0.458333 0.250000
vt 0.375000 0.250000
vt 0.458333 0.250000
vt 0.375000 0.250000
vt 0.458333 0.250000
vt 0.375000 0.250000
vt 0.458333 0.250000
vt 0.375000 0.250000
vt 0.625000 0.250000
vt 0.625000 0.250000
vt 0.541667 0.250000
vt 0.541667 0.250000
vt 0.541667 0.250000
vt 0.541667 0.250000
vt 0.625000 0.250000
vt 0.625000 0.250000
vt 0.541667 0.250000
vt 0.625000 0.250000
vt 0.541667 0.250000
vt 0.625000 0.250000
vt 0.375000 0.250000
vt 0.375000 0.500000
vt 0.458333 0.500000
vt 0.541667 0.500000
vt 0.625000 0.500000
vt 0.625000 0.250000
vt 0.625000 0.250000
vt 0.541667 0.250000
vt 0.541667 0.250000
vt 0.458333 0.250000
vt 0.458333 0.250000
vt 0.375000 0.250000
vt 0.458333 0.250000
vt 0.458333 0.250000
vt 0.541667 0.250000
vt 0.541667 0.250000
vt 0.458333 0.012950
vt 0.375000 0.012950
vt 0.125000 0.012950
vt 0.375000 0.737050
vt 0.458333 0.737050
vt 0.541667 0.737050
vt 0.625000 0.737050
vt 0.875000 0.012950
vt 0.625000 0.012950
vt 0.541667 0.012950
vt 0.458333 0.012950
vt 0.375000 0.012950
vt 0.375000 0.737050
vt 0.458333 0.737050
vt 0.875000 0.012950
vt 0.625000 0.012950
vt 0.125000 0.012950
vt 0.541667 0.737050
vt 0.625000 0.737050
vt 0.541667 0.012950
vn 0.000000 0.000000 1.000000
vn 0.000000 0.000000 1.000000
vn 0.000000 0.000000 1.000000
vn 0.000000 0.000000 1.000000
vn 0.000000 0.973680 -0.227918
vn 0.000000 0.973682 -0.227913
vn 0.000000 0.973682 -0.227913
vn 0.000000 0.973680 -0.227918
vn 0.000000 0.000000 -1.000000
vn 0.000000 0.000000 -1.000000
vn 0.000000 0.000000 -1.000000
vn 0.000000 0.000000 -1.000000
vn 0.000000 -1.000000 0.000000
vn 0.000000 -1.000000 0.000000
vn 0.000000 -1.000000 0.000000
vn 0.000000 -1.000000 0.000000
vn 1.000000 0.000000 0.000000
vn 1.000000 0.000000 0.000000
vn 1.000000 0.000000 0.000000
vn 1.000000 0.000000 0.000000
vn -1.000000 0.000000 0.000000
vn -1.000000 0.000000 0.000000
vn -1.000000 0.000000 0.000000
vn -1.000000 0.000000 0.000000
vn -1.000000 0.000000 0.000000
vn -1.000000 0.000000 0.000000
vn -1.000000 0.000000 0.000000
vn -1.000000 0.000000 0.000000
vn 0.000000 0.000000 -1.000000
vn 0.000000 0.000000 -1.000000
vn 0.000000 0.000000 -1.000000
vn 0.000000 0.000000 -1.000000
vn 1.000000 -0.000000 0.000000
vn 1.000000 -0.000000 0.000000
vn 1.000000 0.000004 0.000000
vn 1.000000 0.000005 0.000000
vn 0.000000 -0.057983 0.998318
vn 0.000000 -0.057985 0.998318
vn 0.000000 -0.465463 0.885068
vn 0.000000 -0.465457 0.885071
vn 0.000006 0.733361 0.679840
vn 0.000006 0.733361 0.679840
vn 0.000006 0.733361 0.679840
vn 0.000006 0.733361 0.679840
vn 1.000000 -0.000006 0.000000
vn 1.000000 -0.000006 0.000000
vn 1.000000 -0.000006 0.000000
vn 1.000000 -0.000006 0.000000
vn 0.000000 0.000000 -1.000000
vn 0.000000 0.000000 -1.000000
vn 0.000000 0.000000 -1.000000
vn 0.000000 0.000000 -1.000000
vn -1.000000 0.000000 0.000000
vn -1.000000 0.000000 0.000000
vn -1.000000 0.000000 0.000000
vn -1.000000 0.000000 0.000000
vn 0.000004 0.508716 0.860935
vn 0.000004 0.508716 0.860935
vn 0.000004 0.508716 0.860934
vn 0.000004 0.508716 0.860934
vn 1.000000 0.000001 0.000000
vn 1.000000 0.000001 0.000000
vn 1.000000 0.000001 0.000000
vn 1.000000 0.000001 0.000000
vn 0.000000 0.000000 -1.000000
vn 0.000000 0.000000 -1.000000
vn 0.000000 0.000000 -1.000000
vn 0.000000 0.000000 -1.000000
vn -1.000000 0.000000 0.000000
vn -1.000000 0.000000 0.000000
vn -1.000000 0.000000 0.000000
vn -1.000000 0.000000 0.000000
vn 0.000000 0.185512 0.982642
vn 0.000000 0.185512 0.982642
vn 0.000000 0.000000 1.000000
vn 0.000000 0.000000 1.000000
vn 1.000000 0.000000 0.000000
vn 1.000000 0.000000 0.000000
vn 1.000000 0.000000 0.000000
vn 1.000000 0.000000 0.000000
vn 0.000000 0.000000 -1.000000
vn 0.000000 0.000000 -1.000000
vn 0.000000 0.000000 -1.000000
vn 0.000000 0.000000 -1.000000
vn -1.000000 0.000000 0.000000
vn -1.000000 0.000000 0.000000
vn -1.000000 0.000000 0.000000
vn -1.000000 0.000000 0.000000
vn 0.000000 -0.424849 0.905264
vn 0.000000 -0.424849 0.905264
vn 0.000000 -0.424849 0.905264
vn 0.000000 -0.424849 0.905264
vn 1.000000 -0.000004 0.000000
vn 1.000000 -0.000004 0.000000
vn 1.000000 -0.000004 0.000000
vn 1.000000 -0.000004 0.000000
vn 0.000000 0.000000 -1.000000
vn 0.000000 0.000000 -1.000000
vn 0.000000 0.000000 -1.000000
vn 0.000000 0.000000 -1.000000
vn -1.000000 -0.000006 0.000000
vn -1.000000 -0.000006 0.000000
vn -1.000000 -0.000006 0.000000
vn -1.000000 -0.000006 0.000000
vn 0.000000 0.420422 0.907329
vn 0.000000 0.420422 0.907329
vn 0.000000 0.420422 0.907329
vn 0.000000 0.420422 0.907329
vn 1.000000 0.000004 0.000000
vn 1.000000 0.000004 0.000000
vn 1.000000 0.000004 0.000000
vn 1.000000 0.000004 0.000000
vn 0.000000 0.000000 -1.000000
vn 0.000000 0.000000 -1.000000
vn 0.000000 0.000000 -1.000000
vn 0.000000 0.000000 -1.000000
vn -1.000000 0.000000 0.000000
vn -1.000000 0.000000 0.000000
vn -1.000000 0.000000 0.000000
vn -1.000000 0.000000 0.000000
vn -1.000000 0.000000 0.000000
vn -1.000000 0.000000 0.000000
vn 0.000000 0.000000 -1.000000
vn 0.000000 0.000000 -1.000000
vn 1.000000 0.000005 0.000000
vn 1.000000 0.000005 0.000000
vn 0.000000 -0.272531 0.962147
vn 0.000000 -0.272530 0.962147
vn 0.000000 0.420451 0.907316
vn 0.000000 0.420451 0.907316
vn 0.000000 0.420451 0.907316
vn 0.000000 0.420451 0.907316
vn 0.000000 0.973682 -0.227913
vn 0.000000 0.973682 -0.227913
vn 0.000000 0.973680 -0.227918
vn 0.000000 0.973680 -0.227918
vn 0.000000 0.000000 -1.000000
vn 0.000000 0.000000 -1.000000
vn 0.000000 0.000000 -1.000000
vn 0.000000 0.000000 -1.000000
vn 0.000000 0.000000 -1.000000
vn 0.000000 0.000000 -1.000000
vn 0.000000 0.000000 -1.000000
vn 0.000000 0.000000 -1.000000
vn 0.000000 0.000000 -1.000000
vn 0.000000 0.000000 -1.000000
vn 0.000000 0.000000 -1.000000
vn 0.000000 0.000000 -1.000000
vn 0.000000 0.000000 -1.000000
vn 0.000000 0.000000 -1.000000
vn 0.000000 0.000000 -1.000000
vn 0.000000 0.000000 -1.000000
vn 0.000000 0.000000 -1.000000
vn 0.000000 0.000000 -1.000000
vn 0.000000 0.000000 -1.000000
vn 0.000000 0.000000 -1.000000
vn 0.000000 0.000000 -1.000000
vn 0.000000 0.000000 -1.000000
vn 0.000000 0.000000 -1.000000
vn 0.000000 0.000000 -1.000000
vn 0.000000 0.000000 -1.000000
vn 0.000000 0.000000 -1.000000
vn 0.000000 0.000000 -1.000000
vn 0.000000 0.000000 -1.000000
vn 0.000000 0.000000 -1.000000
vn 0.000000 0.000000 -1.000000
vn 0.000000 -1.000000 0.000000
vn 0.000000 -1.000000 0.000000
vn 0.000000 -1.000000 0.000000
vn 0.000000 -1.000000 0.000000
vn 0.000000 0.000000 1.000000
vn 0.000000 0.000000 1.000000
vn 0.000000 0.000000 1.000000
vn 0.000000 0.000000 1.000000
vn 0.000000 -0.465463 0.885068
vn 0.000000 -0.057985 0.998318
vn 0.000000 -0.057985 0.998318
vn 0.000000 -0.465467 0.885065
vn 0.000000 -0.272531 0.962147
vn 0.000000 -0.272538 0.962145
vn -0.000007 0.733345 0.679857
vn -0.000007 0.733345 0.679857
vn -0.000007 0.733345 0.679857
vn -0.000007 0.733345 0.679857
vn -0.000004 0.508703 0.860942
vn -0.000004 0.508703 0.860942
vn -0.000004 0.508703 0.860942
vn -0.000004 0.508703 0.860942
vn 0.000000 0.000000 1.000000
vn 0.000000 0.185527 0.982639
vn 0.000000 0.185527 0.982639
vn 0.000000 0.000000 1.000000
vn 0.000000 -0.424879 0.905250
vn 0.000000 -0.424879 0.905250
vn 0.000000 -0.424879 0.905250
vn 0.000000 -0.424879 0.905250
vn 0.000000 0.420423 0.907328
vn 0.000000 0.420423 0.907328
vn 0.000000 0.420423 0.907328
vn 0.000000 0.420423 0.907328
vn 0.000000 0.881199 0.472745
vn 0.000000 0.881199 0.472745
vn 0.000000 0.881199 0.472745
vn 0.000000 0.881199 0.472745
vn 0.000000 0.508700 0.860944
vn 0.000000 0.508700 0.860944
vn 0.000000 0.508700 0.860944
vn 0.000000 0.508700 0.860944
vn 0.000000 0.000000 1.000000
vn 0.000000 0.185523 0.982640
vn 0.000000 0.185523 0.982640
vn 0.000000 0.000000 1.000000
vn 0.000000 -0.424861 0.905259
vn 0.000000 -0.424861 0.905259
vn 0.000000 -0.424861 0.905259
vn 0.000000 -0.424861 0.905259
vn 0.000000 0.719100 0.694907
vn 0.000000 0.719100 0.694907
vn 0.000000 0.719100 0.694907
vn 0.000000 0.719100 0.694907
vn 1.000000 0.000000 0.000000
vn 1.000000 0.000000 0.000000
vn 1.000000 0.000000 0.000000
vn 1.000000 0.000000 0.000000
vn -1.000000 -0.000015 0.000000
vn -1.000000 -0.000015 0.000000
vn -1.000000 -0.000015 0.000000
vn -1.000000 -0.000015 0.000000
vn 1.000000 -0.000003 0.000000
vn 1.000000 -0.000003 0.000000
vn 1.000000 -0.000003 0.000000
vn 1.000000 -0.000003 0.000000
vn -1.000000 0.000006 0.000000
vn -1.000000 0.000006 0.000000
vn -1.000000 0.000006 0.000000
vn -1.000000 0.000006 0.000000
vn 1.000000 0.000000 0.000000
vn 1.000000 0.000000 0.000000
vn 1.000000 0.000000 0.000000
vn 1.000000 0.000000 0.000000
vn -1.000000 0.000007 0.000000
vn -1.000000 0.000011 0.000000
vn -1.000000 0.000017 0.000000
vn -1.000000 0.000017 0.000000
vn 1.000000 0.000005 0.000000
vn 1.000000 0.000005 0.000000
vn 1.000000 0.000005 0.000000
vn 1.000000 0.000005 0.000000
vn -1.000000 0.000000 0.000000
vn -1.000000 0.000000 0.000000
vn -1.000000 0.000000 0.000000
vn -1.000000 0.000000 0.000000
vn 1.000000 0.000000 0.000000
vn 1.000000 0.000000 0.000000
vn 1.000000 0.000000 0.000000
vn 1.000000 0.000000 0.000000
vn 0.000000 0.949599 -0.313466
vn 0.000000 0.949599 -0.313466
vn 0.000000 0.949599 -0.313466
vn 0.000000 0.949599 -0.313466
vn -1.000000 0.000000 0.000000
vn -1.000000 0.000000 0.000000
vn -1.000000 0.000000 0.000000
vn -1.000000 0.000000 0.000000
vn 1.000000 0.000000 0.000000
vn 1.000000 0.000000 0.000000
vn 1.000000 0.000000 0.000000
vn 1.000000 0.000000 0.000000
vn 0.000000 0.949598 -0.313470
vn 0.000000 0.949598 -0.313470
vn 0.000000 0.949598 -0.313470
vn 0.000000 0.949598 -0.313470
vn -1.000000 0.000000 0.000000
vn -1.000000 0.000000 0.000000
vn -1.000000 0.000000 0.000000
vn -1.000000 0.000000 0.000000
vn -1.000000 0.000000 0.000000
vn -1.000000 0.000000 0.000000
vn -1.000000 0.000000 0.000000
vn -1.000000 0.000000 0.000000
vn 0.000000 0.719104 0.694902
vn 0.000000 0.719104 0.694902
vn 0.000000 0.719104 0.694902
vn 0.000000 0.719104 0.694902
vn 1.000000 0.000007 0.000000
vn 1.000000 0.000007 0.000000
vn 1.000000 0.000007 0.000000
vn 1.000000 0.000007 0.000000
vn -1.000000 0.000000 0.000000
vn -1.000000 0.000000 0.000000
vn -1.000000 0.000000 0.000000
vn -1.000000 0.000000 0.000000
vn 1.000000 0.000000 0.000000
vn 1.000000 0.000000 0.000000
vn 1.000000 0.000000 0.000000
vn 1.000000 0.000000 0.000000
vn -1.000000 0.000000 0.000000
vn -1.000000 0.000000 0.000000
vn -1.000000 0.000000 0.000000
vn -1.000000 0.000000 0.000000
vn 1.000000 0.000000 0.000000
vn 1.000000 0.000000 0.000000
vn 1.000000 0.000000 0.000000
vn 1.000000 0.000000 0.000000
vn -1.000000 0.000000 0.000000
vn -1.000000 0.000000 0.000000
vn -1.000000 0.000000 0.000000
vn -1.000000 0.000000 0.000000
vn 1.000000 0.000000 0.000000
vn 1.000000 0.000000 0.000000
vn 1.000000 0.000000 0.000000
vn 1.000000 0.000000 0.000000
vn -1.000000 0.000000 0.000000
vn -1.000000 0.000000 0.000000
vn 0.000000 0.000000 -1.000000
vn 0.000000 0.000000 -1.000000
vn 0.000000 0.000000 -1.000000
vn 0.000000 0.000000 -1.000000
vn 1.000000 0.000000 0.000000
vn 1.000000 0.000000 0.000000
vn 1.000000 0.000000 0.000000
vn 1.000000 0.000000 0.000000
vn 0.000000 -0.197339 0.980335
vn 0.000000 -0.197339 0.980335
vn -1.000000 0.000000 0.000000
vn -1.000000 0.000000 0.000000
vn 0.000000 -0.197331 0.980337
vn 0.000000 -0.197331 0.980337
vn 1.000000 0.000000 0.000000
vn 1.000000 0.000000 0.000000
vn 0.000000 -0.197323 0.980339
vn 0.000000 -0.197323 0.980339
vn -1.000000 0.000000 0.000000
vn -1.000000 0.000000 0.000000
vn -0.000001 0.508700 0.860944
vn -0.000001 0.508700 0.860944
vn -0.000001 0.508700 0.860944
vn -0.000001 0.508700 0.860944
vn 0.000000 0.508699 0.860945
vn 0.000000 0.508699 0.860945
vn 0.000000 0.508699 0.860945
vn 0.000000 0.508699 0.860945
vn 0.000001 0.508702 0.860943
vn 0.000001 0.508702 0.860943
vn 0.000001 0.508702 0.860943
vn 0.000001 0.508702 0.860943
vn 0.000000 0.508707 0.860940
vn 0.000000 0.508707 0.860940
vn 0.000000 0.508707 0.860940
vn 0.000000 0.508707 0.860940
vn 0.000000 0.000000 1.000000
vn 0.000000 0.000000 1.000000
vn -1.000000 0.000000 0.000000
vn -1.000000 0.000000 0.000000
vn 0.000000 0.000000 -1.000000
vn 0.000000 0.000000 -1.000000
vn 0.000000 0.000000 -1.000000
vn 0.000000 0.000000 -1.000000
vn 1.000000 0.000000 0.000000
vn 1.000000 0.000000 0.000000
vn 0.000000 0.000000 1.000000
vn 0.000000 0.000000 1.000000
vn 0.000000 -1.000000 0.000000
vn 0.000000 -1.000000 0.000000
vn 0.000000 -1.000000 0.000000
vn 0.000000 -1.000000 0.000000
vn 0.000000 -1.000000 0.000000
vn 0.000000 -1.000000 0.000000
vn 0.000000 -1.000000 0.000000
vn 0.000000 -1.000000 0.000000
vn 0.000000 -1.000000 0.000000
vn 0.000000 -1.000000 0.000000
vn 0.000000 -1.000000 0.000000
vn 0.000000 -1.000000 0.000000
vn 0.000000 -1.000000 0.000000
vn 0.000000 -1.000000 0.000000
vn 0.000000 -1.000000 0.000000
vn 0.000000 -1.000000 0.000000
vn 0.000000 -1.000000 0.000000
vn 0.000000 -1.000000 0.000000
vn 0.000000 -1.000000 0.000000
vn 0.000000 -1.000000 0.000000
vn 0.000000 -1.000000 -0.000000
vn 0.000000 -1.000000 -0.000000
vn 0.000000 -1.000000 -0.000000
vn 0.000000 -1.000000 -0.000000
vn 0.000000 -1.000000 -0.000000
vn 0.000000 -1.000000 -0.000000
vn 0.000000 -1.000000 -0.000000
vn 0.000000 -1.000000 -0.000000
vn 0.000000 -1.000000 0.000000
vn 0.000000 -1.000000 0.000000
vn 0.000000 -1.000000 0.000000
vn 0.000000 -1.000000 0.000000
s 1
g pCube137
usemtl initialShadingGroup
f 824/944/1550 825/1020/1551 826/1078/1552 827/1079/1553
s 2
f 736/980/1554 761/1010/1555 762/1011/1556 739/983/1557
s 3
f 828/1080/1558 829/1081/1559 830/1019/1560 831/950/1561
s 4
f 831/950/1562 830/1019/1563 825/1021/1564 824/952/1565
s off
f 833/945/1566 832/954/1567 834/1082/1568 835/1083/1569
f 831/956/1570 824/944/1571 827/1079/1572 828/1084/1573
s 5
f 717/959/1574 716/958/1575 740/984/1576 741/985/1577
s 6
f 741/986/1578 768/1017/1579 769/1018/1580 717/960/1581
s 7
f 719/963/1582 718/962/1583 742/988/1584 743/989/1585
s 8
f 716/958/1586 770/1022/1587 771/1023/1588 740/984/1589
s off
f 776/1028/1590 777/1029/1591 778/1030/1592 779/1031/1593
f 713/947/1594 715/949/1595 722/966/1596 721/965/1597
s 9
f 767/1016/1598 714/948/1599 723/967/1600 766/1015/1601
s off
f 714/948/1602 712/946/1603 720/964/1604 723/967/1605
f 779/1031/1606 778/1030/1607 780/1032/1608 781/1033/1609
f 721/965/1610 722/966/1611 726/970/1612 725/969/1613
s 10
f 766/1015/1614 723/967/1615 727/971/1616 765/1014/1617
s off
f 723/967/1618 720/964/1619 724/968/1620 727/971/1621
s 11
f 781/1033/1622 780/1032/1623 810/1062/1624 811/1063/1625
s 12
f 725/969/1626 726/970/1627 804/1056/1628 805/1057/1629
s 13
f 765/1014/1630 727/971/1631 801/1053/1632 802/1054/1633
s 14
f 727/971/1634 724/968/1635 800/1052/1636 801/1053/1637
s off
f 783/1035/1638 782/1034/1639 784/1036/1640 785/1037/1641
f 729/973/1642 730/974/1643 734/978/1644 733/977/1645
s 15
f 764/1013/1646 731/975/1647 735/979/1648 763/1012/1649
s off
f 731/975/1650 728/972/1651 732/976/1652 735/979/1653
f 785/1037/1654 784/1036/1655 786/1038/1656 787/1039/1657
f 733/977/1658 734/978/1659 738/982/1660 737/981/1661
s 16
f 763/1012/1662 735/979/1663 739/983/1664 762/1011/1665
s off
f 735/979/1666 732/976/1667 736/980/1668 739/983/1669
s 5
f 741/985/1577 740/984/1576 712/946/1670 714/957/1671
s 6
f 714/948/1672 767/1016/1673 768/1017/1579 741/986/1578
s 7
f 743/989/1585 742/988/1584 715/955/1674 713/947/1675
s 8
f 740/984/1589 771/1023/1588 772/1024/1676 712/946/1677
s off
f 788/1043/1678 789/1040/1679 790/1041/1680 791/1042/1681
s 2
f 746/992/1682 745/991/1683 737/981/1684 738/982/1685
s 16
f 734/978/1686 747/993/1687 746/992/1688 738/982/1689
s 15
f 730/974/1690 748/994/1691 747/993/1692 734/978/1693
s 13
f 726/970/1694 749/995/1695 803/1055/1696 804/1056/1697
s 10
f 722/966/1698 750/996/1699 749/995/1700 726/970/1701
s 9
f 715/949/1702 751/997/1703 750/996/1704 722/966/1705
s 6
f 752/998/1706 751/997/1707 715/949/1708 742/987/1709
f 753/999/1710 752/998/1706 742/987/1709 718/961/1711
s 3
f 837/1000/1712 836/1085/1713 834/1086/1714 832/951/1715
s 4
f 838/1002/1716 837/1000/1717 832/951/1718 833/953/1719
s 1
f 839/1087/1720 838/1001/1721 833/945/1722 835/1083/1723
s 8
f 755/1004/1724 754/1003/1725 719/963/1726 743/989/1727
f 756/1005/1728 755/1004/1724 743/989/1727 713/947/1729
s off
f 793/1044/1730 792/1045/1731 794/1046/1732 795/1047/1733
f 796/1048/1734 793/1044/1735 795/1047/1736 797/1049/1737
s 17
f 807/1059/1738 796/1048/1739 797/1049/1740 806/1058/1741
s off
f 788/1043/1742 798/1050/1743 799/1051/1744 789/1040/1745
f 760/1009/1746 744/990/1747 745/991/1748 761/1010/1749
s 2
f 762/1011/1556 761/1010/1555 745/991/1683 746/992/1682
s 16
f 747/993/1687 763/1012/1662 762/1011/1665 746/992/1688
s 15
f 748/994/1691 764/1013/1646 763/1012/1649 747/993/1692
s 13
f 749/995/1695 765/1014/1630 802/1054/1633 803/1055/1696
s 10
f 750/996/1699 766/1015/1614 765/1014/1617 749/995/1700
s 9
f 751/997/1703 767/1016/1598 766/1015/1601 750/996/1704
s 6
f 768/1017/1579 767/1016/1673 751/997/1707 752/998/1706
f 769/1018/1580 768/1017/1579 752/998/1706 753/999/1710
s 3
f 830/1019/1560 829/1081/1559 836/1085/1713 837/1000/1712
s 4
f 825/1021/1564 830/1019/1563 837/1000/1717 838/1002/1716
s 1
f 839/1087/1720 826/1078/1552 825/1020/1551 838/1001/1721
s 8
f 771/1023/1588 770/1022/1587 754/1003/1725 755/1004/1724
f 772/1024/1676 771/1023/1588 755/1004/1724 756/1005/1728
s off
f 773/1025/1750 772/1024/1751 756/1005/1752 757/1006/1753
f 813/1064/1754 812/1065/1755 814/1066/1756 815/1067/1757
s 18
f 809/1061/1758 774/1026/1759 758/1007/1760 808/1060/1761
s off
f 760/1009/1762 775/1027/1763 759/1008/1764 744/990/1765
f 712/946/1766 772/1024/1767 777/1029/1768 776/1028/1769
f 772/1024/1770 773/1025/1771 778/1030/1772 777/1029/1773
f 720/964/1774 712/946/1775 776/1028/1776 779/1031/1777
f 773/1025/1778 774/1026/1779 780/1032/1780 778/1030/1781
f 724/968/1782 720/964/1783 779/1031/1784 781/1033/1785
s 19
f 774/1026/1786 809/1061/1787 810/1062/1788 780/1032/1789
s 20
f 811/1063/1790 800/1052/1791 724/968/1792 781/1033/1793
s off
f 775/1027/1794 760/1009/1795 784/1036/1796 782/1034/1797
f 732/976/1798 728/972/1799 783/1035/1800 785/1037/1801
f 760/1009/1802 761/1010/1803 786/1038/1804 784/1036/1805
f 761/1010/1806 736/980/1807 787/1039/1808 786/1038/1809
f 736/980/1810 732/976/1811 785/1037/1812 787/1039/1813
f 733/977/1814 737/981/1815 790/1041/1816 789/1040/1817
f 737/981/1818 745/991/1819 791/1042/1820 790/1041/1821
f 745/991/1822 744/990/1823 788/1043/1824 791/1042/1825
f 757/1006/1826 756/1005/1827 792/1045/1828 793/1044/1829
f 756/1005/1830 713/947/1831 794/1046/1832 792/1045/1833
f 713/947/1834 721/965/1835 795/1047/1836 794/1046/1837
f 758/1007/1838 757/1006/1839 793/1044/1840 796/1048/1841
f 721/965/1842 725/969/1843 797/1049/1844 795/1047/1845
s 21
f 808/1060/1846 758/1007/1847 796/1048/1848 807/1059/1849
s 22
f 725/969/1850 805/1057/1851 806/1058/1852 797/1049/1853
s off
f 744/990/1854 759/1008/1855 798/1050/1856 788/1043/1857
f 729/973/1858 733/977/1859 789/1040/1860 799/1051/1861
s 14
f 801/1053/1637 800/1052/1636 728/972/1862 731/975/1863
s 13
f 802/1054/1633 801/1053/1632 731/975/1864 764/1013/1865
f 803/1055/1696 802/1054/1633 764/1013/1865 748/994/1866
f 804/1056/1697 803/1055/1696 748/994/1866 730/974/1867
s 12
f 805/1057/1629 804/1056/1628 730/974/1868 729/973/1869
s 22
f 806/1058/1852 805/1057/1851 729/973/1870 799/1051/1871
s 17
f 798/1050/1872 807/1059/1738 806/1058/1741 799/1051/1873
s 21
f 759/1008/1874 808/1060/1846 807/1059/1849 798/1050/1875
s 18
f 775/1027/1876 809/1061/1758 808/1060/1761 759/1008/1877
s 19
f 810/1062/1788 809/1061/1787 775/1027/1878 782/1034/1879
s 11
f 811/1063/1625 810/1062/1624 782/1034/1880 783/1035/1881
s 20
f 728/972/1882 800/1052/1791 811/1063/1790 783/1035/1883
s off
f 774/1026/1884 773/1025/1885 812/1065/1886 813/1064/1887
f 773/1025/1888 757/1006/1889 814/1066/1890 812/1065/1891
f 757/1006/1892 758/1007/1893 815/1067/1894 814/1066/1895
f 758/1007/1896 774/1026/1897 813/1064/1898 815/1067/1899
s 8
f 817/1069/1900 816/1068/1901 770/1022/1587 716/958/1586
s 5
f 818/1070/1902 817/1069/1903 716/958/1575 717/959/1574
s 6
f 717/960/1581 769/1018/1580 819/1072/1904 818/1071/1905
f 820/1073/1906 819/1072/1904 769/1018/1580 753/999/1710
f 821/1074/1907 820/1073/1906 753/999/1710 718/961/1711
s 7
f 822/1076/1908 821/1075/1909 718/962/1583 719/963/1582
s 8
f 754/1003/1725 823/1077/1910 822/1076/1911 719/963/1726
f 770/1022/1587 816/1068/1901 823/1077/1910 754/1003/1725
s off
f 816/1068/1912 817/1069/1913 827/1079/1914 826/1078/1915
f 818/1071/1916 819/1072/1917 829/1081/1918 828/1080/1919
f 821/1075/1920 822/1076/1921 835/1083/1922 834/1082/1923
f 817/1069/1924 818/1070/1925 828/1084/1926 827/1079/1927
f 820/1073/1928 821/1074/1929 834/1086/1930 836/1085/1931
f 822/1076/1932 823/1077/1933 839/1087/1934 835/1083/1935
f 819/1072/1936 820/1073/1937 836/1085/1938 829/1081/1939
f 823/1077/1940 816/1068/1941 826/1078/1942 839/1087/1943
g default
v 11.106867 0.104777 0.099409
v 11.662564 0.104777 0.718536
v 11.106867 4.595100 0.099409
v 11.662564 4.595100 0.718536
v 11.164291 4.595100 0.047868
v 11.719989 4.595100 0.666996
v 11.164291 0.104777 0.047868
v 11.719989 0.104777 0.666996
vt 0.375000 0.000000
vt 0.625000 0.000000
vt 0.375000 0.250000
vt 0.625000 0.250000
vt 0.375000 0.500000
vt 0.625000 0.500000
vt 0.375000 0.750000
vt 0.625000 0.750000
vt 0.375000 1.000000
vt 0.625000 1.000000
vt 0.875000 0.000000
vt 0.875000 0.250000
vt 0.125000 0.000000
vt 0.125000 0.250000
vn -0.744201 0.000000 0.667956
vn -0.744201 0.000000 0.667956
vn -0.744201 0.000000 0.667956
vn -0.744201 0.000000 0.667956
vn 0.000000 1.000000 0.000001
vn 0.000000 1.000000 0.000001
vn 0.000000 1.000000 0.000001
vn 0.000000 1.000000 0.000001
vn 0.744201 0.000000 -0.667956
vn 0.744201 0.000000 -0.667956
vn 0.744201 0.000000 -0.667956
vn 0.744201 0.000000 -0.667956
vn 0.000000 -1.000000 0.000000
vn 0.000000 -1.000000 0.000000
vn 0.000000 -1.000000 0.000000
vn 0.000000 -1.000000 0.000000
vn 0.667954 0.000000 0.744203
vn 0.667954 0.000000 0.744203
vn 0.667954 0.000000 0.744203
vn 0.667954 0.000000 0.744203
vn -0.667954 0.000000 -0.744203
vn -0.667954 0.000000 -0.744203
vn -0.667954 0.000000 -0.744203
vn -0.667954 0.000000 -0.744203
s off
g pCube136
usemtl initialShadingGroup
f 840/1088/1944 841/1089/1945 843/1091/1946 842/1090/1947
f 842/1090/1948 843/1091/1949 845/1093/1950 844/1092/1951
f 844/1092/1952 845/1093/1953 847/1095/1954 846/1094/1955
f 846/1094/1956 847/1095/1957 841/1097/1958 840/1096/1959
f 841/1089/1960 847/1098/1961 845/1099/1962 843/1091/1963
f 846/1100/1964 840/1088/1965 842/1090/1966 844/1101/1967
g default
v 10.136445 1.048186 0.902845
v 10.131113 1.048187 0.894864
v 10.123132 1.048187 0.889532
v 10.113717 1.048186 0.887659
v 10.104303 1.048187 0.889532
v 10.096322 1.048187 0.894864
v 10.090990 1.048186 0.902845
v 10.089117 1.048186 0.912260
v 10.090990 1.048186 0.921674
v 10.096322 1.048186 0.929655
v 10.104302 1.048186 0.934988
v 10.113717 1.048186 0.936860
v 10.123132 1.048186 0.934988
v 10.131113 1.048186 0.929655
v 10.136445 1.048186 0.921674
v 10.138317 1.048186 0.912260
v 10.134673 1.051378 0.903579
v 10.129758 1.051378 0.896220
v 10.122398 1.051377 0.891303
v 10.113717 1.051378 0.889576
v 10.105037 1.051377 0.891303
v 10.097677 1.051378 0.896220
v 10.092761 1.051378 0.903579
v 10.091034 1.051377 0.912260
v 10.092761 1.051378 0.920940
v 10.097677 1.051378 0.928299
v 10.105037 1.051378 0.933216
v 10.113717 1.051378 0.934943
v 10.122398 1.051378 0.933216
v 10.129758 1.051378 0.928299
v 10.134673 1.051378 0.920940
v 10.136402 1.051377 0.912260
v 10.113717 1.048186 0.912260
v 10.123862 1.051377 0.908058
v 10.121482 1.051377 0.904495
v 10.117919 1.051378 0.902115
v 10.113717 1.051378 0.901279
v 10.109517 1.051378 0.902115
v 10.105953 1.051377 0.904495
v 10.103573 1.051377 0.908058
v 10.102737 1.051377 0.912260
v 10.103573 1.051377 0.916462
v 10.105953 1.051377 0.920024
v 10.109517 1.051378 0.922404
v 10.113717 1.051378 0.923240
v 10.117919 1.051378 0.922404
v 10.121482 1.051377 0.920024
v 10.123862 1.051377 0.916462
v 10.124699 1.051377 0.912260
v 10.123862 1.067560 0.908058
v 10.121482 1.067560 0.904495
v 10.117919 1.067560 0.902115
v 10.113717 1.067560 0.901280
v 10.109517 1.067560 0.902115
v 10.105953 1.067560 0.904495
v 10.103573 1.067560 0.908058
v 10.102737 1.067560 0.912260
v 10.103573 1.067561 0.916461
v 10.105953 1.067560 0.920024
v 10.109517 1.067560 0.922404
v 10.113717 1.067560 0.923240
v 10.117919 1.067560 0.922404
v 10.121482 1.067560 0.920024
v 10.123862 1.067561 0.916461
v 10.124699 1.067560 0.912260
v 10.127720 1.067560 0.906460
v 10.124434 1.067560 0.901544
v 10.119516 1.067560 0.898259
v 10.113717 1.067560 0.897105
v 10.107920 1.067560 0.898259
v 10.103002 1.067560 0.901544
v 10.099716 1.067560 0.906460
v 10.098563 1.067560 0.912260
v 10.099716 1.067560 0.918059
v 10.103002 1.067560 0.922975
v 10.107920 1.067561 0.926261
v 10.113717 1.067560 0.927414
v 10.119516 1.067561 0.926261
v 10.124434 1.067560 0.922975
v 10.127720 1.067560 0.918059
v 10.128874 1.067560 0.912260
v 10.130785 1.118243 0.905191
v 10.126781 1.118243 0.899198
v 10.120786 1.118243 0.895194
v 10.113717 1.118243 0.893788
v 10.106652 1.118243 0.895194
v 10.100657 1.118243 0.899198
v 10.096653 1.118243 0.905191
v 10.095246 1.118243 0.912259
v 10.096653 1.118243 0.919328
v 10.100657 1.118243 0.925321
v 10.106652 1.118243 0.929325
v 10.113717 1.118243 0.930731
v 10.120786 1.118243 0.929325
v 10.126781 1.118243 0.925321
v 10.130785 1.118243 0.919328
v 10.132193 1.118243 0.912259
v 10.129044 1.125186 0.905912
v 10.125447 1.125186 0.900531
v 10.120066 1.125186 0.896936
v 10.113717 1.125186 0.895673
v 10.107372 1.125186 0.896936
v 10.101991 1.125186 0.900531
v 10.098395 1.125186 0.905912
v 10.097133 1.125186 0.912260
v 10.098395 1.125186 0.918607
v 10.101991 1.125186 0.923988
v 10.107372 1.125186 0.927583
v 10.113717 1.125186 0.928846
v 10.120066 1.125186 0.927583
v 10.125447 1.125186 0.923988
v 10.129044 1.125186 0.918607
v 10.130308 1.125186 0.912260
v 10.121911 1.134311 0.908866
v 10.119988 1.134311 0.905989
v 10.113718 1.134311 0.912260
v 10.117111 1.134311 0.904067
v 10.113718 1.134311 0.903392
v 10.110326 1.134311 0.904067
v 10.107449 1.134311 0.905989
v 10.105526 1.134311 0.908866
v 10.104851 1.134311 0.912260
v 10.105526 1.134311 0.915653
v 10.107449 1.134311 0.918530
v 10.110326 1.134312 0.920452
v 10.113718 1.134311 0.921127
v 10.117111 1.134312 0.920452
v 10.119988 1.134311 0.918530
v 10.121911 1.134311 0.915653
v 10.122587 1.134311 0.912260
vt 0.644356 0.096456
vt 0.610485 0.045765
vt 0.559794 0.011894
vt 0.500000 0.000000
vt 0.440206 0.011894
vt 0.389515 0.045765
vt 0.355644 0.096456
vt 0.343750 0.156250
vt 0.355644 0.216044
vt 0.389515 0.266735
vt 0.440206 0.300606
vt 0.500000 0.312500
vt 0.559794 0.300606
vt 0.610485 0.266735
vt 0.644356 0.216044
vt 0.656250 0.156250
vt 0.375000 0.312500
vt 0.390625 0.312500
vt 0.406250 0.312500
vt 0.421875 0.312500
vt 0.437500 0.312500
vt 0.453125 0.312500
vt 0.468750 0.312500
vt 0.484375 0.312500
vt 0.500000 0.312500
vt 0.515625 0.312500
vt 0.531250 0.312500
vt 0.546875 0.312500
vt 0.562500 0.312500
vt 0.578125 0.312500
vt 0.593750 0.312500
vt 0.609375 0.312500
vt 0.625000 0.312500
vt 0.375000 0.688440
vt 0.390625 0.688440
vt 0.406250 0.688440
vt 0.421875 0.688440
vt 0.437500 0.688440
vt 0.453125 0.688440
vt 0.468750 0.688440
vt 0.484375 0.688440
vt 0.500000 0.688440
vt 0.515625 0.688440
vt 0.531250 0.688440
vt 0.546875 0.688440
vt 0.562500 0.688440
vt 0.578125 0.688440
vt 0.593750 0.688440
vt 0.609375 0.688440
vt 0.625000 0.688440
vt 0.644356 0.783956
vt 0.610485 0.733265
vt 0.559794 0.699394
vt 0.500000 0.687500
vt 0.440206 0.699394
vt 0.389515 0.733265
vt 0.355644 0.783956
vt 0.343750 0.843750
vt 0.355644 0.903544
vt 0.389515 0.954235
vt 0.440206 0.988106
vt 0.500000 1.000000
vt 0.559794 0.988106
vt 0.610485 0.954235
vt 0.644356 0.903544
vt 0.656250 0.843750
vt 0.500000 0.150000
vt 0.500000 0.837500
vt 0.644356 0.903544
vt 0.610485 0.954235
vt 0.559794 0.988106
vt 0.500000 1.000000
vt 0.440206 0.988106
vt 0.389515 0.954235
vt 0.355644 0.903544
vt 0.343750 0.843750
vt 0.355644 0.783956
vt 0.389515 0.733265
vt 0.440206 0.699394
vt 0.500000 0.687500
vt 0.559794 0.699394
vt 0.610485 0.733265
vt 0.644356 0.783956
vt 0.656250 0.843750
vt 0.644356 0.903544
vt 0.610485 0.954235
vt 0.559794 0.988106
vt 0.500000 1.000000
vt 0.440206 0.988106
vt 0.389515 0.954235
vt 0.355644 0.903544
vt 0.343750 0.843750
vt 0.355644 0.783956
vt 0.389515 0.733265
vt 0.440206 0.699394
vt 0.500000 0.687500
vt 0.559794 0.699394
vt 0.610485 0.733265
vt 0.644356 0.783956
vt 0.656250 0.843750
vt 0.644356 0.903544
vt 0.610485 0.954235
vt 0.559794 0.988106
vt 0.500000 1.000000
vt 0.440206 0.988106
vt 0.389515 0.954235
vt 0.355644 0.903544
vt 0.343750 0.843750
vt 0.355644 0.783956
vt 0.389515 0.733265
vt 0.440206 0.699394
vt 0.500000 0.687500
vt 0.559794 0.699394
vt 0.610485 0.733265
vt 0.644356 0.783956
vt 0.656250 0.843750
vt 0.644356 0.903544
vt 0.610485 0.954235
vt 0.559794 0.988106
vt 0.500000 1.000000
vt 0.440206 0.988106
vt 0.389515 0.954235
vt 0.355644 0.903544
vt 0.343750 0.843750
vt 0.355644 0.783956
vt 0.389515 0.733265
vt 0.440206 0.699394
vt 0.500000 0.687500
vt 0.559794 0.699394
vt 0.610485 0.733265
vt 0.644356 0.783956
vt 0.656250 0.843750
vt 0.644356 0.903544
vt 0.610485 0.954235
vt 0.559794 0.988106
vt 0.500000 1.000000
vt 0.440206 0.988106
vt 0.389515 0.954235
vt 0.355644 0.903544
vt 0.343750 0.843750
vt 0.355644 0.783956
vt 0.389515 0.733265
vt 0.440206 0.699394
vt 0.500000 0.687500
vt 0.559794 0.699394
vt 0.610485 0.733265
vt 0.644356 0.783956
vt 0.656250 0.843750
vt 0.644356 0.903544
vt 0.610485 0.954235
vt 0.559794 0.988106
vt 0.500000 1.000000
vt 0.440206 0.988106
vt 0.389515 0.954235
vt 0.355644 0.903544
vt 0.343750 0.843750
vt 0.355644 0.783956
vt 0.389515 0.733265
vt 0.440206 0.699394
vt 0.500000 0.687500
vt 0.559794 0.699394
vt 0.610485 0.733265
vt 0.644356 0.783956
vt 0.656250 0.843750
vn 0.792080 0.514778 -0.328045
vn 0.606074 0.515170 -0.606031
vn 0.606100 0.515170 -0.606005
vn 0.792074 0.514778 -0.328058
vn 0.327976 0.515094 -0.791903
vn 0.327995 0.515094 -0.791895
vn -0.000002 0.514965 -0.857211
vn -0.000003 0.514965 -0.857211
vn -0.328027 0.514908 -0.792002
vn -0.328046 0.514908 -0.791994
vn -0.606182 0.514868 -0.606180
vn -0.606206 0.514868 -0.606155
vn -0.791997 0.514912 -0.328034
vn -0.792002 0.514912 -0.328022
vn -0.857183 0.515013 0.000006
vn -0.857183 0.515013 0.000009
vn -0.792003 0.514895 0.328045
vn -0.792010 0.514896 0.328028
vn -0.606206 0.514824 0.606194
vn -0.606229 0.514824 0.606171
vn -0.328041 0.514952 0.791968
vn -0.328016 0.514952 0.791978
vn -0.000002 0.515014 0.857182
vn -0.000003 0.515014 0.857182
vn 0.327977 0.515082 0.791910
vn 0.327997 0.515082 0.791902
vn 0.606090 0.515115 0.606062
vn 0.606113 0.515115 0.606039
vn 0.792007 0.514893 0.328040
vn 0.792006 0.514893 0.328043
vn 0.857430 0.514600 -0.000001
vn 0.857431 0.514600 0.000002
vn -0.000001 -1.000000 -0.000032
vn -0.000008 -1.000000 -0.000040
vn -0.000001 -1.000000 -0.000012
vn 0.000033 -1.000000 -0.000008
vn 0.000000 -1.000000 0.000000
vn -0.000033 -1.000000 -0.000016
vn -0.000004 -1.000000 -0.000040
vn 0.000003 -1.000000 -0.000032
vn 0.000000 -1.000000 -0.000000
vn -0.000002 -1.000000 0.000008
vn -0.000003 -1.000000 -0.000004
vn -0.000014 -1.000000 -0.000008
vn 0.000000 -1.000000 -0.000008
vn 0.000014 -1.000000 -0.000012
vn 0.000003 -1.000000 -0.000008
vn 0.000002 -1.000000 0.000016
vn 0.000000 -1.000000 0.000000
vn 0.615178 0.746008 -0.255006
vn 0.470846 0.746005 -0.470936
vn -0.000000 1.000000 -0.000011
vn 0.254824 0.745939 -0.615337
vn 0.000004 0.745934 -0.666020
vn -0.254867 0.745989 -0.615259
vn -0.470936 0.745920 -0.470980
vn -0.615363 0.745878 -0.254940
vn -0.666037 0.745919 -0.000010
vn -0.615357 0.745887 0.254929
vn -0.470960 0.745910 0.470972
vn -0.254889 0.745981 0.615259
vn 0.000007 0.745949 0.666003
vn 0.254818 0.745995 0.615271
vn 0.470872 0.745996 0.470924
vn 0.615177 0.746010 0.255002
vn 0.665911 0.746031 -0.000011
vn -0.000036 1.000000 0.000000
vn -0.000036 1.000000 0.000000
vn -0.000036 1.000000 0.000000
vn -0.000036 1.000000 0.000000
vn 0.000010 1.000000 0.000000
vn 0.000010 1.000000 0.000000
vn 0.000010 1.000000 0.000000
vn 0.000010 1.000000 0.000000
vn 0.000048 1.000000 -0.000019
vn 0.000048 1.000000 -0.000019
vn 0.000048 1.000000 -0.000019
vn 0.000048 1.000000 -0.000019
vn -0.000048 1.000000 -0.000006
vn -0.000048 1.000000 -0.000006
vn -0.000048 1.000000 -0.000006
vn -0.000048 1.000000 -0.000006
vn -0.000010 1.000000 -0.000006
vn -0.000010 1.000000 -0.000006
vn -0.000010 1.000000 -0.000006
vn -0.000010 1.000000 -0.000006
vn 0.000036 1.000000 0.000012
vn 0.000036 1.000000 0.000012
vn 0.000036 1.000000 0.000012
vn 0.000036 1.000000 0.000012
vn 0.000017 1.000000 0.000012
vn 0.000017 1.000000 0.000012
vn 0.000017 1.000000 0.000012
vn 0.000017 1.000000 0.000012
vn 0.000010 1.000000 -0.000012
vn 0.000010 1.000000 -0.000012
vn 0.000010 1.000000 -0.000012
vn 0.000010 1.000000 -0.000012
vn 0.000035 1.000000 -0.000025
vn 0.000035 1.000000 -0.000025
vn 0.000035 1.000000 -0.000025
vn 0.000035 1.000000 -0.000025
vn -0.000020 1.000000 -0.000012
vn -0.000020 1.000000 -0.000012
vn -0.000020 1.000000 -0.000012
vn -0.000020 1.000000 -0.000012
vn -0.000002 1.000000 0.000006
vn -0.000002 1.000000 0.000006
vn -0.000002 1.000000 0.000006
vn -0.000002 1.000000 0.000006
vn 0.000002 1.000000 0.000019
vn 0.000002 1.000000 0.000019
vn 0.000002 1.000000 0.000019
vn 0.000002 1.000000 0.000019
vn 0.000020 1.000000 -0.000025
vn 0.000020 1.000000 -0.000025
vn 0.000020 1.000000 -0.000025
vn 0.000020 1.000000 -0.000025
vn -0.000035 1.000000 -0.000025
vn -0.000035 1.000000 -0.000025
vn -0.000035 1.000000 -0.000025
vn -0.000035 1.000000 -0.000025
vn -0.000010 1.000000 -0.000025
vn -0.000010 1.000000 -0.000025
vn -0.000010 1.000000 -0.000025
vn -0.000010 1.000000 -0.000025
vn -0.000017 1.000000 0.000025
vn -0.000017 1.000000 0.000025
vn -0.000017 1.000000 0.000025
vn -0.000017 1.000000 0.000025
vn 0.923848 0.000000 -0.382759
vn 0.707060 0.000000 -0.707153
vn 0.707053 0.000000 -0.707161
vn 0.923850 0.000000 -0.382754
vn 0.382671 0.000000 -0.923885
vn 0.382661 0.000000 -0.923889
vn -0.000000 0.000006 -1.000000
vn -0.000000 0.000006 -1.000000
vn -0.382711 0.000006 -0.923868
vn -0.382701 0.000006 -0.923872
vn -0.707003 0.000000 -0.707211
vn -0.706995 0.000000 -0.707218
vn -0.923889 -0.000027 -0.382662
vn -0.923891 -0.000027 -0.382657
vn -1.000000 -0.000035 -0.000000
vn -1.000000 -0.000035 0.000007
vn -0.923890 -0.000016 0.382659
vn -0.923890 -0.000016 0.382657
vn -0.707000 -0.000003 0.707213
vn -0.706997 -0.000003 0.707216
vn -0.382690 0.000005 0.923877
vn -0.382686 0.000005 0.923878
vn 0.000000 -0.000005 1.000000
vn 0.000000 -0.000005 1.000000
vn 0.382651 -0.000011 0.923893
vn 0.382647 -0.000011 0.923895
vn 0.707058 -0.000008 0.707156
vn 0.707055 -0.000008 0.707159
vn 0.923850 -0.000001 0.382756
vn 0.923850 -0.000001 0.382754
vn 1.000000 0.000001 -0.000001
vn 1.000000 0.000001 0.000006
vn 0.000067 -1.000000 -0.000067
vn 0.000067 -1.000000 -0.000067
vn 0.000067 -1.000000 -0.000067
vn 0.000067 -1.000000 -0.000067
vn -0.000023 -1.000000 -0.000078
vn -0.000023 -1.000000 -0.000078
vn -0.000023 -1.000000 -0.000078
vn -0.000023 -1.000000 -0.000078
vn 0.000014 -1.000000 0.000006
vn 0.000014 -1.000000 0.000006
vn 0.000014 -1.000000 0.000006
vn 0.000014 -1.000000 0.000006
vn -0.000014 -1.000000 0.000000
vn -0.000014 -1.000000 0.000000
vn -0.000014 -1.000000 0.000000
vn -0.000014 -1.000000 0.000000
vn 0.000023 -1.000000 -0.000072
vn 0.000023 -1.000000 -0.000072
vn 0.000023 -1.000000 -0.000072
vn 0.000023 -1.000000 -0.000072
vn -0.000067 -1.000000 -0.000056
vn -0.000067 -1.000000 -0.000056
vn -0.000067 -1.000000 -0.000056
vn -0.000067 -1.000000 -0.000056
vn -0.000045 -1.000000 0.000000
vn -0.000045 -1.000000 0.000000
vn -0.000045 -1.000000 0.000000
vn -0.000045 -1.000000 0.000000
vn 0.000033 -1.000000 0.000022
vn 0.000033 -1.000000 0.000022
vn 0.000033 -1.000000 0.000022
vn 0.000033 -1.000000 0.000022
vn 0.000030 -1.000000 -0.000022
vn 0.000030 -1.000000 -0.000022
vn 0.000030 -1.000000 -0.000022
vn 0.000030 -1.000000 -0.000022
vn 0.000003 -1.000000 0.000000
vn 0.000003 -1.000000 0.000000
vn 0.000003 -1.000000 0.000000
vn 0.000003 -1.000000 0.000000
vn -0.000034 -1.000000 0.000061
vn -0.000034 -1.000000 0.000061
vn -0.000034 -1.000000 0.000061
vn -0.000034 -1.000000 0.000061
vn 0.000034 -1.000000 0.000067
vn 0.000034 -1.000000 0.000067
vn 0.000034 -1.000000 0.000067
vn 0.000034 -1.000000 0.000067
vn -0.000003 -1.000000 0.000006
vn -0.000003 -1.000000 0.000006
vn -0.000003 -1.000000 0.000006
vn -0.000003 -1.000000 0.000006
vn -0.000030 -1.000000 -0.000011
vn -0.000030 -1.000000 -0.000011
vn -0.000030 -1.000000 -0.000011
vn -0.000030 -1.000000 -0.000011
vn -0.000033 -1.000000 0.000000
vn -0.000033 -1.000000 0.000000
vn -0.000033 -1.000000 0.000000
vn -0.000033 -1.000000 0.000000
vn 0.000045 -1.000000 0.000022
vn 0.000045 -1.000000 0.000022
vn 0.000045 -1.000000 0.000022
vn 0.000045 -1.000000 0.000022
vn 0.921857 -0.065323 -0.381986
vn 0.705502 -0.065318 -0.705692
vn 0.706812 -0.024255 -0.706986
vn 0.923558 -0.024265 -0.382690
vn 0.381818 -0.065311 -0.921927
vn 0.382517 -0.024248 -0.923630
vn -0.000000 -0.065309 -0.997865
vn 0.000000 -0.024243 -0.999706
vn -0.381887 -0.065299 -0.921899
vn -0.382583 -0.024241 -0.923603
vn -0.705507 -0.065286 -0.705689
vn -0.706811 -0.024230 -0.706988
vn -0.921898 -0.065296 -0.381890
vn -0.923599 -0.024217 -0.382595
vn -0.997864 -0.065325 0.000002
vn -0.999707 -0.024217 -0.000001
vn -0.921901 -0.065301 0.381882
vn -0.923602 -0.024213 0.382587
vn -0.705514 -0.065283 0.705683
vn -0.706813 -0.024227 0.706986
vn -0.381910 -0.065298 0.921890
vn -0.382606 -0.024239 0.923594
vn -0.000000 -0.065309 0.997865
vn 0.000001 -0.024248 0.999706
vn 0.381840 -0.065310 0.921918
vn 0.382540 -0.024249 0.923621
vn 0.705509 -0.065314 0.705685
vn 0.706813 -0.024256 0.706985
vn 0.921860 -0.065320 0.381979
vn 0.923561 -0.024264 0.382684
vn 0.997864 -0.065325 0.000002
vn 0.999705 -0.024276 -0.000000
vn 0.623319 0.472011 -0.623441
vn 0.814423 0.472006 -0.337529
vn 0.337334 0.471964 -0.814529
vn -0.000004 0.471994 -0.881602
vn -0.337404 0.472002 -0.814477
vn -0.623362 0.471940 -0.623452
vn -0.814482 0.471981 -0.337421
vn -0.881556 0.472080 -0.000003
vn -0.814472 0.472008 0.337408
vn -0.623380 0.471933 0.623440
vn -0.337428 0.472013 0.814461
vn -0.000001 0.472005 0.881596
vn 0.337356 0.471988 0.814505
vn 0.623334 0.472007 0.623429
vn 0.814421 0.472014 0.337522
vn 0.881592 0.472012 -0.000001
s 1
g pCylinder26
usemtl initialShadingGroup
f 848/1118/1968 849/1119/1969 865/1136/1970 864/1135/1971
f 849/1119/1969 850/1120/1972 866/1137/1973 865/1136/1970
f 850/1120/1972 851/1121/1974 867/1138/1975 866/1137/1973
f 851/1121/1974 852/1122/1976 868/1139/1977 867/1138/1975
f 852/1122/1976 853/1123/1978 869/1140/1979 868/1139/1977
f 853/1123/1978 854/1124/1980 870/1141/1981 869/1140/1979
f 854/1124/1980 855/1125/1982 871/1142/1983 870/1141/1981
f 855/1125/1982 856/1126/1984 872/1143/1985 871/1142/1983
f 856/1126/1984 857/1127/1986 873/1144/1987 872/1143/1985
f 857/1127/1986 858/1128/1988 874/1145/1989 873/1144/1987
f 858/1128/1988 859/1129/1990 875/1146/1991 874/1145/1989
f 859/1129/1990 860/1130/1992 876/1147/1993 875/1146/1991
f 860/1130/1992 861/1131/1994 877/1148/1995 876/1147/1993
f 861/1131/1994 862/1132/1996 878/1149/1997 877/1148/1995
f 862/1132/1996 863/1133/1998 879/1150/1999 878/1149/1997
f 863/1133/1998 848/1134/1968 864/1151/1971 879/1150/1999
s 2
f 849/1103/2000 848/1102/2001 880/1168/2002
f 850/1104/2003 849/1103/2000 880/1168/2002
f 851/1105/2004 850/1104/2003 880/1168/2002
f 852/1106/2005 851/1105/2004 880/1168/2002
f 853/1107/2006 852/1106/2005 880/1168/2002
f 854/1108/2007 853/1107/2006 880/1168/2002
f 855/1109/2008 854/1108/2007 880/1168/2002
f 856/1110/2009 855/1109/2008 880/1168/2002
f 857/1111/2010 856/1110/2009 880/1168/2002
f 858/1112/2011 857/1111/2010 880/1168/2002
f 859/1113/2012 858/1112/2011 880/1168/2002
f 860/1114/2013 859/1113/2012 880/1168/2002
f 861/1115/2014 860/1114/2013 880/1168/2002
f 862/1116/2015 861/1115/2014 880/1168/2002
f 863/1117/2016 862/1116/2015 880/1168/2002
f 848/1102/2001 863/1117/2016 880/1168/2002
s 3
f 961/1250/2017 962/1251/2018 963/1169/2019
f 962/1251/2018 964/1252/2020 963/1169/2019
f 964/1252/2020 965/1253/2021 963/1169/2019
f 965/1253/2021 966/1254/2022 963/1169/2019
f 966/1254/2022 967/1255/2023 963/1169/2019
f 967/1255/2023 968/1256/2024 963/1169/2019
f 968/1256/2024 969/1257/2025 963/1169/2019
f 969/1257/2025 970/1258/2026 963/1169/2019
f 970/1258/2026 971/1259/2027 963/1169/2019
f 971/1259/2027 972/1260/2028 963/1169/2019
f 972/1260/2028 973/1261/2029 963/1169/2019
f 973/1261/2029 974/1262/2030 963/1169/2019
f 974/1262/2030 975/1263/2031 963/1169/2019
f 975/1263/2031 976/1264/2032 963/1169/2019
f 976/1264/2032 977/1265/2033 963/1169/2019
f 977/1265/2033 961/1250/2017 963/1169/2019
s off
f 864/1166/2034 865/1165/2035 882/1171/2036 881/1170/2037
f 865/1165/2038 866/1164/2039 883/1172/2040 882/1171/2041
f 866/1164/2042 867/1163/2043 884/1173/2044 883/1172/2045
f 867/1163/2046 868/1162/2047 885/1174/2048 884/1173/2049
f 868/1162/2050 869/1161/2051 886/1175/2052 885/1174/2053
f 869/1161/2054 870/1160/2055 887/1176/2056 886/1175/2057
f 870/1160/2058 871/1159/2059 888/1177/2060 887/1176/2061
f 871/1159/2062 872/1158/2063 889/1178/2064 888/1177/2065
f 872/1158/2066 873/1157/2067 890/1179/2068 889/1178/2069
f 873/1157/2070 874/1156/2071 891/1180/2072 890/1179/2073
f 874/1156/2074 875/1155/2075 892/1181/2076 891/1180/2077
f 875/1155/2078 876/1154/2079 893/1182/2080 892/1181/2081
f 876/1154/2082 877/1153/2083 894/1183/2084 893/1182/2085
f 877/1153/2086 878/1152/2087 895/1184/2088 894/1183/2089
f 878/1152/2090 879/1167/2091 896/1185/2092 895/1184/2093
f 879/1167/2094 864/1166/2095 881/1170/2096 896/1185/2097
s 4
f 881/1170/2098 882/1171/2099 898/1187/2100 897/1186/2101
f 882/1171/2099 883/1172/2102 899/1188/2103 898/1187/2100
f 883/1172/2102 884/1173/2104 900/1189/2105 899/1188/2103
f 884/1173/2104 885/1174/2106 901/1190/2107 900/1189/2105
f 885/1174/2106 886/1175/2108 902/1191/2109 901/1190/2107
f 886/1175/2108 887/1176/2110 903/1192/2111 902/1191/2109
f 887/1176/2110 888/1177/2112 904/1193/2113 903/1192/2111
f 888/1177/2112 889/1178/2114 905/1194/2115 904/1193/2113
f 889/1178/2114 890/1179/2116 906/1195/2117 905/1194/2115
f 890/1179/2116 891/1180/2118 907/1196/2119 906/1195/2117
f 891/1180/2118 892/1181/2120 908/1197/2121 907/1196/2119
f 892/1181/2120 893/1182/2122 909/1198/2123 908/1197/2121
f 893/1182/2122 894/1183/2124 910/1199/2125 909/1198/2123
f 894/1183/2124 895/1184/2126 911/1200/2127 910/1199/2125
f 895/1184/2126 896/1185/2128 912/1201/2129 911/1200/2127
f 896/1185/2128 881/1170/2098 897/1186/2101 912/1201/2129
s off
f 897/1186/2130 898/1187/2131 914/1203/2132 913/1202/2133
f 898/1187/2134 899/1188/2135 915/1204/2136 914/1203/2137
f 899/1188/2138 900/1189/2139 916/1205/2140 915/1204/2141
f 900/1189/2142 901/1190/2143 917/1206/2144 916/1205/2145
f 901/1190/2146 902/1191/2147 918/1207/2148 917/1206/2149
f 902/1191/2150 903/1192/2151 919/1208/2152 918/1207/2153
f 903/1192/2154 904/1193/2155 920/1209/2156 919/1208/2157
f 904/1193/2158 905/1194/2159 921/1210/2160 920/1209/2161
f 905/1194/2162 906/1195/2163 922/1211/2164 921/1210/2165
f 906/1195/2166 907/1196/2167 923/1212/2168 922/1211/2169
f 907/1196/2170 908/1197/2171 924/1213/2172 923/1212/2173
f 908/1197/2174 909/1198/2175 925/1214/2176 924/1213/2177
f 909/1198/2178 910/1199/2179 926/1215/2180 925/1214/2181
f 910/1199/2182 911/1200/2183 927/1216/2184 926/1215/2185
f 911/1200/2186 912/1201/2187 928/1217/2188 927/1216/2189
f 912/1201/2190 897/1186/2191 913/1202/2192 928/1217/2193
s 3
f 913/1202/2194 914/1203/2195 930/1219/2196 929/1218/2197
f 914/1203/2195 915/1204/2198 931/1220/2199 930/1219/2196
f 915/1204/2198 916/1205/2200 932/1221/2201 931/1220/2199
f 916/1205/2200 917/1206/2202 933/1222/2203 932/1221/2201
f 917/1206/2202 918/1207/2204 934/1223/2205 933/1222/2203
f 918/1207/2204 919/1208/2206 935/1224/2207 934/1223/2205
f 919/1208/2206 920/1209/2208 936/1225/2209 935/1224/2207
f 920/1209/2208 921/1210/2210 937/1226/2211 936/1225/2209
f 921/1210/2210 922/1211/2212 938/1227/2213 937/1226/2211
f 922/1211/2212 923/1212/2214 939/1228/2215 938/1227/2213
f 923/1212/2214 924/1213/2216 940/1229/2217 939/1228/2215
f 924/1213/2216 925/1214/2218 941/1230/2219 940/1229/2217
f 925/1214/2218 926/1215/2220 942/1231/2221 941/1230/2219
f 926/1215/2220 927/1216/2222 943/1232/2223 942/1231/2221
f 927/1216/2222 928/1217/2224 944/1233/2225 943/1232/2223
f 928/1217/2224 913/1202/2194 929/1218/2197 944/1233/2225
f 929/1218/2197 930/1219/2196 946/1235/2226 945/1234/2227
f 930/1219/2196 931/1220/2199 947/1236/2228 946/1235/2226
f 931/1220/2199 932/1221/2201 948/1237/2229 947/1236/2228
f 932/1221/2201 933/1222/2203 949/1238/2230 948/1237/2229
f 933/1222/2203 934/1223/2205 950/1239/2231 949/1238/2230
f 934/1223/2205 935/1224/2207 951/1240/2232 950/1239/2231
f 935/1224/2207 936/1225/2209 952/1241/2233 951/1240/2232
f 936/1225/2209 937/1226/2211 953/1242/2234 952/1241/2233
f 937/1226/2211 938/1227/2213 954/1243/2235 953/1242/2234
f 938/1227/2213 939/1228/2215 955/1244/2236 954/1243/2235
f 939/1228/2215 940/1229/2217 956/1245/2237 955/1244/2236
f 940/1229/2217 941/1230/2219 957/1246/2238 956/1245/2237
f 941/1230/2219 942/1231/2221 958/1247/2239 957/1246/2238
f 942/1231/2221 943/1232/2223 959/1248/2240 958/1247/2239
f 943/1232/2223 944/1233/2225 960/1249/2241 959/1248/2240
f 944/1233/2225 929/1218/2197 945/1234/2227 960/1249/2241
f 945/1234/2227 946/1235/2226 962/1251/2018 961/1250/2017
f 946/1235/2226 947/1236/2228 964/1252/2020 962/1251/2018
f 947/1236/2228 948/1237/2229 965/1253/2021 964/1252/2020
f 948/1237/2229 949/1238/2230 966/1254/2022 965/1253/2021
f 949/1238/2230 950/1239/2231 967/1255/2023 966/1254/2022
f 950/1239/2231 951/1240/2232 968/1256/2024 967/1255/2023
f 951/1240/2232 952/1241/2233 969/1257/2025 968/1256/2024
f 952/1241/2233 953/1242/2234 970/1258/2026 969/1257/2025
f 953/1242/2234 954/1243/2235 971/1259/2027 970/1258/2026
f 954/1243/2235 955/1244/2236 972/1260/2028 971/1259/2027
f 955/1244/2236 956/1245/2237 973/1261/2029 972/1260/2028
f 956/1245/2237 957/1246/2238 974/1262/2030 973/1261/2029
f 957/1246/2238 958/1247/2239 975/1263/2031 974/1262/2030
f 958/1247/2239 959/1248/2240 976/1264/2032 975/1263/2031
f 959/1248/2240 960/1249/2241 977/1265/2033 976/1264/2032
f 960/1249/2241 945/1234/2227 961/1250/2017 977/1265/2033
g default
v 3.415348 0.875652 2.199880
v 3.411291 0.875652 2.198200
v 3.407236 0.875652 2.199880
v 3.405555 0.875652 2.203936
v 3.407236 0.875652 2.207992
v 3.411291 0.875652 2.209672
v 3.415347 0.875652 2.207992
v 3.417027 0.875652 2.203936
v 3.415348 1.057797 2.199880
v 3.411291 1.057797 2.198200
v 3.407236 1.057797 2.199880
v 3.405555 1.057797 2.203936
v 3.407236 1.057797 2.207992
v 3.411291 1.057797 2.209672
v 3.415347 1.057797 2.207992
v 3.417027 1.057797 2.203936
v 3.411291 0.875652 2.203936
v 3.411291 1.057797 2.203936
vt 0.610485 0.045765
vt 0.500000 0.000000
vt 0.389515 0.045765
vt 0.343750 0.156250
vt 0.389515 0.266735
vt 0.500000 0.312500
vt 0.610485 0.266735
vt 0.656250 0.156250
vt 0.375000 0.312500
vt 0.406250 0.312500
vt 0.437500 0.312500
vt 0.468750 0.312500
vt 0.500000 0.312500
vt 0.531250 0.312500
vt 0.562500 0.312500
vt 0.593750 0.312500
vt 0.625000 0.312500
vt 0.375000 0.688440
vt 0.406250 0.688440
vt 0.437500 0.688440
vt 0.468750 0.688440
vt 0.500000 0.688440
vt 0.531250 0.688440
vt 0.562500 0.688440
vt 0.593750 0.688440
vt 0.625000 0.688440
vt 0.610485 0.733265
vt 0.500000 0.687500
vt 0.389515 0.733265
vt 0.343750 0.843750
vt 0.389515 0.954235
vt 0.500000 1.000000
vt 0.610485 0.954235
vt 0.656250 0.843750
vt 0.500000 0.150000
vt 0.500000 0.837500
vn 0.382663 0.000000 -0.923888
vn 0.382663 0.000000 -0.923888
vn 0.382663 0.000000 -0.923888
vn 0.382663 0.000000 -0.923888
vn -0.382702 0.000000 -0.923872
vn -0.382702 0.000000 -0.923872
vn -0.382702 0.000000 -0.923872
vn -0.382702 0.000000 -0.923872
vn -0.923857 0.000000 -0.382738
vn -0.923857 0.000000 -0.382738
vn -0.923857 0.000000 -0.382738
vn -0.923857 0.000000 -0.382738
vn -0.923857 0.000000 0.382738
vn -0.923857 0.000000 0.382738
vn -0.923857 0.000000 0.382738
vn -0.923857 0.000000 0.382738
vn -0.382670 0.000000 0.923885
vn -0.382670 0.000000 0.923885
vn -0.382670 0.000000 0.923885
vn -0.382670 0.000000 0.923885
vn 0.382651 0.000000 0.923893
vn 0.382651 0.000000 0.923893
vn 0.382651 0.000000 0.923893
vn 0.382651 0.000000 0.923893
vn 0.923876 0.000000 0.382692
vn 0.923876 0.000000 0.382692
vn 0.923876 0.000000 0.382692
vn 0.923876 0.000000 0.382692
vn 0.923895 0.000000 -0.382645
vn 0.923895 0.000000 -0.382645
vn 0.923895 0.000000 -0.382645
vn 0.923895 0.000000 -0.382645
vn 0.000000 -1.000000 0.000000
vn 0.000000 -1.000000 0.000000
vn 0.000000 -1.000000 0.000003
vn 0.000000 -1.000000 0.000000
vn 0.000000 -1.000000 0.000010
vn 0.000000 -1.000000 0.000010
vn 0.000000 -1.000000 0.000000
vn 0.000000 -1.000000 0.000000
vn 0.000000 -1.000000 0.000000
vn 0.000000 1.000000 0.000000
vn 0.000000 1.000000 0.000000
vn 0.000000 1.000000 -0.000005
vn 0.000000 1.000000 0.000000
vn 0.000000 1.000000 0.000000
vn 0.000000 1.000000 0.000000
vn 0.000000 1.000000 0.000000
vn 0.000000 1.000000 -0.000020
vn 0.000000 1.000000 -0.000020
s off
g pCylinder23
usemtl initialShadingGroup
f 978/1274/2242 979/1275/2243 987/1284/2244 986/1283/2245
f 979/1275/2246 980/1276/2247 988/1285/2248 987/1284/2249
f 980/1276/2250 981/1277/2251 989/1286/2252 988/1285/2253
f 981/1277/2254 982/1278/2255 990/1287/2256 989/1286/2257
f 982/1278/2258 983/1279/2259 991/1288/2260 990/1287/2261
f 983/1279/2262 984/1280/2263 992/1289/2264 991/1288/2265
f 984/1280/2266 985/1281/2267 993/1290/2268 992/1289/2269
f 985/1281/2270 978/1282/2271 986/1291/2272 993/1290/2273
s 1
f 979/1267/2274 978/1266/2275 994/1300/2276
f 980/1268/2277 979/1267/2274 994/1300/2276
f 981/1269/2278 980/1268/2277 994/1300/2276
f 982/1270/2279 981/1269/2278 994/1300/2276
f 983/1271/2280 982/1270/2279 994/1300/2276
f 984/1272/2281 983/1271/2280 994/1300/2276
f 985/1273/2282 984/1272/2281 994/1300/2276
f 978/1266/2275 985/1273/2282 994/1300/2276
s 2
f 986/1298/2283 987/1297/2284 995/1301/2285
f 987/1297/2284 988/1296/2286 995/1301/2285
f 988/1296/2286 989/1295/2287 995/1301/2285
f 989/1295/2287 990/1294/2288 995/1301/2285
f 990/1294/2288 991/1293/2289 995/1301/2285
f 991/1293/2289 992/1292/2290 995/1301/2285
f 992/1292/2290 993/1299/2291 995/1301/2285
f 993/1299/2291 986/1298/2283 995/1301/2285
g default
v 2.002566 -0.037506 4.601654
v 6.798838 -0.037506 4.601654
v 2.002566 2.519477 4.601654
v 6.798838 2.519477 4.601654
v 2.002566 2.519477 4.535810
v 6.798838 2.519477 4.535810
v 2.002566 -0.037506 4.535810
v 6.798838 -0.037506 4.535810
v 5.599770 2.519477 4.535810
v 5.599770 -0.037506 4.535810
v 5.599770 -0.037506 4.601654
v 5.599770 2.519477 4.601654
v 4.400702 2.519477 4.535810
v 4.400702 -0.037506 4.535810
v 4.400702 -0.037506 4.601654
v 4.400702 2.519477 4.601654
v 3.201633 2.519477 4.535810
v 3.201633 -0.037506 4.535810
v 3.201633 -0.037506 4.601654
v 3.201633 2.519477 4.601654
vt 0.375000 0.000000
vt 0.625000 0.000000
vt 0.375000 0.250000
vt 0.625000 0.250000
vt 0.375000 0.500000
vt 0.625000 0.500000
vt 0.375000 0.750000
vt 0.625000 0.750000
vt 0.375000 1.000000
vt 0.625000 1.000000
vt 0.875000 0.000000
vt 0.875000 0.250000
vt 0.125000 0.000000
vt 0.125000 0.250000
vt 0.562500 0.500000
vt 0.562500 0.750000
vt 0.562500 0.000000
vt 0.562500 1.000000
vt 0.562500 0.250000
vt 0.500000 0.500000
vt 0.500000 0.750000
vt 0.500000 0.000000
vt 0.500000 1.000000
vt 0.500000 0.250000
vt 0.437500 0.500000
vt 0.437500 0.750000
vt 0.437500 0.000000
vt 0.437500 1.000000
vt 0.437500 0.250000
vn 0.000000 0.000000 1.000000
vn 0.000000 0.000000 1.000000
vn 0.000000 0.000000 1.000000
vn 0.000000 0.000000 1.000000
vn 0.000000 1.000000 0.000000
vn 0.000000 1.000000 0.000000
vn 0.000000 1.000000 0.000000
vn 0.000000 1.000000 0.000000
vn 0.000000 0.000000 -1.000000
vn 0.000000 0.000000 -1.000000
vn 0.000000 0.000000 -1.000000
vn 0.000000 0.000000 -1.000000
vn 0.000000 -1.000000 0.000000
vn 0.000000 -1.000000 0.000000
vn 0.000000 -1.000000 0.000000
vn 0.000000 -1.000000 0.000000
vn 1.000000 0.000000 0.000000
vn 1.000000 0.000000 0.000000
vn 1.000000 0.000000 0.000000
vn 1.000000 0.000000 0.000000
vn -1.000000 0.000000 0.000000
vn -1.000000 0.000000 0.000000
vn -1.000000 0.000000 0.000000
vn -1.000000 0.000000 0.000000
vn 0.000000 0.000000 -1.000000
vn 0.000000 0.000000 -1.000000
vn 0.000000 0.000000 -1.000000
vn 0.000000 0.000000 -1.000000
vn 0.000000 -1.000000 0.000000
vn 0.000000 -1.000000 0.000000
vn 0.000000 -1.000000 0.000000
vn 0.000000 -1.000000 0.000000
vn 0.000000 0.000000 1.000000
vn 0.000000 0.000000 1.000000
vn 0.000000 0.000000 1.000000
vn 0.000000 0.000000 1.000000
vn 0.000000 1.000000 0.000000
vn 0.000000 1.000000 0.000000
vn 0.000000 1.000000 0.000000
vn 0.000000 1.000000 0.000000
vn 0.000000 0.000000 -1.000000
vn 0.000000 0.000000 -1.000000
vn 0.000000 -1.000000 0.000000
vn 0.000000 -1.000000 0.000000
vn 0.000000 0.000000 1.000000
vn 0.000000 0.000000 1.000000
vn 0.000000 1.000000 0.000000
vn 0.000000 1.000000 0.000000
s 1
g pCube152
usemtl initialShadingGroup
f 996/1302/2292 1014/1328/2293 1015/1330/2294 998/1304/2295
s 2
f 998/1304/2296 1015/1330/2297 1012/1326/2298 1000/1306/2299
s 3
f 1000/1306/2300 1012/1326/2301 1013/1327/2302 1002/1308/2303
s 4
f 1002/1308/2304 1013/1327/2305 1014/1329/2306 996/1310/2307
s off
f 997/1303/2308 1003/1312/2309 1001/1313/2310 999/1305/2311
f 1002/1314/2312 996/1302/2313 998/1304/2314 1000/1315/2315
s 3
f 1004/1316/2316 1001/1307/2317 1003/1309/2318 1005/1317/2319
s 4
f 1006/1319/2320 1005/1317/2321 1003/1309/2322 997/1311/2323
s 1
f 1007/1320/2324 1006/1318/2325 997/1303/2326 999/1305/2327
s 2
f 1004/1316/2328 1007/1320/2329 999/1305/2330 1001/1307/2331
s 3
f 1008/1321/2332 1004/1316/2316 1005/1317/2319 1009/1322/2333
s 4
f 1010/1324/2334 1009/1322/2335 1005/1317/2321 1006/1319/2320
s 1
f 1011/1325/2336 1010/1323/2337 1006/1318/2325 1007/1320/2324
s 2
f 1008/1321/2338 1011/1325/2339 1007/1320/2329 1004/1316/2328
s 3
f 1012/1326/2301 1008/1321/2332 1009/1322/2333 1013/1327/2302
s 4
f 1014/1329/2306 1013/1327/2305 1009/1322/2335 1010/1324/2334
s 1
f 1015/1330/2294 1014/1328/2293 1010/1323/2337 1011/1325/2336
s 2
f 1012/1326/2298 1015/1330/2297 1011/1325/2339 1008/1321/2338
g default
v 11.173256 0.104777 4.732903
v 11.728958 0.104777 4.113780
v 11.173256 4.595100 4.732903
v 11.728958 4.595100 4.113780
v 11.115832 4.595100 4.681362
v 11.671535 4.595100 4.062239
v 11.115832 0.104777 4.681362
v 11.671535 0.104777 4.062239
vt 0.375000 0.000000
vt 0.625000 0.000000
vt 0.375000 0.250000
vt 0.625000 0.250000
vt 0.375000 0.500000
vt 0.625000 0.500000
vt 0.375000 0.750000
vt 0.625000 0.750000
vt 0.375000 1.000000
vt 0.625000 1.000000
vt 0.875000 0.000000
vt 0.875000 0.250000
vt 0.125000 0.000000
vt 0.125000 0.250000
vn 0.744195 0.000000 0.667962
vn 0.744195 0.000000 0.667962
vn 0.744195 0.000000 0.667962
vn 0.744195 0.000000 0.667962
vn 0.000000 1.000000 0.000000
vn 0.000000 1.000000 0.000000
vn 0.000000 1.000000 0.000000
vn 0.000000 1.000000 0.000000
vn -0.744195 0.000000 -0.667962
vn -0.744195 0.000000 -0.667962
vn -0.744195 0.000000 -0.667962
vn -0.744195 0.000000 -0.667962
vn 0.000000 -1.000000 -0.000000
vn 0.000000 -1.000000 -0.000000
vn 0.000000 -1.000000 -0.000000
vn 0.000000 -1.000000 -0.000000
vn 0.667960 0.000000 -0.744197
vn 0.667960 0.000000 -0.744197
vn 0.667960 0.000000 -0.744197
vn 0.667960 0.000000 -0.744197
vn -0.667963 0.000000 0.744194
vn -0.667963 0.000000 0.744194
vn -0.667963 0.000000 0.744194
vn -0.667963 0.000000 0.744194
s off
g pCube151
usemtl initialShadingGroup
f 1016/1331/2340 1017/1332/2341 1019/1334/2342 1018/1333/2343
f 1018/1333/2344 1019/1334/2345 1021/1336/2346 1020/1335/2347
f 1020/1335/2348 1021/1336/2349 1023/1338/2350 1022/1337/2351
f 1022/1337/2352 1023/1338/2353 1017/1340/2354 1016/1339/2355
f 1017/1332/2356 1023/1341/2357 1021/1342/2358 1019/1334/2359
f 1022/1343/2360 1016/1331/2361 1018/1333/2362 1020/1344/2363
g default
v 7.953415 0.776338 3.138536
v 7.950398 0.773322 3.134234
v 7.893084 0.801328 3.138536
v 7.893084 0.797062 3.134234
v 7.832752 0.776338 3.138536
v 7.835768 0.773322 3.134234
v 7.807763 0.716007 3.138536
v 7.812028 0.716007 3.134234
v 7.832752 0.655675 3.138536
v 7.835768 0.658692 3.134234
v 7.893084 0.630685 3.138536
v 7.893084 0.634951 3.134234
v 7.953415 0.655675 3.138536
v 7.950398 0.658692 3.134234
v 7.978405 0.716007 3.138536
v 7.974139 0.716007 3.134234
v 7.953415 0.776338 3.446036
v 7.950398 0.773322 3.450338
v 7.893084 0.801328 3.446036
v 7.893084 0.797062 3.450338
v 7.832752 0.776338 3.446036
v 7.835768 0.773322 3.450338
v 7.807763 0.716007 3.446036
v 7.812028 0.716007 3.450338
v 7.832752 0.655675 3.446036
v 7.835768 0.658692 3.450338
v 7.893084 0.630685 3.446036
v 7.893084 0.634951 3.450338
v 7.953415 0.655675 3.446036
v 7.950398 0.658692 3.450338
v 7.978405 0.716007 3.446036
v 7.974139 0.716007 3.450338
v 7.957949 0.780871 3.138536
v 7.954705 0.777628 3.134234
v 7.893084 0.803153 3.134234
v 7.893084 0.807739 3.138536
v 7.984817 0.716007 3.138536
v 7.980229 0.716007 3.134234
v 7.831460 0.777628 3.134234
v 7.828218 0.780871 3.138536
v 7.805937 0.716007 3.134234
v 7.801351 0.716007 3.138536
v 7.831460 0.654385 3.134234
v 7.828218 0.651142 3.138536
v 7.893084 0.628860 3.134234
v 7.893084 0.624274 3.138536
v 7.954705 0.654385 3.134234
v 7.957949 0.651142 3.138536
v 7.957949 0.780871 3.446036
v 7.954705 0.777628 3.450338
v 7.980229 0.716007 3.450338
v 7.984817 0.716007 3.446036
v 7.893084 0.807739 3.446036
v 7.893084 0.803153 3.450338
v 7.828218 0.780871 3.446036
v 7.831460 0.777628 3.450338
v 7.801351 0.716007 3.446036
v 7.805937 0.716007 3.450338
v 7.828218 0.651142 3.446036
v 7.831460 0.654385 3.450338
v 7.893084 0.624274 3.446036
v 7.893084 0.628860 3.450338
v 7.957949 0.651142 3.446036
v 7.954705 0.654385 3.450338
v 7.944241 0.767164 3.130194
v 7.893084 0.788355 3.130194
v 7.893084 0.716007 3.130194
v 7.841925 0.767164 3.130194
v 7.820736 0.716007 3.130194
v 7.841925 0.664849 3.130194
v 7.893084 0.643659 3.130194
v 7.944241 0.664849 3.130194
v 7.965431 0.716007 3.130194
v 7.893084 0.788355 3.454378
v 7.944241 0.767164 3.454378
v 7.893084 0.716007 3.454378
v 7.841925 0.767164 3.454378
v 7.820736 0.716007 3.454378
v 7.841925 0.664849 3.454378
v 7.893084 0.643659 3.454378
v 7.944241 0.664849 3.454378
v 7.965431 0.716007 3.454378
v 7.865205 0.783311 3.454378
v 7.861850 0.791412 3.450338
v 7.859502 0.797078 3.450338
v 7.857736 0.801344 3.446036
v 7.860206 0.795380 3.446036
v 7.860206 0.795380 3.138536
v 7.857736 0.801344 3.138536
v 7.859502 0.797078 3.134234
v 7.861850 0.791412 3.134234
v 7.865205 0.783311 3.130194
v 7.920962 0.783311 3.454378
v 7.924317 0.791412 3.450338
v 7.926664 0.797078 3.450338
v 7.928432 0.801344 3.446036
v 7.925961 0.795380 3.446036
v 7.925961 0.795380 3.138536
v 7.928432 0.801344 3.138536
v 7.926664 0.797078 3.134234
v 7.924317 0.791412 3.134234
v 7.920962 0.783311 3.130194
v 7.960388 0.743885 3.454378
v 7.968488 0.747240 3.450338
v 7.974154 0.749588 3.450338
v 7.978422 0.751355 3.446036
v 7.972457 0.748884 3.446036
v 7.972457 0.748884 3.138536
v 7.978422 0.751355 3.138536
v 7.974154 0.749588 3.134234
v 7.968488 0.747240 3.134234
v 7.960388 0.743885 3.130194
v 7.960388 0.688128 3.454378
v 7.968488 0.684773 3.450338
v 7.974154 0.682426 3.450338
v 7.978422 0.680659 3.446036
v 7.972457 0.683129 3.446036
v 7.972457 0.683129 3.138536
v 7.978422 0.680659 3.138536
v 7.974154 0.682426 3.134234
v 7.968488 0.684773 3.134234
v 7.960388 0.688128 3.130194
v 7.920962 0.648702 3.454378
v 7.924317 0.640602 3.450338
v 7.926664 0.634935 3.450338
v 7.928432 0.630669 3.446036
v 7.925961 0.636633 3.446036
v 7.925961 0.636633 3.138536
v 7.928432 0.630669 3.138536
v 7.926664 0.634935 3.134234
v 7.924317 0.640602 3.134234
v 7.920962 0.648702 3.130194
v 7.865205 0.648702 3.454378
v 7.861850 0.640602 3.450338
v 7.859502 0.634935 3.450338
v 7.857736 0.630669 3.446036
v 7.860206 0.636633 3.446036
v 7.860206 0.636633 3.138536
v 7.857736 0.630669 3.138536
v 7.859502 0.634935 3.134234
v 7.861850 0.640602 3.134234
v 7.865205 0.648702 3.130194
v 7.825779 0.688128 3.454378
v 7.817678 0.684773 3.450338
v 7.812012 0.682426 3.450338
v 7.807745 0.680659 3.446036
v 7.813710 0.683129 3.446036
v 7.813710 0.683129 3.138536
v 7.807745 0.680659 3.138536
v 7.812012 0.682426 3.134234
v 7.817678 0.684773 3.134234
v 7.825779 0.688128 3.130194
v 7.825779 0.743885 3.454378
v 7.817678 0.747240 3.450338
v 7.812012 0.749588 3.450338
v 7.807745 0.751355 3.446036
v 7.813710 0.748884 3.446036
v 7.813710 0.748884 3.138536
v 7.807745 0.751355 3.138536
v 7.812012 0.749588 3.134234
v 7.817678 0.747240 3.134234
v 7.825779 0.743885 3.130194
v 7.806160 0.716007 3.367805
v 7.812220 0.749502 3.367805
v 7.831619 0.777471 3.367805
v 7.859589 0.796870 3.367805
v 7.893084 0.802930 3.367805
v 7.926579 0.796870 3.367805
v 7.954548 0.777471 3.367805
v 7.973948 0.749502 3.367805
v 7.980008 0.716007 3.367805
v 7.973948 0.682512 3.367805
v 7.954548 0.654543 3.367805
v 7.926579 0.635143 3.367805
v 7.893084 0.629083 3.367805
v 7.859589 0.635143 3.367805
v 7.831619 0.654543 3.367805
v 7.812220 0.682512 3.367805
v 7.806160 0.716007 3.216767
v 7.812220 0.749502 3.216767
v 7.831619 0.777471 3.216767
v 7.859589 0.796870 3.216767
v 7.893084 0.802930 3.216767
v 7.926579 0.796870 3.216767
v 7.954548 0.777471 3.216767
v 7.973948 0.749502 3.216767
v 7.980008 0.716007 3.216767
v 7.973948 0.682512 3.216767
v 7.954548 0.654543 3.216767
v 7.926579 0.635143 3.216767
v 7.893084 0.629083 3.216767
v 7.859589 0.635143 3.216767
v 7.831619 0.654543 3.216767
v 7.812220 0.682512 3.216767
vt 0.375000 0.317617
vt 0.375781 0.312500
vt 0.405469 0.312500
vt 0.624219 0.312500
vt 0.594531 0.312500
vt 0.407031 0.312500
vt 0.436719 0.312500
vt 0.438281 0.312500
vt 0.467969 0.312500
vt 0.469531 0.312500
vt 0.499219 0.312500
vt 0.500781 0.312500
vt 0.530469 0.312500
vt 0.532031 0.312500
vt 0.561719 0.312500
vt 0.563281 0.312500
vt 0.592969 0.312500
vt 0.625000 0.683324
vt 0.624219 0.688440
vt 0.594531 0.688440
vt 0.375781 0.688440
vt 0.405469 0.688440
vt 0.407031 0.688440
vt 0.436719 0.688440
vt 0.438281 0.688440
vt 0.467969 0.688440
vt 0.469531 0.688440
vt 0.499219 0.688440
vt 0.500781 0.688440
vt 0.530469 0.688440
vt 0.532031 0.688440
vt 0.561719 0.688440
vt 0.563281 0.688440
vt 0.592969 0.688440
vt 0.406250 0.317617
vt 0.375000 0.683323
vt 0.437500 0.317617
vt 0.406250 0.683324
vt 0.468750 0.317617
vt 0.437500 0.683324
vt 0.500000 0.317617
vt 0.468750 0.683324
vt 0.531250 0.317617
vt 0.500000 0.683324
vt 0.562500 0.317617
vt 0.531250 0.683324
vt 0.593750 0.317617
vt 0.562500 0.683324
vt 0.625000 0.317616
vt 0.593750 0.683324
vt 0.604962 0.050976
vt 0.500000 0.007499
vt 0.395037 0.050976
vt 0.351562 0.155937
vt 0.395037 0.260899
vt 0.500000 0.304376
vt 0.604962 0.260899
vt 0.500000 0.150000
vt 0.648437 0.155937
vt 0.500000 0.991876
vt 0.395037 0.948399
vt 0.351562 0.843438
vt 0.395037 0.738476
vt 0.500000 0.694999
vt 0.604962 0.738476
vt 0.648437 0.843438
vt 0.604962 0.948399
vt 0.500000 0.837500
vt 0.375781 0.312500
vt 0.405469 0.312500
vt 0.406250 0.317617
vt 0.375000 0.317617
vt 0.625000 0.317616
vt 0.593750 0.317617
vt 0.594531 0.312500
vt 0.624219 0.312500
vt 0.407031 0.312500
vt 0.436719 0.312500
vt 0.437500 0.317617
vt 0.438281 0.312500
vt 0.467969 0.312500
vt 0.468750 0.317617
vt 0.469531 0.312500
vt 0.499219 0.312500
vt 0.500000 0.317617
vt 0.500781 0.312500
vt 0.530469 0.312500
vt 0.531250 0.317617
vt 0.532031 0.312500
vt 0.561719 0.312500
vt 0.562500 0.317617
vt 0.563281 0.312500
vt 0.592969 0.312500
vt 0.624219 0.688440
vt 0.594531 0.688440
vt 0.593750 0.683324
vt 0.625000 0.683324
vt 0.375000 0.683323
vt 0.406250 0.683324
vt 0.405469 0.688440
vt 0.375781 0.688440
vt 0.437500 0.683324
vt 0.436719 0.688440
vt 0.407031 0.688440
vt 0.468750 0.683324
vt 0.467969 0.688440
vt 0.438281 0.688440
vt 0.500000 0.683324
vt 0.499219 0.688440
vt 0.469531 0.688440
vt 0.531250 0.683324
vt 0.530469 0.688440
vt 0.500781 0.688440
vt 0.562500 0.683324
vt 0.561719 0.688440
vt 0.532031 0.688440
vt 0.592969 0.688440
vt 0.563281 0.688440
vt 0.500000 0.007499
vt 0.604962 0.050976
vt 0.395037 0.050976
vt 0.351562 0.155937
vt 0.395037 0.260899
vt 0.500000 0.304376
vt 0.604962 0.260899
vt 0.648437 0.155937
vt 0.604962 0.948399
vt 0.500000 0.991876
vt 0.395037 0.948399
vt 0.351562 0.843438
vt 0.395037 0.738476
vt 0.500000 0.694999
vt 0.604962 0.738476
vt 0.648437 0.843438
vt 0.447519 0.970138
vt 0.421875 0.688440
vt 0.447519 0.970138
vt 0.421875 0.688440
vt 0.421875 0.683324
vt 0.421875 0.683324
vt 0.421875 0.317617
vt 0.421875 0.317617
vt 0.421875 0.312500
vt 0.421875 0.312500
vt 0.447519 0.029238
vt 0.447519 0.029238
vt 0.552481 0.970137
vt 0.390625 0.688440
vt 0.552481 0.970137
vt 0.390625 0.688440
vt 0.390625 0.683323
vt 0.390625 0.683323
vt 0.390625 0.317617
vt 0.390625 0.317617
vt 0.390625 0.312500
vt 0.390625 0.312500
vt 0.552481 0.029238
vt 0.552481 0.029238
vt 0.626699 0.895918
vt 0.609375 0.688440
vt 0.626699 0.895918
vt 0.609375 0.688440
vt 0.609375 0.683324
vt 0.609375 0.683324
vt 0.609375 0.317617
vt 0.609375 0.317617
vt 0.609375 0.312500
vt 0.609375 0.312500
vt 0.626699 0.103457
vt 0.626699 0.103457
vt 0.626699 0.790957
vt 0.578125 0.688440
vt 0.626699 0.790957
vt 0.578125 0.688440
vt 0.578125 0.683324
vt 0.578125 0.683324
vt 0.578125 0.317617
vt 0.578125 0.317617
vt 0.578125 0.312500
vt 0.578125 0.312500
vt 0.626699 0.208418
vt 0.626699 0.208418
vt 0.552481 0.716738
vt 0.546875 0.688440
vt 0.552481 0.716738
vt 0.546875 0.688440
vt 0.546875 0.683324
vt 0.546875 0.683324
vt 0.546875 0.317617
vt 0.546875 0.317617
vt 0.546875 0.312500
vt 0.546875 0.312500
vt 0.552481 0.282637
vt 0.552481 0.282637
vt 0.447519 0.716738
vt 0.515625 0.688440
vt 0.447519 0.716738
vt 0.515625 0.688440
vt 0.515625 0.683324
vt 0.515625 0.683324
vt 0.515625 0.317617
vt 0.515625 0.317617
vt 0.515625 0.312500
vt 0.515625 0.312500
vt 0.447519 0.282638
vt 0.447519 0.282638
vt 0.373300 0.790957
vt 0.484375 0.688440
vt 0.373300 0.790957
vt 0.484375 0.688440
vt 0.484375 0.683324
vt 0.484375 0.683324
vt 0.484375 0.317617
vt 0.484375 0.317617
vt 0.484375 0.312500
vt 0.484375 0.312500
vt 0.373300 0.208418
vt 0.373300 0.208418
vt 0.373300 0.895918
vt 0.453125 0.688440
vt 0.373300 0.895918
vt 0.453125 0.688440
vt 0.453125 0.683324
vt 0.453125 0.683324
vt 0.453125 0.317617
vt 0.453125 0.317617
vt 0.453125 0.312500
vt 0.453125 0.312500
vt 0.373300 0.103457
vt 0.373300 0.103457
vt 0.468750 0.561421
vt 0.453125 0.561421
vt 0.437500 0.561421
vt 0.421875 0.561421
vt 0.406250 0.561421
vt 0.390625 0.561421
vt 0.375000 0.561421
vt 0.625000 0.561421
vt 0.609375 0.561421
vt 0.593750 0.561421
vt 0.578125 0.561421
vt 0.562500 0.561421
vt 0.546875 0.561421
vt 0.531250 0.561421
vt 0.515625 0.561421
vt 0.500000 0.561421
vt 0.484375 0.561421
vt 0.468750 0.439519
vt 0.453125 0.439519
vt 0.437500 0.439519
vt 0.421875 0.439519
vt 0.406250 0.439519
vt 0.390625 0.439519
vt 0.375000 0.439519
vt 0.625000 0.439519
vt 0.609375 0.439519
vt 0.593750 0.439519
vt 0.578125 0.439519
vt 0.562500 0.439519
vt 0.546875 0.439519
vt 0.531250 0.439519
vt 0.515625 0.439519
vt 0.500000 0.439519
vt 0.484375 0.439519
vn 0.361112 0.871721 0.331210
vn 0.162821 0.393082 -0.904973
vn 0.000000 0.420886 -0.907113
vn -0.000000 0.941162 0.337957
vn 0.297589 0.297601 -0.907124
vn 0.665540 0.665537 0.337814
vn 0.871786 0.361109 0.331043
vn 0.393053 0.162822 -0.904985
vn -0.361063 0.871712 0.331287
vn -0.162822 0.393089 -0.904970
vn -0.297605 0.297616 -0.907114
vn -0.665445 0.665509 0.338055
vn -0.871682 0.361060 0.331369
vn -0.393082 0.162815 -0.904974
vn -0.420873 0.000000 -0.907120
vn -0.941134 0.000001 0.338033
vn -0.871687 -0.361047 0.331372
vn -0.393084 -0.162813 -0.904974
vn -0.297604 -0.297615 -0.907115
vn -0.665475 -0.665473 0.338066
vn -0.361069 -0.871707 0.331294
vn -0.162816 -0.393089 -0.904971
vn 0.000003 -0.420887 -0.907113
vn 0.000006 -0.941168 0.337938
vn 0.361125 -0.871714 0.331216
vn 0.162832 -0.393081 -0.904971
vn 0.297600 -0.297599 -0.907122
vn 0.665551 -0.665519 0.337826
vn 0.871784 -0.361112 0.331044
vn 0.393058 -0.162821 -0.904983
vn 0.420861 -0.000000 -0.907125
vn 0.941249 -0.000000 0.337713
vn 0.665561 0.665515 -0.337815
vn 0.297592 0.297600 0.907124
vn 0.393070 0.162820 0.904978
vn 0.871786 0.361102 -0.331050
vn 0.162806 0.393083 0.904975
vn 0.361094 0.871727 -0.331215
vn -0.000006 0.941160 -0.337963
vn -0.000003 0.420886 0.907113
vn -0.162816 0.393090 0.904970
vn -0.361055 0.871713 -0.331295
vn -0.665472 0.665484 -0.338052
vn -0.297614 0.297616 0.907111
vn -0.393097 0.162813 0.904968
vn -0.871685 0.361053 -0.331370
vn -0.941134 -0.000001 -0.338035
vn -0.420873 -0.000000 0.907120
vn -0.393093 -0.162812 0.904970
vn -0.871691 -0.361048 -0.331359
vn -0.665461 -0.665489 -0.338062
vn -0.297615 -0.297616 0.907111
vn -0.162817 -0.393091 0.904970
vn -0.361044 -0.871720 -0.331289
vn 0.000000 -0.941169 -0.337937
vn 0.000003 -0.420888 0.907113
vn 0.162819 -0.393084 0.904973
vn 0.361082 -0.871733 -0.331211
vn 0.665542 -0.665527 -0.337827
vn 0.297607 -0.297600 0.907119
vn 0.393073 -0.162819 0.904977
vn 0.871786 -0.361104 -0.331049
vn 0.941242 0.000000 -0.337733
vn 0.420861 0.000000 0.907125
vn 0.381597 0.921260 0.075264
vn 0.000000 0.997336 0.072948
vn -0.000000 0.999976 -0.006935
vn 0.382674 0.923857 -0.006981
vn -0.381596 0.921260 0.075266
vn -0.705223 0.705222 0.072955
vn -0.707093 0.707087 -0.006935
vn -0.382671 0.923858 -0.006981
vn -0.921259 0.381597 0.075272
vn -0.997335 -0.000000 0.072955
vn -0.999976 -0.000000 -0.006934
vn -0.923857 0.382674 -0.006980
vn -0.921259 -0.381596 0.075272
vn -0.705225 -0.705220 0.072955
vn -0.707093 -0.707087 -0.006935
vn -0.923858 -0.382673 -0.006980
vn -0.381597 -0.921259 0.075267
vn 0.000000 -0.997336 0.072948
vn -0.000000 -0.999976 -0.006935
vn -0.382672 -0.923858 -0.006981
vn 0.381597 -0.921260 0.075263
vn 0.705224 -0.705221 0.072947
vn 0.707089 -0.707091 -0.006935
vn 0.382675 -0.923857 -0.006981
vn 0.921260 -0.381597 0.075261
vn 0.997336 0.000000 0.072946
vn 0.999976 0.000000 -0.006935
vn 0.923855 -0.382680 -0.006981
vn 0.921260 0.381597 0.075261
vn 0.705225 0.705221 0.072947
vn 0.707089 0.707091 -0.006935
vn 0.923854 0.382680 -0.006981
vn -0.000003 0.063485 -0.997983
vn 0.025036 0.060454 -0.997857
vn 0.044887 0.044888 -0.997983
vn 0.000000 0.000000 -1.000000
vn -0.044891 0.044889 -0.997983
vn -0.025041 0.060453 -0.997857
vn -0.063480 0.000000 -0.997983
vn -0.060454 0.025039 -0.997857
vn -0.044887 -0.044889 -0.997983
vn -0.060453 -0.025039 -0.997857
vn 0.000003 -0.063485 -0.997983
vn -0.025034 -0.060453 -0.997857
vn 0.044889 -0.044888 -0.997983
vn 0.025042 -0.060454 -0.997857
vn 0.063482 -0.000000 -0.997983
vn 0.060453 -0.025041 -0.997857
vn 0.060454 0.025041 -0.997857
vn 0.044887 0.044888 0.997983
vn 0.025039 0.060451 0.997857
vn 0.000001 0.063480 0.997983
vn 0.000000 0.000000 1.000000
vn -0.025036 0.060451 0.997857
vn -0.044887 0.044887 0.997983
vn -0.060455 0.025038 0.997857
vn -0.063481 0.000000 0.997983
vn -0.060452 -0.025038 0.997857
vn -0.044887 -0.044887 0.997983
vn -0.025038 -0.060450 0.997857
vn -0.000000 -0.063480 0.997983
vn 0.025037 -0.060451 0.997857
vn 0.044885 -0.044887 0.997983
vn 0.060451 -0.025039 0.997857
vn 0.063484 -0.000000 0.997983
vn 0.060454 0.025039 0.997857
vn 0.000014 0.000000 -1.000000
vn 0.000000 0.000000 -1.000000
vn -0.000004 0.000000 -1.000000
vn 0.000011 0.000000 -1.000000
vn -0.000009 0.000000 -1.000000
vn -0.000014 0.000000 -1.000000
vn -0.000008 0.000000 -1.000000
vn -0.000004 0.000000 -1.000000
vn 0.000004 0.000000 -1.000000
vn 0.000008 0.000000 -1.000000
vn 0.000009 0.000000 -1.000000
vn -0.000000 0.000000 -1.000000
vn 0.000005 0.000000 -1.000000
vn 0.000014 0.000000 -1.000000
vn 0.000008 0.000000 -1.000000
vn 0.000004 0.000000 -1.000000
vn -0.000026 0.000000 1.000000
vn -0.000007 0.000000 1.000000
vn 0.921259 0.381598 -0.075261
vn 0.705224 0.705222 -0.072947
vn 0.381596 0.921260 -0.075264
vn 0.000000 0.997336 -0.072948
vn 0.000000 0.000000 1.000000
vn -0.000014 0.000000 1.000000
vn -0.381596 0.921260 -0.075266
vn -0.705223 0.705222 -0.072955
vn 0.000012 0.000000 1.000000
vn 0.000007 0.000000 1.000000
vn -0.921259 0.381597 -0.075272
vn -0.997335 -0.000000 -0.072955
vn 0.000000 0.000000 1.000000
vn 0.000000 0.000000 1.000000
vn -0.921259 -0.381596 -0.075272
vn -0.705223 -0.705222 -0.072955
vn 0.000007 0.000000 1.000000
vn 0.000007 0.000000 1.000000
vn -0.381596 -0.921260 -0.075267
vn -0.000000 -0.997336 -0.072948
vn 0.000000 0.000000 1.000000
vn 0.000000 0.000000 1.000000
vn 0.381596 -0.921260 -0.075263
vn 0.705223 -0.705223 -0.072948
vn 0.000007 0.000000 1.000000
vn 0.000007 0.000000 1.000000
vn 0.921260 -0.381598 -0.075261
vn 0.997336 0.000000 -0.072946
vn 0.000000 0.000000 1.000000
vn 0.000000 0.000000 1.000000
vn -0.000000 0.420896 -0.907109
vn 0.160160 0.386641 -0.908217
vn -0.297620 0.297606 -0.907112
vn -0.160155 0.386642 -0.908217
vn -0.420886 0.000000 -0.907114
vn -0.386649 0.160144 -0.908216
vn -0.297614 -0.297606 -0.907114
vn -0.386643 -0.160144 -0.908219
vn 0.000000 -0.420900 -0.907107
vn -0.160155 -0.386643 -0.908217
vn 0.297611 -0.297604 -0.907116
vn 0.160160 -0.386642 -0.908216
vn 0.420873 -0.000000 -0.907119
vn 0.386630 -0.160154 -0.908223
vn 0.297618 0.297605 -0.907114
vn 0.386636 0.160153 -0.908220
vn 0.160142 0.386626 0.908226
vn 0.000003 0.420870 0.907121
vn -0.160128 0.386627 0.908228
vn -0.297598 0.297597 0.907123
vn -0.386649 0.160137 0.908217
vn -0.420891 0.000000 0.907111
vn -0.386639 -0.160138 0.908221
vn -0.297599 -0.297597 0.907122
vn -0.160137 -0.386627 0.908227
vn -0.000003 -0.420872 0.907120
vn 0.160132 -0.386627 0.908228
vn 0.297587 -0.297600 0.907125
vn 0.386624 -0.160141 0.908227
vn 0.420883 -0.000000 0.907115
vn 0.386637 0.160141 0.908222
vn 0.297596 0.297601 0.907122
vn -0.923857 0.382674 0.006980
vn -0.999976 -0.000000 0.006934
vn -0.707093 0.707087 0.006935
vn -0.382671 0.923858 0.006981
vn 0.000000 0.999976 0.006935
vn 0.382674 0.923857 0.006981
vn 0.707089 0.707091 0.006935
vn 0.923854 0.382680 0.006981
vn 0.999976 0.000000 0.006935
vn 0.923855 -0.382680 0.006981
vn 0.707089 -0.707091 0.006935
vn 0.382675 -0.923857 0.006981
vn -0.000000 -0.999976 0.006935
vn -0.382672 -0.923858 0.006981
vn -0.707093 -0.707087 0.006935
vn -0.923858 -0.382673 0.006980
s 1
g pCylinder20
usemtl initialShadingGroup
f 1122/1498/2364 1123/1499/2365 1058/1414/2366 1059/1415/2367
f 1057/1420/2368 1056/1417/2369 1132/1510/2370 1133/1511/2371
f 1112/1486/2372 1113/1487/2373 1062/1422/2374 1063/1423/2375
f 1182/1570/2376 1183/1571/2377 1064/1425/2378 1065/1426/2379
f 1172/1558/2380 1173/1559/2381 1066/1428/2382 1067/1429/2383
f 1162/1546/2384 1163/1547/2385 1068/1431/2386 1069/1432/2387
f 1152/1534/2388 1153/1535/2389 1070/1434/2390 1071/1435/2391
f 1142/1522/2392 1143/1523/2393 1061/1437/2394 1060/1418/2395
f 1072/1441/2396 1073/1438/2397 1128/1506/2398 1129/1507/2399
f 1118/1494/2400 1119/1495/2401 1076/1443/2402 1077/1444/2403
f 1108/1482/2404 1109/1483/2405 1078/1446/2406 1079/1447/2407
f 1178/1566/2408 1179/1567/2409 1080/1449/2410 1081/1450/2411
f 1168/1554/2412 1169/1555/2413 1082/1452/2414 1083/1453/2415
f 1158/1542/2416 1159/1543/2417 1084/1455/2418 1085/1456/2419
f 1148/1530/2420 1149/1531/2421 1086/1458/2422 1087/1459/2423
f 1138/1518/2424 1139/1519/2425 1075/1440/2426 1074/1461/2427
f 1121/1497/2428 1026/1379/2429 1206/1596/2430 1207/1597/2431
f 1111/1485/2432 1028/1381/2433 1204/1594/2434 1205/1595/2435
f 1181/1569/2436 1030/1383/2437 1202/1592/2438 1203/1593/2439
f 1171/1557/2440 1032/1385/2441 1216/1607/2442 1217/1608/2443
f 1161/1545/2444 1034/1387/2445 1214/1605/2446 1215/1606/2447
f 1151/1533/2448 1036/1389/2449 1212/1603/2450 1213/1604/2451
f 1141/1521/2452 1038/1391/2453 1210/1601/2454 1211/1602/2455
f 1131/1509/2456 1024/1393/2457 1208/1599/2458 1209/1600/2459
s 3
f 1089/1463/2460 1125/1502/2461 1088/1464/2462 1090/1402/2463
f 1091/1465/2464 1115/1490/2465 1089/1463/2460 1090/1402/2463
f 1092/1466/2466 1185/1574/2467 1091/1465/2464 1090/1402/2463
f 1093/1467/2468 1175/1562/2469 1092/1466/2466 1090/1402/2463
f 1094/1468/2470 1165/1550/2471 1093/1467/2468 1090/1402/2463
f 1095/1469/2472 1155/1538/2473 1094/1468/2470 1090/1402/2463
f 1096/1470/2474 1145/1526/2475 1095/1469/2472 1090/1402/2463
f 1088/1464/2462 1135/1514/2476 1096/1470/2474 1090/1402/2463
s 4
f 1098/1471/2477 1116/1491/2478 1097/1472/2479 1099/1412/2480
f 1097/1472/2479 1106/1479/2481 1100/1473/2482 1099/1412/2480
f 1100/1473/2482 1176/1563/2483 1101/1474/2484 1099/1412/2480
f 1101/1474/2484 1166/1551/2485 1102/1475/2486 1099/1412/2480
f 1102/1475/2486 1156/1539/2487 1103/1476/2488 1099/1412/2480
f 1103/1476/2488 1146/1527/2489 1104/1477/2490 1099/1412/2480
f 1104/1477/2490 1136/1515/2491 1105/1478/2492 1099/1412/2480
f 1105/1478/2492 1126/1503/2493 1098/1471/2477 1099/1412/2480
s 1
f 1124/1500/2494 1027/1347/2495 1058/1414/2366 1123/1499/2365
f 1026/1379/2429 1121/1497/2428 1122/1498/2364 1059/1415/2367
f 1024/1393/2457 1131/1509/2456 1132/1510/2370 1056/1417/2369
f 1134/1512/2496 1025/1348/2497 1057/1420/2368 1133/1511/2371
f 1114/1488/2498 1029/1351/2499 1062/1422/2374 1113/1487/2373
f 1028/1381/2433 1111/1485/2432 1112/1486/2372 1063/1423/2375
f 1184/1572/2500 1031/1353/2501 1064/1425/2378 1183/1571/2377
f 1030/1383/2437 1181/1569/2436 1182/1570/2376 1065/1426/2379
f 1174/1560/2502 1033/1355/2503 1066/1428/2382 1173/1559/2381
f 1032/1385/2441 1171/1557/2440 1172/1558/2380 1067/1429/2383
f 1164/1548/2504 1035/1357/2505 1068/1431/2386 1163/1547/2385
f 1034/1387/2445 1161/1545/2444 1162/1546/2384 1069/1432/2387
f 1154/1536/2506 1037/1359/2507 1070/1434/2390 1153/1535/2389
f 1036/1389/2449 1151/1533/2448 1152/1534/2388 1071/1435/2391
f 1144/1524/2508 1039/1361/2509 1061/1437/2394 1143/1523/2393
f 1038/1391/2453 1141/1521/2452 1142/1522/2392 1060/1418/2395
f 1041/1363/2510 1127/1504/2511 1128/1506/2398 1073/1438/2397
f 1130/1508/2512 1040/1362/2513 1072/1441/2396 1129/1507/2399
f 1120/1496/2514 1042/1382/2515 1076/1443/2402 1119/1495/2401
f 1043/1366/2516 1117/1492/2517 1118/1494/2400 1077/1444/2403
f 1110/1484/2518 1044/1384/2519 1078/1446/2406 1109/1483/2405
f 1045/1368/2520 1107/1480/2521 1108/1482/2404 1079/1447/2407
f 1180/1568/2522 1046/1386/2523 1080/1449/2410 1179/1567/2409
f 1047/1370/2524 1177/1564/2525 1178/1566/2408 1081/1450/2411
f 1170/1556/2526 1048/1388/2527 1082/1452/2414 1169/1555/2413
f 1049/1372/2528 1167/1552/2529 1168/1554/2412 1083/1453/2415
f 1160/1544/2530 1050/1390/2531 1084/1455/2418 1159/1543/2417
f 1051/1374/2532 1157/1540/2533 1158/1542/2416 1085/1456/2419
f 1150/1532/2534 1052/1392/2535 1086/1458/2422 1149/1531/2421
f 1053/1376/2536 1147/1528/2537 1148/1530/2420 1087/1459/2423
f 1140/1520/2538 1054/1394/2539 1075/1440/2426 1139/1519/2425
f 1055/1378/2540 1137/1516/2541 1138/1518/2424 1074/1461/2427
s 3
f 1027/1396/2542 1124/1501/2543 1125/1502/2461 1089/1463/2460
f 1029/1397/2544 1114/1489/2545 1115/1490/2465 1091/1465/2464
f 1031/1398/2546 1184/1573/2547 1185/1574/2467 1092/1466/2466
f 1033/1399/2548 1174/1561/2549 1175/1562/2469 1093/1467/2468
f 1035/1400/2550 1164/1549/2551 1165/1550/2471 1094/1468/2470
f 1037/1401/2552 1154/1537/2553 1155/1538/2473 1095/1469/2472
f 1039/1403/2554 1144/1525/2555 1145/1526/2475 1096/1470/2474
f 1025/1395/2556 1134/1513/2557 1135/1514/2476 1088/1464/2462
s 4
f 1117/1493/2558 1043/1404/2559 1097/1472/2479 1116/1491/2478
f 1107/1481/2560 1045/1405/2561 1100/1473/2482 1106/1479/2481
f 1177/1565/2562 1047/1406/2563 1101/1474/2484 1176/1563/2483
f 1167/1553/2564 1049/1407/2565 1102/1475/2486 1166/1551/2485
f 1157/1541/2566 1051/1408/2567 1103/1476/2488 1156/1539/2487
f 1147/1529/2568 1053/1409/2569 1104/1477/2490 1146/1527/2489
f 1137/1517/2570 1055/1410/2571 1105/1478/2492 1136/1515/2491
f 1127/1505/2572 1041/1411/2573 1098/1471/2477 1126/1503/2493
f 1043/1404/2559 1107/1481/2560 1106/1479/2481 1097/1472/2479
s 1
f 1108/1482/2404 1107/1480/2521 1043/1367/2516 1077/1448/2403
f 1077/1448/2403 1076/1443/2402 1109/1483/2405 1108/1482/2404
f 1042/1382/2515 1110/1484/2518 1109/1483/2405 1076/1443/2402
f 1026/1379/2429 1111/1485/2432 1205/1595/2435 1206/1596/2430
f 1112/1486/2372 1111/1485/2432 1026/1379/2429 1059/1415/2367
f 1059/1415/2367 1058/1421/2366 1113/1487/2373 1112/1486/2372
f 1027/1350/2495 1114/1488/2498 1113/1487/2373 1058/1421/2366
s 3
f 1115/1490/2465 1114/1489/2545 1027/1396/2542 1089/1463/2460
s 4
f 1041/1411/2573 1117/1493/2558 1116/1491/2478 1098/1471/2477
s 1
f 1118/1494/2400 1117/1492/2517 1041/1365/2510 1073/1445/2397
f 1073/1445/2397 1072/1442/2396 1119/1495/2401 1118/1494/2400
f 1040/1380/2513 1120/1496/2514 1119/1495/2401 1072/1442/2396
f 1024/1345/2457 1121/1497/2428 1207/1597/2431 1208/1598/2458
f 1122/1498/2364 1121/1497/2428 1024/1345/2457 1056/1416/2369
f 1056/1416/2369 1057/1413/2368 1123/1499/2365 1122/1498/2364
f 1025/1346/2497 1124/1500/2494 1123/1499/2365 1057/1413/2368
s 3
f 1125/1502/2461 1124/1501/2543 1025/1395/2556 1088/1464/2462
s 4
f 1055/1410/2571 1127/1505/2572 1126/1503/2493 1105/1478/2492
s 1
f 1128/1506/2398 1127/1504/2511 1055/1364/2540 1074/1439/2427
f 1129/1507/2399 1128/1506/2398 1074/1439/2427 1075/1440/2426
f 1054/1394/2539 1130/1508/2512 1129/1507/2399 1075/1440/2426
f 1038/1391/2453 1131/1509/2456 1209/1600/2459 1210/1601/2454
f 1132/1510/2370 1131/1509/2456 1038/1391/2453 1060/1418/2395
f 1133/1511/2371 1132/1510/2370 1060/1418/2395 1061/1419/2394
f 1039/1349/2509 1134/1512/2496 1133/1511/2371 1061/1419/2394
s 3
f 1135/1514/2476 1134/1513/2557 1039/1403/2554 1096/1470/2474
s 4
f 1053/1409/2569 1137/1517/2570 1136/1515/2491 1104/1477/2490
s 1
f 1138/1518/2424 1137/1516/2541 1053/1377/2536 1087/1462/2423
f 1087/1462/2423 1086/1458/2422 1139/1519/2425 1138/1518/2424
f 1052/1392/2535 1140/1520/2538 1139/1519/2425 1086/1458/2422
f 1036/1389/2449 1141/1521/2452 1211/1602/2455 1212/1603/2450
f 1142/1522/2392 1141/1521/2452 1036/1389/2449 1071/1435/2391
f 1071/1435/2391 1070/1436/2390 1143/1523/2393 1142/1522/2392
f 1037/1360/2507 1144/1524/2508 1143/1523/2393 1070/1436/2390
s 3
f 1145/1526/2475 1144/1525/2555 1037/1401/2552 1095/1469/2472
s 4
f 1051/1408/2567 1147/1529/2568 1146/1527/2489 1103/1476/2488
s 1
f 1148/1530/2420 1147/1528/2537 1051/1375/2532 1085/1460/2419
f 1085/1460/2419 1084/1455/2418 1149/1531/2421 1148/1530/2420
f 1050/1390/2531 1150/1532/2534 1149/1531/2421 1084/1455/2418
f 1034/1387/2445 1151/1533/2448 1213/1604/2451 1214/1605/2446
f 1152/1534/2388 1151/1533/2448 1034/1387/2445 1069/1432/2387
f 1069/1432/2387 1068/1433/2386 1153/1535/2389 1152/1534/2388
f 1035/1358/2505 1154/1536/2506 1153/1535/2389 1068/1433/2386
s 3
f 1155/1538/2473 1154/1537/2553 1035/1400/2550 1094/1468/2470
s 4
f 1049/1407/2565 1157/1541/2566 1156/1539/2487 1102/1475/2486
s 1
f 1158/1542/2416 1157/1540/2533 1049/1373/2528 1083/1457/2415
f 1083/1457/2415 1082/1452/2414 1159/1543/2417 1158/1542/2416
f 1048/1388/2527 1160/1544/2530 1159/1543/2417 1082/1452/2414
f 1032/1385/2441 1161/1545/2444 1215/1606/2447 1216/1607/2442
f 1162/1546/2384 1161/1545/2444 1032/1385/2441 1067/1429/2383
f 1067/1429/2383 1066/1430/2382 1163/1547/2385 1162/1546/2384
f 1033/1356/2503 1164/1548/2504 1163/1547/2385 1066/1430/2382
s 3
f 1165/1550/2471 1164/1549/2551 1033/1399/2548 1093/1467/2468
s 4
f 1047/1406/2563 1167/1553/2564 1166/1551/2485 1101/1474/2484
s 1
f 1168/1554/2412 1167/1552/2529 1047/1371/2524 1081/1454/2411
f 1081/1454/2411 1080/1449/2410 1169/1555/2413 1168/1554/2412
f 1046/1386/2523 1170/1556/2526 1169/1555/2413 1080/1449/2410
f 1030/1383/2437 1171/1557/2440 1217/1608/2443 1202/1592/2438
f 1172/1558/2380 1171/1557/2440 1030/1383/2437 1065/1426/2379
f 1065/1426/2379 1064/1427/2378 1173/1559/2381 1172/1558/2380
f 1031/1354/2501 1174/1560/2502 1173/1559/2381 1064/1427/2378
s 3
f 1175/1562/2469 1174/1561/2549 1031/1398/2546 1092/1466/2466
s 4
f 1045/1405/2561 1177/1565/2562 1176/1563/2483 1100/1473/2482
s 1
f 1178/1566/2408 1177/1564/2525 1045/1369/2520 1079/1451/2407
f 1079/1451/2407 1078/1446/2406 1179/1567/2409 1178/1566/2408
f 1044/1384/2519 1180/1568/2522 1179/1567/2409 1078/1446/2406
f 1028/1381/2433 1181/1569/2436 1203/1593/2439 1204/1594/2434
f 1182/1570/2376 1181/1569/2436 1028/1381/2433 1063/1423/2375
f 1063/1423/2375 1062/1424/2374 1183/1571/2377 1182/1570/2376
f 1029/1352/2499 1184/1572/2500 1183/1571/2377 1062/1424/2374
s 3
f 1185/1574/2467 1184/1573/2547 1029/1397/2544 1091/1465/2464
s 1
f 1187/1576/2574 1186/1575/2575 1046/1386/2523 1180/1568/2522
f 1188/1577/2576 1187/1576/2574 1180/1568/2522 1044/1384/2519
f 1189/1578/2577 1188/1577/2576 1044/1384/2519 1110/1484/2518
f 1190/1579/2578 1189/1578/2577 1110/1484/2518 1042/1382/2515
f 1191/1580/2579 1190/1579/2578 1042/1382/2515 1120/1496/2514
f 1192/1581/2580 1191/1580/2579 1120/1496/2514 1040/1380/2513
f 1193/1583/2581 1192/1582/2580 1040/1362/2513 1130/1508/2512
f 1194/1584/2582 1193/1583/2581 1130/1508/2512 1054/1394/2539
f 1195/1585/2583 1194/1584/2582 1054/1394/2539 1140/1520/2538
f 1196/1586/2584 1195/1585/2583 1140/1520/2538 1052/1392/2535
f 1197/1587/2585 1196/1586/2584 1052/1392/2535 1150/1532/2534
f 1198/1588/2586 1197/1587/2585 1150/1532/2534 1050/1390/2531
f 1199/1589/2587 1198/1588/2586 1050/1390/2531 1160/1544/2530
f 1200/1590/2588 1199/1589/2587 1160/1544/2530 1048/1388/2527
f 1201/1591/2589 1200/1590/2588 1048/1388/2527 1170/1556/2526
f 1186/1575/2575 1201/1591/2589 1170/1556/2526 1046/1386/2523
f 1203/1593/2439 1202/1592/2438 1186/1575/2575 1187/1576/2574
f 1204/1594/2434 1203/1593/2439 1187/1576/2574 1188/1577/2576
f 1205/1595/2435 1204/1594/2434 1188/1577/2576 1189/1578/2577
f 1206/1596/2430 1205/1595/2435 1189/1578/2577 1190/1579/2578
f 1207/1597/2431 1206/1596/2430 1190/1579/2578 1191/1580/2579
f 1208/1598/2458 1207/1597/2431 1191/1580/2579 1192/1581/2580
f 1209/1600/2459 1208/1599/2458 1192/1582/2580 1193/1583/2581
f 1210/1601/2454 1209/1600/2459 1193/1583/2581 1194/1584/2582
f 1211/1602/2455 1210/1601/2454 1194/1584/2582 1195/1585/2583
f 1212/1603/2450 1211/1602/2455 1195/1585/2583 1196/1586/2584
f 1213/1604/2451 1212/1603/2450 1196/1586/2584 1197/1587/2585
f 1214/1605/2446 1213/1604/2451 1197/1587/2585 1198/1588/2586
f 1215/1606/2447 1214/1605/2446 1198/1588/2586 1199/1589/2587
f 1216/1607/2442 1215/1606/2447 1199/1589/2587 1200/1590/2588
f 1217/1608/2443 1216/1607/2442 1200/1590/2588 1201/1591/2589
f 1202/1592/2438 1217/1608/2443 1201/1591/2589 1186/1575/2575
g default
v 10.488314 0.964578 1.382213
v 10.504752 0.957770 1.382230
v 10.504778 0.964590 1.398646
v 10.504781 0.981043 1.405418
v 10.488324 0.981029 1.398610
v 10.481507 0.981014 1.382173
v 10.869463 0.964604 1.398648
v 10.869806 0.981043 1.405418
v 10.853370 0.981043 1.405418
v 10.836933 0.981043 1.405418
v 10.836722 0.964595 1.398642
v 10.836933 0.957770 1.382201
v 10.853370 0.957770 1.382201
v 10.869806 0.957770 1.382201
v 10.488314 1.009150 1.382083
v 10.481507 0.992713 1.382145
v 10.488314 0.992702 1.398582
v 10.504752 0.992713 1.405390
v 10.504741 1.009153 1.398545
v 10.504752 1.015958 1.382089
v 10.862306 1.034730 1.399029
v 10.856024 1.037964 1.383168
v 10.847912 1.022250 1.383435
v 10.831636 1.015958 1.383600
v 10.834758 1.009507 1.399175
v 10.837478 0.993509 1.405388
v 10.854295 0.995640 1.405383
v 10.871037 0.998290 1.405376
v 10.874277 1.015123 1.405345
v 10.877950 1.031866 1.405334
v 10.488314 0.992716 1.042166
v 10.481507 0.992713 1.058602
v 10.488314 1.009150 1.058658
v 10.504752 1.015958 1.058658
v 10.504752 1.009153 1.042202
v 10.504752 0.992713 1.035357
v 10.862306 1.034730 1.041718
v 10.877950 1.031866 1.035414
v 10.874280 1.015120 1.035403
v 10.871043 0.998286 1.035371
v 10.853959 0.995126 1.035363
v 10.836781 0.992526 1.035357
v 10.833890 1.009216 1.041775
v 10.831207 1.015958 1.057576
v 10.847791 1.022251 1.057542
v 10.856024 1.037964 1.057579
v 10.488314 0.964578 1.058534
v 10.481507 0.981014 1.058574
v 10.488314 0.981014 1.042137
v 10.504752 0.981014 1.035329
v 10.504752 0.964581 1.042101
v 10.504752 0.957770 1.058518
v 10.869460 0.964604 1.042099
v 10.869806 0.957770 1.058546
v 10.853370 0.957770 1.058546
v 10.836933 0.957770 1.058546
v 10.836997 0.964590 1.042109
v 10.836933 0.981043 1.035329
v 10.853370 0.981043 1.035329
v 10.869806 0.981043 1.035329
v 10.906436 0.981008 1.042137
v 10.913244 0.981014 1.058574
v 10.906436 0.964578 1.058527
v 10.889999 0.957770 1.058518
v 10.890005 0.964581 1.042101
v 10.889999 0.981014 1.035329
v 10.906436 0.981008 1.398610
v 10.889999 0.981014 1.405418
v 10.889991 0.964581 1.398638
v 10.889971 0.957770 1.382201
v 10.906427 0.964578 1.382199
v 10.913244 0.981014 1.382173
v 10.908388 1.032520 1.042224
v 10.915239 1.032317 1.058678
v 10.913743 1.015937 1.058665
v 10.913244 0.999491 1.058619
v 10.906419 0.999808 1.042175
v 10.889977 0.999505 1.035374
v 10.890419 1.016147 1.035404
v 10.891862 1.032372 1.035414
v 10.908388 1.032520 1.398523
v 10.891862 1.032372 1.405334
v 10.890419 1.016147 1.405344
v 10.889977 0.999505 1.405373
v 10.906419 0.999807 1.398572
v 10.913244 0.999491 1.382129
v 10.913743 1.015937 1.382082
v 10.915239 1.032317 1.382070
v 10.912101 1.308722 1.398525
v 10.912893 1.315489 1.382089
v 10.895882 1.311134 1.381677
v 10.887103 1.295632 1.381619
v 10.893860 1.294770 1.398389
v 10.910124 1.292391 1.405334
v 10.912101 1.308722 1.042222
v 10.910124 1.292391 1.035414
v 10.893887 1.295016 1.042222
v 10.887159 1.296099 1.058658
v 10.895900 1.311272 1.058678
v 10.912893 1.315489 1.058658
v 10.941708 1.304151 1.382675
v 10.926532 1.313298 1.382518
v 10.925493 1.306566 1.398652
v 10.923276 1.290278 1.405334
v 10.939541 1.287891 1.398652
v 10.946298 1.287030 1.382518
v 10.925268 1.306605 1.042222
v 10.926108 1.313366 1.058658
v 10.941586 1.304169 1.058435
v 10.946298 1.287030 1.058229
v 10.939541 1.287891 1.042095
v 10.923276 1.290278 1.035414
v 10.491347 0.967607 1.395620
v 10.853079 0.964600 1.398646
v 10.491331 1.006125 1.395520
v 10.854462 1.015420 1.400326
v 10.491337 1.006131 1.045224
v 10.854175 1.015252 1.040502
v 10.491337 0.967601 1.045128
v 10.853199 0.964596 1.042105
v 10.903419 0.967596 1.045129
v 10.903411 0.967596 1.395610
v 10.906902 1.016277 1.042208
v 10.906902 1.016276 1.398539
v 10.898498 1.307713 1.395334
v 10.898511 1.307816 1.045253
v 10.938295 1.301580 1.395748
v 10.938205 1.301596 1.045148
v 10.488314 1.013357 1.144852
v 10.481507 0.996920 1.144829
v 10.481507 0.985222 1.144816
v 10.488314 0.968785 1.144797
v 10.504752 0.961977 1.144790
v 10.836933 0.961977 1.144803
v 10.853370 0.961977 1.144803
v 10.869806 0.961977 1.144803
v 10.889990 0.961977 1.144777
v 10.906433 0.968785 1.144785
v 10.913244 0.985222 1.144816
v 10.913244 1.003698 1.144837
v 10.913743 1.020144 1.144859
v 10.915239 1.036524 1.144864
v 10.946298 1.291238 1.144655
v 10.941627 1.308370 1.144920
v 10.926250 1.317550 1.145056
v 10.912893 1.319696 1.144855
v 10.895894 1.315434 1.144681
v 10.887140 1.300151 1.144636
v 10.856024 1.042171 1.144352
v 10.847831 1.026458 1.144442
v 10.831350 1.020165 1.144551
v 10.504752 1.020165 1.144855
v 10.488314 1.013357 1.295771
v 10.481507 0.996920 1.295803
v 10.481507 0.985222 1.295817
v 10.488314 0.968785 1.295835
v 10.504752 0.961977 1.295843
v 10.836933 0.961977 1.295829
v 10.853370 0.961977 1.295829
v 10.869806 0.961977 1.295829
v 10.889980 0.961977 1.295816
v 10.906430 0.968785 1.295819
v 10.913244 0.985222 1.295817
v 10.913244 1.003698 1.295796
v 10.913743 1.020144 1.295774
v 10.915239 1.036524 1.295768
v 10.946298 1.291238 1.295977
v 10.941667 1.308364 1.296219
v 10.926391 1.317528 1.296178
v 10.912893 1.319696 1.295777
v 10.895888 1.315387 1.295402
v 10.887122 1.299995 1.295338
v 10.856024 1.042171 1.296281
v 10.847872 1.026458 1.296513
v 10.831493 1.020165 1.296683
v 10.504752 1.020165 1.295777
v 10.724752 1.014719 1.398965
v 10.722675 1.021289 1.383097
v 10.722580 1.025496 1.296381
v 10.722484 1.025496 1.144652
v 10.722388 1.021289 1.057937
v 10.724177 1.014526 1.041917
v 10.726105 0.997919 1.035357
v 10.726206 0.986364 1.035329
v 10.726249 0.969918 1.042106
v 10.726206 0.963100 1.058536
v 10.726206 0.967307 1.144798
v 10.726206 0.967307 1.295834
v 10.726206 0.963100 1.382211
v 10.726074 0.969924 1.398643
v 10.726215 0.986373 1.405418
v 10.726569 0.998575 1.405389
v 10.614746 1.014601 1.398755
v 10.613713 1.021289 1.382593
v 10.613666 1.025496 1.296079
v 10.613618 1.025496 1.144754
v 10.613570 1.021289 1.058298
v 10.614465 1.014505 1.042060
v 10.615428 0.997981 1.035357
v 10.615479 0.986354 1.035329
v 10.615500 0.969915 1.042104
v 10.615479 0.963100 1.058527
v 10.615479 0.967307 1.144794
v 10.615479 0.967307 1.295838
v 10.615479 0.963100 1.382220
v 10.615426 0.969922 1.398645
v 10.615498 0.986373 1.405418
v 10.615661 0.998309 1.405389
v 10.933262 1.206333 1.144725
v 10.933262 1.206333 1.295907
v 10.933262 1.202126 1.382369
v 10.926474 1.202767 1.398609
v 10.910121 1.204309 1.405334
v 10.896716 1.205549 1.405334
v 10.880658 1.208090 1.398602
v 10.874061 1.209743 1.382135
v 10.874073 1.214054 1.295653
v 10.874085 1.214157 1.144541
v 10.874098 1.210054 1.058299
v 10.880676 1.208254 1.042054
v 10.896716 1.205549 1.035414
v 10.910121 1.204309 1.035414
v 10.926474 1.202767 1.042138
v 10.933262 1.202126 1.058379
v 10.922909 1.121429 1.144795
v 10.922909 1.121429 1.295838
v 10.922909 1.117222 1.382219
v 10.916089 1.117643 1.398566
v 10.899650 1.118340 1.405334
v 10.885991 1.118708 1.405334
v 10.870141 1.121410 1.398816
v 10.863701 1.123853 1.382652
v 10.863707 1.128112 1.295967
v 10.863713 1.128164 1.144446
v 10.863719 1.124009 1.057939
v 10.870150 1.121492 1.041886
v 10.885991 1.118708 1.035414
v 10.899650 1.118340 1.035414
v 10.916089 1.117643 1.042181
v 10.922909 1.117222 1.058528
vt 0.390627 0.984303
vt 0.390646 0.099990
vt 0.625000 0.099990
vt 0.613950 0.984283
vt 0.390627 0.150131
vt 0.614316 0.153552
vt 0.639980 0.250000
vt 0.625000 0.174092
vt 0.140697 0.099869
vt 0.390627 0.484291
vt 0.610100 0.485022
vt 0.860020 0.250000
vt 0.875000 0.250000
vt 0.875000 0.174073
vt 0.613950 0.765716
vt 0.390627 0.650131
vt 0.613950 0.650010
vt 0.875000 0.099990
vt 0.875000 0.099869
vt 0.875000 0.179313
vt 0.640716 0.000000
vt 0.859291 0.099869
vt 0.625000 0.179313
vt 0.640697 0.099869
vt 0.875000 0.250000
vt 0.640697 0.179252
vt 0.859277 0.250000
vt 0.640722 0.250000
vt 0.625000 0.250000
vt 0.625000 0.250000
vt 0.859291 0.250000
vt 0.640709 0.250000
vt 0.875000 0.250000
vt 0.859291 0.250000
vt 0.859291 0.250000
vt 0.640419 0.250000
vt 0.859581 0.250000
vt 0.613950 0.099990
vt 0.390627 0.265709
vt 0.610389 0.264688
vt 0.390627 0.599869
vt 0.613848 0.600674
vt 0.390627 0.765697
vt 0.859291 0.179252
vt 0.359291 0.099869
vt 0.359291 0.150131
vt 0.140697 0.150131
vt 0.640717 0.000000
vt 0.859284 0.000000
vt 0.859303 0.000000
vt 0.640419 0.250000
vt 0.625000 0.099869
vt 0.641027 0.250000
vt 0.625000 0.250000
vt 0.625000 0.250000
vt 0.875000 0.250000
vt 0.375000 0.985680
vt 0.360680 -0.000000
vt 0.389157 -0.000000
vt 0.389157 1.000000
vt 0.374962 0.098899
vt 0.627102 0.001901
vt 0.619594 0.099427
vt 0.613925 1.000000
vt 0.613925 -0.000000
vt 0.649393 -0.000000
vt 0.625000 0.975607
vt 0.360669 0.250000
vt 0.375000 0.264331
vt 0.374960 0.151087
vt 0.388578 0.242543
vt 0.632456 0.250000
vt 0.625000 0.274569
vt 0.649569 0.250000
vt 0.611591 0.229099
vt 0.619091 0.163290
vt 0.625000 0.245493
vt 0.125000 0.162906
vt 0.375000 0.587094
vt 0.375000 0.485685
vt 0.139315 0.250000
vt 0.388592 0.507523
vt 0.867285 0.250000
vt 0.875000 0.245707
vt 0.625000 0.599295
vt 0.875000 0.150705
vt 0.611697 0.522304
vt 0.849925 0.250000
vt 0.625000 0.474925
vt 0.139304 -0.000000
vt 0.375000 0.764304
vt 0.375000 0.662921
vt 0.125000 0.087079
vt 0.388595 0.742589
vt 0.872912 0.001890
vt 0.625000 0.774379
vt 0.850621 -0.000000
vt 0.613999 0.737285
vt 0.875000 0.081300
vt 0.625000 0.668700
vt 0.867335 0.098974
vt 0.861341 0.014403
vt 0.872200 -0.002448
vt 0.632659 0.098975
vt 0.627808 -0.002448
vt 0.638670 0.014411
vt 0.867150 0.250000
vt 0.861171 0.233596
vt 0.867374 0.180572
vt 0.875000 0.247478
vt 0.632850 0.250000
vt 0.625000 0.247424
vt 0.632621 0.180567
vt 0.638827 0.233596
vt 0.628144 0.250000
vt 0.639631 0.250000
vt 0.632931 0.250000
vt 0.871228 0.250000
vt 0.867177 0.250000
vt 0.860545 0.250000
vt 0.637751 0.250000
vt 0.628357 0.250000
vt 0.632768 0.250000
vt 0.870435 0.250000
vt 0.861203 0.250000
vt 0.867233 0.250000
vt 0.375000 1.000000
vt 0.375000 0.000000
vt 0.625000 0.000000
vt 0.625000 1.000000
vt 0.375000 0.250000
vt 0.625000 0.250000
vt 0.125000 0.250000
vt 0.375000 0.500000
vt 0.625000 0.500000
vt 0.875000 0.250000
vt 0.125000 0.000000
vt 0.375000 0.750000
vt 0.625000 0.750000
vt 0.875000 0.000000
vt 0.875000 0.000000
vt 0.625000 0.000000
vt 0.875000 0.250000
vt 0.625000 0.250000
vt 0.625000 0.250000
vt 0.875000 0.250000
vt 0.625000 0.250000
vt 0.875000 0.250000
vt 0.213099 0.250000
vt 0.375000 0.411901
vt 0.213562 0.150131
vt 0.213562 0.099869
vt 0.375000 0.838096
vt 0.213096 -0.000000
vt 0.390627 0.838566
vt 0.613950 0.838572
vt 0.783545 -0.000000
vt 0.625000 0.841455
vt 0.786428 0.000000
vt 0.786441 0.000000
vt 0.787117 0.014406
vt 0.786426 0.099869
vt 0.786426 0.179252
vt 0.787056 0.233596
vt 0.786426 0.250000
vt 0.786527 0.250000
vt 0.786719 0.250000
vt 0.786334 0.250000
vt 0.786430 0.250000
vt 0.786907 0.250000
vt 0.786536 0.250000
vt 0.786673 0.250000
vt 0.625000 0.408139
vt 0.783139 0.250000
vt 0.610197 0.411577
vt 0.390627 0.411430
vt 0.286884 0.250000
vt 0.375000 0.338116
vt 0.286426 0.150131
vt 0.286426 0.099869
vt 0.375000 0.911888
vt 0.286888 -0.000000
vt 0.390627 0.911434
vt 0.613950 0.911428
vt 0.716469 -0.000000
vt 0.625000 0.908531
vt 0.713572 0.000000
vt 0.713579 0.000000
vt 0.712894 0.014408
vt 0.713562 0.099869
vt 0.713562 0.179252
vt 0.712941 0.233596
vt 0.713574 0.250000
vt 0.713473 0.250000
vt 0.712235 0.250000
vt 0.713376 0.250000
vt 0.713570 0.250000
vt 0.713269 0.250000
vt 0.713782 0.250000
vt 0.713327 0.250000
vt 0.625000 0.341354
vt 0.716354 0.250000
vt 0.610293 0.338133
vt 0.390627 0.338570
vt 0.537253 0.233581
vt 0.537135 0.265028
vt 0.537071 0.338278
vt 0.537007 0.411528
vt 0.536942 0.484778
vt 0.537329 0.517377
vt 0.539441 0.600406
vt 0.539509 0.650051
vt 0.538864 0.739053
vt 0.539509 0.765710
vt 0.539509 0.838570
vt 0.539509 0.911430
vt 0.539509 0.984290
vt 0.539002 -0.000000
vt 0.539002 1.000000
vt 0.539515 0.099990
vt 0.539753 0.152412
vt 0.462916 0.238062
vt 0.463881 0.265369
vt 0.463849 0.338424
vt 0.463817 0.411479
vt 0.463785 0.484534
vt 0.462961 0.512450
vt 0.465034 0.600137
vt 0.465068 0.650091
vt 0.463730 0.740821
vt 0.465068 0.765704
vt 0.465068 0.838568
vt 0.465068 0.911432
vt 0.465068 0.984296
vt 0.464080 -0.000000
vt 0.464080 1.000000
vt 0.465081 0.099990
vt 0.465190 0.151271
vt 0.786493 0.250000
vt 0.713507 0.250000
vt 0.640520 0.250000
vt 0.632795 0.250000
vt 0.625000 0.250000
vt 0.625000 0.250000
vt 0.632772 0.250000
vt 0.640678 0.250000
vt 0.713630 0.250000
vt 0.786582 0.250000
vt 0.859534 0.250000
vt 0.867213 0.250000
vt 0.875000 0.250000
vt 0.875000 0.250000
vt 0.867205 0.250000
vt 0.859480 0.250000
vt 0.786459 0.250000
vt 0.713540 0.250000
vt 0.640621 0.250000
vt 0.632823 0.250000
vt 0.625000 0.250000
vt 0.625000 0.250000
vt 0.632614 0.250000
vt 0.640329 0.250000
vt 0.713478 0.250000
vt 0.786628 0.250000
vt 0.859777 0.250000
vt 0.867249 0.250000
vt 0.875000 0.250000
vt 0.875000 0.250000
vt 0.867178 0.250000
vt 0.859378 0.250000
vn -0.008325 -0.999722 0.022058
vn -0.701531 -0.712452 0.016293
vn -0.709132 -0.704965 -0.012492
vn -0.011808 -0.999773 -0.017748
vn -0.971605 -0.232782 0.042391
vn -0.972429 -0.233165 -0.004053
vn -0.031799 -0.231222 0.972381
vn -0.006423 -0.711320 0.702839
vn 0.016977 -0.702938 0.711048
vn 0.005409 -0.228340 0.973566
vn 0.024090 -0.999379 0.025715
vn -0.694147 -0.187408 0.695010
vn -0.694315 0.189933 0.694156
vn -0.972886 0.222672 0.062537
vn -0.053133 0.222658 0.973448
vn -0.000083 -0.200101 0.979775
vn -0.000184 -0.706187 0.708025
vn 0.139075 -0.699773 0.700697
vn 0.163324 -0.170896 0.971658
vn -0.000042 -0.999667 0.025808
vn 0.174910 -0.984459 0.015747
vn -0.009618 -0.228946 0.973392
vn -0.000018 -0.210815 0.977526
vn -0.068076 0.134765 0.988536
vn -0.001877 0.200917 0.979606
vn -0.047456 0.050823 0.997580
vn 0.000015 -0.999678 0.025375
vn 0.000000 -0.999843 -0.017719
vn -0.000003 -0.999843 -0.017720
vn -0.041839 -0.998826 0.024412
vn -0.041879 -0.998966 -0.017717
vn -0.710386 0.699735 0.075643
vn -0.704943 0.709153 0.012568
vn -0.971485 0.237064 0.004285
vn -0.094051 0.990126 0.103951
vn -0.096160 0.995210 0.017606
vn -0.069317 0.697542 0.713184
vn -0.018792 0.705347 0.708613
vn -0.024839 0.994104 0.105544
vn -0.006527 0.231913 0.972715
vn -0.984504 0.156012 0.080073
vn -0.663207 0.107121 0.740730
vn -0.703550 0.075715 0.706600
vn -0.992163 0.104256 0.068875
vn -0.203063 0.030277 0.978698
vn -0.215233 0.023613 0.976277
vn -0.006742 0.993756 0.111367
vn -0.657329 0.743063 0.125606
vn -0.668622 0.743484 0.013262
vn -0.007879 0.999812 0.017704
vn -0.988206 0.153106 0.002704
vn -0.128719 0.078416 0.988576
vn 0.199764 -0.010219 0.979791
vn 0.207682 -0.018777 0.978016
vn 0.191540 -0.000280 0.981485
vn -0.972880 0.222679 -0.062602
vn -0.694221 0.190202 -0.694176
vn -0.694635 -0.187053 -0.694617
vn -0.971618 -0.232727 -0.042381
vn -0.052755 0.223863 -0.973192
vn -0.032018 -0.232445 -0.972082
vn -0.068317 0.696452 -0.714344
vn -0.017824 0.702740 -0.711223
vn -0.005950 0.234611 -0.972071
vn -0.093960 0.990090 -0.104367
vn -0.024663 0.994023 -0.106348
vn -0.202714 0.030211 -0.978772
vn -0.662127 0.107459 -0.741647
vn -0.701373 0.075072 -0.708830
vn -0.213889 0.023310 -0.976580
vn -0.984413 0.156485 -0.080276
vn -0.992155 0.104207 -0.069064
vn -0.049738 0.052713 -0.997370
vn -0.130384 0.079211 -0.988294
vn 0.199772 -0.010213 -0.979789
vn 0.191567 -0.000281 -0.981479
vn 0.207690 -0.018779 -0.978015
vn -0.002174 0.205406 -0.978674
vn -0.071707 0.139359 -0.987642
vn -0.000039 -0.212654 -0.977128
vn -0.010031 -0.238432 -0.971108
vn -0.000142 -0.200200 -0.979755
vn -0.008310 -0.999722 -0.022065
vn -0.006436 -0.711566 -0.702590
vn 0.016944 -0.703217 -0.710773
vn 0.024100 -0.999379 -0.025698
vn 0.005501 -0.230998 -0.972939
vn -0.000031 -0.999670 -0.025678
vn -0.000328 -0.706121 -0.708091
vn 0.138866 -0.699489 -0.701022
vn 0.174932 -0.984453 -0.015829
vn 0.163239 -0.170764 -0.971696
vn 0.980736 -0.189416 -0.047735
vn 0.699499 -0.145144 -0.699739
vn 0.704481 -0.008035 -0.709678
vn 0.997713 -0.013576 -0.066219
vn 0.183149 -0.982930 -0.017460
vn 0.708907 -0.705191 -0.012484
vn 0.701259 -0.712724 0.016133
vn 0.981877 -0.189489 -0.003291
vn 0.980707 -0.189570 0.047715
vn 0.699476 -0.145496 0.699689
vn 0.704483 -0.008031 0.709676
vn 0.997718 -0.013577 0.066145
vn 0.993852 -0.090005 -0.064473
vn 0.695327 -0.063170 -0.715912
vn 0.698169 -0.074502 -0.712046
vn 0.992508 -0.105048 -0.062398
vn 0.215770 -0.022911 -0.976175
vn 0.999896 -0.014436 -0.000261
vn 0.998137 -0.060998 -0.001092
vn 0.996153 -0.059574 0.064271
vn 0.995930 -0.090120 -0.001618
vn 0.993857 -0.090007 0.064400
vn 0.695324 -0.063169 0.715915
vn 0.698165 -0.074500 0.712050
vn 0.215760 -0.022908 0.976178
vn 0.992512 -0.105047 0.062329
vn -0.062851 0.993487 0.095041
vn -0.076485 0.712646 0.697342
vn 0.272418 0.659791 0.700332
vn 0.360395 0.928200 0.092520
vn -0.206730 0.085492 0.974656
vn 0.216713 0.019856 0.976033
vn -0.976332 0.204625 0.070034
vn -0.610784 0.787777 0.079689
vn -0.604071 0.796803 0.014238
vn -0.977376 0.211476 0.003809
vn -0.069319 0.997436 0.017761
vn -0.203349 0.084498 -0.975453
vn -0.067350 0.712167 -0.698772
vn 0.277451 0.664495 -0.693879
vn 0.217510 0.020662 -0.975839
vn -0.061710 0.993562 -0.095004
vn 0.360558 0.928232 -0.091562
vn 0.801270 0.594018 0.071471
vn 0.794787 0.606797 0.010532
vn 0.366088 0.930435 0.016434
vn 0.994414 -0.088163 0.058041
vn 0.996748 -0.080574 -0.001410
vn -0.024477 0.999544 0.017682
vn 0.024053 -0.999554 -0.017703
vn -0.994514 0.104588 0.001850
vn 0.994394 -0.105719 -0.001878
vn -0.577048 -0.576262 0.578739
vn 0.000028 -0.706239 0.707974
vn -0.029859 -0.711001 0.702557
vn -0.577515 0.578093 0.576442
vn -0.363144 0.398293 0.842312
vn -0.009694 0.656147 0.754571
vn -0.577194 0.578317 -0.576538
vn -0.710378 0.699732 -0.075746
vn -0.654856 0.745174 -0.126016
vn -0.361278 0.400775 -0.841937
vn -0.009115 0.651708 -0.758416
vn -0.007114 0.993576 -0.112942
vn -0.701528 -0.712458 -0.016190
vn -0.577529 -0.576557 -0.577964
vn 0.000035 -0.706257 -0.707955
vn 0.000023 -0.999685 -0.025111
vn -0.041856 -0.998813 -0.024922
vn -0.029779 -0.711099 -0.702461
vn 0.577580 -0.576573 -0.577898
vn 0.701472 -0.712514 -0.016149
vn 0.577262 -0.577325 0.577465
vn 0.701661 -0.041275 -0.711315
vn 0.996148 -0.059569 -0.064342
vn 0.701662 -0.041285 0.711313
vn -0.694928 0.151492 0.702940
vn -0.502816 0.647052 0.573149
vn -0.605781 0.791595 -0.080040
vn -0.489560 0.650264 -0.580937
vn -0.690172 0.150481 -0.707827
vn -0.976270 0.204856 -0.070216
vn 0.700359 -0.060307 0.711239
vn 0.647160 0.486839 0.586661
vn 0.700614 -0.058598 -0.711131
vn 0.644719 0.498631 -0.579400
vn 0.798040 0.598342 -0.071551
vn 0.994428 -0.087804 -0.058332
vn -0.971482 0.237074 -0.004286
vn -0.704940 0.709155 -0.012579
vn -0.972429 -0.233164 0.004055
vn -0.709134 -0.704963 0.012499
vn -0.011809 -0.999773 0.017757
vn 0.024053 -0.999554 0.017712
vn 0.000000 -0.999843 0.017727
vn -0.041879 -0.998965 0.017725
vn 0.000013 -0.999843 0.017720
vn 0.183171 -0.982925 0.017509
vn 0.708954 -0.705143 0.012518
vn 0.981884 -0.189455 0.003297
vn 0.999896 -0.014436 0.000262
vn 0.998137 -0.060997 0.001093
vn 0.995930 -0.090119 0.001619
vn 0.994394 -0.105720 0.001879
vn 0.794046 0.607757 -0.011100
vn 0.996749 -0.080557 0.001326
vn 0.365963 0.930484 -0.016423
vn -0.069697 0.997415 -0.017480
vn -0.602928 0.797675 -0.013910
vn -0.977376 0.211478 -0.003652
vn -0.988196 0.153174 -0.002694
vn -0.994513 0.104597 -0.001858
vn -0.667993 0.744055 -0.012958
vn -0.008005 0.999812 -0.017639
vn -0.096173 0.995209 -0.017608
vn -0.024462 0.999545 -0.017666
vn 0.023628 0.994314 0.103834
vn 0.015741 0.703668 0.710355
vn 0.024433 0.999546 0.017607
vn 0.024463 0.999545 -0.017647
vn 0.023850 0.994128 -0.105554
vn 0.016494 0.698232 -0.715681
vn 0.005630 0.230223 -0.973122
vn -0.005468 -0.231660 -0.972781
vn -0.016919 -0.703217 -0.710774
vn -0.024083 -0.999379 -0.025741
vn -0.024054 -0.999554 0.017713
vn -0.024054 -0.999554 -0.017704
vn -0.024110 -0.999379 0.025688
vn -0.016832 -0.703073 0.710919
vn -0.005391 -0.226185 0.974069
vn 0.004828 0.224379 0.974490
vn 0.990620 -0.136624 -0.002424
vn 0.990620 -0.136624 0.002425
vn 0.988846 -0.135902 0.060952
vn 0.693619 -0.095834 0.713939
vn 0.214893 -0.029602 0.976189
vn -0.220909 0.031139 0.974797
vn -0.704168 0.097851 0.703259
vn -0.988350 0.134620 0.071006
vn -0.990825 0.135127 0.002417
vn -0.990826 0.135120 -0.002384
vn -0.988340 0.134540 -0.071301
vn -0.699529 0.096772 -0.708021
vn -0.218091 0.030575 -0.975449
vn 0.214903 -0.029603 -0.976187
vn 0.693623 -0.095834 -0.713935
vn 0.988841 -0.135902 -0.061020
s 1
g pCube153
usemtl initialShadingGroup
f 1219/1609/2590 1218/1665/2591 1373/1789/2592 1374/1791/2593
f 1218/1666/2591 1223/1653/2594 1372/1788/2595 1373/1790/2592
f 1221/1610/2596 1220/1667/2597 1423/1843/2598 1424/1845/2599
f 1220/1668/2597 1219/1609/2590 1422/1842/2600 1423/1844/2598
f 1223/1653/2594 1222/1669/2601 1234/1678/2602 1233/1654/2603
f 1222/1669/2601 1221/1610/2596 1235/1613/2604 1234/1678/2602
f 1225/1611/2605 1224/1670/2606 1286/1713/2607 1285/1660/2608
f 1224/1670/2606 1231/1656/2609 1287/1629/2610 1286/1713/2607
f 1227/1646/2611 1226/1671/2612 1244/1684/2613 1243/1614/2614
f 1226/1671/2612 1225/1611/2605 1245/1616/2615 1244/1684/2613
f 1231/1656/2609 1230/1674/2616 1376/1793/2617 1377/1795/2618
f 1230/1675/2616 1229/1612/2619 1375/1792/2620 1376/1794/2617
f 1233/1654/2603 1232/1676/2621 1370/1785/2622 1371/1787/2623
f 1232/1677/2621 1237/1647/2624 1393/1812/2625 1370/1786/2622
f 1237/1647/2624 1236/1679/2626 1410/1830/2627 1411/1831/2628
f 1236/1679/2626 1235/1613/2604 1425/1846/2629 1410/1830/2627
f 1239/1615/2630 1238/1680/2631 1448/1869/2632 1449/1870/2633
f 1238/1680/2631 1247/1662/2634 1447/1868/2635 1448/1869/2632
f 1241/1648/2636 1240/1681/2637 1391/1809/2638 1392/1811/2639
f 1240/1682/2637 1239/1615/2630 1390/1808/2640 1391/1810/2638
f 1247/1662/2634 1246/1685/2641 1300/1720/2642 1299/1663/2643
f 1246/1685/2641 1245/1616/2615 1301/1631/2644 1300/1720/2642
f 1249/1655/2645 1248/1686/2646 1266/1701/2647 1265/1617/2648
f 1248/1687/2646 1253/1649/2649 1267/1624/2650 1266/1700/2647
f 1253/1649/2649 1252/1690/2651 1415/1835/2652 1416/1836/2653
f 1252/1690/2651 1251/1618/2654 1414/1834/2655 1415/1835/2652
f 1255/1621/2656 1254/1691/2657 1453/1874/2658 1454/1875/2659
f 1254/1691/2657 1263/1620/2660 1452/1873/2661 1453/1874/2658
f 1257/1622/2662 1256/1692/2663 1296/1718/2664 1295/1628/2665
f 1256/1692/2663 1255/1621/2656 1297/1633/2666 1296/1718/2664
f 1259/1650/2667 1258/1693/2668 1276/1708/2669 1275/1625/2670
f 1258/1694/2668 1257/1622/2662 1277/1626/2671 1276/1707/2669
f 1269/1651/2672 1268/1702/2673 1418/1838/2674 1419/1839/2675
f 1268/1702/2673 1267/1624/2650 1417/1837/2676 1418/1838/2674
f 1271/1657/2677 1270/1703/2678 1282/1711/2679 1281/1658/2680
f 1270/1703/2678 1277/1626/2671 1283/1627/2681 1282/1711/2679
f 1279/1630/2682 1278/1709/2683 1294/1717/2684 1293/1652/2685
f 1278/1709/2683 1283/1627/2681 1295/1628/2665 1294/1717/2684
f 1378/1796/2686 1379/1797/2687 1288/1714/2688 1287/1629/2610
f 1379/1797/2687 1380/1798/2689 1289/1632/2690 1288/1714/2688
f 1285/1660/2608 1284/1712/2691 1302/1721/2692 1301/1631/2644
f 1284/1712/2691 1289/1632/2690 1303/1634/2693 1302/1721/2692
f 1291/1635/2694 1290/1715/2695 1456/1877/2696 1457/1878/2697
f 1290/1715/2695 1297/1633/2666 1455/1876/2698 1456/1877/2696
f 1381/1799/2699 1382/1800/2700 1304/1722/2701 1303/1634/2693
f 1382/1800/2700 1383/1801/2702 1305/1636/2703 1304/1722/2701
f 1299/1663/2643 1298/1719/2704 1445/1866/2705 1446/1867/2706
f 1298/1719/2704 1305/1636/2703 1444/1865/2707 1445/1866/2705
f 1307/1640/2708 1306/1723/2709 1320/1730/2710 1319/1659/2711
f 1306/1723/2709 1311/1637/2712 1321/1638/2713 1320/1730/2710
f 1309/1661/2714 1308/1724/2715 1388/1806/2716 1389/1807/2717
f 1308/1724/2715 1307/1640/2708 1387/1805/2718 1388/1806/2716
f 1313/1664/2719 1312/1726/2720 1324/1732/2721 1329/1641/2722
f 1312/1726/2720 1317/1642/2723 1325/1643/2724 1324/1732/2721
f 1319/1659/2711 1318/1729/2725 1385/1803/2726 1386/1804/2727
f 1318/1729/2725 1323/1644/2728 1384/1802/2729 1385/1803/2726
f 1221/1610/2596 1424/1845/2599 1425/1846/2629 1235/1613/2604
f 1237/1647/2624 1411/1831/2628 1412/1832/2730 1393/1812/2625
f 1253/1649/2649 1416/1836/2653 1417/1837/2676 1267/1624/2650
f 1374/1791/2593 1421/1841/2731 1422/1842/2600 1219/1609/2590
f 1289/1632/2690 1380/1798/2689 1381/1799/2699 1303/1634/2693
f 1372/1788/2595 1223/1653/2594 1233/1654/2603 1371/1787/2623
f 1231/1656/2609 1377/1795/2618 1378/1796/2686 1287/1629/2610
f 1277/1626/2671 1257/1622/2662 1295/1628/2665 1283/1627/2681
f 1387/1805/2718 1307/1640/2708 1319/1659/2711 1386/1804/2727
f 1245/1616/2615 1225/1611/2605 1285/1660/2608 1301/1631/2644
f 1390/1808/2640 1239/1615/2630 1449/1870/2633 1450/1871/2732
f 1247/1662/2634 1299/1663/2643 1446/1867/2706 1447/1868/2635
f 1305/1636/2703 1383/1801/2702 1443/1864/2733 1444/1865/2707
f 1297/1633/2666 1255/1621/2656 1454/1875/2659 1455/1876/2698
f 1222/1669/2601 1223/1653/2594 1218/1666/2591 1330/1736/2734
f 1218/1665/2591 1219/1609/2590 1220/1668/2597 1330/1735/2734
f 1220/1667/2597 1221/1610/2596 1222/1669/2601 1330/1736/2734
f 1230/1674/2616 1231/1656/2609 1224/1670/2606 1331/1737/2735
f 1224/1670/2606 1225/1611/2605 1226/1671/2612 1331/1737/2735
f 1226/1671/2612 1227/1646/2611 1228/1673/2736 1331/1737/2735
f 1228/1672/2736 1229/1612/2619 1230/1675/2616 1331/1738/2735
f 1236/1679/2626 1237/1647/2624 1232/1677/2621 1332/1739/2737
f 1232/1676/2621 1233/1654/2603 1234/1678/2602 1332/1739/2737
f 1234/1678/2602 1235/1613/2604 1236/1679/2626 1332/1739/2737
f 1246/1685/2641 1247/1662/2634 1238/1680/2631 1333/1740/2738
f 1238/1680/2631 1239/1615/2630 1240/1682/2637 1333/1740/2738
f 1240/1681/2637 1241/1648/2636 1242/1683/2739 1333/1740/2738
f 1242/1683/2739 1243/1614/2614 1244/1684/2613 1333/1740/2738
f 1244/1684/2613 1245/1616/2615 1246/1685/2641 1333/1740/2738
f 1252/1690/2651 1253/1649/2649 1248/1687/2646 1334/1742/2740
f 1248/1686/2646 1249/1655/2645 1250/1689/2741 1334/1741/2740
f 1250/1688/2741 1251/1618/2654 1252/1690/2651 1334/1742/2740
f 1262/1696/2742 1263/1620/2660 1254/1691/2657 1335/1744/2743
f 1254/1691/2657 1255/1621/2656 1256/1692/2663 1335/1744/2743
f 1256/1692/2663 1257/1622/2662 1258/1694/2668 1335/1744/2743
f 1258/1693/2668 1259/1650/2667 1260/1695/2744 1335/1743/2743
f 1260/1695/2744 1261/1619/2745 1262/1697/2742 1335/1743/2743
f 1268/1702/2673 1269/1651/2672 1264/1699/2746 1336/1746/2747
f 1264/1698/2746 1265/1617/2648 1266/1701/2647 1336/1745/2747
f 1266/1700/2647 1267/1624/2650 1268/1702/2673 1336/1746/2747
f 1276/1707/2669 1277/1626/2671 1270/1703/2678 1337/1748/2748
f 1270/1703/2678 1271/1657/2677 1272/1705/2749 1337/1748/2748
f 1272/1704/2749 1273/1623/2750 1274/1706/2751 1337/1747/2748
f 1274/1706/2751 1275/1625/2670 1276/1708/2669 1337/1747/2748
f 1282/1711/2679 1283/1627/2681 1278/1709/2683 1338/1749/2752
f 1278/1709/2683 1279/1630/2682 1280/1710/2753 1338/1749/2752
f 1280/1710/2753 1281/1658/2680 1282/1711/2679 1338/1749/2752
f 1288/1714/2688 1289/1632/2690 1284/1712/2691 1339/1750/2754
f 1284/1712/2691 1285/1660/2608 1286/1713/2607 1339/1750/2754
f 1286/1713/2607 1287/1629/2610 1288/1714/2688 1339/1750/2754
f 1296/1718/2664 1297/1633/2666 1290/1715/2695 1340/1751/2755
f 1290/1715/2695 1291/1635/2694 1292/1716/2756 1340/1751/2755
f 1292/1716/2756 1293/1652/2685 1294/1717/2684 1340/1751/2755
f 1294/1717/2684 1295/1628/2665 1296/1718/2664 1340/1751/2755
f 1304/1722/2701 1305/1636/2703 1298/1719/2704 1341/1752/2757
f 1298/1719/2704 1299/1663/2643 1300/1720/2642 1341/1752/2757
f 1300/1720/2642 1301/1631/2644 1302/1721/2692 1341/1752/2757
f 1302/1721/2692 1303/1634/2693 1304/1722/2701 1341/1752/2757
f 1310/1725/2758 1311/1637/2712 1306/1723/2709 1342/1753/2759
f 1306/1723/2709 1307/1640/2708 1308/1724/2715 1342/1753/2759
f 1308/1724/2715 1309/1661/2714 1310/1725/2758 1342/1753/2759
f 1316/1728/2760 1317/1642/2723 1312/1726/2720 1343/1754/2761
f 1312/1726/2720 1313/1664/2719 1314/1727/2762 1343/1754/2761
f 1314/1727/2762 1315/1639/2763 1316/1728/2760 1343/1754/2761
f 1322/1731/2764 1323/1644/2728 1318/1729/2725 1344/1755/2765
f 1318/1729/2725 1319/1659/2711 1320/1730/2710 1344/1755/2765
f 1320/1730/2710 1321/1638/2713 1322/1731/2764 1344/1755/2765
f 1328/1734/2766 1329/1641/2722 1324/1732/2721 1345/1756/2767
f 1324/1732/2721 1325/1643/2724 1326/1733/2768 1345/1756/2767
f 1326/1733/2768 1327/1645/2769 1328/1734/2766 1345/1756/2767
f 1347/1759/2770 1346/1757/2771 1250/1689/2741 1249/1655/2645
f 1265/1617/2648 1348/1760/2772 1347/1759/2770 1249/1655/2645
f 1349/1762/2773 1348/1760/2772 1265/1617/2648 1264/1698/2746
f 1350/1763/2774 1349/1761/2773 1264/1699/2746 1269/1651/2672
f 1269/1651/2672 1419/1839/2675 1420/1840/2775 1350/1763/2774
f 1352/1766/2776 1351/1764/2777 1273/1623/2750 1272/1704/2749
f 1353/1767/2778 1352/1765/2776 1272/1705/2749 1271/1657/2677
f 1354/1768/2779 1353/1767/2778 1271/1657/2677 1281/1658/2680
f 1281/1658/2680 1280/1710/2753 1355/1769/2780 1354/1768/2779
f 1280/1710/2753 1279/1630/2682 1356/1770/2781 1355/1769/2780
f 1357/1771/2782 1356/1770/2781 1279/1630/2682 1293/1652/2685
f 1293/1652/2685 1292/1716/2756 1358/1772/2783 1357/1771/2782
f 1292/1716/2756 1291/1635/2694 1359/1773/2784 1358/1772/2783
f 1457/1878/2697 1442/1863/2785 1359/1773/2784 1291/1635/2694
f 1361/1775/2786 1360/1774/2787 1327/1645/2769 1326/1733/2768
f 1362/1776/2788 1361/1775/2786 1326/1733/2768 1325/1643/2724
f 1317/1642/2723 1363/1777/2789 1362/1776/2788 1325/1643/2724
f 1364/1778/2790 1363/1777/2789 1317/1642/2723 1316/1728/2760
f 1365/1779/2791 1364/1778/2790 1316/1728/2760 1315/1639/2763
f 1263/1620/2660 1366/1780/2792 1451/1872/2793 1452/1873/2661
f 1367/1782/2794 1366/1780/2792 1263/1620/2660 1262/1696/2742
f 1368/1783/2795 1367/1781/2794 1262/1697/2742 1261/1619/2745
f 1369/1784/2796 1413/1833/2797 1414/1834/2655 1251/1618/2654
f 1346/1758/2771 1369/1784/2796 1251/1618/2654 1250/1688/2741
f 1371/1787/2623 1370/1785/2622 1346/1757/2771 1347/1759/2770
f 1348/1760/2772 1372/1788/2595 1371/1787/2623 1347/1759/2770
f 1373/1790/2592 1372/1788/2595 1348/1760/2772 1349/1762/2773
f 1374/1791/2593 1373/1789/2592 1349/1761/2773 1350/1763/2774
f 1350/1763/2774 1420/1840/2775 1421/1841/2731 1374/1791/2593
f 1376/1794/2617 1375/1792/2620 1351/1764/2777 1352/1766/2776
f 1377/1795/2618 1376/1793/2617 1352/1765/2776 1353/1767/2778
f 1378/1796/2686 1377/1795/2618 1353/1767/2778 1354/1768/2779
f 1354/1768/2779 1355/1769/2780 1379/1797/2687 1378/1796/2686
f 1355/1769/2780 1356/1770/2781 1380/1798/2689 1379/1797/2687
f 1381/1799/2699 1380/1798/2689 1356/1770/2781 1357/1771/2782
f 1357/1771/2782 1358/1772/2783 1382/1800/2700 1381/1799/2699
f 1358/1772/2783 1359/1773/2784 1383/1801/2702 1382/1800/2700
f 1443/1864/2733 1383/1801/2702 1359/1773/2784 1442/1863/2785
f 1385/1803/2726 1384/1802/2729 1360/1774/2787 1361/1775/2786
f 1386/1804/2727 1385/1803/2726 1361/1775/2786 1362/1776/2788
f 1363/1777/2789 1387/1805/2718 1386/1804/2727 1362/1776/2788
f 1388/1806/2716 1387/1805/2718 1363/1777/2789 1364/1778/2790
f 1389/1807/2717 1388/1806/2716 1364/1778/2790 1365/1779/2791
f 1366/1780/2792 1390/1808/2640 1450/1871/2732 1451/1872/2793
f 1391/1810/2638 1390/1808/2640 1366/1780/2792 1367/1782/2794
f 1392/1811/2639 1391/1809/2638 1367/1781/2794 1368/1783/2795
f 1393/1812/2625 1412/1832/2730 1413/1833/2797 1369/1784/2796
f 1370/1786/2622 1393/1812/2625 1369/1784/2796 1346/1758/2771
f 1395/1814/2798 1394/1813/2799 1242/1683/2739 1241/1648/2636
f 1396/1815/2800 1395/1814/2798 1241/1648/2636 1392/1811/2639
f 1397/1816/2801 1396/1815/2800 1392/1811/2639 1368/1783/2795
f 1398/1817/2802 1397/1816/2801 1368/1783/2795 1261/1619/2745
f 1399/1818/2803 1398/1817/2802 1261/1619/2745 1260/1695/2744
f 1400/1819/2804 1399/1818/2803 1260/1695/2744 1259/1650/2667
f 1401/1820/2805 1400/1819/2804 1259/1650/2667 1275/1625/2670
f 1402/1821/2806 1401/1820/2805 1275/1625/2670 1274/1706/2751
f 1403/1822/2807 1402/1821/2806 1274/1706/2751 1273/1623/2750
f 1404/1823/2808 1403/1822/2807 1273/1623/2750 1351/1764/2777
f 1405/1824/2809 1404/1823/2808 1351/1764/2777 1375/1792/2620
f 1406/1825/2810 1405/1824/2809 1375/1792/2620 1229/1612/2619
f 1407/1827/2811 1406/1825/2810 1229/1612/2619 1228/1672/2736
f 1408/1828/2812 1407/1826/2811 1228/1673/2736 1227/1646/2611
f 1409/1829/2813 1408/1828/2812 1227/1646/2611 1243/1614/2614
f 1394/1813/2799 1409/1829/2813 1243/1614/2614 1242/1683/2739
f 1411/1831/2628 1410/1830/2627 1394/1813/2799 1395/1814/2798
f 1412/1832/2730 1411/1831/2628 1395/1814/2798 1396/1815/2800
f 1413/1833/2797 1412/1832/2730 1396/1815/2800 1397/1816/2801
f 1414/1834/2655 1413/1833/2797 1397/1816/2801 1398/1817/2802
f 1415/1835/2652 1414/1834/2655 1398/1817/2802 1399/1818/2803
f 1416/1836/2653 1415/1835/2652 1399/1818/2803 1400/1819/2804
f 1417/1837/2676 1416/1836/2653 1400/1819/2804 1401/1820/2805
f 1418/1838/2674 1417/1837/2676 1401/1820/2805 1402/1821/2806
f 1419/1839/2675 1418/1838/2674 1402/1821/2806 1403/1822/2807
f 1420/1840/2775 1419/1839/2675 1403/1822/2807 1404/1823/2808
f 1421/1841/2731 1420/1840/2775 1404/1823/2808 1405/1824/2809
f 1422/1842/2600 1421/1841/2731 1405/1824/2809 1406/1825/2810
f 1423/1844/2598 1422/1842/2600 1406/1825/2810 1407/1827/2811
f 1424/1845/2599 1423/1843/2598 1407/1826/2811 1408/1828/2812
f 1425/1846/2629 1424/1845/2599 1408/1828/2812 1409/1829/2813
f 1410/1830/2627 1425/1846/2629 1409/1829/2813 1394/1813/2799
f 1384/1802/2729 1427/1848/2814 1426/1847/2815 1360/1774/2787
f 1428/1849/2816 1427/1848/2814 1384/1802/2729 1323/1644/2728
f 1429/1850/2817 1428/1849/2816 1323/1644/2728 1322/1731/2764
f 1430/1851/2818 1429/1850/2817 1322/1731/2764 1321/1638/2713
f 1431/1852/2819 1430/1851/2818 1321/1638/2713 1311/1637/2712
f 1432/1853/2820 1431/1852/2819 1311/1637/2712 1310/1725/2758
f 1433/1854/2821 1432/1853/2820 1310/1725/2758 1309/1661/2714
f 1434/1855/2822 1433/1854/2821 1309/1661/2714 1389/1807/2717
f 1435/1856/2823 1434/1855/2822 1389/1807/2717 1365/1779/2791
f 1436/1857/2824 1435/1856/2823 1365/1779/2791 1315/1639/2763
f 1437/1858/2825 1436/1857/2824 1315/1639/2763 1314/1727/2762
f 1438/1859/2826 1437/1858/2825 1314/1727/2762 1313/1664/2719
f 1439/1860/2827 1438/1859/2826 1313/1664/2719 1329/1641/2722
f 1440/1861/2828 1439/1860/2827 1329/1641/2722 1328/1734/2766
f 1441/1862/2829 1440/1861/2828 1328/1734/2766 1327/1645/2769
f 1360/1774/2787 1426/1847/2815 1441/1862/2829 1327/1645/2769
f 1427/1848/2814 1443/1864/2733 1442/1863/2785 1426/1847/2815
f 1444/1865/2707 1443/1864/2733 1427/1848/2814 1428/1849/2816
f 1445/1866/2705 1444/1865/2707 1428/1849/2816 1429/1850/2817
f 1446/1867/2706 1445/1866/2705 1429/1850/2817 1430/1851/2818
f 1447/1868/2635 1446/1867/2706 1430/1851/2818 1431/1852/2819
f 1448/1869/2632 1447/1868/2635 1431/1852/2819 1432/1853/2820
f 1449/1870/2633 1448/1869/2632 1432/1853/2820 1433/1854/2821
f 1450/1871/2732 1449/1870/2633 1433/1854/2821 1434/1855/2822
f 1451/1872/2793 1450/1871/2732 1434/1855/2822 1435/1856/2823
f 1452/1873/2661 1451/1872/2793 1435/1856/2823 1436/1857/2824
f 1453/1874/2658 1452/1873/2661 1436/1857/2824 1437/1858/2825
f 1454/1875/2659 1453/1874/2658 1437/1858/2825 1438/1859/2826
f 1455/1876/2698 1454/1875/2659 1438/1859/2826 1439/1860/2827
f 1456/1877/2696 1455/1876/2698 1439/1860/2827 1440/1861/2828
f 1457/1878/2697 1456/1877/2696 1440/1861/2828 1441/1862/2829
f 1441/1862/2829 1426/1847/2815 1442/1863/2785 1457/1878/2697
g default
v 10.907079 -0.000799 1.151980
v 10.868336 -0.000799 1.093998
v 10.810355 -0.000799 1.055256
v 10.741961 -0.000799 1.041652
v 10.673567 -0.000799 1.055256
v 10.615586 -0.000799 1.093998
v 10.576842 -0.000799 1.151980
v 10.563239 -0.000799 1.220374
v 10.576842 -0.000799 1.288768
v 10.615586 -0.000799 1.346750
v 10.673567 -0.000799 1.385492
v 10.741961 -0.000799 1.399096
v 10.810355 -0.000799 1.385492
v 10.868336 -0.000799 1.346750
v 10.907079 -0.000799 1.288768
v 10.920683 -0.000799 1.220374
v 10.889800 0.017181 1.159137
v 10.855113 0.017181 1.107223
v 10.803196 0.017181 1.072535
v 10.741961 0.017181 1.060354
v 10.680726 0.017181 1.072535
v 10.628812 0.017181 1.107223
v 10.594122 0.017181 1.159137
v 10.581941 0.017181 1.220374
v 10.594122 0.017181 1.281611
v 10.628810 0.017181 1.333525
v 10.680726 0.017181 1.368213
v 10.741961 0.017181 1.380394
v 10.803196 0.017181 1.368213
v 10.855113 0.017181 1.333525
v 10.889800 0.017181 1.281611
v 10.901980 0.017181 1.220374
v 10.741961 -0.000799 1.220374
v 10.778534 0.017181 1.205224
v 10.769953 0.017181 1.192381
v 10.757110 0.017181 1.183799
v 10.741961 0.017181 1.180786
v 10.726810 0.017181 1.183799
v 10.713969 0.017181 1.192381
v 10.705386 0.017181 1.205224
v 10.702372 0.017181 1.220374
v 10.705386 0.017181 1.235523
v 10.713967 0.017181 1.248367
v 10.726810 0.017181 1.256948
v 10.741961 0.017181 1.259962
v 10.757110 0.017181 1.256948
v 10.769953 0.017181 1.248367
v 10.778534 0.017181 1.235523
v 10.781549 0.017181 1.220374
v 10.778534 0.855518 1.205224
v 10.769953 0.855518 1.192381
v 10.741961 0.855518 1.220374
v 10.757110 0.855518 1.183799
v 10.741961 0.855518 1.180786
v 10.726810 0.855518 1.183799
v 10.713969 0.855518 1.192381
v 10.705386 0.855518 1.205224
v 10.702372 0.855518 1.220374
v 10.705386 0.855518 1.235523
v 10.713967 0.855518 1.248367
v 10.726810 0.855518 1.256948
v 10.741961 0.855518 1.259962
v 10.757110 0.855518 1.256948
v 10.769953 0.855518 1.248367
v 10.778534 0.855518 1.235523
v 10.781549 0.855518 1.220374
vt 0.644356 0.096456
vt 0.610485 0.045765
vt 0.559794 0.011894
vt 0.500000 0.000000
vt 0.440206 0.011894
vt 0.389515 0.045765
vt 0.355644 0.096456
vt 0.343750 0.156250
vt 0.355644 0.216044
vt 0.389515 0.266735
vt 0.440206 0.300606
vt 0.500000 0.312500
vt 0.559794 0.300606
vt 0.610485 0.266735
vt 0.644356 0.216044
vt 0.656250 0.156250
vt 0.375000 0.312500
vt 0.390625 0.312500
vt 0.406250 0.312500
vt 0.421875 0.312500
vt 0.437500 0.312500
vt 0.453125 0.312500
vt 0.468750 0.312500
vt 0.484375 0.312500
vt 0.500000 0.312500
vt 0.515625 0.312500
vt 0.531250 0.312500
vt 0.546875 0.312500
vt 0.562500 0.312500
vt 0.578125 0.312500
vt 0.593750 0.312500
vt 0.609375 0.312500
vt 0.625000 0.312500
vt 0.375000 0.688440
vt 0.390625 0.688440
vt 0.406250 0.688440
vt 0.421875 0.688440
vt 0.437500 0.688440
vt 0.453125 0.688440
vt 0.468750 0.688440
vt 0.484375 0.688440
vt 0.500000 0.688440
vt 0.515625 0.688440
vt 0.531250 0.688440
vt 0.546875 0.688440
vt 0.562500 0.688440
vt 0.578125 0.688440
vt 0.593750 0.688440
vt 0.609375 0.688440
vt 0.625000 0.688440
vt 0.644356 0.783956
vt 0.610485 0.733265
vt 0.559794 0.699394
vt 0.500000 0.687500
vt 0.440206 0.699394
vt 0.389515 0.733265
vt 0.355644 0.783956
vt 0.343750 0.843750
vt 0.355644 0.903544
vt 0.389515 0.954235
vt 0.440206 0.988106
vt 0.500000 1.000000
vt 0.559794 0.988106
vt 0.610485 0.954235
vt 0.644356 0.903544
vt 0.656250 0.843750
vt 0.500000 0.150000
vt 0.500000 0.837500
vt 0.644356 0.903544
vt 0.610485 0.954235
vt 0.559794 0.988106
vt 0.500000 1.000000
vt 0.440206 0.988106
vt 0.389515 0.954235
vt 0.355644 0.903544
vt 0.343750 0.843750
vt 0.355644 0.783956
vt 0.389515 0.733265
vt 0.440206 0.699394
vt 0.500000 0.687500
vt 0.559794 0.699394
vt 0.610485 0.733265
vt 0.644356 0.783956
vt 0.656250 0.843750
vt 0.644356 0.903544
vt 0.610485 0.954235
vt 0.559794 0.988106
vt 0.500000 1.000000
vt 0.440206 0.988106
vt 0.389515 0.954235
vt 0.355644 0.903544
vt 0.343750 0.843750
vt 0.355644 0.783956
vt 0.389515 0.733265
vt 0.440206 0.699394
vt 0.500000 0.687500
vt 0.559794 0.699394
vt 0.610485 0.733265
vt 0.644356 0.783956
vt 0.656250 0.843750
vn 0.640306 0.720878 -0.265223
vn 0.490061 0.720882 -0.490071
vn 0.163451 0.972917 -0.163450
vn 0.213556 0.972918 -0.088457
vn 0.265223 0.720891 -0.640291
vn 0.088455 0.972918 -0.213555
vn 0.000001 0.720897 -0.693042
vn 0.000000 0.972917 -0.231153
vn -0.265223 0.720901 -0.640280
vn -0.088456 0.972918 -0.213555
vn -0.490045 0.720907 -0.490050
vn -0.163444 0.972919 -0.163447
vn -0.640281 0.720901 -0.265219
vn -0.213555 0.972918 -0.088460
vn -0.693056 0.720884 -0.000001
vn -0.231155 0.972917 -0.000000
vn -0.640306 0.720877 0.265226
vn -0.213556 0.972918 0.088460
vn -0.490060 0.720883 0.490070
vn -0.163449 0.972917 0.163450
vn -0.265223 0.720897 0.640285
vn -0.088455 0.972919 0.213553
vn 0.000000 0.720897 0.693042
vn -0.000000 0.972918 0.231151
vn 0.265224 0.720891 0.640291
vn 0.088455 0.972918 0.213554
vn 0.490064 0.720876 0.490077
vn 0.163452 0.972917 0.163452
vn 0.640304 0.720880 0.265221
vn 0.213556 0.972918 0.088457
vn 0.693051 0.720889 0.000000
vn 0.231148 0.972919 0.000000
vn 0.000000 -1.000000 0.000000
vn 0.000000 -1.000000 -0.000000
vn 0.000000 -1.000000 0.000000
vn 0.000000 -1.000000 -0.000000
vn 0.000000 -1.000000 0.000000
vn 0.000000 -1.000000 0.000000
vn 0.000000 -1.000000 0.000000
vn 0.000000 -1.000000 0.000000
vn 0.000000 -1.000000 0.000000
vn 0.000000 -1.000000 -0.000000
vn 0.000000 -1.000000 -0.000000
vn 0.000000 -1.000000 0.000000
vn 0.000000 -1.000000 0.000000
vn 0.000000 -1.000000 0.000000
vn 0.000000 -1.000000 -0.000000
vn 0.000000 -1.000000 0.000000
vn 0.000000 -1.000000 0.000000
vn 0.000000 1.000000 0.000000
vn 0.000000 1.000000 0.000003
vn 0.000000 1.000000 0.000001
vn 0.000000 1.000000 0.000003
vn 0.000000 1.000000 0.000000
vn 0.000000 1.000000 0.000002
vn 0.000000 1.000000 -0.000002
vn 0.000000 1.000000 -0.000003
vn 0.000000 1.000000 0.000000
vn 0.000000 1.000000 0.000006
vn 0.000000 1.000000 0.000003
vn 0.000000 1.000000 -0.000003
vn 0.000000 1.000000 0.000000
vn 0.000000 1.000000 -0.000002
vn 0.000000 1.000000 0.000002
vn 0.000000 1.000000 0.000003
vn 0.000000 1.000000 0.000000
vn 0.000000 1.000000 0.000000
vn 0.000000 1.000000 0.000000
vn 0.000000 1.000000 0.000000
vn 0.000000 1.000000 0.000000
vn 0.000000 1.000000 0.000000
vn 0.000000 1.000000 0.000000
vn 0.000000 1.000000 -0.000000
vn 0.000000 1.000000 -0.000000
vn 0.000000 1.000000 -0.000000
vn 0.000000 1.000000 -0.000000
vn 0.000000 1.000000 0.000000
vn 0.000000 1.000000 0.000000
vn 0.000000 1.000000 0.000000
vn 0.000000 1.000000 0.000000
vn 0.000000 1.000000 0.000000
vn 0.000000 1.000000 0.000000
vn 0.000000 1.000000 -0.000000
vn 0.000000 1.000000 -0.000000
vn 0.000000 1.000000 0.000000
vn 0.000000 1.000000 0.000000
vn 0.000000 1.000000 0.000000
vn 0.000000 1.000000 0.000000
vn 0.000000 1.000000 0.000000
vn 0.000000 1.000000 0.000000
vn 0.000000 1.000000 0.000000
vn 0.000000 1.000000 0.000000
vn 0.000000 1.000000 0.000000
vn 0.000000 1.000000 0.000000
vn 0.000000 1.000000 -0.000000
vn 0.000000 1.000000 -0.000000
vn 0.000000 1.000000 0.000000
vn 0.000000 1.000000 0.000000
vn 0.923872 0.000000 -0.382703
vn 0.707119 0.000000 -0.707095
vn 0.707119 0.000000 -0.707095
vn 0.923872 0.000000 -0.382703
vn 0.382695 0.000000 -0.923875
vn 0.382695 0.000000 -0.923875
vn 0.000000 0.000000 -1.000000
vn 0.000000 0.000000 -1.000000
vn -0.382707 0.000000 -0.923870
vn -0.382707 0.000000 -0.923870
vn -0.707116 0.000000 -0.707097
vn -0.707116 0.000000 -0.707097
vn -0.923849 0.000000 -0.382757
vn -0.923849 0.000000 -0.382757
vn -1.000000 0.000000 0.000000
vn -1.000000 0.000000 0.000000
vn -0.923872 0.000000 0.382702
vn -0.923872 0.000000 0.382702
vn -0.707116 0.000000 0.707097
vn -0.707116 0.000000 0.707097
vn -0.382684 0.000000 0.923879
vn -0.382684 0.000000 0.923879
vn -0.000000 0.000000 1.000000
vn -0.000000 0.000000 1.000000
vn 0.382695 0.000000 0.923875
vn 0.382695 0.000000 0.923875
vn 0.707116 0.000000 0.707097
vn 0.707116 0.000000 0.707097
vn 0.923872 0.000000 0.382702
vn 0.923872 0.000000 0.382702
vn 1.000000 0.000000 0.000000
vn 1.000000 0.000000 0.000000
s 1
g pCylinder21
usemtl initialShadingGroup
f 1458/1895/2830 1459/1896/2831 1475/1913/2832 1474/1912/2833
f 1459/1896/2831 1460/1897/2834 1476/1914/2835 1475/1913/2832
f 1460/1897/2834 1461/1898/2836 1477/1915/2837 1476/1914/2835
f 1461/1898/2836 1462/1899/2838 1478/1916/2839 1477/1915/2837
f 1462/1899/2838 1463/1900/2840 1479/1917/2841 1478/1916/2839
f 1463/1900/2840 1464/1901/2842 1480/1918/2843 1479/1917/2841
f 1464/1901/2842 1465/1902/2844 1481/1919/2845 1480/1918/2843
f 1465/1902/2844 1466/1903/2846 1482/1920/2847 1481/1919/2845
f 1466/1903/2846 1467/1904/2848 1483/1921/2849 1482/1920/2847
f 1467/1904/2848 1468/1905/2850 1484/1922/2851 1483/1921/2849
f 1468/1905/2850 1469/1906/2852 1485/1923/2853 1484/1922/2851
f 1469/1906/2852 1470/1907/2854 1486/1924/2855 1485/1923/2853
f 1470/1907/2854 1471/1908/2856 1487/1925/2857 1486/1924/2855
f 1471/1908/2856 1472/1909/2858 1488/1926/2859 1487/1925/2857
f 1472/1909/2858 1473/1910/2860 1489/1927/2861 1488/1926/2859
f 1473/1910/2860 1458/1911/2830 1474/1928/2833 1489/1927/2861
s 2
f 1459/1880/2862 1458/1879/2863 1490/1945/2864
f 1460/1881/2865 1459/1880/2862 1490/1945/2864
f 1461/1882/2866 1460/1881/2865 1490/1945/2864
f 1462/1883/2867 1461/1882/2866 1490/1945/2864
f 1463/1884/2868 1462/1883/2867 1490/1945/2864
f 1464/1885/2869 1463/1884/2868 1490/1945/2864
f 1465/1886/2870 1464/1885/2869 1490/1945/2864
f 1466/1887/2871 1465/1886/2870 1490/1945/2864
f 1467/1888/2872 1466/1887/2871 1490/1945/2864
f 1468/1889/2873 1467/1888/2872 1490/1945/2864
f 1469/1890/2874 1468/1889/2873 1490/1945/2864
f 1470/1891/2875 1469/1890/2874 1490/1945/2864
f 1471/1892/2876 1470/1891/2875 1490/1945/2864
f 1472/1893/2877 1471/1892/2876 1490/1945/2864
f 1473/1894/2878 1472/1893/2877 1490/1945/2864
f 1458/1879/2863 1473/1894/2878 1490/1945/2864
s 3
f 1507/1963/2879 1508/1964/2880 1509/1946/2881
f 1508/1964/2880 1510/1965/2882 1509/1946/2881
f 1510/1965/2882 1511/1966/2883 1509/1946/2881
f 1511/1966/2883 1512/1967/2884 1509/1946/2881
f 1512/1967/2884 1513/1968/2885 1509/1946/2881
f 1513/1968/2885 1514/1969/2886 1509/1946/2881
f 1514/1969/2886 1515/1970/2887 1509/1946/2881
f 1515/1970/2887 1516/1971/2888 1509/1946/2881
f 1516/1971/2888 1517/1972/2889 1509/1946/2881
f 1517/1972/2889 1518/1973/2890 1509/1946/2881
f 1518/1973/2890 1519/1974/2891 1509/1946/2881
f 1519/1974/2891 1520/1975/2892 1509/1946/2881
f 1520/1975/2892 1521/1976/2893 1509/1946/2881
f 1521/1976/2893 1522/1977/2894 1509/1946/2881
f 1522/1977/2894 1523/1978/2895 1509/1946/2881
f 1523/1978/2895 1507/1963/2879 1509/1946/2881
s 1
f 1474/1943/2833 1475/1942/2832 1492/1948/2896 1491/1947/2897
f 1475/1942/2832 1476/1941/2835 1493/1949/2898 1492/1948/2899
f 1476/1941/2835 1477/1940/2837 1494/1950/2900 1493/1949/2901
f 1477/1940/2837 1478/1939/2839 1495/1951/2902 1494/1950/2903
f 1478/1939/2839 1479/1938/2841 1496/1952/2904 1495/1951/2905
f 1479/1938/2841 1480/1937/2843 1497/1953/2906 1496/1952/2907
f 1480/1937/2843 1481/1936/2845 1498/1954/2908 1497/1953/2909
f 1481/1936/2845 1482/1935/2847 1499/1955/2910 1498/1954/2911
f 1482/1935/2847 1483/1934/2849 1500/1956/2912 1499/1955/2913
f 1483/1934/2849 1484/1933/2851 1501/1957/2914 1500/1956/2915
f 1484/1933/2851 1485/1932/2853 1502/1958/2916 1501/1957/2917
f 1485/1932/2853 1486/1931/2855 1503/1959/2918 1502/1958/2919
f 1486/1931/2855 1487/1930/2857 1504/1960/2920 1503/1959/2921
f 1487/1930/2857 1488/1929/2859 1505/1961/2922 1504/1960/2923
f 1488/1929/2859 1489/1944/2861 1506/1962/2924 1505/1961/2925
f 1489/1944/2861 1474/1943/2833 1491/1947/2926 1506/1962/2927
s 4
f 1491/1947/2928 1492/1948/2929 1508/1964/2930 1507/1963/2931
f 1492/1948/2929 1493/1949/2932 1510/1965/2933 1508/1964/2930
f 1493/1949/2932 1494/1950/2934 1511/1966/2935 1510/1965/2933
f 1494/1950/2934 1495/1951/2936 1512/1967/2937 1511/1966/2935
f 1495/1951/2936 1496/1952/2938 1513/1968/2939 1512/1967/2937
f 1496/1952/2938 1497/1953/2940 1514/1969/2941 1513/1968/2939
f 1497/1953/2940 1498/1954/2942 1515/1970/2943 1514/1969/2941
f 1498/1954/2942 1499/1955/2944 1516/1971/2945 1515/1970/2943
f 1499/1955/2944 1500/1956/2946 1517/1972/2947 1516/1971/2945
f 1500/1956/2946 1501/1957/2948 1518/1973/2949 1517/1972/2947
f 1501/1957/2948 1502/1958/2950 1519/1974/2951 1518/1973/2949
f 1502/1958/2950 1503/1959/2952 1520/1975/2953 1519/1974/2951
f 1503/1959/2952 1504/1960/2954 1521/1976/2955 1520/1975/2953
f 1504/1960/2954 1505/1961/2956 1522/1977/2957 1521/1976/2955
f 1505/1961/2956 1506/1962/2958 1523/1978/2959 1522/1977/2957
f 1506/1962/2958 1491/1947/2928 1507/1963/2931 1523/1978/2959
g default
v 6.771364 1.303775 0.563078
v 7.319685 1.303775 0.563078
v 6.771364 1.317797 0.563078
v 7.319685 1.317797 0.563078
v 6.771364 1.317797 0.205498
v 7.319685 1.317797 0.205498
v 6.771364 1.303775 0.205498
v 7.319685 1.303775 0.205498
vt 0.375000 0.000000
vt 0.625000 0.000000
vt 0.375000 0.250000
vt 0.625000 0.250000
vt 0.375000 0.500000
vt 0.625000 0.500000
vt 0.375000 0.750000
vt 0.625000 0.750000
vt 0.375000 1.000000
vt 0.625000 1.000000
vt 0.875000 0.000000
vt 0.875000 0.250000
vt 0.125000 0.000000
vt 0.125000 0.250000
vn 0.000000 0.000000 1.000000
vn 0.000000 0.000000 1.000000
vn 0.000000 0.000000 1.000000
vn 0.000000 0.000000 1.000000
vn 0.000000 1.000000 0.000000
vn 0.000000 1.000000 0.000000
vn 0.000000 1.000000 0.000000
vn 0.000000 1.000000 0.000000
vn 0.000000 0.000000 -1.000000
vn 0.000000 0.000000 -1.000000
vn 0.000000 0.000000 -1.000000
vn 0.000000 0.000000 -1.000000
vn 0.000000 -1.000000 0.000000
vn 0.000000 -1.000000 0.000000
vn 0.000000 -1.000000 0.000000
vn 0.000000 -1.000000 0.000000
vn 1.000000 0.000000 0.000000
vn 1.000000 0.000000 0.000000
vn 1.000000 0.000000 0.000000
vn 1.000000 0.000000 0.000000
vn -1.000000 0.000000 0.000000
vn -1.000000 0.000000 0.000000
vn -1.000000 0.000000 0.000000
vn -1.000000 0.000000 0.000000
s off
g pCube156
usemtl initialShadingGroup
f 1524/1979/2960 1525/1980/2961 1527/1982/2962 1526/1981/2963
f 1526/1981/2964 1527/1982/2965 1529/1984/2966 1528/1983/2967
f 1528/1983/2968 1529/1984/2969 1531/1986/2970 1530/1985/2971
f 1530/1985/2972 1531/1986/2973 1525/1988/2974 1524/1987/2975
f 1525/1980/2976 1531/1989/2977 1529/1990/2978 1527/1982/2979
f 1530/1991/2980 1524/1979/2981 1526/1981/2982 1528/1992/2983
g default
v 4.239757 1.402689 0.532439
v 4.227458 1.402689 0.497666
v 4.192916 1.402689 0.468623
v 4.142733 1.402689 0.503231
v 4.092549 1.402689 0.468623
v 4.058008 1.402689 0.497666
v 4.045709 1.402689 0.532439
v 4.049602 1.402689 0.575343
v 4.066290 1.402689 0.615478
v 4.084742 1.402689 0.647020
v 4.111349 1.402689 0.664562
v 4.142733 1.402689 0.670721
v 4.174116 1.402689 0.664562
v 4.200723 1.402689 0.647020
v 4.219175 1.402689 0.615478
v 4.235864 1.402689 0.575343
v 4.239757 1.409425 0.532439
v 4.227458 1.409425 0.497666
v 4.192916 1.409425 0.468623
v 4.142733 1.409425 0.503231
v 4.092549 1.409425 0.468623
v 4.058008 1.409425 0.497666
v 4.045709 1.409425 0.532439
v 4.049602 1.409425 0.575343
v 4.066290 1.409425 0.615478
v 4.084742 1.409425 0.647020
v 4.111349 1.409425 0.664562
v 4.142733 1.409425 0.670721
v 4.174116 1.409425 0.664562
v 4.200723 1.409425 0.647020
v 4.219175 1.409425 0.615478
v 4.235864 1.409425 0.575343
v 4.142733 1.402689 0.571302
v 4.142733 1.409425 0.571302
v 4.165559 1.402689 0.450718
v 4.165559 1.409425 0.450718
v 4.119905 1.402689 0.450718
v 4.119905 1.409425 0.450718
v 4.165559 1.402689 0.320680
v 4.142733 1.402689 0.320279
v 4.142733 1.409425 0.320279
v 4.165559 1.409425 0.320680
v 4.119905 1.402689 0.320680
v 4.119905 1.409425 0.320680
v 4.192916 1.399430 0.468623
v 4.142733 1.397430 0.503231
v 4.142733 1.397430 0.442214
v 4.161751 1.399430 0.450718
v 4.092549 1.399430 0.468623
v 4.123714 1.399430 0.450718
v 4.142733 1.397430 0.320679
v 4.161751 1.399430 0.320680
v 4.123714 1.399430 0.320680
v 4.172473 1.412685 0.456306
v 4.142733 1.414685 0.490915
v 4.161751 1.412685 0.450718
v 4.142733 1.414685 0.442214
v 4.112991 1.412685 0.456306
v 4.123714 1.412685 0.450718
v 4.161751 1.412685 0.320680
v 4.142733 1.414685 0.320679
v 4.123714 1.412685 0.320680
vt 0.644356 0.096456
vt 0.610485 0.045765
vt 0.559794 0.011894
vt 0.500000 0.000000
vt 0.440206 0.011894
vt 0.389515 0.045765
vt 0.355644 0.096456
vt 0.343750 0.156250
vt 0.355644 0.216044
vt 0.389515 0.266735
vt 0.440206 0.300606
vt 0.500000 0.312500
vt 0.559794 0.300606
vt 0.610485 0.266735
vt 0.644356 0.216044
vt 0.656250 0.156250
vt 0.375000 0.312500
vt 0.390625 0.312500
vt 0.406250 0.312500
vt 0.421875 0.312500
vt 0.437500 0.312500
vt 0.453125 0.312500
vt 0.468750 0.312500
vt 0.484375 0.312500
vt 0.500000 0.312500
vt 0.515625 0.312500
vt 0.531250 0.312500
vt 0.546875 0.312500
vt 0.562500 0.312500
vt 0.578125 0.312500
vt 0.593750 0.312500
vt 0.609375 0.312500
vt 0.625000 0.312500
vt 0.375000 0.688440
vt 0.390625 0.688440
vt 0.406250 0.688440
vt 0.421875 0.688440
vt 0.437500 0.688440
vt 0.453125 0.688440
vt 0.468750 0.688440
vt 0.484375 0.688440
vt 0.500000 0.688440
vt 0.515625 0.688440
vt 0.531250 0.688440
vt 0.546875 0.688440
vt 0.562500 0.688440
vt 0.578125 0.688440
vt 0.593750 0.688440
vt 0.609375 0.688440
vt 0.625000 0.688440
vt 0.644356 0.783956
vt 0.610485 0.733265
vt 0.559794 0.699394
vt 0.500000 0.687500
vt 0.440206 0.699394
vt 0.389515 0.733265
vt 0.355644 0.783956
vt 0.343750 0.843750
vt 0.355644 0.903544
vt 0.389515 0.954235
vt 0.440206 0.988106
vt 0.500000 1.000000
vt 0.559794 0.988106
vt 0.610485 0.954235
vt 0.644356 0.903544
vt 0.656250 0.843750
vt 0.500000 0.150000
vt 0.500000 0.837500
vt 0.406250 0.312500
vt 0.421875 0.312500
vt 0.421875 0.688440
vt 0.406250 0.688440
vt 0.437500 0.312500
vt 0.437500 0.688440
vt 0.406250 0.312500
vt 0.421875 0.312500
vt 0.421875 0.688440
vt 0.406250 0.688440
vt 0.437500 0.312500
vt 0.437500 0.688440
vt 0.406250 0.312500
vt 0.421875 0.312500
vt 0.406250 0.312500
vt 0.421875 0.688440
vt 0.406250 0.688440
vt 0.406250 0.688440
vt 0.437500 0.312500
vt 0.437500 0.312500
vt 0.437500 0.688440
vt 0.437500 0.688440
vt 0.421875 0.312500
vt 0.406250 0.312500
vt 0.406250 0.688440
vt 0.421875 0.688440
vt 0.437500 0.312500
vt 0.437500 0.688440
vn 0.994195 0.000000 -0.107592
vn 0.806151 0.000000 -0.591709
vn 0.806151 0.000000 -0.591709
vn 0.994195 0.000000 -0.107592
vn 0.643554 0.000000 -0.765401
vn 0.643554 0.000000 -0.765401
vn 0.017546 0.000000 -0.999846
vn 0.000000 0.000000 -1.000000
vn 0.000000 0.000000 -1.000000
vn 0.017546 0.000000 -0.999846
vn -0.017546 0.000000 -0.999846
vn -0.017546 0.000000 -0.999846
vn -0.643559 0.000000 -0.765397
vn -0.806154 0.000000 -0.591706
vn -0.806154 0.000000 -0.591706
vn -0.643559 0.000000 -0.765397
vn -0.994195 0.000000 -0.107592
vn -0.994195 0.000000 -0.107592
vn -0.970631 0.000000 0.240573
vn -0.970631 0.000000 0.240573
vn -0.897896 0.000000 0.440208
vn -0.897896 0.000000 0.440208
vn -0.736662 0.000000 0.676261
vn -0.736662 0.000000 0.676261
vn -0.378335 0.000000 0.925669
vn -0.378335 0.000000 0.925669
vn 0.000000 0.000000 1.000000
vn 0.000000 0.000000 1.000000
vn 0.378335 0.000000 0.925669
vn 0.378335 0.000000 0.925669
vn 0.736658 0.000000 0.676266
vn 0.736658 0.000000 0.676266
vn 0.897893 0.000000 0.440214
vn 0.897893 0.000000 0.440214
vn 0.970631 0.000000 0.240573
vn 0.970631 0.000000 0.240573
vn 0.000000 -1.000000 0.000000
vn 0.000000 -1.000000 0.000000
vn 0.000000 -1.000000 0.000000
vn 0.000000 -1.000000 0.000000
vn 0.000000 -1.000000 0.000000
vn 0.000000 -1.000000 0.000000
vn 0.000000 -1.000000 0.000000
vn 0.000000 -1.000000 0.000000
vn 0.000000 -1.000000 0.000000
vn 0.000000 -1.000000 0.000000
vn 0.000000 -1.000000 0.000000
vn 0.000000 -1.000000 0.000000
vn 0.000000 -1.000000 0.000000
vn 0.000000 -1.000000 0.000000
vn 0.000000 -1.000000 0.000000
vn 0.000000 -1.000000 0.000000
vn 0.000000 -1.000000 0.000000
vn 0.000000 1.000000 -0.000003
vn 0.000000 1.000000 0.000002
vn 0.000000 1.000000 0.000000
vn 0.035513 0.998736 0.035572
vn -0.000000 0.999364 0.035673
vn -0.035514 0.998736 0.035573
vn 0.000000 1.000000 0.000002
vn 0.000000 1.000000 -0.000003
vn 0.000000 1.000000 -0.000001
vn 0.000000 1.000000 0.000004
vn 0.000000 1.000000 0.000000
vn 0.000000 1.000000 0.000000
vn 0.000000 1.000000 0.000000
vn 0.000000 1.000000 0.000000
vn 0.000000 1.000000 -0.000002
vn 0.000000 1.000000 -0.000000
vn 0.000000 1.000000 -0.000003
vn 0.050249 -0.998540 -0.019840
vn 0.050249 -0.998540 -0.019840
vn 0.050249 -0.998540 -0.019840
vn 0.050249 -0.998540 -0.019840
vn -0.000000 0.989454 0.144849
vn 0.140772 0.984353 0.105985
vn 0.073999 0.997151 -0.014615
vn -0.000000 0.999893 -0.014656
vn 0.547621 0.000000 -0.836727
vn 0.547621 0.000000 -0.836727
vn 0.547621 0.000000 -0.836727
vn 0.547621 0.000000 -0.836727
vn -0.050249 -0.998540 -0.019842
vn -0.050249 -0.998540 -0.019842
vn -0.050249 -0.998540 -0.019842
vn -0.050249 -0.998540 -0.019842
vn -0.547621 0.000000 -0.836727
vn -0.547621 0.000000 -0.836727
vn -0.547621 0.000000 -0.836727
vn -0.547621 0.000000 -0.836727
vn -0.140770 0.984353 0.105987
vn -0.073999 0.997151 -0.014616
vn 0.261014 -0.965335 0.000000
vn 0.000001 -1.000000 0.000000
vn 0.000001 -1.000000 0.000000
vn 0.227778 -0.973713 0.000000
vn 0.000001 1.000000 0.000000
vn 0.261014 0.965335 0.000000
vn 0.227778 0.973713 0.000000
vn 0.000001 1.000000 0.000000
vn 0.934464 0.356058 0.000000
vn 0.934464 -0.356058 0.000000
vn 0.934464 -0.356058 0.000000
vn 0.934464 0.356058 0.000000
vn -0.261005 -0.965337 0.000000
vn -0.227770 -0.973715 0.000000
vn -0.934464 -0.356058 0.000000
vn -0.934464 0.356058 0.000000
vn -0.934464 0.356058 0.000000
vn -0.934464 -0.356058 0.000000
vn -0.261005 0.965337 0.000000
vn -0.227770 0.973715 0.000000
vn 0.567737 0.000000 0.823210
vn 0.567737 0.000000 0.823210
vn 0.567737 0.000000 0.823210
vn 0.567737 0.000000 0.823210
vn 0.499236 -0.291695 -0.815890
vn 0.499236 -0.291695 -0.815890
vn 0.499236 -0.291695 -0.815890
vn 0.499236 -0.291695 -0.815890
vn -0.567724 0.000000 0.823219
vn -0.567724 0.000000 0.823219
vn -0.567724 0.000000 0.823219
vn -0.567724 0.000000 0.823219
vn -0.499224 -0.291751 -0.815878
vn -0.499224 -0.291752 -0.815878
vn -0.499224 -0.291751 -0.815878
vn -0.499224 -0.291751 -0.815878
vn 0.012063 -0.052343 -0.998556
vn 0.012063 -0.052343 -0.998556
vn 0.012063 -0.052343 -0.998556
vn 0.012063 -0.052343 -0.998556
vn -0.012061 -0.052341 -0.998556
vn -0.012061 -0.052341 -0.998556
vn -0.012061 -0.052341 -0.998556
vn -0.012061 -0.052341 -0.998556
vn 0.496280 0.326329 -0.804497
vn 0.496280 0.326329 -0.804497
vn 0.496280 0.326329 -0.804497
vn 0.496280 0.326329 -0.804497
vn -0.496285 0.326380 -0.804474
vn -0.496284 0.326380 -0.804474
vn -0.496284 0.326380 -0.804474
vn -0.496285 0.326380 -0.804474
vn 0.012062 0.052342 -0.998556
vn 0.012062 0.052342 -0.998556
vn 0.012062 0.052342 -0.998556
vn 0.012062 0.052342 -0.998556
vn -0.012063 0.052340 -0.998556
vn -0.012063 0.052340 -0.998556
vn -0.012063 0.052340 -0.998556
vn -0.012063 0.052340 -0.998556
s 1
g pCylinder24
usemtl initialShadingGroup
f 1532/2009/2984 1533/2010/2985 1549/2027/2986 1548/2026/2987
f 1533/2010/2985 1534/2011/2988 1550/2028/2989 1549/2027/2986
s 2
f 1570/2067/2990 1571/2068/2991 1572/2069/2992 1573/2070/2993
f 1571/2068/2991 1574/2071/2994 1575/2072/2995 1572/2069/2992
s 1
f 1536/2013/2996 1537/2014/2997 1553/2031/2998 1552/2030/2999
f 1537/2014/2997 1538/2015/3000 1554/2032/3001 1553/2031/2998
f 1538/2015/3000 1539/2016/3002 1555/2033/3003 1554/2032/3001
f 1539/2016/3002 1540/2017/3004 1556/2034/3005 1555/2033/3003
f 1540/2017/3004 1541/2018/3006 1557/2035/3007 1556/2034/3005
f 1541/2018/3006 1542/2019/3008 1558/2036/3009 1557/2035/3007
f 1542/2019/3008 1543/2020/3010 1559/2037/3011 1558/2036/3009
f 1543/2020/3010 1544/2021/3012 1560/2038/3013 1559/2037/3011
f 1544/2021/3012 1545/2022/3014 1561/2039/3015 1560/2038/3013
f 1545/2022/3014 1546/2023/3016 1562/2040/3017 1561/2039/3015
f 1546/2023/3016 1547/2024/3018 1563/2041/3019 1562/2040/3017
f 1547/2024/3018 1532/2025/2984 1548/2042/2987 1563/2041/3019
s 4
f 1533/1994/3020 1532/1993/3021 1564/2059/3022
f 1534/1995/3023 1533/1994/3020 1564/2059/3022
f 1535/1996/3024 1534/1995/3023 1564/2059/3022
f 1536/1997/3025 1535/1996/3024 1564/2059/3022
f 1537/1998/3026 1536/1997/3025 1564/2059/3022
f 1538/1999/3027 1537/1998/3026 1564/2059/3022
f 1539/2000/3028 1538/1999/3027 1564/2059/3022
f 1540/2001/3029 1539/2000/3028 1564/2059/3022
f 1541/2002/3030 1540/2001/3029 1564/2059/3022
f 1542/2003/3031 1541/2002/3030 1564/2059/3022
f 1543/2004/3032 1542/2003/3031 1564/2059/3022
f 1544/2005/3033 1543/2004/3032 1564/2059/3022
f 1545/2006/3034 1544/2005/3033 1564/2059/3022
f 1546/2007/3035 1545/2006/3034 1564/2059/3022
f 1547/2008/3036 1546/2007/3035 1564/2059/3022
f 1532/1993/3021 1547/2008/3036 1564/2059/3022
s 5
f 1548/2057/3037 1549/2056/3038 1565/2060/3039
f 1549/2056/3038 1550/2055/3040 1565/2060/3039
f 1550/2055/3040 1551/2054/3041 1565/2060/3039
f 1551/2054/3041 1552/2053/3042 1565/2060/3039
f 1552/2053/3042 1553/2052/3043 1565/2060/3039
f 1553/2052/3043 1554/2051/3044 1565/2060/3039
f 1554/2051/3044 1555/2050/3045 1565/2060/3039
f 1555/2050/3045 1556/2049/3046 1565/2060/3039
f 1556/2049/3046 1557/2048/3047 1565/2060/3039
f 1557/2048/3047 1558/2047/3048 1565/2060/3039
f 1558/2047/3048 1559/2046/3049 1565/2060/3039
f 1559/2046/3049 1560/2045/3050 1565/2060/3039
f 1560/2045/3050 1561/2044/3051 1565/2060/3039
f 1561/2044/3051 1562/2043/3052 1565/2060/3039
f 1562/2043/3052 1563/2058/3053 1565/2060/3039
f 1563/2058/3053 1548/2057/3037 1565/2060/3039
s off
f 1576/2073/3054 1577/2074/3055 1578/2062/3056 1579/2075/3057
s 5
f 1586/2076/3058 1585/2077/3059 1587/2078/3060 1588/2063/3061
s off
f 1550/2028/3062 1534/2011/3063 1566/2061/3064 1567/2064/3065
f 1577/2074/3066 1580/2079/3067 1581/2080/3068 1578/2062/3069
f 1536/2013/3070 1552/2030/3071 1569/2066/3072 1568/2065/3073
s 5
f 1589/2081/3074 1586/2076/3058 1588/2063/3061 1590/2082/3075
s 6
f 1579/2075/3076 1578/2062/3077 1582/2083/3078 1583/2084/3079
f 1588/2063/3080 1587/2078/3081 1591/2085/3082 1592/2086/3083
f 1567/2064/3084 1566/2061/3085 1570/2067/3086 1573/2070/3087
f 1578/2062/3077 1581/2080/3088 1584/2087/3089 1582/2083/3078
f 1568/2065/3090 1569/2066/3091 1575/2072/3092 1574/2071/3093
f 1590/2082/3094 1588/2063/3080 1592/2086/3083 1593/2088/3095
s off
f 1534/2011/3096 1535/2012/3097 1577/2074/3098 1576/2073/3099
f 1566/2061/3100 1534/2011/3101 1576/2073/3102 1579/2075/3103
f 1535/2029/3104 1536/2028/3105 1580/2077/3106 1577/2076/3107
f 1536/2028/3108 1568/2064/3109 1581/2078/3110 1580/2077/3111
f 1571/2012/3112 1570/2013/3113 1583/2079/3114 1582/2074/3115
s 6
f 1570/2013/3086 1566/2065/3085 1579/2080/3076 1583/2079/3079
f 1568/2030/3090 1574/2029/3093 1584/2076/3089 1581/2081/3088
s off
f 1574/2066/3116 1571/2030/3117 1582/2081/3118 1584/2082/3119
s 5
f 1551/2068/3041 1550/2067/3040 1585/2084/3059 1586/2083/3058
s off
f 1550/2067/3120 1567/2061/3121 1587/2075/3122 1585/2084/3123
s 5
f 1552/2064/3042 1551/2070/3041 1586/2085/3058 1589/2078/3074
s off
f 1569/2070/3124 1552/2069/3125 1589/2086/3126 1590/2085/3127
s 6
f 1567/2065/3084 1573/2071/3087 1591/2087/3082 1587/2080/3081
s off
f 1573/2071/3128 1572/2068/3129 1592/2083/3130 1591/2087/3131
f 1572/2069/3132 1575/2072/3133 1593/2088/3134 1592/2086/3135
s 6
f 1575/2072/3092 1569/2066/3091 1590/2082/3094 1593/2088/3095
g default
v 6.769164 0.387065 0.591069
v 7.319685 0.387065 0.591069
v 6.769164 0.387065 0.605091
v 7.319685 0.387065 0.605091
v 6.769164 1.582161 0.605091
v 7.319685 1.582161 0.605091
v 6.769164 1.582161 0.591069
v 7.319685 1.582161 0.591069
vt 0.375000 0.000000
vt 0.625000 0.000000
vt 0.375000 0.250000
vt 0.625000 0.250000
vt 0.375000 0.500000
vt 0.625000 0.500000
vt 0.375000 0.750000
vt 0.625000 0.750000
vt 0.375000 1.000000
vt 0.625000 1.000000
vt 0.875000 0.000000
vt 0.875000 0.250000
vt 0.125000 0.000000
vt 0.125000 0.250000
vn 0.000000 -1.000000 -0.000002
vn 0.000000 -1.000000 -0.000002
vn 0.000000 -1.000000 -0.000002
vn 0.000000 -1.000000 -0.000002
vn 0.000000 0.000000 1.000000
vn 0.000000 0.000000 1.000000
vn 0.000000 0.000000 1.000000
vn 0.000000 0.000000 1.000000
vn 0.000000 1.000000 -0.000008
vn 0.000000 1.000000 -0.000008
vn 0.000000 1.000000 -0.000008
vn 0.000000 1.000000 -0.000008
vn 0.000000 0.000000 -1.000000
vn 0.000000 0.000000 -1.000000
vn 0.000000 0.000000 -1.000000
vn 0.000000 0.000000 -1.000000
vn 1.000000 0.000000 0.000000
vn 1.000000 0.000000 0.000000
vn 1.000000 0.000000 0.000000
vn 1.000000 0.000000 0.000000
vn -1.000000 0.000000 0.000000
vn -1.000000 0.000000 0.000000
vn -1.000000 0.000000 0.000000
vn -1.000000 0.000000 0.000000
s off
g pCube158
usemtl initialShadingGroup
f 1594/2089/3136 1595/2090/3137 1597/2092/3138 1596/2091/3139
f 1596/2091/3140 1597/2092/3141 1599/2094/3142 1598/2093/3143
f 1598/2093/3144 1599/2094/3145 1601/2096/3146 1600/2095/3147
f 1600/2095/3148 1601/2096/3149 1595/2098/3150 1594/2097/3151
f 1595/2090/3152 1601/2099/3153 1599/2100/3154 1597/2092/3155
f 1600/2101/3156 1594/2089/3157 1596/2091/3158 1598/2102/3159
g default
v 6.708306 1.582161 0.631221
v 7.380543 1.582161 0.631221
v 6.708306 1.701680 0.631221
v 7.380543 1.701680 0.631221
v 6.708306 1.701680 0.137354
v 7.380543 1.701680 0.137354
v 6.708306 1.582161 0.137354
v 7.380543 1.582161 0.137354
v 6.708306 0.002717 0.631221
v 7.380543 0.002717 0.631221
v 6.708306 0.387065 0.631221
v 7.380543 0.387065 0.631221
v 6.708306 0.387065 0.137354
v 7.380543 0.387065 0.137354
v 6.708306 0.002717 0.137354
v 7.380543 0.002717 0.137354
v 7.319685 1.701680 0.631221
v 7.319685 1.701680 0.137354
v 7.319685 1.582161 0.137354
v 7.319685 1.582161 0.631221
v 6.769164 1.701680 0.631221
v 6.769164 1.701680 0.137354
v 6.769164 1.582161 0.137354
v 6.769164 1.582161 0.631221
v 7.319685 0.387065 0.631221
v 7.319685 0.387065 0.137354
v 7.319685 0.002717 0.137354
v 7.319685 0.002717 0.631221
v 6.769164 0.387065 0.631221
v 6.769164 0.387065 0.137354
v 6.769164 0.002717 0.137354
v 6.769164 0.002717 0.631221
v 6.708306 0.387065 0.205498
v 6.708306 0.002717 0.205498
v 6.769164 0.002717 0.205498
v 7.319685 0.002717 0.205498
v 7.380543 0.002717 0.205498
v 7.380543 0.387065 0.205498
v 7.319685 0.387065 0.205498
v 6.769164 0.387065 0.205498
v 6.708306 0.387065 0.563078
v 6.708306 0.002717 0.563078
v 6.769164 0.002717 0.563078
v 7.319685 0.002717 0.563078
v 7.380543 0.002717 0.563078
v 7.380543 0.387065 0.563078
v 7.319685 0.387065 0.563078
v 6.769164 0.387065 0.563078
v 6.708306 1.701680 0.205498
v 6.708306 1.582161 0.205498
v 6.769164 1.582161 0.205498
v 7.319685 1.582161 0.205498
v 7.380543 1.582161 0.205498
v 7.380543 1.701680 0.205498
v 7.319685 1.701680 0.205498
v 6.769164 1.701680 0.205498
v 6.708306 1.701680 0.563078
v 6.708306 1.582161 0.563078
v 6.769164 1.582161 0.563078
v 7.319685 1.582161 0.563078
v 7.380543 1.582161 0.563078
v 7.380543 1.701680 0.563078
v 7.319685 1.701680 0.563078
v 6.769164 1.701680 0.563078
vt 0.375000 0.000000
vt 0.625000 0.000000
vt 0.375000 0.250000
vt 0.625000 0.250000
vt 0.375000 0.500000
vt 0.625000 0.500000
vt 0.375000 0.750000
vt 0.625000 0.750000
vt 0.875000 0.000000
vt 0.875000 0.250000
vt 0.125000 0.000000
vt 0.125000 0.250000
vt 0.375000 0.000000
vt 0.625000 0.000000
vt 0.625000 0.250000
vt 0.375000 0.250000
vt 0.625000 0.500000
vt 0.375000 0.500000
vt 0.625000 0.750000
vt 0.375000 0.750000
vt 0.625000 1.000000
vt 0.375000 1.000000
vt 0.875000 0.000000
vt 0.875000 0.250000
vt 0.125000 0.000000
vt 0.125000 0.250000
vt 0.541667 0.250000
vt 0.541667 0.500000
vt 0.541667 0.750000
vt 0.541667 0.500000
vt 0.458333 0.250000
vt 0.458333 0.500000
vt 0.458333 0.750000
vt 0.458333 0.000000
vt 0.458333 1.000000
vt 0.541667 0.250000
vt 0.541667 0.500000
vt 0.541667 0.750000
vt 0.541667 0.000000
vt 0.541667 1.000000
vt 0.458333 0.250000
vt 0.458333 0.500000
vt 0.458333 0.750000
vt 0.458333 0.000000
vt 0.458333 1.000000
vt 0.208333 0.250000
vt 0.375000 0.416667
vt 0.208333 0.000000
vt 0.375000 0.833333
vt 0.458333 0.833333
vt 0.541667 0.833333
vt 0.625000 0.833333
vt 0.791667 0.000000
vt 0.625000 0.416667
vt 0.791667 0.250000
vt 0.541667 0.416667
vt 0.458333 0.416667
vt 0.291667 0.250000
vt 0.375000 0.333333
vt 0.291667 0.000000
vt 0.375000 0.916667
vt 0.458333 0.916667
vt 0.541667 0.916667
vt 0.625000 0.916667
vt 0.708333 0.000000
vt 0.666667 0.291667
vt 0.541667 0.333333
vt 0.458333 0.333333
vt 0.208333 0.250000
vt 0.375000 0.416667
vt 0.208333 0.000000
vt 0.375000 0.833333
vt 0.458333 0.833333
vt 0.541667 0.833333
vt 0.625000 0.833333
vt 0.791667 0.000000
vt 0.625000 0.416667
vt 0.791667 0.250000
vt 0.541667 0.416667
vt 0.458333 0.416667
vt 0.291667 0.250000
vt 0.375000 0.333333
vt 0.291667 0.000000
vt 0.375000 0.916667
vt 0.458333 0.916667
vt 0.541667 0.916667
vt 0.666667 0.458333
vt 0.625000 0.333333
vt 0.708333 0.250000
vt 0.541667 0.333333
vt 0.458333 0.333333
vn 0.000000 0.000000 1.000000
vn 0.000000 0.000000 1.000000
vn 0.000000 0.000000 1.000000
vn 0.000000 0.000000 1.000000
vn 0.000000 1.000000 0.000000
vn 0.000000 1.000000 0.000000
vn 0.000000 1.000000 0.000000
vn 0.000000 1.000000 0.000000
vn 0.000000 0.000000 -1.000000
vn 0.000000 0.000000 -1.000000
vn 0.000000 0.000000 -1.000000
vn 0.000000 0.000000 -1.000000
vn 1.000000 0.000000 0.000000
vn 1.000000 0.000000 0.000000
vn 1.000000 0.000000 0.000000
vn 1.000000 0.000000 0.000000
vn -1.000000 0.000000 0.000000
vn -1.000000 0.000000 0.000000
vn -1.000000 0.000000 0.000000
vn -1.000000 0.000000 0.000000
vn 0.000000 0.000000 1.000000
vn 0.000000 0.000000 1.000000
vn 0.000000 0.000000 1.000000
vn 0.000000 0.000000 1.000000
vn 0.000000 0.000000 -1.000000
vn 0.000000 0.000000 -1.000000
vn 0.000000 0.000000 -1.000000
vn 0.000000 0.000000 -1.000000
vn 0.000000 -1.000000 0.000000
vn 0.000000 -1.000000 0.000000
vn 0.000000 -1.000000 0.000000
vn 0.000000 -1.000000 0.000000
vn 1.000000 0.000000 0.000000
vn 1.000000 0.000000 0.000000
vn 1.000000 0.000000 0.000000
vn 1.000000 0.000000 0.000000
vn -1.000000 0.000000 0.000000
vn -1.000000 0.000000 0.000000
vn -1.000000 0.000000 0.000000
vn -1.000000 0.000000 0.000000
vn 0.000000 1.000000 0.000000
vn 0.000000 1.000000 0.000000
vn 0.000000 1.000000 0.000000
vn 0.000000 1.000000 0.000000
vn 0.000000 0.000000 -1.000000
vn 0.000000 0.000000 -1.000000
vn 0.000000 0.000000 -1.000000
vn 0.000000 0.000000 -1.000000
vn 0.000000 0.000000 1.000000
vn 0.000000 0.000000 1.000000
vn 0.000000 0.000000 1.000000
vn 0.000000 0.000000 1.000000
vn 0.000000 -1.000000 0.000000
vn 0.000000 -1.000000 0.000000
vn 0.000000 -1.000000 0.000000
vn 0.000000 -1.000000 0.000000
vn 0.000000 0.000000 -1.000000
vn 0.000000 0.000000 -1.000000
vn 0.000000 0.000000 -1.000000
vn 0.000000 0.000000 -1.000000
vn 0.000000 -1.000000 0.000000
vn 0.000000 -1.000000 0.000000
vn 0.000000 -1.000000 0.000000
vn 0.000000 -1.000000 0.000000
vn 0.000000 0.000000 1.000000
vn 0.000000 0.000000 1.000000
vn 0.000000 0.000000 1.000000
vn 0.000000 0.000000 1.000000
vn 0.000000 1.000000 0.000000
vn 0.000000 1.000000 0.000000
vn 0.000000 1.000000 0.000000
vn 0.000000 1.000000 0.000000
vn -1.000000 0.000000 0.000000
vn -1.000000 0.000000 0.000000
vn -1.000000 0.000000 0.000000
vn -1.000000 0.000000 0.000000
vn 0.000000 -1.000000 0.000000
vn 0.000000 -1.000000 0.000000
vn 0.000000 -1.000000 0.000000
vn 0.000000 -1.000000 0.000000
vn 0.000000 -1.000000 0.000000
vn 0.000000 -1.000000 0.000000
vn 0.000000 -1.000000 0.000000
vn 0.000000 -1.000000 0.000000
vn 1.000000 0.000000 0.000000
vn 1.000000 0.000000 0.000000
vn 1.000000 0.000000 0.000000
vn 1.000000 0.000000 0.000000
vn 0.000000 1.000000 0.000000
vn 0.000000 1.000000 0.000000
vn 0.000000 1.000000 0.000000
vn 0.000000 1.000000 0.000000
vn 0.000000 1.000000 0.000000
vn 0.000000 1.000000 0.000000
vn 0.000000 1.000000 0.000000
vn 0.000000 1.000000 0.000000
vn -1.000000 0.000000 0.000000
vn -1.000000 0.000000 0.000000
vn -1.000000 0.000000 0.000000
vn -1.000000 0.000000 0.000000
vn 0.000000 -1.000000 0.000000
vn 0.000000 -1.000000 0.000000
vn 0.000000 -1.000000 0.000000
vn 0.000000 -1.000000 0.000000
vn 1.000000 0.000000 0.000000
vn 1.000000 0.000000 0.000000
vn 1.000000 0.000000 0.000000
vn 1.000000 0.000000 0.000000
vn 0.000000 1.000000 0.000000
vn 0.000000 1.000000 0.000000
vn 0.000000 1.000000 0.000000
vn 0.000000 1.000000 0.000000
vn 0.000000 1.000000 0.000000
vn 0.000000 1.000000 0.000000
vn 0.000000 1.000000 0.000000
vn 0.000000 1.000000 0.000000
vn 0.000000 -1.000000 0.000000
vn 0.000000 -1.000000 0.000000
vn 0.000000 -1.000000 0.000000
vn 0.000000 -1.000000 0.000000
vn 0.000000 0.000000 1.000000
vn 0.000000 0.000000 1.000000
vn 0.000000 0.000000 1.000000
vn 0.000000 0.000000 1.000000
vn 1.000000 0.000000 0.000000
vn 1.000000 0.000000 0.000000
vn 1.000000 0.000000 0.000000
vn 1.000000 0.000000 0.000000
vn 0.000000 0.000000 -1.000000
vn 0.000000 0.000000 -1.000000
vn 0.000000 0.000000 -1.000000
vn 0.000000 0.000000 -1.000000
vn -1.000000 0.000000 0.000000
vn -1.000000 0.000000 0.000000
vn -1.000000 0.000000 0.000000
vn -1.000000 0.000000 0.000000
vn 0.000000 0.000000 1.000000
vn 0.000000 0.000000 1.000000
vn 0.000000 0.000000 1.000000
vn 0.000000 0.000000 1.000000
vn -1.000000 0.000000 0.000000
vn -1.000000 0.000000 0.000000
vn -1.000000 0.000000 0.000000
vn -1.000000 0.000000 0.000000
vn 0.000000 0.000000 -1.000000
vn 0.000000 0.000000 -1.000000
vn 0.000000 0.000000 -1.000000
vn 0.000000 0.000000 -1.000000
vn 1.000000 0.000000 0.000000
vn 1.000000 0.000000 0.000000
vn 1.000000 0.000000 0.000000
vn 1.000000 0.000000 0.000000
vn 1.000000 0.000000 0.000000
vn 1.000000 0.000000 0.000000
vn 1.000000 0.000000 0.000000
vn 1.000000 0.000000 0.000000
vn 0.000000 0.000000 1.000000
vn 0.000000 0.000000 1.000000
vn 0.000000 0.000000 1.000000
vn 0.000000 0.000000 1.000000
vn -1.000000 0.000000 0.000000
vn -1.000000 0.000000 0.000000
vn -1.000000 0.000000 0.000000
vn -1.000000 0.000000 0.000000
vn 0.000000 0.000000 -1.000000
vn 0.000000 0.000000 -1.000000
vn 0.000000 0.000000 -1.000000
vn 0.000000 0.000000 -1.000000
vn 0.000000 0.000000 1.000000
vn 0.000000 0.000000 1.000000
vn 0.000000 0.000000 1.000000
vn 0.000000 0.000000 1.000000
vn -1.000000 0.000000 0.000000
vn -1.000000 0.000000 0.000000
vn -1.000000 0.000000 0.000000
vn -1.000000 0.000000 0.000000
vn 0.000000 0.000000 -1.000000
vn 0.000000 0.000000 -1.000000
vn 0.000000 0.000000 -1.000000
vn 0.000000 0.000000 -1.000000
vn 1.000000 0.000000 0.000000
vn 1.000000 0.000000 0.000000
vn 1.000000 0.000000 0.000000
vn 1.000000 0.000000 0.000000
s 1
g pCube157
usemtl initialShadingGroup
f 1602/2103/3160 1625/2136/3161 1622/2133/3162 1604/2105/3163
s 2
f 1604/2105/3164 1622/2133/3165 1665/2193/3166 1658/2184/3167
s 3
f 1606/2107/3168 1623/2134/3169 1624/2135/3170 1608/2109/3171
s 4
f 1603/2104/3172 1662/2189/3173 1663/2191/3174 1605/2106/3175
s 5
f 1659/2185/3176 1602/2103/3177 1604/2105/3178 1658/2183/3179
s 6
f 1610/2115/3180 1633/2146/3181 1630/2143/3182 1612/2118/3183
s 7
f 1614/2120/3184 1631/2144/3185 1632/2145/3186 1616/2122/3187
s 8
f 1643/2163/3188 1644/2164/3189 1633/2147/3190 1610/2124/3191
s 9
f 1611/2116/3192 1646/2167/3193 1647/2168/3194 1613/2117/3195
s 10
f 1643/2162/3196 1610/2115/3197 1612/2118/3198 1642/2160/3199
s 2
f 1618/2129/3200 1605/2106/3201 1663/2190/3202 1664/2192/3203
s 3
f 1620/2131/3204 1619/2130/3205 1607/2108/3206 1609/2110/3207
s 1
f 1618/2129/3208 1621/2132/3209 1603/2104/3210 1605/2106/3211
s 2
f 1622/2133/3165 1618/2129/3200 1664/2192/3203 1665/2193/3166
s 3
f 1624/2135/3170 1623/2134/3169 1619/2130/3205 1620/2131/3204
s 12
f 1625/2137/3212 1660/2187/3213 1661/2188/3214 1621/2132/3215
s 1
f 1622/2133/3162 1625/2136/3161 1621/2132/3209 1618/2129/3208
s 7
f 1628/2140/3216 1627/2139/3217 1615/2119/3218 1617/2121/3219
s 8
f 1629/2142/3220 1645/2165/3221 1646/2166/3222 1611/2123/3223
s 6
f 1626/2138/3224 1629/2141/3225 1611/2116/3226 1613/2117/3227
s 13
f 1630/2143/3228 1626/2138/3229 1648/2169/3230 1649/2170/3231
s 7
f 1632/2145/3186 1631/2144/3185 1627/2139/3217 1628/2140/3216
s 8
f 1633/2147/3190 1644/2164/3189 1645/2165/3221 1629/2142/3220
s 6
f 1630/2143/3182 1633/2146/3181 1629/2141/3225 1626/2138/3224
s 10
f 1616/2127/3232 1635/2150/3233 1634/2148/3234 1614/2128/3235
s 8
f 1616/2122/3236 1632/2145/3237 1636/2152/3238 1635/2151/3239
f 1637/2153/3240 1636/2152/3238 1632/2145/3237 1628/2140/3241
f 1638/2154/3242 1637/2153/3240 1628/2140/3241 1617/2121/3243
s 9
f 1639/2157/3244 1638/2155/3245 1617/2125/3246 1615/2126/3247
s 13
f 1641/2159/3248 1640/2158/3249 1627/2139/3250 1631/2144/3251
s 10
f 1635/2150/3233 1643/2162/3196 1642/2160/3199 1634/2148/3234
s 8
f 1635/2151/3239 1636/2152/3238 1644/2164/3189 1643/2163/3188
f 1645/2165/3221 1644/2164/3189 1636/2152/3238 1637/2153/3240
f 1646/2166/3222 1645/2165/3221 1637/2153/3240 1638/2154/3242
s 9
f 1647/2168/3194 1646/2167/3193 1638/2155/3245 1639/2157/3244
s 13
f 1648/2169/3230 1647/2168/3252 1639/2156/3253 1640/2158/3249
f 1649/2170/3231 1648/2169/3230 1640/2158/3249 1641/2159/3248
f 1642/2161/3254 1649/2170/3231 1641/2159/3248 1634/2149/3255
s 5
f 1608/2113/3256 1651/2173/3257 1650/2171/3258 1606/2114/3259
s 12
f 1653/2176/3260 1652/2175/3261 1624/2135/3262 1620/2131/3263
s 4
f 1655/2180/3264 1654/2178/3265 1609/2111/3266 1607/2112/3267
s 2
f 1656/2181/3268 1655/2179/3269 1607/2108/3270 1619/2130/3271
f 1657/2182/3272 1656/2181/3268 1619/2130/3271 1623/2134/3273
f 1650/2172/3274 1657/2182/3272 1623/2134/3273 1606/2107/3275
s 5
f 1651/2173/3257 1659/2185/3176 1658/2183/3179 1650/2171/3258
s 12
f 1651/2174/3276 1652/2175/3261 1660/2187/3213 1659/2186/3277
f 1661/2188/3214 1660/2187/3213 1652/2175/3261 1653/2176/3260
f 1662/2189/3278 1661/2188/3214 1653/2176/3260 1654/2177/3279
s 4
f 1663/2191/3174 1662/2189/3173 1654/2178/3265 1655/2180/3264
s 2
f 1664/2192/3203 1663/2190/3202 1655/2179/3269 1656/2181/3268
f 1665/2193/3166 1664/2192/3203 1656/2181/3268 1657/2182/3272
f 1658/2184/3167 1665/2193/3166 1657/2182/3272 1650/2172/3274
s off
f 1626/2138/3280 1613/2117/3281 1603/2104/3282 1621/2132/3283
f 1613/2117/3284 1647/2168/3285 1662/2189/3286 1603/2104/3287
f 1647/2168/3288 1648/2169/3289 1661/2188/3290 1662/2189/3291
f 1648/2169/3292 1626/2138/3293 1621/2132/3294 1661/2188/3295
f 1625/2136/3296 1602/2103/3297 1612/2118/3298 1630/2143/3299
f 1602/2103/3300 1659/2185/3301 1642/2160/3302 1612/2118/3303
f 1659/2186/3304 1660/2187/3305 1649/2170/3306 1642/2161/3307
f 1660/2187/3308 1625/2137/3309 1630/2143/3310 1649/2170/3311
f 1624/2135/3312 1652/2175/3313 1641/2159/3314 1631/2144/3315
f 1652/2175/3316 1651/2174/3317 1634/2149/3318 1641/2159/3319
f 1651/2173/3320 1608/2113/3321 1614/2128/3322 1634/2148/3323
f 1608/2109/3324 1624/2135/3325 1631/2144/3326 1614/2120/3327
f 1654/2177/3328 1653/2176/3329 1640/2158/3330 1639/2156/3331
f 1653/2176/3332 1620/2131/3333 1627/2139/3334 1640/2158/3335
f 1620/2131/3336 1609/2110/3337 1615/2119/3338 1627/2139/3339
f 1609/2111/3340 1654/2178/3341 1639/2157/3342 1615/2126/3343
g default
v 10.260315 1.048860 0.902654
v 10.254982 1.048860 0.894673
v 10.247002 1.048860 0.889340
v 10.237587 1.048860 0.887468
v 10.228173 1.048860 0.889340
v 10.220192 1.048860 0.894673
v 10.214859 1.048860 0.902654
v 10.212987 1.048860 0.912068
v 10.214859 1.048860 0.921483
v 10.220192 1.048860 0.929464
v 10.228172 1.048860 0.934796
v 10.237587 1.048860 0.936669
v 10.247001 1.048860 0.934796
v 10.254982 1.048860 0.929464
v 10.260315 1.048860 0.921483
v 10.262187 1.048860 0.912068
v 10.258481 1.051911 0.903414
v 10.253578 1.051911 0.896077
v 10.246242 1.051911 0.891174
v 10.237587 1.051911 0.889452
v 10.228932 1.051911 0.891174
v 10.221595 1.051912 0.896077
v 10.216693 1.051911 0.903414
v 10.214971 1.051911 0.912068
v 10.216693 1.051911 0.920723
v 10.221595 1.051911 0.928060
v 10.228932 1.051911 0.932963
v 10.237587 1.051911 0.934684
v 10.246242 1.051911 0.932963
v 10.253578 1.051911 0.928060
v 10.258481 1.051911 0.920723
v 10.260203 1.051911 0.912068
v 10.237587 1.048860 0.912068
v 10.252756 1.053096 0.905785
v 10.249196 1.053096 0.900458
v 10.243871 1.053097 0.896899
v 10.237587 1.053096 0.895649
v 10.231303 1.053097 0.896899
v 10.225976 1.053096 0.900458
v 10.222417 1.053096 0.905785
v 10.221167 1.053097 0.912068
v 10.222417 1.053097 0.918352
v 10.225976 1.053097 0.923679
v 10.231303 1.053097 0.927238
v 10.237587 1.053097 0.928488
v 10.243871 1.053097 0.927238
v 10.249196 1.053097 0.923679
v 10.252756 1.053097 0.918352
v 10.254007 1.053097 0.912068
v 10.250922 1.057817 0.906544
v 10.247793 1.057817 0.901861
v 10.243112 1.057817 0.898732
v 10.237587 1.057817 0.897633
v 10.232062 1.057817 0.898732
v 10.227378 1.057817 0.901861
v 10.224250 1.057817 0.906544
v 10.223151 1.057817 0.912068
v 10.224250 1.057817 0.917593
v 10.227378 1.057817 0.922276
v 10.232062 1.057817 0.925405
v 10.237587 1.057817 0.926504
v 10.243112 1.057817 0.925405
v 10.247793 1.057817 0.922276
v 10.250922 1.057817 0.917593
v 10.252023 1.057817 0.912068
v 10.245453 1.060131 0.908810
v 10.243608 1.060131 0.906048
v 10.237587 1.060131 0.912068
v 10.240846 1.060131 0.904202
v 10.237587 1.060131 0.903554
v 10.234328 1.060131 0.904202
v 10.231565 1.060131 0.906048
v 10.229720 1.060131 0.908810
v 10.229072 1.060131 0.912068
v 10.229720 1.060131 0.915327
v 10.231565 1.060131 0.918089
v 10.234328 1.060131 0.919935
v 10.237587 1.060131 0.920583
v 10.240846 1.060131 0.919935
v 10.243608 1.060131 0.918089
v 10.245453 1.060131 0.915327
v 10.246101 1.060131 0.912068
vt 0.644356 0.096456
vt 0.610485 0.045765
vt 0.559794 0.011894
vt 0.500000 0.000000
vt 0.440206 0.011894
vt 0.389515 0.045765
vt 0.355644 0.096456
vt 0.343750 0.156250
vt 0.355644 0.216044
vt 0.389515 0.266735
vt 0.440206 0.300606
vt 0.500000 0.312500
vt 0.559794 0.300606
vt 0.610485 0.266735
vt 0.644356 0.216044
vt 0.656250 0.156250
vt 0.375000 0.312500
vt 0.390625 0.312500
vt 0.406250 0.312500
vt 0.421875 0.312500
vt 0.437500 0.312500
vt 0.453125 0.312500
vt 0.468750 0.312500
vt 0.484375 0.312500
vt 0.500000 0.312500
vt 0.515625 0.312500
vt 0.531250 0.312500
vt 0.546875 0.312500
vt 0.562500 0.312500
vt 0.578125 0.312500
vt 0.593750 0.312500
vt 0.609375 0.312500
vt 0.625000 0.312500
vt 0.375000 0.688440
vt 0.390625 0.688440
vt 0.406250 0.688440
vt 0.421875 0.688440
vt 0.437500 0.688440
vt 0.453125 0.688440
vt 0.468750 0.688440
vt 0.484375 0.688440
vt 0.500000 0.688440
vt 0.515625 0.688440
vt 0.531250 0.688440
vt 0.546875 0.688440
vt 0.562500 0.688440
vt 0.578125 0.688440
vt 0.593750 0.688440
vt 0.609375 0.688440
vt 0.625000 0.688440
vt 0.644356 0.783956
vt 0.610485 0.733265
vt 0.559794 0.699394
vt 0.500000 0.687500
vt 0.440206 0.699394
vt 0.389515 0.733265
vt 0.355644 0.783956
vt 0.343750 0.843750
vt 0.355644 0.903544
vt 0.389515 0.954235
vt 0.440206 0.988106
vt 0.500000 1.000000
vt 0.559794 0.988106
vt 0.610485 0.954235
vt 0.644356 0.903544
vt 0.656250 0.843750
vt 0.500000 0.150000
vt 0.500000 0.837500
vt 0.644356 0.903544
vt 0.610485 0.954235
vt 0.559794 0.988106
vt 0.500000 1.000000
vt 0.440206 0.988106
vt 0.389515 0.954235
vt 0.355644 0.903544
vt 0.343750 0.843750
vt 0.355644 0.783956
vt 0.389515 0.733265
vt 0.440206 0.699394
vt 0.500000 0.687500
vt 0.559794 0.699394
vt 0.610485 0.733265
vt 0.644356 0.783956
vt 0.656250 0.843750
vt 0.644356 0.903544
vt 0.610485 0.954235
vt 0.559794 0.988106
vt 0.500000 1.000000
vt 0.440206 0.988106
vt 0.389515 0.954235
vt 0.355644 0.903544
vt 0.343750 0.843750
vt 0.355644 0.783956
vt 0.389515 0.733265
vt 0.440206 0.699394
vt 0.500000 0.687500
vt 0.559794 0.699394
vt 0.610485 0.733265
vt 0.644356 0.783956
vt 0.656250 0.843750
vt 0.644356 0.903544
vt 0.610485 0.954235
vt 0.559794 0.988106
vt 0.500000 1.000000
vt 0.440206 0.988106
vt 0.389515 0.954235
vt 0.355644 0.903544
vt 0.343750 0.843750
vt 0.355644 0.783956
vt 0.389515 0.733265
vt 0.440206 0.699394
vt 0.500000 0.687500
vt 0.559794 0.699394
vt 0.610485 0.733265
vt 0.644356 0.783956
vt 0.656250 0.843750
vn 0.774379 0.545384 -0.320770
vn 0.592729 0.545346 -0.592681
vn 0.373746 0.848903 -0.373734
vn 0.488281 0.848919 -0.202282
vn 0.320818 0.545229 -0.774468
vn 0.202277 0.848878 -0.488355
vn 0.000002 0.545244 -0.838277
vn 0.000001 0.848886 -0.528577
vn -0.320782 0.545239 -0.774476
vn -0.202264 0.848898 -0.488325
vn -0.592757 0.545214 -0.592774
vn -0.373768 0.848883 -0.373758
vn -0.774520 0.545161 -0.320808
vn -0.488339 0.848889 -0.202270
vn -0.838255 0.545279 -0.000004
vn -0.528568 0.848891 -0.000009
vn -0.774473 0.545252 0.320767
vn -0.488340 0.848887 0.202275
vn -0.592775 0.545196 0.592773
vn -0.373776 0.848875 0.373769
vn -0.320798 0.545299 0.774427
vn -0.202263 0.848900 0.488322
vn 0.000000 0.545277 0.838256
vn 0.000002 0.848898 0.528556
vn 0.320785 0.545267 0.774455
vn 0.202283 0.848892 0.488328
vn 0.592701 0.545371 0.592686
vn 0.373728 0.848909 0.373739
vn 0.774361 0.545415 0.320760
vn 0.488273 0.848927 0.202269
vn 0.838226 0.545324 -0.000009
vn 0.528551 0.848902 -0.000016
vn -0.000006 -1.000000 -0.000020
vn -0.000007 -1.000000 -0.000008
vn 0.000000 -1.000000 0.000001
vn 0.000014 -1.000000 0.000008
vn 0.000000 -1.000000 0.000008
vn -0.000014 -1.000000 0.000012
vn 0.000006 -1.000000 -0.000016
vn 0.000007 -1.000000 -0.000008
vn 0.000000 -1.000000 0.000024
vn -0.000002 -1.000000 0.000008
vn -0.000003 -1.000000 -0.000004
vn -0.000002 -1.000000 -0.000004
vn -0.000000 -1.000000 0.000000
vn 0.000002 -1.000000 -0.000008
vn 0.000003 -1.000000 -0.000008
vn 0.000002 -1.000000 0.000008
vn 0.000000 -1.000000 0.000024
vn 0.245458 0.964057 -0.101708
vn 0.187901 0.964068 -0.187792
vn -0.000000 1.000000 -0.000004
vn 0.101650 0.964066 -0.245446
vn 0.000004 0.964060 -0.265686
vn -0.101630 0.964073 -0.245428
vn -0.187842 0.964078 -0.187802
vn -0.245417 0.964076 -0.101623
vn -0.265641 0.964072 -0.000049
vn -0.245422 0.964074 0.101636
vn -0.187817 0.964078 0.187823
vn -0.101625 0.964080 0.245404
vn -0.000001 0.964063 0.265673
vn 0.101670 0.964068 0.245430
vn 0.187895 0.964058 0.187852
vn 0.245432 0.964065 0.101694
vn 0.265658 0.964067 -0.000049
vn 0.132842 0.982195 -0.132838
vn 0.173549 0.982195 -0.071925
vn 0.071892 0.982196 -0.173561
vn -0.000000 0.982194 -0.187872
vn -0.071875 0.982198 -0.173557
vn -0.132830 0.982201 -0.132810
vn -0.173549 0.982199 -0.071877
vn -0.187864 0.982195 -0.000007
vn -0.173586 0.982190 0.071913
vn -0.132847 0.982192 0.132854
vn -0.071901 0.982192 0.173576
vn 0.000003 0.982192 0.187880
vn 0.071909 0.982191 0.173582
vn 0.132857 0.982190 0.132861
vn 0.173581 0.982190 0.071920
vn 0.187869 0.982194 -0.000013
vn 0.851605 0.387613 -0.352882
vn 0.651897 0.387586 -0.651772
vn 0.651907 0.387586 -0.651763
vn 0.851597 0.387613 -0.352900
vn 0.352794 0.387550 -0.851670
vn 0.352813 0.387550 -0.851662
vn -0.000002 0.387485 -0.921876
vn -0.000002 0.387485 -0.921876
vn -0.352754 0.387424 -0.851744
vn -0.352763 0.387424 -0.851740
vn -0.651897 0.387354 -0.651910
vn -0.651925 0.387354 -0.651882
vn -0.851761 0.387363 -0.352780
vn -0.851766 0.387363 -0.352767
vn -0.921899 0.387431 -0.000011
vn -0.921899 0.387431 -0.000007
vn -0.851742 0.387416 0.352767
vn -0.851748 0.387416 0.352754
vn -0.651846 0.387456 0.651901
vn -0.651877 0.387456 0.651870
vn -0.352758 0.387472 0.851720
vn -0.352765 0.387472 0.851717
vn -0.000006 0.387511 0.921865
vn -0.000006 0.387511 0.921865
vn 0.352812 0.387561 0.851657
vn 0.352827 0.387561 0.851651
vn 0.651880 0.387584 0.651791
vn 0.651893 0.387584 0.651778
vn 0.851621 0.387574 0.352885
vn 0.851614 0.387574 0.352902
vn 0.921827 0.387601 -0.000013
vn 0.921827 0.387601 -0.000009
vn 0.336323 0.931380 -0.139345
vn 0.257429 0.931402 -0.257335
vn 0.139278 0.931403 -0.336289
vn 0.000006 0.931389 -0.364026
vn -0.139272 0.931403 -0.336290
vn -0.257366 0.931421 -0.257330
vn -0.336274 0.931412 -0.139252
vn -0.363993 0.931402 -0.000042
vn -0.336309 0.931396 0.139275
vn -0.257362 0.931416 0.257348
vn -0.139264 0.931411 0.336274
vn -0.000001 0.931392 0.364018
vn 0.139296 0.931409 0.336265
vn 0.257431 0.931385 0.257392
vn 0.336309 0.931387 0.139335
vn 0.363971 0.931410 -0.000042
s 1
g pCylinder25
usemtl initialShadingGroup
f 1666/2210/3344 1667/2211/3345 1683/2228/3346 1682/2227/3347
f 1667/2211/3345 1668/2212/3348 1684/2229/3349 1683/2228/3346
f 1668/2212/3348 1669/2213/3350 1685/2230/3351 1684/2229/3349
f 1669/2213/3350 1670/2214/3352 1686/2231/3353 1685/2230/3351
f 1670/2214/3352 1671/2215/3354 1687/2232/3355 1686/2231/3353
f 1671/2215/3354 1672/2216/3356 1688/2233/3357 1687/2232/3355
f 1672/2216/3356 1673/2217/3358 1689/2234/3359 1688/2233/3357
f 1673/2217/3358 1674/2218/3360 1690/2235/3361 1689/2234/3359
f 1674/2218/3360 1675/2219/3362 1691/2236/3363 1690/2235/3361
f 1675/2219/3362 1676/2220/3364 1692/2237/3365 1691/2236/3363
f 1676/2220/3364 1677/2221/3366 1693/2238/3367 1692/2237/3365
f 1677/2221/3366 1678/2222/3368 1694/2239/3369 1693/2238/3367
f 1678/2222/3368 1679/2223/3370 1695/2240/3371 1694/2239/3369
f 1679/2223/3370 1680/2224/3372 1696/2241/3373 1695/2240/3371
f 1680/2224/3372 1681/2225/3374 1697/2242/3375 1696/2241/3373
f 1681/2225/3374 1666/2226/3344 1682/2243/3347 1697/2242/3375
s 2
f 1667/2195/3376 1666/2194/3377 1698/2260/3378
f 1668/2196/3379 1667/2195/3376 1698/2260/3378
f 1669/2197/3380 1668/2196/3379 1698/2260/3378
f 1670/2198/3381 1669/2197/3380 1698/2260/3378
f 1671/2199/3382 1670/2198/3381 1698/2260/3378
f 1672/2200/3383 1671/2199/3382 1698/2260/3378
f 1673/2201/3384 1672/2200/3383 1698/2260/3378
f 1674/2202/3385 1673/2201/3384 1698/2260/3378
f 1675/2203/3386 1674/2202/3385 1698/2260/3378
f 1676/2204/3387 1675/2203/3386 1698/2260/3378
f 1677/2205/3388 1676/2204/3387 1698/2260/3378
f 1678/2206/3389 1677/2205/3388 1698/2260/3378
f 1679/2207/3390 1678/2206/3389 1698/2260/3378
f 1680/2208/3391 1679/2207/3390 1698/2260/3378
f 1681/2209/3392 1680/2208/3391 1698/2260/3378
f 1666/2194/3377 1681/2209/3392 1698/2260/3378
s 3
f 1731/2294/3393 1732/2295/3394 1733/2261/3395
f 1732/2295/3394 1734/2296/3396 1733/2261/3395
f 1734/2296/3396 1735/2297/3397 1733/2261/3395
f 1735/2297/3397 1736/2298/3398 1733/2261/3395
f 1736/2298/3398 1737/2299/3399 1733/2261/3395
f 1737/2299/3399 1738/2300/3400 1733/2261/3395
f 1738/2300/3400 1739/2301/3401 1733/2261/3395
f 1739/2301/3401 1740/2302/3402 1733/2261/3395
f 1740/2302/3402 1741/2303/3403 1733/2261/3395
f 1741/2303/3403 1742/2304/3404 1733/2261/3395
f 1742/2304/3404 1743/2305/3405 1733/2261/3395
f 1743/2305/3405 1744/2306/3406 1733/2261/3395
f 1744/2306/3406 1745/2307/3407 1733/2261/3395
f 1745/2307/3407 1746/2308/3408 1733/2261/3395
f 1746/2308/3408 1747/2309/3409 1733/2261/3395
f 1747/2309/3409 1731/2294/3393 1733/2261/3395
s 1
f 1682/2258/3347 1683/2257/3346 1700/2263/3410 1699/2262/3411
f 1683/2257/3346 1684/2256/3349 1701/2264/3412 1700/2263/3410
f 1684/2256/3349 1685/2255/3351 1702/2265/3413 1701/2264/3412
f 1685/2255/3351 1686/2254/3353 1703/2266/3414 1702/2265/3413
f 1686/2254/3353 1687/2253/3355 1704/2267/3415 1703/2266/3414
f 1687/2253/3355 1688/2252/3357 1705/2268/3416 1704/2267/3415
f 1688/2252/3357 1689/2251/3359 1706/2269/3417 1705/2268/3416
f 1689/2251/3359 1690/2250/3361 1707/2270/3418 1706/2269/3417
f 1690/2250/3361 1691/2249/3363 1708/2271/3419 1707/2270/3418
f 1691/2249/3363 1692/2248/3365 1709/2272/3420 1708/2271/3419
f 1692/2248/3365 1693/2247/3367 1710/2273/3421 1709/2272/3420
f 1693/2247/3367 1694/2246/3369 1711/2274/3422 1710/2273/3421
f 1694/2246/3369 1695/2245/3371 1712/2275/3423 1711/2274/3422
f 1695/2245/3371 1696/2244/3373 1713/2276/3424 1712/2275/3423
f 1696/2244/3373 1697/2259/3375 1714/2277/3425 1713/2276/3424
f 1697/2259/3375 1682/2258/3347 1699/2262/3411 1714/2277/3425
s 4
f 1699/2262/3426 1700/2263/3427 1716/2279/3428 1715/2278/3429
f 1700/2263/3427 1701/2264/3430 1717/2280/3431 1716/2279/3428
f 1701/2264/3430 1702/2265/3432 1718/2281/3433 1717/2280/3431
f 1702/2265/3432 1703/2266/3434 1719/2282/3435 1718/2281/3433
f 1703/2266/3434 1704/2267/3436 1720/2283/3437 1719/2282/3435
f 1704/2267/3436 1705/2268/3438 1721/2284/3439 1720/2283/3437
f 1705/2268/3438 1706/2269/3440 1722/2285/3441 1721/2284/3439
f 1706/2269/3440 1707/2270/3442 1723/2286/3443 1722/2285/3441
f 1707/2270/3442 1708/2271/3444 1724/2287/3445 1723/2286/3443
f 1708/2271/3444 1709/2272/3446 1725/2288/3447 1724/2287/3445
f 1709/2272/3446 1710/2273/3448 1726/2289/3449 1725/2288/3447
f 1710/2273/3448 1711/2274/3450 1727/2290/3451 1726/2289/3449
f 1711/2274/3450 1712/2275/3452 1728/2291/3453 1727/2290/3451
f 1712/2275/3452 1713/2276/3454 1729/2292/3455 1728/2291/3453
f 1713/2276/3454 1714/2277/3456 1730/2293/3457 1729/2292/3455
f 1714/2277/3456 1699/2262/3426 1715/2278/3429 1730/2293/3457
s 3
f 1715/2278/3458 1716/2279/3459 1732/2295/3394 1731/2294/3393
f 1716/2279/3459 1717/2280/3460 1734/2296/3396 1732/2295/3394
f 1717/2280/3460 1718/2281/3461 1735/2297/3397 1734/2296/3396
f 1718/2281/3461 1719/2282/3462 1736/2298/3398 1735/2297/3397
f 1719/2282/3462 1720/2283/3463 1737/2299/3399 1736/2298/3398
f 1720/2283/3463 1721/2284/3464 1738/2300/3400 1737/2299/3399
f 1721/2284/3464 1722/2285/3465 1739/2301/3401 1738/2300/3400
f 1722/2285/3465 1723/2286/3466 1740/2302/3402 1739/2301/3401
f 1723/2286/3466 1724/2287/3467 1741/2303/3403 1740/2302/3402
f 1724/2287/3467 1725/2288/3468 1742/2304/3404 1741/2303/3403
f 1725/2288/3468 1726/2289/3469 1743/2305/3405 1742/2304/3404
f 1726/2289/3469 1727/2290/3470 1744/2306/3406 1743/2305/3405
f 1727/2290/3470 1728/2291/3471 1745/2307/3407 1744/2306/3406
f 1728/2291/3471 1729/2292/3472 1746/2308/3408 1745/2307/3407
f 1729/2292/3472 1730/2293/3473 1747/2309/3409 1746/2308/3408
f 1730/2293/3473 1715/2278/3458 1731/2294/3393 1747/2309/3409
g default
v 3.958620 1.430296 0.689552
v 3.953829 1.430296 0.684761
v 3.947284 1.430296 0.683007
v 3.940739 1.430296 0.684761
v 3.935948 1.430296 0.689552
v 3.934194 1.430296 0.696097
v 3.935948 1.430296 0.702642
v 3.940739 1.430296 0.707433
v 3.947284 1.430296 0.709187
v 3.953829 1.430296 0.707433
v 3.958620 1.430296 0.702642
v 3.960374 1.430296 0.696097
v 3.969183 1.435349 0.683454
v 3.959928 1.435349 0.674198
v 3.947284 1.435349 0.670810
v 3.934640 1.435349 0.674198
v 3.925384 1.435349 0.683454
v 3.921996 1.435349 0.696097
v 3.925384 1.435349 0.708741
v 3.934640 1.435349 0.717997
v 3.947284 1.435349 0.721385
v 3.959928 1.435349 0.717997
v 3.969183 1.435349 0.708741
v 3.972571 1.435349 0.696097
v 3.978255 1.443386 0.678216
v 3.965165 1.443386 0.665126
v 3.947284 1.443386 0.660335
v 3.929403 1.443386 0.665126
v 3.916313 1.443386 0.678216
v 3.911522 1.443386 0.696097
v 3.916313 1.443386 0.713978
v 3.929403 1.443386 0.727068
v 3.947284 1.443386 0.731859
v 3.965165 1.443386 0.727068
v 3.978255 1.443386 0.713978
v 3.983046 1.443386 0.696097
v 3.985215 1.453861 0.674198
v 3.969183 1.453861 0.658166
v 3.947284 1.453861 0.652298
v 3.925384 1.453861 0.658166
v 3.909352 1.453861 0.674198
v 3.903484 1.453861 0.696097
v 3.909352 1.453861 0.717997
v 3.925384 1.453861 0.734029
v 3.947284 1.453861 0.739897
v 3.969183 1.453861 0.734029
v 3.985215 1.453861 0.717997
v 3.991083 1.453861 0.696097
v 3.989591 1.466058 0.671671
v 3.971710 1.466058 0.653790
v 3.947284 1.466058 0.647245
v 3.922858 1.466058 0.653790
v 3.904977 1.466058 0.671671
v 3.898432 1.466058 0.696097
v 3.904977 1.466058 0.720523
v 3.922858 1.466058 0.738404
v 3.947284 1.466058 0.744949
v 3.971710 1.466058 0.738404
v 3.989591 1.466058 0.720523
v 3.996136 1.466058 0.696097
v 3.991083 1.479148 0.670810
v 3.972571 1.479148 0.652298
v 3.947284 1.479148 0.645522
v 3.921996 1.479148 0.652298
v 3.903484 1.479148 0.670810
v 3.896708 1.479148 0.696097
v 3.903484 1.479148 0.721385
v 3.921996 1.479148 0.739897
v 3.947284 1.479148 0.746673
v 3.972571 1.479148 0.739897
v 3.991083 1.479148 0.721385
v 3.997859 1.479148 0.696097
v 3.989591 1.492238 0.671671
v 3.971710 1.492238 0.653790
v 3.947284 1.492238 0.647245
v 3.922858 1.492238 0.653790
v 3.904977 1.492238 0.671671
v 3.898432 1.492238 0.696097
v 3.904977 1.492238 0.720523
v 3.922858 1.492238 0.738404
v 3.947284 1.492238 0.744949
v 3.971710 1.492238 0.738404
v 3.989591 1.492238 0.720523
v 3.996136 1.492238 0.696097
v 3.985215 1.504436 0.674198
v 3.969183 1.504436 0.658166
v 3.947284 1.504436 0.652298
v 3.925384 1.504436 0.658166
v 3.909352 1.504436 0.674198
v 3.903484 1.504436 0.696097
v 3.909352 1.504436 0.717997
v 3.925384 1.504436 0.734029
v 3.947284 1.504436 0.739897
v 3.969183 1.504436 0.734029
v 3.985215 1.504436 0.717997
v 3.991083 1.504436 0.696097
v 3.978255 1.514910 0.678216
v 3.965165 1.514910 0.665126
v 3.947284 1.514910 0.660335
v 3.929403 1.514910 0.665126
v 3.916313 1.514910 0.678216
v 3.911522 1.514910 0.696097
v 3.916313 1.514910 0.713978
v 3.929403 1.514910 0.727068
v 3.947284 1.514910 0.731859
v 3.965165 1.514910 0.727068
v 3.978255 1.514910 0.713978
v 3.983046 1.514910 0.696097
v 3.969183 1.522948 0.683454
v 3.959928 1.522948 0.674198
v 3.947284 1.522948 0.670810
v 3.934640 1.522948 0.674198
v 3.925384 1.522948 0.683454
v 3.921996 1.522948 0.696097
v 3.925384 1.522948 0.708741
v 3.934640 1.522948 0.717997
v 3.947284 1.522948 0.721385
v 3.959928 1.522948 0.717997
v 3.969183 1.522948 0.708741
v 3.972571 1.522948 0.696097
v 3.958620 1.528000 0.689552
v 3.953829 1.528000 0.684761
v 3.947284 1.528000 0.683007
v 3.940739 1.528000 0.684761
v 3.935948 1.528000 0.689552
v 3.934194 1.528000 0.696097
v 3.935948 1.528000 0.702642
v 3.940739 1.528000 0.707433
v 3.947284 1.528000 0.709187
v 3.953829 1.528000 0.707433
v 3.958620 1.528000 0.702642
v 3.960374 1.528000 0.696097
v 3.947284 1.428573 0.696097
v 3.947284 1.529724 0.696097
vt 0.000000 0.083333
vt 0.083333 0.083333
vt 0.166667 0.083333
vt 0.250000 0.083333
vt 0.333333 0.083333
vt 0.416667 0.083333
vt 0.500000 0.083333
vt 0.583333 0.083333
vt 0.666667 0.083333
vt 0.750000 0.083333
vt 0.833333 0.083333
vt 0.916667 0.083333
vt 1.000000 0.083333
vt 0.000000 0.166667
vt 0.083333 0.166667
vt 0.166667 0.166667
vt 0.250000 0.166667
vt 0.333333 0.166667
vt 0.416667 0.166667
vt 0.500000 0.166667
vt 0.583333 0.166667
vt 0.666667 0.166667
vt 0.750000 0.166667
vt 0.833333 0.166667
vt 0.916667 0.166667
vt 1.000000 0.166667
vt 0.000000 0.250000
vt 0.083333 0.250000
vt 0.166667 0.250000
vt 0.250000 0.250000
vt 0.333333 0.250000
vt 0.416667 0.250000
vt 0.500000 0.250000
vt 0.583333 0.250000
vt 0.666667 0.250000
vt 0.750000 0.250000
vt 0.833333 0.250000
vt 0.916667 0.250000
vt 1.000000 0.250000
vt 0.000000 0.333333
vt 0.083333 0.333333
vt 0.166667 0.333333
vt 0.250000 0.333333
vt 0.333333 0.333333
vt 0.416667 0.333333
vt 0.500000 0.333333
vt 0.583333 0.333333
vt 0.666667 0.333333
vt 0.750000 0.333333
vt 0.833333 0.333333
vt 0.916667 0.333333
vt 1.000000 0.333333
vt 0.000000 0.416667
vt 0.083333 0.416667
vt 0.166667 0.416667
vt 0.250000 0.416667
vt 0.333333 0.416667
vt 0.416667 0.416667
vt 0.500000 0.416667
vt 0.583333 0.416667
vt 0.666667 0.416667
vt 0.750000 0.416667
vt 0.833333 0.416667
vt 0.916667 0.416667
vt 1.000000 0.416667
vt 0.000000 0.500000
vt 0.083333 0.500000
vt 0.166667 0.500000
vt 0.250000 0.500000
vt 0.333333 0.500000
vt 0.416667 0.500000
vt 0.500000 0.500000
vt 0.583333 0.500000
vt 0.666667 0.500000
vt 0.750000 0.500000
vt 0.833333 0.500000
vt 0.916667 0.500000
vt 1.000000 0.500000
vt 0.000000 0.583333
vt 0.083333 0.583333
vt 0.166667 0.583333
vt 0.250000 0.583333
vt 0.333333 0.583333
vt 0.416667 0.583333
vt 0.500000 0.583333
vt 0.583333 0.583333
vt 0.666667 0.583333
vt 0.750000 0.583333
vt 0.833333 0.583333
vt 0.916667 0.583333
vt 1.000000 0.583333
vt 0.000000 0.666667
vt 0.083333 0.666667
vt 0.166667 0.666667
vt 0.250000 0.666667
vt 0.333333 0.666667
vt 0.416667 0.666667
vt 0.500000 0.666667
vt 0.583333 0.666667
vt 0.666667 0.666667
vt 0.750000 0.666667
vt 0.833333 0.666667
vt 0.916667 0.666667
vt 1.000000 0.666667
vt 0.000000 0.750000
vt 0.083333 0.750000
vt 0.166667 0.750000
vt 0.250000 0.750000
vt 0.333333 0.750000
vt 0.416667 0.750000
vt 0.500000 0.750000
vt 0.583333 0.750000
vt 0.666667 0.750000
vt 0.750000 0.750000
vt 0.833333 0.750000
vt 0.916667 0.750000
vt 1.000000 0.750000
vt 0.000000 0.833333
vt 0.083333 0.833333
vt 0.166667 0.833333
vt 0.250000 0.833333
vt 0.333333 0.833333
vt 0.416667 0.833333
vt 0.500000 0.833333
vt 0.583333 0.833333
vt 0.666667 0.833333
vt 0.750000 0.833333
vt 0.833333 0.833333
vt 0.916667 0.833333
vt 1.000000 0.833333
vt 0.000000 0.916667
vt 0.083333 0.916667
vt 0.166667 0.916667
vt 0.250000 0.916667
vt 0.333333 0.916667
vt 0.416667 0.916667
vt 0.500000 0.916667
vt 0.583333 0.916667
vt 0.666667 0.916667
vt 0.750000 0.916667
vt 0.833333 0.916667
vt 0.916667 0.916667
vt 1.000000 0.916667
vt 0.041667 0.000000
vt 0.125000 0.000000
vt 0.208333 0.000000
vt 0.291667 0.000000
vt 0.375000 0.000000
vt 0.458333 0.000000
vt 0.541667 0.000000
vt 0.625000 0.000000
vt 0.708333 0.000000
vt 0.791667 0.000000
vt 0.875000 0.000000
vt 0.958333 0.000000
vt 0.041667 1.000000
vt 0.125000 1.000000
vt 0.208333 1.000000
vt 0.291667 1.000000
vt 0.375000 1.000000
vt 0.458333 1.000000
vt 0.541667 1.000000
vt 0.625000 1.000000
vt 0.708333 1.000000
vt 0.791667 1.000000
vt 0.875000 1.000000
vt 0.958333 1.000000
vn 0.289764 -0.942363 -0.167297
vn 0.167294 -0.942363 -0.289766
vn 0.270241 -0.841354 -0.468075
vn 0.468077 -0.841351 -0.270245
vn 0.000000 -0.942364 -0.334590
vn -0.000000 -0.841348 -0.540493
vn -0.167293 -0.942364 -0.289763
vn -0.270244 -0.841351 -0.468078
vn -0.289762 -0.942365 -0.167294
vn -0.468079 -0.841350 -0.270245
vn -0.334587 -0.942365 -0.000001
vn -0.540495 -0.841347 -0.000000
vn -0.289761 -0.942364 0.167297
vn -0.468081 -0.841347 0.270249
vn -0.167294 -0.942364 0.289764
vn -0.270246 -0.841350 0.468078
vn 0.000000 -0.942364 0.334590
vn 0.000000 -0.841350 0.540490
vn 0.167295 -0.942362 0.289769
vn 0.270245 -0.841351 0.468077
vn 0.289765 -0.942363 0.167296
vn 0.468080 -0.841349 0.270247
vn 0.334585 -0.942366 0.000000
vn 0.540494 -0.841348 0.000000
vn 0.364804 -0.683865 -0.631860
vn 0.631856 -0.683870 -0.364802
vn -0.000000 -0.683857 -0.729616
vn -0.364805 -0.683862 -0.631862
vn -0.631862 -0.683862 -0.364806
vn -0.729615 -0.683858 -0.000001
vn -0.631863 -0.683860 0.364807
vn -0.364805 -0.683866 0.631858
vn 0.000000 -0.683862 0.729612
vn 0.364806 -0.683862 0.631861
vn 0.631859 -0.683866 0.364804
vn 0.729607 -0.683867 0.000001
vn 0.438136 -0.481815 -0.758875
vn 0.758872 -0.481821 -0.438134
vn -0.000000 -0.481819 -0.876271
vn -0.438135 -0.481820 -0.758872
vn -0.758871 -0.481822 -0.438135
vn -0.876265 -0.481829 -0.000001
vn -0.758872 -0.481822 0.438133
vn -0.438134 -0.481824 0.758870
vn 0.000000 -0.481824 0.876268
vn 0.438137 -0.481816 0.758874
vn 0.758872 -0.481822 0.438135
vn 0.876266 -0.481828 0.000001
vn 0.484274 -0.248832 -0.838786
vn 0.838786 -0.248835 -0.484273
vn 0.000000 -0.248835 -0.968546
vn -0.484274 -0.248837 -0.838784
vn -0.838784 -0.248840 -0.484273
vn -0.968544 -0.248841 -0.000001
vn -0.838785 -0.248836 0.484273
vn -0.484274 -0.248836 0.838784
vn -0.000000 -0.248837 0.968545
vn 0.484275 -0.248833 0.838785
vn 0.838785 -0.248834 0.484274
vn 0.968545 -0.248838 0.000001
vn 0.500000 -0.000001 -0.866026
vn 0.866027 0.000000 -0.499998
vn 0.000000 -0.000003 -1.000000
vn -0.499999 -0.000001 -0.866026
vn -0.866026 0.000000 -0.499999
vn -1.000000 0.000000 -0.000000
vn -0.866026 0.000000 0.499999
vn -0.500001 -0.000000 0.866025
vn -0.000000 -0.000000 1.000000
vn 0.500000 0.000000 0.866025
vn 0.866026 0.000000 0.499999
vn 1.000000 0.000000 0.000000
vn 0.484273 0.248831 -0.838787
vn 0.838785 0.248835 -0.484274
vn 0.000000 0.248833 -0.968546
vn -0.484272 0.248835 -0.838786
vn -0.838784 0.248840 -0.484273
vn -0.968544 0.248841 0.000000
vn -0.838785 0.248836 0.484274
vn -0.484273 0.248834 0.838786
vn -0.000000 0.248834 0.968546
vn 0.484273 0.248835 0.838786
vn 0.838785 0.248837 0.484274
vn 0.968545 0.248838 0.000000
vn 0.438136 0.481815 -0.758875
vn 0.758872 0.481821 -0.438135
vn -0.000000 0.481820 -0.876270
vn -0.438135 0.481821 -0.758872
vn -0.758871 0.481822 -0.438134
vn -0.876265 0.481829 0.000001
vn -0.758871 0.481822 0.438135
vn -0.438134 0.481821 0.758873
vn 0.000000 0.481820 0.876270
vn 0.438135 0.481819 0.758873
vn 0.758871 0.481825 0.438133
vn 0.876266 0.481828 -0.000001
vn 0.364806 0.683865 -0.631859
vn 0.631856 0.683868 -0.364804
vn -0.000001 0.683861 -0.729613
vn -0.364807 0.683863 -0.631860
vn -0.631863 0.683861 -0.364806
vn -0.729615 0.683858 0.000002
vn -0.631862 0.683861 0.364806
vn -0.364805 0.683866 0.631858
vn 0.000000 0.683863 0.729610
vn 0.364806 0.683865 0.631858
vn 0.631859 0.683867 0.364801
vn 0.729607 0.683867 -0.000002
vn 0.270245 0.841352 -0.468076
vn 0.468080 0.841349 -0.270248
vn -0.000001 0.841350 -0.540491
vn -0.270248 0.841348 -0.468081
vn -0.468083 0.841347 -0.270249
vn -0.540497 0.841346 0.000001
vn -0.468080 0.841349 0.270246
vn -0.270242 0.841353 0.468075
vn 0.000000 0.841352 0.540488
vn 0.270242 0.841354 0.468074
vn 0.468078 0.841351 0.270244
vn 0.540494 0.841348 -0.000001
vn 0.167295 0.942364 -0.289763
vn 0.289764 0.942364 -0.167295
vn -0.000000 0.942365 -0.334586
vn -0.167296 0.942364 -0.289763
vn -0.289764 0.942363 -0.167297
vn -0.334588 0.942365 0.000000
vn -0.289761 0.942365 0.167293
vn -0.167292 0.942366 0.289760
vn -0.000000 0.942365 0.334586
vn 0.167296 0.942363 0.289765
vn 0.289765 0.942363 0.167297
vn 0.334585 0.942366 0.000000
vn 0.000000 -1.000000 -0.000000
vn 0.000000 1.000000 -0.000000
s 1
g pSphere6
usemtl initialShadingGroup
f 1748/2310/3474 1749/2311/3475 1761/2324/3476 1760/2323/3477
f 1749/2311/3475 1750/2312/3478 1762/2325/3479 1761/2324/3476
f 1750/2312/3478 1751/2313/3480 1763/2326/3481 1762/2325/3479
f 1751/2313/3480 1752/2314/3482 1764/2327/3483 1763/2326/3481
f 1752/2314/3482 1753/2315/3484 1765/2328/3485 1764/2327/3483
f 1753/2315/3484 1754/2316/3486 1766/2329/3487 1765/2328/3485
f 1754/2316/3486 1755/2317/3488 1767/2330/3489 1766/2329/3487
f 1755/2317/3488 1756/2318/3490 1768/2331/3491 1767/2330/3489
f 1756/2318/3490 1757/2319/3492 1769/2332/3493 1768/2331/3491
f 1757/2319/3492 1758/2320/3494 1770/2333/3495 1769/2332/3493
f 1758/2320/3494 1759/2321/3496 1771/2334/3497 1770/2333/3495
f 1759/2321/3496 1748/2322/3474 1760/2335/3477 1771/2334/3497
f 1760/2323/3477 1761/2324/3476 1773/2337/3498 1772/2336/3499
f 1761/2324/3476 1762/2325/3479 1774/2338/3500 1773/2337/3498
f 1762/2325/3479 1763/2326/3481 1775/2339/3501 1774/2338/3500
f 1763/2326/3481 1764/2327/3483 1776/2340/3502 1775/2339/3501
f 1764/2327/3483 1765/2328/3485 1777/2341/3503 1776/2340/3502
f 1765/2328/3485 1766/2329/3487 1778/2342/3504 1777/2341/3503
f 1766/2329/3487 1767/2330/3489 1779/2343/3505 1778/2342/3504
f 1767/2330/3489 1768/2331/3491 1780/2344/3506 1779/2343/3505
f 1768/2331/3491 1769/2332/3493 1781/2345/3507 1780/2344/3506
f 1769/2332/3493 1770/2333/3495 1782/2346/3508 1781/2345/3507
f 1770/2333/3495 1771/2334/3497 1783/2347/3509 1782/2346/3508
f 1771/2334/3497 1760/2335/3477 1772/2348/3499 1783/2347/3509
f 1772/2336/3499 1773/2337/3498 1785/2350/3510 1784/2349/3511
f 1773/2337/3498 1774/2338/3500 1786/2351/3512 1785/2350/3510
f 1774/2338/3500 1775/2339/3501 1787/2352/3513 1786/2351/3512
f 1775/2339/3501 1776/2340/3502 1788/2353/3514 1787/2352/3513
f 1776/2340/3502 1777/2341/3503 1789/2354/3515 1788/2353/3514
f 1777/2341/3503 1778/2342/3504 1790/2355/3516 1789/2354/3515
f 1778/2342/3504 1779/2343/3505 1791/2356/3517 1790/2355/3516
f 1779/2343/3505 1780/2344/3506 1792/2357/3518 1791/2356/3517
f 1780/2344/3506 1781/2345/3507 1793/2358/3519 1792/2357/3518
f 1781/2345/3507 1782/2346/3508 1794/2359/3520 1793/2358/3519
f 1782/2346/3508 1783/2347/3509 1795/2360/3521 1794/2359/3520
f 1783/2347/3509 1772/2348/3499 1784/2361/3511 1795/2360/3521
f 1784/2349/3511 1785/2350/3510 1797/2363/3522 1796/2362/3523
f 1785/2350/3510 1786/2351/3512 1798/2364/3524 1797/2363/3522
f 1786/2351/3512 1787/2352/3513 1799/2365/3525 1798/2364/3524
f 1787/2352/3513 1788/2353/3514 1800/2366/3526 1799/2365/3525
f 1788/2353/3514 1789/2354/3515 1801/2367/3527 1800/2366/3526
f 1789/2354/3515 1790/2355/3516 1802/2368/3528 1801/2367/3527
f 1790/2355/3516 1791/2356/3517 1803/2369/3529 1802/2368/3528
f 1791/2356/3517 1792/2357/3518 1804/2370/3530 1803/2369/3529
f 1792/2357/3518 1793/2358/3519 1805/2371/3531 1804/2370/3530
f 1793/2358/3519 1794/2359/3520 1806/2372/3532 1805/2371/3531
f 1794/2359/3520 1795/2360/3521 1807/2373/3533 1806/2372/3532
f 1795/2360/3521 1784/2361/3511 1796/2374/3523 1807/2373/3533
f 1796/2362/3523 1797/2363/3522 1809/2376/3534 1808/2375/3535
f 1797/2363/3522 1798/2364/3524 1810/2377/3536 1809/2376/3534
f 1798/2364/3524 1799/2365/3525 1811/2378/3537 1810/2377/3536
f 1799/2365/3525 1800/2366/3526 1812/2379/3538 1811/2378/3537
f 1800/2366/3526 1801/2367/3527 1813/2380/3539 1812/2379/3538
f 1801/2367/3527 1802/2368/3528 1814/2381/3540 1813/2380/3539
f 1802/2368/3528 1803/2369/3529 1815/2382/3541 1814/2381/3540
f 1803/2369/3529 1804/2370/3530 1816/2383/3542 1815/2382/3541
f 1804/2370/3530 1805/2371/3531 1817/2384/3543 1816/2383/3542
f 1805/2371/3531 1806/2372/3532 1818/2385/3544 1817/2384/3543
f 1806/2372/3532 1807/2373/3533 1819/2386/3545 1818/2385/3544
f 1807/2373/3533 1796/2374/3523 1808/2387/3535 1819/2386/3545
f 1808/2375/3535 1809/2376/3534 1821/2389/3546 1820/2388/3547
f 1809/2376/3534 1810/2377/3536 1822/2390/3548 1821/2389/3546
f 1810/2377/3536 1811/2378/3537 1823/2391/3549 1822/2390/3548
f 1811/2378/3537 1812/2379/3538 1824/2392/3550 1823/2391/3549
f 1812/2379/3538 1813/2380/3539 1825/2393/3551 1824/2392/3550
f 1813/2380/3539 1814/2381/3540 1826/2394/3552 1825/2393/3551
f 1814/2381/3540 1815/2382/3541 1827/2395/3553 1826/2394/3552
f 1815/2382/3541 1816/2383/3542 1828/2396/3554 1827/2395/3553
f 1816/2383/3542 1817/2384/3543 1829/2397/3555 1828/2396/3554
f 1817/2384/3543 1818/2385/3544 1830/2398/3556 1829/2397/3555
f 1818/2385/3544 1819/2386/3545 1831/2399/3557 1830/2398/3556
f 1819/2386/3545 1808/2387/3535 1820/2400/3547 1831/2399/3557
f 1820/2388/3547 1821/2389/3546 1833/2402/3558 1832/2401/3559
f 1821/2389/3546 1822/2390/3548 1834/2403/3560 1833/2402/3558
f 1822/2390/3548 1823/2391/3549 1835/2404/3561 1834/2403/3560
f 1823/2391/3549 1824/2392/3550 1836/2405/3562 1835/2404/3561
f 1824/2392/3550 1825/2393/3551 1837/2406/3563 1836/2405/3562
f 1825/2393/3551 1826/2394/3552 1838/2407/3564 1837/2406/3563
f 1826/2394/3552 1827/2395/3553 1839/2408/3565 1838/2407/3564
f 1827/2395/3553 1828/2396/3554 1840/2409/3566 1839/2408/3565
f 1828/2396/3554 1829/2397/3555 1841/2410/3567 1840/2409/3566
f 1829/2397/3555 1830/2398/3556 1842/2411/3568 1841/2410/3567
f 1830/2398/3556 1831/2399/3557 1843/2412/3569 1842/2411/3568
f 1831/2399/3557 1820/2400/3547 1832/2413/3559 1843/2412/3569
f 1832/2401/3559 1833/2402/3558 1845/2415/3570 1844/2414/3571
f 1833/2402/3558 1834/2403/3560 1846/2416/3572 1845/2415/3570
f 1834/2403/3560 1835/2404/3561 1847/2417/3573 1846/2416/3572
f 1835/2404/3561 1836/2405/3562 1848/2418/3574 1847/2417/3573
f 1836/2405/3562 1837/2406/3563 1849/2419/3575 1848/2418/3574
f 1837/2406/3563 1838/2407/3564 1850/2420/3576 1849/2419/3575
f 1838/2407/3564 1839/2408/3565 1851/2421/3577 1850/2420/3576
f 1839/2408/3565 1840/2409/3566 1852/2422/3578 1851/2421/3577
f 1840/2409/3566 1841/2410/3567 1853/2423/3579 1852/2422/3578
f 1841/2410/3567 1842/2411/3568 1854/2424/3580 1853/2423/3579
f 1842/2411/3568 1843/2412/3569 1855/2425/3581 1854/2424/3580
f 1843/2412/3569 1832/2413/3559 1844/2426/3571 1855/2425/3581
f 1844/2414/3571 1845/2415/3570 1857/2428/3582 1856/2427/3583
f 1845/2415/3570 1846/2416/3572 1858/2429/3584 1857/2428/3582
f 1846/2416/3572 1847/2417/3573 1859/2430/3585 1858/2429/3584
f 1847/2417/3573 1848/2418/3574 1860/2431/3586 1859/2430/3585
f 1848/2418/3574 1849/2419/3575 1861/2432/3587 1860/2431/3586
f 1849/2419/3575 1850/2420/3576 1862/2433/3588 1861/2432/3587
f 1850/2420/3576 1851/2421/3577 1863/2434/3589 1862/2433/3588
f 1851/2421/3577 1852/2422/3578 1864/2435/3590 1863/2434/3589
f 1852/2422/3578 1853/2423/3579 1865/2436/3591 1864/2435/3590
f 1853/2423/3579 1854/2424/3580 1866/2437/3592 1865/2436/3591
f 1854/2424/3580 1855/2425/3581 1867/2438/3593 1866/2437/3592
f 1855/2425/3581 1844/2426/3571 1856/2439/3583 1867/2438/3593
f 1856/2427/3583 1857/2428/3582 1869/2441/3594 1868/2440/3595
f 1857/2428/3582 1858/2429/3584 1870/2442/3596 1869/2441/3594
f 1858/2429/3584 1859/2430/3585 1871/2443/3597 1870/2442/3596
f 1859/2430/3585 1860/2431/3586 1872/2444/3598 1871/2443/3597
f 1860/2431/3586 1861/2432/3587 1873/2445/3599 1872/2444/3598
f 1861/2432/3587 1862/2433/3588 1874/2446/3600 1873/2445/3599
f 1862/2433/3588 1863/2434/3589 1875/2447/3601 1874/2446/3600
f 1863/2434/3589 1864/2435/3590 1876/2448/3602 1875/2447/3601
f 1864/2435/3590 1865/2436/3591 1877/2449/3603 1876/2448/3602
f 1865/2436/3591 1866/2437/3592 1878/2450/3604 1877/2449/3603
f 1866/2437/3592 1867/2438/3593 1879/2451/3605 1878/2450/3604
f 1867/2438/3593 1856/2439/3583 1868/2452/3595 1879/2451/3605
f 1749/2311/3475 1748/2310/3474 1880/2453/3606
f 1750/2312/3478 1749/2311/3475 1880/2454/3606
f 1751/2313/3480 1750/2312/3478 1880/2455/3606
f 1752/2314/3482 1751/2313/3480 1880/2456/3606
f 1753/2315/3484 1752/2314/3482 1880/2457/3606
f 1754/2316/3486 1753/2315/3484 1880/2458/3606
f 1755/2317/3488 1754/2316/3486 1880/2459/3606
f 1756/2318/3490 1755/2317/3488 1880/2460/3606
f 1757/2319/3492 1756/2318/3490 1880/2461/3606
f 1758/2320/3494 1757/2319/3492 1880/2462/3606
f 1759/2321/3496 1758/2320/3494 1880/2463/3606
f 1748/2322/3474 1759/2321/3496 1880/2464/3606
f 1868/2440/3595 1869/2441/3594 1881/2465/3607
f 1869/2441/3594 1870/2442/3596 1881/2466/3607
f 1870/2442/3596 1871/2443/3597 1881/2467/3607
f 1871/2443/3597 1872/2444/3598 1881/2468/3607
f 1872/2444/3598 1873/2445/3599 1881/2469/3607
f 1873/2445/3599 1874/2446/3600 1881/2470/3607
f 1874/2446/3600 1875/2447/3601 1881/2471/3607
f 1875/2447/3601 1876/2448/3602 1881/2472/3607
f 1876/2448/3602 1877/2449/3603 1881/2473/3607
f 1877/2449/3603 1878/2450/3604 1881/2474/3607
f 1878/2450/3604 1879/2451/3605 1881/2475/3607
f 1879/2451/3605 1868/2452/3595 1881/2476/3607
g default
v 6.770035 0.387065 0.205498
v 6.770035 0.387065 0.563078
v 6.756013 0.387065 0.205498
v 6.756013 0.387065 0.563078
v 6.756013 1.582161 0.205498
v 6.756013 1.582161 0.563078
v 6.770035 1.582161 0.205498
v 6.770035 1.582161 0.563078
vt 0.375000 0.000000
vt 0.625000 0.000000
vt 0.375000 0.250000
vt 0.625000 0.250000
vt 0.375000 0.500000
vt 0.625000 0.500000
vt 0.375000 0.750000
vt 0.625000 0.750000
vt 0.375000 1.000000
vt 0.625000 1.000000
vt 0.875000 0.000000
vt 0.875000 0.250000
vt 0.125000 0.000000
vt 0.125000 0.250000
vn 0.000002 -1.000000 0.000000
vn 0.000002 -1.000000 0.000000
vn 0.000002 -1.000000 0.000000
vn 0.000002 -1.000000 0.000000
vn -1.000000 -0.000000 0.000000
vn -1.000000 -0.000000 0.000000
vn -1.000000 -0.000000 0.000000
vn -1.000000 -0.000000 0.000000
vn 0.000009 1.000000 0.000000
vn 0.000009 1.000000 0.000000
vn 0.000009 1.000000 0.000000
vn 0.000009 1.000000 0.000000
vn 1.000000 0.000000 0.000000
vn 1.000000 0.000000 0.000000
vn 1.000000 0.000000 0.000000
vn 1.000000 0.000000 0.000000
vn -0.000001 -0.000000 1.000000
vn -0.000001 -0.000000 1.000000
vn -0.000001 -0.000000 1.000000
vn -0.000001 -0.000000 1.000000
vn -0.000000 0.000000 -1.000000
vn -0.000000 0.000000 -1.000000
vn -0.000000 0.000000 -1.000000
vn -0.000000 0.000000 -1.000000
s off
g pCube159
usemtl initialShadingGroup
f 1882/2477/3608 1883/2478/3609 1885/2480/3610 1884/2479/3611
f 1884/2479/3612 1885/2480/3613 1887/2482/3614 1886/2481/3615
f 1886/2481/3616 1887/2482/3617 1889/2484/3618 1888/2483/3619
f 1888/2483/3620 1889/2484/3621 1883/2486/3622 1882/2485/3623
f 1883/2478/3624 1889/2487/3625 1887/2488/3626 1885/2480/3627
f 1888/2489/3628 1882/2477/3629 1884/2479/3630 1886/2490/3631
g default
v 3.679032 0.000000 4.059072
v 3.634940 0.000000 3.993083
v 3.568951 0.000000 3.948991
v 3.491113 0.000000 3.933508
v 3.413274 0.000000 3.948991
v 3.347286 0.000000 3.993083
v 3.303194 0.000000 4.059072
v 3.287710 0.000000 4.136911
v 3.303194 0.000000 4.214750
v 3.347286 0.000000 4.280738
v 3.413274 0.000000 4.324831
v 3.491113 0.000000 4.340313
v 3.568951 0.000000 4.324831
v 3.634940 0.000000 4.280738
v 3.679032 0.000000 4.214750
v 3.694515 0.000000 4.136911
v 3.635251 0.023853 4.077207
v 3.601431 0.023853 4.026593
v 3.550817 0.023853 3.992772
v 3.491113 0.023853 3.980897
v 3.431409 0.023853 3.992772
v 3.380795 0.023853 4.026592
v 3.346975 0.023853 4.077207
v 3.335099 0.023853 4.136911
v 3.346975 0.023853 4.196615
v 3.380794 0.023853 4.247230
v 3.431409 0.023853 4.281049
v 3.491113 0.023853 4.292924
v 3.550817 0.023853 4.281049
v 3.601431 0.023853 4.247230
v 3.635251 0.023853 4.196615
v 3.647126 0.023853 4.136911
v 3.491113 0.000000 4.136911
v 3.511270 0.431757 4.128561
v 3.506540 0.431757 4.121482
v 3.499463 0.431757 4.116753
v 3.491113 0.431757 4.115092
v 3.482763 0.431757 4.116753
v 3.475685 0.431757 4.121482
v 3.470955 0.431757 4.128561
v 3.469295 0.431757 4.136910
v 3.470955 0.431757 4.145260
v 3.475685 0.431757 4.152339
v 3.482763 0.431757 4.157069
v 3.491113 0.431757 4.158730
v 3.499463 0.431757 4.157069
v 3.506540 0.431757 4.152339
v 3.511270 0.431757 4.145260
v 3.512931 0.431757 4.136910
v 3.584338 0.038436 4.098295
v 3.547728 0.067236 4.113460
v 3.520579 0.118245 4.124705
v 3.562464 0.038436 4.065558
v 3.534444 0.067236 4.093579
v 3.513665 0.118245 4.114357
v 3.529728 0.038436 4.043685
v 3.514564 0.067236 4.080296
v 3.503319 0.118246 4.107444
v 3.491113 0.038436 4.036004
v 3.491113 0.067236 4.075631
v 3.491113 0.118246 4.105016
v 3.452497 0.038436 4.043685
v 3.467662 0.067236 4.080296
v 3.478907 0.118246 4.107444
v 3.419761 0.038436 4.065558
v 3.447781 0.067236 4.093579
v 3.468559 0.118246 4.114357
v 3.397887 0.038436 4.098295
v 3.434497 0.067236 4.113460
v 3.461646 0.118246 4.124705
v 3.390205 0.038436 4.136911
v 3.429833 0.067236 4.136911
v 3.459219 0.118245 4.136911
v 3.397887 0.038436 4.175526
v 3.434497 0.067236 4.160362
v 3.461646 0.118245 4.149117
v 3.419761 0.038436 4.208263
v 3.447781 0.067236 4.180243
v 3.468559 0.118246 4.159464
v 3.452497 0.038436 4.230137
v 3.467662 0.067236 4.193526
v 3.478907 0.118245 4.166378
v 3.491113 0.038436 4.237817
v 3.491113 0.067236 4.198191
v 3.491113 0.118245 4.168805
v 3.529728 0.038436 4.230137
v 3.514564 0.067236 4.193526
v 3.503319 0.118245 4.166378
v 3.562464 0.038436 4.208263
v 3.534444 0.067236 4.180243
v 3.513665 0.118245 4.159464
v 3.584338 0.038436 4.175526
v 3.547728 0.067236 4.160361
v 3.520579 0.118245 4.149117
v 3.592020 0.038436 4.136911
v 3.552393 0.067236 4.136911
v 3.523007 0.118245 4.136911
v 3.491113 0.497842 4.136911
v 3.676382 0.431757 4.060168
v 3.682606 0.438365 4.057590
v 3.632911 0.431757 3.995109
v 3.637674 0.438365 3.990345
v 3.567854 0.431757 3.951641
v 3.570433 0.438365 3.945416
v 3.491113 0.431757 3.936376
v 3.491113 0.438365 3.929639
v 3.414373 0.431757 3.951641
v 3.411795 0.438365 3.945416
v 3.349313 0.431757 3.995109
v 3.344548 0.438365 3.990345
v 3.305841 0.431757 4.060168
v 3.299617 0.438365 4.057590
v 3.290578 0.431757 4.136910
v 3.283841 0.438365 4.136910
v 3.305841 0.431757 4.213651
v 3.299617 0.438365 4.216229
v 3.349313 0.431757 4.278709
v 3.344548 0.438365 4.283473
v 3.414373 0.431757 4.322182
v 3.411795 0.438365 4.328406
v 3.491113 0.431757 4.337447
v 3.491113 0.438365 4.344184
v 3.567854 0.431757 4.322182
v 3.570433 0.438365 4.328406
v 3.632911 0.431757 4.278709
v 3.637674 0.438365 4.283473
v 3.676382 0.431757 4.213651
v 3.682606 0.438365 4.216229
v 3.691647 0.431757 4.136910
v 3.698385 0.438365 4.136910
v 3.682606 0.491234 4.057590
v 3.676382 0.497842 4.060168
v 3.632911 0.497842 3.995109
v 3.637674 0.491234 3.990345
v 3.567854 0.497842 3.951641
v 3.570433 0.491234 3.945416
v 3.491113 0.497842 3.936376
v 3.491113 0.491234 3.929639
v 3.414373 0.497842 3.951641
v 3.411795 0.491234 3.945416
v 3.349313 0.497842 3.995109
v 3.344548 0.491234 3.990345
v 3.305841 0.497842 4.060168
v 3.299617 0.491234 4.057590
v 3.290578 0.497842 4.136910
v 3.283841 0.491234 4.136910
v 3.305841 0.497842 4.213651
v 3.299617 0.491234 4.216229
v 3.349313 0.497842 4.278709
v 3.344548 0.491234 4.283473
v 3.414373 0.497842 4.322182
v 3.411795 0.491234 4.328406
v 3.491113 0.497842 4.337447
v 3.491113 0.491234 4.344184
v 3.567854 0.497842 4.322182
v 3.570433 0.491234 4.328406
v 3.632911 0.497842 4.278709
v 3.637674 0.491234 4.283473
v 3.676382 0.497842 4.213651
v 3.682606 0.491234 4.216229
v 3.691647 0.497842 4.136910
v 3.698385 0.491234 4.136910
vt 0.644356 0.096456
vt 0.610485 0.045765
vt 0.559794 0.011894
vt 0.500000 0.000000
vt 0.440206 0.011894
vt 0.389515 0.045765
vt 0.355644 0.096456
vt 0.343750 0.156250
vt 0.355644 0.216044
vt 0.389515 0.266735
vt 0.440206 0.300606
vt 0.500000 0.312500
vt 0.559794 0.300606
vt 0.610485 0.266735
vt 0.644356 0.216044
vt 0.656250 0.156250
vt 0.375000 0.312500
vt 0.390625 0.312500
vt 0.406250 0.312500
vt 0.421875 0.312500
vt 0.437500 0.312500
vt 0.453125 0.312500
vt 0.468750 0.312500
vt 0.484375 0.312500
vt 0.500000 0.312500
vt 0.515625 0.312500
vt 0.531250 0.312500
vt 0.546875 0.312500
vt 0.562500 0.312500
vt 0.578125 0.312500
vt 0.593750 0.312500
vt 0.609375 0.312500
vt 0.625000 0.312500
vt 0.375000 0.688440
vt 0.390625 0.688440
vt 0.406250 0.688440
vt 0.421875 0.688440
vt 0.437500 0.688440
vt 0.453125 0.688440
vt 0.468750 0.688440
vt 0.484375 0.688440
vt 0.500000 0.688440
vt 0.515625 0.688440
vt 0.531250 0.688440
vt 0.546875 0.688440
vt 0.562500 0.688440
vt 0.578125 0.688440
vt 0.593750 0.688440
vt 0.609375 0.688440
vt 0.625000 0.688440
vt 0.500000 0.150000
vt 0.610485 0.954235
vt 0.644356 0.903544
vt 0.559794 0.988106
vt 0.610485 0.954236
vt 0.500000 1.000000
vt 0.559795 0.988106
vt 0.440206 0.988106
vt 0.500000 1.000000
vt 0.389515 0.954235
vt 0.440206 0.988106
vt 0.355644 0.903544
vt 0.389515 0.954236
vt 0.343750 0.843750
vt 0.355644 0.903545
vt 0.355644 0.783956
vt 0.343750 0.843750
vt 0.389515 0.733265
vt 0.355644 0.783956
vt 0.440206 0.699394
vt 0.389515 0.733265
vt 0.500000 0.687500
vt 0.440206 0.699394
vt 0.559794 0.699394
vt 0.500000 0.687500
vt 0.610485 0.733265
vt 0.559794 0.699394
vt 0.644356 0.783956
vt 0.610485 0.733265
vt 0.656250 0.843750
vt 0.644356 0.783956
vt 0.644356 0.903544
vt 0.656250 0.843750
vt 0.610485 0.954235
vt 0.559794 0.988106
vt 0.500000 1.000000
vt 0.440206 0.988106
vt 0.389515 0.954236
vt 0.355644 0.903544
vt 0.343750 0.843750
vt 0.355644 0.783956
vt 0.389515 0.733265
vt 0.440206 0.699394
vt 0.500000 0.687500
vt 0.559794 0.699394
vt 0.610485 0.733265
vt 0.644356 0.783956
vt 0.656250 0.843750
vt 0.644356 0.903544
vt 0.644356 0.903544
vt 0.610485 0.954235
vt 0.559794 0.988106
vt 0.500000 1.000000
vt 0.440206 0.988106
vt 0.389515 0.954235
vt 0.355644 0.903544
vt 0.343750 0.843750
vt 0.355644 0.783956
vt 0.389515 0.733265
vt 0.440206 0.699394
vt 0.500000 0.687500
vt 0.559794 0.699394
vt 0.610485 0.733265
vt 0.644356 0.783956
vt 0.656250 0.843750
vt 0.606894 0.950441
vt 0.557851 0.983211
vt 0.500000 0.994718
vt 0.442149 0.983211
vt 0.393106 0.950441
vt 0.360336 0.901398
vt 0.348829 0.843547
vt 0.360336 0.785696
vt 0.393106 0.736653
vt 0.442150 0.703883
vt 0.500000 0.692376
vt 0.557851 0.703883
vt 0.606894 0.736653
vt 0.639664 0.785696
vt 0.651171 0.843547
vt 0.639664 0.901398
vt 0.500000 0.837500
vt 0.610485 0.954235
vt 0.644356 0.903545
vt 0.559796 0.988105
vt 0.610485 0.954236
vt 0.500000 1.000000
vt 0.559794 0.988106
vt 0.440206 0.988106
vt 0.500000 1.000000
vt 0.389517 0.954237
vt 0.440206 0.988106
vt 0.355644 0.903544
vt 0.389515 0.954235
vt 0.343750 0.843750
vt 0.355644 0.903544
vt 0.355644 0.783956
vt 0.343750 0.843750
vt 0.389515 0.733265
vt 0.355644 0.783956
vt 0.440206 0.699394
vt 0.389515 0.733265
vt 0.500000 0.687500
vt 0.440209 0.699393
vt 0.559794 0.699394
vt 0.500003 0.687500
vt 0.610485 0.733265
vt 0.559794 0.699394
vt 0.644356 0.783956
vt 0.610485 0.733265
vt 0.656250 0.843750
vt 0.644356 0.783957
vt 0.644356 0.903545
vt 0.656250 0.843750
vt 0.610485 0.954236
vt 0.644356 0.903545
vt 0.559794 0.988106
vt 0.610485 0.954236
vt 0.499999 1.000000
vt 0.559794 0.988106
vt 0.440206 0.988106
vt 0.499999 1.000000
vt 0.389515 0.954235
vt 0.440206 0.988106
vt 0.355644 0.903544
vt 0.389515 0.954235
vt 0.343750 0.843750
vt 0.355644 0.903544
vt 0.355644 0.783956
vt 0.343750 0.843750
vt 0.389515 0.733264
vt 0.355644 0.783956
vt 0.440206 0.699394
vt 0.389515 0.733264
vt 0.500000 0.687500
vt 0.440206 0.699394
vt 0.559794 0.699394
vt 0.500000 0.687500
vt 0.610485 0.733265
vt 0.559794 0.699394
vt 0.644356 0.783956
vt 0.610485 0.733265
vt 0.656250 0.843750
vt 0.644356 0.783956
vt 0.644356 0.903545
vt 0.656250 0.843750
vn 0.415379 0.893229 -0.172054
vn 0.317918 0.893229 -0.317917
vn 0.267486 0.925691 -0.267484
vn 0.349487 0.925691 -0.144760
vn 0.172056 0.893228 -0.415380
vn 0.144764 0.925691 -0.349486
vn 0.000000 0.893228 -0.449605
vn 0.000000 0.925691 -0.378281
vn -0.172055 0.893228 -0.415381
vn -0.144762 0.925691 -0.349487
vn -0.317921 0.893227 -0.317917
vn -0.267487 0.925690 -0.267485
vn -0.415382 0.893227 -0.172057
vn -0.349489 0.925690 -0.144763
vn -0.449608 0.893226 0.000000
vn -0.378285 0.925689 0.000000
vn -0.415382 0.893227 0.172057
vn -0.349488 0.925690 0.144763
vn -0.317918 0.893228 0.317918
vn -0.267486 0.925690 0.267486
vn -0.172055 0.893229 0.415379
vn -0.144762 0.925691 0.349487
vn 0.000000 0.893229 0.449602
vn 0.000000 0.925691 0.378281
vn 0.172054 0.893228 0.415380
vn 0.144762 0.925691 0.349487
vn 0.317917 0.893228 0.317918
vn 0.267485 0.925691 0.267485
vn 0.415380 0.893228 0.172055
vn 0.349487 0.925691 0.144761
vn 0.449603 0.893229 -0.000000
vn 0.378282 0.925690 -0.000000
vn 0.000000 -1.000000 0.000000
vn 0.000000 -1.000000 0.000000
vn 0.000000 -1.000000 0.000000
vn 0.000000 -1.000000 0.000000
vn 0.000000 -1.000000 0.000000
vn 0.000000 -1.000000 0.000000
vn 0.000000 -1.000000 0.000000
vn 0.000000 -1.000000 0.000000
vn 0.000000 -1.000000 0.000000
vn 0.000000 -1.000000 0.000000
vn 0.000000 -1.000000 0.000000
vn 0.000000 -1.000000 0.000000
vn 0.000000 -1.000000 0.000000
vn 0.000000 -1.000000 0.000000
vn 0.000000 -1.000000 0.000000
vn 0.000000 -1.000000 0.000000
vn 0.000000 -1.000000 0.000000
vn 0.255776 0.932285 -0.255778
vn 0.334192 0.932284 -0.138428
vn 0.138427 0.932285 -0.334191
vn 0.000000 0.932286 -0.361722
vn -0.138426 0.932284 -0.334192
vn -0.255777 0.932285 -0.255779
vn -0.334193 0.932283 -0.138429
vn -0.361725 0.932285 -0.000000
vn -0.334194 0.932283 0.138429
vn -0.255779 0.932284 0.255779
vn -0.138425 0.932285 0.334192
vn -0.000000 0.932283 0.361729
vn 0.138424 0.932285 0.334190
vn 0.255779 0.932285 0.255777
vn 0.334193 0.932284 0.138427
vn 0.361728 0.932284 -0.000000
vn 0.912560 0.156043 -0.378002
vn 0.698451 0.156043 -0.698439
vn 0.706748 0.032124 -0.706736
vn 0.923399 0.032124 -0.382496
vn 0.377983 0.156039 -0.912568
vn 0.382471 0.032124 -0.923409
vn -0.000001 0.156036 -0.987751
vn 0.000000 0.032123 -0.999484
vn -0.377981 0.156034 -0.912570
vn -0.382475 0.032123 -0.923407
vn -0.698439 0.156041 -0.698451
vn -0.706737 0.032125 -0.706747
vn -0.912575 0.156041 -0.377966
vn -0.923415 0.032124 -0.382456
vn -0.987751 0.156038 0.000001
vn -0.999484 0.032122 -0.000000
vn -0.912578 0.156038 0.377959
vn -0.923421 0.032123 0.382443
vn -0.698453 0.156037 0.698438
vn -0.706755 0.032124 0.706728
vn -0.377996 0.156035 0.912564
vn -0.382490 0.032122 0.923401
vn -0.000000 0.156034 0.987752
vn 0.000000 0.032121 0.999484
vn 0.378007 0.156041 0.912558
vn 0.382503 0.032123 0.923396
vn 0.698471 0.156041 0.698419
vn 0.706776 0.032124 0.706708
vn 0.912564 0.156037 0.377994
vn 0.923404 0.032124 0.382483
vn 0.987751 0.156040 0.000000
vn 0.999484 0.032124 -0.000000
vn 0.651807 0.708699 -0.269987
vn 0.705515 0.708695 0.000000
vn 0.498872 0.708699 -0.498872
vn 0.269987 0.708694 -0.651812
vn -0.000002 0.708697 -0.705513
vn -0.269981 0.708695 -0.651815
vn -0.498867 0.708697 -0.498879
vn -0.651811 0.708698 -0.269981
vn -0.705510 0.708700 -0.000000
vn -0.651810 0.708698 0.269983
vn -0.498867 0.708697 0.498879
vn -0.269982 0.708696 0.651812
vn -0.000002 0.708697 0.705513
vn 0.269983 0.708699 0.651809
vn 0.498876 0.708699 0.498868
vn 0.651810 0.708696 0.269988
vn 0.071575 -0.996994 -0.029648
vn 0.919042 -0.102164 -0.380689
vn 0.994767 -0.102167 -0.000000
vn 0.077474 -0.996994 0.000000
vn 0.054782 -0.996994 -0.054782
vn 0.703409 -0.102163 -0.703405
vn 0.029646 -0.996995 -0.071576
vn 0.380673 -0.102168 -0.919048
vn -0.000000 -0.996995 -0.077473
vn -0.000000 -0.102169 -0.994767
vn -0.029646 -0.996994 -0.071575
vn -0.380666 -0.102170 -0.919051
vn -0.054781 -0.996994 -0.054783
vn -0.703394 -0.102171 -0.703419
vn -0.071576 -0.996994 -0.029647
vn -0.919048 -0.102173 -0.380672
vn -0.077471 -0.996995 -0.000000
vn -0.994767 -0.102174 -0.000000
vn -0.071576 -0.996994 0.029648
vn -0.919046 -0.102173 0.380676
vn -0.054781 -0.996994 0.054782
vn -0.703404 -0.102170 0.703409
vn -0.029649 -0.996994 0.071576
vn -0.380695 -0.102169 0.919039
vn 0.000000 -0.996994 0.077473
vn 0.000000 -0.102168 0.994767
vn 0.029649 -0.996994 0.071577
vn 0.380702 -0.102166 0.919037
vn 0.054783 -0.996994 0.054781
vn 0.703419 -0.102161 0.703395
vn 0.071576 -0.996994 0.029649
vn 0.919041 -0.102163 0.380693
vn 0.919042 0.102165 -0.380689
vn 0.070800 0.997059 -0.029327
vn 0.076634 0.997059 0.000000
vn 0.994767 0.102167 -0.000000
vn 0.703409 0.102164 -0.703405
vn 0.054188 0.997059 -0.054188
vn 0.380673 0.102168 -0.919048
vn 0.029325 0.997060 -0.070800
vn 0.000000 0.102169 -0.994767
vn 0.000000 0.997059 -0.076633
vn -0.380666 0.102170 -0.919051
vn -0.029325 0.997059 -0.070799
vn -0.703394 0.102171 -0.703419
vn -0.054187 0.997059 -0.054190
vn -0.919048 0.102173 -0.380672
vn -0.070800 0.997059 -0.029326
vn -0.994766 0.102174 -0.000000
vn -0.076631 0.997060 -0.000000
vn -0.919046 0.102173 0.380676
vn -0.070800 0.997059 0.029327
vn -0.703404 0.102170 0.703409
vn -0.054187 0.997059 0.054188
vn -0.380695 0.102169 0.919039
vn -0.029328 0.997059 0.070799
vn -0.000000 0.102168 0.994767
vn -0.000000 0.997059 0.076633
vn 0.380702 0.102166 0.919037
vn 0.029328 0.997059 0.070801
vn 0.703419 0.102162 0.703395
vn 0.054188 0.997059 0.054186
vn 0.919041 0.102163 0.380693
vn 0.070799 0.997059 0.029327
vn 0.000000 1.000000 -0.000000
vn 0.000000 -1.000000 -0.000000
vn 0.000000 -1.000000 0.000000
vn 0.000000 -1.000000 0.000000
vn 0.000000 -1.000000 0.000000
vn 0.000000 -1.000000 0.000000
vn 0.000000 -1.000000 0.000000
vn 0.000000 -1.000000 -0.000000
vn 0.000000 -1.000000 0.000000
vn 0.000000 -1.000000 0.000000
vn 0.000000 -1.000000 0.000000
vn 0.000000 -1.000000 -0.000000
vn 0.000000 -1.000000 0.000000
vn 0.000000 -1.000000 0.000000
vn 0.000000 -1.000000 0.000000
vn 0.000000 -1.000000 0.000001
vn 0.000000 -1.000000 0.000000
s 1
g pCylinder27
usemtl initialShadingGroup
f 1890/2507/3632 1891/2508/3633 1907/2525/3634 1906/2524/3635
f 1891/2508/3633 1892/2509/3636 1908/2526/3637 1907/2525/3634
f 1892/2509/3636 1893/2510/3638 1909/2527/3639 1908/2526/3637
f 1893/2510/3638 1894/2511/3640 1910/2528/3641 1909/2527/3639
f 1894/2511/3640 1895/2512/3642 1911/2529/3643 1910/2528/3641
f 1895/2512/3642 1896/2513/3644 1912/2530/3645 1911/2529/3643
f 1896/2513/3644 1897/2514/3646 1913/2531/3647 1912/2530/3645
f 1897/2514/3646 1898/2515/3648 1914/2532/3649 1913/2531/3647
f 1898/2515/3648 1899/2516/3650 1915/2533/3651 1914/2532/3649
f 1899/2516/3650 1900/2517/3652 1916/2534/3653 1915/2533/3651
f 1900/2517/3652 1901/2518/3654 1917/2535/3655 1916/2534/3653
f 1901/2518/3654 1902/2519/3656 1918/2536/3657 1917/2535/3655
f 1902/2519/3656 1903/2520/3658 1919/2537/3659 1918/2536/3657
f 1903/2520/3658 1904/2521/3660 1920/2538/3661 1919/2537/3659
f 1904/2521/3660 1905/2522/3662 1921/2539/3663 1920/2538/3661
f 1905/2522/3662 1890/2523/3632 1906/2540/3635 1921/2539/3663
s 2
f 1891/2492/3664 1890/2491/3665 1922/2541/3666
f 1892/2493/3667 1891/2492/3664 1922/2541/3666
f 1893/2494/3668 1892/2493/3667 1922/2541/3666
f 1894/2495/3669 1893/2494/3668 1922/2541/3666
f 1895/2496/3670 1894/2495/3669 1922/2541/3666
f 1896/2497/3671 1895/2496/3670 1922/2541/3666
f 1897/2498/3672 1896/2497/3671 1922/2541/3666
f 1898/2499/3673 1897/2498/3672 1922/2541/3666
f 1899/2500/3674 1898/2499/3673 1922/2541/3666
f 1900/2501/3675 1899/2500/3674 1922/2541/3666
f 1901/2502/3676 1900/2501/3675 1922/2541/3666
f 1902/2503/3677 1901/2502/3676 1922/2541/3666
f 1903/2504/3678 1902/2503/3677 1922/2541/3666
f 1904/2505/3679 1903/2504/3678 1922/2541/3666
f 1905/2506/3680 1904/2505/3679 1922/2541/3666
f 1890/2491/3665 1905/2506/3680 1922/2541/3666
s 1
f 1906/2572/3635 1907/2542/3634 1942/2545/3681 1939/2543/3682
f 1907/2542/3634 1908/2544/3637 1945/2547/3683 1942/2545/3681
f 1908/2544/3637 1909/2546/3639 1948/2549/3684 1945/2547/3683
f 1909/2546/3639 1910/2548/3641 1951/2551/3685 1948/2549/3684
f 1910/2548/3641 1911/2550/3643 1954/2553/3686 1951/2551/3685
f 1911/2550/3643 1912/2552/3645 1957/2555/3687 1954/2553/3686
f 1912/2552/3645 1913/2554/3647 1960/2557/3688 1957/2555/3687
f 1913/2554/3647 1914/2556/3649 1963/2559/3689 1960/2557/3688
f 1914/2556/3649 1915/2558/3651 1966/2561/3690 1963/2559/3689
f 1915/2558/3651 1916/2560/3653 1969/2563/3691 1966/2561/3690
f 1916/2560/3653 1917/2562/3655 1972/2565/3692 1969/2563/3691
f 1917/2562/3655 1918/2564/3657 1975/2567/3693 1972/2565/3692
f 1918/2564/3657 1919/2566/3659 1978/2569/3694 1975/2567/3693
f 1919/2566/3659 1920/2568/3661 1981/2571/3695 1978/2569/3694
f 1920/2568/3661 1921/2570/3663 1984/2573/3696 1981/2571/3695
f 1921/2570/3663 1906/2572/3635 1939/2543/3682 1984/2573/3696
f 1941/2589/3697 1944/2574/3698 1924/2623/3699 1923/2653/3700
f 1944/2574/3698 1947/2575/3701 1925/2625/3702 1924/2623/3699
f 1947/2575/3701 1950/2576/3703 1926/2627/3704 1925/2625/3702
f 1950/2576/3703 1953/2577/3705 1927/2629/3706 1926/2627/3704
f 1953/2577/3705 1956/2578/3707 1928/2631/3708 1927/2629/3706
f 1956/2578/3707 1959/2579/3709 1929/2633/3710 1928/2631/3708
f 1959/2579/3709 1962/2580/3711 1930/2635/3712 1929/2633/3710
f 1962/2580/3711 1965/2581/3713 1931/2637/3714 1930/2635/3712
f 1965/2581/3713 1968/2582/3715 1932/2639/3716 1931/2637/3714
f 1968/2582/3715 1971/2583/3717 1933/2641/3718 1932/2639/3716
f 1971/2583/3717 1974/2584/3719 1934/2643/3720 1933/2641/3718
f 1974/2584/3719 1977/2585/3721 1935/2645/3722 1934/2643/3720
f 1977/2585/3721 1980/2586/3723 1936/2647/3724 1935/2645/3722
f 1980/2586/3723 1983/2587/3725 1937/2649/3726 1936/2647/3724
f 1983/2587/3725 1986/2588/3727 1938/2651/3728 1937/2649/3726
f 1986/2588/3727 1941/2589/3697 1923/2653/3700 1938/2651/3728
f 1939/2543/3682 1940/2590/3729 1985/2605/3730 1984/2573/3696
f 1940/2590/3729 1941/2589/3697 1986/2588/3727 1985/2605/3730
f 1941/2589/3697 1940/2590/3729 1943/2591/3731 1944/2574/3698
f 1940/2590/3729 1939/2543/3682 1942/2545/3681 1943/2591/3731
f 1944/2574/3698 1943/2591/3731 1946/2592/3732 1947/2575/3701
f 1943/2591/3731 1942/2545/3681 1945/2547/3683 1946/2592/3732
f 1947/2575/3701 1946/2592/3732 1949/2593/3733 1950/2576/3703
f 1946/2592/3732 1945/2547/3683 1948/2549/3684 1949/2593/3733
f 1950/2576/3703 1949/2593/3733 1952/2594/3734 1953/2577/3705
f 1949/2593/3733 1948/2549/3684 1951/2551/3685 1952/2594/3734
f 1953/2577/3705 1952/2594/3734 1955/2595/3735 1956/2578/3707
f 1952/2594/3734 1951/2551/3685 1954/2553/3686 1955/2595/3735
f 1956/2578/3707 1955/2595/3735 1958/2596/3736 1959/2579/3709
f 1955/2595/3735 1954/2553/3686 1957/2555/3687 1958/2596/3736
f 1959/2579/3709 1958/2596/3736 1961/2597/3737 1962/2580/3711
f 1958/2596/3736 1957/2555/3687 1960/2557/3688 1961/2597/3737
f 1962/2580/3711 1961/2597/3737 1964/2598/3738 1965/2581/3713
f 1961/2597/3737 1960/2557/3688 1963/2559/3689 1964/2598/3738
f 1965/2581/3713 1964/2598/3738 1967/2599/3739 1968/2582/3715
f 1964/2598/3738 1963/2559/3689 1966/2561/3690 1967/2599/3739
f 1968/2582/3715 1967/2599/3739 1970/2600/3740 1971/2583/3717
f 1967/2599/3739 1966/2561/3690 1969/2563/3691 1970/2600/3740
f 1971/2583/3717 1970/2600/3740 1973/2601/3741 1974/2584/3719
f 1970/2600/3740 1969/2563/3691 1972/2565/3692 1973/2601/3741
f 1974/2584/3719 1973/2601/3741 1976/2602/3742 1977/2585/3721
f 1973/2601/3741 1972/2565/3692 1975/2567/3693 1976/2602/3742
f 1977/2585/3721 1976/2602/3742 1979/2603/3743 1980/2586/3723
f 1976/2602/3742 1975/2567/3693 1978/2569/3694 1979/2603/3743
f 1980/2586/3723 1979/2603/3743 1982/2604/3744 1983/2587/3725
f 1979/2603/3743 1978/2569/3694 1981/2571/3695 1982/2604/3744
f 1983/2587/3725 1982/2604/3744 1985/2605/3730 1986/2588/3727
f 1982/2604/3744 1981/2571/3695 1984/2573/3696 1985/2605/3730
s 4
f 1988/2624/3745 1989/2685/3746 2019/2683/3747 2018/2654/3748
f 1989/2685/3746 1988/2624/3745 1990/2626/3749 1991/2655/3750
f 1991/2655/3750 1990/2626/3749 1992/2628/3751 1993/2657/3752
f 1993/2657/3752 1992/2628/3751 1994/2630/3753 1995/2659/3754
f 1995/2659/3754 1994/2630/3753 1996/2632/3755 1997/2661/3756
f 1997/2661/3756 1996/2632/3755 1998/2634/3757 1999/2663/3758
f 1999/2663/3758 1998/2634/3757 2000/2636/3759 2001/2665/3760
f 2001/2665/3760 2000/2636/3759 2002/2638/3761 2003/2667/3762
f 2003/2667/3762 2002/2638/3761 2004/2640/3763 2005/2669/3764
f 2005/2669/3764 2004/2640/3763 2006/2642/3765 2007/2671/3766
f 2007/2671/3766 2006/2642/3765 2008/2644/3767 2009/2673/3768
f 2009/2673/3768 2008/2644/3767 2010/2646/3769 2011/2675/3770
f 2011/2675/3770 2010/2646/3769 2012/2648/3771 2013/2677/3772
f 2013/2677/3772 2012/2648/3771 2014/2650/3773 2015/2679/3774
f 2015/2679/3774 2014/2650/3773 2016/2652/3775 2017/2681/3776
f 2017/2681/3776 2016/2652/3775 2018/2654/3748 2019/2683/3747
f 2020/2656/3777 2021/2621/3778 2050/2620/3779 2051/2686/3780
f 2021/2621/3778 2020/2656/3777 2023/2658/3781 2022/2606/3782
f 2022/2606/3782 2023/2658/3781 2025/2660/3783 2024/2607/3784
f 2024/2607/3784 2025/2660/3783 2027/2662/3785 2026/2608/3786
f 2026/2608/3786 2027/2662/3785 2029/2664/3787 2028/2609/3788
f 2028/2609/3788 2029/2664/3787 2031/2666/3789 2030/2610/3790
f 2030/2610/3790 2031/2666/3789 2033/2668/3791 2032/2611/3792
f 2032/2611/3792 2033/2668/3791 2035/2670/3793 2034/2612/3794
f 2034/2612/3794 2035/2670/3793 2037/2672/3795 2036/2613/3796
f 2036/2613/3796 2037/2672/3795 2039/2674/3797 2038/2614/3798
f 2038/2614/3798 2039/2674/3797 2041/2676/3799 2040/2615/3800
f 2040/2615/3800 2041/2676/3799 2043/2678/3801 2042/2616/3802
f 2042/2616/3802 2043/2678/3801 2045/2680/3803 2044/2617/3804
f 2044/2617/3804 2045/2680/3803 2047/2682/3805 2046/2618/3806
f 2046/2618/3806 2047/2682/3805 2049/2684/3807 2048/2619/3808
f 2048/2619/3808 2049/2684/3807 2051/2686/3780 2050/2620/3779
f 2021/2621/3778 2022/2606/3782 1987/2622/3809
f 2022/2606/3782 2024/2607/3784 1987/2622/3809
f 2024/2607/3784 2026/2608/3786 1987/2622/3809
f 2026/2608/3786 2028/2609/3788 1987/2622/3809
f 2028/2609/3788 2030/2610/3790 1987/2622/3809
f 2030/2610/3790 2032/2611/3792 1987/2622/3809
f 2032/2611/3792 2034/2612/3794 1987/2622/3809
f 2034/2612/3794 2036/2613/3796 1987/2622/3809
f 2036/2613/3796 2038/2614/3798 1987/2622/3809
f 2038/2614/3798 2040/2615/3800 1987/2622/3809
f 2040/2615/3800 2042/2616/3802 1987/2622/3809
f 2042/2616/3802 2044/2617/3804 1987/2622/3809
f 2044/2617/3804 2046/2618/3806 1987/2622/3809
f 2046/2618/3806 2048/2619/3808 1987/2622/3809
f 2048/2619/3808 2050/2620/3779 1987/2622/3809
f 2050/2620/3779 2021/2621/3778 1987/2622/3809
f 1923/2653/3810 1924/2623/3811 1990/2626/3749 1988/2624/3745
f 1924/2623/3811 1925/2625/3812 1992/2628/3751 1990/2626/3749
f 1925/2625/3812 1926/2627/3813 1994/2630/3753 1992/2628/3751
f 1926/2627/3813 1927/2629/3814 1996/2632/3755 1994/2630/3753
f 1927/2629/3814 1928/2631/3815 1998/2634/3757 1996/2632/3755
f 1928/2631/3815 1929/2633/3816 2000/2636/3759 1998/2634/3757
f 1929/2633/3816 1930/2635/3817 2002/2638/3761 2000/2636/3759
f 1930/2635/3817 1931/2637/3818 2004/2640/3763 2002/2638/3761
f 1931/2637/3818 1932/2639/3819 2006/2642/3765 2004/2640/3763
f 1932/2639/3819 1933/2641/3820 2008/2644/3767 2006/2642/3765
f 1933/2641/3820 1934/2643/3821 2010/2646/3769 2008/2644/3767
f 1934/2643/3821 1935/2645/3822 2012/2648/3771 2010/2646/3769
f 1935/2645/3822 1936/2647/3823 2014/2650/3773 2012/2648/3771
f 1936/2647/3823 1937/2649/3824 2016/2652/3775 2014/2650/3773
f 1937/2649/3824 1938/2651/3825 2018/2654/3748 2016/2652/3775
f 1938/2651/3825 1923/2653/3810 1988/2624/3745 2018/2654/3748
f 1989/2685/3746 1991/2655/3750 2023/2658/3781 2020/2656/3777
f 1991/2655/3750 1993/2657/3752 2025/2660/3783 2023/2658/3781
f 1993/2657/3752 1995/2659/3754 2027/2662/3785 2025/2660/3783
f 1995/2659/3754 1997/2661/3756 2029/2664/3787 2027/2662/3785
f 1997/2661/3756 1999/2663/3758 2031/2666/3789 2029/2664/3787
f 1999/2663/3758 2001/2665/3760 2033/2668/3791 2031/2666/3789
f 2001/2665/3760 2003/2667/3762 2035/2670/3793 2033/2668/3791
f 2003/2667/3762 2005/2669/3764 2037/2672/3795 2035/2670/3793
f 2005/2669/3764 2007/2671/3766 2039/2674/3797 2037/2672/3795
f 2007/2671/3766 2009/2673/3768 2041/2676/3799 2039/2674/3797
f 2009/2673/3768 2011/2675/3770 2043/2678/3801 2041/2676/3799
f 2011/2675/3770 2013/2677/3772 2045/2680/3803 2043/2678/3801
f 2013/2677/3772 2015/2679/3774 2047/2682/3805 2045/2680/3803
f 2015/2679/3774 2017/2681/3776 2049/2684/3807 2047/2682/3805
f 2017/2681/3776 2019/2683/3747 2051/2686/3780 2049/2684/3807
f 2019/2683/3747 1989/2685/3746 2020/2656/3777 2051/2686/3780
