# This file uses centimeters as units for non-parametric coordinates.

mtllib Agua.mtl
g default
v 4.181929 1.487373 4.625754
v 4.141723 1.487373 4.685930
v 4.081546 1.487373 4.726137
v 4.010564 1.487373 4.740256
v 3.939582 1.487373 4.726137
v 3.879408 1.487373 4.685930
v 3.839200 1.487373 4.625754
v 3.825080 1.487373 4.554771
v 3.839200 1.487373 4.483792
v 3.879408 1.487373 4.423617
v 3.939582 1.487373 4.383408
v 4.010564 1.487373 4.369285
v 4.081546 1.487373 4.383408
v 4.141722 1.487373 4.423617
v 4.181929 1.487373 4.483792
v 4.196048 1.487373 4.554771
v 4.165043 1.407495 4.618760
v 4.128798 1.407495 4.673006
v 4.074552 1.407495 4.709251
v 4.010564 1.407495 4.721978
v 3.946577 1.407495 4.709251
v 3.892331 1.407495 4.673006
v 3.856086 1.407495 4.618760
v 3.843358 1.407495 4.554771
v 3.856086 1.407495 4.490787
v 3.892331 1.407495 4.436541
v 3.946577 1.407495 4.400295
v 4.010564 1.407495 4.387566
v 4.074552 1.407495 4.400295
v 4.128798 1.407495 4.436541
v 4.165043 1.407495 4.490787
v 4.177770 1.407495 4.554771
v 4.165043 1.383087 4.618760
v 4.128798 1.383087 4.673006
v 4.074552 1.383087 4.709251
v 4.010564 1.383087 4.721978
v 3.946577 1.383087 4.709251
v 3.892331 1.383087 4.673006
v 3.856086 1.383087 4.618760
v 3.843358 1.383087 4.554771
v 3.856086 1.383087 4.490787
v 3.892331 1.383087 4.436541
v 3.946577 1.383087 4.400295
v 4.010564 1.383087 4.387566
v 4.074552 1.383087 4.400295
v 4.128798 1.383087 4.436541
v 4.165043 1.383087 4.490787
v 4.177770 1.383087 4.554771
v 4.188011 1.346301 4.628273
v 4.146377 1.346301 4.690585
v 4.084065 1.346301 4.732217
v 4.010564 1.346301 4.746837
v 3.937063 1.346301 4.732217
v 3.874752 1.346301 4.690585
v 3.833115 1.346301 4.628273
v 3.818496 1.346301 4.554771
v 3.833115 1.346301 4.481271
v 3.874752 1.346301 4.418958
v 3.937063 1.346301 4.377326
v 4.010564 1.346301 4.362704
v 4.084065 1.346301 4.377326
v 4.146377 1.346301 4.418958
v 4.188011 1.346301 4.481271
v 4.202630 1.346301 4.554771
v 4.173833 1.329766 4.622399
v 4.135524 1.329766 4.679732
v 4.078193 1.329766 4.718038
v 4.010564 1.329766 4.731491
v 3.942934 1.329766 4.718038
v 3.885602 1.329766 4.679732
v 3.847292 1.329766 4.622399
v 3.847292 1.329766 4.487144
v 3.885602 1.329766 4.429807
v 3.942934 1.329766 4.391505
v 4.010564 1.329766 4.378052
v 4.078193 1.329766 4.391505
v 4.135524 1.329766 4.429807
v 4.173833 1.329766 4.487144
v 3.847292 1.220662 4.487144
v 3.885602 1.220662 4.429807
v 3.942934 1.220662 4.391505
v 4.010564 1.220662 4.378052
v 4.078193 1.220662 4.391505
v 4.135524 1.220662 4.429807
v 4.173833 1.220662 4.487144
v 4.184554 1.200223 4.626839
v 4.143730 1.200223 4.687938
v 4.082634 1.200223 4.728759
v 4.010564 1.200223 4.743098
v 3.938492 1.200223 4.728759
v 3.877395 1.200223 4.687938
v 3.836570 1.200223 4.626839
v 3.822235 1.200223 4.554771
v 3.836570 1.200223 4.482702
v 3.877395 1.200223 4.421600
v 3.938492 1.200223 4.380781
v 4.010564 1.200223 4.366441
v 4.082634 1.200223 4.380781
v 4.143730 1.200223 4.421600
v 4.184554 1.200223 4.482702
v 4.198888 1.200223 4.554771
v 4.184554 1.157604 4.626839
v 4.143730 1.157604 4.687938
v 4.082634 1.157604 4.728759
v 4.010564 1.157604 4.743098
v 3.938492 1.157604 4.728759
v 3.877395 1.157604 4.687938
v 3.836570 1.157604 4.626839
v 3.822235 1.157604 4.554771
v 3.836570 1.157604 4.482702
v 3.877395 1.157604 4.421600
v 3.938492 1.157604 4.380781
v 4.010564 1.157604 4.366441
v 4.082634 1.157604 4.380781
v 4.143730 1.157604 4.421600
v 4.184554 1.157604 4.482702
v 4.198888 1.157604 4.554771
v 4.180818 1.143869 4.625291
v 4.140870 1.143869 4.685078
v 4.081087 1.143869 4.725023
v 4.010564 1.143869 4.739051
v 3.940039 1.143869 4.725023
v 3.880252 1.143869 4.685078
v 3.840306 1.143869 4.625291
v 3.826277 1.143869 4.554771
v 3.840306 1.143869 4.484249
v 3.880252 1.143869 4.424462
v 3.940039 1.143869 4.384518
v 4.010564 1.143869 4.370487
v 4.081087 1.143869 4.384518
v 4.140870 1.143869 4.424462
v 4.180818 1.143869 4.484249
v 4.194843 1.143869 4.554771
v 4.192515 1.131739 4.630136
v 4.149824 1.131739 4.694031
v 4.085930 1.131739 4.736720
v 4.010564 1.131739 4.751714
v 3.935195 1.131739 4.736720
v 3.871301 1.131739 4.694031
v 3.828608 1.131739 4.630136
v 3.813616 1.131739 4.554771
v 3.828608 1.131739 4.479402
v 3.871301 1.131739 4.415504
v 3.935195 1.131739 4.372820
v 4.010564 1.131739 4.357822
v 4.085930 1.131739 4.372820
v 4.149824 1.131739 4.415504
v 4.192515 1.131739 4.479402
v 4.207504 1.131739 4.554771
v 4.192515 1.069767 4.630136
v 4.149824 1.069767 4.694031
v 4.085930 1.069767 4.736720
v 4.010564 1.069767 4.751714
v 3.935195 1.069767 4.736720
v 3.871301 1.069767 4.694031
v 3.828608 1.069767 4.630136
v 3.813616 1.069767 4.554771
v 3.828608 1.069767 4.479402
v 3.871301 1.069767 4.415504
v 3.935195 1.069767 4.372820
v 4.010564 1.069767 4.357822
v 4.085930 1.069767 4.372820
v 4.149824 1.069767 4.415504
v 4.192515 1.069767 4.479402
v 4.207504 1.069767 4.554771
v 4.136036 1.037750 4.606741
v 4.106595 1.037750 4.650803
v 4.062535 1.037750 4.680242
v 4.010563 1.037750 4.690581
v 3.958588 1.037750 4.680242
v 3.914527 1.037750 4.650803
v 3.885087 1.037750 4.606741
v 3.874749 1.037750 4.554769
v 3.885087 1.037750 4.502795
v 3.914527 1.037750 4.458732
v 3.958588 1.037750 4.429298
v 4.010563 1.037750 4.418956
v 4.062535 1.037750 4.429298
v 4.106595 1.037750 4.458732
v 4.136036 1.037750 4.502795
v 4.146372 1.037750 4.554769
v 4.081067 1.017312 4.583973
v 4.064525 1.017312 4.608731
v 4.039765 1.017312 4.625273
v 4.010561 1.017312 4.631084
v 3.981356 1.017312 4.625273
v 3.956597 1.017312 4.608731
v 3.940054 1.017312 4.583973
v 3.934246 1.017312 4.554769
v 3.940054 1.017312 4.525563
v 3.956597 1.017312 4.500803
v 3.981356 1.017312 4.484265
v 4.010561 1.017312 4.478454
v 4.039765 1.017312 4.484265
v 4.064525 1.017312 4.500803
v 4.081067 1.017312 4.525563
v 4.086874 1.017312 4.554769
v 4.043209 1.008553 4.568292
v 4.035548 1.008553 4.579756
v 4.024084 1.008553 4.587417
v 4.010561 1.008553 4.590106
v 3.997036 1.008553 4.587417
v 3.985572 1.008553 4.579756
v 3.977912 1.008553 4.568292
v 3.975222 1.008553 4.554769
v 3.977912 1.008553 4.541245
v 3.985572 1.008553 4.529780
v 3.997036 1.008553 4.522120
v 4.010561 1.008553 4.519430
v 4.024084 1.008553 4.522120
v 4.035548 1.008553 4.529780
v 4.043209 1.008553 4.541245
v 4.045898 1.008553 4.554769
v 4.043209 0.971894 4.568292
v 4.035548 0.971894 4.579756
v 4.024084 0.971894 4.587417
v 4.010561 0.971894 4.590106
v 3.997036 0.971894 4.587417
v 3.985572 0.971894 4.579756
v 3.977912 0.971894 4.568292
v 3.975222 0.971894 4.554769
v 3.977912 0.971894 4.541245
v 3.985572 0.971894 4.529780
v 3.997036 0.971894 4.522120
v 4.010561 0.971894 4.519430
v 4.024084 0.971894 4.522120
v 4.035548 0.971894 4.529780
v 4.043209 0.971894 4.541245
v 4.045898 0.971894 4.554769
v 4.147919 1.518203 4.611666
v 4.115692 1.518203 4.659899
v 4.010564 1.518203 4.554771
v 4.067459 1.518203 4.692126
v 4.010564 1.518203 4.703444
v 3.953670 1.518203 4.692126
v 3.905438 1.518203 4.659899
v 3.873210 1.518203 4.611666
v 3.861893 1.518203 4.554771
v 3.873210 1.518203 4.497880
v 3.905438 1.518203 4.449646
v 3.953670 1.518203 4.417419
v 4.010564 1.518203 4.406100
v 4.067459 1.518203 4.417419
v 4.115691 1.518203 4.449646
v 4.147919 1.518203 4.497880
v 4.159235 1.518203 4.554771
v 4.166353 1.214300 4.608749
v 4.129799 1.214300 4.664009
v 4.075095 1.214300 4.700928
v 4.010564 1.214300 4.713896
v 3.946032 1.214300 4.700928
v 3.891326 1.214300 4.664009
v 3.854772 1.214300 4.608749
v 3.840956 1.218499 4.573125
v 3.833839 1.239143 4.554771
v 3.837260 1.220662 4.537577
v 3.825284 1.205594 4.554771
v 3.892747 1.239651 4.554771
v 3.892500 1.219558 4.573728
v 3.837725 1.329766 4.574304
v 3.821566 1.342993 4.554771
v 3.837403 1.329766 4.536860
v 3.833839 1.310234 4.554771
v 3.892747 1.310218 4.554771
v 3.891631 1.329766 4.574287
v 4.187283 1.310234 4.554771
v 4.183721 1.329766 4.536860
v 4.199558 1.342992 4.554771
v 4.183399 1.329766 4.574304
v 4.128377 1.310218 4.554771
v 4.129494 1.329766 4.574287
v 4.180167 1.218499 4.573125
v 4.195839 1.205594 4.554771
v 4.183864 1.220662 4.537577
v 4.187283 1.239143 4.554771
v 4.128377 1.239651 4.554771
v 4.128624 1.219558 4.573728
v 4.069469 1.310234 4.554771
v 4.069469 1.329766 4.574303
v 4.066124 1.220134 4.573885
v 4.070205 1.219831 4.573875
v 4.069469 1.239929 4.554771
v 4.010561 1.310121 4.554771
v 4.013513 1.329765 4.574193
v 4.010561 1.240147 4.554771
v 4.013911 1.220280 4.573962
v 3.951654 1.310234 4.554771
v 3.951654 1.329766 4.574304
v 3.959039 1.220253 4.574095
v 3.951654 1.239890 4.554771
v 3.950920 1.219831 4.573868
v 3.996501 1.329764 4.715796
v 3.998201 1.324916 4.710419
v 3.966581 1.329765 4.682300
v 3.972001 1.324875 4.681015
v 3.984366 1.324823 4.643621
v 3.980559 1.329763 4.639531
v 4.022931 1.324811 4.635634
v 4.024671 1.329763 4.630377
v 4.040494 1.329767 4.706689
v 4.036763 1.324906 4.702432
v 4.049129 1.324851 4.665039
v 4.054594 1.329760 4.663995
v 3.984025 1.223985 4.639647
v 3.981596 1.218945 4.634915
v 4.023970 1.223892 4.632053
v 4.025843 1.219122 4.626668
v 3.966524 1.216705 4.680659
v 3.970620 1.222256 4.677991
v 4.005181 1.214872 4.711809
v 3.997154 1.220392 4.708751
v 4.050497 1.223627 4.662851
v 4.051480 1.217893 4.655310
v 4.042440 1.215640 4.701482
v 4.037102 1.221263 4.701180
v 4.193863 1.439307 4.630699
v 4.192311 1.424311 4.630056
v 4.181730 1.414239 4.625673
v 4.150857 1.439307 4.695064
v 4.149668 1.424311 4.693877
v 4.141570 1.414239 4.685778
v 4.086490 1.439307 4.738072
v 4.085847 1.424311 4.736519
v 4.081465 1.414239 4.725938
v 4.010564 1.439307 4.753173
v 4.010564 1.424311 4.751494
v 4.010564 1.414240 4.740041
v 3.934639 1.439307 4.738072
v 3.935283 1.424311 4.736519
v 3.939665 1.414239 4.725938
v 3.870275 1.439307 4.695064
v 3.871462 1.424311 4.693877
v 3.879560 1.414239 4.685778
v 3.827266 1.439307 4.630699
v 3.828818 1.424311 4.630056
v 3.839399 1.414239 4.625673
v 3.812163 1.439307 4.554771
v 3.813843 1.424311 4.554771
v 3.825296 1.414239 4.554771
v 3.827266 1.439307 4.478850
v 3.828818 1.424311 4.479493
v 3.839399 1.414239 4.483876
v 3.870275 1.439307 4.414485
v 3.871462 1.424311 4.415672
v 3.879560 1.414239 4.423771
v 3.934639 1.439307 4.371476
v 3.935283 1.424311 4.373028
v 3.939666 1.414239 4.383608
v 4.010564 1.439307 4.356370
v 4.010564 1.424311 4.358051
v 4.010564 1.414240 4.369505
v 4.086490 1.439307 4.371476
v 4.085847 1.424311 4.373028
v 4.081465 1.414239 4.383608
v 4.150856 1.439307 4.414485
v 4.149668 1.424311 4.415672
v 4.141570 1.414239 4.423771
v 4.193863 1.439307 4.478850
v 4.192311 1.424311 4.479493
v 4.181730 1.414239 4.483876
v 4.208965 1.439307 4.554771
v 4.207286 1.424311 4.554771
v 4.195832 1.414240 4.554771
v 4.183419 1.377443 4.626372
v 4.188011 1.370957 4.628273
v 4.142861 1.377443 4.687070
v 4.146377 1.370957 4.690585
v 4.082163 1.377443 4.727625
v 4.084065 1.370957 4.732217
v 4.010564 1.377444 4.741867
v 4.010564 1.370957 4.746837
v 3.938966 1.377444 4.727625
v 3.937063 1.370957 4.732217
v 3.878267 1.377444 4.687070
v 3.874752 1.370957 4.690585
v 3.837709 1.377444 4.626372
v 3.833115 1.370957 4.628273
v 3.823468 1.377444 4.554771
v 3.818496 1.370957 4.554771
v 3.837709 1.377444 4.483175
v 3.833115 1.370957 4.481271
v 3.878267 1.377444 4.422475
v 3.874752 1.370957 4.418958
v 3.938966 1.377444 4.381920
v 3.937063 1.370957 4.377326
v 4.010564 1.377444 4.367677
v 4.010564 1.370957 4.362704
v 4.082163 1.377444 4.381920
v 4.084065 1.370957 4.377326
v 4.142862 1.377444 4.422475
v 4.146377 1.370957 4.418958
v 4.183419 1.377444 4.483175
v 4.188011 1.370957 4.481271
v 4.197659 1.377443 4.554771
v 4.202630 1.370957 4.554771
vt 0.911012 0.023147
vt 0.914483 0.014769
vt 0.933808 0.027682
vt 0.911012 0.032216
vt 0.914482 0.040594
vt 0.920895 0.047006
vt 0.929273 0.050477
vt 0.938342 0.050477
vt 0.946720 0.047007
vt 0.953132 0.040595
vt 0.956603 0.032216
vt 0.956603 0.023148
vt 0.953133 0.014769
vt 0.946720 0.008357
vt 0.938342 0.004887
vt 0.929273 0.004887
vt 0.920896 0.008357
vt 0.447368 0.191054
vt 0.457980 0.194467
vt 0.456958 0.198155
vt 0.446207 0.194770
vt 0.468860 0.197295
vt 0.468004 0.201012
vt 0.479890 0.199512
vt 0.479220 0.203271
vt 0.491019 0.201138
vt 0.490543 0.204931
vt 0.502212 0.202186
vt 0.501936 0.206004
vt 0.513436 0.202658
vt 0.513370 0.206492
vt 0.524635 0.202549
vt 0.524800 0.206383
vt 0.535679 0.201876
vt 0.536013 0.205652
vt 0.546562 0.200879
vt 0.547003 0.204652
vt 0.557322 0.199583
vt 0.557847 0.203357
vt 0.568004 0.197975
vt 0.568609 0.201744
vt 0.578645 0.196043
vt 0.579317 0.199804
vt 0.589265 0.193780
vt 0.589983 0.197550
vt 0.599836 0.191234
vt 0.600570 0.195088
vt 0.610050 0.188885
vt 0.610807 0.192605
vt 0.437285 0.187531
vt 0.436208 0.191058
vt 0.664526 0.840148
vt 0.671533 0.830856
vt 0.673815 0.833566
vt 0.667323 0.841996
vt 0.681370 0.824873
vt 0.682840 0.828085
vt 0.692712 0.822547
vt 0.692924 0.826112
vt 0.704033 0.824959
vt 0.702828 0.828345
vt 0.713718 0.830973
vt 0.711744 0.833897
vt 0.720999 0.840062
vt 0.718207 0.842279
vt 0.722558 0.849615
vt 0.720750 0.849300
vt 0.525465 0.215439
vt 0.537329 0.217293
vt 0.529231 0.217923
vt 0.536877 0.213816
vt 0.547989 0.212859
vt 0.548404 0.216316
vt 0.558977 0.211577
vt 0.559436 0.215036
vt 0.569893 0.209958
vt 0.570415 0.213415
vt 0.580743 0.208008
vt 0.581325 0.211463
vt 0.591522 0.205755
vt 0.592150 0.209209
vt 0.602282 0.203292
vt 0.602887 0.206701
vt 0.613383 0.200700
vt 0.613423 0.201425
vt 0.660101 0.849129
vt 0.660725 0.849458
vt 0.550407 0.233334
vt 0.539204 0.234245
vt 0.561720 0.232044
vt 0.573032 0.230398
vt 0.584277 0.228413
vt 0.595394 0.226112
vt 0.606302 0.223518
vt 0.610740 0.204964
vt 0.614234 0.221346
vt 0.550747 0.236996
vt 0.539367 0.237876
vt 0.562172 0.235704
vt 0.573588 0.234049
vt 0.584935 0.232052
vt 0.596164 0.229730
vt 0.607241 0.227097
vt 0.617890 0.223065
vt 0.618246 0.223959
vt 0.449255 0.228084
vt 0.460327 0.230753
vt 0.458881 0.237291
vt 0.447592 0.234585
vt 0.471477 0.233006
vt 0.470268 0.239589
vt 0.482700 0.234849
vt 0.481731 0.241471
vt 0.493982 0.236281
vt 0.493255 0.242934
vt 0.505306 0.237301
vt 0.504824 0.243975
vt 0.516656 0.237909
vt 0.516421 0.244594
vt 0.527989 0.238128
vt 0.528024 0.244794
vt 0.539685 0.244509
vt 0.551343 0.243656
vt 0.562997 0.242363
vt 0.574621 0.240691
vt 0.586174 0.238664
vt 0.597623 0.236290
vt 0.608936 0.233543
vt 0.620051 0.230337
vt 0.438184 0.225046
vt 0.436440 0.231504
vt 0.458394 0.239482
vt 0.447023 0.236769
vt 0.469860 0.241794
vt 0.481404 0.243690
vt 0.493010 0.245163
vt 0.504660 0.246212
vt 0.516340 0.246834
vt 0.528036 0.247028
vt 0.539782 0.246735
vt 0.551529 0.245889
vt 0.563264 0.244595
vt 0.574960 0.242916
vt 0.586588 0.240878
vt 0.598114 0.238485
vt 0.609508 0.235709
vt 0.620550 0.232495
vt 0.435965 0.233690
vt 0.457791 0.242141
vt 0.446308 0.239396
vt 0.469356 0.244473
vt 0.480997 0.246385
vt 0.492701 0.247871
vt 0.504451 0.248929
vt 0.516233 0.249556
vt 0.528037 0.249747
vt 0.539888 0.249447
vt 0.551743 0.248604
vt 0.563575 0.247306
vt 0.575363 0.245619
vt 0.587081 0.243566
vt 0.598704 0.241152
vt 0.610218 0.238349
vt 0.621721 0.234997
vt 0.434838 0.236175
vt 0.455715 0.251650
vt 0.443903 0.248829
vt 0.467624 0.254051
vt 0.479615 0.256018
vt 0.491672 0.257548
vt 0.503778 0.258637
vt 0.515921 0.259281
vt 0.528100 0.259468
vt 0.540328 0.259150
vt 0.552554 0.258294
vt 0.564734 0.256973
vt 0.576858 0.255247
vt 0.588912 0.253140
vt 0.600883 0.250641
vt 0.612744 0.247699
vt 0.624388 0.244350
vt 0.432199 0.245620
vt 0.892809 0.508686
vt 0.901687 0.499809
vt 0.907686 0.508707
vt 0.901756 0.514611
vt 0.913287 0.495006
vt 0.915424 0.505522
vt 0.925841 0.495006
vt 0.923791 0.505539
vt 0.937440 0.499812
vt 0.931516 0.508759
vt 0.946318 0.508689
vt 0.937420 0.514688
vt 0.951122 0.520289
vt 0.940605 0.522426
vt 0.951121 0.532844
vt 0.940587 0.530794
vt 0.946315 0.544443
vt 0.937369 0.538518
vt 0.937437 0.553321
vt 0.931439 0.544422
vt 0.925838 0.558123
vt 0.923701 0.547607
vt 0.913282 0.558123
vt 0.915333 0.547590
vt 0.901684 0.553317
vt 0.907609 0.544370
vt 0.892807 0.544440
vt 0.901705 0.538441
vt 0.888003 0.532840
vt 0.898519 0.530703
vt 0.888004 0.520285
vt 0.898537 0.522335
vt 0.913057 0.516740
vt 0.909792 0.519977
vt 0.917312 0.514998
vt 0.921910 0.515017
vt 0.926150 0.516794
vt 0.929388 0.520059
vt 0.931129 0.524314
vt 0.931110 0.528912
vt 0.929333 0.533152
vt 0.926068 0.536390
vt 0.921813 0.538131
vt 0.917215 0.538112
vt 0.912975 0.536335
vt 0.909737 0.533071
vt 0.907995 0.528815
vt 0.908015 0.524217
vt 0.916592 0.522067
vt 0.915097 0.523546
vt 0.918540 0.521272
vt 0.920643 0.521284
vt 0.922581 0.522099
vt 0.924060 0.523595
vt 0.924854 0.525542
vt 0.924843 0.527645
vt 0.924028 0.529584
vt 0.922532 0.531063
vt 0.920585 0.531857
vt 0.918482 0.531845
vt 0.916544 0.531030
vt 0.915065 0.529535
vt 0.914270 0.527587
vt 0.914282 0.525484
vt 0.401484 0.257871
vt 0.403640 0.257871
vt 0.403640 0.263602
vt 0.401484 0.263602
vt 0.405795 0.257871
vt 0.405795 0.263602
vt 0.407951 0.257871
vt 0.407951 0.263602
vt 0.410106 0.257871
vt 0.410106 0.263602
vt 0.412262 0.257871
vt 0.412262 0.263602
vt 0.414417 0.257871
vt 0.414417 0.263602
vt 0.416573 0.257871
vt 0.416573 0.263602
vt 0.418728 0.257871
vt 0.418728 0.263602
vt 0.420884 0.257871
vt 0.420884 0.263602
vt 0.423039 0.257871
vt 0.423039 0.263602
vt 0.425195 0.257871
vt 0.425195 0.263602
vt 0.427350 0.257871
vt 0.427350 0.263602
vt 0.429506 0.257871
vt 0.429506 0.263602
vt 0.431662 0.257871
vt 0.431662 0.263602
vt 0.433817 0.257871
vt 0.433817 0.263602
vt 0.399329 0.257871
vt 0.399329 0.263602
vt 0.462063 0.179702
vt 0.451921 0.176440
vt 0.454765 0.169662
vt 0.464194 0.172609
vt 0.472232 0.182283
vt 0.473901 0.175022
vt 0.482485 0.184303
vt 0.483755 0.176946
vt 0.492823 0.185791
vt 0.493710 0.178372
vt 0.503223 0.186747
vt 0.503735 0.179290
vt 0.513657 0.187171
vt 0.513804 0.179698
vt 0.524089 0.187074
vt 0.523895 0.179608
vt 0.534488 0.186502
vt 0.533994 0.179063
vt 0.544846 0.185559
vt 0.544090 0.178147
vt 0.555157 0.184305
vt 0.554168 0.176921
vt 0.565430 0.182759
vt 0.564218 0.175407
vt 0.575688 0.180915
vt 0.574234 0.173609
vt 0.585974 0.178748
vt 0.584187 0.171515
vt 0.596381 0.176164
vt 0.593952 0.169049
vt 0.607062 0.172773
vt 0.603040 0.165828
vt 0.441796 0.172131
vt 0.446224 0.165828
vt 0.984126 0.064519
vt 0.990768 0.073895
vt 0.987583 0.077208
vt 0.981659 0.068714
vt 0.974407 0.058222
vt 0.973090 0.063067
vt 0.963057 0.056034
vt 0.963057 0.061090
vt 0.951715 0.058231
vt 0.953035 0.063076
vt 0.941999 0.064525
vt 0.944466 0.068720
vt 0.935356 0.073896
vt 0.938539 0.077210
vt 0.994290 0.084778
vt 0.993363 0.085036
vt 0.936431 0.082858
vt 0.932757 0.085036
vt 0.528054 0.237174
vt 0.530995 0.234482
vt 0.721223 0.865549
vt 0.719524 0.869880
vt 0.711823 0.869936
vt 0.711734 0.865563
vt 0.702387 0.870405
vt 0.702224 0.866046
vt 0.721221 0.854243
vt 0.711650 0.854504
vt 0.711798 0.850210
vt 0.702142 0.855024
vt 0.702136 0.850689
vt 0.663954 0.854262
vt 0.664380 0.849278
vt 0.673368 0.850051
vt 0.673577 0.854362
vt 0.682959 0.850531
vt 0.683095 0.854833
vt 0.665938 0.869809
vt 0.664169 0.865523
vt 0.673592 0.865336
vt 0.673525 0.869716
vt 0.683051 0.865836
vt 0.682701 0.870149
vt 0.692013 0.850866
vt 0.692691 0.855051
vt 0.683378 0.870162
vt 0.692603 0.865988
vt 0.691961 0.870345
vt 0.701000 0.870410
vt 0.944441 0.082819
vt 0.953637 0.082950
vt 0.981680 0.082816
vt 0.972485 0.082947
vt 0.989689 0.082857
vt 0.724150 0.867817
vt 0.722972 0.871012
vt 0.722742 0.849662
vt 0.724419 0.851948
vt 0.660736 0.852236
vt 0.661318 0.849501
vt 0.662526 0.871012
vt 0.661293 0.867842
vt 0.722895 0.849355
vt 0.525267 0.214742
vt 0.931830 0.084778
vt 0.105581 0.336536
vt 0.105517 0.335456
vt 0.111938 0.335032
vt 0.112195 0.336122
vt 0.099105 0.336434
vt 0.099106 0.335368
vt 0.092739 0.336251
vt 0.092790 0.335183
vt 0.086375 0.336095
vt 0.086564 0.335041
vt 0.079389 0.334944
vt 0.080151 0.334010
vt 0.118275 0.333577
vt 0.119047 0.334455
vt 0.092735 0.318776
vt 0.092527 0.317748
vt 0.099316 0.317717
vt 0.098980 0.318761
vt 0.086370 0.318890
vt 0.086169 0.317784
vt 0.080405 0.319705
vt 0.080779 0.318446
vt 0.106384 0.317755
vt 0.105171 0.318758
vt 0.111943 0.317717
vt 0.111321 0.318769
vt 0.118655 0.318508
vt 0.117383 0.319306
vt 0.699333 0.834110
vt 0.694963 0.828657
vt 0.688406 0.829933
vt 0.962226 0.061435
vt 0.956209 0.066279
vt 0.968010 0.063030
vt 0.954918 0.082927
vt 0.958522 0.073438
vt 0.697274 0.840862
vt 0.690374 0.842170
vt 0.686057 0.836654
vt 0.963588 0.082981
vt 0.965446 0.074728
vt 0.971839 0.082953
vt 0.969433 0.070239
vt 0.459995 0.187138
vt 0.449454 0.183699
vt 0.470557 0.189869
vt 0.481211 0.191991
vt 0.491949 0.193546
vt 0.502746 0.194545
vt 0.513568 0.194989
vt 0.524370 0.194882
vt 0.535092 0.194267
vt 0.545724 0.193294
vt 0.556272 0.192013
vt 0.566765 0.190430
vt 0.577239 0.188531
vt 0.587753 0.186281
vt 0.598438 0.183618
vt 0.609597 0.180801
vt 0.438399 0.179604
vt 0.448182 0.188174
vt 0.458777 0.191645
vt 0.469540 0.194445
vt 0.480428 0.196626
vt 0.491408 0.198224
vt 0.502449 0.199251
vt 0.513516 0.199710
vt 0.524556 0.199600
vt 0.535473 0.198953
vt 0.546263 0.197962
vt 0.556945 0.196668
vt 0.567558 0.195068
vt 0.578140 0.193145
vt 0.588727 0.190879
vt 0.599349 0.188276
vt 0.610127 0.185808
vt 0.437497 0.184453
vt 0.448792 0.185929
vt 0.437776 0.182003
vt 0.459375 0.189393
vt 0.470041 0.192163
vt 0.480814 0.194315
vt 0.491673 0.195892
vt 0.502592 0.196904
vt 0.513536 0.197356
vt 0.524456 0.197247
vt 0.535276 0.196617
vt 0.545988 0.195635
vt 0.556604 0.194347
vt 0.567159 0.192755
vt 0.577689 0.190843
vt 0.588243 0.188582
vt 0.598906 0.185935
vt 0.610047 0.183274
vt 0.445117 0.197776
vt 0.444687 0.198980
vt 0.433892 0.194814
vt 0.434517 0.193695
vt 0.456052 0.201214
vt 0.455702 0.202441
vt 0.467253 0.204106
vt 0.466965 0.205347
vt 0.478626 0.206399
vt 0.478401 0.207653
vt 0.490111 0.208088
vt 0.489951 0.209353
vt 0.501670 0.209182
vt 0.501577 0.210454
vt 0.513283 0.209685
vt 0.513262 0.210962
vt 0.524940 0.209580
vt 0.525018 0.210859
vt 0.536295 0.208781
vt 0.536428 0.210032
vt 0.547351 0.207788
vt 0.547508 0.209043
vt 0.558255 0.206499
vt 0.558435 0.207755
vt 0.569077 0.204884
vt 0.569280 0.206139
vt 0.579839 0.202940
vt 0.580064 0.204194
vt 0.590548 0.200691
vt 0.590789 0.201944
vt 0.601232 0.198261
vt 0.601503 0.199504
vt 0.612159 0.195601
vt 0.612603 0.196824
vt 0.454621 0.206160
vt 0.443388 0.202627
vt 0.466080 0.209115
vt 0.477710 0.211462
vt 0.489456 0.213193
vt 0.501283 0.214316
vt 0.513183 0.214837
vt 0.432440 0.198414
vn 0.229965 0.945638 0.229966
vn 0.300463 0.945639 0.124450
vn 0.000000 1.000000 0.000000
vn 0.124453 0.945640 0.300460
vn -0.000000 0.945639 0.325218
vn -0.124453 0.945640 0.300460
vn -0.229965 0.945638 0.229966
vn -0.300465 0.945638 0.124454
vn -0.325219 0.945639 -0.000000
vn -0.300464 0.945638 -0.124459
vn -0.229972 0.945636 -0.229968
vn -0.124462 0.945639 -0.300460
vn -0.000000 0.945638 -0.325221
vn 0.124462 0.945639 -0.300459
vn 0.229972 0.945636 -0.229968
vn 0.300462 0.945639 -0.124456
vn 0.325221 0.945638 -0.000000
vn 0.772011 -0.549322 0.319757
vn 0.590863 -0.549326 0.590865
vn 0.563282 0.604502 0.563286
vn 0.735969 0.604506 0.304830
vn 0.319759 -0.549333 0.772002
vn 0.304840 0.604492 0.735977
vn 0.000000 -0.549334 0.835603
vn 0.000002 0.604492 0.796611
vn -0.319763 -0.549323 0.772008
vn -0.304836 0.604496 0.735975
vn -0.590873 -0.549306 0.590875
vn -0.563276 0.604512 0.563282
vn -0.772021 -0.549303 0.319767
vn -0.735952 0.604527 0.304829
vn -0.835617 -0.549313 0.000000
vn -0.796579 0.604534 -0.000000
vn -0.772019 -0.549295 -0.319783
vn -0.735945 0.604532 -0.304840
vn -0.590888 -0.549282 -0.590881
vn -0.563272 0.604529 -0.563267
vn -0.319793 -0.549286 -0.772022
vn -0.304852 0.604508 -0.735959
vn 0.000000 -0.549298 -0.835626
vn 0.000000 0.604506 -0.796601
vn 0.319788 -0.549292 -0.772019
vn 0.304852 0.604507 -0.735960
vn 0.590881 -0.549296 -0.590875
vn 0.563272 0.604530 -0.563266
vn 0.772014 -0.549307 -0.319775
vn 0.735951 0.604526 -0.304834
vn 0.835613 -0.549318 0.000000
vn 0.796601 0.604505 0.000002
vn 0.877344 -0.301778 0.373091
vn 0.668611 -0.325429 0.668622
vn 0.127931 -0.983497 0.127933
vn 0.242901 -0.964077 0.107490
vn 0.361837 -0.325417 0.873601
vn 0.099157 -0.965861 0.239332
vn -0.000001 -0.325406 0.945574
vn 0.000003 -0.862390 0.506244
vn -0.361834 -0.325405 0.873606
vn -0.101564 -0.964142 0.245185
vn -0.668608 -0.325405 0.668637
vn -0.127934 -0.983496 0.127937
vn -0.879377 -0.286839 0.380027
vn -0.218619 -0.970150 0.104955
vn -0.779559 -0.626328 0.000850
vn -0.196939 -0.947588 0.251580
vn -0.903803 -0.123231 -0.409822
vn -0.979535 -0.090968 -0.179547
vn -0.879382 -0.286818 -0.380030
vn -0.668624 -0.325376 -0.668635
vn -0.700655 -0.134647 -0.700680
vn -0.361841 -0.325397 -0.873606
vn -0.379167 -0.134653 -0.915478
vn 0.000000 -0.325417 -0.945571
vn 0.000000 -0.134665 -0.990891
vn 0.361843 -0.325405 -0.873603
vn 0.379171 -0.134657 -0.915477
vn 0.668627 -0.325397 -0.668622
vn 0.700660 -0.134658 -0.700673
vn 0.877217 -0.302670 -0.372668
vn 0.903816 -0.138069 -0.405036
vn 0.998561 -0.053632 -0.000001
vn 0.802659 -0.596438 -0.000246
vn -0.703809 0.096310 -0.703831
vn -0.907076 0.089252 -0.411398
vn -0.380872 0.096318 -0.919597
vn 0.000000 0.096329 -0.995350
vn 0.380878 0.096316 -0.919595
vn 0.703817 0.096300 -0.703824
vn 0.907087 0.089238 -0.411377
vn 0.967129 -0.180673 -0.178936
vn 0.983126 0.063408 -0.171590
vn -0.696813 0.169981 -0.696820
vn -0.909312 0.148161 -0.388845
vn -0.377098 0.170000 -0.910438
vn 0.000000 0.170011 -0.985442
vn 0.377106 0.169997 -0.910435
vn 0.696824 0.169966 -0.696813
vn 0.909320 0.148139 -0.388835
vn 0.806838 0.590509 0.017635
vn 0.985663 0.168712 -0.001920
vn 0.870476 0.312761 0.380068
vn 0.648140 0.385526 0.656723
vn 0.705419 -0.069109 0.705413
vn 0.921674 -0.069107 0.381760
vn 0.347116 0.405448 0.845649
vn 0.381771 -0.069121 0.921669
vn -0.000000 0.411927 0.911217
vn -0.000000 -0.069130 0.997608
vn -0.347108 0.405448 0.845652
vn -0.381762 -0.069113 0.921673
vn -0.648127 0.385531 0.656733
vn -0.705405 -0.069094 0.705428
vn -0.870469 0.312769 0.380078
vn -0.921670 -0.069089 0.381773
vn -0.985660 0.168730 -0.001920
vn -0.997611 -0.069089 -0.000000
vn -0.921675 -0.069090 -0.381761
vn -0.705408 -0.069099 -0.705426
vn -0.381755 -0.069116 -0.921676
vn -0.000000 -0.069124 -0.997608
vn 0.381765 -0.069126 -0.921671
vn 0.705422 -0.069113 -0.705410
vn 0.921679 -0.069102 -0.381749
vn 0.997609 -0.069105 0.000000
vn 0.665728 0.337069 0.665726
vn 0.869821 0.337064 0.360277
vn 0.360291 0.337048 0.869821
vn -0.000000 0.337041 0.941490
vn -0.360278 0.337059 0.869822
vn -0.665723 0.337087 0.665721
vn -0.869803 0.337094 0.360293
vn -0.941460 0.337126 0.000000
vn -0.869792 0.337141 -0.360276
vn -0.665716 0.337149 -0.665697
vn -0.360274 0.337113 -0.869803
vn 0.000000 0.337112 -0.941464
vn 0.360287 0.337101 -0.869802
vn 0.665718 0.337138 -0.665700
vn 0.869806 0.337123 -0.360258
vn 0.941485 0.337054 -0.000000
vn 0.698920 0.151706 0.698925
vn 0.913194 0.151706 0.378236
vn 0.378254 0.151714 0.913185
vn -0.000000 0.151714 0.988424
vn -0.378244 0.151712 0.913190
vn -0.698912 0.151702 0.698934
vn -0.913183 0.151707 0.378261
vn -0.988425 0.151713 0.000000
vn -0.913187 0.151719 -0.378246
vn -0.698901 0.151724 -0.698940
vn -0.378233 0.151737 -0.913190
vn -0.000000 0.151729 -0.988422
vn 0.378243 0.151739 -0.913185
vn 0.698908 0.151731 -0.698931
vn 0.913198 0.151719 -0.378221
vn 0.988426 0.151706 -0.000000
vn 0.623758 -0.471007 0.623762
vn 0.814987 -0.471008 0.337562
vn 0.337579 -0.471009 0.814979
vn 0.000001 -0.470997 0.882135
vn -0.337569 -0.471005 0.814986
vn -0.623755 -0.470997 0.623772
vn -0.814980 -0.471005 0.337583
vn -0.882132 -0.471003 0.000001
vn -0.814988 -0.471000 -0.337569
vn -0.623750 -0.470993 -0.623780
vn -0.337557 -0.471012 -0.814987
vn 0.000001 -0.470998 -0.882134
vn 0.337566 -0.471016 -0.814980
vn 0.623752 -0.471003 -0.623770
vn 0.814995 -0.471004 -0.337548
vn 0.882130 -0.471006 0.000001
vn 0.297748 -0.907023 0.297751
vn 0.389033 -0.907022 0.161135
vn 0.161144 -0.907021 0.389032
vn -0.000000 -0.907021 0.421086
vn -0.161141 -0.907019 0.389037
vn -0.297752 -0.907020 0.297756
vn -0.389034 -0.907020 0.161143
vn -0.421087 -0.907020 -0.000001
vn -0.389040 -0.907019 -0.161138
vn -0.297745 -0.907021 -0.297761
vn -0.161133 -0.907019 -0.389042
vn -0.000000 -0.907022 -0.421083
vn 0.161135 -0.907021 -0.389035
vn 0.297740 -0.907024 -0.297756
vn 0.389038 -0.907021 -0.161131
vn 0.421088 -0.907020 -0.000001
vn 0.212307 -0.953860 0.212311
vn 0.277399 -0.953860 0.114895
vn 0.114900 -0.953861 0.277393
vn -0.000001 -0.953861 0.300250
vn -0.114899 -0.953860 0.277396
vn -0.212309 -0.953860 0.212311
vn -0.277400 -0.953859 0.114898
vn -0.300254 -0.953859 -0.000001
vn -0.277401 -0.953860 -0.114893
vn -0.212303 -0.953860 -0.212316
vn -0.114891 -0.953859 -0.277406
vn -0.000001 -0.953860 -0.300253
vn 0.114894 -0.953859 -0.277404
vn 0.212303 -0.953860 -0.212318
vn 0.277401 -0.953860 -0.114891
vn 0.300251 -0.953860 -0.000000
vn 0.412554 -0.812154 0.412560
vn 0.539021 -0.812162 0.223269
vn 0.223270 -0.812165 0.539017
vn 0.000000 -0.812147 0.583453
vn -0.223263 -0.812158 0.539030
vn -0.412567 -0.812153 0.412548
vn -0.539032 -0.812155 0.223268
vn -0.583447 -0.812151 -0.000001
vn -0.539031 -0.812159 -0.223256
vn -0.412559 -0.812156 -0.412551
vn -0.223268 -0.812142 -0.539051
vn 0.000000 -0.812139 -0.583463
vn 0.223276 -0.812146 -0.539042
vn 0.412547 -0.812155 -0.412563
vn 0.539023 -0.812165 -0.223254
vn 0.583456 -0.812145 0.000000
vn 0.707105 0.000000 0.707108
vn 0.923877 0.000000 0.382689
vn 0.382690 0.000000 0.923877
vn -0.000000 0.000000 1.000000
vn -0.382668 0.000000 0.923886
vn -0.707128 0.000000 0.707086
vn -0.923881 0.000000 0.382681
vn -1.000000 0.000000 0.000000
vn -0.923889 0.000000 -0.382660
vn -0.707120 0.000000 -0.707094
vn -0.382668 0.000000 -0.923886
vn -0.000000 0.000000 -1.000000
vn 0.382690 0.000000 -0.923877
vn 0.707098 0.000000 -0.707116
vn 0.923886 0.000000 -0.382667
vn 1.000000 0.000000 -0.000000
vn 0.613602 0.496978 0.613601
vn 0.801717 0.496974 0.332066
vn 0.332069 0.496977 0.801713
vn 0.000000 0.496977 0.867764
vn -0.332075 0.496976 0.801711
vn -0.613605 0.496972 0.613602
vn -0.801713 0.496970 0.332079
vn -0.867770 0.496966 0.000000
vn -0.801714 0.496959 -0.332094
vn -0.613616 0.496952 -0.613607
vn -0.332104 0.496953 -0.801714
vn -0.000000 0.496955 -0.867777
vn 0.332100 0.496954 -0.801714
vn 0.613614 0.496954 -0.613607
vn 0.801715 0.496964 -0.332085
vn 0.867768 0.496969 -0.000000
vn 0.236604 0.961212 0.141742
vn 0.128971 0.981318 0.142764
vn 0.094171 0.973103 0.210246
vn 0.002723 0.911505 0.411279
vn -0.100074 0.968963 0.226046
vn -0.128966 0.981319 0.142762
vn -0.236599 0.961213 0.141744
vn -0.264530 0.867414 0.421446
vn -0.806812 0.590546 0.017629
vn -0.983119 0.063405 -0.171629
vn -0.525833 0.178805 0.831582
vn -0.027132 0.968103 0.249078
vn -0.002478 0.197562 0.980287
vn -0.026883 0.983283 0.180087
vn -0.000802 0.191255 0.981540
vn -0.524735 -0.214488 0.823801
vn -0.000001 -0.209037 0.977908
vn 0.000000 -0.985923 0.167197
vn -0.000001 -0.214971 0.976621
vn -0.000008 -0.983478 0.181028
vn 0.524720 -0.214499 0.823808
vn 0.311771 -0.920084 0.237158
vn -0.000001 -0.985924 0.167192
vn -0.000001 -0.209057 0.977904
vn 0.000005 -0.983983 0.178260
vn 0.000004 -0.211040 0.977477
vn 0.264528 0.867424 0.421428
vn 0.525822 0.178804 0.831589
vn 0.002518 0.197635 0.980273
vn 0.027170 0.968076 0.249182
vn 0.001013 0.195239 0.980755
vn 0.023608 0.979975 0.197718
vn -0.000005 -0.967182 0.254087
vn 0.000003 -0.212049 0.977259
vn 0.023287 0.944633 0.327302
vn 0.000226 0.201182 0.979554
vn 0.002641 0.956333 0.292268
vn -0.024590 0.964783 0.261897
vn -0.970742 -0.240126 0.000001
vn -0.022125 -0.997453 0.067806
vn -0.315133 -0.078679 0.945781
vn 0.651685 -0.074371 0.754835
vn 0.040600 -0.998135 0.045592
vn -0.042317 -0.999063 0.009105
vn -0.976090 -0.060378 0.208815
vn -0.022575 -0.999433 -0.024997
vn -0.665921 -0.037058 -0.745101
vn 0.009607 -0.999527 -0.029204
vn 0.322278 -0.032000 -0.946104
vn 0.040521 -0.999145 -0.008226
vn 0.981303 -0.050986 -0.185591
vn -0.662330 0.088316 -0.743988
vn -0.049342 0.998580 -0.020061
vn -0.135763 0.987133 0.084480
vn -0.978182 0.038600 0.204132
vn 0.322315 0.106130 -0.940665
vn 0.017307 0.999784 -0.011469
vn 0.983985 0.052741 -0.170268
vn 0.194164 0.980472 -0.031210
vn -0.017088 0.945310 0.325724
vn -0.333069 0.003881 0.942895
vn 0.153145 0.976597 0.151010
vn 0.644047 0.028296 0.764463
vn 0.696541 0.172248 0.696536
vn 0.910076 0.172248 0.376950
vn 0.376950 0.172249 0.910077
vn 0.000000 0.172244 0.985054
vn -0.376957 0.172244 0.910074
vn -0.696541 0.172245 0.696536
vn -0.910071 0.172246 0.376965
vn -0.985055 0.172242 0.000000
vn -0.910068 0.172236 -0.376976
vn -0.696546 0.172227 -0.696536
vn -0.376992 0.172214 -0.910066
vn 0.000000 0.172208 -0.985061
vn 0.376987 0.172218 -0.910067
vn 0.696544 0.172235 -0.696536
vn 0.910071 0.172243 -0.376965
vn 0.985053 0.172250 0.000000
vn 0.478821 -0.855218 0.198325
vn 0.366474 -0.855216 0.366473
vn 0.198334 -0.855214 0.478824
vn 0.000000 -0.855214 0.518275
vn -0.198335 -0.855212 0.478828
vn -0.366478 -0.855211 0.366482
vn -0.478828 -0.855212 0.198333
vn -0.518279 -0.855212 0.000000
vn -0.478834 -0.855207 -0.198343
vn -0.366493 -0.855202 -0.366487
vn -0.198347 -0.855205 -0.478836
vn 0.000000 -0.855207 -0.518287
vn 0.198349 -0.855205 -0.478834
vn 0.366485 -0.855211 -0.366475
vn 0.478820 -0.855216 -0.198334
vn 0.518268 -0.855218 0.000000
vn 0.830116 -0.438960 0.343834
vn 0.898516 -0.438941 0.000000
vn 0.635330 -0.438969 0.635344
vn 0.343838 -0.438957 0.830116
vn 0.000000 -0.438956 0.898509
vn -0.343839 -0.438957 0.830115
vn -0.635339 -0.438957 0.635342
vn -0.830115 -0.438954 0.343844
vn -0.898515 -0.438942 -0.000000
vn -0.830115 -0.438942 -0.343859
vn -0.635346 -0.438951 -0.635340
vn -0.343857 -0.438958 -0.830107
vn 0.000000 -0.438960 -0.898506
vn 0.343855 -0.438955 -0.830110
vn 0.635346 -0.438951 -0.635341
vn 0.830114 -0.438951 -0.343851
vn 0.436081 0.881594 0.180627
vn 0.913889 0.146727 0.378522
vn 0.989178 0.146720 -0.000000
vn 0.472006 0.881595 0.000004
vn 0.333760 0.881591 0.333769
vn 0.699449 0.146722 0.699459
vn 0.180631 0.881587 0.436092
vn 0.378524 0.146715 0.913890
vn 0.000003 0.881592 0.472012
vn -0.000001 0.146712 0.989179
vn -0.180617 0.881599 0.436075
vn -0.378523 0.146723 0.913889
vn -0.333737 0.881607 0.333748
vn -0.699440 0.146736 0.699466
vn -0.436038 0.881617 0.180614
vn -0.913881 0.146748 0.378532
vn -0.471958 0.881621 -0.000000
vn -0.989173 0.146754 -0.000000
vn -0.436032 0.881622 -0.180607
vn -0.913874 0.146762 -0.378543
vn -0.333718 0.881626 -0.333718
vn -0.699438 0.146774 -0.699459
vn -0.180610 0.881621 -0.436032
vn -0.378530 0.146773 -0.913878
vn 0.000000 0.881614 -0.471972
vn 0.000000 0.146764 -0.989172
vn 0.180614 0.881618 -0.436036
vn 0.378530 0.146765 -0.913879
vn 0.333727 0.881622 -0.333721
vn 0.699446 0.146760 -0.699455
vn 0.436054 0.881611 -0.180606
vn 0.913883 0.146737 -0.378531
s 1
g polySurface18 pCylinder59
usemtl lambert6SG
f 231/1/1 230/2/2 232/3/3
f 233/4/4 231/1/1 232/3/3
f 234/5/5 233/4/4 232/3/3
f 235/6/6 234/5/5 232/3/3
f 236/7/7 235/6/6 232/3/3
f 237/8/8 236/7/7 232/3/3
f 238/9/9 237/8/8 232/3/3
f 239/10/10 238/9/9 232/3/3
f 240/11/11 239/10/10 232/3/3
f 241/12/12 240/11/11 232/3/3
f 242/13/13 241/12/12 232/3/3
f 243/14/14 242/13/13 232/3/3
f 244/15/15 243/14/14 232/3/3
f 245/16/16 244/15/15 232/3/3
f 246/17/17 245/16/16 232/3/3
f 230/2/2 246/17/17 232/3/3
f 17/18/18 18/19/19 34/20/20 33/21/21
f 18/19/19 19/22/22 35/23/23 34/20/20
f 19/22/22 20/24/24 36/25/25 35/23/23
f 20/24/24 21/26/26 37/27/27 36/25/25
f 21/26/26 22/28/28 38/29/29 37/27/27
f 22/28/28 23/30/30 39/31/31 38/29/29
f 23/30/30 24/32/32 40/33/33 39/31/31
f 24/32/32 25/34/34 41/35/35 40/33/33
f 25/34/34 26/36/36 42/37/37 41/35/35
f 26/36/36 27/38/38 43/39/39 42/37/37
f 27/38/38 28/40/40 44/41/41 43/39/39
f 28/40/40 29/42/42 45/43/43 44/41/41
f 29/42/42 30/44/44 46/45/45 45/43/43
f 30/44/44 31/46/46 47/47/47 46/45/45
f 31/46/46 32/48/48 48/49/49 47/47/47
f 32/50/48 17/18/18 33/21/21 48/51/49
f 49/52/50 50/53/51 66/54/52 65/55/53
f 50/53/51 51/56/54 67/57/55 66/54/52
f 51/56/54 52/58/56 68/59/57 67/57/55
f 52/58/56 53/60/58 69/61/59 68/59/57
f 53/60/58 54/62/60 70/63/61 69/61/59
f 54/62/60 55/64/62 71/65/63 70/63/61
f 71/65/63 261/66/64 260/67/65
f 261/68/64 72/69/66 262/70/67
f 57/71/68 58/72/69 73/73/70 72/69/66
f 58/72/69 59/74/71 74/75/72 73/73/70
f 59/74/71 60/76/73 75/77/74 74/75/72
f 60/76/73 61/78/75 76/79/76 75/77/74
f 61/78/75 62/80/77 77/81/78 76/79/76
f 62/80/77 63/82/79 78/83/80 77/81/78
f 63/82/79 64/84/81 268/85/82
f 64/86/81 49/52/50 268/87/82
f 72/69/66 73/73/70 80/88/83 79/89/84
f 73/73/70 74/75/72 81/90/85 80/88/83
f 74/75/72 75/77/74 82/91/86 81/90/85
f 75/77/74 76/79/76 83/92/87 82/91/86
f 76/79/76 77/81/78 84/93/88 83/92/87
f 77/81/78 78/83/80 85/94/89 84/93/88
f 78/83/80 267/95/90 274/96/91 85/94/89
f 79/89/84 80/88/83 95/97/92 94/98/93
f 80/88/83 81/90/85 96/99/94 95/97/92
f 81/90/85 82/91/86 97/100/95 96/99/94
f 82/91/86 83/92/87 98/101/96 97/100/95
f 83/92/87 84/93/88 99/102/97 98/101/96
f 84/93/88 85/94/89 100/103/98 99/102/97
f 85/94/89 273/104/99 101/105/100 100/103/98
f 86/106/101 87/107/102 103/108/103 102/109/104
f 87/107/102 88/110/105 104/111/106 103/108/103
f 88/110/105 89/112/107 105/113/108 104/111/106
f 89/112/107 90/114/109 106/115/110 105/113/108
f 90/114/109 91/116/111 107/117/112 106/115/110
f 91/116/111 92/118/113 108/119/114 107/117/112
f 92/118/113 93/120/115 109/121/116 108/119/114
f 93/120/115 94/98/93 110/122/117 109/121/116
f 94/98/93 95/97/92 111/123/118 110/122/117
f 95/97/92 96/99/94 112/124/119 111/123/118
f 96/99/94 97/100/95 113/125/120 112/124/119
f 97/100/95 98/101/96 114/126/121 113/125/120
f 98/101/96 99/102/97 115/127/122 114/126/121
f 99/102/97 100/103/98 116/128/123 115/127/122
f 100/103/98 101/105/100 117/129/124 116/128/123
f 101/130/100 86/106/101 102/109/104 117/131/124
f 102/109/104 103/108/103 119/132/125 118/133/126
f 103/108/103 104/111/106 120/134/127 119/132/125
f 104/111/106 105/113/108 121/135/128 120/134/127
f 105/113/108 106/115/110 122/136/129 121/135/128
f 106/115/110 107/117/112 123/137/130 122/136/129
f 107/117/112 108/119/114 124/138/131 123/137/130
f 108/119/114 109/121/116 125/139/132 124/138/131
f 109/121/116 110/122/117 126/140/133 125/139/132
f 110/122/117 111/123/118 127/141/134 126/140/133
f 111/123/118 112/124/119 128/142/135 127/141/134
f 112/124/119 113/125/120 129/143/136 128/142/135
f 113/125/120 114/126/121 130/144/137 129/143/136
f 114/126/121 115/127/122 131/145/138 130/144/137
f 115/127/122 116/128/123 132/146/139 131/145/138
f 116/128/123 117/129/124 133/147/140 132/146/139
f 117/131/124 102/109/104 118/133/126 133/148/140
f 118/133/126 119/132/125 135/149/141 134/150/142
f 119/132/125 120/134/127 136/151/143 135/149/141
f 120/134/127 121/135/128 137/152/144 136/151/143
f 121/135/128 122/136/129 138/153/145 137/152/144
f 122/136/129 123/137/130 139/154/146 138/153/145
f 123/137/130 124/138/131 140/155/147 139/154/146
f 124/138/131 125/139/132 141/156/148 140/155/147
f 125/139/132 126/140/133 142/157/149 141/156/148
f 126/140/133 127/141/134 143/158/150 142/157/149
f 127/141/134 128/142/135 144/159/151 143/158/150
f 128/142/135 129/143/136 145/160/152 144/159/151
f 129/143/136 130/144/137 146/161/153 145/160/152
f 130/144/137 131/145/138 147/162/154 146/161/153
f 131/145/138 132/146/139 148/163/155 147/162/154
f 132/146/139 133/147/140 149/164/156 148/163/155
f 133/148/140 118/133/126 134/150/142 149/165/156
f 134/150/142 135/149/141 151/166/157 150/167/158
f 135/149/141 136/151/143 152/168/159 151/166/157
f 136/151/143 137/152/144 153/169/160 152/168/159
f 137/152/144 138/153/145 154/170/161 153/169/160
f 138/153/145 139/154/146 155/171/162 154/170/161
f 139/154/146 140/155/147 156/172/163 155/171/162
f 140/155/147 141/156/148 157/173/164 156/172/163
f 141/156/148 142/157/149 158/174/165 157/173/164
f 142/157/149 143/158/150 159/175/166 158/174/165
f 143/158/150 144/159/151 160/176/167 159/175/166
f 144/159/151 145/160/152 161/177/168 160/176/167
f 145/160/152 146/161/153 162/178/169 161/177/168
f 146/161/153 147/162/154 163/179/170 162/178/169
f 147/162/154 148/163/155 164/180/171 163/179/170
f 148/163/155 149/164/156 165/181/172 164/180/171
f 149/165/156 134/150/142 150/167/158 165/182/172
f 150/183/158 151/184/157 167/185/173 166/186/174
f 151/184/157 152/187/159 168/188/175 167/185/173
f 152/187/159 153/189/160 169/190/176 168/188/175
f 153/189/160 154/191/161 170/192/177 169/190/176
f 154/191/161 155/193/162 171/194/178 170/192/177
f 155/193/162 156/195/163 172/196/179 171/194/178
f 156/195/163 157/197/164 173/198/180 172/196/179
f 157/197/164 158/199/165 174/200/181 173/198/180
f 158/199/165 159/201/166 175/202/182 174/200/181
f 159/201/166 160/203/167 176/204/183 175/202/182
f 160/203/167 161/205/168 177/206/184 176/204/183
f 161/205/168 162/207/169 178/208/185 177/206/184
f 162/207/169 163/209/170 179/210/186 178/208/185
f 163/209/170 164/211/171 180/212/187 179/210/186
f 164/211/171 165/213/172 181/214/188 180/212/187
f 165/213/172 150/183/158 166/186/174 181/214/188
f 166/186/174 167/185/173 183/215/189 182/216/190
f 167/185/173 168/188/175 184/217/191 183/215/189
f 168/188/175 169/190/176 185/218/192 184/217/191
f 169/190/176 170/192/177 186/219/193 185/218/192
f 170/192/177 171/194/178 187/220/194 186/219/193
f 171/194/178 172/196/179 188/221/195 187/220/194
f 172/196/179 173/198/180 189/222/196 188/221/195
f 173/198/180 174/200/181 190/223/197 189/222/196
f 174/200/181 175/202/182 191/224/198 190/223/197
f 175/202/182 176/204/183 192/225/199 191/224/198
f 176/204/183 177/206/184 193/226/200 192/225/199
f 177/206/184 178/208/185 194/227/201 193/226/200
f 178/208/185 179/210/186 195/228/202 194/227/201
f 179/210/186 180/212/187 196/229/203 195/228/202
f 180/212/187 181/214/188 197/230/204 196/229/203
f 181/214/188 166/186/174 182/216/190 197/230/204
f 182/216/190 183/215/189 199/231/205 198/232/206
f 183/215/189 184/217/191 200/233/207 199/231/205
f 184/217/191 185/218/192 201/234/208 200/233/207
f 185/218/192 186/219/193 202/235/209 201/234/208
f 186/219/193 187/220/194 203/236/210 202/235/209
f 187/220/194 188/221/195 204/237/211 203/236/210
f 188/221/195 189/222/196 205/238/212 204/237/211
f 189/222/196 190/223/197 206/239/213 205/238/212
f 190/223/197 191/224/198 207/240/214 206/239/213
f 191/224/198 192/225/199 208/241/215 207/240/214
f 192/225/199 193/226/200 209/242/216 208/241/215
f 193/226/200 194/227/201 210/243/217 209/242/216
f 194/227/201 195/228/202 211/244/218 210/243/217
f 195/228/202 196/229/203 212/245/219 211/244/218
f 196/229/203 197/230/204 213/246/220 212/245/219
f 197/230/204 182/216/190 198/232/206 213/246/220
f 198/247/206 199/248/205 215/249/221 214/250/222
f 199/248/205 200/251/207 216/252/223 215/249/221
f 200/251/207 201/253/208 217/254/224 216/252/223
f 201/253/208 202/255/209 218/256/225 217/254/224
f 202/255/209 203/257/210 219/258/226 218/256/225
f 203/257/210 204/259/211 220/260/227 219/258/226
f 204/259/211 205/261/212 221/262/228 220/260/227
f 205/261/212 206/263/213 222/264/229 221/262/228
f 206/263/213 207/265/214 223/266/230 222/264/229
f 207/265/214 208/267/215 224/268/231 223/266/230
f 208/267/215 209/269/216 225/270/232 224/268/231
f 209/269/216 210/271/217 226/272/233 225/270/232
f 210/271/217 211/273/218 227/274/234 226/272/233
f 211/273/218 212/275/219 228/276/235 227/274/234
f 212/275/219 213/277/220 229/278/236 228/276/235
f 213/279/220 198/247/206 214/250/222 229/280/236
f 2/281/237 1/282/238 230/283/2 231/284/1
f 3/285/239 2/281/237 231/284/1 233/286/4
f 4/287/240 3/285/239 233/286/4 234/288/5
f 5/289/241 4/287/240 234/288/5 235/290/6
f 6/291/242 5/289/241 235/290/6 236/292/7
f 7/293/243 6/291/242 236/292/7 237/294/8
f 8/295/244 7/293/243 237/294/8 238/296/9
f 9/297/245 8/295/244 238/296/9 239/298/10
f 10/299/246 9/297/245 239/298/10 240/300/11
f 11/301/247 10/299/246 240/300/11 241/302/12
f 12/303/248 11/301/247 241/302/12 242/304/13
f 13/305/249 12/303/248 242/304/13 243/306/14
f 14/307/250 13/305/249 243/306/14 244/308/15
f 15/309/251 14/307/250 244/308/15 245/310/16
f 16/311/252 15/309/251 245/310/16 246/312/17
f 1/282/238 16/313/252 246/314/17 230/283/2
f 87/315/102 86/316/101 247/317/253 248/318/254
f 88/319/105 87/315/102 248/318/254 249/320/255
f 89/321/107 88/319/105 249/320/255 250/322/256
f 90/323/109 89/321/107 250/322/256 251/324/257
f 91/325/111 90/323/109 251/324/257 252/326/258
f 92/327/113 91/325/111 252/326/258 253/328/259
f 101/329/100 273/330/99 247/317/253 86/316/101
f 254/331/260 257/332/261 253/328/259
f 257/333/261 256/334/262 79/89/84
f 256/334/262 262/70/67 72/69/66 79/89/84
f 255/335/263 254/336/260 259/337/264 258/338/265
f 258/338/265 259/337/264 291/339/266 290/340/267
f 260/67/65 263/341/268 264/342/269 265/343/270
f 265/343/270 264/342/269 287/344/271 288/345/272
f 266/346/273 269/347/274 271/348/275 270/349/276
f 270/349/276 271/348/275 279/350/277 278/351/278
f 272/352/279 275/353/280 276/354/281 277/355/282
f 277/355/282 276/354/281 282/356/283 281/357/284
f 278/351/278 279/350/277 284/358/285 283/359/286
f 280/360/287 282/356/283 285/361/288 286/362/289
f 283/359/286 284/358/285 288/345/272 287/344/271
f 286/362/289 285/361/288 290/340/267 289/363/290
f 270/349/276 276/354/281 275/353/280 266/346/273
f 278/351/278 282/356/283 276/354/281 270/349/276
f 283/359/286 285/361/288 282/356/283 278/351/278
f 287/344/271 290/340/267 285/361/288 283/359/286
f 264/342/269 258/338/265 290/340/267 287/344/271
f 264/342/269 263/341/268 255/335/263 258/338/265
f 70/63/61 71/65/63 260/67/65 265/343/270
f 69/61/59 70/63/61 265/343/270 288/345/272
f 66/54/52 67/57/55 279/350/277 271/348/275
f 65/55/53 66/54/52 271/348/275 269/347/274
f 259/364/264 254/331/260 253/328/259 252/326/258
f 291/365/266 259/364/264 252/326/258 251/324/257
f 277/366/282 281/367/284 249/320/255 248/318/254
f 272/368/279 277/366/282 248/318/254 247/317/253
f 254/336/260 255/335/263 256/369/262 257/370/261
f 260/67/65 261/371/64 262/372/67 263/341/268
f 266/346/273 267/373/90 268/374/82 269/347/274
f 272/352/279 273/375/99 274/376/91 275/353/280
f 280/360/287 281/357/284 282/356/283
f 289/363/290 290/340/267 291/339/266
f 263/341/268 262/372/67 256/369/262 255/335/263
f 55/64/62 56/377/291 261/66/64 71/65/63
f 56/378/291 57/71/68 72/69/66 261/68/64
f 257/333/261 79/89/84 94/98/93 93/120/115
f 253/328/259 257/332/261 93/379/115 92/327/113
f 274/376/91 267/373/90 266/346/273 275/353/280
f 85/94/89 274/96/91 273/104/99
f 247/317/253 273/330/99 272/368/279
f 292/380/292 293/381/293 301/382/294 300/383/295
f 293/381/293 292/380/292 294/384/296 295/385/297
f 295/385/297 294/384/296 297/386/298 296/387/299
f 296/387/299 297/386/298 299/388/300 298/389/301
f 298/389/301 299/388/300 303/390/302 302/391/303
f 300/383/295 301/382/294 302/392/303 303/393/302
f 304/394/304 305/395/305 308/396/306 309/397/307
f 305/395/305 304/394/304 306/398/308 307/399/309
f 307/399/309 306/398/308 312/400/310 313/401/311
f 309/397/307 308/396/306 310/402/312 311/403/313
f 311/403/313 310/402/312 314/404/314 315/405/315
f 313/406/311 312/407/310 315/405/315 314/404/314
f 68/59/57 69/61/59 294/408/296 292/409/292
f 67/57/55 68/59/57 292/409/292 300/410/295
f 251/324/257 250/322/256 310/411/312 308/412/306
f 250/322/256 249/320/255 314/413/314 310/411/312
f 249/320/255 281/367/284 314/413/314
f 295/385/297 296/387/299 304/394/304 309/397/307
f 293/381/293 295/385/297 309/397/307 311/403/313
f 301/382/294 293/381/293 311/403/313 315/405/315
f 302/392/303 301/382/294 315/405/315 312/407/310
f 296/387/299 298/389/301 306/398/308 304/394/304
f 298/389/301 302/391/303 312/400/310 306/398/308
f 289/414/290 308/412/306 305/415/305
f 69/61/59 288/345/272 297/416/298 294/408/296
f 288/345/272 284/358/285 299/417/300 297/416/298
f 284/358/285 279/350/277 303/418/302 299/417/300
f 279/350/277 67/57/55 300/410/295 303/418/302
f 286/419/289 289/414/290 305/415/305 307/420/309
f 280/421/287 286/419/289 307/420/309 313/422/311
f 268/87/82 49/52/50 65/55/53 269/347/274
f 63/82/79 268/85/82 267/95/90 78/83/80
f 289/414/290 291/365/266 251/324/257 308/412/306
f 314/413/314 281/367/284 280/421/287 313/422/311
f 1/282/238 2/281/237 319/423/316 316/424/317
f 2/281/237 3/285/239 322/425/318 319/423/316
f 3/285/239 4/287/240 325/426/319 322/425/318
f 4/287/240 5/289/241 328/427/320 325/426/319
f 5/289/241 6/291/242 331/428/321 328/427/320
f 6/291/242 7/293/243 334/429/322 331/428/321
f 7/293/243 8/295/244 337/430/323 334/429/322
f 8/295/244 9/297/245 340/431/324 337/430/323
f 9/297/245 10/299/246 343/432/325 340/431/324
f 10/299/246 11/301/247 346/433/326 343/432/325
f 11/301/247 12/303/248 349/434/327 346/433/326
f 12/303/248 13/305/249 352/435/328 349/434/327
f 13/305/249 14/307/250 355/436/329 352/435/328
f 14/307/250 15/309/251 358/437/330 355/436/329
f 15/309/251 16/311/252 361/438/331 358/437/330
f 16/313/252 1/282/238 316/424/317 361/439/331
f 318/440/332 321/441/333 18/19/19 17/18/18
f 321/441/333 324/442/334 19/22/22 18/19/19
f 324/442/334 327/443/335 20/24/24 19/22/22
f 327/443/335 330/444/336 21/26/26 20/24/24
f 330/444/336 333/445/337 22/28/28 21/26/26
f 333/445/337 336/446/338 23/30/30 22/28/28
f 336/446/338 339/447/339 24/32/32 23/30/30
f 339/447/339 342/448/340 25/34/34 24/32/32
f 342/448/340 345/449/341 26/36/36 25/34/34
f 345/449/341 348/450/342 27/38/38 26/36/36
f 348/450/342 351/451/343 28/40/40 27/38/38
f 351/451/343 354/452/344 29/42/42 28/40/40
f 354/452/344 357/453/345 30/44/44 29/42/42
f 357/453/345 360/454/346 31/46/46 30/44/44
f 360/454/346 363/455/347 32/48/48 31/46/46
f 363/456/347 318/440/332 17/18/18 32/50/48
f 316/424/317 317/457/348 362/458/349 361/439/331
f 317/457/348 318/440/332 363/456/347 362/458/349
f 318/440/332 317/457/348 320/459/350 321/441/333
f 317/457/348 316/424/317 319/423/316 320/459/350
f 321/441/333 320/459/350 323/460/351 324/442/334
f 320/459/350 319/423/316 322/425/318 323/460/351
f 324/442/334 323/460/351 326/461/352 327/443/335
f 323/460/351 322/425/318 325/426/319 326/461/352
f 327/443/335 326/461/352 329/462/353 330/444/336
f 326/461/352 325/426/319 328/427/320 329/462/353
f 330/444/336 329/462/353 332/463/354 333/445/337
f 329/462/353 328/427/320 331/428/321 332/463/354
f 333/445/337 332/463/354 335/464/355 336/446/338
f 332/463/354 331/428/321 334/429/322 335/464/355
f 336/446/338 335/464/355 338/465/356 339/447/339
f 335/464/355 334/429/322 337/430/323 338/465/356
f 339/447/339 338/465/356 341/466/357 342/448/340
f 338/465/356 337/430/323 340/431/324 341/466/357
f 342/448/340 341/466/357 344/467/358 345/449/341
f 341/466/357 340/431/324 343/432/325 344/467/358
f 345/449/341 344/467/358 347/468/359 348/450/342
f 344/467/358 343/432/325 346/433/326 347/468/359
f 348/450/342 347/468/359 350/469/360 351/451/343
f 347/468/359 346/433/326 349/434/327 350/469/360
f 351/451/343 350/469/360 353/470/361 354/452/344
f 350/469/360 349/434/327 352/435/328 353/470/361
f 354/452/344 353/470/361 356/471/362 357/453/345
f 353/470/361 352/435/328 355/436/329 356/471/362
f 357/453/345 356/471/362 359/472/363 360/454/346
f 356/471/362 355/436/329 358/437/330 359/472/363
f 360/454/346 359/472/363 362/473/349 363/455/347
f 359/472/363 358/437/330 361/438/331 362/473/349
f 364/474/364 365/475/365 395/476/366 394/477/367
f 365/475/365 364/474/364 366/478/368 367/479/369
f 367/479/369 366/478/368 368/480/370 369/481/371
f 369/481/371 368/480/370 370/482/372 371/483/373
f 371/483/373 370/482/372 372/484/374 373/485/375
f 373/485/375 372/484/374 374/486/376 375/487/377
f 375/487/377 374/486/376 376/488/378 377/489/379
f 377/489/379 376/488/378 378/490/380 379/491/381
f 379/491/381 378/490/380 380/492/382 381/493/383
f 381/493/383 380/492/382 382/494/384 383/495/385
f 383/495/385 382/494/384 384/496/386 385/497/387
f 385/497/387 384/496/386 386/498/388 387/499/389
f 387/499/389 386/498/388 388/500/390 389/501/391
f 389/501/391 388/500/390 390/502/392 391/503/393
f 391/503/393 390/502/392 392/504/394 393/505/395
f 393/505/395 392/504/394 394/506/367 395/507/366
f 33/21/21 34/20/20 366/478/368 364/474/364
f 34/20/20 35/23/23 368/480/370 366/478/368
f 35/23/23 36/25/25 370/482/372 368/480/370
f 36/25/25 37/27/27 372/484/374 370/482/372
f 37/27/27 38/29/29 374/486/376 372/484/374
f 38/29/29 39/31/31 376/488/378 374/486/376
f 39/31/31 40/33/33 378/490/380 376/488/378
f 40/33/33 41/35/35 380/492/382 378/490/380
f 41/35/35 42/37/37 382/494/384 380/492/382
f 42/37/37 43/39/39 384/496/386 382/494/384
f 43/39/39 44/41/41 386/498/388 384/496/386
f 44/41/41 45/43/43 388/500/390 386/498/388
f 45/43/43 46/45/45 390/502/392 388/500/390
f 46/45/45 47/47/47 392/504/394 390/502/392
f 47/47/47 48/49/49 394/506/367 392/504/394
f 48/51/49 33/21/21 364/474/364 394/477/367
f 365/475/365 367/479/369 50/508/51 49/509/50
f 367/479/369 369/481/371 51/510/54 50/508/51
f 369/481/371 371/483/373 52/511/56 51/510/54
f 371/483/373 373/485/375 53/512/58 52/511/56
f 373/485/375 375/487/377 54/513/60 53/512/58
f 375/487/377 377/489/379 55/514/62 54/513/60
f 377/489/379 379/491/381 56/378/291 55/514/62
f 379/491/381 381/493/383 57/71/68 56/378/291
f 381/493/383 383/495/385 58/72/69 57/71/68
f 383/495/385 385/497/387 59/74/71 58/72/69
f 385/497/387 387/499/389 60/76/73 59/74/71
f 387/499/389 389/501/391 61/78/75 60/76/73
f 389/501/391 391/503/393 62/80/77 61/78/75
f 391/503/393 393/505/395 63/82/79 62/80/77
f 393/505/395 395/507/366 64/84/81 63/82/79
f 395/476/366 365/475/365 49/509/50 64/515/81
g default
v 3.803791 0.717419 4.660924
v 3.829286 0.717419 4.660924
v 3.803791 0.757790 4.660924
v 3.829286 0.757790 4.660924
v 3.803791 0.757790 4.618537
v 3.829286 0.757790 4.618537
v 3.803791 0.717419 4.618537
v 3.829286 0.717419 4.618537
v 3.803791 0.730048 4.625686
v 3.803791 0.730048 4.653777
v 3.803791 0.745161 4.653777
v 3.803791 0.745161 4.625686
v 3.796126 0.730048 4.625686
v 3.796126 0.730048 4.653777
v 3.796126 0.745161 4.653777
v 3.796126 0.745161 4.625686
v 3.828273 0.693725 4.633775
v 3.823824 0.693725 4.629326
v 3.817747 0.693725 4.627697
v 3.811670 0.693725 4.629326
v 3.807221 0.693725 4.633775
v 3.805593 0.693725 4.639852
v 3.807221 0.693725 4.645929
v 3.811670 0.693725 4.650378
v 3.817747 0.693725 4.652007
v 3.823824 0.693725 4.650378
v 3.828273 0.693725 4.645929
v 3.829902 0.693725 4.639852
v 3.828273 0.723170 4.633775
v 3.823824 0.723170 4.629326
v 3.817747 0.723170 4.627697
v 3.811670 0.723170 4.629326
v 3.807221 0.723170 4.633775
v 3.805593 0.723170 4.639852
v 3.807221 0.723170 4.645929
v 3.811670 0.723170 4.650378
v 3.817747 0.723170 4.652007
v 3.823824 0.723170 4.650378
v 3.828273 0.723170 4.645929
v 3.829902 0.723170 4.639852
v 3.817747 0.693725 4.639852
v 3.841491 0.630599 4.682324
v 3.848972 0.630599 4.682324
v 3.841491 0.660635 4.682324
v 3.848972 0.660635 4.682324
v 3.841491 0.660635 4.595634
v 3.848972 0.660635 4.595634
v 3.841491 0.630599 4.595634
v 3.848972 0.630599 4.595634
v 3.841491 0.630599 4.687666
v 3.848972 0.630599 4.687666
v 3.848972 0.660635 4.687666
v 3.841491 0.660635 4.687666
v 3.841491 0.660635 4.590292
v 3.848972 0.660635 4.590292
v 3.848972 0.630599 4.590292
v 3.841491 0.630599 4.590292
v 3.841491 0.761786 4.682324
v 3.848972 0.761786 4.682324
v 3.841491 0.761786 4.687666
v 3.848972 0.761786 4.687666
v 3.841491 0.761786 4.595634
v 3.848972 0.761786 4.595634
v 3.848972 0.761786 4.590292
v 3.841491 0.761786 4.590292
v 3.841491 0.638896 4.595634
v 3.841491 0.638896 4.682324
v 3.841491 0.638896 4.687666
v 3.848972 0.638896 4.687666
v 3.848972 0.638896 4.682324
v 3.848972 0.638896 4.595634
v 3.848972 0.638896 4.590292
v 3.841491 0.638896 4.590292
v 3.803791 0.717419 4.504008
v 3.829286 0.717419 4.504008
v 3.803791 0.757790 4.504008
v 3.829286 0.757790 4.504008
v 3.803791 0.757790 4.461621
v 3.829286 0.757790 4.461621
v 3.803791 0.717419 4.461621
v 3.829286 0.717419 4.461621
v 3.803791 0.730048 4.468770
v 3.803791 0.730048 4.496860
v 3.803791 0.745161 4.496860
v 3.803791 0.745161 4.468770
v 3.796126 0.730048 4.468770
v 3.796126 0.730048 4.496860
v 3.796126 0.745161 4.496860
v 3.796126 0.745161 4.468770
v 3.828273 0.693725 4.476858
v 3.823824 0.693725 4.472409
v 3.817747 0.693725 4.470780
v 3.811670 0.693725 4.472409
v 3.807221 0.693725 4.476858
v 3.805593 0.693725 4.482935
v 3.807221 0.693725 4.489013
v 3.811670 0.693725 4.493462
v 3.817747 0.693725 4.495090
v 3.823824 0.693725 4.493462
v 3.828273 0.693725 4.489013
v 3.829902 0.693725 4.482935
v 3.828273 0.723170 4.476858
v 3.823824 0.723170 4.472409
v 3.817747 0.723170 4.470780
v 3.811670 0.723170 4.472409
v 3.807221 0.723170 4.476858
v 3.805593 0.723170 4.482935
v 3.807221 0.723170 4.489013
v 3.811670 0.723170 4.493462
v 3.817747 0.723170 4.495090
v 3.823824 0.723170 4.493462
v 3.828273 0.723170 4.489013
v 3.829902 0.723170 4.482935
v 3.817747 0.693725 4.482935
v 3.841491 0.630599 4.525408
v 3.848972 0.630599 4.525408
v 3.841491 0.660635 4.525408
v 3.848972 0.660635 4.525408
v 3.841491 0.660635 4.438717
v 3.848972 0.660635 4.438717
v 3.841491 0.630599 4.438717
v 3.848972 0.630599 4.438717
v 3.841491 0.630599 4.530750
v 3.848972 0.630599 4.530750
v 3.848972 0.660635 4.530750
v 3.841491 0.660635 4.530750
v 3.841491 0.660635 4.433376
v 3.848972 0.660635 4.433376
v 3.848972 0.630599 4.433376
v 3.841491 0.630599 4.433376
v 3.841491 0.761786 4.525408
v 3.848972 0.761786 4.525408
v 3.841491 0.761786 4.530750
v 3.848972 0.761786 4.530750
v 3.841491 0.761786 4.438717
v 3.848972 0.761786 4.438717
v 3.848972 0.761786 4.433376
v 3.841491 0.761786 4.433376
v 3.841491 0.638896 4.438717
v 3.841491 0.638896 4.525408
v 3.841491 0.638896 4.530750
v 3.848972 0.638896 4.530750
v 3.848972 0.638896 4.525408
v 3.848972 0.638896 4.438717
v 3.848972 0.638896 4.433376
v 3.841491 0.638896 4.433376
v 3.779176 -0.033002 4.336902
v 3.779176 0.504456 4.336902
v 4.210397 -0.033002 4.336902
v 4.210397 0.504456 4.336902
v 3.893298 -0.033002 4.336902
v 3.893298 0.504456 4.336902
v 4.210397 0.769254 4.336902
v 3.893298 0.769254 4.336902
v 3.779176 0.463906 4.336902
v 3.893298 0.463906 4.336902
v 4.210397 0.463906 4.336902
v 3.867999 -0.033002 4.336902
v 3.867999 0.463906 4.336902
v 3.867999 0.504456 4.336902
v 3.779176 1.026781 4.360245
v 3.779176 0.769254 4.360245
v 3.867999 0.769254 4.360245
v 3.893298 0.769254 4.360245
v 3.893298 0.504456 4.360245
v 3.867999 0.504456 4.360245
v 3.779176 0.504456 4.360245
v 3.738178 0.504456 4.360245
v 3.738178 0.463906 4.360245
v 3.779176 0.463906 4.360245
v 3.779176 -0.033002 4.360245
v 4.210397 -0.033002 4.360245
v 4.210397 0.463906 4.360246
v 4.210397 0.504456 4.360245
v 4.210397 0.769254 4.360245
v 4.210397 1.026781 4.360245
v 3.893298 1.026781 4.360245
v 3.867999 1.026781 4.360245
v 4.210397 1.026781 4.348572
v 4.210397 1.023363 4.340320
v 4.210397 1.015110 4.336902
v 3.893298 1.015110 4.336902
v 3.893298 1.023363 4.340320
v 3.893298 1.026781 4.348572
v 3.867999 1.015110 4.336902
v 3.867999 1.023363 4.340320
v 3.867999 1.026781 4.348572
v 3.779176 1.023363 4.340320
v 3.779176 1.026781 4.348572
v 3.779176 1.015110 4.336902
v 3.779176 0.773356 4.341003
v 3.779176 0.783259 4.336902
v 3.779176 0.769254 4.350906
v 3.867999 0.783259 4.336902
v 3.867999 0.773356 4.341003
v 3.867999 0.769254 4.350906
v 3.867999 0.754400 4.336902
v 3.882853 0.769254 4.336902
v 3.867999 0.769254 4.336902
v 3.893298 0.783355 4.336902
v 4.210397 0.783355 4.336902
v 3.779176 -0.033002 4.773836
v 3.779176 0.504456 4.773836
v 4.210397 -0.033002 4.773836
v 4.210397 0.504456 4.773836
v 3.893298 -0.033002 4.773836
v 3.893298 0.504456 4.773836
v 4.210397 0.769254 4.773836
v 3.893298 0.769254 4.773836
v 3.779176 0.463906 4.773836
v 3.893298 0.463906 4.773836
v 4.210397 0.463906 4.773836
v 3.867999 -0.033002 4.773836
v 3.867999 0.463906 4.773836
v 3.867999 0.504456 4.773836
v 3.779176 1.026781 4.750493
v 3.779176 0.769254 4.750493
v 3.867999 0.769254 4.750493
v 3.893298 0.769254 4.750493
v 3.893298 0.504456 4.750493
v 3.867999 0.504456 4.750493
v 3.779176 0.504456 4.750493
v 3.738178 0.504456 4.750493
v 3.738178 0.463906 4.750493
v 3.779176 0.463906 4.750493
v 3.779176 -0.033002 4.750493
v 4.210397 -0.033002 4.750493
v 4.210397 0.463906 4.750492
v 4.210397 0.504456 4.750493
v 4.210397 0.769254 4.750493
v 4.210397 1.026781 4.750493
v 3.893298 1.026781 4.750493
v 3.867999 1.026781 4.750493
v 4.210397 1.026781 4.762166
v 4.210397 1.023363 4.770418
v 4.210397 1.015110 4.773836
v 3.893298 1.015110 4.773836
v 3.893298 1.023363 4.770418
v 3.893298 1.026781 4.762166
v 3.867999 1.015110 4.773836
v 3.867999 1.023363 4.770418
v 3.867999 1.026781 4.762166
v 3.779176 1.023363 4.770418
v 3.779176 1.026781 4.762166
v 3.779176 1.015110 4.773836
v 3.779176 0.773356 4.769734
v 3.779176 0.783259 4.773836
v 3.779176 0.769254 4.759831
v 3.867999 0.783259 4.773836
v 3.867999 0.773356 4.769734
v 3.867999 0.769254 4.759831
v 3.867999 0.754400 4.773836
v 3.882853 0.769254 4.773836
v 3.867999 0.769254 4.773836
v 3.893298 0.783355 4.773836
v 4.210397 0.783355 4.773836
v 3.742964 0.504456 4.341687
v 3.738178 0.504456 4.353240
v 3.754517 0.504456 4.336902
v 3.738178 0.463906 4.353240
v 3.742964 0.463906 4.341687
v 3.754517 0.463906 4.336902
v 3.742964 0.504456 4.769051
v 3.754517 0.504456 4.773836
v 3.738178 0.504456 4.757497
v 3.738178 0.463906 4.757497
v 3.754517 0.463906 4.773836
v 3.742964 0.463906 4.769051
vt 0.917666 0.136916
vt 0.920485 0.139735
vt 0.916022 0.144197
vt 0.913204 0.141379
vt 0.926815 0.127768
vt 0.929633 0.130586
vt 0.925170 0.135049
vt 0.922352 0.132231
vt 0.929633 0.139512
vt 0.924948 0.144197
vt 0.727040 0.006085
vt 0.731432 0.006085
vt 0.731432 0.008448
vt 0.727040 0.008448
vt 0.917061 0.134730
vt 0.920166 0.131625
vt 0.913204 0.132454
vt 0.915390 0.133059
vt 0.917889 0.127768
vt 0.918495 0.129954
vt 0.727040 0.004887
vt 0.731432 0.004887
vt 0.732630 0.006085
vt 0.732630 0.008448
vt 0.731432 0.009646
vt 0.727040 0.009646
vt 0.725842 0.008448
vt 0.725842 0.006085
vt 0.297094 0.004887
vt 0.298077 0.004887
vt 0.298077 0.009490
vt 0.297094 0.009490
vt 0.299061 0.004887
vt 0.299061 0.009490
vt 0.300045 0.004887
vt 0.300045 0.009490
vt 0.301028 0.004887
vt 0.301028 0.009490
vt 0.302012 0.004887
vt 0.302012 0.009490
vt 0.302995 0.004887
vt 0.302995 0.009490
vt 0.303979 0.004887
vt 0.303979 0.009490
vt 0.304962 0.004887
vt 0.304962 0.009490
vt 0.305946 0.004887
vt 0.305946 0.009490
vt 0.294143 0.004887
vt 0.295127 0.004887
vt 0.295127 0.009490
vt 0.294143 0.009490
vt 0.296110 0.004887
vt 0.296110 0.009490
vt 0.316305 0.004887
vt 0.317288 0.004887
vt 0.316796 0.006722
vt 0.315453 0.005378
vt 0.314961 0.006230
vt 0.314961 0.007214
vt 0.315453 0.008066
vt 0.316305 0.008557
vt 0.317288 0.008557
vt 0.318140 0.008066
vt 0.318632 0.007214
vt 0.318632 0.006230
vt 0.318140 0.005378
vt 0.677121 0.101549
vt 0.677121 0.102719
vt 0.673723 0.102719
vt 0.673723 0.101549
vt 0.671462 0.111963
vt 0.671462 0.113133
vt 0.657910 0.113133
vt 0.657910 0.111963
vt 0.913516 0.163853
vt 0.913516 0.165023
vt 0.910118 0.165023
vt 0.910118 0.163853
vt 0.412620 0.030289
vt 0.412620 0.031459
vt 0.399068 0.031459
vt 0.399068 0.030289
vt 0.753435 0.068836
vt 0.753435 0.055284
vt 0.756834 0.055284
vt 0.756834 0.068836
vt 0.383034 0.048293
vt 0.396209 0.044383
vt 0.397285 0.047723
vt 0.383557 0.051720
vt 0.398233 0.031459
vt 0.398233 0.030289
vt 0.756834 0.069671
vt 0.753435 0.069671
vt 0.396976 0.044058
vt 0.397579 0.046937
vt 0.753435 0.054449
vt 0.756834 0.054449
vt 0.413455 0.030289
vt 0.413455 0.031459
vt 0.382194 0.048195
vt 0.383398 0.050930
vt 0.815066 0.106097
vt 0.815066 0.107267
vt 0.799253 0.107267
vt 0.799253 0.106097
vt 0.413320 0.050885
vt 0.413117 0.051720
vt 0.657910 0.102719
vt 0.657910 0.101549
vt 0.772647 0.068836
vt 0.772647 0.069671
vt 0.530188 0.165831
vt 0.530188 0.167000
vt 0.514375 0.167000
vt 0.514375 0.165831
vt 0.772647 0.054449
vt 0.772647 0.055284
vt 0.929329 0.163853
vt 0.929329 0.165023
vt 0.367554 0.049141
vt 0.367848 0.048342
vt 0.382733 0.046982
vt 0.395489 0.043277
vt 0.396619 0.043407
vt 0.395788 0.042717
vt 0.678418 0.101549
vt 0.678418 0.102719
vt 0.752138 0.068836
vt 0.752138 0.069671
vt 0.752138 0.055284
vt 0.752138 0.054449
vt 0.908821 0.165023
vt 0.908821 0.163853
vt 0.382070 0.047087
vt 0.395026 0.070101
vt 0.397844 0.072919
vt 0.393381 0.077382
vt 0.390563 0.074564
vt 0.404174 0.060953
vt 0.406992 0.063771
vt 0.402530 0.068234
vt 0.399711 0.065415
vt 0.406992 0.072696
vt 0.402307 0.077382
vt 0.406005 0.006085
vt 0.410397 0.006085
vt 0.410397 0.008448
vt 0.406005 0.008448
vt 0.394420 0.067915
vt 0.397525 0.064810
vt 0.390563 0.065638
vt 0.392749 0.066244
vt 0.395249 0.060953
vt 0.395854 0.063139
vt 0.406005 0.004887
vt 0.410397 0.004887
vt 0.411595 0.006085
vt 0.411595 0.008448
vt 0.410397 0.009646
vt 0.406005 0.009646
vt 0.404807 0.008448
vt 0.404807 0.006085
vt 0.082340 0.004887
vt 0.083324 0.004887
vt 0.083324 0.009490
vt 0.082340 0.009490
vt 0.084307 0.004887
vt 0.084307 0.009490
vt 0.085291 0.004887
vt 0.085291 0.009490
vt 0.086274 0.004887
vt 0.086274 0.009490
vt 0.087258 0.004887
vt 0.087258 0.009490
vt 0.088241 0.004887
vt 0.088241 0.009490
vt 0.089225 0.004887
vt 0.089225 0.009490
vt 0.090209 0.004887
vt 0.090209 0.009490
vt 0.091192 0.004887
vt 0.091192 0.009490
vt 0.079389 0.004887
vt 0.080373 0.004887
vt 0.080373 0.009490
vt 0.079389 0.009490
vt 0.081356 0.004887
vt 0.081356 0.009490
vt 0.100207 0.007214
vt 0.100207 0.006230
vt 0.102043 0.006722
vt 0.100699 0.008066
vt 0.101551 0.008557
vt 0.102534 0.008557
vt 0.103386 0.008066
vt 0.103878 0.007214
vt 0.103878 0.006230
vt 0.103386 0.005378
vt 0.102534 0.004887
vt 0.101551 0.004887
vt 0.100699 0.005378
vt 0.828325 0.095683
vt 0.828325 0.096853
vt 0.824927 0.096853
vt 0.824927 0.095683
vt 0.412881 0.086624
vt 0.412881 0.087794
vt 0.399329 0.087794
vt 0.399329 0.086624
vt 0.917899 0.153440
vt 0.917899 0.154609
vt 0.914501 0.154609
vt 0.914501 0.153440
vt 0.019270 0.072810
vt 0.019270 0.073980
vt 0.005718 0.073980
vt 0.005718 0.072810
vt 0.800933 0.061140
vt 0.800933 0.074693
vt 0.797535 0.074693
vt 0.797535 0.061140
vt 0.006180 0.062731
vt 0.006180 0.049178
vt 0.009578 0.049178
vt 0.009578 0.062731
vt 0.004883 0.073980
vt 0.004883 0.072810
vt 0.797535 0.060305
vt 0.800933 0.060305
vt 0.006180 0.048343
vt 0.009578 0.048343
vt 0.800933 0.075528
vt 0.797535 0.075528
vt 0.020105 0.072810
vt 0.020105 0.073980
vt 0.006180 0.063566
vt 0.009578 0.063566
vt 0.926825 0.059721
vt 0.926825 0.060891
vt 0.911012 0.060891
vt 0.911012 0.059721
vt 0.025391 0.048343
vt 0.025391 0.049178
vt 0.809114 0.096853
vt 0.809114 0.095683
vt 0.781722 0.061140
vt 0.781722 0.060305
vt 0.504987 0.165831
vt 0.504987 0.167000
vt 0.489175 0.167000
vt 0.489175 0.165831
vt 0.781722 0.075528
vt 0.781722 0.074693
vt 0.933712 0.153440
vt 0.933712 0.154609
vt 0.025391 0.062731
vt 0.025391 0.063566
vt 0.004883 0.062731
vt 0.004883 0.049178
vt 0.006180 0.048343
vt 0.004883 0.048343
vt 0.829622 0.095683
vt 0.829622 0.096853
vt 0.802230 0.061140
vt 0.802230 0.060305
vt 0.802230 0.074693
vt 0.802230 0.075528
vt 0.913204 0.154609
vt 0.913204 0.153440
vt 0.004883 0.063566
vt 0.612514 0.266441
vt 0.612514 0.260102
vt 0.613609 0.260102
vt 0.613609 0.266441
vt 0.099686 0.856240
vt 0.106025 0.856240
vt 0.106025 0.859890
vt 0.099686 0.859890
vt 0.705857 0.796540
vt 0.712192 0.796304
vt 0.712766 0.810179
vt 0.706435 0.810441
vt 0.913204 0.114572
vt 0.913204 0.100686
vt 0.916853 0.100686
vt 0.916853 0.114572
vt 0.703900 0.743187
vt 0.710207 0.742919
vt 0.712028 0.792356
vt 0.705667 0.792589
vt 0.058290 0.859890
vt 0.058290 0.856240
vt 0.663870 0.794247
vt 0.663024 0.744429
vt 0.004883 0.631824
vt 0.082565 0.631824
vt 0.082565 0.635473
vt 0.004883 0.635473
vt 0.789865 0.793230
vt 0.790426 0.807102
vt 0.787744 0.739795
vt 0.789707 0.789280
vt 0.183707 0.856240
vt 0.183707 0.859890
vt 0.712929 0.814030
vt 0.706597 0.814294
vt 0.069845 0.308968
vt 0.069845 0.295082
vt 0.071305 0.295082
vt 0.071305 0.308968
vt 0.666458 0.798109
vt 0.664177 0.798254
vt 0.663927 0.795887
vt 0.004883 0.274204
vt 0.046279 0.274204
vt 0.046279 0.278159
vt 0.004883 0.278159
vt 0.624923 0.744585
vt 0.625175 0.794179
vt 0.623770 0.794177
vt 0.623537 0.744588
vt 0.622365 0.794175
vt 0.622150 0.744590
vt 0.620529 0.794173
vt 0.620338 0.744593
vt 0.661638 0.794265
vt 0.660857 0.744470
vt 0.661612 0.798250
vt 0.625161 0.798119
vt 0.622356 0.798117
vt 0.620524 0.798118
vt 0.622299 0.811966
vt 0.620481 0.811974
vt 0.661226 0.812226
vt 0.625080 0.811954
vt 0.056086 0.859890
vt 0.018031 0.856240
vt 0.623758 0.798118
vt 0.623689 0.811960
vt 0.663291 0.798357
vt 0.662894 0.812293
vt 0.072981 0.295082
vt 0.072981 0.308968
vt 0.498768 0.863160
vt 0.498875 0.824076
vt 0.499410 0.825366
vt 0.499409 0.861611
vt 0.837231 0.318617
vt 0.839553 0.316428
vt 0.840194 0.317976
vt 0.839553 0.318617
vt 0.497220 0.863801
vt 0.497585 0.823542
vt 0.495760 0.863801
vt 0.495760 0.823542
vt 0.798157 0.314968
vt 0.839553 0.314968
vt 0.798157 0.318617
vt 0.018565 0.859355
vt 0.018031 0.858065
vt 0.019855 0.859890
vt 0.559373 0.798108
vt 0.559368 0.794162
vt 0.559554 0.744620
vt 0.018031 0.795233
vt 0.058290 0.795233
vt 0.099686 0.795233
vt 0.106025 0.795233
vt 0.183707 0.795233
vt 0.082565 0.696481
vt 0.004883 0.696481
vt 0.991009 0.293305
vt 0.991009 0.299714
vt 0.930001 0.299714
vt 0.930001 0.293305
vt 0.674616 0.260102
vt 0.674616 0.266441
vt 0.916853 0.094277
vt 0.977860 0.094277
vt 0.977860 0.100686
vt 0.977861 0.114572
vt 0.916853 0.118527
vt 0.977861 0.118527
vt 0.069845 0.312923
vt 0.069845 0.354319
vt 0.008838 0.354319
vt 0.008838 0.312923
vt 0.008838 0.308968
vt 0.008838 0.295082
vt 0.434753 0.863801
vt 0.434753 0.823542
vt 0.559416 0.811974
vt 0.675711 0.260102
vt 0.675711 0.266441
vt 0.099686 0.791583
vt 0.106025 0.791584
vt 0.474037 0.796543
vt 0.473458 0.810444
vt 0.467127 0.810182
vt 0.467702 0.796307
vt 0.981510 0.114572
vt 0.981510 0.100686
vt 0.475997 0.743192
vt 0.474227 0.792592
vt 0.467866 0.792359
vt 0.469690 0.742924
vt 0.058290 0.791583
vt 0.516871 0.744440
vt 0.516025 0.794249
vt 0.004883 0.700130
vt 0.082565 0.700130
vt 0.389467 0.807102
vt 0.390029 0.793229
vt 0.390188 0.789279
vt 0.392152 0.739795
vt 0.183707 0.791583
vt 0.473296 0.814297
vt 0.466964 0.814032
vt 0.007378 0.308968
vt 0.007378 0.295082
vt 0.513437 0.798110
vt 0.515968 0.795889
vt 0.515718 0.798255
vt 0.004883 0.312923
vt 0.004883 0.354319
vt 0.554969 0.744609
vt 0.556355 0.744612
vt 0.556127 0.794169
vt 0.554722 0.794172
vt 0.557742 0.744616
vt 0.557532 0.794166
vt 0.518257 0.794266
vt 0.519038 0.744481
vt 0.518283 0.798251
vt 0.554736 0.798112
vt 0.557541 0.798109
vt 0.557598 0.811965
vt 0.518668 0.812226
vt 0.554816 0.811950
vt 0.056086 0.791583
vt 0.556138 0.798110
vt 0.556207 0.811958
vt 0.517000 0.812293
vt 0.516605 0.798358
vt 0.005702 0.295082
vt 0.005702 0.308968
vt 0.431745 0.863160
vt 0.431103 0.861611
vt 0.431103 0.825366
vt 0.431638 0.824076
vt 0.810935 0.346613
vt 0.813257 0.346613
vt 0.813898 0.347255
vt 0.813257 0.348803
vt 0.432928 0.823542
vt 0.433293 0.863801
vt 0.813257 0.350263
vt 0.771861 0.350263
vt 0.771861 0.346613
vt 0.018031 0.793408
vt 0.018565 0.792118
vt 0.019855 0.791583
vt 0.610559 0.266441
vt 0.610559 0.260102
vt 0.608604 0.266441
vt 0.608604 0.260102
vt 0.679621 0.266441
vt 0.677666 0.266441
vt 0.677666 0.260102
vt 0.679621 0.260102
vt 0.913952 0.095025
vt 0.915758 0.094277
vt 0.994658 0.299714
vt 0.993910 0.294053
vt 0.994658 0.295859
vt 0.980762 0.095025
vt 0.981510 0.096831
vt 0.928906 0.293305
vt 0.927100 0.294053
vt 0.978956 0.094277
vt 0.913204 0.096831
vt 0.992104 0.293305
vt 0.926352 0.299714
vt 0.926352 0.295859
vn 0.000000 0.000000 1.000000
vn 0.000000 0.000000 1.000000
vn 0.000000 0.000000 1.000000
vn 0.000000 0.000000 1.000000
vn 0.000000 0.000000 -1.000000
vn 0.000000 0.000000 -1.000000
vn 0.000000 0.000000 -1.000000
vn 0.000000 0.000000 -1.000000
vn 0.000000 -1.000000 0.000000
vn 0.000000 -1.000000 0.000000
vn 0.000000 -1.000000 0.000000
vn 0.000000 -1.000000 0.000000
vn 1.000000 0.000000 0.000000
vn 1.000000 0.000000 0.000000
vn 1.000000 0.000000 0.000000
vn 1.000000 0.000000 0.000000
vn -1.000000 0.000000 0.000000
vn -1.000000 0.000000 0.000000
vn -1.000000 0.000000 0.000000
vn -1.000000 0.000000 0.000000
vn -1.000000 -0.000025 0.000000
vn -1.000000 -0.000025 0.000000
vn -1.000000 -0.000025 0.000000
vn -1.000000 -0.000025 0.000000
vn -1.000000 0.000000 0.000000
vn -1.000000 0.000000 0.000000
vn -1.000000 0.000000 0.000000
vn -1.000000 0.000000 0.000000
vn -1.000000 0.000008 0.000000
vn -1.000000 0.000008 0.000000
vn -1.000000 0.000008 0.000000
vn -1.000000 0.000008 0.000000
vn -1.000000 0.000000 0.000000
vn -1.000000 0.000000 0.000000
vn -1.000000 0.000000 0.000000
vn -1.000000 0.000000 0.000000
vn 0.000000 -1.000000 0.000000
vn 0.000000 -1.000000 0.000000
vn 0.000000 -1.000000 0.000000
vn 0.000000 -1.000000 0.000000
vn 0.000000 0.000000 1.000000
vn 0.000000 0.000000 1.000000
vn 0.000000 0.000000 1.000000
vn 0.000000 0.000000 1.000000
vn 0.000000 1.000000 0.000000
vn 0.000000 1.000000 0.000000
vn 0.000000 1.000000 0.000000
vn 0.000000 1.000000 0.000000
vn 0.000000 0.000000 -1.000000
vn 0.000000 0.000000 -1.000000
vn 0.000000 0.000000 -1.000000
vn 0.000000 0.000000 -1.000000
vn 0.866024 0.000000 -0.500003
vn 0.500031 0.000000 -0.866007
vn 0.500031 0.000000 -0.866007
vn 0.866024 0.000000 -0.500003
vn 0.000000 0.000000 -1.000000
vn 0.000000 0.000000 -1.000000
vn -0.500023 0.000000 -0.866012
vn -0.500023 0.000000 -0.866012
vn -0.866032 0.000000 -0.499989
vn -0.866032 0.000000 -0.499989
vn -1.000000 0.000000 0.000000
vn -1.000000 0.000000 0.000000
vn -0.866032 0.000000 0.499989
vn -0.866032 0.000000 0.499989
vn -0.500023 0.000000 0.866012
vn -0.500023 0.000000 0.866012
vn 0.000000 0.000000 1.000000
vn 0.000000 0.000000 1.000000
vn 0.500031 0.000000 0.866007
vn 0.500031 0.000000 0.866007
vn 0.866024 0.000000 0.500003
vn 0.866024 0.000000 0.500003
vn 1.000000 0.000000 0.000000
vn 1.000000 0.000000 0.000000
vn 0.000000 -1.000000 0.000006
vn 0.000000 -1.000000 0.000006
vn 0.000000 -1.000000 0.000000
vn 0.000000 -1.000000 0.000000
vn 0.000000 -1.000000 0.000000
vn 0.000000 -1.000000 0.000000
vn 0.000000 -1.000000 0.000000
vn 0.000000 -1.000000 0.000000
vn 0.000000 -1.000000 0.000000
vn 0.000000 -1.000000 0.000000
vn 0.000000 -1.000000 -0.000006
vn 0.000000 -1.000000 -0.000006
vn 0.000000 -1.000000 0.000000
vn 0.000000 0.000000 1.000000
vn 0.000000 0.000000 1.000000
vn 0.000000 0.000000 1.000000
vn 0.000000 0.000000 1.000000
vn 0.000000 1.000000 0.000000
vn 0.000000 1.000000 0.000000
vn 0.000000 1.000000 0.000000
vn 0.000000 1.000000 0.000000
vn 0.000000 0.000000 -1.000000
vn 0.000000 0.000000 -1.000000
vn 0.000000 0.000000 -1.000000
vn 0.000000 0.000000 -1.000000
vn 0.000000 -1.000000 0.000000
vn 0.000000 -1.000000 0.000000
vn 0.000000 -1.000000 0.000000
vn 0.000000 -1.000000 0.000000
vn 1.000000 0.000000 0.000000
vn 1.000000 0.000000 0.000000
vn 1.000000 0.000000 0.000000
vn 1.000000 0.000000 0.000000
vn -1.000000 0.000000 0.000000
vn -1.000000 0.000000 0.000000
vn -1.000000 0.000000 0.000000
vn -1.000000 0.000000 0.000000
vn 0.000000 -1.000000 0.000000
vn 0.000000 -1.000000 0.000000
vn 0.000000 -1.000000 0.000000
vn 0.000000 -1.000000 0.000000
vn 1.000000 0.000000 0.000000
vn 1.000000 0.000000 0.000000
vn 1.000000 0.000000 0.000000
vn 1.000000 0.000000 0.000000
vn -1.000000 0.000000 0.000000
vn -1.000000 0.000000 0.000000
vn -1.000000 0.000000 0.000000
vn -1.000000 0.000000 0.000000
vn 1.000000 0.000000 0.000000
vn 1.000000 0.000000 0.000000
vn 1.000000 0.000000 0.000000
vn 1.000000 0.000000 0.000000
vn 0.000000 -1.000000 0.000000
vn 0.000000 -1.000000 0.000000
vn 0.000000 -1.000000 0.000000
vn 0.000000 -1.000000 0.000000
vn -1.000000 0.000000 0.000000
vn -1.000000 0.000000 0.000000
vn -1.000000 0.000000 0.000000
vn -1.000000 0.000000 0.000000
vn 0.000000 0.000000 -1.000000
vn 0.000000 0.000000 -1.000000
vn 0.000000 0.000000 -1.000000
vn 0.000000 0.000000 -1.000000
vn -1.000000 0.000000 0.000000
vn -1.000000 0.000000 0.000000
vn -1.000000 0.000000 0.000000
vn -1.000000 0.000000 0.000000
vn 0.000000 0.000000 1.000000
vn 0.000000 0.000000 1.000000
vn 0.000000 0.000000 1.000000
vn 0.000000 0.000000 1.000000
vn 1.000000 0.000000 0.000000
vn 1.000000 0.000000 0.000000
vn 1.000000 0.000000 0.000000
vn 1.000000 0.000000 0.000000
vn 0.000000 0.000000 1.000000
vn 0.000000 0.000000 1.000000
vn 0.000000 0.000000 1.000000
vn 0.000000 0.000000 1.000000
vn 1.000000 0.000000 0.000000
vn 1.000000 0.000000 0.000000
vn 1.000000 0.000000 0.000000
vn 1.000000 0.000000 0.000000
vn 0.000000 0.000000 -1.000000
vn 0.000000 0.000000 -1.000000
vn 0.000000 0.000000 -1.000000
vn 0.000000 0.000000 -1.000000
vn -1.000000 0.000000 0.000000
vn -1.000000 0.000000 0.000000
vn -1.000000 0.000000 0.000000
vn -1.000000 0.000000 0.000000
vn -1.000000 0.000000 0.000000
vn -1.000000 0.000000 0.000000
vn -1.000000 0.000000 0.000000
vn -1.000000 0.000000 0.000000
vn 0.000000 0.000000 1.000000
vn 0.000000 0.000000 1.000000
vn 1.000000 0.000000 0.000000
vn 1.000000 0.000000 0.000000
vn 1.000000 0.000000 0.000000
vn 1.000000 0.000000 0.000000
vn 1.000000 0.000000 0.000000
vn 1.000000 0.000000 0.000000
vn 0.000000 0.000000 -1.000000
vn 0.000000 0.000000 -1.000000
vn -1.000000 0.000000 0.000000
vn -1.000000 0.000000 0.000000
vn 0.000000 0.000000 1.000000
vn 0.000000 0.000000 1.000000
vn 0.000000 0.000000 1.000000
vn 0.000000 0.000000 1.000000
vn 0.000000 0.000000 -1.000000
vn 0.000000 0.000000 -1.000000
vn 0.000000 0.000000 -1.000000
vn 0.000000 0.000000 -1.000000
vn 0.000000 -1.000000 0.000000
vn 0.000000 -1.000000 0.000000
vn 0.000000 -1.000000 0.000000
vn 0.000000 -1.000000 0.000000
vn 1.000000 0.000000 0.000000
vn 1.000000 0.000000 0.000000
vn 1.000000 0.000000 0.000000
vn 1.000000 0.000000 0.000000
vn -1.000000 0.000000 0.000000
vn -1.000000 0.000000 0.000000
vn -1.000000 0.000000 0.000000
vn -1.000000 0.000000 0.000000
vn -1.000000 -0.000025 0.000000
vn -1.000000 -0.000025 0.000000
vn -1.000000 -0.000025 0.000000
vn -1.000000 -0.000025 0.000000
vn -1.000000 0.000000 0.000000
vn -1.000000 0.000000 0.000000
vn -1.000000 0.000000 0.000000
vn -1.000000 0.000000 0.000000
vn -1.000000 0.000008 0.000000
vn -1.000000 0.000008 0.000000
vn -1.000000 0.000008 0.000000
vn -1.000000 0.000008 0.000000
vn -1.000000 0.000000 0.000000
vn -1.000000 0.000000 0.000000
vn -1.000000 0.000000 0.000000
vn -1.000000 0.000000 0.000000
vn 0.000000 -1.000000 0.000000
vn 0.000000 -1.000000 0.000000
vn 0.000000 -1.000000 0.000000
vn 0.000000 -1.000000 0.000000
vn 0.000000 0.000000 1.000000
vn 0.000000 0.000000 1.000000
vn 0.000000 0.000000 1.000000
vn 0.000000 0.000000 1.000000
vn 0.000000 1.000000 0.000000
vn 0.000000 1.000000 0.000000
vn 0.000000 1.000000 0.000000
vn 0.000000 1.000000 0.000000
vn 0.000000 0.000000 -1.000000
vn 0.000000 0.000000 -1.000000
vn 0.000000 0.000000 -1.000000
vn 0.000000 0.000000 -1.000000
vn 0.866034 0.000000 -0.499985
vn 0.500031 0.000000 -0.866008
vn 0.500031 0.000000 -0.866008
vn 0.866034 0.000000 -0.499985
vn 0.000000 0.000000 -1.000000
vn 0.000000 0.000000 -1.000000
vn -0.500023 0.000000 -0.866012
vn -0.500023 0.000000 -0.866012
vn -0.866042 0.000000 -0.499971
vn -0.866042 0.000000 -0.499971
vn -1.000000 0.000000 0.000000
vn -1.000000 0.000000 0.000000
vn -0.866032 0.000000 0.499989
vn -0.866032 0.000000 0.499989
vn -0.499992 0.000000 0.866030
vn -0.499992 0.000000 0.866030
vn 0.000000 0.000000 1.000000
vn 0.000000 0.000000 1.000000
vn 0.500000 0.000000 0.866026
vn 0.500000 0.000000 0.866026
vn 0.866024 0.000000 0.500003
vn 0.866024 0.000000 0.500003
vn 1.000000 0.000000 0.000000
vn 1.000000 0.000000 0.000000
vn 0.000000 -1.000000 0.000006
vn 0.000000 -1.000000 0.000006
vn 0.000000 -1.000000 0.000000
vn 0.000000 -1.000000 0.000000
vn 0.000000 -1.000000 0.000000
vn 0.000000 -1.000000 0.000000
vn 0.000000 -1.000000 0.000000
vn 0.000000 -1.000000 0.000000
vn 0.000000 -1.000000 0.000000
vn 0.000000 -1.000000 0.000000
vn 0.000000 -1.000000 -0.000006
vn 0.000000 -1.000000 -0.000006
vn 0.000000 -1.000000 0.000000
vn 0.000000 0.000000 1.000000
vn 0.000000 0.000000 1.000000
vn 0.000000 0.000000 1.000000
vn 0.000000 0.000000 1.000000
vn 0.000000 1.000000 0.000000
vn 0.000000 1.000000 0.000000
vn 0.000000 1.000000 0.000000
vn 0.000000 1.000000 0.000000
vn 0.000000 0.000000 -1.000000
vn 0.000000 0.000000 -1.000000
vn 0.000000 0.000000 -1.000000
vn 0.000000 0.000000 -1.000000
vn 0.000000 -1.000000 0.000000
vn 0.000000 -1.000000 0.000000
vn 0.000000 -1.000000 0.000000
vn 0.000000 -1.000000 0.000000
vn 1.000000 0.000000 0.000000
vn 1.000000 0.000000 0.000000
vn 1.000000 0.000000 0.000000
vn 1.000000 0.000000 0.000000
vn -1.000000 0.000000 0.000000
vn -1.000000 0.000000 0.000000
vn -1.000000 0.000000 0.000000
vn -1.000000 0.000000 0.000000
vn 0.000000 -1.000000 0.000000
vn 0.000000 -1.000000 0.000000
vn 0.000000 -1.000000 0.000000
vn 0.000000 -1.000000 0.000000
vn 1.000000 0.000000 0.000000
vn 1.000000 0.000000 0.000000
vn 1.000000 0.000000 0.000000
vn 1.000000 0.000000 0.000000
vn -1.000000 0.000000 0.000000
vn -1.000000 0.000000 0.000000
vn -1.000000 0.000000 0.000000
vn -1.000000 0.000000 0.000000
vn 1.000000 0.000000 0.000000
vn 1.000000 0.000000 0.000000
vn 1.000000 0.000000 0.000000
vn 1.000000 0.000000 0.000000
vn 0.000000 -1.000000 0.000000
vn 0.000000 -1.000000 0.000000
vn 0.000000 -1.000000 0.000000
vn 0.000000 -1.000000 0.000000
vn -1.000000 0.000000 0.000000
vn -1.000000 0.000000 0.000000
vn -1.000000 0.000000 0.000000
vn -1.000000 0.000000 0.000000
vn 0.000000 0.000000 -1.000000
vn 0.000000 0.000000 -1.000000
vn 0.000000 0.000000 -1.000000
vn 0.000000 0.000000 -1.000000
vn -1.000000 0.000000 0.000000
vn -1.000000 0.000000 0.000000
vn -1.000000 0.000000 0.000000
vn -1.000000 0.000000 0.000000
vn 0.000000 0.000000 1.000000
vn 0.000000 0.000000 1.000000
vn 0.000000 0.000000 1.000000
vn 0.000000 0.000000 1.000000
vn 1.000000 0.000000 0.000000
vn 1.000000 0.000000 0.000000
vn 1.000000 0.000000 0.000000
vn 1.000000 0.000000 0.000000
vn 0.000000 0.000000 1.000000
vn 0.000000 0.000000 1.000000
vn 0.000000 0.000000 1.000000
vn 0.000000 0.000000 1.000000
vn 1.000000 0.000000 0.000000
vn 1.000000 0.000000 0.000000
vn 1.000000 0.000000 0.000000
vn 1.000000 0.000000 0.000000
vn 0.000000 0.000000 -1.000000
vn 0.000000 0.000000 -1.000000
vn 0.000000 0.000000 -1.000000
vn 0.000000 0.000000 -1.000000
vn -1.000000 0.000000 0.000000
vn -1.000000 0.000000 0.000000
vn -1.000000 0.000000 0.000000
vn -1.000000 0.000000 0.000000
vn -1.000000 0.000000 0.000000
vn -1.000000 0.000000 0.000000
vn -1.000000 0.000000 0.000000
vn -1.000000 0.000000 0.000000
vn 0.000000 0.000000 1.000000
vn 0.000000 0.000000 1.000000
vn 1.000000 0.000000 0.000000
vn 1.000000 0.000000 0.000000
vn 1.000000 0.000000 0.000000
vn 1.000000 0.000000 0.000000
vn 1.000000 0.000000 0.000000
vn 1.000000 0.000000 0.000000
vn 0.000000 0.000000 -1.000000
vn 0.000000 0.000000 -1.000000
vn -1.000000 0.000000 0.000000
vn -1.000000 0.000000 0.000000
vn -0.968323 0.000000 -0.249703
vn -0.968323 0.000000 -0.249703
vn -1.000000 0.000000 0.000000
vn -1.000000 0.000000 0.000000
vn 1.000000 0.000007 0.000000
vn 1.000000 0.000000 0.000000
vn 1.000000 0.000000 0.000000
vn 1.000000 0.000000 0.000000
vn 0.000000 0.000000 -1.000000
vn 0.000000 0.000000 -1.000000
vn 0.000000 0.000000 -1.000000
vn 0.000000 0.000000 -1.000000
vn 0.000000 1.000000 0.000000
vn 0.000000 1.000000 0.000000
vn 0.000000 1.000000 0.000000
vn 0.000000 1.000000 0.000000
vn 0.000000 0.000000 -1.000000
vn 0.000000 0.000000 -1.000000
vn 0.000000 0.000000 -1.000000
vn 0.000000 0.000000 -1.000000
vn 1.000000 0.000000 0.000000
vn 1.000000 0.000000 0.000000
vn 1.000000 0.000000 0.000000
vn 1.000000 0.000000 0.000000
vn 0.000000 0.000000 -1.000000
vn -0.000000 0.000000 -1.000000
vn 0.000000 0.000000 -1.000000
vn 0.000000 0.000000 -1.000000
vn -1.000000 0.000000 0.000000
vn -1.000000 0.000000 0.000000
vn -1.000000 0.000000 0.000000
vn -1.000000 0.000000 0.000000
vn 0.000000 0.000000 -1.000000
vn 0.000000 0.000000 -1.000000
vn 0.000000 0.000000 -1.000000
vn 0.000000 0.000000 -1.000000
vn 1.000000 -0.000001 0.000000
vn 1.000000 0.000000 0.000000
vn 0.000000 0.000000 -1.000000
vn -0.131016 0.000000 -0.991380
vn -0.131016 0.000000 -0.991380
vn 0.000000 0.000000 -1.000000
vn 0.000000 -1.000000 0.000000
vn 0.000000 -1.000000 0.000000
vn 0.000000 -0.978024 -0.208491
vn 0.000000 -0.978024 -0.208491
vn 0.000000 0.000000 -1.000000
vn 0.000000 0.000000 -1.000000
vn 0.000000 0.000000 -1.000000
vn 0.000000 0.000000 -1.000000
vn -0.013868 0.000000 -0.999904
vn -0.007100 0.000000 -0.999975
vn 0.000000 0.000000 -1.000000
vn 0.000000 0.000000 1.000000
vn 0.000000 0.000000 1.000000
vn 0.000000 0.000000 1.000000
vn 0.000000 0.000000 1.000000
vn 0.000000 0.014240 -0.999899
vn 0.000000 0.014239 -0.999899
vn 0.000000 0.382650 -0.923893
vn 0.000000 0.382650 -0.923894
vn 0.000000 0.923877 -0.382688
vn 0.000000 0.923877 -0.382689
vn 0.000000 0.985603 -0.169079
vn 0.000000 0.985603 -0.169078
vn 0.000000 1.000000 0.000000
vn 0.000000 1.000000 0.000000
vn -0.000000 0.000000 -1.000000
vn 0.000000 0.000000 -1.000000
vn -0.000590 -0.013304 -0.999911
vn 0.000000 0.014235 -0.999899
vn 0.000000 0.985602 -0.169080
vn 0.000000 1.000000 0.000000
vn 0.000000 0.985602 -0.169081
vn 0.000000 1.000000 0.000000
vn 0.000000 -0.016964 -0.999856
vn 0.000000 0.014234 -0.999899
vn 1.000000 0.000000 0.000000
vn 1.000000 0.000000 0.000000
vn 0.000000 0.382653 -0.923892
vn 0.000000 0.923876 -0.382693
vn 0.000000 0.382653 -0.923892
vn 0.000000 0.923876 -0.382693
vn -0.033427 -0.339244 -0.940104
vn 0.000000 -0.382672 -0.923884
vn 0.000000 -0.923875 -0.382694
vn 0.000000 -0.923875 -0.382694
vn -1.000000 -0.000001 0.000000
vn -1.000000 -0.000001 0.000000
vn -1.000000 -0.000001 0.000000
vn -1.000000 -0.000001 0.000000
vn -1.000000 0.000014 0.000000
vn -1.000000 0.000014 0.000000
vn -1.000000 0.000014 0.000000
vn -1.000000 0.000014 0.000000
vn -1.000000 -0.000001 0.000000
vn -1.000000 -0.000001 0.000000
vn -1.000000 -0.000001 0.000000
vn -1.000000 -0.000001 0.000000
vn -1.000000 0.000001 0.000000
vn -1.000000 0.000000 0.000000
vn -1.000000 0.000000 0.000000
vn -1.000000 0.000001 0.000000
vn -0.000001 0.000000 -1.000000
vn -0.000015 0.000000 -1.000000
vn -1.000000 -0.000001 0.000000
vn -1.000000 -0.000001 0.000000
vn -1.000000 -0.000001 0.000000
vn -1.000000 -0.000001 0.000000
vn 0.000000 0.000000 -1.000000
vn 0.000000 0.000000 -1.000000
vn -1.000000 0.000000 0.000000
vn -1.000000 0.000000 0.000000
vn -1.000000 0.000000 0.000000
vn 1.000000 0.000000 0.000000
vn 1.000000 0.000000 0.000000
vn 1.000000 0.000000 0.000000
vn 1.000000 0.000000 0.000000
vn 1.000000 0.000000 0.000000
vn 1.000000 0.000000 0.000000
vn 1.000000 0.000000 0.000000
vn 0.000000 1.000000 0.000000
vn 0.000000 1.000000 0.000000
vn 0.000000 1.000000 0.000000
vn 1.000000 0.000000 0.000000
vn 1.000000 0.000000 0.000000
vn 1.000000 0.000000 0.000000
vn 1.000000 0.000007 0.000000
vn 1.000000 0.000000 0.000000
vn 1.000000 -0.000001 0.000000
vn -1.000000 0.000000 0.000000
vn -1.000000 0.000000 0.000000
vn 0.000000 -1.000000 -0.000000
vn 0.000000 -1.000000 -0.000000
vn 0.000000 -1.000000 0.000000
vn 0.000000 -1.000000 0.000000
vn -1.000000 0.000000 0.000000
vn -1.000000 0.000000 0.000000
vn 0.000000 1.000000 0.000000
vn 0.000000 1.000000 0.000000
vn 0.000000 1.000000 0.000000
vn 0.000000 1.000000 0.000000
vn 0.000000 1.000000 0.000000
vn 0.000000 1.000000 0.000000
vn 0.000000 1.000000 0.000000
vn 0.000000 1.000000 0.000000
vn -1.000000 0.000000 0.000000
vn -1.000000 0.000000 0.000000
vn -1.000000 0.000000 0.000000
vn -1.000000 0.000000 0.000000
vn 0.000000 -1.000000 0.000000
vn 0.000000 -1.000000 0.000000
vn 0.000000 -1.000000 0.000000
vn 0.000000 -1.000000 0.000000
vn -1.000000 -0.000000 0.000000
vn -1.000000 -0.000000 0.000000
vn 0.000000 1.000000 0.000000
vn -0.968323 0.000000 0.249703
vn -0.968323 0.000000 0.249703
vn 1.000000 -0.000007 0.000000
vn 1.000000 -0.000000 0.000000
vn 0.000000 0.000000 1.000000
vn 0.000000 0.000000 1.000000
vn 0.000000 0.000000 1.000000
vn 0.000000 0.000000 1.000000
vn 0.000000 1.000000 0.000000
vn 0.000000 1.000000 0.000000
vn 0.000000 -0.000006 1.000000
vn 0.000000 -0.000006 1.000000
vn 0.000000 -0.000000 1.000000
vn 0.000000 -0.000000 1.000000
vn 1.000000 0.000000 0.000000
vn 1.000000 0.000000 0.000000
vn 0.000000 0.000000 1.000000
vn 0.000000 0.000000 1.000000
vn 0.000000 0.000000 1.000000
vn 0.000000 0.000000 1.000000
vn -1.000000 0.000000 0.000000
vn -1.000000 0.000000 0.000000
vn 0.000000 0.000000 1.000000
vn 0.000000 0.000000 1.000000
vn 0.000000 0.000000 1.000000
vn 0.000000 0.000000 1.000000
vn 1.000000 0.000001 0.000000
vn 0.000000 0.000000 1.000000
vn 0.000000 0.000000 1.000000
vn -0.131016 0.000000 0.991380
vn -0.131016 0.000000 0.991380
vn 0.000000 -0.978023 0.208496
vn 0.000000 -0.978023 0.208496
vn 0.000000 0.000000 1.000000
vn 0.000000 0.000000 1.000000
vn 0.000000 0.000000 1.000000
vn 0.000000 0.000000 1.000000
vn 0.000000 0.000000 1.000000
vn -0.007102 0.000000 0.999975
vn -0.013871 0.000000 0.999904
vn 0.000000 0.000000 -1.000000
vn 0.000000 0.000000 -1.000000
vn 0.000000 0.000000 -1.000000
vn 0.000000 0.000000 -1.000000
vn 0.000000 0.014240 0.999899
vn 0.000000 0.382650 0.923894
vn 0.000000 0.382650 0.923893
vn 0.000000 0.014239 0.999899
vn 0.000000 0.923885 0.382670
vn 0.000000 0.985603 0.169079
vn 0.000000 0.985603 0.169079
vn 0.000000 0.923885 0.382670
vn 0.000000 0.000000 1.000000
vn 0.000000 0.000000 1.000000
vn -0.000591 -0.013306 0.999911
vn 0.000000 0.014235 0.999899
vn 0.000000 0.985602 0.169080
vn 0.000000 0.985602 0.169081
vn 0.000000 -0.016966 0.999856
vn 0.000000 0.014234 0.999899
vn 1.000000 0.000000 0.000000
vn 0.000000 0.382653 0.923892
vn 0.000000 0.923884 0.382673
vn 0.000000 0.382653 0.923892
vn 0.000000 0.923883 0.382675
vn 0.000000 -0.382709 0.923869
vn -0.033433 -0.339281 0.940091
vn 0.000000 -0.923875 0.382694
vn 0.000000 -0.923875 0.382694
vn -1.000000 -0.000001 0.000000
vn -1.000000 -0.000001 0.000000
vn -1.000000 -0.000001 0.000000
vn -1.000000 -0.000001 0.000000
vn -1.000000 0.000000 0.000000
vn -1.000000 0.000000 0.000000
vn -1.000000 0.000000 0.000000
vn -1.000000 0.000000 0.000000
vn -1.000000 0.000000 0.000000
vn -1.000000 0.000000 0.000000
vn -1.000000 0.000000 0.000000
vn -1.000000 0.000000 0.000000
vn -1.000000 -0.000001 0.000000
vn -1.000000 -0.000001 0.000000
vn 0.000000 0.000000 1.000000
vn 0.000000 0.000000 1.000000
vn -1.000000 -0.000002 0.000000
vn -1.000000 -0.000002 0.000000
vn -1.000000 -0.000002 0.000000
vn -1.000000 -0.000002 0.000000
vn 0.000000 0.000000 1.000000
vn 0.000000 0.000000 1.000000
vn -1.000000 0.000000 0.000000
vn -1.000000 0.000000 0.000000
vn -1.000000 0.000000 0.000000
vn 1.000000 0.000001 0.000000
vn 1.000000 0.000001 0.000000
vn 1.000000 0.000001 0.000000
vn 1.000000 0.000001 0.000000
vn 1.000000 0.000000 0.000000
vn 1.000000 0.000000 0.000000
vn 1.000000 0.000000 0.000000
vn -0.923879 0.000000 -0.382685
vn -0.923879 0.000000 -0.382685
vn -0.382696 0.000000 -0.923874
vn -0.382696 0.000000 -0.923874
vn -0.382696 0.000000 0.923874
vn -0.382696 0.000000 0.923874
vn -0.923879 0.000000 0.382685
vn -0.923879 0.000000 0.382685
vn 0.000000 1.000000 0.000000
vn 0.000000 1.000000 0.000000
vn 0.000000 -1.000000 0.000000
vn 0.000000 -1.000000 0.000000
vn 0.000000 -1.000000 0.000000
vn 0.000000 -1.000000 0.000000
vn 0.000000 1.000000 0.000000
vn 0.000000 1.000000 0.000000
vn 0.000000 -1.000000 0.000002
vn 0.000000 -1.000000 0.000002
vn 0.000000 1.000000 0.000002
vn 0.000000 1.000000 0.000002
vn 0.000000 1.000000 0.000000
vn 0.000000 1.000000 0.000000
vn 0.000000 -1.000000 -0.000002
vn 0.000000 -1.000000 -0.000002
vn 0.000000 -1.000000 0.000000
vn 0.000000 -1.000000 0.000000
vn 0.000000 -1.000000 0.000000
vn 0.000000 -1.000000 0.000000
s off
g pCylinder59 polySurface19
usemtl lambert6SG
f 396/516/396 397/517/397 399/518/398 398/519/399
f 400/520/400 401/521/401 403/522/402 402/523/403
f 402/523/404 403/522/405 397/517/406 396/516/407
f 397/517/408 403/522/409 401/524/410 399/525/411
f 408/526/412 409/527/413 410/528/414 411/529/415
f 402/523/416 396/516/417 405/530/418 404/531/419
f 396/516/420 398/532/421 406/533/422 405/530/423
f 398/532/424 400/534/425 407/535/426 406/533/427
f 400/534/428 402/523/429 404/531/430 407/535/431
f 404/536/432 405/537/433 409/527/434 408/526/435
f 405/538/436 406/539/437 410/528/438 409/527/439
f 406/540/440 407/541/441 411/529/442 410/528/443
f 407/542/444 404/543/445 408/526/446 411/529/447
s 1
f 412/544/448 413/545/449 425/546/450 424/547/451
f 413/545/449 414/548/452 426/549/453 425/546/450
f 414/548/452 415/550/454 427/551/455 426/549/453
f 415/550/454 416/552/456 428/553/457 427/551/455
f 416/552/456 417/554/458 429/555/459 428/553/457
f 417/554/458 418/556/460 430/557/461 429/555/459
f 418/556/460 419/558/462 431/559/463 430/557/461
f 419/558/462 420/560/464 432/561/465 431/559/463
f 420/560/464 421/562/466 433/563/467 432/561/465
f 421/564/466 422/565/468 434/566/469 433/567/467
f 422/565/468 423/568/470 435/569/471 434/566/469
f 423/568/470 412/544/448 424/547/451 435/569/471
s 2
f 413/570/472 412/571/473 436/572/474
f 414/573/475 413/570/472 436/572/474
f 415/574/476 414/573/475 436/572/474
f 416/575/477 415/574/476 436/572/474
f 417/576/478 416/575/477 436/572/474
f 418/577/479 417/576/478 436/572/474
f 419/578/480 418/577/479 436/572/474
f 420/579/481 419/578/480 436/572/474
f 421/580/482 420/579/481 436/572/474
f 422/581/483 421/580/482 436/572/474
f 423/582/484 422/581/483 436/572/474
f 412/571/473 423/582/484 436/572/474
s 3
f 463/583/485 464/584/486 447/585/487 448/586/488
s off
f 439/587/489 440/588/490 442/589/491 441/590/492
s 4
f 449/591/493 450/592/494 467/593/495 468/594/496
s off
f 443/595/497 444/596/498 438/597/499 437/598/500
s 5
f 465/599/501 466/600/502 442/601/503 440/602/504
s 6
f 461/603/505 462/604/506 439/605/507 441/606/508
s off
f 437/598/509 438/597/510 446/607/511 445/608/512
s 7
f 465/599/513 440/602/514 447/609/515 464/610/516
s 8
f 439/605/517 462/604/518 463/611/519 448/612/520
s 9
f 442/601/521 466/600/522 467/613/523 450/614/524
s off
f 444/596/525 443/595/526 452/615/527 451/616/528
s 10
f 468/617/529 461/603/530 441/606/531 449/618/532
s off
f 440/619/533 439/620/534 453/621/535 454/622/536
f 439/605/537 448/612/538 455/623/539 453/624/540
f 448/586/541 447/585/542 456/625/543 455/626/544
f 447/609/545 440/602/546 454/627/547 456/628/548
f 441/629/549 442/630/550 458/631/551 457/632/552
f 442/601/553 450/614/554 459/633/555 458/634/556
f 450/592/557 449/591/558 460/635/559 459/636/560
f 449/618/561 441/606/562 457/637/563 460/638/564
s 6
f 443/639/565 437/640/566 462/604/506 461/603/505
s 8
f 463/641/519 462/604/518 437/640/567 445/642/568
s 3
f 445/643/569 446/644/570 464/584/486 463/583/485
s 7
f 438/645/571 465/599/513 464/610/516 446/646/572
s 5
f 438/645/573 444/647/574 466/600/502 465/599/501
s 9
f 467/613/523 466/600/522 444/647/575 451/648/576
s 4
f 468/594/496 467/593/495 451/649/577 452/650/578
s 10
f 443/639/579 461/603/530 468/617/529 452/651/580
s off
f 469/652/581 470/653/582 472/654/583 471/655/584
f 473/656/585 474/657/586 476/658/587 475/659/588
f 475/659/589 476/658/590 470/653/591 469/652/592
f 470/653/593 476/658/594 474/660/595 472/661/596
f 481/662/597 482/663/598 483/664/599 484/665/600
f 475/659/601 469/652/602 478/666/603 477/667/604
f 469/652/605 471/668/606 479/669/607 478/666/608
f 471/668/609 473/670/610 480/671/611 479/669/612
f 473/670/613 475/659/614 477/667/615 480/671/616
f 477/672/617 478/673/618 482/663/619 481/662/620
f 478/674/621 479/675/622 483/664/623 482/663/624
f 479/676/625 480/677/626 484/665/627 483/664/628
f 480/678/629 477/679/630 481/662/631 484/665/632
s 11
f 485/680/633 486/681/634 498/682/635 497/683/636
f 486/681/634 487/684/637 499/685/638 498/682/635
f 487/684/637 488/686/639 500/687/640 499/685/638
f 488/686/639 489/688/641 501/689/642 500/687/640
f 489/688/641 490/690/643 502/691/644 501/689/642
f 490/690/643 491/692/645 503/693/646 502/691/644
f 491/692/645 492/694/647 504/695/648 503/693/646
f 492/694/647 493/696/649 505/697/650 504/695/648
f 493/696/649 494/698/651 506/699/652 505/697/650
f 494/700/651 495/701/653 507/702/654 506/703/652
f 495/701/653 496/704/655 508/705/656 507/702/654
f 496/704/655 485/680/633 497/683/636 508/705/656
s 12
f 486/706/657 485/707/658 509/708/659
f 487/709/660 486/706/657 509/708/659
f 488/710/661 487/709/660 509/708/659
f 489/711/662 488/710/661 509/708/659
f 490/712/663 489/711/662 509/708/659
f 491/713/664 490/712/663 509/708/659
f 492/714/665 491/713/664 509/708/659
f 493/715/666 492/714/665 509/708/659
f 494/716/667 493/715/666 509/708/659
f 495/717/668 494/716/667 509/708/659
f 496/718/669 495/717/668 509/708/659
f 485/707/658 496/718/669 509/708/659
s 13
f 536/719/670 537/720/671 520/721/672 521/722/673
s off
f 512/723/674 513/724/675 515/725/676 514/726/677
s 14
f 522/727/678 523/728/679 540/729/680 541/730/681
s off
f 516/731/682 517/732/683 511/733/684 510/734/685
s 15
f 538/735/686 539/736/687 515/737/688 513/738/689
s 16
f 534/739/690 535/740/691 512/741/692 514/742/693
s off
f 510/734/694 511/733/695 519/743/696 518/744/697
s 17
f 538/735/698 513/738/699 520/745/700 537/746/701
s 18
f 512/741/702 535/740/703 536/747/704 521/748/705
s 19
f 515/737/706 539/736/707 540/749/708 523/750/709
s off
f 517/732/710 516/731/711 525/751/712 524/752/713
s 20
f 541/753/714 534/739/715 514/742/716 522/754/717
s off
f 513/755/718 512/756/719 526/757/720 527/758/721
f 512/741/722 521/748/723 528/759/724 526/760/725
f 521/722/726 520/721/727 529/761/728 528/762/729
f 520/745/730 513/738/731 527/763/732 529/764/733
f 514/765/734 515/766/735 531/767/736 530/768/737
f 515/737/738 523/750/739 532/769/740 531/770/741
f 523/728/742 522/727/743 533/771/744 532/772/745
f 522/754/746 514/742/747 530/773/748 533/774/749
s 16
f 516/775/750 510/776/751 535/740/691 534/739/690
s 18
f 536/777/704 535/740/703 510/776/752 518/778/753
s 13
f 518/779/754 519/780/755 537/720/671 536/719/670
s 17
f 511/781/756 538/735/698 537/746/701 519/782/757
s 15
f 511/781/758 517/783/759 539/736/687 538/735/686
s 19
f 540/749/708 539/736/707 517/783/760 524/784/761
s 14
f 541/730/681 540/729/680 524/785/762 525/786/763
s 20
f 516/775/764 534/739/715 541/753/714 525/787/765
s 21
f 653/788/766 655/789/767 564/790/768 563/791/769
s 22
f 569/792/770 568/793/771 552/794/772 545/795/773
s 23
f 555/796/774 554/797/775 550/798/776 543/799/777
s 24
f 555/800/778 543/801/779 562/802/780 561/803/781
s 25
f 545/804/782 552/805/783 551/806/784 547/807/785
s 26
f 545/795/786 548/808/787 570/809/788 569/792/789
s 27
f 547/807/790 549/810/791 548/811/792 545/804/793
s 28
f 550/812/794 542/813/795 566/814/796 565/815/797
s 23
f 554/797/775 553/816/798 542/817/799 550/798/776
s 25
f 552/805/783 544/818/800 546/819/801 551/806/784
s 22
f 568/793/771 567/820/802 544/821/803 552/794/772
s 29
f 550/798/804 657/822/805 654/823/806 543/799/807
s 30
f 558/824/808 557/825/809 588/826/810 591/827/811
s 23
f 551/806/812 546/819/813 553/816/798 554/797/775
f 547/807/814 551/806/812 554/797/775 555/796/774
s 27
f 592/828/815 594/829/816 593/830/817 555/796/818
s off
f 558/831/819 561/832/820 560/833/821 559/834/822
s 27
f 576/835/823 577/836/824 578/837/825 575/838/826
s 33
f 575/838/827 578/837/828 579/839/829 574/840/830
f 579/839/829 572/841/831 571/842/832 574/840/830
s 27
f 595/843/833 577/836/824 576/835/823 596/844/834
f 589/845/835 580/846/836 577/836/824 595/843/833
s 33
f 579/839/829 582/847/837 573/848/838 572/841/831
f 582/847/837 584/849/839 556/850/840 573/848/838
s 27
f 587/851/841 585/852/842 580/846/836 589/845/835
s 26
f 548/808/787 596/853/843 571/854/844 570/809/788
s 27
f 577/836/824 580/846/836 581/855/845 578/837/825
s 33
f 578/837/828 581/855/846 582/847/837 579/839/829
s 27
f 580/846/836 585/852/842 583/856/847 581/855/845
s 33
f 581/855/846 583/856/848 584/849/839 582/847/837
s 27
f 587/851/841 589/845/835 590/857/849 586/858/850
s 30
f 586/859/851 590/860/852 591/827/811 588/826/810
s off
f 586/861/853 583/862/854 585/863/855 587/864/856
f 592/865/857 591/866/858 590/867/859 594/868/860
f 586/861/861 588/869/862 584/870/863 583/862/864
s 34
f 588/869/865 557/871/866 556/872/867 584/870/868
s 27
f 549/810/791 595/843/833 596/844/834 548/811/792
f 593/830/869 589/845/870 595/843/833 549/810/791
s off
f 592/865/871 561/873/872 558/874/873 591/866/874
s 27
f 593/830/817 594/829/816 590/857/849 589/845/835
f 593/830/869 549/810/791 547/807/875 555/796/876
s off
f 592/865/877 555/875/878 561/873/879
f 596/853/880 575/876/881 574/877/882 571/854/883
f 596/853/884 576/878/885 575/876/886
s 33
f 572/841/831 573/848/838 628/879/887 627/880/888
f 571/842/832 572/841/831 627/880/888 626/881/889
s 26
f 570/809/788 571/854/844 626/882/890 625/883/891
f 569/792/789 570/809/788 625/883/891 624/884/892
s 22
f 568/793/771 569/792/770 624/884/893 623/885/894
f 567/820/802 568/793/771 623/885/894 622/886/895
s 28
f 565/815/797 566/814/796 621/887/896 620/888/897
s 35
f 564/889/898 565/890/899 620/891/900 619/892/901
s 21
f 563/791/769 564/790/768 619/893/902 618/894/903
s 36
f 562/802/904 563/895/905 618/896/906 617/897/907
s 24
f 561/803/781 562/802/780 617/897/908 616/898/909
f 560/899/910 561/803/781 616/898/909 615/900/911
s off
f 559/901/912 560/902/913 615/903/914 614/904/915
s 30
f 558/824/808 559/901/916 614/904/917 613/905/918
f 557/825/809 558/824/808 613/905/918 612/906/919
s 34
f 556/872/867 557/871/866 612/907/920 611/908/921
s 33
f 573/848/838 556/850/840 611/909/922 628/879/887
s 21
f 661/910/923 660/911/924 618/894/903 619/893/902
s 22
f 624/884/893 600/912/925 607/913/926 623/885/894
s 37
f 610/914/927 598/915/928 605/916/929 609/917/930
s 24
f 610/918/931 616/898/909 617/897/908 598/919/932
s 38
f 600/920/933 602/921/934 606/922/935 607/923/936
s 26
f 600/912/937 624/884/892 625/883/891 603/924/938
s 39
f 602/921/939 600/920/940 603/925/941 604/926/942
s 28
f 605/927/943 620/888/897 621/887/896 597/928/944
s 37
f 609/917/930 605/916/929 597/929/945 608/930/946
s 38
f 607/923/936 606/922/935 601/931/947 599/932/948
s 22
f 623/885/894 607/913/926 599/933/949 622/886/895
s 40
f 605/916/950 598/915/951 659/934/952 662/935/953
s 30
f 613/905/918 646/936/954 643/937/955 612/906/919
s 37
f 606/922/956 609/917/930 608/930/946 601/931/957
f 602/921/958 610/914/927 609/917/930 606/922/956
s 39
f 647/938/959 610/914/960 648/939/961 649/940/962
s off
f 613/941/963 614/904/964 615/903/965 616/942/966
s 39
f 631/943/967 630/944/968 633/945/969 632/946/970
s 33
f 630/944/971 629/947/972 634/948/973 633/945/974
f 634/948/973 629/947/972 626/881/889 627/880/888
s 39
f 650/949/975 651/950/976 631/943/967 632/946/970
f 644/951/977 650/949/975 632/946/970 635/952/978
s 33
f 634/948/973 627/880/888 628/879/887 637/953/979
f 637/953/979 628/879/887 611/909/922 639/954/980
s 39
f 642/955/981 644/951/977 635/952/978 640/956/982
s 26
f 603/924/938 625/883/891 626/882/890 651/957/983
s 39
f 632/946/970 633/945/969 636/958/984 635/952/978
s 33
f 633/945/974 634/948/973 637/953/979 636/958/985
s 39
f 635/952/978 636/958/984 638/959/986 640/956/982
s 33
f 636/958/985 637/953/979 639/954/980 638/959/987
s 39
f 642/955/981 641/960/988 645/961/989 644/951/977
s 30
f 641/962/990 643/937/955 646/936/954 645/963/991
s off
f 641/964/992 642/965/993 640/966/994 638/967/995
f 647/968/996 649/969/997 645/970/998 646/971/999
f 641/964/1000 638/967/1001 639/972/1002 643/973/1003
s 34
f 643/973/1004 639/972/1005 611/908/921 612/907/920
s 39
f 604/926/942 603/925/941 651/950/976 650/949/975
f 648/939/1006 604/926/942 650/949/975 644/951/1007
s off
f 647/968/1008 646/971/1009 613/974/1010 616/975/1011
s 39
f 648/939/961 644/951/977 645/961/989 649/940/962
f 648/939/1006 610/914/1012 602/921/1013 604/926/942
s off
f 647/968/1014 616/975/1015 610/976/1016
f 651/957/1017 626/882/1018 629/977/1019 630/978/1020
f 651/957/1021 630/978/1022 631/979/1023
s 21
f 653/788/766 652/980/1024 656/981/1025 655/789/767
s 29
f 652/980/1026 654/982/806 657/983/805 656/981/1027
s 40
f 659/984/952 658/985/1028 663/986/1029 662/987/953
s 21
f 658/985/1030 660/911/924 661/910/923 663/986/1031
s 36
f 652/988/1032 653/989/1033 563/895/905 562/802/904
s off
f 550/990/1034 565/890/1035 656/991/1036 657/992/1037
s 24
f 658/993/1038 659/994/1039 598/919/932 617/897/908
s 35
f 661/995/1040 619/892/901 620/891/900 663/996/1041
s 36
f 658/993/1042 617/897/907 618/896/906 660/997/1043
s 24
f 652/988/1044 562/802/780 543/801/779 654/998/1045
s 35
f 656/991/1046 565/890/899 564/889/898 655/999/1047
s off
f 663/996/1048 620/891/1049 605/1000/1050 662/1001/1051
