# This file uses centimeters as units for non-parametric coordinates.

mtllib Barandal.mtl
g default
v -0.073020 0.461434 0.771387
v -0.073020 0.461434 0.782469
v -0.067415 0.461434 0.782469
v -0.067415 0.461434 0.771387
v -0.073020 0.486230 0.779419
v -0.073020 0.481124 0.790370
v -0.067415 0.481124 0.790370
v -0.067415 0.486230 0.779419
v -0.073020 0.497909 0.785123
v -0.073020 0.492373 0.795863
v -0.067415 0.492373 0.795863
v -0.067415 0.497909 0.785123
v -0.073020 0.510370 0.792113
v -0.073020 0.503993 0.802375
v -0.067415 0.503993 0.802375
v -0.067415 0.510370 0.792113
v -0.073020 0.521288 0.800004
v -0.073020 0.513356 0.809119
v -0.067415 0.513356 0.809119
v -0.067415 0.521288 0.800004
v -0.073020 0.530582 0.810712
v -0.073020 0.520422 0.817253
v -0.067415 0.520422 0.817253
v -0.067415 0.530582 0.810712
v -0.073020 0.537227 0.825415
v -0.073020 0.525563 0.828573
v -0.067415 0.525563 0.828573
v -0.067415 0.537227 0.825415
v -0.073020 0.538796 0.841203
v -0.073020 0.526734 0.840470
v -0.067415 0.526734 0.840470
v -0.067415 0.538796 0.841203
v -0.073020 0.535515 0.856724
v -0.073020 0.524218 0.852435
v -0.067415 0.524218 0.852435
v -0.067415 0.535515 0.856724
v -0.073020 0.526669 0.870795
v -0.073020 0.518104 0.862272
v -0.067415 0.518104 0.862272
v -0.067415 0.526669 0.870795
v -0.073020 0.512356 0.879285
v -0.073020 0.508865 0.867718
v -0.067415 0.508865 0.867718
v -0.067415 0.512356 0.879285
v -0.073020 0.495795 0.880536
v -0.073020 0.497506 0.868575
v -0.067415 0.497506 0.868575
v -0.067415 0.495795 0.880536
v -0.073020 0.479562 0.873897
v -0.073020 0.486821 0.864238
v -0.067415 0.486821 0.864238
v -0.067415 0.479562 0.873897
v -0.073020 0.469485 0.862603
v -0.073020 0.479769 0.856259
v -0.067415 0.479769 0.856259
v -0.067415 0.469485 0.862603
v -0.073020 0.463586 0.848601
v -0.073020 0.475310 0.845678
v -0.067415 0.475310 0.845678
v -0.067415 0.463586 0.848601
v -0.073020 0.462550 0.833887
v -0.073020 0.474533 0.835443
v -0.067415 0.474533 0.835443
v -0.067415 0.462550 0.833887
v -0.073020 0.469309 0.818532
v -0.073020 0.478530 0.826340
v -0.067415 0.478530 0.826340
v -0.067415 0.469309 0.818532
v -0.073020 0.482545 0.809634
v -0.073020 0.486178 0.821157
v -0.067415 0.486178 0.821157
v -0.067415 0.482545 0.809634
v -0.073020 0.498419 0.810056
v -0.073020 0.494024 0.821311
v -0.067415 0.494024 0.821311
v -0.067415 0.498419 0.810056
v -0.073020 0.510913 0.820340
v -0.073020 0.500811 0.826971
v -0.067415 0.500811 0.826971
v -0.067415 0.510913 0.820340
v -0.073020 0.515359 0.836660
v -0.073020 0.503295 0.835969
v -0.067415 0.503295 0.835969
v -0.067415 0.515359 0.836660
v -0.073020 0.504187 0.856025
v -0.073020 0.498892 0.845165
v -0.067415 0.498892 0.845165
v -0.067415 0.504187 0.856025
v -0.073020 0.482814 0.845126
v -0.073020 0.491376 0.840528
v -0.067415 0.491376 0.840528
v -0.067415 0.482814 0.845126
v -0.067415 0.493762 0.845502
v -0.073020 0.493762 0.845502
v -0.073020 0.490157 0.856105
v -0.067415 0.490157 0.856105
v -0.067415 0.511956 0.847438
v -0.067415 0.503277 0.841663
v -0.073020 0.503277 0.841663
v -0.073020 0.511956 0.847438
vt 0.603610 0.785256
vt 0.447032 0.065333
vt 0.658638 0.115402
vt 0.439388 0.065280
vt 0.660355 0.108966
vt 0.545780 0.064180
vt 0.540357 0.058172
vt 0.601693 0.793141
vt 0.658638 0.119185
vt 0.436003 0.067273
vt 0.549040 0.066099
vt 0.601593 0.797068
vt 0.658638 0.123197
vt 0.432419 0.069655
vt 0.552382 0.068319
vt 0.601484 0.801370
vt 0.658638 0.126646
vt 0.429333 0.072241
vt 0.555030 0.070530
vt 0.601382 0.805396
vt 0.658638 0.129813
vt 0.426826 0.075571
vt 0.556936 0.073059
vt 0.601276 0.809562
vt 0.658638 0.133395
vt 0.425247 0.079943
vt 0.558159 0.076426
vt 0.601159 0.814209
vt 0.658638 0.136796
vt 0.425247 0.084456
vt 0.558155 0.079826
vt 0.601044 0.818720
vt 0.658638 0.140283
vt 0.426717 0.088735
vt 0.557027 0.083126
vt 0.600930 0.823243
vt 0.658638 0.143648
vt 0.429837 0.092423
vt 0.554867 0.085706
vt 0.600807 0.828073
vt 0.658638 0.146874
vt 0.434453 0.094355
vt 0.551888 0.086944
vt 0.600681 0.833075
vt 0.658638 0.150362
vt 0.439535 0.094168
vt 0.548402 0.086815
vt 0.600552 0.838159
vt 0.658638 0.153860
vt 0.444279 0.091762
vt 0.545279 0.085241
vt 0.600417 0.843476
vt 0.658638 0.156992
vt 0.447006 0.088242
vt 0.543372 0.082756
vt 0.600304 0.847928
vt 0.658638 0.160294
vt 0.448379 0.084093
vt 0.542335 0.079620
vt 0.600194 0.852297
vt 0.658638 0.163213
vt 0.448249 0.079900
vt 0.542408 0.076703
vt 0.600087 0.856490
vt 0.658638 0.166075
vt 0.445726 0.075782
vt 0.543901 0.074260
vt 0.599965 0.861319
vt 0.658638 0.168843
vt 0.441425 0.073699
vt 0.546387 0.073045
vt 0.599844 0.866096
vt 0.658638 0.171247
vt 0.436603 0.074336
vt 0.548772 0.073345
vt 0.599721 0.870959
vt 0.658638 0.173876
vt 0.433109 0.077650
vt 0.550668 0.075166
vt 0.599599 0.875773
vt 0.658638 0.176544
vt 0.432248 0.082407
vt 0.551152 0.077790
vt 0.599476 0.880605
vt 0.437521 0.084273
vt 0.436238 0.087515
vt 0.660355 0.179834
vt 0.550817 0.083487
vt 0.439670 0.082718
vt 0.558130 0.058175
vt 0.660355 0.183000
vt 0.544637 0.079709
vt 0.547960 0.080173
vt 0.439094 0.084201
vt 0.600915 0.891588
vt 0.546541 0.083052
vt 0.599394 0.883840
vt 0.660355 0.178162
vt 0.436080 0.083427
vt 0.601111 0.883884
vt 0.433611 0.085342
vt 0.601193 0.880649
vt 0.658638 0.178162
vt 0.658638 0.179834
vt 0.550974 0.079398
vt 0.549533 0.080245
vt 0.553443 0.081313
vt 0.599308 0.887248
vt 0.599199 0.891544
vt 0.556413 0.058175
vt 0.599102 0.895390
vt 0.440513 0.087080
vt 0.601024 0.887291
vt 0.658638 0.181408
vt 0.558130 0.061105
vt 0.658638 0.183000
vt 0.660355 0.181408
vt 0.556413 0.061105
vt 0.547384 0.078689
vt 0.442417 0.083738
vt 0.600818 0.895434
vt 0.554806 0.078379
vt 0.660355 0.176544
vt 0.435902 0.081818
vt 0.553946 0.073621
vt 0.660355 0.173876
vt 0.601315 0.875816
vt 0.436386 0.079194
vt 0.550452 0.070307
vt 0.660355 0.171247
vt 0.601437 0.871002
vt 0.438282 0.077373
vt 0.545630 0.069670
vt 0.660355 0.168843
vt 0.601560 0.866140
vt 0.440667 0.077074
vt 0.541329 0.071753
vt 0.660355 0.166075
vt 0.601681 0.861362
vt 0.443154 0.078289
vt 0.538805 0.075872
vt 0.660355 0.163213
vt 0.601804 0.856534
vt 0.444647 0.080731
vt 0.538675 0.080064
vt 0.660355 0.160295
vt 0.601910 0.852341
vt 0.444720 0.083649
vt 0.540048 0.084213
vt 0.660355 0.156992
vt 0.602021 0.847971
vt 0.443682 0.086785
vt 0.542775 0.087734
vt 0.660355 0.153860
vt 0.602133 0.843520
vt 0.441776 0.089270
vt 0.547519 0.090140
vt 0.660355 0.150362
vt 0.602268 0.838203
vt 0.438652 0.090844
vt 0.552601 0.090327
vt 0.660355 0.146874
vt 0.602397 0.833119
vt 0.435166 0.090972
vt 0.557217 0.088394
vt 0.660355 0.143648
vt 0.602524 0.828116
vt 0.432187 0.089735
vt 0.560338 0.084707
vt 0.660355 0.140283
vt 0.602646 0.823286
vt 0.430027 0.087154
vt 0.561807 0.080427
vt 0.660355 0.136796
vt 0.602761 0.818763
vt 0.428899 0.083855
vt 0.561807 0.075914
vt 0.660355 0.133395
vt 0.602875 0.814252
vt 0.428896 0.080454
vt 0.560228 0.071542
vt 0.660355 0.129813
vt 0.602993 0.809605
vt 0.430119 0.077088
vt 0.557721 0.068213
vt 0.660355 0.126646
vt 0.603098 0.805439
vt 0.432025 0.074559
vt 0.554635 0.065627
vt 0.660355 0.123197
vt 0.603200 0.801414
vt 0.434672 0.072347
vt 0.551051 0.063245
vt 0.660355 0.119185
vt 0.603310 0.797112
vt 0.438014 0.070128
vt 0.547667 0.061252
vt 0.660355 0.115402
vt 0.603409 0.793185
vt 0.441275 0.068208
vt 0.601893 0.785213
vt 0.540022 0.061304
vt 0.446697 0.062201
vt 0.658638 0.108966
vn -1.000000 0.000000 0.000000
vn -1.000000 0.000000 0.000000
vn -1.000000 0.000000 0.000000
vn -1.000000 -0.000000 0.000000
vn 0.000000 -0.372395 0.928074
vn 0.000000 -0.372395 0.928074
vn 0.000000 -0.397285 0.917695
vn 0.000000 -0.397285 0.917695
vn 1.000000 0.000000 0.000000
vn 1.000000 0.000000 0.000000
vn 1.000000 0.000000 0.000000
vn 1.000000 0.000000 0.000000
vn 0.000000 0.308176 -0.951329
vn 0.000000 0.308176 -0.951329
vn 0.000000 0.352439 -0.935835
vn 0.000000 0.352439 -0.935835
vn -1.000000 -0.000000 0.000000
vn -1.000000 -0.000000 0.000000
vn 0.000000 -0.464812 0.885409
vn 0.000000 -0.464812 0.885409
vn 1.000000 0.000000 0.000000
vn 1.000000 0.000000 0.000000
vn 0.000000 0.465405 -0.885098
vn 0.000000 0.465405 -0.885098
vn -1.000000 0.000000 0.000000
vn -1.000000 0.000000 0.000000
vn 0.000000 -0.534105 0.845418
vn 0.000000 -0.534105 0.845418
vn 1.000000 0.000000 0.000000
vn 1.000000 0.000000 0.000000
vn 0.000000 0.536961 -0.843607
vn 0.000000 0.536961 -0.843607
vn -1.000000 0.000000 0.000000
vn -1.000000 0.000000 0.000000
vn 0.000000 -0.671248 0.741233
vn 0.000000 -0.671248 0.741233
vn 1.000000 0.000000 0.000000
vn 1.000000 0.000000 0.000000
vn 0.000000 0.677156 -0.735840
vn 0.000000 0.677156 -0.735840
vn -1.000000 0.000000 0.000000
vn -1.000000 0.000000 0.000000
vn 0.000000 -0.847050 0.531513
vn 0.000000 -0.847050 0.531513
vn 1.000000 0.000000 0.000000
vn 1.000000 0.000000 0.000000
vn 0.000000 0.847141 -0.531368
vn 0.000000 0.847141 -0.531368
vn -1.000000 0.000000 0.000000
vn -1.000000 0.000000 0.000000
vn 0.000000 -0.964966 0.262375
vn 0.000000 -0.964966 0.262375
vn 1.000000 0.000000 0.000000
vn 1.000000 0.000000 0.000000
vn 0.000000 0.965575 -0.260124
vn 0.000000 0.965575 -0.260124
vn -1.000000 0.000000 0.000000
vn -1.000000 0.000000 0.000000
vn 0.000000 -0.998417 -0.056249
vn 0.000000 -0.998417 -0.056249
vn 1.000000 0.000000 0.000000
vn 1.000000 0.000000 0.000000
vn 0.000000 0.998509 0.054591
vn 0.000000 0.998509 0.054591
vn -1.000000 -0.000000 0.000000
vn -1.000000 -0.000000 0.000000
vn 0.000000 -0.929804 -0.368056
vn 0.000000 -0.929804 -0.368056
vn 1.000000 0.000000 0.000000
vn 1.000000 0.000000 0.000000
vn 0.000000 0.925314 0.379202
vn 0.000000 0.925314 0.379202
vn -1.000000 -0.000000 0.000000
vn -1.000000 -0.000000 0.000000
vn 0.000000 -0.705494 -0.708715
vn 0.000000 -0.705494 -0.708715
vn 1.000000 0.000000 0.000000
vn 1.000000 0.000000 0.000000
vn 0.000000 0.697805 0.716287
vn 0.000000 0.697805 0.716287
vn -1.000000 0.000000 0.000000
vn -1.000000 0.000000 0.000000
vn 0.000000 -0.292635 -0.956224
vn 0.000000 -0.292635 -0.956224
vn 1.000000 -0.000000 0.000000
vn 1.000000 -0.000000 0.000000
vn 0.000000 0.300885 0.953660
vn 0.000000 0.300885 0.953660
vn -1.000000 -0.000000 0.000000
vn -1.000000 -0.000000 0.000000
vn 0.000000 0.155962 -0.987763
vn 0.000000 0.155962 -0.987763
vn 1.000000 -0.000000 0.000000
vn 1.000000 -0.000000 0.000000
vn 0.000000 -0.162128 0.986770
vn 0.000000 -0.162128 0.986770
vn -1.000000 -0.000000 0.000000
vn -1.000000 -0.000000 0.000000
vn 0.000000 0.570372 -0.821387
vn 0.000000 0.570372 -0.821387
vn 1.000000 0.000000 0.000000
vn 1.000000 0.000000 0.000000
vn 0.000000 -0.563220 0.826307
vn 0.000000 -0.563220 0.826307
vn -1.000000 -0.000000 0.000000
vn -1.000000 -0.000000 0.000000
vn 0.000000 0.849833 -0.527052
vn 0.000000 0.849833 -0.527052
vn 1.000000 0.000000 0.000000
vn 1.000000 0.000000 0.000000
vn 0.000000 -0.845488 0.533995
vn 0.000000 -0.845488 0.533995
vn -1.000000 -0.000000 0.000000
vn -1.000000 -0.000000 0.000000
vn 0.000000 0.969786 -0.243956
vn 0.000000 0.969786 -0.243956
vn 1.000000 0.000001 0.000000
vn 1.000000 0.000001 0.000000
vn 0.000000 -0.972051 0.234770
vn 0.000000 -0.972051 0.234770
vn -1.000000 0.000000 0.000000
vn -1.000000 0.000000 0.000000
vn 0.000000 0.986419 0.164248
vn 0.000000 0.986419 0.164248
vn 1.000000 0.000000 0.000000
vn 1.000000 0.000000 0.000000
vn 0.000000 -0.982365 -0.186976
vn 0.000000 -0.982365 -0.186976
vn -1.000000 0.000000 0.000000
vn -1.000000 0.000000 0.000000
vn 0.000000 0.775096 0.631844
vn 0.000000 0.775096 0.631844
vn 1.000000 -0.000000 0.000000
vn 1.000000 -0.000000 0.000000
vn 0.000000 -0.771579 -0.636133
vn 0.000000 -0.771579 -0.636133
vn -1.000000 -0.000000 0.000000
vn -1.000000 -0.000000 0.000000
vn 0.000000 0.308773 0.951136
vn 0.000000 0.308773 0.951136
vn 1.000000 -0.000000 0.000000
vn 1.000000 -0.000000 0.000000
vn 0.000000 -0.279548 -0.960132
vn 0.000000 -0.279548 -0.960132
vn -1.000000 -0.000000 0.000000
vn -1.000000 -0.000000 0.000000
vn 0.000000 -0.369239 0.929335
vn 0.000000 -0.369239 0.929335
vn 1.000000 -0.000000 0.000000
vn 1.000000 -0.000000 0.000000
vn 0.000000 0.353101 -0.935585
vn 0.000000 0.353101 -0.935585
vn -1.000000 -0.000001 0.000000
vn -1.000000 -0.000001 0.000000
vn 0.000000 -0.845126 0.534566
vn 0.000000 -0.845126 0.534566
vn 1.000000 -0.000000 0.000000
vn 1.000000 -0.000000 0.000000
vn 0.000000 0.843515 -0.537106
vn 0.000000 0.843515 -0.537106
vn -1.000000 -0.000000 0.000000
vn -1.000000 -0.000000 0.000000
vn 0.000000 -0.986211 0.165490
vn 0.000000 -0.986211 0.165490
vn 1.000000 0.000000 0.000000
vn 1.000000 -0.000000 0.000000
vn 0.000000 0.999260 -0.038469
vn 0.000000 0.999260 -0.038469
vn -1.000000 -0.000000 0.000000
vn -1.000000 -0.000000 0.000000
vn 0.000000 -0.901936 -0.431869
vn 0.000000 -0.901936 -0.431869
vn 1.000000 -0.000000 0.000000
vn 1.000000 0.000000 0.000000
vn 0.000000 0.866191 0.499714
vn 0.000000 0.866191 0.499714
vn -1.000000 0.000000 0.000000
vn -1.000000 0.000000 0.000000
vn -1.000000 -0.000000 0.000000
vn -1.000000 -0.000000 0.000000
vn 0.000000 -0.065645 -0.997843
vn 0.000000 -0.065645 -0.997843
vn 0.000000 0.525023 -0.851088
vn 0.000000 0.525023 -0.851088
vn 1.000000 -0.000001 0.000000
vn 1.000000 -0.000001 0.000000
vn 1.000000 -0.000000 0.000000
vn 1.000000 -0.000000 0.000000
vn 0.000000 0.005733 0.999984
vn 0.000000 0.005733 0.999984
vn 0.000000 -0.454291 0.890853
vn 0.000000 -0.454291 0.890853
vn 0.000000 -0.473065 -0.881027
vn 0.000000 -0.473065 -0.881027
vn 0.000000 -0.473065 -0.881027
vn 0.000000 -0.473065 -0.881027
vn 0.000000 0.901604 -0.432563
vn 0.000000 0.901604 -0.432563
vn -1.000000 -0.000001 0.000000
vn -1.000000 -0.000001 0.000000
vn 0.000000 -0.831235 0.555921
vn 0.000000 -0.831235 0.555921
vn 1.000000 0.000000 0.000000
vn 1.000000 0.000000 0.000000
vn 0.000000 -0.624101 -0.781344
vn 0.000000 -0.624101 -0.781344
vn 0.000000 0.741540 0.670909
vn 0.000000 0.741540 0.670909
s 1
g sweep5 Barras Barras1 group6
usemtl initialShadingGroup
f 1/203/1 2/2/2 6/200/3 5/4/4
s 2
f 2/204/5 3/5/6 7/198/7 6/3/8
s 3
f 3/202/9 4/7/10 8/197/11 7/6/12
s 4
f 4/201/13 1/1/14 5/199/15 8/8/16
s 1
f 5/4/4 6/200/3 10/196/17 9/10/18
s 2
f 6/3/8 7/198/7 11/194/19 10/9/20
s 3
f 7/6/12 8/197/11 12/193/21 11/11/22
s 4
f 8/8/16 5/199/15 9/195/23 12/12/24
s 1
f 9/10/18 10/196/17 14/192/25 13/14/26
s 2
f 10/9/20 11/194/19 15/190/27 14/13/28
s 3
f 11/11/22 12/193/21 16/189/29 15/15/30
s 4
f 12/12/24 9/195/23 13/191/31 16/16/32
s 1
f 13/14/26 14/192/25 18/188/33 17/18/34
s 2
f 14/13/28 15/190/27 19/186/35 18/17/36
s 3
f 15/15/30 16/189/29 20/185/37 19/19/38
s 4
f 16/16/32 13/191/31 17/187/39 20/20/40
s 1
f 17/18/34 18/188/33 22/184/41 21/22/42
s 2
f 18/17/36 19/186/35 23/182/43 22/21/44
s 3
f 19/19/38 20/185/37 24/181/45 23/23/46
s 4
f 20/20/40 17/187/39 21/183/47 24/24/48
s 1
f 21/22/42 22/184/41 26/180/49 25/26/50
s 2
f 22/21/44 23/182/43 27/178/51 26/25/52
s 3
f 23/23/46 24/181/45 28/177/53 27/27/54
s 4
f 24/24/48 21/183/47 25/179/55 28/28/56
s 1
f 25/26/50 26/180/49 30/176/57 29/30/58
s 2
f 26/25/52 27/178/51 31/174/59 30/29/60
s 3
f 27/27/54 28/177/53 32/173/61 31/31/62
s 4
f 28/28/56 25/179/55 29/175/63 32/32/64
s 1
f 29/30/58 30/176/57 34/172/65 33/34/66
s 2
f 30/29/60 31/174/59 35/170/67 34/33/68
s 3
f 31/31/62 32/173/61 36/169/69 35/35/70
s 4
f 32/32/64 29/175/63 33/171/71 36/36/72
s 1
f 33/34/66 34/172/65 38/168/73 37/38/74
s 2
f 34/33/68 35/170/67 39/166/75 38/37/76
s 3
f 35/35/70 36/169/69 40/165/77 39/39/78
s 4
f 36/36/72 33/171/71 37/167/79 40/40/80
s 1
f 37/38/74 38/168/73 42/164/81 41/42/82
s 2
f 38/37/76 39/166/75 43/162/83 42/41/84
s 3
f 39/39/78 40/165/77 44/161/85 43/43/86
s 4
f 40/40/80 37/167/79 41/163/87 44/44/88
s 1
f 41/42/82 42/164/81 46/160/89 45/46/90
s 2
f 42/41/84 43/162/83 47/158/91 46/45/92
s 3
f 43/43/86 44/161/85 48/157/93 47/47/94
s 4
f 44/44/88 41/163/87 45/159/95 48/48/96
s 1
f 45/46/90 46/160/89 50/156/97 49/50/98
s 2
f 46/45/92 47/158/91 51/154/99 50/49/100
s 3
f 47/47/94 48/157/93 52/153/101 51/51/102
s 4
f 48/48/96 45/159/95 49/155/103 52/52/104
s 1
f 49/50/98 50/156/97 54/152/105 53/54/106
s 2
f 50/49/100 51/154/99 55/150/107 54/53/108
s 3
f 51/51/102 52/153/101 56/149/109 55/55/110
s 4
f 52/52/104 49/155/103 53/151/111 56/56/112
s 1
f 53/54/106 54/152/105 58/148/113 57/58/114
s 2
f 54/53/108 55/150/107 59/146/115 58/57/116
s 3
f 55/55/110 56/149/109 60/145/117 59/59/118
s 4
f 56/56/112 53/151/111 57/147/119 60/60/120
s 1
f 57/58/114 58/148/113 62/144/121 61/62/122
s 2
f 58/57/116 59/146/115 63/142/123 62/61/124
s 3
f 59/59/118 60/145/117 64/141/125 63/63/126
s 4
f 60/60/120 57/147/119 61/143/127 64/64/128
s 1
f 61/62/122 62/144/121 66/140/129 65/66/130
s 2
f 62/61/124 63/142/123 67/138/131 66/65/132
s 3
f 63/63/126 64/141/125 68/137/133 67/67/134
s 4
f 64/64/128 61/143/127 65/139/135 68/68/136
s 1
f 65/66/130 66/140/129 70/136/137 69/70/138
s 2
f 66/65/132 67/138/131 71/134/139 70/69/140
s 3
f 67/67/134 68/137/133 72/133/141 71/71/142
s 4
f 68/68/136 65/139/135 69/135/143 72/72/144
s 1
f 69/70/138 70/136/137 74/132/145 73/74/146
s 2
f 70/69/140 71/134/139 75/130/147 74/73/148
s 3
f 71/71/142 72/133/141 76/129/149 75/75/150
s 4
f 72/72/144 69/135/143 73/131/151 76/76/152
s 1
f 73/74/146 74/132/145 78/128/153 77/78/154
s 2
f 74/73/148 75/130/147 79/126/155 78/77/156
s 3
f 75/75/150 76/129/149 80/125/157 79/79/158
s 4
f 76/76/152 73/131/151 77/127/159 80/80/160
s 1
f 77/78/154 78/128/153 82/124/161 81/82/162
s 2
f 78/77/156 79/126/155 83/123/163 82/81/164
s 3
f 79/79/158 80/125/157 84/122/165 83/83/166
s 4
f 80/80/160 77/127/159 81/102/167 84/84/168
s 1
f 81/82/162 82/124/161 99/99/169 100/101/170
s 2
f 82/81/164 83/123/163 98/98/171 99/103/172
s 3
f 83/83/166 84/122/165 97/107/173 98/105/174
s 4
f 84/84/168 81/102/167 100/100/175 97/97/176
s 1
f 85/86/177 86/85/178 94/94/179 95/112/180
s 5
f 86/104/181 87/87/182 93/117/183 94/114/184
s 3
f 87/106/185 88/88/186 96/96/187 93/93/188
s 6
f 88/108/189 85/113/190 95/95/191 96/109/192
s off
f 89/90/193 90/115/194 91/118/195 92/110/196
s 5
f 94/114/184 93/117/183 91/91/197 90/116/198
s 1
f 95/112/180 94/94/179 90/89/199 89/120/200
s 6
f 96/109/192 95/95/191 89/121/201 92/111/202
s 3
f 93/93/188 96/96/187 92/92/203 91/119/204
f 98/105/174 97/107/173 88/88/186 87/106/185
s 2
f 99/103/172 98/98/171 87/87/205 86/104/206
s 1
f 100/101/170 99/99/169 86/85/178 85/86/177
s 4
f 97/97/176 100/100/175 85/113/207 88/108/208
g default
v -0.072584 0.083749 0.091684
v -0.058801 0.083749 0.091684
v -0.072584 0.831158 0.091684
v -0.058801 0.831158 0.091684
v -0.072584 0.831158 0.122781
v -0.058801 0.831158 0.122781
v -0.072584 0.083749 0.122781
v -0.058801 0.083749 0.122781
vt 0.696142 0.745957
vt 0.718034 0.746512
vt 0.723834 0.517632
vt 0.728055 0.517739
vt 0.714998 0.517408
vt 0.710777 0.517301
vt 0.709199 0.746288
vt 0.704978 0.746181
vt 0.722255 0.746619
vt 0.701942 0.517077
vn 0.000000 0.000000 -1.000000
vn 0.000000 0.000000 -1.000000
vn 0.000000 0.000000 -1.000000
vn 0.000000 0.000000 -1.000000
vn 0.000000 0.000000 1.000000
vn 0.000000 0.000000 1.000000
vn 0.000000 0.000000 1.000000
vn 0.000000 0.000000 1.000000
vn 1.000000 0.000000 0.000000
vn 1.000000 0.000000 0.000000
vn 1.000000 0.000000 0.000000
vn 1.000000 0.000000 0.000000
vn -1.000000 0.000000 0.000000
vn -1.000000 0.000000 0.000000
vn -1.000000 0.000000 0.000000
vn -1.000000 0.000000 0.000000
s off
g group6 pCube128 Barras2
usemtl initialShadingGroup
f 101/213/209 102/206/210 104/207/211 103/208/212
f 105/210/213 106/209/214 108/211/215 107/212/216
f 102/206/217 108/211/218 106/209/219 104/207/220
f 107/212/221 101/205/222 103/214/223 105/210/224
g default
v -0.071106 0.095201 0.770426
v -0.060279 0.095201 0.770426
v -0.071106 0.828598 0.770426
v -0.060279 0.828598 0.770426
v -0.071106 0.828598 0.758632
v -0.060279 0.828598 0.758632
v -0.071106 0.095201 0.758632
v -0.060279 0.095201 0.758632
vt 0.366616 0.582627
vt 0.363299 0.582627
vt 0.363299 0.357967
vt 0.366616 0.357967
vt 0.359947 0.357967
vt 0.369968 0.357967
vt 0.359947 0.582627
vt 0.356631 0.582627
vt 0.356631 0.357967
vt 0.369968 0.582627
vn 0.000000 0.000000 1.000000
vn 0.000000 0.000000 1.000000
vn 0.000000 0.000000 1.000000
vn 0.000000 0.000000 1.000000
vn 0.000000 0.000000 -1.000000
vn 0.000000 0.000000 -1.000000
vn 0.000000 0.000000 -1.000000
vn 0.000000 0.000000 -1.000000
vn 1.000000 0.000000 0.000000
vn 1.000000 0.000000 0.000000
vn 1.000000 0.000000 0.000000
vn 1.000000 0.000000 0.000000
vn -1.000000 0.000000 0.000000
vn -1.000000 0.000000 0.000000
vn -1.000000 0.000000 0.000000
vn -1.000000 0.000000 0.000000
s off
g Barras1 group6 pCube128
usemtl initialShadingGroup
f 109/215/225 110/216/226 112/217/227 111/218/228
f 113/223/229 114/219/230 116/221/231 115/222/232
f 110/216/233 116/221/234 114/219/235 112/217/236
f 115/224/237 109/215/238 111/218/239 113/220/240
g default
v -0.071106 0.095143 1.430700
v -0.060279 0.095143 1.430700
v -0.071106 0.095143 0.758494
v -0.060279 0.095143 0.758494
v -0.071106 0.084201 0.758494
v -0.060279 0.084201 0.758494
v -0.071106 0.084201 1.430700
v -0.060279 0.084201 1.430700
vt 0.436450 0.549868
vt 0.446471 0.549868
vt 0.446471 0.358812
vt 0.449787 0.358812
vt 0.443119 0.358812
vt 0.439802 0.358812
vt 0.443119 0.549868
vt 0.439802 0.549868
vt 0.449787 0.549868
vt 0.436450 0.358812
vn 0.000000 1.000000 0.000000
vn 0.000000 1.000000 0.000000
vn 0.000000 1.000000 0.000000
vn 0.000000 1.000000 0.000000
vn 0.000000 -1.000000 -0.000000
vn 0.000000 -1.000000 -0.000000
vn 0.000000 -1.000000 -0.000000
vn 0.000000 -1.000000 -0.000000
vn 1.000000 -0.000000 0.000000
vn 1.000000 -0.000000 0.000000
vn 1.000000 -0.000000 0.000000
vn 1.000000 -0.000000 0.000000
vn -1.000000 0.000000 0.000000
vn -1.000000 0.000000 0.000000
vn -1.000000 0.000000 0.000000
vn -1.000000 0.000000 0.000000
s off
g Barras1 group6 pCube129
usemtl initialShadingGroup
f 117/233/241 118/226/242 120/227/243 119/228/244
f 121/230/245 122/229/246 124/231/247 123/232/248
f 118/226/249 124/231/250 122/229/251 120/227/252
f 123/232/253 117/225/254 119/234/255 121/230/256
g default
v -0.047159 0.969482 1.487988
v -0.051183 0.969482 1.481965
v -0.057206 0.969482 1.477941
v -0.064311 0.969482 1.476528
v -0.071415 0.969482 1.477941
v -0.077438 0.969482 1.481965
v -0.081463 0.969482 1.487988
v -0.082876 0.969482 1.495093
v -0.081463 0.969482 1.502197
v -0.077438 0.969482 1.508220
v -0.071415 0.969482 1.512245
v -0.064311 0.969482 1.513658
v -0.057206 0.969482 1.512245
v -0.051183 0.969482 1.508220
v -0.047159 0.969482 1.502197
v -0.045745 0.969482 1.495093
v -0.030666 0.974898 1.481157
v -0.038560 0.974898 1.469342
v -0.050374 0.974898 1.461448
v -0.064311 0.974898 1.458676
v -0.078247 0.974898 1.461448
v -0.090061 0.974898 1.469342
v -0.097955 0.974898 1.481157
v -0.100727 0.974898 1.495093
v -0.097955 0.974898 1.509029
v -0.090061 0.974898 1.520843
v -0.078247 0.974898 1.528738
v -0.064311 0.974898 1.531510
v -0.050374 0.974898 1.528738
v -0.038560 0.974898 1.520843
v -0.030666 0.974898 1.509029
v -0.027894 0.974898 1.495093
v -0.015466 0.983691 1.474861
v -0.026927 0.983691 1.457709
v -0.044078 0.983691 1.446248
v -0.064311 0.983691 1.442224
v -0.084543 0.983691 1.446248
v -0.101695 0.983691 1.457709
v -0.113155 0.983691 1.474861
v -0.117180 0.983691 1.495093
v -0.113155 0.983691 1.515325
v -0.101695 0.983691 1.532477
v -0.084543 0.983691 1.543937
v -0.064311 0.983691 1.547962
v -0.044078 0.983691 1.543937
v -0.026927 0.983691 1.532477
v -0.015466 0.983691 1.515325
v -0.011442 0.983691 1.495093
v -0.002143 0.995526 1.469342
v -0.016730 0.995526 1.447512
v -0.038560 0.995526 1.432925
v -0.064311 0.995526 1.427803
v -0.090061 0.995526 1.432925
v -0.111891 0.995526 1.447512
v -0.126478 0.995526 1.469342
v -0.131600 0.995526 1.495093
v -0.126478 0.995526 1.520843
v -0.111892 0.995526 1.542674
v -0.090061 0.995526 1.557260
v -0.064311 0.995526 1.562382
v -0.038560 0.995526 1.557260
v -0.016730 0.995526 1.542674
v -0.002143 0.995526 1.520843
v 0.002979 0.995526 1.495093
v 0.008791 1.009946 1.464813
v -0.008361 1.009946 1.439144
v -0.034031 1.009946 1.421992
v -0.064311 1.009946 1.415969
v -0.094590 1.009946 1.421992
v -0.120260 1.009946 1.439144
v -0.137412 1.009946 1.464813
v -0.143435 1.009946 1.495093
v -0.137412 1.009946 1.525372
v -0.120260 1.009946 1.551042
v -0.094590 1.009946 1.568194
v -0.064311 1.009946 1.574217
v -0.034031 1.009946 1.568194
v -0.008361 1.009946 1.551042
v 0.008791 1.009946 1.525372
v 0.014814 1.009946 1.495093
v 0.016915 1.026399 1.461448
v -0.002143 1.026399 1.432925
v -0.030666 1.026399 1.413867
v -0.064311 1.026399 1.407175
v -0.097955 1.026399 1.413867
v -0.126478 1.026399 1.432925
v -0.145536 1.026399 1.461448
v -0.152229 1.026399 1.495093
v -0.145536 1.026399 1.528738
v -0.126478 1.026399 1.557260
v -0.097955 1.026399 1.576318
v -0.064311 1.026399 1.583011
v -0.030666 1.026399 1.576318
v -0.002143 1.026399 1.557260
v 0.016915 1.026399 1.528738
v 0.023607 1.026399 1.495093
v 0.021918 1.044250 1.459376
v 0.001686 1.044250 1.429096
v -0.028593 1.044250 1.408864
v -0.064311 1.044250 1.401760
v -0.100028 1.044250 1.408864
v -0.130307 1.044250 1.429096
v -0.150539 1.044250 1.459376
v -0.157644 1.044250 1.495093
v -0.150539 1.044250 1.530810
v -0.130307 1.044250 1.561089
v -0.100028 1.044250 1.581321
v -0.064311 1.044250 1.588426
v -0.028594 1.044250 1.581321
v 0.001686 1.044250 1.561089
v 0.021918 1.044250 1.530810
v 0.029023 1.044250 1.495093
v 0.023607 1.062816 1.458676
v 0.002979 1.062816 1.427803
v -0.027894 1.062816 1.407175
v -0.064311 1.062816 1.399931
v -0.100727 1.062816 1.407175
v -0.131600 1.062816 1.427803
v -0.152229 1.062816 1.458676
v -0.159472 1.062816 1.495093
v -0.152229 1.062816 1.531510
v -0.131600 1.062816 1.562382
v -0.100727 1.062816 1.583011
v -0.064311 1.062816 1.590255
v -0.027894 1.062816 1.583011
v 0.002979 1.062816 1.562382
v 0.023607 1.062816 1.531510
v 0.030851 1.062816 1.495093
v 0.021918 1.081381 1.459376
v 0.001686 1.081381 1.429096
v -0.028593 1.081381 1.408864
v -0.064311 1.081381 1.401760
v -0.100028 1.081381 1.408864
v -0.130307 1.081381 1.429096
v -0.150539 1.081381 1.459376
v -0.157644 1.081381 1.495093
v -0.150539 1.081381 1.530810
v -0.130307 1.081381 1.561089
v -0.100028 1.081381 1.581321
v -0.064311 1.081381 1.588426
v -0.028594 1.081381 1.581321
v 0.001686 1.081381 1.561089
v 0.021918 1.081381 1.530810
v 0.029023 1.081381 1.495093
v 0.016915 1.099232 1.461448
v -0.002143 1.099232 1.432925
v -0.030666 1.099232 1.413867
v -0.064311 1.099232 1.407175
v -0.097955 1.099232 1.413867
v -0.126478 1.099232 1.432925
v -0.145536 1.099232 1.461448
v -0.152229 1.099232 1.495093
v -0.145536 1.099232 1.528738
v -0.126478 1.099232 1.557260
v -0.097955 1.099232 1.576318
v -0.064311 1.099232 1.583011
v -0.030666 1.099232 1.576318
v -0.002143 1.099232 1.557260
v 0.016915 1.099232 1.528738
v 0.023607 1.099232 1.495093
v 0.008791 1.115685 1.464813
v -0.008361 1.115685 1.439144
v -0.034031 1.115685 1.421992
v -0.064311 1.115685 1.415969
v -0.094590 1.115685 1.421992
v -0.120260 1.115685 1.439144
v -0.137412 1.115685 1.464813
v -0.143435 1.115685 1.495093
v -0.137412 1.115685 1.525372
v -0.120260 1.115685 1.551042
v -0.094590 1.115685 1.568194
v -0.064311 1.115685 1.574217
v -0.034031 1.115685 1.568194
v -0.008361 1.115685 1.551042
v 0.008791 1.115685 1.525372
v 0.014814 1.115685 1.495093
v -0.002143 1.130105 1.469342
v -0.016730 1.130105 1.447512
v -0.038560 1.130105 1.432925
v -0.064311 1.130105 1.427803
v -0.090061 1.130105 1.432925
v -0.111891 1.130105 1.447512
v -0.126478 1.130105 1.469342
v -0.131600 1.130105 1.495093
v -0.126478 1.130105 1.520843
v -0.111892 1.130105 1.542674
v -0.090061 1.130105 1.557260
v -0.064311 1.130105 1.562382
v -0.038560 1.130105 1.557260
v -0.016730 1.130105 1.542674
v -0.002143 1.130105 1.520843
v 0.002979 1.130105 1.495093
v -0.015466 1.141940 1.474861
v -0.026927 1.141940 1.457709
v -0.044078 1.141940 1.446248
v -0.064311 1.141940 1.442224
v -0.084543 1.141940 1.446248
v -0.101695 1.141940 1.457709
v -0.113155 1.141940 1.474861
v -0.117180 1.141940 1.495093
v -0.113155 1.141940 1.515325
v -0.101695 1.141940 1.532477
v -0.084543 1.141940 1.543937
v -0.064311 1.141940 1.547962
v -0.044078 1.141940 1.543937
v -0.026927 1.141940 1.532477
v -0.015466 1.141940 1.515325
v -0.011442 1.141940 1.495093
v -0.030666 1.150734 1.481157
v -0.038560 1.150734 1.469342
v -0.050374 1.150734 1.461448
v -0.064311 1.150734 1.458676
v -0.078247 1.150734 1.461448
v -0.090061 1.150734 1.469342
v -0.097955 1.150734 1.481157
v -0.100727 1.150734 1.495093
v -0.097955 1.150734 1.509029
v -0.090061 1.150734 1.520843
v -0.078247 1.150734 1.528738
v -0.064311 1.150734 1.531510
v -0.050374 1.150734 1.528738
v -0.038560 1.150734 1.520843
v -0.030666 1.150734 1.509029
v -0.027894 1.150734 1.495093
v -0.047159 1.156149 1.487988
v -0.051183 1.156149 1.481965
v -0.057206 1.156149 1.477941
v -0.064311 1.156149 1.476528
v -0.071415 1.156149 1.477941
v -0.077438 1.156149 1.481965
v -0.081463 1.156149 1.487988
v -0.082876 1.156149 1.495093
v -0.081463 1.156149 1.502197
v -0.077438 1.156149 1.508220
v -0.071415 1.156149 1.512245
v -0.064311 1.156149 1.513658
v -0.057206 1.156149 1.512245
v -0.051183 1.156149 1.508220
v -0.047159 1.156149 1.502197
v -0.045745 1.156149 1.495093
v -0.064311 0.967654 1.495093
v -0.064311 1.157977 1.495093
vt 0.749908 0.862289
vt 0.749479 0.858836
vt 0.755032 0.855541
vt 0.755522 0.860837
vt 0.748715 0.855580
vt 0.754103 0.850400
vt 0.747587 0.852656
vt 0.752662 0.845541
vt 0.746066 0.850242
vt 0.750595 0.841143
vt 0.744145 0.848573
vt 0.747746 0.837474
vt 0.741875 0.847950
vt 0.743929 0.834955
vt 0.739436 0.848732
vt 0.737423 0.895505
vt 0.741316 0.883215
vt 0.742234 0.895520
vt 0.743594 0.882663
vt 0.746225 0.893579
vt 0.745584 0.881101
vt 0.749356 0.890357
vt 0.747203 0.878794
vt 0.751718 0.886295
vt 0.748437 0.875959
vt 0.753433 0.881680
vt 0.749301 0.872767
vt 0.754605 0.876706
vt 0.749822 0.869353
vt 0.755315 0.871507
vt 0.750021 0.865827
vt 0.755614 0.866188
vt 0.760579 0.853449
vt 0.761015 0.860007
vt 0.759711 0.846976
vt 0.758320 0.840673
vt 0.756252 0.834652
vt 0.753255 0.829091
vt 0.748930 0.824288
vt 0.738946 0.907958
vt 0.745635 0.906042
vt 0.750615 0.902261
vt 0.754256 0.897380
vt 0.756879 0.891821
vt 0.758725 0.885832
vt 0.759967 0.879566
vt 0.760723 0.873125
vt 0.761061 0.866585
vt 0.766183 0.852046
vt 0.766513 0.859514
vt 0.765482 0.844602
vt 0.764329 0.837219
vt 0.762573 0.829935
vt 0.759948 0.822799
vt 0.755974 0.815881
vt 0.743428 0.919411
vt 0.751013 0.914947
vt 0.756263 0.909251
vt 0.759928 0.902866
vt 0.762488 0.896065
vt 0.764257 0.888999
vt 0.765438 0.881758
vt 0.766161 0.874403
vt 0.766507 0.866977
vt 0.771851 0.851138
vt 0.772048 0.859259
vt 0.771376 0.842999
vt 0.770566 0.834834
vt 0.769307 0.826621
vt 0.767379 0.818289
vt 0.764358 0.809679
vt 0.750497 0.929303
vt 0.757931 0.922193
vt 0.762831 0.914745
vt 0.766150 0.907097
vt 0.768425 0.899308
vt 0.769978 0.891417
vt 0.771013 0.883448
vt 0.771657 0.875423
vt 0.771988 0.867356
vt 0.777574 0.850637
vt 0.777625 0.859195
vt 0.777357 0.842032
vt 0.776949 0.833347
vt 0.776291 0.824513
vt 0.775253 0.815377
vt 0.773564 0.805604
vt 0.759679 0.937169
vt 0.766016 0.927713
vt 0.770072 0.918834
vt 0.772770 0.910210
vt 0.774600 0.901688
vt 0.775843 0.893201
vt 0.776675 0.884719
vt 0.777207 0.876228
vt 0.777510 0.867723
vt 0.783335 0.850497
vt 0.783234 0.859303
vt 0.783390 0.841635
vt 0.783412 0.832668
vt 0.783405 0.823504
vt 0.783351 0.813950
vt 0.783187 0.803581
vt 0.770458 0.942647
vt 0.774942 0.931443
vt 0.777786 0.921557
vt 0.779668 0.912275
vt 0.780942 0.903276
vt 0.781810 0.894412
vt 0.782402 0.885614
vt 0.782801 0.876843
vt 0.783065 0.868079
vt 0.789111 0.850701
vt 0.788857 0.859576
vt 0.789440 0.841775
vt 0.789895 0.832751
vt 0.790545 0.823536
vt 0.791489 0.813937
vt 0.792884 0.803540
vt 0.782284 0.945460
vt 0.784404 0.933318
vt 0.785795 0.922920
vt 0.786737 0.913322
vt 0.787385 0.904107
vt 0.787839 0.895083
vt 0.788167 0.886158
vt 0.788420 0.877283
vt 0.788638 0.868430
vt 0.794876 0.851245
vt 0.794476 0.860016
vt 0.795468 0.842447
vt 0.796338 0.833583
vt 0.797614 0.824583
vt 0.799498 0.815301
vt 0.802345 0.805416
vt 0.794568 0.945414
vt 0.794101 0.933275
vt 0.793934 0.922907
vt 0.793878 0.913353
vt 0.793869 0.904190
vt 0.793889 0.895224
vt 0.793943 0.886362
vt 0.794044 0.877556
vt 0.794212 0.868780
vt 0.800602 0.852141
vt 0.800070 0.860631
vt 0.801435 0.843659
vt 0.802680 0.835171
vt 0.804511 0.826649
vt 0.807211 0.818024
vt 0.811269 0.809146
vt 0.806679 0.942399
vt 0.803724 0.931249
vt 0.802033 0.921478
vt 0.800993 0.912343
vt 0.800332 0.903510
vt 0.799923 0.894826
vt 0.799704 0.886222
vt 0.799652 0.877664
vt 0.799767 0.869137
vt 0.806264 0.853411
vt 0.805620 0.861436
vt 0.807300 0.845442
vt 0.808854 0.837551
vt 0.811130 0.829762
vt 0.814451 0.822114
vt 0.819353 0.814667
vt 0.817925 0.936396
vt 0.812930 0.927173
vt 0.809907 0.918564
vt 0.807977 0.910234
vt 0.806715 0.902022
vt 0.805904 0.893859
vt 0.805428 0.885720
vt 0.805229 0.877600
vt 0.805289 0.869502
vt 0.811839 0.855100
vt 0.811116 0.862455
vt 0.813020 0.847860
vt 0.814790 0.840793
vt 0.817352 0.833993
vt 0.821017 0.827608
vt 0.826269 0.821912
vt 0.827538 0.927510
vt 0.821314 0.920969
vt 0.817337 0.914053
vt 0.814710 0.906919
vt 0.812952 0.899636
vt 0.811798 0.892254
vt 0.811096 0.884812
vt 0.810765 0.877343
vt 0.810771 0.869881
vt 0.817310 0.857292
vt 0.816554 0.863732
vt 0.818552 0.851026
vt 0.820399 0.845037
vt 0.823022 0.839478
vt 0.826664 0.834597
vt 0.831646 0.830817
vt 0.834644 0.916031
vt 0.828356 0.912560
vt 0.824029 0.907760
vt 0.821031 0.902201
vt 0.818961 0.896181
vt 0.817569 0.889879
vt 0.816700 0.883408
vt 0.816263 0.876850
vt 0.816216 0.870272
vt 0.822672 0.860151
vt 0.821962 0.865349
vt 0.823845 0.855177
vt 0.825559 0.850562
vt 0.827922 0.846500
vt 0.831053 0.843278
vt 0.835045 0.841337
vt 0.838305 0.902570
vt 0.833354 0.901892
vt 0.829537 0.899376
vt 0.826687 0.895709
vt 0.824618 0.891312
vt 0.823176 0.886454
vt 0.822247 0.881314
vt 0.821756 0.876019
vt 0.821663 0.870668
vt 0.827977 0.864089
vt 0.827456 0.867503
vt 0.828841 0.860897
vt 0.830074 0.858062
vt 0.831693 0.855755
vt 0.833684 0.854193
vt 0.835962 0.853641
vt 0.837844 0.888115
vt 0.835405 0.888898
vt 0.833135 0.888277
vt 0.831214 0.886609
vt 0.829693 0.884197
vt 0.828565 0.881273
vt 0.827800 0.878017
vt 0.827370 0.874565
vt 0.827257 0.871028
vt 0.743430 0.865849
vt 0.833848 0.871004
vt 0.838318 0.854386
vt 0.738960 0.882469
vt 0.839856 0.841353
vt 0.838335 0.828902
vt 0.833855 0.817450
vt 0.826789 0.807558
vt 0.817609 0.799691
vt 0.806831 0.794212
vt 0.795007 0.791397
vt 0.782724 0.791441
vt 0.770614 0.794453
vt 0.759366 0.800453
vt 0.749752 0.809337
vt 0.742643 0.820815
vt 0.738979 0.834274
vn 0.231815 -0.968009 -0.096020
vn 0.177424 -0.968010 -0.177419
vn 0.292546 -0.910403 -0.292545
vn 0.382229 -0.910404 -0.158324
vn 0.096020 -0.968010 -0.231814
vn 0.158325 -0.910403 -0.382230
vn -0.000000 -0.968009 -0.250916
vn -0.000000 -0.910403 -0.413722
vn -0.096020 -0.968009 -0.231814
vn -0.158323 -0.910404 -0.382229
vn -0.177425 -0.968009 -0.177424
vn -0.292546 -0.910403 -0.292547
vn -0.231815 -0.968009 -0.096024
vn -0.382230 -0.910402 -0.158329
vn -0.250915 -0.968009 0.000000
vn -0.413722 -0.910403 -0.000002
vn -0.231817 -0.968009 0.096020
vn -0.382230 -0.910403 0.158324
vn -0.177425 -0.968009 0.177422
vn -0.292547 -0.910403 0.292545
vn -0.096020 -0.968009 0.231815
vn -0.158325 -0.910403 0.382230
vn 0.000000 -0.968009 0.250914
vn 0.000000 -0.910404 0.413721
vn 0.096020 -0.968010 0.231813
vn 0.158325 -0.910404 0.382228
vn 0.177425 -0.968010 0.177420
vn 0.292547 -0.910403 0.292544
vn 0.231816 -0.968009 0.096022
vn 0.382230 -0.910403 0.158326
vn 0.250916 -0.968009 0.000000
vn 0.413722 -0.910403 0.000002
vn 0.407062 -0.817681 -0.407061
vn 0.531851 -0.817681 -0.220301
vn 0.220301 -0.817681 -0.531851
vn 0.000000 -0.817681 -0.575672
vn -0.220300 -0.817680 -0.531852
vn -0.407061 -0.817681 -0.407062
vn -0.531850 -0.817681 -0.220302
vn -0.575670 -0.817682 -0.000001
vn -0.531851 -0.817681 0.220301
vn -0.407063 -0.817680 0.407061
vn -0.220301 -0.817681 0.531851
vn -0.000000 -0.817681 0.575672
vn 0.220301 -0.817681 0.531851
vn 0.407063 -0.817681 0.407060
vn 0.531850 -0.817681 0.220302
vn 0.575670 -0.817682 0.000001
vn 0.509042 -0.694085 -0.509041
vn 0.665095 -0.694084 -0.275492
vn 0.275492 -0.694084 -0.665096
vn 0.000000 -0.694082 -0.719896
vn -0.275491 -0.694082 -0.665097
vn -0.509042 -0.694083 -0.509043
vn -0.665095 -0.694084 -0.275492
vn -0.719893 -0.694085 -0.000000
vn -0.665095 -0.694084 0.275492
vn -0.509042 -0.694084 0.509042
vn -0.275492 -0.694084 0.665095
vn -0.000000 -0.694083 0.719895
vn 0.275492 -0.694083 0.665096
vn 0.509042 -0.694083 0.509043
vn 0.665095 -0.694084 0.275492
vn 0.719893 -0.694085 0.000000
vn 0.593097 -0.544491 -0.593098
vn 0.774920 -0.544490 -0.320983
vn 0.320982 -0.544490 -0.774920
vn 0.000001 -0.544491 -0.838767
vn -0.320981 -0.544491 -0.774920
vn -0.593097 -0.544491 -0.593098
vn -0.774919 -0.544491 -0.320982
vn -0.838767 -0.544490 -0.000000
vn -0.774919 -0.544491 0.320982
vn -0.593097 -0.544491 0.593098
vn -0.320983 -0.544490 0.774920
vn -0.000000 -0.544490 0.838768
vn 0.320983 -0.544489 0.774920
vn 0.593098 -0.544490 0.593099
vn 0.774920 -0.544490 0.320982
vn 0.838767 -0.544491 0.000000
vn 0.655616 -0.374614 -0.655616
vn 0.856604 -0.374614 -0.354816
vn 0.354816 -0.374615 -0.856603
vn 0.000001 -0.374615 -0.927180
vn -0.354815 -0.374615 -0.856603
vn -0.655616 -0.374616 -0.655615
vn -0.856603 -0.374615 -0.354816
vn -0.927180 -0.374615 -0.000001
vn -0.856603 -0.374615 0.354817
vn -0.655616 -0.374615 0.655616
vn -0.354817 -0.374615 0.856603
vn 0.000000 -0.374614 0.927181
vn 0.354818 -0.374615 0.856603
vn 0.655616 -0.374616 0.655615
vn 0.856603 -0.374615 0.354817
vn 0.927181 -0.374615 0.000000
vn 0.694112 -0.190839 -0.694110
vn 0.906900 -0.190839 -0.375650
vn 0.375649 -0.190840 -0.906900
vn 0.000000 -0.190839 -0.981621
vn -0.375649 -0.190839 -0.906901
vn -0.694112 -0.190839 -0.694111
vn -0.906900 -0.190840 -0.375650
vn -0.981621 -0.190840 -0.000000
vn -0.906900 -0.190839 0.375651
vn -0.694112 -0.190840 0.694110
vn -0.375649 -0.190840 0.906900
vn -0.000000 -0.190840 0.981621
vn 0.375650 -0.190840 0.906900
vn 0.694111 -0.190840 0.694111
vn 0.906900 -0.190840 0.375651
vn 0.981621 -0.190839 0.000000
vn 0.707108 0.000000 -0.707106
vn 0.923880 0.000000 -0.382684
vn 0.382683 0.000000 -0.923880
vn 0.000000 0.000000 -1.000000
vn -0.382682 -0.000000 -0.923880
vn -0.707106 -0.000000 -0.707107
vn -0.923879 -0.000000 -0.382684
vn -1.000000 -0.000000 -0.000000
vn -0.923880 0.000000 0.382682
vn -0.707108 0.000000 0.707105
vn -0.382681 0.000000 0.923880
vn -0.000000 -0.000000 1.000000
vn 0.382681 -0.000000 0.923880
vn 0.707107 -0.000000 0.707106
vn 0.923880 -0.000000 0.382683
vn 1.000000 0.000000 0.000000
vn 0.694113 0.190839 -0.694110
vn 0.906900 0.190839 -0.375650
vn 0.375649 0.190840 -0.906900
vn 0.000000 0.190839 -0.981621
vn -0.375649 0.190839 -0.906900
vn -0.694111 0.190839 -0.694111
vn -0.906900 0.190839 -0.375650
vn -0.981621 0.190840 -0.000000
vn -0.906900 0.190839 0.375650
vn -0.694112 0.190840 0.694110
vn -0.375649 0.190840 0.906900
vn 0.000000 0.190840 0.981621
vn 0.375649 0.190840 0.906900
vn 0.694111 0.190840 0.694111
vn 0.906900 0.190840 0.375650
vn 0.981621 0.190839 0.000000
vn 0.655617 0.374614 -0.655615
vn 0.856604 0.374614 -0.354815
vn 0.354816 0.374615 -0.856603
vn 0.000001 0.374615 -0.927180
vn -0.354815 0.374615 -0.856604
vn -0.655615 0.374615 -0.655616
vn -0.856603 0.374615 -0.354817
vn -0.927180 0.374615 0.000000
vn -0.856603 0.374615 0.354817
vn -0.655616 0.374615 0.655615
vn -0.354817 0.374615 0.856603
vn 0.000000 0.374614 0.927181
vn 0.354817 0.374614 0.856603
vn 0.655615 0.374615 0.655616
vn 0.856603 0.374615 0.354817
vn 0.927181 0.374615 0.000001
vn 0.593097 0.544490 -0.593099
vn 0.774920 0.544490 -0.320983
vn 0.320981 0.544490 -0.774920
vn 0.000001 0.544491 -0.838767
vn -0.320982 0.544492 -0.774919
vn -0.593097 0.544491 -0.593098
vn -0.774919 0.544491 -0.320983
vn -0.838767 0.544490 0.000000
vn -0.774919 0.544491 0.320983
vn -0.593098 0.544492 0.593097
vn -0.320984 0.544491 0.774919
vn -0.000000 0.544489 0.838768
vn 0.320983 0.544489 0.774920
vn 0.593097 0.544490 0.593099
vn 0.774919 0.544490 0.320983
vn 0.838767 0.544491 0.000000
vn 0.509041 0.694085 -0.509041
vn 0.665094 0.694086 -0.275490
vn 0.275491 0.694084 -0.665096
vn 0.000000 0.694084 -0.719894
vn -0.275492 0.694084 -0.665095
vn -0.509042 0.694084 -0.509042
vn -0.665094 0.694085 -0.275492
vn -0.719893 0.694085 0.000000
vn -0.665095 0.694084 0.275491
vn -0.509041 0.694085 0.509041
vn -0.275492 0.694085 0.665094
vn -0.000000 0.694085 0.719893
vn 0.275492 0.694085 0.665094
vn 0.509041 0.694084 0.509042
vn 0.665095 0.694085 0.275492
vn 0.719893 0.694085 0.000000
vn 0.407062 0.817682 -0.407059
vn 0.531851 0.817682 -0.220298
vn 0.220301 0.817682 -0.531850
vn 0.000000 0.817681 -0.575671
vn -0.220300 0.817681 -0.531852
vn -0.407061 0.817682 -0.407060
vn -0.531850 0.817683 -0.220297
vn -0.575670 0.817682 -0.000001
vn -0.531851 0.817682 0.220298
vn -0.407062 0.817681 0.407061
vn -0.220300 0.817681 0.531851
vn 0.000000 0.817682 0.575670
vn 0.220300 0.817682 0.531849
vn 0.407062 0.817682 0.407059
vn 0.531850 0.817682 0.220299
vn 0.575670 0.817682 0.000001
vn 0.292547 0.910403 -0.292545
vn 0.382232 0.910403 -0.158323
vn 0.158325 0.910403 -0.382229
vn 0.000000 0.910403 -0.413722
vn -0.158323 0.910403 -0.382229
vn -0.292547 0.910403 -0.292545
vn -0.382232 0.910402 -0.158325
vn -0.413722 0.910403 -0.000002
vn -0.382230 0.910403 0.158324
vn -0.292547 0.910403 0.292545
vn -0.158326 0.910403 0.382229
vn 0.000000 0.910403 0.413723
vn 0.158326 0.910403 0.382229
vn 0.292547 0.910403 0.292546
vn 0.382230 0.910403 0.158326
vn 0.413723 0.910403 0.000002
vn 0.177423 0.968009 -0.177427
vn 0.231816 0.968009 -0.096023
vn 0.096018 0.968010 -0.231812
vn -0.000000 0.968010 -0.250910
vn -0.096018 0.968011 -0.231811
vn -0.177424 0.968010 -0.177419
vn -0.231816 0.968009 -0.096024
vn -0.250912 0.968010 -0.000004
vn -0.231814 0.968009 0.096023
vn -0.177423 0.968010 0.177422
vn -0.096020 0.968011 0.231808
vn 0.000000 0.968011 0.250908
vn 0.096020 0.968010 0.231812
vn 0.177423 0.968010 0.177422
vn 0.231813 0.968010 0.096022
vn 0.250913 0.968010 0.000004
vn -0.000000 -1.000000 -0.000000
vn -0.000000 1.000000 -0.000001
s 1
g pSphere5 Faro
usemtl initialShadingGroup
f 125/235/257 126/236/258 142/237/259 141/238/260
f 126/236/258 127/239/261 143/240/262 142/237/259
f 127/239/261 128/241/263 144/242/264 143/240/262
f 128/241/263 129/243/265 145/244/266 144/242/264
f 129/243/265 130/245/267 146/246/268 145/244/266
f 130/245/267 131/247/269 147/248/270 146/246/268
f 131/247/269 132/249/271 148/491/272 147/248/270
f 132/478/271 133/251/273 149/252/274 148/250/272
f 133/251/273 134/253/275 150/254/276 149/252/274
f 134/253/275 135/255/277 151/256/278 150/254/276
f 135/255/277 136/257/279 152/258/280 151/256/278
f 136/257/279 137/259/281 153/260/282 152/258/280
f 137/259/281 138/261/283 154/262/284 153/260/282
f 138/261/283 139/263/285 155/264/286 154/262/284
f 139/263/285 140/265/287 156/266/288 155/264/286
f 140/265/287 125/235/257 141/238/260 156/266/288
f 141/238/260 142/237/259 158/267/289 157/268/290
f 142/237/259 143/240/262 159/269/291 158/267/289
f 143/240/262 144/242/264 160/270/292 159/269/291
f 144/242/264 145/244/266 161/271/293 160/270/292
f 145/244/266 146/246/268 162/272/294 161/271/293
f 146/246/268 147/248/270 163/273/295 162/272/294
f 147/248/270 148/491/272 164/490/296 163/273/295
f 148/250/272 149/252/274 165/275/297 164/274/296
f 149/252/274 150/254/276 166/276/298 165/275/297
f 150/254/276 151/256/278 167/277/299 166/276/298
f 151/256/278 152/258/280 168/278/300 167/277/299
f 152/258/280 153/260/282 169/279/301 168/278/300
f 153/260/282 154/262/284 170/280/302 169/279/301
f 154/262/284 155/264/286 171/281/303 170/280/302
f 155/264/286 156/266/288 172/282/304 171/281/303
f 156/266/288 141/238/260 157/268/290 172/282/304
f 157/268/290 158/267/289 174/283/305 173/284/306
f 158/267/289 159/269/291 175/285/307 174/283/305
f 159/269/291 160/270/292 176/286/308 175/285/307
f 160/270/292 161/271/293 177/287/309 176/286/308
f 161/271/293 162/272/294 178/288/310 177/287/309
f 162/272/294 163/273/295 179/289/311 178/288/310
f 163/273/295 164/490/296 180/489/312 179/289/311
f 164/274/296 165/275/297 181/291/313 180/290/312
f 165/275/297 166/276/298 182/292/314 181/291/313
f 166/276/298 167/277/299 183/293/315 182/292/314
f 167/277/299 168/278/300 184/294/316 183/293/315
f 168/278/300 169/279/301 185/295/317 184/294/316
f 169/279/301 170/280/302 186/296/318 185/295/317
f 170/280/302 171/281/303 187/297/319 186/296/318
f 171/281/303 172/282/304 188/298/320 187/297/319
f 172/282/304 157/268/290 173/284/306 188/298/320
f 173/284/306 174/283/305 190/299/321 189/300/322
f 174/283/305 175/285/307 191/301/323 190/299/321
f 175/285/307 176/286/308 192/302/324 191/301/323
f 176/286/308 177/287/309 193/303/325 192/302/324
f 177/287/309 178/288/310 194/304/326 193/303/325
f 178/288/310 179/289/311 195/305/327 194/304/326
f 179/289/311 180/489/312 196/488/328 195/305/327
f 180/290/312 181/291/313 197/307/329 196/306/328
f 181/291/313 182/292/314 198/308/330 197/307/329
f 182/292/314 183/293/315 199/309/331 198/308/330
f 183/293/315 184/294/316 200/310/332 199/309/331
f 184/294/316 185/295/317 201/311/333 200/310/332
f 185/295/317 186/296/318 202/312/334 201/311/333
f 186/296/318 187/297/319 203/313/335 202/312/334
f 187/297/319 188/298/320 204/314/336 203/313/335
f 188/298/320 173/284/306 189/300/322 204/314/336
f 189/300/322 190/299/321 206/315/337 205/316/338
f 190/299/321 191/301/323 207/317/339 206/315/337
f 191/301/323 192/302/324 208/318/340 207/317/339
f 192/302/324 193/303/325 209/319/341 208/318/340
f 193/303/325 194/304/326 210/320/342 209/319/341
f 194/304/326 195/305/327 211/321/343 210/320/342
f 195/305/327 196/488/328 212/487/344 211/321/343
f 196/306/328 197/307/329 213/323/345 212/322/344
f 197/307/329 198/308/330 214/324/346 213/323/345
f 198/308/330 199/309/331 215/325/347 214/324/346
f 199/309/331 200/310/332 216/326/348 215/325/347
f 200/310/332 201/311/333 217/327/349 216/326/348
f 201/311/333 202/312/334 218/328/350 217/327/349
f 202/312/334 203/313/335 219/329/351 218/328/350
f 203/313/335 204/314/336 220/330/352 219/329/351
f 204/314/336 189/300/322 205/316/338 220/330/352
f 205/316/338 206/315/337 222/331/353 221/332/354
f 206/315/337 207/317/339 223/333/355 222/331/353
f 207/317/339 208/318/340 224/334/356 223/333/355
f 208/318/340 209/319/341 225/335/357 224/334/356
f 209/319/341 210/320/342 226/336/358 225/335/357
f 210/320/342 211/321/343 227/337/359 226/336/358
f 211/321/343 212/487/344 228/486/360 227/337/359
f 212/322/344 213/323/345 229/339/361 228/338/360
f 213/323/345 214/324/346 230/340/362 229/339/361
f 214/324/346 215/325/347 231/341/363 230/340/362
f 215/325/347 216/326/348 232/342/364 231/341/363
f 216/326/348 217/327/349 233/343/365 232/342/364
f 217/327/349 218/328/350 234/344/366 233/343/365
f 218/328/350 219/329/351 235/345/367 234/344/366
f 219/329/351 220/330/352 236/346/368 235/345/367
f 220/330/352 205/316/338 221/332/354 236/346/368
f 221/332/354 222/331/353 238/347/369 237/348/370
f 222/331/353 223/333/355 239/349/371 238/347/369
f 223/333/355 224/334/356 240/350/372 239/349/371
f 224/334/356 225/335/357 241/351/373 240/350/372
f 225/335/357 226/336/358 242/352/374 241/351/373
f 226/336/358 227/337/359 243/353/375 242/352/374
f 227/337/359 228/486/360 244/485/376 243/353/375
f 228/338/360 229/339/361 245/355/377 244/354/376
f 229/339/361 230/340/362 246/356/378 245/355/377
f 230/340/362 231/341/363 247/357/379 246/356/378
f 231/341/363 232/342/364 248/358/380 247/357/379
f 232/342/364 233/343/365 249/359/381 248/358/380
f 233/343/365 234/344/366 250/360/382 249/359/381
f 234/344/366 235/345/367 251/361/383 250/360/382
f 235/345/367 236/346/368 252/362/384 251/361/383
f 236/346/368 221/332/354 237/348/370 252/362/384
f 237/348/370 238/347/369 254/363/385 253/364/386
f 238/347/369 239/349/371 255/365/387 254/363/385
f 239/349/371 240/350/372 256/366/388 255/365/387
f 240/350/372 241/351/373 257/367/389 256/366/388
f 241/351/373 242/352/374 258/368/390 257/367/389
f 242/352/374 243/353/375 259/369/391 258/368/390
f 243/353/375 244/485/376 260/484/392 259/369/391
f 244/354/376 245/355/377 261/371/393 260/370/392
f 245/355/377 246/356/378 262/372/394 261/371/393
f 246/356/378 247/357/379 263/373/395 262/372/394
f 247/357/379 248/358/380 264/374/396 263/373/395
f 248/358/380 249/359/381 265/375/397 264/374/396
f 249/359/381 250/360/382 266/376/398 265/375/397
f 250/360/382 251/361/383 267/377/399 266/376/398
f 251/361/383 252/362/384 268/378/400 267/377/399
f 252/362/384 237/348/370 253/364/386 268/378/400
f 253/364/386 254/363/385 270/379/401 269/380/402
f 254/363/385 255/365/387 271/381/403 270/379/401
f 255/365/387 256/366/388 272/382/404 271/381/403
f 256/366/388 257/367/389 273/383/405 272/382/404
f 257/367/389 258/368/390 274/384/406 273/383/405
f 258/368/390 259/369/391 275/385/407 274/384/406
f 259/369/391 260/484/392 276/483/408 275/385/407
f 260/370/392 261/371/393 277/387/409 276/386/408
f 261/371/393 262/372/394 278/388/410 277/387/409
f 262/372/394 263/373/395 279/389/411 278/388/410
f 263/373/395 264/374/396 280/390/412 279/389/411
f 264/374/396 265/375/397 281/391/413 280/390/412
f 265/375/397 266/376/398 282/392/414 281/391/413
f 266/376/398 267/377/399 283/393/415 282/392/414
f 267/377/399 268/378/400 284/394/416 283/393/415
f 268/378/400 253/364/386 269/380/402 284/394/416
f 269/380/402 270/379/401 286/395/417 285/396/418
f 270/379/401 271/381/403 287/397/419 286/395/417
f 271/381/403 272/382/404 288/398/420 287/397/419
f 272/382/404 273/383/405 289/399/421 288/398/420
f 273/383/405 274/384/406 290/400/422 289/399/421
f 274/384/406 275/385/407 291/401/423 290/400/422
f 275/385/407 276/483/408 292/482/424 291/401/423
f 276/386/408 277/387/409 293/403/425 292/402/424
f 277/387/409 278/388/410 294/404/426 293/403/425
f 278/388/410 279/389/411 295/405/427 294/404/426
f 279/389/411 280/390/412 296/406/428 295/405/427
f 280/390/412 281/391/413 297/407/429 296/406/428
f 281/391/413 282/392/414 298/408/430 297/407/429
f 282/392/414 283/393/415 299/409/431 298/408/430
f 283/393/415 284/394/416 300/410/432 299/409/431
f 284/394/416 269/380/402 285/396/418 300/410/432
f 285/396/418 286/395/417 302/411/433 301/412/434
f 286/395/417 287/397/419 303/413/435 302/411/433
f 287/397/419 288/398/420 304/414/436 303/413/435
f 288/398/420 289/399/421 305/415/437 304/414/436
f 289/399/421 290/400/422 306/416/438 305/415/437
f 290/400/422 291/401/423 307/417/439 306/416/438
f 291/401/423 292/482/424 308/481/440 307/417/439
f 292/402/424 293/403/425 309/419/441 308/418/440
f 293/403/425 294/404/426 310/420/442 309/419/441
f 294/404/426 295/405/427 311/421/443 310/420/442
f 295/405/427 296/406/428 312/422/444 311/421/443
f 296/406/428 297/407/429 313/423/445 312/422/444
f 297/407/429 298/408/430 314/424/446 313/423/445
f 298/408/430 299/409/431 315/425/447 314/424/446
f 299/409/431 300/410/432 316/426/448 315/425/447
f 300/410/432 285/396/418 301/412/434 316/426/448
f 301/412/434 302/411/433 318/427/449 317/428/450
f 302/411/433 303/413/435 319/429/451 318/427/449
f 303/413/435 304/414/436 320/430/452 319/429/451
f 304/414/436 305/415/437 321/431/453 320/430/452
f 305/415/437 306/416/438 322/432/454 321/431/453
f 306/416/438 307/417/439 323/433/455 322/432/454
f 307/417/439 308/481/440 324/480/456 323/433/455
f 308/418/440 309/419/441 325/435/457 324/434/456
f 309/419/441 310/420/442 326/436/458 325/435/457
f 310/420/442 311/421/443 327/437/459 326/436/458
f 311/421/443 312/422/444 328/438/460 327/437/459
f 312/422/444 313/423/445 329/439/461 328/438/460
f 313/423/445 314/424/446 330/440/462 329/439/461
f 314/424/446 315/425/447 331/441/463 330/440/462
f 315/425/447 316/426/448 332/442/464 331/441/463
f 316/426/448 301/412/434 317/428/450 332/442/464
f 317/428/450 318/427/449 334/443/465 333/444/466
f 318/427/449 319/429/451 335/445/467 334/443/465
f 319/429/451 320/430/452 336/446/468 335/445/467
f 320/430/452 321/431/453 337/447/469 336/446/468
f 321/431/453 322/432/454 338/448/470 337/447/469
f 322/432/454 323/433/455 339/449/471 338/448/470
f 323/433/455 324/480/456 340/479/472 339/449/471
f 324/434/456 325/435/457 341/451/473 340/450/472
f 325/435/457 326/436/458 342/452/474 341/451/473
f 326/436/458 327/437/459 343/453/475 342/452/474
f 327/437/459 328/438/460 344/454/476 343/453/475
f 328/438/460 329/439/461 345/455/477 344/454/476
f 329/439/461 330/440/462 346/456/478 345/455/477
f 330/440/462 331/441/463 347/457/479 346/456/478
f 331/441/463 332/442/464 348/458/480 347/457/479
f 332/442/464 317/428/450 333/444/466 348/458/480
f 333/444/466 334/443/465 350/459/481 349/460/482
f 334/443/465 335/445/467 351/461/483 350/459/481
f 335/445/467 336/446/468 352/462/484 351/461/483
f 336/446/468 337/447/469 353/463/485 352/462/484
f 337/447/469 338/448/470 354/464/486 353/463/485
f 338/448/470 339/449/471 355/465/487 354/464/486
f 339/449/471 340/479/472 356/477/488 355/465/487
f 340/450/472 341/451/473 357/467/489 356/466/488
f 341/451/473 342/452/474 358/468/490 357/467/489
f 342/452/474 343/453/475 359/469/491 358/468/490
f 343/453/475 344/454/476 360/470/492 359/469/491
f 344/454/476 345/455/477 361/471/493 360/470/492
f 345/455/477 346/456/478 362/472/494 361/471/493
f 346/456/478 347/457/479 363/473/495 362/472/494
f 347/457/479 348/458/480 364/474/496 363/473/495
f 348/458/480 333/444/466 349/460/482 364/474/496
f 126/236/258 125/235/257 365/475/497
f 127/239/261 126/236/258 365/475/497
f 128/241/263 127/239/261 365/475/497
f 129/243/265 128/241/263 365/475/497
f 130/245/267 129/243/265 365/475/497
f 131/247/269 130/245/267 365/475/497
f 132/249/271 131/247/269 365/475/497
f 133/251/273 132/478/271 365/475/497
f 134/253/275 133/251/273 365/475/497
f 135/255/277 134/253/275 365/475/497
f 136/257/279 135/255/277 365/475/497
f 137/259/281 136/257/279 365/475/497
f 138/261/283 137/259/281 365/475/497
f 139/263/285 138/261/283 365/475/497
f 140/265/287 139/263/285 365/475/497
f 125/235/257 140/265/287 365/475/497
f 349/460/482 350/459/481 366/476/498
f 350/459/481 351/461/483 366/476/498
f 351/461/483 352/462/484 366/476/498
f 352/462/484 353/463/485 366/476/498
f 353/463/485 354/464/486 366/476/498
f 354/464/486 355/465/487 366/476/498
f 355/465/487 356/477/488 366/476/498
f 356/466/488 357/467/489 366/476/498
f 357/467/489 358/468/490 366/476/498
f 358/468/490 359/469/491 366/476/498
f 359/469/491 360/470/492 366/476/498
f 360/470/492 361/471/493 366/476/498
f 361/471/493 362/472/494 366/476/498
f 362/472/494 363/473/495 366/476/498
f 363/473/495 364/474/496 366/476/498
f 364/474/496 349/460/482 366/476/498
g default
v 0.024838 1.054299 1.465854
v 0.011604 1.054299 1.439879
v -0.009010 1.054299 1.419265
v -0.034985 1.054299 1.406030
v -0.063779 1.054299 1.401470
v -0.092572 1.054299 1.406030
v -0.118547 1.054299 1.419265
v -0.139161 1.054299 1.439879
v -0.152396 1.054299 1.465854
v -0.156956 1.054299 1.494647
v -0.152396 1.054299 1.523441
v -0.139161 1.054299 1.549416
v -0.118547 1.054299 1.570029
v -0.092572 1.054299 1.583265
v -0.063779 1.054299 1.587825
v -0.034985 1.054299 1.583265
v -0.009010 1.054299 1.570029
v 0.011604 1.054299 1.549416
v 0.024839 1.054299 1.523441
v 0.029399 1.054299 1.494647
v 0.024838 1.067353 1.465854
v 0.011604 1.067353 1.439879
v -0.009010 1.067353 1.419265
v -0.034985 1.067353 1.406030
v -0.063779 1.067353 1.401470
v -0.092572 1.067353 1.406030
v -0.118547 1.067353 1.419265
v -0.139161 1.067353 1.439879
v -0.152396 1.067353 1.465854
v -0.156956 1.067353 1.494647
v -0.152396 1.067353 1.523441
v -0.139161 1.067353 1.549416
v -0.118547 1.067353 1.570029
v -0.092572 1.067353 1.583265
v -0.063779 1.067353 1.587825
v -0.034985 1.067353 1.583265
v -0.009010 1.067353 1.570029
v 0.011604 1.067353 1.549416
v 0.024839 1.067353 1.523441
v 0.029399 1.067353 1.494647
v -0.048826 1.054771 1.589054
v -0.048826 1.066880 1.589054
v -0.020385 1.054771 1.579813
v -0.020385 1.066880 1.579813
v 0.003809 1.054771 1.562235
v 0.003809 1.066880 1.562235
v 0.021387 1.054771 1.538041
v 0.021387 1.066880 1.538041
v 0.030628 1.054771 1.509600
v 0.030628 1.066880 1.509600
v 0.030628 1.054771 1.479695
v 0.030628 1.066880 1.479695
v 0.021387 1.054771 1.451253
v 0.021387 1.066880 1.451253
v 0.003809 1.054771 1.427060
v 0.003809 1.066880 1.427060
v -0.020385 1.054771 1.409482
v -0.020385 1.066880 1.409482
v -0.048826 1.054771 1.400241
v -0.048826 1.066880 1.400241
v -0.078731 1.054771 1.400241
v -0.078731 1.066880 1.400241
v -0.107173 1.054771 1.409482
v -0.107173 1.066880 1.409482
v -0.131366 1.054771 1.427060
v -0.131366 1.066880 1.427060
v -0.148944 1.054771 1.451253
v -0.148944 1.066880 1.451253
v -0.158185 1.054771 1.479695
v -0.158185 1.066880 1.479695
v -0.158185 1.054771 1.509600
v -0.158185 1.066880 1.509600
v -0.148944 1.054771 1.538041
v -0.148944 1.066880 1.538041
v -0.131366 1.054771 1.562235
v -0.131366 1.066880 1.562235
v -0.107173 1.054771 1.579813
v -0.107173 1.066880 1.579813
v -0.078731 1.054771 1.589054
v -0.078731 1.066880 1.589054
v 0.028768 1.057671 1.459132
v 0.026256 1.057671 1.454200
v 0.026256 1.063980 1.454200
v 0.028768 1.063980 1.459132
v 0.013264 1.057671 1.432271
v 0.009350 1.057671 1.428358
v 0.009350 1.063980 1.428358
v 0.013264 1.063980 1.432271
v -0.009782 1.057671 1.411517
v -0.014713 1.057671 1.409004
v -0.014713 1.063980 1.409004
v -0.009782 1.063980 1.411517
v -0.038113 1.057671 1.398900
v -0.043580 1.057671 1.398034
v -0.043580 1.063980 1.398034
v -0.038113 1.063980 1.398900
v -0.068957 1.057671 1.395655
v -0.074424 1.057671 1.396521
v -0.074424 1.063980 1.396521
v -0.068957 1.063980 1.395655
v -0.099294 1.057671 1.402100
v -0.104226 1.057671 1.404613
v -0.104226 1.063980 1.404613
v -0.099294 1.063980 1.402100
v -0.126155 1.057671 1.417605
v -0.130068 1.057671 1.421518
v -0.130068 1.063980 1.421518
v -0.126155 1.063980 1.417605
v -0.146909 1.057671 1.440650
v -0.149422 1.057671 1.445582
v -0.149422 1.063980 1.445582
v -0.146909 1.063980 1.440650
v -0.159526 1.057671 1.468982
v -0.160392 1.057671 1.474449
v -0.160392 1.063980 1.474449
v -0.159526 1.063980 1.468982
v -0.162771 1.057671 1.499826
v -0.161905 1.057671 1.505292
v -0.161905 1.063980 1.505292
v -0.162771 1.063980 1.499826
v -0.156326 1.057671 1.530163
v -0.153813 1.057671 1.535095
v -0.153813 1.063980 1.535095
v -0.156326 1.063980 1.530163
v -0.140821 1.057671 1.557023
v -0.136908 1.057671 1.560937
v -0.136908 1.063980 1.560937
v -0.140821 1.063980 1.557023
v -0.117776 1.057671 1.577778
v -0.112844 1.057671 1.580290
v -0.112844 1.063980 1.580290
v -0.117776 1.063980 1.577778
v -0.089444 1.057671 1.590395
v -0.083977 1.057671 1.591261
v -0.083977 1.063980 1.591261
v -0.089444 1.063980 1.590395
v -0.058600 1.057671 1.593640
v -0.053133 1.057671 1.592774
v -0.053133 1.063980 1.592774
v -0.058600 1.063980 1.593640
v -0.028263 1.057671 1.587194
v -0.023332 1.057671 1.584682
v -0.023332 1.063980 1.584682
v -0.028263 1.063980 1.587194
v -0.001403 1.057671 1.571690
v 0.002511 1.057671 1.567776
v 0.002511 1.063980 1.567776
v -0.001403 1.063980 1.571690
v 0.019352 1.057671 1.548644
v 0.021864 1.057671 1.543713
v 0.021864 1.063980 1.543713
v 0.019352 1.063980 1.548644
v 0.031969 1.057671 1.520313
v 0.032835 1.057671 1.514846
v 0.032835 1.063980 1.514846
v 0.031969 1.063980 1.520313
v 0.035214 1.057671 1.489469
v 0.034348 1.057671 1.484002
v 0.034348 1.063980 1.484002
v 0.035214 1.063980 1.489469
v -0.043580 1.057671 1.591261
v -0.038113 1.057671 1.590395
v -0.038113 1.063980 1.590395
v -0.043580 1.063980 1.591261
v -0.014713 1.057671 1.580290
v -0.009782 1.057671 1.577778
v -0.009782 1.063980 1.577778
v -0.014713 1.063980 1.580290
v 0.009350 1.057671 1.560937
v 0.013264 1.057671 1.557023
v 0.013264 1.063980 1.557023
v 0.009350 1.063980 1.560937
v 0.026256 1.057671 1.535095
v 0.028768 1.057671 1.530163
v 0.028768 1.063980 1.530163
v 0.026256 1.063980 1.535095
v 0.034348 1.057671 1.505292
v 0.035214 1.057671 1.499826
v 0.035214 1.063980 1.499826
v 0.034348 1.063980 1.505292
v 0.032835 1.057671 1.474448
v 0.031969 1.057671 1.468982
v 0.031969 1.063980 1.468982
v 0.032835 1.063980 1.474448
v 0.021864 1.057671 1.445582
v 0.019352 1.057671 1.440650
v 0.019352 1.063980 1.440650
v 0.021864 1.063980 1.445582
v 0.002511 1.057671 1.421518
v -0.001403 1.057671 1.417605
v -0.001403 1.063980 1.417605
v 0.002511 1.063980 1.421518
v -0.023332 1.057671 1.404613
v -0.028263 1.057671 1.402100
v -0.028263 1.063980 1.402100
v -0.023332 1.063980 1.404613
v -0.053133 1.057671 1.396521
v -0.058600 1.057671 1.395655
v -0.058600 1.063980 1.395655
v -0.053133 1.063980 1.396521
v -0.083977 1.057671 1.398034
v -0.089444 1.057671 1.398900
v -0.089444 1.063980 1.398900
v -0.083977 1.063980 1.398034
v -0.112844 1.057671 1.409004
v -0.117776 1.057671 1.411517
v -0.117776 1.063980 1.411517
v -0.112844 1.063980 1.409004
v -0.136908 1.057671 1.428358
v -0.140821 1.057671 1.432271
v -0.140821 1.063980 1.432271
v -0.136908 1.063980 1.428358
v -0.153813 1.057671 1.454200
v -0.156326 1.057671 1.459132
v -0.156326 1.063980 1.459132
v -0.153813 1.063980 1.454200
v -0.161905 1.057671 1.484002
v -0.162771 1.057671 1.489469
v -0.162771 1.063980 1.489469
v -0.161905 1.063980 1.484002
v -0.160392 1.057671 1.514846
v -0.159526 1.057671 1.520313
v -0.159526 1.063980 1.520313
v -0.160392 1.063980 1.514846
v -0.149422 1.057671 1.543713
v -0.146909 1.057671 1.548644
v -0.146909 1.063980 1.548644
v -0.149422 1.063980 1.543713
v -0.130068 1.057671 1.567776
v -0.126155 1.057671 1.571690
v -0.126155 1.063980 1.571690
v -0.130068 1.063980 1.567776
v -0.104226 1.057671 1.584682
v -0.099294 1.057671 1.587194
v -0.099294 1.063980 1.587194
v -0.104226 1.063980 1.584682
v -0.074424 1.057671 1.592774
v -0.068957 1.057671 1.593639
v -0.068957 1.063980 1.593639
v -0.074424 1.063980 1.592774
v -0.086761 1.056842 1.398149
v -0.090081 1.060826 1.398675
v -0.086761 1.064809 1.398149
v -0.083441 1.060826 1.397624
v -0.115456 1.056842 1.409974
v -0.118451 1.060826 1.411500
v -0.115456 1.064809 1.409974
v -0.112461 1.060826 1.408449
v -0.139092 1.056842 1.430087
v -0.141468 1.060826 1.432464
v -0.139092 1.064809 1.430087
v -0.136715 1.060826 1.427711
v -0.155356 1.056842 1.456520
v -0.156882 1.060826 1.459515
v -0.155356 1.064809 1.456520
v -0.153830 1.060826 1.453525
v -0.162655 1.056842 1.486685
v -0.163181 1.060826 1.490005
v -0.162655 1.064809 1.486685
v -0.162129 1.060826 1.483365
v -0.160276 1.056842 1.517630
v -0.159751 1.060826 1.520949
v -0.160276 1.064809 1.517630
v -0.160802 1.060826 1.514310
v -0.148452 1.056842 1.546324
v -0.146926 1.060826 1.549319
v -0.148452 1.064809 1.546324
v -0.149978 1.060826 1.543329
v -0.128338 1.056842 1.569960
v -0.125962 1.060826 1.572337
v -0.128338 1.064809 1.569960
v -0.130715 1.060826 1.567583
v -0.101906 1.056842 1.586224
v -0.098911 1.060826 1.587750
v -0.101906 1.064809 1.586224
v -0.104901 1.060826 1.584698
v -0.071741 1.056842 1.593524
v -0.068421 1.060826 1.594050
v -0.071741 1.064809 1.593524
v -0.075061 1.060826 1.592998
v 0.024743 1.056155 1.453253
v 0.028646 1.056155 1.460912
v 0.022507 1.060826 1.450682
v 0.024743 1.065496 1.453253
v 0.028646 1.065496 1.460912
v 0.029311 1.060826 1.464400
v 0.007619 1.056155 1.427924
v 0.013697 1.056155 1.434002
v 0.004698 1.060826 1.426170
v 0.007619 1.065496 1.427924
v 0.013697 1.065496 1.434002
v 0.015409 1.060826 1.437114
v -0.016493 1.056155 1.409127
v -0.008835 1.056155 1.413029
v -0.019814 1.060826 1.408362
v -0.016493 1.065496 1.409127
v -0.008835 1.065496 1.413029
v -0.006246 1.060826 1.415460
v -0.045235 1.056155 1.398700
v -0.036745 1.056155 1.400045
v -0.048629 1.060826 1.398999
v -0.045235 1.065496 1.398700
v -0.036745 1.065496 1.400045
v -0.033532 1.060826 1.401557
v -0.075792 1.056155 1.397666
v -0.067302 1.056155 1.396322
v -0.078928 1.060826 1.398999
v -0.075792 1.065496 1.397666
v -0.067302 1.065496 1.396322
v -0.063779 1.060826 1.396767
v -0.105173 1.056155 1.406125
v -0.097514 1.056155 1.402223
v -0.107744 1.060826 1.408362
v -0.105173 1.065496 1.406125
v -0.097514 1.065496 1.402223
v -0.094026 1.060826 1.401557
v -0.130502 1.056155 1.423249
v -0.124424 1.056155 1.417171
v -0.132255 1.060826 1.426170
v -0.130502 1.065496 1.423249
v -0.124424 1.065496 1.417171
v -0.121312 1.060826 1.415460
v -0.149299 1.056155 1.447362
v -0.145397 1.056155 1.439703
v -0.150064 1.060826 1.450682
v -0.149299 1.065496 1.447362
v -0.145397 1.065496 1.439703
v -0.142966 1.060826 1.437114
v -0.159725 1.056155 1.476104
v -0.158381 1.056155 1.467614
v -0.159427 1.060826 1.479498
v -0.159725 1.065496 1.476104
v -0.158381 1.065496 1.467614
v -0.156869 1.060826 1.464400
v -0.160760 1.056155 1.506661
v -0.162104 1.056155 1.498171
v -0.159427 1.060826 1.509797
v -0.160760 1.065496 1.506661
v -0.162104 1.065496 1.498171
v -0.161659 1.060826 1.494647
v -0.152301 1.056155 1.536042
v -0.156203 1.056155 1.528383
v -0.150064 1.060826 1.538612
v -0.152301 1.065496 1.536042
v -0.156203 1.065496 1.528383
v -0.156869 1.060826 1.524894
v -0.135177 1.056155 1.561370
v -0.141255 1.056155 1.555292
v -0.132255 1.060826 1.563124
v -0.135177 1.065496 1.561370
v -0.141255 1.065496 1.555292
v -0.142966 1.060826 1.552180
v -0.111064 1.056155 1.580168
v -0.118723 1.056155 1.576265
v -0.107744 1.060826 1.580933
v -0.111064 1.065496 1.580168
v -0.118723 1.065496 1.576265
v -0.121312 1.060826 1.573834
v -0.082322 1.056155 1.590594
v -0.090812 1.056155 1.589249
v -0.078928 1.060826 1.590295
v -0.082322 1.065496 1.590594
v -0.090812 1.065496 1.589249
v -0.094026 1.060826 1.587737
v -0.051765 1.056155 1.591628
v -0.060255 1.056155 1.592973
v -0.048629 1.060826 1.590296
v -0.051765 1.065496 1.591628
v -0.060255 1.065496 1.592973
v -0.063779 1.060826 1.592528
v -0.022384 1.056155 1.583169
v -0.030043 1.056155 1.587072
v -0.019814 1.060826 1.580933
v -0.022384 1.065496 1.583169
v -0.030043 1.065496 1.587072
v -0.033532 1.060826 1.587738
v 0.002944 1.056155 1.566045
v -0.003134 1.056155 1.572123
v 0.004698 1.060826 1.563124
v 0.002944 1.065496 1.566045
v -0.003134 1.065496 1.572123
v -0.006246 1.060826 1.573834
v 0.021742 1.056155 1.541933
v 0.017839 1.056155 1.549591
v 0.022507 1.060826 1.538612
v 0.021742 1.065496 1.541933
v 0.017839 1.065496 1.549591
v 0.015409 1.060826 1.552180
v 0.032168 1.056155 1.513191
v 0.030823 1.056155 1.521681
v 0.031870 1.060826 1.509797
v 0.032168 1.065496 1.513191
v 0.030823 1.065496 1.521681
v 0.029312 1.060826 1.524894
v 0.033202 1.056155 1.482634
v 0.034547 1.056155 1.491124
v 0.031870 1.060826 1.479498
v 0.033202 1.065496 1.482634
v 0.034547 1.065496 1.491124
v 0.034102 1.060826 1.494647
v -0.036745 1.056155 1.589249
v -0.045235 1.056155 1.590594
v -0.036745 1.065496 1.589249
v -0.045235 1.065496 1.590594
v -0.008835 1.056155 1.576265
v -0.016493 1.056155 1.580168
v -0.008835 1.065496 1.576265
v -0.016493 1.065496 1.580168
v 0.013698 1.056155 1.555292
v 0.007619 1.056155 1.561370
v 0.013698 1.065496 1.555292
v 0.007619 1.065496 1.561370
v 0.028646 1.056155 1.528383
v 0.024744 1.056155 1.536042
v 0.028646 1.065496 1.528383
v 0.024744 1.065496 1.536042
v 0.034547 1.056155 1.498171
v 0.033202 1.056155 1.506661
v 0.034547 1.065496 1.498171
v 0.033202 1.065496 1.506661
v 0.030823 1.056155 1.467614
v 0.032168 1.056155 1.476104
v 0.030823 1.065496 1.467614
v 0.032168 1.065496 1.476104
v 0.017839 1.056155 1.439703
v 0.021742 1.056155 1.447362
v 0.017839 1.065496 1.439703
v 0.021742 1.065496 1.447362
v -0.003134 1.056155 1.417171
v 0.002944 1.056155 1.423249
v -0.003134 1.065496 1.417171
v 0.002944 1.065496 1.423249
v -0.030043 1.056155 1.402223
v -0.022384 1.056155 1.406125
v -0.030043 1.065496 1.402223
v -0.022384 1.065496 1.406125
v -0.060255 1.056155 1.396322
v -0.051765 1.056155 1.397666
v -0.060255 1.065496 1.396322
v -0.051765 1.065496 1.397666
v -0.090812 1.056155 1.400045
v -0.082322 1.056155 1.398700
v -0.090812 1.065496 1.400045
v -0.082322 1.065496 1.398700
v -0.118723 1.056155 1.413029
v -0.111064 1.056155 1.409127
v -0.118723 1.065496 1.413029
v -0.111064 1.065496 1.409127
v -0.141255 1.056155 1.434002
v -0.135177 1.056155 1.427924
v -0.141255 1.065496 1.434002
v -0.135177 1.065496 1.427924
v -0.156203 1.056155 1.460912
v -0.152301 1.056155 1.453253
v -0.156203 1.065496 1.460912
v -0.152301 1.065496 1.453253
v -0.162104 1.056155 1.491124
v -0.160760 1.056155 1.482634
v -0.162104 1.065496 1.491124
v -0.160760 1.065496 1.482634
v -0.158381 1.056155 1.521681
v -0.159725 1.056155 1.513191
v -0.158381 1.065496 1.521681
v -0.159725 1.065496 1.513191
v -0.145397 1.056155 1.549591
v -0.149299 1.056155 1.541933
v -0.145397 1.065496 1.549591
v -0.149299 1.065496 1.541933
v -0.124424 1.056155 1.572123
v -0.130502 1.056155 1.566045
v -0.124424 1.065496 1.572123
v -0.130502 1.065496 1.566045
v -0.097514 1.056155 1.587072
v -0.105173 1.056155 1.583169
v -0.097514 1.065496 1.587072
v -0.105173 1.065496 1.583169
v -0.067302 1.056155 1.592973
v -0.075792 1.056155 1.591628
v -0.067302 1.065496 1.592973
v -0.075792 1.065496 1.591628
v 0.027798 1.056842 1.456520
v 0.026272 1.060826 1.453525
v 0.027798 1.064809 1.456520
v 0.029324 1.060826 1.459515
v 0.011534 1.056842 1.430087
v 0.009157 1.060826 1.427711
v 0.011534 1.064809 1.430087
v 0.013911 1.060826 1.432464
v -0.012102 1.056842 1.409974
v -0.015097 1.060826 1.408449
v -0.012102 1.064809 1.409974
v -0.009107 1.060826 1.411500
v -0.040796 1.056842 1.398149
v -0.044116 1.060826 1.397624
v -0.040796 1.064809 1.398149
v -0.037476 1.060826 1.398675
v -0.071741 1.056842 1.395771
v -0.075061 1.060826 1.396297
v -0.071741 1.064809 1.395771
v -0.068421 1.060826 1.395245
v -0.101906 1.056842 1.403070
v -0.104901 1.060826 1.404596
v -0.101906 1.064809 1.403070
v -0.098911 1.060826 1.401544
v -0.128338 1.056842 1.419334
v -0.130715 1.060826 1.421711
v -0.128338 1.064809 1.419334
v -0.125962 1.060826 1.416958
v -0.148452 1.056842 1.442971
v -0.149978 1.060826 1.445965
v -0.148452 1.064809 1.442971
v -0.146926 1.060826 1.439975
v -0.160276 1.056842 1.471665
v -0.160802 1.060826 1.474985
v -0.160276 1.064809 1.471665
v -0.159751 1.060826 1.468345
v -0.162655 1.056842 1.502609
v -0.162129 1.060826 1.505929
v -0.162655 1.064809 1.502609
v -0.163181 1.060826 1.499290
v -0.155356 1.056842 1.532774
v -0.153830 1.060826 1.535769
v -0.155356 1.064809 1.532774
v -0.156882 1.060826 1.529779
v -0.139092 1.056842 1.559207
v -0.136715 1.060826 1.561584
v -0.139092 1.064809 1.559207
v -0.141468 1.060826 1.556830
v -0.115456 1.056842 1.579320
v -0.112461 1.060826 1.580846
v -0.115456 1.064809 1.579320
v -0.118450 1.060826 1.577794
v -0.086761 1.056842 1.591145
v -0.083441 1.060826 1.591671
v -0.086761 1.064809 1.591145
v -0.090081 1.060826 1.590619
v -0.055817 1.056842 1.593524
v -0.052497 1.060826 1.592998
v -0.055817 1.064809 1.593524
v -0.059136 1.060826 1.594050
v -0.025651 1.056842 1.586224
v -0.022657 1.060826 1.584698
v -0.025651 1.064809 1.586224
v -0.028646 1.060826 1.587750
v 0.000781 1.056842 1.569960
v 0.003158 1.060826 1.567583
v 0.000781 1.064809 1.569960
v -0.001596 1.060826 1.572337
v 0.020894 1.056842 1.546324
v 0.022420 1.060826 1.543329
v 0.020894 1.064809 1.546324
v 0.019368 1.060826 1.549319
v 0.032719 1.056842 1.517630
v 0.033245 1.060826 1.514310
v 0.032719 1.064809 1.517630
v 0.032193 1.060826 1.520949
v 0.035098 1.056842 1.486685
v 0.034572 1.060826 1.483365
v 0.035098 1.064809 1.486685
v 0.035624 1.060826 1.490005
v 0.014203 1.053569 1.448513
v 0.019381 1.053569 1.458675
v 0.015858 1.053226 1.468772
v 0.003964 1.053226 1.445429
v -0.003870 1.053569 1.426673
v 0.004195 1.053569 1.434738
v -0.014561 1.053226 1.426904
v -0.027807 1.053569 1.411487
v -0.017644 1.053569 1.416665
v -0.037904 1.053226 1.415011
v -0.055265 1.053569 1.404442
v -0.044000 1.053569 1.406226
v -0.063779 1.053226 1.410913
v -0.083557 1.053569 1.406226
v -0.072292 1.053569 1.404442
v -0.089655 1.053226 1.415011
v -0.109913 1.053569 1.416665
v -0.099751 1.053569 1.411487
v -0.112997 1.053226 1.426905
v -0.131753 1.053569 1.434738
v -0.123688 1.053569 1.426673
v -0.131522 1.053226 1.445430
v -0.146939 1.053569 1.458675
v -0.141761 1.053569 1.448513
v -0.143415 1.053226 1.468773
v -0.153984 1.053569 1.486134
v -0.152200 1.053569 1.474869
v -0.147513 1.053226 1.494648
v -0.152200 1.053569 1.514426
v -0.153984 1.053569 1.503161
v -0.143415 1.053226 1.520524
v -0.141761 1.053569 1.540782
v -0.146939 1.053569 1.530619
v -0.131521 1.053226 1.543866
v -0.123688 1.053569 1.562621
v -0.131753 1.053569 1.554556
v -0.112996 1.053226 1.562391
v -0.099751 1.053569 1.577807
v -0.109913 1.053569 1.572629
v -0.089654 1.053226 1.574284
v -0.072292 1.053569 1.584853
v -0.083557 1.053569 1.583069
v -0.063778 1.053226 1.578382
v -0.044000 1.053569 1.583069
v -0.055265 1.053569 1.584853
v -0.037903 1.053226 1.574284
v -0.017644 1.053569 1.572629
v -0.027807 1.053569 1.577807
v -0.014560 1.053226 1.562390
v 0.004195 1.053569 1.554556
v -0.003870 1.053569 1.562621
v 0.003964 1.053226 1.543865
v 0.019381 1.053569 1.530619
v 0.014203 1.053569 1.540782
v 0.015858 1.053226 1.520522
v 0.026427 1.053569 1.503161
v 0.024643 1.053569 1.514426
v 0.019956 1.053226 1.494647
v 0.024643 1.053569 1.474869
v 0.026427 1.053569 1.486134
v 0.019381 1.068083 1.458675
v 0.014203 1.068083 1.448513
v 0.004016 1.068426 1.445391
v 0.015919 1.068426 1.468752
v 0.004195 1.068083 1.434738
v -0.003870 1.068083 1.426673
v -0.014523 1.068426 1.426853
v -0.017644 1.068083 1.416665
v -0.027807 1.068083 1.411487
v -0.037884 1.068426 1.414950
v -0.044000 1.068083 1.406226
v -0.055265 1.068083 1.404442
v -0.063779 1.068426 1.410849
v -0.072292 1.068083 1.404442
v -0.083557 1.068083 1.406226
v -0.089674 1.068426 1.414950
v -0.099751 1.068083 1.411487
v -0.109913 1.068083 1.416665
v -0.113035 1.068426 1.426853
v -0.123688 1.068083 1.426673
v -0.131753 1.068083 1.434738
v -0.131574 1.068426 1.445392
v -0.141761 1.068083 1.448513
v -0.146939 1.068083 1.458675
v -0.143476 1.068427 1.468753
v -0.152200 1.068083 1.474869
v -0.153984 1.068083 1.486134
v -0.147578 1.068427 1.494648
v -0.153984 1.068083 1.503161
v -0.152200 1.068083 1.514426
v -0.143476 1.068427 1.520543
v -0.146939 1.068083 1.530619
v -0.141761 1.068083 1.540782
v -0.131573 1.068427 1.543904
v -0.131753 1.068083 1.554556
v -0.123688 1.068083 1.562621
v -0.113034 1.068427 1.562442
v -0.109913 1.068083 1.572629
v -0.099751 1.068083 1.577807
v -0.089674 1.068427 1.574345
v -0.083557 1.068083 1.583069
v -0.072292 1.068083 1.584853
v -0.063778 1.068426 1.578446
v -0.055265 1.068083 1.584853
v -0.044000 1.068083 1.583069
v -0.037883 1.068426 1.574345
v -0.027807 1.068083 1.577807
v -0.017644 1.068083 1.572629
v -0.014523 1.068426 1.562442
v -0.003870 1.068083 1.562621
v 0.004195 1.068083 1.554556
v 0.004016 1.068426 1.543903
v 0.014203 1.068083 1.540782
v 0.019381 1.068083 1.530619
v 0.015919 1.068426 1.520542
v 0.024643 1.068083 1.514426
v 0.026427 1.068083 1.503161
v 0.020020 1.068426 1.494647
v 0.026427 1.068083 1.486134
v 0.024643 1.068083 1.474869
v -0.040796 1.056842 1.591145
v -0.037476 1.060826 1.590619
v -0.040796 1.064809 1.591145
v -0.044116 1.060826 1.591671
v -0.012102 1.056842 1.579320
v -0.009107 1.060826 1.577794
v -0.012102 1.064809 1.579320
v -0.015097 1.060826 1.580846
v 0.011534 1.056842 1.559207
v 0.013911 1.060826 1.556830
v 0.011534 1.064809 1.559207
v 0.009157 1.060826 1.561584
v 0.027798 1.056842 1.532774
v 0.029324 1.060826 1.529779
v 0.027798 1.064809 1.532774
v 0.026272 1.060826 1.535769
v 0.035098 1.056842 1.502609
v 0.035624 1.060826 1.499290
v 0.035098 1.064809 1.502609
v 0.034572 1.060826 1.505929
v 0.032719 1.056842 1.471665
v 0.032193 1.060826 1.468345
v 0.032719 1.064809 1.471665
v 0.033245 1.060826 1.474985
v 0.020894 1.056842 1.442971
v 0.019368 1.060826 1.439975
v 0.020894 1.064809 1.442971
v 0.022420 1.060826 1.445965
v 0.000781 1.056842 1.419334
v -0.001596 1.060826 1.416958
v 0.000781 1.064809 1.419334
v 0.003158 1.060826 1.421711
v -0.025651 1.056842 1.403070
v -0.028646 1.060826 1.401544
v -0.025651 1.064809 1.403070
v -0.022657 1.060826 1.404596
v -0.055817 1.056842 1.395771
v -0.059136 1.060826 1.395245
v -0.055817 1.064809 1.395771
v -0.052497 1.060826 1.396297
v 0.028166 1.060826 1.456333
v 0.011826 1.060826 1.429796
v -0.011914 1.060826 1.409607
v -0.040732 1.060826 1.397742
v -0.071805 1.060826 1.395363
v -0.102093 1.060826 1.402702
v -0.128630 1.060826 1.419042
v -0.148819 1.060826 1.442783
v -0.160684 1.060826 1.471600
v -0.163063 1.060826 1.502674
v -0.155723 1.060826 1.532962
v -0.139383 1.060826 1.559499
v -0.115643 1.060826 1.579688
v -0.086825 1.060826 1.591552
v -0.055752 1.060826 1.593932
v -0.025464 1.060826 1.586592
v 0.001073 1.060826 1.570252
v 0.021262 1.060826 1.546512
v 0.033127 1.060826 1.517694
v 0.035506 1.060826 1.486621
v 0.010829 1.053226 1.456632
v -0.004570 1.053226 1.435438
v -0.025764 1.053226 1.420039
v -0.050680 1.053226 1.411944
v -0.076878 1.053226 1.411944
v -0.101794 1.053226 1.420040
v -0.122988 1.053226 1.435438
v -0.138387 1.053226 1.456633
v -0.146483 1.053226 1.481549
v -0.146482 1.053226 1.507747
v -0.138387 1.053226 1.532663
v -0.122988 1.053226 1.553857
v -0.101793 1.053226 1.569256
v -0.076877 1.053226 1.577351
v -0.050679 1.053226 1.577351
v -0.025763 1.053226 1.569255
v -0.004569 1.053226 1.553857
v 0.010830 1.053226 1.532662
v 0.018925 1.053226 1.507746
v 0.018925 1.053226 1.481548
v 0.010887 1.068426 1.456603
v -0.004524 1.068426 1.435392
v -0.025735 1.068426 1.419982
v -0.050670 1.068426 1.411880
v -0.076888 1.068426 1.411880
v -0.101823 1.068426 1.419983
v -0.123034 1.068426 1.435393
v -0.138444 1.068427 1.456604
v -0.146546 1.068427 1.481539
v -0.146546 1.068427 1.507757
v -0.138444 1.068427 1.532692
v -0.123033 1.068427 1.553903
v -0.101822 1.068427 1.569313
v -0.076887 1.068427 1.577415
v -0.050669 1.068426 1.577415
v -0.025734 1.068426 1.569313
v -0.004524 1.068426 1.553902
v 0.010887 1.068426 1.532691
v 0.018989 1.068426 1.507756
v 0.018988 1.068426 1.481538
v -0.040732 1.060826 1.591553
v -0.011914 1.060826 1.579688
v 0.011826 1.060826 1.559499
v 0.028166 1.060826 1.532962
v 0.035506 1.060826 1.502674
v 0.033127 1.060826 1.471600
v 0.021262 1.060826 1.442783
v 0.001073 1.060826 1.419042
v -0.025464 1.060826 1.402702
v -0.055752 1.060826 1.395363
v -0.086825 1.060826 1.397742
v -0.115643 1.060826 1.409607
v -0.139383 1.060826 1.429796
v -0.155723 1.060826 1.456333
v -0.163063 1.060826 1.486621
v -0.160684 1.060826 1.517694
v -0.148819 1.060826 1.546512
v -0.128630 1.060826 1.570252
v -0.102093 1.060826 1.586592
v -0.071805 1.060826 1.593931
v 0.026695 1.054599 1.457082
v 0.024093 1.060826 1.451976
v 0.026695 1.067052 1.457082
v 0.029296 1.060826 1.462188
v 0.010658 1.054599 1.430963
v 0.006606 1.060826 1.426911
v 0.010658 1.067052 1.430963
v 0.014710 1.060826 1.435015
v -0.012664 1.054599 1.411078
v -0.017770 1.060826 1.408476
v -0.012664 1.067052 1.411078
v -0.007558 1.060826 1.413680
v -0.040990 1.054599 1.399373
v -0.046650 1.060826 1.398476
v -0.040990 1.067052 1.399373
v -0.035330 1.060826 1.400269
v -0.071547 1.054599 1.396994
v -0.077207 1.060826 1.397890
v -0.071547 1.067052 1.396994
v -0.065887 1.060826 1.396098
v -0.101344 1.054599 1.404174
v -0.106449 1.060826 1.406775
v -0.101344 1.067052 1.404174
v -0.096238 1.060826 1.401572
v -0.127463 1.054599 1.420210
v -0.131515 1.060826 1.424262
v -0.127463 1.067052 1.420210
v -0.123411 1.060826 1.416158
v -0.147348 1.054599 1.443533
v -0.149950 1.060826 1.448639
v -0.147348 1.067052 1.443533
v -0.144746 1.060826 1.438427
v -0.159053 1.054599 1.471859
v -0.159949 1.060826 1.477519
v -0.159053 1.067052 1.471859
v -0.158157 1.060826 1.466199
v -0.161432 1.054599 1.502416
v -0.160535 1.060826 1.508076
v -0.161432 1.067052 1.502416
v -0.162328 1.060826 1.496756
v -0.154252 1.054599 1.532212
v -0.151650 1.060826 1.537318
v -0.154252 1.067052 1.532212
v -0.156854 1.060826 1.527106
v -0.138216 1.054599 1.558331
v -0.134164 1.060826 1.562383
v -0.138216 1.067052 1.558331
v -0.142268 1.060826 1.554279
v -0.114893 1.054599 1.578216
v -0.109787 1.060826 1.580818
v -0.114893 1.067052 1.578216
v -0.119999 1.060826 1.575615
v -0.086567 1.054599 1.589921
v -0.080907 1.060826 1.590818
v -0.086567 1.067052 1.589921
v -0.092227 1.060826 1.589025
v -0.056010 1.054599 1.592301
v -0.050350 1.060826 1.591404
v -0.056010 1.067052 1.592301
v -0.061670 1.060826 1.593197
v -0.026214 1.054599 1.585121
v -0.021108 1.060826 1.582519
v -0.026214 1.067052 1.585121
v -0.031320 1.060826 1.587722
v -0.000095 1.054599 1.569084
v 0.003957 1.060826 1.565032
v -0.000095 1.067052 1.569084
v -0.004147 1.060826 1.573136
v 0.019791 1.054599 1.545762
v 0.022392 1.060826 1.540656
v 0.019791 1.067052 1.545762
v 0.017189 1.060826 1.550868
v 0.031496 1.054599 1.517436
v 0.032392 1.060826 1.511776
v 0.031496 1.067052 1.517436
v 0.030599 1.060826 1.523096
v 0.033875 1.054599 1.486879
v 0.032978 1.060826 1.481219
v 0.033875 1.067052 1.486879
v 0.034771 1.060826 1.492539
v -0.040990 1.054599 1.589922
v -0.035330 1.060826 1.589025
v -0.040990 1.067052 1.589922
v -0.046650 1.060826 1.590818
v -0.012664 1.054599 1.578217
v -0.007558 1.060826 1.575615
v -0.012664 1.067052 1.578217
v -0.017770 1.060826 1.580818
v 0.010658 1.054599 1.558331
v 0.014711 1.060826 1.554279
v 0.010658 1.067052 1.558331
v 0.006606 1.060826 1.562383
v 0.026695 1.054599 1.532212
v 0.029296 1.060826 1.527106
v 0.026695 1.067052 1.532212
v 0.024093 1.060826 1.537318
v 0.033875 1.054599 1.502416
v 0.034771 1.060826 1.496756
v 0.033875 1.067052 1.502416
v 0.032978 1.060826 1.508076
v 0.031496 1.054599 1.471859
v 0.030599 1.060826 1.466199
v 0.031496 1.067052 1.471859
v 0.032392 1.060826 1.477519
v 0.019791 1.054599 1.443533
v 0.017189 1.060826 1.438427
v 0.019791 1.067052 1.443533
v 0.022392 1.060826 1.448639
v -0.000095 1.054599 1.420210
v -0.004147 1.060826 1.416158
v -0.000095 1.067052 1.420210
v 0.003957 1.060826 1.424262
v -0.026214 1.054599 1.404174
v -0.031320 1.060826 1.401572
v -0.026214 1.067052 1.404174
v -0.021108 1.060826 1.406775
v -0.056010 1.054599 1.396994
v -0.061670 1.060826 1.396098
v -0.056010 1.067052 1.396994
v -0.050350 1.060826 1.397890
v -0.086567 1.054599 1.399373
v -0.092227 1.060826 1.400269
v -0.086567 1.067052 1.399373
v -0.080907 1.060826 1.398476
v -0.114893 1.054599 1.411078
v -0.119999 1.060826 1.413680
v -0.114893 1.067052 1.411078
v -0.109787 1.060826 1.408476
v -0.138216 1.054599 1.430963
v -0.142268 1.060826 1.435015
v -0.138216 1.067052 1.430963
v -0.134164 1.060826 1.426911
v -0.154252 1.054599 1.457082
v -0.156854 1.060826 1.462188
v -0.154252 1.067052 1.457082
v -0.151650 1.060826 1.451976
v -0.161432 1.054599 1.486879
v -0.162328 1.060826 1.492539
v -0.161432 1.067052 1.486879
v -0.160535 1.060826 1.481219
v -0.159053 1.054599 1.517436
v -0.158157 1.060826 1.523096
v -0.159053 1.067052 1.517436
v -0.159949 1.060826 1.511776
v -0.147348 1.054599 1.545762
v -0.144746 1.060826 1.550868
v -0.147348 1.067052 1.545762
v -0.149950 1.060826 1.540656
v -0.127463 1.054599 1.569084
v -0.123411 1.060826 1.573136
v -0.127463 1.067052 1.569084
v -0.131515 1.060826 1.565032
v -0.101344 1.054599 1.585120
v -0.096238 1.060826 1.587722
v -0.101344 1.067052 1.585120
v -0.106449 1.060826 1.582519
v -0.071547 1.054599 1.592300
v -0.065887 1.060826 1.593197
v -0.071547 1.067052 1.592300
v -0.077207 1.060826 1.591404
vt 0.222336 0.325004
vt 0.222609 0.325888
vt 0.346910 0.331696
vt 0.346780 0.330638
vt 0.222508 0.326803
vt 0.221471 0.327135
vt 0.587914 0.343036
vt 0.586915 0.343188
vt 0.345829 0.330966
vt 0.224619 0.335615
vt 0.225153 0.336372
vt 0.349865 0.341984
vt 0.349384 0.341034
vt 0.225340 0.337273
vt 0.224456 0.337908
vt 0.598658 0.344229
vt 0.597661 0.344064
vt 0.348519 0.341554
vt 0.230070 0.345002
vt 0.230811 0.345556
vt 0.356799 0.349662
vt 0.356041 0.348933
vt 0.231268 0.346356
vt 0.230623 0.347233
vt 0.608508 0.348682
vt 0.607610 0.348217
vt 0.355515 0.349895
vt 0.238155 0.352245
vt 0.239031 0.352543
vt 0.366018 0.355170
vt 0.365046 0.354744
vt 0.239712 0.353162
vt 0.239371 0.354195
vt 0.616499 0.355962
vt 0.615789 0.355242
vt 0.364728 0.355726
vt 0.248082 0.356634
vt 0.249007 0.356647
vt 0.376507 0.358190
vt 0.375395 0.358080
vt 0.249847 0.357025
vt 0.249841 0.358114
vt 0.621849 0.365355
vt 0.621396 0.364451
vt 0.375417 0.359112
vt 0.258880 0.357741
vt 0.259764 0.357467
vt 0.387424 0.357884
vt 0.386300 0.358122
vt 0.260679 0.357568
vt 0.261010 0.358605
vt 0.624034 0.375941
vt 0.623883 0.374941
vt 0.386682 0.359090
vt 0.269491 0.355457
vt 0.270247 0.354924
vt 0.397574 0.354142
vt 0.396555 0.354714
vt 0.271149 0.354736
vt 0.271784 0.355620
vt 0.622842 0.386683
vt 0.623007 0.385686
vt 0.397262 0.355493
vt 0.278877 0.350006
vt 0.279431 0.349265
vt 0.405902 0.347292
vt 0.405091 0.348143
vt 0.280231 0.348808
vt 0.281108 0.349453
vt 0.618389 0.396532
vt 0.618854 0.395634
vt 0.406026 0.348640
vt 0.286118 0.341921
vt 0.286417 0.341046
vt 0.411593 0.338044
vt 0.411065 0.339084
vt 0.287037 0.340364
vt 0.288070 0.340706
vt 0.611110 0.404522
vt 0.611830 0.403812
vt 0.412101 0.339270
vt 0.290508 0.331994
vt 0.290521 0.331069
vt 0.414150 0.327417
vt 0.413944 0.328527
vt 0.290900 0.330230
vt 0.291988 0.330235
vt 0.601719 0.409872
vt 0.602623 0.409419
vt 0.414977 0.328429
vt 0.291615 0.321197
vt 0.291342 0.320313
vt 0.413465 0.316681
vt 0.413592 0.317736
vt 0.291442 0.319398
vt 0.292479 0.319067
vt 0.591133 0.412059
vt 0.592132 0.411907
vt 0.414543 0.317408
vt 0.289331 0.310586
vt 0.288798 0.309830
vt 0.410543 0.306415
vt 0.411020 0.307363
vt 0.288611 0.308928
vt 0.289495 0.308293
vt 0.580389 0.410866
vt 0.581386 0.411031
vt 0.411885 0.306843
vt 0.283881 0.301200
vt 0.283140 0.300645
vt 0.403636 0.298738
vt 0.404392 0.299467
vt 0.282683 0.299846
vt 0.283327 0.298968
vt 0.570539 0.406412
vt 0.571437 0.406877
vt 0.404928 0.298513
vt 0.275796 0.293957
vt 0.274920 0.293659
vt 0.394416 0.293193
vt 0.395390 0.293622
vt 0.274238 0.293040
vt 0.274580 0.292006
vt 0.562548 0.399133
vt 0.563258 0.399852
vt 0.395719 0.292645
vt 0.265869 0.289567
vt 0.264943 0.289554
vt 0.383907 0.290128
vt 0.385023 0.290242
vt 0.264104 0.289176
vt 0.264109 0.288088
vt 0.557198 0.389740
vt 0.557651 0.390644
vt 0.385012 0.289211
vt 0.255071 0.288460
vt 0.254187 0.288734
vt 0.372951 0.290389
vt 0.374081 0.290155
vt 0.253272 0.288634
vt 0.252940 0.287597
vt 0.555012 0.379154
vt 0.555163 0.380154
vt 0.373709 0.289183
vt 0.244460 0.290744
vt 0.243704 0.291278
vt 0.362774 0.294127
vt 0.363795 0.293554
vt 0.242802 0.291465
vt 0.242167 0.290581
vt 0.556205 0.368412
vt 0.556040 0.369409
vt 0.363088 0.292775
vt 0.235074 0.296195
vt 0.234520 0.296936
vt 0.354430 0.300997
vt 0.355242 0.300144
vt 0.233720 0.297393
vt 0.232843 0.296749
vt 0.560658 0.358563
vt 0.560193 0.359461
vt 0.354308 0.299647
vt 0.227832 0.304280
vt 0.227534 0.305156
vt 0.348740 0.310276
vt 0.349267 0.309233
vt 0.226914 0.305837
vt 0.225880 0.305496
vt 0.567936 0.350573
vt 0.567217 0.351283
vt 0.348231 0.309047
vt 0.223443 0.314207
vt 0.223430 0.315132
vt 0.346199 0.320934
vt 0.346403 0.319820
vt 0.223051 0.315972
vt 0.221962 0.315966
vt 0.577328 0.345223
vt 0.576424 0.345676
vt 0.345370 0.319919
vt 0.226258 0.333081
vt 0.226439 0.329904
vt 0.228402 0.327624
vt 0.229457 0.332043
vt 0.224177 0.328294
vt 0.225831 0.326064
vt 0.224678 0.323100
vt 0.228042 0.323101
vt 0.230844 0.342085
vt 0.230036 0.339007
vt 0.231199 0.336230
vt 0.233566 0.340112
vt 0.227387 0.338175
vt 0.228271 0.335543
vt 0.237989 0.349232
vt 0.236269 0.346552
vt 0.236520 0.343551
vt 0.239966 0.346515
vt 0.233493 0.346581
vt 0.233522 0.343805
vt 0.246993 0.353820
vt 0.244530 0.351803
vt 0.243843 0.348870
vt 0.248032 0.350626
vt 0.241899 0.352688
vt 0.241068 0.350039
vt 0.256974 0.355401
vt 0.254008 0.354244
vt 0.252451 0.351667
vt 0.256973 0.352042
vt 0.251780 0.355899
vt 0.250171 0.353636
vt 0.266955 0.353820
vt 0.263778 0.353637
vt 0.261502 0.351668
vt 0.265914 0.350624
vt 0.262169 0.355899
vt 0.259940 0.354244
vt 0.275959 0.349232
vt 0.272882 0.350040
vt 0.270110 0.348873
vt 0.273981 0.346512
vt 0.272050 0.352689
vt 0.269419 0.351804
vt 0.283104 0.342086
vt 0.280429 0.343806
vt 0.277432 0.343556
vt 0.280382 0.340109
vt 0.280456 0.346582
vt 0.277679 0.346555
vt 0.287692 0.333082
vt 0.285679 0.335545
vt 0.282752 0.336235
vt 0.284493 0.332042
vt 0.286563 0.338177
vt 0.283914 0.339010
vt 0.289273 0.323102
vt 0.288120 0.326066
vt 0.285549 0.327627
vt 0.285909 0.323101
vt 0.289774 0.328297
vt 0.287512 0.329907
vt 0.287693 0.313121
vt 0.287512 0.316297
vt 0.285549 0.318577
vt 0.284494 0.314158
vt 0.289774 0.317907
vt 0.288120 0.320137
vt 0.283106 0.304116
vt 0.283915 0.307195
vt 0.282752 0.309971
vt 0.280385 0.306089
vt 0.286564 0.308026
vt 0.285679 0.310658
vt 0.275962 0.296970
vt 0.277681 0.299649
vt 0.277431 0.302651
vt 0.273985 0.299686
vt 0.280457 0.299621
vt 0.280429 0.302397
vt 0.266958 0.292381
vt 0.269421 0.294399
vt 0.270108 0.297332
vt 0.265919 0.295575
vt 0.272052 0.293514
vt 0.272883 0.296163
vt 0.256977 0.290800
vt 0.259942 0.291957
vt 0.261500 0.294534
vt 0.256978 0.294159
vt 0.262171 0.290303
vt 0.263779 0.292565
vt 0.246995 0.292382
vt 0.250173 0.292565
vt 0.252449 0.294533
vt 0.248036 0.295577
vt 0.251781 0.290303
vt 0.254010 0.291957
vt 0.237992 0.296970
vt 0.241069 0.296161
vt 0.243841 0.297328
vt 0.239970 0.299689
vt 0.241900 0.293513
vt 0.244532 0.294397
vt 0.230846 0.304116
vt 0.233522 0.302395
vt 0.236519 0.302646
vt 0.233568 0.306092
vt 0.233495 0.299619
vt 0.236271 0.299646
vt 0.226259 0.313119
vt 0.228271 0.310656
vt 0.231199 0.309966
vt 0.229458 0.314159
vt 0.227387 0.308024
vt 0.230037 0.307192
vt 0.225831 0.320135
vt 0.228402 0.318574
vt 0.224177 0.317905
vt 0.226439 0.316295
vt 0.584500 0.345851
vt 0.587568 0.346482
vt 0.589520 0.348751
vt 0.585016 0.349102
vt 0.345767 0.334679
vt 0.591473 0.346482
vt 0.594541 0.345849
vt 0.594028 0.349101
vt 0.597263 0.347399
vt 0.598418 0.350160
vt 0.349006 0.345579
vt 0.600977 0.348605
vt 0.604091 0.348950
vt 0.602599 0.351883
vt 0.606201 0.351266
vt 0.606445 0.354250
vt 0.358048 0.352530
vt 0.609360 0.353561
vt 0.612216 0.354851
vt 0.609891 0.357178
vt 0.613507 0.357707
vt 0.612816 0.360621
vt 0.367846 0.357592
vt 0.615801 0.360865
vt 0.618119 0.362974
vt 0.615188 0.364468
vt 0.618464 0.366089
vt 0.616907 0.368649
vt 0.378989 0.360011
vt 0.619671 0.369802
vt 0.621222 0.372524
vt 0.617973 0.373037
vt 0.620588 0.375593
vt 0.618318 0.377547
vt 0.390374 0.358864
vt 0.620589 0.379497
vt 0.621222 0.382565
vt 0.617972 0.382049
vt 0.619672 0.385288
vt 0.616910 0.386446
vt 0.400728 0.354083
vt 0.618466 0.389002
vt 0.618120 0.392115
vt 0.615187 0.390620
vt 0.615805 0.394226
vt 0.612821 0.394473
vt 0.408894 0.346125
vt 0.613510 0.397385
vt 0.612218 0.400238
vt 0.609890 0.397910
vt 0.609365 0.401531
vt 0.606452 0.400844
vt 0.414041 0.335912
vt 0.606206 0.403827
vt 0.604096 0.406140
vt 0.602600 0.403207
vt 0.600983 0.406488
vt 0.598425 0.404935
vt 0.415792 0.324657
vt 0.597269 0.407696
vt 0.594547 0.409244
vt 0.594031 0.405993
vt 0.591479 0.408613
vt 0.589527 0.406345
vt 0.414616 0.313703
vt 0.587574 0.408613
vt 0.584506 0.409246
vt 0.585019 0.405995
vt 0.581783 0.407696
vt 0.580629 0.404935
vt 0.411411 0.302825
vt 0.578070 0.406490
vt 0.574956 0.406145
vt 0.576447 0.403212
vt 0.572846 0.403829
vt 0.572602 0.400845
vt 0.402407 0.295874
vt 0.569687 0.401534
vt 0.566831 0.400244
vt 0.569156 0.397917
vt 0.565540 0.397388
vt 0.566231 0.394474
vt 0.392603 0.290768
vt 0.563246 0.394230
vt 0.560928 0.392121
vt 0.563859 0.390628
vt 0.560583 0.389006
vt 0.562140 0.386446
vt 0.381437 0.288297
vt 0.559376 0.385293
vt 0.557824 0.382571
vt 0.561074 0.382058
vt 0.558458 0.379502
vt 0.560729 0.377548
vt 0.369998 0.289400
vt 0.558458 0.375598
vt 0.557824 0.372530
vt 0.561074 0.373046
vt 0.559375 0.369807
vt 0.562137 0.368649
vt 0.359615 0.294190
vt 0.560581 0.366093
vt 0.560927 0.362980
vt 0.563860 0.364475
vt 0.563242 0.360869
vt 0.566225 0.360622
vt 0.351438 0.302171
vt 0.565537 0.357710
vt 0.566829 0.354857
vt 0.569157 0.357185
vt 0.569681 0.353564
vt 0.572595 0.354251
vt 0.346295 0.312415
vt 0.572841 0.351268
vt 0.574951 0.348955
vt 0.576446 0.351888
vt 0.578064 0.348607
vt 0.580622 0.350160
vt 0.344563 0.323699
vt 0.581778 0.347399
vt 0.260681 0.288634
vt 0.259766 0.288734
vt 0.378542 0.289800
vt 0.379657 0.289914
vt 0.258882 0.288460
vt 0.258635 0.287419
vt 0.555625 0.384771
vt 0.556041 0.385692
vt 0.379641 0.288873
vt 0.249849 0.289176
vt 0.249009 0.289554
vt 0.367824 0.291776
vt 0.368948 0.291533
vt 0.248084 0.289567
vt 0.247527 0.288653
vt 0.555052 0.373942
vt 0.555164 0.374946
vt 0.368546 0.290561
vt 0.239714 0.293039
vt 0.239033 0.293658
vt 0.358429 0.297120
vt 0.359443 0.296538
vt 0.238157 0.293956
vt 0.237344 0.293259
vt 0.557854 0.363465
vt 0.557649 0.364455
vt 0.358710 0.295773
vt 0.231269 0.299844
vt 0.230812 0.300644
vt 0.351302 0.305284
vt 0.352106 0.304421
vt 0.230071 0.301198
vt 0.229084 0.300786
vt 0.563756 0.354368
vt 0.563256 0.355246
vt 0.351153 0.303949
vt 0.225340 0.308926
vt 0.225153 0.309828
vt 0.347115 0.315387
vt 0.347637 0.314337
vt 0.224620 0.310584
vt 0.223553 0.310498
vt 0.572180 0.347540
vt 0.571433 0.348220
vt 0.346590 0.314174
vt 0.222508 0.319396
vt 0.222609 0.320311
vt 0.346177 0.326270
vt 0.346382 0.325158
vt 0.222336 0.321195
vt 0.221295 0.321442
vt 0.582302 0.343649
vt 0.581381 0.344065
vt 0.345341 0.325268
vt 0.223050 0.330227
vt 0.223429 0.331067
vt 0.348004 0.336867
vt 0.347879 0.335814
vt 0.223442 0.331992
vt 0.222528 0.332549
vt 0.593129 0.343076
vt 0.592125 0.343187
vt 0.346888 0.336119
vt 0.226913 0.340362
vt 0.227532 0.341043
vt 0.352693 0.346092
vt 0.351938 0.345248
vt 0.227830 0.341919
vt 0.227133 0.342731
vt 0.603605 0.345877
vt 0.602615 0.345673
vt 0.351264 0.346225
vt 0.233718 0.348807
vt 0.234518 0.349264
vt 0.361223 0.352532
vt 0.360465 0.351800
vt 0.235072 0.350005
vt 0.234660 0.350993
vt 0.612702 0.351778
vt 0.611824 0.351278
vt 0.359916 0.352760
vt 0.242800 0.354735
vt 0.243701 0.354923
vt 0.371006 0.357063
vt 0.370024 0.356625
vt 0.244458 0.355457
vt 0.244371 0.356523
vt 0.619531 0.360202
vt 0.618850 0.359455
vt 0.369702 0.357613
vt 0.253270 0.357568
vt 0.254185 0.357467
vt 0.381856 0.358495
vt 0.380744 0.358385
vt 0.255069 0.357741
vt 0.255316 0.358783
vt 0.623422 0.370324
vt 0.623006 0.369403
vt 0.380772 0.359427
vt 0.264102 0.357026
vt 0.264941 0.356647
vt 0.392535 0.356490
vt 0.391415 0.356733
vt 0.265867 0.356634
vt 0.266424 0.357548
vt 0.623995 0.381153
vt 0.623883 0.380149
vt 0.391818 0.357703
vt 0.274237 0.353163
vt 0.274918 0.352543
vt 0.401909 0.351157
vt 0.400897 0.351737
vt 0.275794 0.352245
vt 0.276606 0.352942
vt 0.621193 0.391630
vt 0.621397 0.390640
vt 0.401630 0.352503
vt 0.282682 0.346357
vt 0.283138 0.345557
vt 0.409029 0.343020
vt 0.408224 0.343880
vt 0.283879 0.345003
vt 0.284867 0.345415
vt 0.615291 0.400727
vt 0.615791 0.399849
vt 0.409178 0.344352
vt 0.288611 0.337275
vt 0.288798 0.336373
vt 0.413224 0.332948
vt 0.412700 0.333995
vt 0.289331 0.335617
vt 0.290397 0.335704
vt 0.606867 0.407555
vt 0.607614 0.406875
vt 0.413747 0.334158
vt 0.291442 0.326806
vt 0.291342 0.325890
vt 0.414183 0.322094
vt 0.413976 0.323203
vt 0.291615 0.325006
vt 0.292656 0.324759
vt 0.596745 0.411446
vt 0.597666 0.411030
vt 0.415017 0.323093
vt 0.290900 0.315974
vt 0.290522 0.315134
vt 0.412387 0.311522
vt 0.412508 0.312572
vt 0.290509 0.314209
vt 0.291423 0.313652
vt 0.585917 0.412019
vt 0.586922 0.411908
vt 0.413500 0.312267
vt 0.287038 0.305840
vt 0.286418 0.305158
vt 0.407731 0.302316
vt 0.408482 0.303158
vt 0.286120 0.304282
vt 0.286817 0.303470
vt 0.575442 0.409218
vt 0.576432 0.409422
vt 0.409157 0.302182
vt 0.280233 0.297395
vt 0.279433 0.296938
vt 0.399214 0.295851
vt 0.399972 0.296584
vt 0.278879 0.296197
vt 0.279291 0.295209
vt 0.566345 0.403317
vt 0.567223 0.403817
vt 0.400531 0.295631
vt 0.271151 0.291466
vt 0.270249 0.291279
vt 0.389422 0.291279
vt 0.390405 0.291720
vt 0.269493 0.290745
vt 0.269580 0.289678
vt 0.559516 0.394893
vt 0.560197 0.395640
vt 0.390738 0.290736
vt 0.223423 0.325825
vt 0.222916 0.324512
vt 0.223195 0.327236
vt 0.221904 0.328654
vt 0.347681 0.333472
vt 0.588410 0.343701
vt 0.586930 0.344029
vt 0.345445 0.330530
vt 0.346929 0.328820
vt 0.221464 0.323831
vt 0.225907 0.336060
vt 0.225019 0.334968
vt 0.226126 0.337473
vt 0.225337 0.339219
vt 0.350517 0.343860
vt 0.598924 0.345014
vt 0.597415 0.344868
vt 0.347982 0.341214
vt 0.349102 0.339332
vt 0.223428 0.334769
vt 0.231433 0.345026
vt 0.230250 0.344262
vt 0.232077 0.346302
vt 0.231866 0.348207
vt 0.358668 0.350380
vt 0.608518 0.349512
vt 0.607128 0.348907
vt 0.354857 0.349917
vt 0.354898 0.347751
vt 0.228675 0.344565
vt 0.239458 0.351847
vt 0.238097 0.351486
vt 0.240466 0.352861
vt 0.240854 0.354738
vt 0.368114 0.355386
vt 0.616252 0.356754
vt 0.615117 0.355749
vt 0.364061 0.355771
vt 0.363913 0.353541
vt 0.236693 0.352261
vt 0.249199 0.355853
vt 0.247792 0.355930
vt 0.250471 0.356506
vt 0.251420 0.358171
vt 0.378588 0.357818
vt 0.621370 0.366031
vt 0.620601 0.364725
vt 0.374786 0.359370
vt 0.373929 0.357307
vt 0.246697 0.357101
vt 0.259700 0.356653
vt 0.258387 0.357161
vt 0.261112 0.356881
vt 0.262529 0.358172
vt 0.389262 0.356926
vt 0.623370 0.376436
vt 0.623042 0.374956
vt 0.386186 0.359549
vt 0.384691 0.357898
vt 0.257706 0.358613
vt 0.269935 0.354169
vt 0.268843 0.355058
vt 0.271348 0.353950
vt 0.273095 0.354739
vt 0.398979 0.352685
vt 0.622057 0.386949
vt 0.622203 0.385440
vt 0.396970 0.356085
vt 0.394981 0.355079
vt 0.268644 0.356649
vt 0.278901 0.348644
vt 0.278137 0.349826
vt 0.280177 0.347999
vt 0.282083 0.348209
vt 0.406739 0.345487
vt 0.617560 0.396542
vt 0.618165 0.395152
vt 0.405952 0.349279
vt 0.403717 0.349066
vt 0.278440 0.351401
vt 0.285721 0.340618
vt 0.285359 0.341979
vt 0.286736 0.339610
vt 0.288613 0.339222
vt 0.411792 0.336090
vt 0.610319 0.404276
vt 0.611323 0.403141
vt 0.412219 0.339888
vt 0.410025 0.340470
vt 0.286134 0.343383
vt 0.289727 0.330878
vt 0.289803 0.332284
vt 0.290381 0.329606
vt 0.292046 0.328656
vt 0.413713 0.325542
vt 0.601042 0.409394
vt 0.602348 0.408624
vt 0.415248 0.328979
vt 0.413330 0.330225
vt 0.290974 0.333379
vt 0.290527 0.320377
vt 0.291034 0.321690
vt 0.290756 0.318965
vt 0.292046 0.317547
vt 0.412701 0.314909
vt 0.590637 0.411394
vt 0.592117 0.411066
vt 0.414925 0.317842
vt 0.413439 0.319550
vt 0.292487 0.322370
vt 0.288043 0.310142
vt 0.288932 0.311234
vt 0.287824 0.308729
vt 0.288614 0.306982
vt 0.409898 0.304543
vt 0.580123 0.410081
vt 0.581631 0.410227
vt 0.412420 0.307181
vt 0.411298 0.309062
vt 0.290523 0.311432
vt 0.282518 0.301175
vt 0.283701 0.301939
vt 0.281873 0.299899
vt 0.282084 0.297994
vt 0.401766 0.298013
vt 0.570529 0.405583
vt 0.571919 0.406188
vt 0.405590 0.298493
vt 0.405533 0.300653
vt 0.285276 0.301636
vt 0.274492 0.294355
vt 0.275854 0.294716
vt 0.273485 0.293341
vt 0.273097 0.291464
vt 0.392316 0.292968
vt 0.562795 0.398341
vt 0.563929 0.399346
vt 0.396391 0.292602
vt 0.396522 0.294830
vt 0.277258 0.293941
vt 0.264752 0.290349
vt 0.266158 0.290271
vt 0.263480 0.289696
vt 0.262531 0.288030
vt 0.381819 0.290491
vt 0.557677 0.389064
vt 0.558446 0.390370
vt 0.385650 0.288954
vt 0.386491 0.291021
vt 0.267254 0.289100
vt 0.254250 0.289548
vt 0.255564 0.289040
vt 0.252839 0.289320
vt 0.251422 0.288030
vt 0.371105 0.291341
vt 0.555677 0.378659
vt 0.556004 0.380139
vt 0.374213 0.288725
vt 0.375695 0.290384
vt 0.256244 0.287588
vt 0.244016 0.292033
vt 0.245108 0.291144
vt 0.242603 0.292252
vt 0.240856 0.291463
vt 0.361366 0.295588
vt 0.556990 0.368146
vt 0.556844 0.369655
vt 0.363381 0.292183
vt 0.365372 0.293188
vt 0.245306 0.289553
vt 0.235050 0.297558
vt 0.235814 0.296375
vt 0.233773 0.298203
vt 0.231868 0.297992
vt 0.353593 0.302808
vt 0.561487 0.358553
vt 0.560882 0.359943
vt 0.354383 0.299006
vt 0.356619 0.299217
vt 0.235511 0.294801
vt 0.228230 0.305583
vt 0.228591 0.304223
vt 0.227215 0.306591
vt 0.225338 0.306979
vt 0.348543 0.312236
vt 0.568728 0.350819
vt 0.567723 0.351954
vt 0.348113 0.308426
vt 0.350307 0.307842
vt 0.227817 0.302819
vt 0.224224 0.315323
vt 0.224147 0.313918
vt 0.223570 0.316595
vt 0.221904 0.317545
vt 0.346640 0.322814
vt 0.578005 0.345701
vt 0.576699 0.346471
vt 0.345097 0.319366
vt 0.347013 0.318118
vt 0.222976 0.312822
vt 0.259702 0.289549
vt 0.261114 0.289321
vt 0.258389 0.289040
vt 0.376465 0.290187
vt 0.556130 0.384111
vt 0.556845 0.385446
vt 0.380283 0.288586
vt 0.261885 0.287843
vt 0.249201 0.290348
vt 0.250472 0.289695
vt 0.247795 0.290271
vt 0.365995 0.292755
vt 0.555737 0.373470
vt 0.556004 0.374961
vt 0.369026 0.290074
vt 0.250749 0.288052
vt 0.239460 0.294354
vt 0.240468 0.293340
vt 0.238099 0.294715
vt 0.357031 0.298597
vt 0.558651 0.363228
vt 0.558444 0.364729
vt 0.358968 0.295164
vt 0.240223 0.291692
vt 0.231434 0.301174
vt 0.232079 0.299898
vt 0.230252 0.301938
vt 0.350469 0.307102
vt 0.564588 0.354389
vt 0.563927 0.355752
vt 0.351186 0.303304
vt 0.231337 0.298406
vt 0.225908 0.310140
vt 0.226127 0.308727
vt 0.225020 0.311232
vt 0.346914 0.317343
vt 0.572965 0.347817
vt 0.571915 0.348909
vt 0.346431 0.313560
vt 0.224960 0.307537
vt 0.223423 0.320375
vt 0.223195 0.318963
vt 0.222916 0.321688
vt 0.346601 0.328121
vt 0.582962 0.344155
vt 0.581626 0.344869
vt 0.345032 0.324729
vt 0.221718 0.318192
vt 0.224223 0.330876
vt 0.223570 0.329604
vt 0.224146 0.332282
vt 0.348770 0.338643
vt 0.593601 0.343761
vt 0.592110 0.344028
vt 0.346443 0.335641
vt 0.221926 0.329327
vt 0.228228 0.340616
vt 0.227214 0.339608
vt 0.228590 0.341977
vt 0.354208 0.347321
vt 0.603842 0.346674
vt 0.602341 0.346468
vt 0.350394 0.346271
vt 0.225566 0.339852
vt 0.235048 0.348642
vt 0.233772 0.347997
vt 0.235812 0.349825
vt 0.363105 0.353268
vt 0.612682 0.352609
vt 0.611318 0.351949
vt 0.359218 0.352777
vt 0.232280 0.348739
vt 0.244013 0.354168
vt 0.242601 0.353949
vt 0.245106 0.355057
vt 0.373097 0.357262
vt 0.619254 0.360986
vt 0.618161 0.359937
vt 0.369012 0.357676
vt 0.241411 0.355115
vt 0.254248 0.356653
vt 0.252837 0.356881
vt 0.255562 0.357161
vt 0.383925 0.358100
vt 0.622917 0.370984
vt 0.622201 0.369649
vt 0.380137 0.359716
vt 0.252066 0.358358
vt 0.264750 0.355853
vt 0.263478 0.356506
vt 0.266156 0.355930
vt 0.394360 0.355511
vt 0.623310 0.381625
vt 0.623042 0.380134
vt 0.391340 0.358190
vt 0.263202 0.358149
vt 0.274491 0.351847
vt 0.273483 0.352862
vt 0.275852 0.351486
vt 0.403305 0.349685
vt 0.620395 0.391867
vt 0.620602 0.390366
vt 0.401373 0.353111
vt 0.273728 0.354510
vt 0.282517 0.345028
vt 0.281872 0.346304
vt 0.283699 0.344263
vt 0.409862 0.341209
vt 0.614459 0.400706
vt 0.615120 0.399343
vt 0.409145 0.344994
vt 0.282614 0.347796
vt 0.288043 0.336061
vt 0.287824 0.337475
vt 0.288931 0.334969
vt 0.413428 0.330999
vt 0.606082 0.407278
vt 0.607132 0.406186
vt 0.413905 0.334770
vt 0.288991 0.338664
vt 0.290527 0.325827
vt 0.290756 0.327239
vt 0.291034 0.324514
vt 0.413765 0.320248
vt 0.596085 0.410940
vt 0.597421 0.410226
vt 0.415324 0.323630
vt 0.292233 0.328010
vt 0.289728 0.315326
vt 0.290381 0.316598
vt 0.289804 0.313920
vt 0.411627 0.309750
vt 0.585445 0.411334
vt 0.586937 0.411067
vt 0.413942 0.312743
vt 0.292024 0.316875
vt 0.285722 0.305585
vt 0.286736 0.306593
vt 0.285361 0.304224
vt 0.406222 0.301088
vt 0.575205 0.408421
vt 0.576706 0.408627
vt 0.410025 0.302135
vt 0.288385 0.306349
vt 0.278903 0.297560
vt 0.280179 0.298205
vt 0.278139 0.296376
vt 0.397331 0.295107
vt 0.566365 0.402486
vt 0.567729 0.403146
vt 0.401235 0.295617
vt 0.281671 0.297463
vt 0.269937 0.292034
vt 0.271350 0.292253
vt 0.268845 0.291144
vt 0.387325 0.291070
vt 0.559793 0.394109
vt 0.560886 0.395158
vt 0.391433 0.290676
vt 0.272540 0.291086
vt 0.271786 0.290582
vt 0.391013 0.292369
vt 0.391543 0.292888
vt 0.388311 0.291068
vt 0.268647 0.289553
vt 0.267891 0.289510
vt 0.281110 0.296751
vt 0.400583 0.297205
vt 0.401041 0.297760
vt 0.398278 0.295348
vt 0.278442 0.294802
vt 0.277736 0.294528
vt 0.288071 0.305498
vt 0.409251 0.303586
vt 0.409764 0.303938
vt 0.407025 0.301526
vt 0.286136 0.302821
vt 0.285549 0.302342
vt 0.291989 0.315969
vt 0.412389 0.313529
vt 0.412363 0.314291
vt 0.411985 0.310550
vt 0.290975 0.312824
vt 0.290565 0.312188
vt 0.292479 0.327137
vt 0.413638 0.324127
vt 0.413431 0.324869
vt 0.414141 0.321035
vt 0.292486 0.323833
vt 0.292293 0.323102
vt 0.289494 0.337911
vt 0.412137 0.334755
vt 0.411735 0.335370
vt 0.413524 0.331871
vt 0.290522 0.334771
vt 0.290564 0.334015
vt 0.283326 0.347235
vt 0.407484 0.344391
vt 0.406924 0.344813
vt 0.409655 0.342055
vt 0.285274 0.344567
vt 0.285547 0.343861
vt 0.274578 0.354196
vt 0.400053 0.351946
vt 0.399391 0.352132
vt 0.402809 0.350409
vt 0.277255 0.352261
vt 0.277734 0.351674
vt 0.264108 0.358114
vt 0.390555 0.356624
vt 0.389861 0.356555
vt 0.393620 0.356035
vt 0.267252 0.357101
vt 0.267888 0.356691
vt 0.252938 0.358605
vt 0.379964 0.357978
vt 0.379311 0.357665
vt 0.383015 0.358373
vt 0.256242 0.358613
vt 0.256974 0.358420
vt 0.242164 0.355619
vt 0.369416 0.355977
vt 0.368886 0.355462
vt 0.372114 0.357269
vt 0.245304 0.356649
vt 0.246060 0.356691
vt 0.232841 0.349451
vt 0.359853 0.351181
vt 0.359394 0.350629
vt 0.362158 0.353032
vt 0.235508 0.351400
vt 0.236214 0.351674
vt 0.225879 0.340703
vt 0.351167 0.344818
vt 0.350652 0.344466
vt 0.353403 0.346883
vt 0.227815 0.343381
vt 0.228401 0.343860
vt 0.221962 0.330233
vt 0.347996 0.334855
vt 0.348021 0.334091
vt 0.348410 0.337842
vt 0.222975 0.333377
vt 0.223385 0.334014
vt 0.221472 0.319064
vt 0.346718 0.324231
vt 0.346924 0.323488
vt 0.346222 0.327332
vt 0.221464 0.322368
vt 0.221658 0.323100
vt 0.224456 0.308291
vt 0.348200 0.313574
vt 0.348602 0.312957
vt 0.346816 0.316468
vt 0.223429 0.311430
vt 0.223387 0.312186
vt 0.230625 0.298967
vt 0.352847 0.303907
vt 0.353408 0.303483
vt 0.350675 0.306253
vt 0.228677 0.301635
vt 0.228403 0.302341
vt 0.239372 0.292005
vt 0.360289 0.296328
vt 0.360953 0.296142
vt 0.357529 0.297871
vt 0.236695 0.293940
vt 0.236217 0.294527
vt 0.249843 0.288087
vt 0.369809 0.291643
vt 0.370505 0.291712
vt 0.366737 0.292230
vt 0.246699 0.289100
vt 0.246062 0.289510
vt 0.261012 0.287597
vt 0.380439 0.290324
vt 0.381093 0.290640
vt 0.377378 0.289918
vt 0.257709 0.287588
vt 0.256976 0.287781
vt 0.222529 0.313650
vt 0.346755 0.318905
vt 0.346251 0.322007
vt 0.221927 0.316872
vt 0.227135 0.303468
vt 0.349844 0.308482
vt 0.348441 0.311356
vt 0.225567 0.306347
vt 0.234662 0.295208
vt 0.355993 0.299640
vt 0.353800 0.301961
vt 0.232281 0.297461
vt 0.244373 0.289678
vt 0.364647 0.293350
vt 0.361867 0.294869
vt 0.241413 0.291085
vt 0.255318 0.287419
vt 0.374945 0.290268
vt 0.371855 0.290831
vt 0.252068 0.287843
vt 0.266426 0.288653
vt 0.385801 0.290646
vt 0.382739 0.290238
vt 0.263204 0.288052
vt 0.276608 0.293260
vt 0.395983 0.294254
vt 0.393308 0.292984
vt 0.273730 0.291692
vt 0.284868 0.300788
vt 0.405007 0.300088
vt 0.402706 0.298243
vt 0.282615 0.298407
vt 0.290398 0.310499
vt 0.411142 0.308269
vt 0.410032 0.305414
vt 0.288991 0.307539
vt 0.292656 0.321445
vt 0.413478 0.318705
vt 0.413059 0.315707
vt 0.292233 0.318194
vt 0.291422 0.332552
vt 0.413590 0.329440
vt 0.414099 0.326347
vt 0.292024 0.329329
vt 0.286815 0.342734
vt 0.410488 0.339833
vt 0.411892 0.336968
vt 0.288384 0.339855
vt 0.279288 0.350994
vt 0.404342 0.348645
vt 0.406532 0.346332
vt 0.281669 0.348740
vt 0.269577 0.356524
vt 0.395705 0.354918
vt 0.398478 0.353402
vt 0.272538 0.355116
vt 0.258632 0.358783
vt 0.385439 0.358012
vt 0.388516 0.357438
vt 0.261883 0.358358
vt 0.247525 0.357548
vt 0.374618 0.357679
vt 0.377671 0.358075
vt 0.250747 0.358149
vt 0.237343 0.352942
vt 0.364453 0.354114
vt 0.367124 0.355374
vt 0.240221 0.354509
vt 0.229082 0.345414
vt 0.355425 0.348314
vt 0.357729 0.350155
vt 0.231335 0.347794
vt 0.223553 0.335702
vt 0.349259 0.340127
vt 0.350380 0.342987
vt 0.224959 0.338662
vt 0.221295 0.324757
vt 0.346892 0.329667
vt 0.347320 0.332673
vt 0.221718 0.328007
vt 0.270739 0.290024
vt 0.280287 0.295896
vt 0.287552 0.304431
vt 0.291825 0.314793
vt 0.292686 0.325968
vt 0.290053 0.336863
vt 0.284181 0.346411
vt 0.275646 0.353677
vt 0.265283 0.357950
vt 0.254107 0.358812
vt 0.243212 0.356178
vt 0.233664 0.350306
vt 0.226398 0.341771
vt 0.222126 0.331409
vt 0.221264 0.320233
vt 0.223898 0.309339
vt 0.229770 0.299791
vt 0.238305 0.292524
vt 0.248668 0.288251
vt 0.259844 0.287389
vt 0.222127 0.314790
vt 0.226400 0.304428
vt 0.233666 0.295894
vt 0.243214 0.290023
vt 0.254109 0.287389
vt 0.265285 0.288251
vt 0.275647 0.292525
vt 0.284182 0.299792
vt 0.290053 0.309340
vt 0.292686 0.320236
vt 0.291824 0.331411
vt 0.287551 0.341773
vt 0.280284 0.350307
vt 0.270737 0.356179
vt 0.259842 0.358812
vt 0.248666 0.357950
vt 0.238303 0.353676
vt 0.229769 0.346409
vt 0.223898 0.336861
vt 0.221264 0.325966
vt 0.389885 0.290089
vt 0.388776 0.290142
vt 0.560662 0.396538
vt 0.561491 0.396547
vt 0.562888 0.396903
vt 0.388357 0.289693
vt 0.387362 0.288159
vt 0.399944 0.294806
vt 0.398929 0.294580
vt 0.567943 0.404527
vt 0.568735 0.404280
vt 0.570173 0.404187
vt 0.398658 0.294066
vt 0.398198 0.292377
vt 0.408689 0.301334
vt 0.407825 0.300909
vt 0.577336 0.409875
vt 0.578013 0.409396
vt 0.579352 0.408863
vt 0.407699 0.300288
vt 0.407475 0.298451
vt 0.413637 0.311242
vt 0.413069 0.310408
vt 0.587922 0.412059
vt 0.588417 0.411394
vt 0.589527 0.410474
vt 0.413332 0.309802
vt 0.414061 0.308057
vt 0.415463 0.322100
vt 0.415170 0.321092
vt 0.598664 0.410865
vt 0.598930 0.410080
vt 0.599701 0.408862
vt 0.415462 0.320490
vt 0.416340 0.318886
vt 0.414455 0.333323
vt 0.414477 0.332259
vt 0.608512 0.406410
vt 0.608523 0.405581
vt 0.608880 0.404184
vt 0.414945 0.331767
vt 0.416316 0.330470
vt 0.410086 0.343767
vt 0.410421 0.342756
vt 0.616501 0.399130
vt 0.616255 0.398338
vt 0.616163 0.396899
vt 0.411024 0.342460
vt 0.412771 0.341684
vt 0.402657 0.352217
vt 0.403283 0.351346
vt 0.621850 0.389736
vt 0.621371 0.389059
vt 0.620839 0.387720
vt 0.403936 0.351284
vt 0.405849 0.351183
vt 0.392882 0.357738
vt 0.393752 0.357084
vt 0.624035 0.379150
vt 0.623370 0.378654
vt 0.622449 0.377545
vt 0.394373 0.357240
vt 0.396182 0.357833
vt 0.381784 0.359781
vt 0.382823 0.359407
vt 0.622841 0.368406
vt 0.622055 0.368140
vt 0.620837 0.367370
vt 0.383359 0.359734
vt 0.384831 0.360895
vt 0.370556 0.358257
vt 0.371659 0.358200
vt 0.618385 0.358557
vt 0.617555 0.358548
vt 0.616159 0.358192
vt 0.372080 0.358648
vt 0.373086 0.360178
vt 0.360505 0.353585
vt 0.361516 0.353806
vt 0.611104 0.350568
vt 0.610312 0.350815
vt 0.608874 0.350908
vt 0.361789 0.354321
vt 0.362261 0.356011
vt 0.351736 0.347077
vt 0.352604 0.347504
vt 0.601711 0.345220
vt 0.601034 0.345699
vt 0.599695 0.346232
vt 0.352734 0.348131
vt 0.352973 0.349971
vt 0.346753 0.337147
vt 0.347326 0.337983
vt 0.591125 0.343036
vt 0.590630 0.343701
vt 0.589520 0.344621
vt 0.347064 0.338590
vt 0.346339 0.340337
vt 0.344898 0.326264
vt 0.345193 0.327274
vt 0.580383 0.344230
vt 0.580117 0.345015
vt 0.579345 0.346233
vt 0.344903 0.327877
vt 0.344028 0.329483
vt 0.345884 0.315012
vt 0.345864 0.316079
vt 0.570535 0.348685
vt 0.570524 0.349514
vt 0.570167 0.350911
vt 0.345397 0.316574
vt 0.344028 0.317872
vt 0.350245 0.304537
vt 0.349910 0.305551
vt 0.562545 0.355965
vt 0.562792 0.356757
vt 0.562884 0.358196
vt 0.349307 0.305850
vt 0.347561 0.306628
vt 0.357681 0.296060
vt 0.357054 0.296933
vt 0.557197 0.365359
vt 0.557676 0.366036
vt 0.558208 0.367375
vt 0.356400 0.296997
vt 0.354486 0.297100
vt 0.367478 0.290528
vt 0.366605 0.291182
vt 0.555012 0.375946
vt 0.555677 0.376441
vt 0.556598 0.377550
vt 0.365982 0.291027
vt 0.364171 0.290435
vt 0.378628 0.288516
vt 0.377581 0.288886
vt 0.556206 0.386689
vt 0.556992 0.386955
vt 0.558210 0.387725
vt 0.377047 0.288557
vt 0.375585 0.287387
vt 0.344921 0.320926
vt 0.345215 0.321954
vt 0.575435 0.345881
vt 0.575198 0.346679
vt 0.344904 0.322575
vt 0.347512 0.309886
vt 0.347480 0.310959
vt 0.566339 0.351784
vt 0.566360 0.352616
vt 0.346984 0.311448
vt 0.353387 0.300229
vt 0.353039 0.301239
vt 0.559512 0.360209
vt 0.559790 0.360993
vt 0.352415 0.301511
vt 0.362049 0.293051
vt 0.361414 0.293912
vt 0.555623 0.370330
vt 0.556129 0.370991
vt 0.360754 0.293938
vt 0.372641 0.289133
vt 0.371759 0.289771
vt 0.555052 0.381158
vt 0.555737 0.381631
vt 0.371145 0.289574
vt 0.384008 0.288846
vt 0.382967 0.289205
vt 0.557855 0.391634
vt 0.558652 0.391871
vt 0.382451 0.288839
vt 0.394883 0.292002
vt 0.393786 0.292054
vt 0.563758 0.400731
vt 0.564590 0.400710
vt 0.393392 0.291575
vt 0.404359 0.297679
vt 0.403349 0.297428
vt 0.572184 0.407558
vt 0.572968 0.407281
vt 0.403061 0.296844
vt 0.411807 0.305888
vt 0.411184 0.305144
vt 0.582307 0.411447
vt 0.582967 0.410941
vt 0.411541 0.304362
vt 0.414706 0.316388
vt 0.414152 0.315541
vt 0.593137 0.412018
vt 0.593608 0.411332
vt 0.414429 0.314893
vt 0.415428 0.327424
vt 0.415136 0.326398
vt 0.603612 0.409214
vt 0.603849 0.408416
vt 0.415449 0.325779
vt 0.412822 0.338434
vt 0.412854 0.337364
vt 0.612708 0.403311
vt 0.612686 0.402479
vt 0.413351 0.336876
vt 0.406946 0.348060
vt 0.407294 0.347053
vt 0.619534 0.394886
vt 0.619257 0.394102
vt 0.407918 0.346782
vt 0.398299 0.355218
vt 0.398932 0.354358
vt 0.623424 0.384765
vt 0.622918 0.384104
vt 0.399590 0.354334
vt 0.387747 0.359137
vt 0.388619 0.358496
vt 0.623995 0.373936
vt 0.623310 0.373464
vt 0.389231 0.358692
vt 0.376420 0.359473
vt 0.377455 0.359110
vt 0.621192 0.363461
vt 0.620395 0.363224
vt 0.377973 0.359475
vt 0.365566 0.356366
vt 0.366657 0.356309
vt 0.615289 0.354364
vt 0.614457 0.354385
vt 0.367053 0.356788
vt 0.356089 0.350730
vt 0.357097 0.350976
vt 0.606863 0.347537
vt 0.606079 0.347814
vt 0.357388 0.351561
vt 0.348601 0.342511
vt 0.349227 0.343257
vt 0.596740 0.343648
vt 0.596079 0.344154
vt 0.348873 0.344040
vt 0.345669 0.331988
vt 0.346226 0.332838
vt 0.585910 0.343077
vt 0.585439 0.343763
vt 0.345951 0.333486
vn 0.954165 -0.222507 -0.200148
vn 0.854236 -0.284336 -0.435241
vn 0.891003 0.000001 -0.453997
vn 0.984808 0.000001 -0.173645
vn 0.722773 -0.222518 -0.654282
vn 0.719337 0.000001 -0.694661
vn 0.722759 0.222518 -0.654297
vn 0.854226 0.284354 -0.435247
vn 0.954169 0.222504 -0.200134
vn 0.845616 -0.222495 -0.485210
vn 0.677928 -0.284331 -0.677915
vn 0.707109 -0.000000 -0.707104
vn 0.882948 -0.000000 -0.469471
vn 0.485194 -0.222512 -0.845621
vn 0.469438 -0.000000 -0.882965
vn 0.485181 0.222505 -0.845630
vn 0.677933 0.284339 -0.677908
vn 0.845624 0.222489 -0.485200
vn 0.654295 -0.222520 -0.722760
vn 0.435248 -0.284348 -0.854228
vn 0.453992 -0.000000 -0.891006
vn 0.694652 0.000001 -0.719346
vn 0.200127 -0.222501 -0.954171
vn 0.173642 -0.000000 -0.984809
vn 0.200129 0.222496 -0.954172
vn 0.435260 0.284355 -0.854219
vn 0.654304 0.222514 -0.722755
vn 0.398920 -0.222520 -0.889577
vn 0.149986 -0.284350 -0.946916
vn 0.156452 -0.000000 -0.987686
vn 0.438365 -0.000000 -0.898797
vn -0.104508 -0.222520 -0.969310
vn -0.139180 0.000000 -0.990267
vn -0.104533 0.222516 -0.969309
vn 0.149993 0.284360 -0.946912
vn 0.398947 0.222513 -0.889567
vn 0.104500 -0.222518 -0.969312
vn -0.149969 -0.284340 -0.946922
vn -0.156442 0.000000 -0.987687
vn 0.139161 0.000000 -0.990270
vn -0.398907 -0.222509 -0.889586
vn -0.438343 -0.000000 -0.898808
vn -0.398900 0.222503 -0.889590
vn -0.149970 0.284346 -0.946920
vn 0.104508 0.222511 -0.969313
vn -0.200137 -0.222531 -0.954162
vn -0.435252 -0.284368 -0.854219
vn -0.453993 0.000000 -0.891005
vn -0.173643 -0.000000 -0.984809
vn -0.654302 -0.222526 -0.722752
vn -0.694666 -0.000000 -0.719332
vn -0.654311 0.222518 -0.722747
vn -0.435262 0.284375 -0.854212
vn -0.200138 0.222525 -0.954163
vn -0.485185 -0.222532 -0.845621
vn -0.677908 -0.284369 -0.677920
vn -0.707089 -0.000001 -0.707125
vn -0.469438 -0.000000 -0.882965
vn -0.845617 -0.222525 -0.485195
vn -0.882945 -0.000001 -0.469477
vn -0.845617 0.222514 -0.485201
vn -0.677898 0.284372 -0.677929
vn -0.485169 0.222524 -0.845632
vn -0.722790 -0.222513 -0.654265
vn -0.854231 -0.284341 -0.435246
vn -0.891003 0.000002 -0.453997
vn -0.719356 0.000000 -0.694642
vn -0.954162 -0.222512 -0.200158
vn -0.984807 0.000001 -0.173655
vn -0.954164 0.222506 -0.200156
vn -0.854229 0.284352 -0.435244
vn -0.722780 0.222515 -0.654275
vn -0.889586 -0.222517 -0.398903
vn -0.946921 -0.284342 -0.149971
vn -0.987690 0.000000 -0.156423
vn -0.898801 0.000000 -0.438357
vn -0.969312 -0.222516 0.104506
vn -0.990267 0.000001 0.139184
vn -0.969313 0.222509 0.104512
vn -0.946920 0.284346 -0.149968
vn -0.889583 0.222506 -0.398915
vn -0.969313 -0.222509 -0.104507
vn -0.946922 -0.284339 0.149967
vn -0.987689 0.000001 0.156429
vn -0.990268 0.000000 -0.139172
vn -0.889581 -0.222513 0.398915
vn -0.898793 0.000000 0.438373
vn -0.889583 0.222509 0.398912
vn -0.946921 0.284344 0.149966
vn -0.969315 0.222501 -0.104511
vn -0.954166 -0.222502 0.200149
vn -0.854232 -0.284343 0.435244
vn -0.891011 -0.000000 0.453981
vn -0.984808 -0.000001 0.173649
vn -0.722749 -0.222525 0.654306
vn -0.719324 0.000001 0.694674
vn -0.722750 0.222519 0.654308
vn -0.854224 0.284357 0.435249
vn -0.954167 0.222501 0.200145
vn -0.845620 -0.222507 0.485198
vn -0.677908 -0.284338 0.677933
vn -0.707088 0.000001 0.707126
vn -0.882947 -0.000001 0.469473
vn -0.485179 -0.222507 0.845631
vn -0.469464 -0.000001 0.882952
vn -0.485188 0.222496 0.845629
vn -0.677914 0.284345 0.677924
vn -0.845625 0.222505 0.485191
vn -0.654277 -0.222516 0.722778
vn -0.435270 -0.284345 0.854218
vn -0.453995 0.000000 0.891004
vn -0.694642 -0.000001 0.719355
vn -0.200192 -0.222515 0.954154
vn -0.173681 0.000001 0.984802
vn -0.200163 0.222514 0.954161
vn -0.435268 0.284362 0.854213
vn -0.654299 0.222510 0.722760
vn -0.398907 -0.222505 0.889587
vn -0.149952 -0.284352 0.946921
vn -0.156410 -0.000000 0.987692
vn -0.438365 0.000000 0.898797
vn 0.104507 -0.222520 0.969311
vn 0.139171 0.000001 0.990268
vn 0.104530 0.222516 0.969309
vn -0.149964 0.284364 0.946915
vn -0.398933 0.222503 0.889576
vn -0.104507 -0.222518 0.969311
vn 0.149957 -0.284347 0.946921
vn 0.156421 0.000000 0.987691
vn -0.139184 0.000000 0.990267
vn 0.398870 -0.222516 0.889601
vn 0.438318 -0.000000 0.898820
vn 0.398885 0.222512 0.889595
vn 0.149976 0.284358 0.946915
vn -0.104506 0.222514 0.969312
vn 0.200163 -0.222515 0.954160
vn 0.435252 -0.284340 0.854229
vn 0.453962 -0.000000 0.891021
vn 0.173641 -0.000000 0.984809
vn 0.654284 -0.222512 0.722773
vn 0.694646 0.000001 0.719352
vn 0.654298 0.222510 0.722761
vn 0.435260 0.284352 0.854220
vn 0.200147 0.222508 0.954165
vn 0.485182 -0.222516 0.845627
vn 0.677916 -0.284347 0.677921
vn 0.707094 -0.000000 0.707120
vn 0.469455 0.000000 0.882956
vn 0.845625 -0.222507 0.485190
vn 0.882952 -0.000000 0.469463
vn 0.845625 0.222504 0.485191
vn 0.677909 0.284355 0.677925
vn 0.485176 0.222507 0.845633
vn 0.722767 -0.222517 0.654289
vn 0.854240 -0.284339 0.435231
vn 0.891011 -0.000000 0.453981
vn 0.719339 0.000000 0.694659
vn 0.954166 -0.222511 0.200143
vn 0.984807 -0.000001 0.173654
vn 0.954167 0.222506 0.200143
vn 0.854231 0.284346 0.435243
vn 0.722766 0.222510 0.654292
vn 0.889585 -0.222509 0.398909
vn 0.946920 -0.284344 0.149972
vn 0.987689 -0.000000 0.156428
vn 0.898803 -0.000001 0.438354
vn 0.969311 -0.222519 -0.104510
vn 0.990267 -0.000001 -0.139183
vn 0.969314 0.222504 -0.104514
vn 0.946922 0.284339 0.149968
vn 0.889586 0.222500 0.398911
vn 0.969313 -0.222513 0.104498
vn 0.946919 -0.284344 -0.149975
vn 0.987688 0.000000 -0.156437
vn 0.990268 0.000001 0.139172
vn 0.889581 -0.222519 -0.398912
vn 0.898796 0.000001 -0.438367
vn 0.889581 0.222508 -0.398919
vn 0.946919 0.284345 -0.149973
vn 0.969314 0.222509 0.104505
vn 0.166583 -0.978572 -0.121028
vn 0.102058 -0.991563 -0.079913
vn 0.084235 -0.995521 -0.042917
vn 0.063203 -0.996944 -0.045918
vn 0.307394 -0.938605 -0.156620
vn 0.124647 -0.991563 -0.035591
vn 0.195830 -0.978571 -0.063630
vn 0.074302 -0.996944 -0.024142
vn 0.121030 -0.978571 -0.166585
vn 0.072366 -0.991563 -0.107548
vn 0.066847 -0.995521 -0.066852
vn 0.045920 -0.996944 -0.063202
vn 0.243951 -0.938603 -0.243951
vn 0.107545 -0.991563 -0.072369
vn 0.063626 -0.978572 -0.195830
vn 0.035590 -0.991563 -0.124647
vn 0.042916 -0.995521 -0.084236
vn 0.024142 -0.996944 -0.074303
vn 0.156628 -0.938603 -0.307397
vn 0.079918 -0.991563 -0.102058
vn -0.000000 -0.978571 -0.205910
vn -0.004669 -0.991563 -0.129542
vn 0.014787 -0.995521 -0.093378
vn 0.000000 -0.996943 -0.078127
vn 0.053966 -0.938603 -0.340751
vn 0.044469 -0.991563 -0.121763
vn -0.063629 -0.978572 -0.195829
vn -0.044469 -0.991563 -0.121761
vn -0.014790 -0.995521 -0.093377
vn -0.024141 -0.996944 -0.074299
vn -0.053966 -0.938604 -0.340749
vn 0.004669 -0.991563 -0.129545
vn -0.121031 -0.978571 -0.166584
vn -0.079919 -0.991563 -0.102062
vn -0.042920 -0.995521 -0.084233
vn -0.045919 -0.996943 -0.063209
vn -0.156625 -0.938603 -0.307397
vn -0.035590 -0.991563 -0.124643
vn -0.166583 -0.978572 -0.121028
vn -0.107546 -0.991563 -0.072366
vn -0.066849 -0.995521 -0.066848
vn -0.063201 -0.996944 -0.045922
vn -0.243950 -0.938602 -0.243955
vn -0.072365 -0.991563 -0.107546
vn -0.195828 -0.978572 -0.063630
vn -0.124647 -0.991562 -0.035600
vn -0.084234 -0.995521 -0.042924
vn -0.074300 -0.996944 -0.024141
vn -0.307394 -0.938603 -0.156634
vn -0.102055 -0.991563 -0.079922
vn -0.205910 -0.978571 0.000002
vn -0.129548 -0.991562 0.004668
vn -0.093377 -0.995521 -0.014783
vn -0.078127 -0.996943 -0.000001
vn -0.340754 -0.938602 -0.053966
vn -0.121759 -0.991563 -0.044464
vn -0.195835 -0.978570 0.063637
vn -0.121764 -0.991562 0.044467
vn -0.093378 -0.995521 0.014788
vn -0.074302 -0.996943 0.024147
vn -0.340758 -0.938601 0.053967
vn -0.129545 -0.991563 -0.004666
vn -0.166585 -0.978571 0.121033
vn -0.102061 -0.991563 0.079916
vn -0.084235 -0.995521 0.042922
vn -0.063206 -0.996943 0.045925
vn -0.307395 -0.938605 0.156621
vn -0.124645 -0.991563 0.035598
vn -0.121030 -0.978570 0.166592
vn -0.072370 -0.991562 0.107549
vn -0.066850 -0.995521 0.066855
vn -0.045924 -0.996943 0.063211
vn -0.243957 -0.938601 0.243953
vn -0.107548 -0.991562 0.072371
vn -0.063630 -0.978570 0.195839
vn -0.035594 -0.991562 0.124650
vn -0.042919 -0.995521 0.084244
vn -0.024142 -0.996944 0.074301
vn -0.156631 -0.938601 0.307402
vn -0.079921 -0.991562 0.102067
vn -0.000002 -0.978570 0.205914
vn 0.004667 -0.991562 0.129548
vn -0.014788 -0.995521 0.093376
vn -0.000001 -0.996944 0.078126
vn -0.053969 -0.938602 0.340755
vn -0.044467 -0.991563 0.121759
vn 0.063630 -0.978570 0.195836
vn 0.044470 -0.991562 0.121764
vn 0.014791 -0.995521 0.093377
vn 0.024140 -0.996944 0.074302
vn 0.053975 -0.938601 0.340757
vn -0.004668 -0.991563 0.129543
vn 0.121032 -0.978571 0.166587
vn 0.079921 -0.991563 0.102061
vn 0.042921 -0.995521 0.084236
vn 0.045923 -0.996944 0.063201
vn 0.156630 -0.938602 0.307397
vn 0.035591 -0.991563 0.124644
vn 0.166584 -0.978571 0.121033
vn 0.107548 -0.991563 0.072368
vn 0.066852 -0.995521 0.066848
vn 0.063204 -0.996943 0.045923
vn 0.243956 -0.938601 0.243955
vn 0.072368 -0.991563 0.107546
vn 0.195834 -0.978571 0.063629
vn 0.124646 -0.991563 0.035590
vn 0.084236 -0.995521 0.042917
vn 0.074301 -0.996944 0.024141
vn 0.307394 -0.938605 0.156622
vn 0.102057 -0.991563 0.079921
vn 0.205910 -0.978571 -0.000005
vn 0.129547 -0.991562 -0.004668
vn 0.093377 -0.995521 0.014787
vn 0.078126 -0.996944 -0.000002
vn 0.340758 -0.938601 0.053966
vn 0.121761 -0.991563 0.044470
vn 0.121761 -0.991563 -0.044469
vn 0.093377 -0.995521 -0.014789
vn 0.340752 -0.938603 -0.053967
vn 0.129545 -0.991563 0.004666
vn 0.196744 0.978369 -0.063928
vn 0.125261 0.991475 -0.035880
vn 0.084985 0.995441 -0.043301
vn 0.074897 0.996894 -0.024335
vn 0.308227 0.938261 -0.157042
vn 0.102653 0.991475 -0.080247
vn 0.167360 0.978369 -0.121594
vn 0.063709 0.996895 -0.046287
vn 0.108037 0.991475 -0.072832
vn 0.067441 0.995441 -0.067448
vn 0.244608 0.938258 -0.244618
vn 0.072831 0.991475 -0.108045
vn 0.121598 0.978367 -0.167368
vn 0.046294 0.996894 -0.063718
vn 0.080254 0.991473 -0.102667
vn 0.043311 0.995439 -0.085000
vn 0.157054 0.938259 -0.308226
vn 0.035890 0.991473 -0.125274
vn 0.063931 0.978364 -0.196764
vn 0.024348 0.996892 -0.074929
vn 0.044603 0.991471 -0.122458
vn 0.014927 0.995437 -0.094248
vn 0.054117 0.938255 -0.341685
vn -0.004576 0.991471 -0.130250
vn 0.000001 0.978363 -0.206897
vn 0.000003 0.996891 -0.078788
vn 0.004579 0.991471 -0.130248
vn -0.014925 0.995436 -0.094261
vn -0.054116 0.938252 -0.341693
vn -0.044597 0.991468 -0.122482
vn -0.063938 0.978359 -0.196789
vn -0.024356 0.996888 -0.074974
vn -0.035909 0.991468 -0.125309
vn -0.043337 0.995434 -0.085045
vn -0.157061 0.938253 -0.308240
vn -0.080272 0.991468 -0.102699
vn -0.121626 0.978359 -0.167397
vn -0.046338 0.996888 -0.063772
vn -0.072874 0.991468 -0.108081
vn -0.067499 0.995434 -0.067498
vn -0.244628 0.938251 -0.244626
vn -0.108082 0.991467 -0.072880
vn -0.167404 0.978357 -0.121632
vn -0.063780 0.996887 -0.046352
vn -0.102713 0.991466 -0.080284
vn -0.085071 0.995431 -0.043351
vn -0.308255 0.938248 -0.157062
vn -0.125338 0.991463 -0.035928
vn -0.196815 0.978353 -0.063950
vn -0.075016 0.996884 -0.024379
vn -0.122514 0.991464 -0.044607
vn -0.094316 0.995430 -0.014938
vn -0.341709 0.938246 -0.054124
vn -0.130303 0.991464 0.004563
vn -0.206943 0.978353 0.000007
vn -0.078874 0.996885 0.000003
vn -0.130306 0.991463 -0.004560
vn -0.094322 0.995430 0.014941
vn -0.341715 0.938244 0.054120
vn -0.122523 0.991463 0.044607
vn -0.196824 0.978351 0.063948
vn -0.075024 0.996884 0.024371
vn -0.125344 0.991463 0.035924
vn -0.085091 0.995429 0.043358
vn -0.308260 0.938245 0.157071
vn -0.102741 0.991462 0.080292
vn -0.167427 0.978351 0.121642
vn -0.063820 0.996884 0.046361
vn -0.108108 0.991463 0.072896
vn -0.067525 0.995430 0.067529
vn -0.244644 0.938243 0.244640
vn -0.072897 0.991463 0.108110
vn -0.121634 0.978353 0.167423
vn -0.046360 0.996885 0.063803
vn -0.080284 0.991465 0.102726
vn -0.043353 0.995430 0.085083
vn -0.157068 0.938243 0.308270
vn -0.035928 0.991462 0.125346
vn -0.063951 0.978350 0.196831
vn -0.024376 0.996883 0.075030
vn -0.044605 0.991462 0.122526
vn -0.014932 0.995430 0.094316
vn -0.054124 0.938243 0.341719
vn 0.004573 0.991465 0.130293
vn 0.000002 0.978355 0.206934
vn 0.000004 0.996887 0.078847
vn -0.004570 0.991466 0.130287
vn 0.014935 0.995432 0.094294
vn 0.054119 0.938250 0.341700
vn 0.044604 0.991466 0.122497
vn 0.063945 0.978357 0.196798
vn 0.024365 0.996887 0.074982
vn 0.035912 0.991468 0.125309
vn 0.043333 0.995434 0.085053
vn 0.157062 0.938250 0.308252
vn 0.080265 0.991467 0.102714
vn 0.121623 0.978357 0.167406
vn 0.046335 0.996888 0.063780
vn 0.072875 0.991468 0.108078
vn 0.067490 0.995436 0.067476
vn 0.244624 0.938252 0.244629
vn 0.108070 0.991471 0.072845
vn 0.167387 0.978363 0.121605
vn 0.063751 0.996891 0.046305
vn 0.102682 0.991471 0.080262
vn 0.085019 0.995437 0.043317
vn 0.308234 0.938258 0.157046
vn 0.125284 0.991471 0.035892
vn 0.196767 0.978364 0.063933
vn 0.074928 0.996892 0.024347
vn 0.122449 0.991472 0.044599
vn 0.094229 0.995439 0.014921
vn 0.341683 0.938256 0.054113
vn 0.130230 0.991473 -0.004583
vn 0.206874 0.978368 0.000000
vn 0.078758 0.996894 0.000004
vn 0.130218 0.991475 0.004583
vn 0.094209 0.995441 -0.014921
vn 0.341672 0.938260 -0.054121
vn 0.122429 0.991475 -0.044599
vn -0.104493 -0.222517 0.969313
vn 0.149979 -0.284347 0.946918
vn 0.156441 0.000000 0.987687
vn -0.139155 -0.000000 0.990271
vn 0.398910 -0.222521 0.889581
vn 0.438355 -0.000000 0.898802
vn 0.398921 0.222517 0.889578
vn 0.149982 0.284358 0.946914
vn -0.104499 0.222513 0.969313
vn 0.200170 -0.222523 0.954157
vn 0.435263 -0.284352 0.854219
vn 0.453999 0.000000 0.891002
vn 0.173678 0.000000 0.984803
vn 0.654299 -0.222517 0.722758
vn 0.694654 -0.000001 0.719344
vn 0.654312 0.222508 0.722749
vn 0.435273 0.284359 0.854212
vn 0.200154 0.222518 0.954162
vn 0.485178 -0.222506 0.845632
vn 0.677905 -0.284341 0.677935
vn 0.707085 0.000001 0.707129
vn 0.469457 0.000001 0.882955
vn 0.845617 -0.222509 0.485203
vn 0.882944 0.000002 0.469478
vn 0.845620 0.222502 0.485200
vn 0.677901 0.284350 0.677934
vn 0.485171 0.222505 0.845636
vn 0.722746 -0.222524 0.654310
vn 0.854231 -0.284343 0.435246
vn 0.891009 0.000001 0.453987
vn 0.719324 0.000000 0.694675
vn 0.954166 -0.222506 0.200149
vn 0.984807 0.000000 0.173652
vn 0.954167 0.222503 0.200145
vn 0.854226 0.284352 0.435250
vn 0.722752 0.222515 0.654307
vn 0.889585 -0.222511 0.398909
vn 0.946923 -0.284335 0.149968
vn 0.987689 -0.000001 0.156433
vn 0.898793 -0.000001 0.438374
vn 0.969314 -0.222507 -0.104509
vn 0.990268 -0.000001 -0.139176
vn 0.969313 0.222507 -0.104514
vn 0.946921 0.284343 0.149966
vn 0.889582 0.222502 0.398919
vn 0.969315 -0.222508 0.104497
vn 0.946921 -0.284339 -0.149974
vn 0.987688 0.000000 -0.156435
vn 0.990269 -0.000001 0.139166
vn 0.889579 -0.222516 -0.398918
vn 0.898796 -0.000001 -0.438368
vn 0.889578 0.222506 -0.398926
vn 0.946917 0.284349 -0.149978
vn 0.969315 0.222505 0.104501
vn 0.954163 -0.222515 -0.200150
vn 0.854232 -0.284345 -0.435241
vn 0.891003 0.000000 -0.453997
vn 0.984808 0.000001 -0.173646
vn 0.722790 -0.222517 -0.654263
vn 0.719356 -0.000001 -0.694641
vn 0.722778 0.222513 -0.654278
vn 0.854227 0.284350 -0.435248
vn 0.954166 0.222507 -0.200147
vn 0.845620 -0.222522 -0.485191
vn 0.677921 -0.284365 -0.677909
vn 0.707098 0.000001 -0.707116
vn 0.882948 -0.000001 -0.469471
vn 0.485199 -0.222531 -0.845613
vn 0.469444 0.000001 -0.882962
vn 0.485171 0.222524 -0.845631
vn 0.677905 0.284375 -0.677920
vn 0.845624 0.222517 -0.485187
vn 0.654296 -0.222524 -0.722758
vn 0.435240 -0.284365 -0.854226
vn 0.453984 0.000000 -0.891010
vn 0.694657 0.000001 -0.719341
vn 0.200134 -0.222529 -0.954163
vn 0.173647 -0.000001 -0.984808
vn 0.200144 0.222526 -0.954162
vn 0.435260 0.284376 -0.854213
vn 0.654300 0.222520 -0.722756
vn 0.398904 -0.222511 -0.889587
vn 0.149968 -0.284344 -0.946920
vn 0.156452 -0.000000 -0.987686
vn 0.438355 -0.000000 -0.898802
vn -0.104499 -0.222521 -0.969311
vn -0.139167 -0.000000 -0.990269
vn -0.104509 0.222517 -0.969311
vn 0.149982 0.284351 -0.946916
vn 0.398911 0.222506 -0.889585
vn 0.104510 -0.222523 -0.969310
vn -0.149994 -0.284352 -0.946914
vn -0.156452 0.000000 -0.987686
vn 0.139180 0.000000 -0.990267
vn -0.398923 -0.222519 -0.889576
vn -0.438362 -0.000000 -0.898799
vn -0.398939 0.222512 -0.889571
vn -0.149984 0.284355 -0.946915
vn 0.104532 0.222511 -0.969310
vn -0.200130 -0.222502 -0.954170
vn -0.435259 -0.284343 -0.854224
vn -0.453994 0.000001 -0.891005
vn -0.173644 -0.000000 -0.984809
vn -0.654305 -0.222515 -0.722753
vn -0.694654 -0.000000 -0.719344
vn -0.654310 0.222508 -0.722751
vn -0.435259 0.284350 -0.854222
vn -0.200128 0.222495 -0.954172
vn -0.485180 -0.222510 -0.845630
vn -0.677923 -0.284329 -0.677921
vn -0.707107 0.000000 -0.707106
vn -0.469431 0.000000 -0.882969
vn -0.845616 -0.222497 -0.485210
vn -0.882948 0.000000 -0.469471
vn -0.845621 0.222492 -0.485203
vn -0.677926 0.284342 -0.677913
vn -0.485174 0.222508 -0.845634
vn -0.722760 -0.222525 -0.654294
vn -0.854225 -0.284350 -0.435252
vn -0.891003 0.000001 -0.453998
vn -0.719337 -0.000001 -0.694661
vn -0.954163 -0.222514 -0.200151
vn -0.984808 -0.000001 -0.173649
vn -0.954167 0.222504 -0.200145
vn -0.854224 0.284353 -0.435252
vn -0.722764 0.222514 -0.654293
vn -0.889583 -0.222511 -0.398913
vn -0.946922 -0.284338 -0.149970
vn -0.987689 -0.000000 -0.156429
vn -0.898796 -0.000000 -0.438368
vn -0.969314 -0.222507 0.104504
vn -0.990268 0.000000 0.139176
vn -0.969314 0.222505 0.104506
vn -0.946920 0.284346 -0.149967
vn -0.889584 0.222502 -0.398916
vn -0.969312 -0.222514 -0.104506
vn -0.946920 -0.284339 0.149977
vn -0.987689 0.000000 0.156429
vn -0.990267 -0.000000 -0.139179
vn -0.889584 -0.222510 0.398911
vn -0.898802 0.000001 0.438355
vn -0.889582 0.222510 0.398915
vn -0.946918 0.284353 0.149969
vn -0.969312 0.222513 -0.104512
vn -0.954164 -0.222507 0.200156
vn -0.854231 -0.284336 0.435251
vn -0.891011 -0.000000 0.453982
vn -0.984806 -0.000002 0.173659
vn -0.722760 -0.222517 0.654297
vn -0.719341 -0.000000 0.694658
vn -0.722765 0.222514 0.654292
vn -0.854230 0.284349 0.435244
vn -0.954165 0.222504 0.200151
vn -0.845625 -0.222512 0.485188
vn -0.677920 -0.284349 0.677916
vn -0.707098 -0.000000 0.707116
vn -0.882951 0.000000 0.469464
vn -0.485192 -0.222514 0.845622
vn -0.469463 -0.000000 0.882952
vn -0.485175 0.222503 0.845635
vn -0.677906 0.284355 0.677928
vn -0.845620 0.222507 0.485198
vn -0.654260 -0.222510 0.722795
vn -0.435242 -0.284345 0.854232
vn -0.453985 -0.000000 0.891009
vn -0.694620 0.000000 0.719377
vn -0.200142 -0.222509 0.954166
vn -0.173651 -0.000000 0.984807
vn -0.200149 0.222502 0.954166
vn -0.435246 0.284356 0.854227
vn -0.654274 0.222505 0.722784
vn -0.398922 -0.222509 0.889579
vn -0.149973 -0.284346 0.946919
vn -0.156420 -0.000000 0.987691
vn -0.438366 0.000000 0.898797
vn 0.104481 -0.222514 0.969315
vn 0.139137 0.000000 0.990273
vn 0.104497 0.222509 0.969314
vn -0.149976 0.284356 0.946916
vn -0.398936 0.222505 0.889574
vn 0.346890 -0.930067 -0.121007
vn 0.594681 -0.796824 0.106892
vn 0.431815 -0.749552 -0.501704
vn 0.891007 0.000001 -0.453990
vn 0.590742 0.000001 -0.806861
vn 0.431827 0.749544 -0.501706
vn 0.346901 0.930063 -0.121003
vn 0.594698 0.796811 0.106894
vn 0.951064 -0.000002 -0.308995
vn 0.956405 0.000001 0.292044
vn 0.292517 -0.930066 -0.222285
vn 0.598616 -0.796817 -0.082115
vn 0.255640 -0.749547 -0.610596
vn 0.707120 0.000001 -0.707094
vn 0.312515 -0.000000 -0.949913
vn 0.255662 0.749535 -0.610602
vn 0.292526 0.930064 -0.222281
vn 0.598630 0.796806 -0.082114
vn 0.809011 -0.000002 -0.587793
vn 0.999841 0.000001 -0.017814
vn 0.209514 -0.930066 -0.301797
vn 0.543944 -0.796814 -0.263082
vn 0.054450 -0.749554 -0.659700
vn 0.454010 0.000000 -0.890996
vn 0.003688 0.000001 -0.999993
vn 0.054465 0.749537 -0.659718
vn 0.209522 0.930060 -0.301811
vn 0.543955 0.796804 -0.263091
vn 0.587781 0.000002 -0.809020
vn 0.945402 0.000002 -0.325908
vn 0.105994 -0.930070 -0.351759
vn 0.436022 -0.796822 -0.418282
vn -0.152082 -0.749552 -0.644238
vn 0.156435 -0.000000 -0.987688
vn -0.305529 0.000000 -0.952183
vn -0.152068 0.749544 -0.644251
vn 0.106000 0.930066 -0.351769
vn 0.436033 0.796812 -0.418289
vn 0.309003 0.000002 -0.951061
vn 0.798415 0.000001 -0.602107
vn -0.007888 -0.930073 -0.367289
vn 0.285426 -0.796826 -0.532542
vn -0.343702 -0.749559 -0.565712
vn -0.156432 -0.000000 -0.987689
vn -0.584799 -0.000000 -0.811178
vn -0.343694 0.749554 -0.565723
vn -0.007889 0.930063 -0.367315
vn 0.285423 0.796811 -0.532565
vn 0.000000 -0.000001 -1.000000
vn 0.573282 0.000000 -0.819358
vn -0.121007 -0.930071 -0.346879
vn 0.106897 -0.796818 -0.594689
vn -0.501715 -0.749542 -0.431821
vn -0.454006 -0.000001 -0.890999
vn -0.806860 -0.000001 -0.590743
vn -0.501719 0.749543 -0.431814
vn -0.121013 0.930069 -0.346882
vn 0.106896 0.796810 -0.594699
vn -0.309009 -0.000002 -0.951059
vn 0.292046 -0.000003 -0.956404
vn -0.222277 -0.930074 -0.292499
vn -0.082117 -0.796827 -0.598601
vn -0.610594 -0.749541 -0.255662
vn -0.707115 0.000001 -0.707098
vn -0.949917 0.000001 -0.312503
vn -0.610600 0.749542 -0.255646
vn -0.222288 0.930066 -0.292515
vn -0.082119 0.796809 -0.598625
vn -0.587781 -0.000003 -0.809020
vn -0.017816 -0.000003 -0.999841
vn -0.301795 -0.930068 -0.209508
vn -0.263077 -0.796816 -0.543944
vn -0.659704 -0.749550 -0.054459
vn -0.891000 0.000000 -0.454003
vn -0.999993 0.000000 -0.003665
vn -0.659720 0.749536 -0.054454
vn -0.301806 0.930061 -0.209523
vn -0.263077 0.796808 -0.543956
vn -0.809009 0.000000 -0.587796
vn -0.325887 0.000002 -0.945409
vn -0.351770 -0.930066 -0.105992
vn -0.418288 -0.796816 -0.436027
vn -0.644236 -0.749553 0.152084
vn -0.987691 -0.000000 -0.156420
vn -0.952176 0.000000 0.305550
vn -0.644255 0.749538 0.152081
vn -0.351782 0.930061 -0.105999
vn -0.418296 0.796811 -0.436029
vn -0.951060 0.000000 -0.309007
vn -0.602094 0.000001 -0.798425
vn -0.367307 -0.930066 0.007906
vn -0.532557 -0.796818 -0.285420
vn -0.565716 -0.749546 0.343724
vn -0.987691 0.000000 0.156420
vn -0.811172 -0.000000 0.584808
vn -0.565740 0.749533 0.343714
vn -0.367321 0.930061 0.007896
vn -0.532559 0.796816 -0.285422
vn -1.000000 -0.000001 -0.000001
vn -0.819353 -0.000000 -0.573290
vn -0.346885 -0.930068 0.121016
vn -0.594693 -0.796818 -0.106872
vn -0.431800 -0.749565 0.501699
vn -0.891008 0.000000 0.453989
vn -0.590723 0.000000 0.806875
vn -0.431818 0.749547 0.501709
vn -0.346899 0.930063 0.121011
vn -0.594700 0.796812 -0.106881
vn -0.951056 -0.000002 0.309018
vn -0.956407 -0.000000 -0.292037
vn -0.292514 -0.930069 0.222277
vn -0.598610 -0.796822 0.082106
vn -0.255649 -0.749546 0.610594
vn -0.707111 -0.000001 0.707103
vn -0.312527 -0.000001 0.949909
vn -0.255668 0.749533 0.610601
vn -0.292530 0.930060 0.222295
vn -0.598617 0.796815 0.082120
vn -0.809014 0.000001 0.587789
vn -0.999842 0.000001 0.017802
vn -0.209513 -0.930066 0.301796
vn -0.543945 -0.796813 0.263084
vn -0.054434 -0.749552 0.659703
vn -0.454004 0.000001 0.891000
vn -0.003653 0.000001 0.999993
vn -0.054456 0.749534 0.659722
vn -0.209521 0.930059 0.301814
vn -0.543952 0.796806 0.263093
vn -0.587753 0.000004 0.809040
vn -0.945399 0.000001 0.325914
vn -0.105981 -0.930071 0.351761
vn -0.436022 -0.796815 0.418296
vn 0.152093 -0.749548 0.644240
vn -0.156437 -0.000001 0.987688
vn 0.305531 -0.000000 0.952182
vn 0.152071 0.749538 0.644257
vn -0.105993 0.930065 0.351775
vn -0.436026 0.796809 0.418302
vn -0.309015 0.000002 0.951057
vn -0.798412 -0.000000 0.602111
vn 0.007887 -0.930071 0.367296
vn -0.285443 -0.796818 0.532544
vn 0.343716 -0.749549 0.565717
vn 0.156447 -0.000000 0.987686
vn 0.584807 -0.000001 0.811173
vn 0.343711 0.749543 0.565728
vn 0.007889 0.930064 0.367313
vn -0.285432 0.796810 0.532562
vn -0.000000 -0.000001 1.000000
vn -0.573295 -0.000000 0.819349
vn 0.121015 -0.930071 0.346877
vn -0.106885 -0.796820 0.594687
vn 0.501713 -0.749558 0.431796
vn 0.454012 0.000000 0.890995
vn 0.806869 0.000000 0.590731
vn 0.501722 0.749538 0.431819
vn 0.121018 0.930064 0.346895
vn -0.106884 0.796815 0.594695
vn 0.309019 -0.000003 0.951056
vn -0.292030 -0.000004 0.956409
vn 0.222277 -0.930070 0.292512
vn 0.082093 -0.796818 0.598616
vn 0.610596 -0.749547 0.255641
vn 0.707108 0.000000 0.707105
vn 0.949918 -0.000000 0.312498
vn 0.610597 0.749543 0.255648
vn 0.222284 0.930066 0.292520
vn 0.082115 0.796811 0.598623
vn 0.587764 -0.000003 0.809032
vn 0.017801 -0.000001 0.999842
vn 0.301792 -0.930070 0.209504
vn 0.263073 -0.796815 0.543947
vn 0.659702 -0.749552 0.054446
vn 0.891009 0.000001 0.453985
vn 0.999993 0.000001 0.003662
vn 0.659712 0.749543 0.054451
vn 0.301809 0.930061 0.209518
vn 0.263090 0.796805 0.543953
vn 0.809015 0.000002 0.587788
vn 0.325914 0.000001 0.945399
vn 0.351766 -0.930068 0.105992
vn 0.418289 -0.796818 0.436022
vn 0.644245 -0.749546 -0.152083
vn 0.987691 -0.000001 0.156421
vn 0.952177 -0.000001 -0.305546
vn 0.644246 0.749545 -0.152082
vn 0.351781 0.930061 0.105999
vn 0.418295 0.796812 0.436027
vn 0.951055 -0.000002 0.309023
vn 0.602091 -0.000002 0.798428
vn 0.367307 -0.930066 -0.007899
vn 0.532546 -0.796825 0.285418
vn 0.565719 -0.749554 -0.343702
vn 0.987688 0.000001 -0.156434
vn 0.811169 0.000002 -0.584812
vn 0.565727 0.749542 -0.343714
vn 0.367318 0.930062 -0.007898
vn 0.532562 0.796814 0.285421
vn 1.000000 -0.000001 -0.000009
vn 0.819351 -0.000001 0.573292
vn 0.105991 -0.930069 0.351764
vn -0.152081 -0.749551 0.644239
vn 0.436028 -0.796815 0.418289
vn 0.798416 0.000000 0.602106
vn 0.436033 0.796811 0.418292
vn 0.105999 0.930065 0.351773
vn -0.152082 0.749540 0.644252
vn -0.305533 0.000000 0.952182
vn 0.209512 -0.930066 0.301797
vn 0.054451 -0.749550 0.659704
vn 0.543952 -0.796810 0.263078
vn 0.945401 -0.000002 0.325910
vn 0.543948 0.796809 0.263087
vn 0.209520 0.930062 0.301806
vn 0.054452 0.749541 0.659715
vn 0.003675 0.000000 0.999993
vn 0.292509 -0.930070 0.222280
vn 0.255643 -0.749548 0.610594
vn 0.598609 -0.796821 0.082114
vn 0.999842 0.000002 0.017805
vn 0.598618 0.796816 0.082107
vn 0.292525 0.930063 0.222290
vn 0.255656 0.749530 0.610611
vn 0.312518 0.000001 0.949912
vn 0.346882 -0.930069 0.121012
vn 0.431796 -0.749562 0.501706
vn 0.594689 -0.796819 -0.106881
vn 0.956407 -0.000001 -0.292039
vn 0.594701 0.796811 -0.106881
vn 0.346899 0.930063 0.121011
vn 0.431818 0.749549 0.501707
vn 0.590724 0.000001 0.806874
vn 0.367309 -0.930065 0.007896
vn 0.565720 -0.749549 0.343711
vn 0.532556 -0.796815 -0.285428
vn 0.819352 -0.000000 -0.573291
vn 0.532560 0.796813 -0.285426
vn 0.367321 0.930061 0.007885
vn 0.565738 0.749537 0.343707
vn 0.811173 -0.000001 0.584806
vn 0.351764 -0.930068 -0.105997
vn 0.644235 -0.749557 0.152071
vn 0.418288 -0.796817 -0.436026
vn 0.602099 -0.000003 -0.798421
vn 0.418292 0.796808 -0.436039
vn 0.351779 0.930061 -0.106012
vn 0.644256 0.749540 0.152067
vn 0.952182 -0.000001 0.305532
vn 0.301792 -0.930070 -0.209503
vn 0.659705 -0.749551 -0.054443
vn 0.263079 -0.796817 -0.543941
vn 0.325895 -0.000003 -0.945406
vn 0.263076 0.796809 -0.543954
vn 0.301806 0.930060 -0.209526
vn 0.659723 0.749533 -0.054456
vn 0.999993 0.000001 -0.003656
vn 0.222279 -0.930072 -0.292503
vn 0.610598 -0.749546 -0.255638
vn 0.082114 -0.796820 -0.598611
vn 0.017808 0.000002 -0.999841
vn 0.082114 0.796810 -0.598624
vn 0.222289 0.930062 -0.292527
vn 0.610601 0.749535 -0.255662
vn 0.949917 0.000001 -0.312502
vn 0.121006 -0.930071 -0.346879
vn 0.501722 -0.749541 -0.431814
vn -0.106897 -0.796818 -0.594688
vn -0.292048 0.000002 -0.956404
vn -0.106897 0.796808 -0.594702
vn 0.121016 0.930064 -0.346895
vn 0.501718 0.749538 -0.431824
vn 0.806864 0.000000 -0.590737
vn 0.007891 -0.930072 -0.367292
vn 0.343701 -0.749562 -0.565709
vn -0.285423 -0.796824 -0.532547
vn -0.573284 -0.000000 -0.819357
vn -0.285422 0.796816 -0.532558
vn 0.007893 0.930065 -0.367310
vn 0.343697 0.749552 -0.565725
vn 0.584797 -0.000000 -0.811180
vn -0.105998 -0.930070 -0.351760
vn 0.152084 -0.749556 -0.644234
vn -0.436026 -0.796818 -0.418286
vn -0.798418 0.000001 -0.602103
vn -0.436033 0.796811 -0.418290
vn -0.105999 0.930065 -0.351773
vn 0.152069 0.749543 -0.644252
vn 0.305535 -0.000000 -0.952181
vn -0.209518 -0.930065 -0.301798
vn -0.054446 -0.749554 -0.659700
vn -0.543948 -0.796811 -0.263083
vn -0.945402 -0.000000 -0.325907
vn -0.543957 0.796805 -0.263085
vn -0.209521 0.930060 -0.301810
vn -0.054465 0.749538 -0.659717
vn -0.003686 -0.000001 -0.999993
vn -0.292517 -0.930067 -0.222281
vn -0.255635 -0.749547 -0.610598
vn -0.598615 -0.796817 -0.082114
vn -0.999842 -0.000001 -0.017807
vn -0.598632 0.796804 -0.082113
vn -0.292524 0.930062 -0.222292
vn -0.255654 0.749532 -0.610609
vn -0.312504 0.000000 -0.949916
vn -0.346886 -0.930067 -0.121015
vn -0.431814 -0.749550 -0.501709
vn -0.594679 -0.796827 0.106883
vn -0.956406 -0.000000 0.292040
vn -0.594698 0.796812 0.106889
vn -0.346901 0.930063 -0.121010
vn -0.431826 0.749537 -0.501718
vn -0.590737 -0.000000 -0.806864
vn -0.367305 -0.930067 -0.007897
vn -0.565728 -0.749543 -0.343710
vn -0.532544 -0.796823 0.285429
vn -0.819349 0.000000 0.573295
vn -0.532562 0.796810 0.285433
vn -0.367320 0.930061 -0.007890
vn -0.565735 0.749531 -0.343726
vn -0.811175 -0.000000 -0.584803
vn -0.351766 -0.930068 0.105990
vn -0.644245 -0.749544 -0.152092
vn -0.418286 -0.796819 0.436023
vn -0.602092 -0.000002 0.798427
vn -0.418297 0.796813 0.436024
vn -0.351781 0.930061 0.106003
vn -0.644245 0.749548 -0.152074
vn -0.952177 -0.000000 -0.305547
vn -0.301793 -0.930069 0.209507
vn -0.659704 -0.749550 0.054457
vn -0.263072 -0.796816 0.543945
vn -0.325906 -0.000000 0.945402
vn -0.263088 0.796808 0.543950
vn -0.301809 0.930061 0.209516
vn -0.659711 0.749543 0.054458
vn -0.999993 -0.000000 0.003663
vn -0.222278 -0.930070 0.292509
vn -0.610592 -0.749547 0.255650
vn -0.082097 -0.796821 0.598613
vn -0.017787 0.000003 0.999842
vn -0.082101 0.796806 0.598632
vn -0.222287 0.930064 0.292523
vn -0.610603 0.749542 0.255637
vn -0.949917 -0.000001 0.312502
vn -0.121014 -0.930070 0.346879
vn -0.501723 -0.749547 0.431803
vn 0.106878 -0.796818 0.594692
vn 0.292006 0.000003 0.956417
vn 0.106870 0.796814 0.594698
vn -0.121015 0.930067 0.346888
vn -0.501713 0.749540 0.431826
vn -0.806865 0.000001 0.590736
vn -0.007894 -0.930068 0.367302
vn -0.343725 -0.749547 0.565715
vn 0.285428 -0.796816 0.532556
vn 0.573276 0.000000 0.819362
vn 0.285422 0.796807 0.532571
vn -0.007894 0.930061 0.367321
vn -0.343717 0.749538 0.565731
vn -0.584818 -0.000000 0.811165
s 1
g Faro pCylinder7
usemtl initialShadingGroup
f 447/492/499 847/493/500 1087/1691/501 850/1648/502
f 847/493/500 448/496/503 848/497/504 1087/1691/501
f 1087/494/501 848/1650/504 449/1928/505 849/1927/506
f 850/495/502 1087/494/501 849/1927/506 450/500/507
f 451/501/508 851/502/509 1088/1690/510 854/1644/511
f 851/502/509 452/505/512 852/506/513 1088/1690/510
f 1088/503/510 852/1646/513 453/1923/514 853/1922/515
f 854/504/511 1088/503/510 853/1922/515 454/509/516
f 455/510/517 855/511/518 1089/1689/519 858/1640/520
f 855/511/518 456/514/521 856/515/522 1089/1689/519
f 1089/512/519 856/1642/522 457/1918/523 857/1917/524
f 858/513/520 1089/512/519 857/1917/524 458/518/525
f 459/519/526 859/520/527 1090/1688/528 862/1636/529
f 859/520/527 460/523/530 860/524/531 1090/1688/528
f 1090/521/528 860/1638/531 461/1913/532 861/1912/533
f 862/522/529 1090/521/528 861/1912/533 462/527/534
f 463/528/535 863/529/536 1091/1687/537 866/1632/538
f 863/529/536 464/532/539 864/533/540 1091/1687/537
f 1091/530/537 864/1634/540 465/1908/541 865/1907/542
f 866/531/538 1091/530/537 865/1907/542 466/536/543
f 467/537/544 867/538/545 1092/1686/546 870/1628/547
f 867/538/545 468/541/548 868/542/549 1092/1686/546
f 1092/539/546 868/1630/549 469/1903/550 869/1902/551
f 870/540/547 1092/539/546 869/1902/551 470/545/552
f 471/546/553 871/547/554 1093/1685/555 874/1624/556
f 871/547/554 472/550/557 872/551/558 1093/1685/555
f 1093/548/555 872/1626/558 473/1898/559 873/1897/560
f 874/549/556 1093/548/555 873/1897/560 474/554/561
f 475/555/562 875/556/563 1094/1684/564 878/1620/565
f 875/556/563 476/559/566 876/560/567 1094/1684/564
f 1094/557/564 876/1622/567 477/1893/568 877/1892/569
f 878/558/565 1094/557/564 877/1892/569 478/563/570
f 479/564/571 879/565/572 1095/1683/573 882/1616/574
f 879/565/572 480/568/575 880/569/576 1095/1683/573
f 1095/566/573 880/1618/576 481/1888/577 881/1887/578
f 882/567/574 1095/566/573 881/1887/578 482/572/579
f 483/573/580 883/574/581 1096/1682/582 886/1612/583
f 883/574/581 484/577/584 884/578/585 1096/1682/582
f 1096/575/582 884/1614/585 485/1883/586 885/1882/587
f 886/576/583 1096/575/582 885/1882/587 486/581/588
f 487/582/589 887/583/590 1097/1681/591 890/1608/592
f 887/583/590 488/586/593 888/587/594 1097/1681/591
f 1097/584/591 888/1610/594 489/1878/595 889/1877/596
f 890/585/592 1097/584/591 889/1877/596 490/590/597
f 491/591/598 891/592/599 1098/1680/600 894/1604/601
f 891/592/599 492/595/602 892/596/603 1098/1680/600
f 1098/593/600 892/1606/603 493/1873/604 893/1872/605
f 894/594/601 1098/593/600 893/1872/605 494/599/606
f 495/600/607 895/601/608 1099/1679/609 898/1600/610
f 895/601/608 496/604/611 896/605/612 1099/1679/609
f 1099/602/609 896/1602/612 497/1868/613 897/1867/614
f 898/603/610 1099/602/609 897/1867/614 498/608/615
f 499/609/616 899/610/617 1100/1678/618 902/1596/619
f 899/610/617 500/613/620 900/614/621 1100/1678/618
f 1100/611/618 900/1598/621 501/1863/622 901/1862/623
f 902/612/619 1100/611/618 901/1862/623 502/617/624
f 503/618/625 903/619/626 1101/1677/627 906/1592/628
f 903/619/626 504/622/629 904/623/630 1101/1677/627
f 1101/620/627 904/1594/630 505/1858/631 905/1857/632
f 906/621/628 1101/620/627 905/1857/632 506/626/633
f 507/627/634 907/628/635 1102/1676/636 910/1588/637
f 907/628/635 508/631/638 908/632/639 1102/1676/636
f 1102/629/636 908/1590/639 509/1853/640 909/1852/641
f 910/630/637 1102/629/636 909/1852/641 510/635/642
f 511/636/643 911/637/644 1103/1675/645 914/1584/646
f 911/637/644 512/640/647 912/641/648 1103/1675/645
f 1103/638/645 912/1586/648 513/1848/649 913/1847/650
f 914/639/646 1103/638/645 913/1847/650 514/644/651
f 515/645/652 915/646/653 1104/1674/654 918/1580/655
f 915/646/653 516/649/656 916/650/657 1104/1674/654
f 1104/647/654 916/1582/657 517/1843/658 917/1842/659
f 918/648/655 1104/647/654 917/1842/659 518/653/660
f 519/654/661 919/655/662 1105/1673/663 922/1576/664
f 919/655/662 520/658/665 920/659/666 1105/1673/663
f 1105/656/663 920/1578/666 521/1838/667 921/1837/668
f 922/657/664 1105/656/663 921/1837/668 522/662/669
f 523/663/670 923/664/671 1106/1672/672 926/1572/673
f 923/664/671 524/667/674 924/668/675 1106/1672/672
f 1106/665/672 924/1574/675 525/1833/676 925/1832/677
f 926/666/673 1106/665/672 925/1832/677 526/671/678
f 368/672/679 927/673/680 1107/674/681 930/675/682
f 927/673/680 419/676/683 928/677/684 1107/674/681
f 1107/674/681 928/677/684 367/678/685 929/679/686
f 369/680/687 931/681/688 1108/682/689 933/683/690
f 931/681/688 421/684/691 932/685/692 1108/682/689
f 1108/682/689 932/685/692 368/672/679 930/675/682
f 370/686/693 934/687/694 1109/688/695 936/689/696
f 934/687/694 423/690/697 935/691/698 1109/688/695
f 1109/688/695 935/691/698 369/680/687 933/683/690
f 371/692/699 937/693/700 1110/694/701 939/695/702
f 937/693/700 425/696/703 938/697/704 1110/694/701
f 1110/694/701 938/697/704 370/686/693 936/689/696
f 372/698/705 940/699/706 1111/700/707 942/701/708
f 940/699/706 427/702/709 941/703/710 1111/700/707
f 1111/700/707 941/703/710 371/692/699 939/695/702
f 373/704/711 943/705/712 1112/706/713 945/707/714
f 943/705/712 429/708/715 944/709/716 1112/706/713
f 1112/706/713 944/709/716 372/698/705 942/701/708
f 374/710/717 946/711/718 1113/712/719 948/713/720
f 946/711/718 431/714/721 947/715/722 1113/712/719
f 1113/712/719 947/715/722 373/704/711 945/707/714
f 375/716/723 949/717/724 1114/718/725 951/719/726
f 949/717/724 433/720/727 950/721/728 1114/718/725
f 1114/718/725 950/721/728 374/710/717 948/713/720
f 376/722/729 952/723/730 1115/724/731 954/725/732
f 952/723/730 435/726/733 953/727/734 1115/724/731
f 1115/724/731 953/727/734 375/716/723 951/719/726
f 377/728/735 955/729/736 1116/730/737 957/731/738
f 955/729/736 437/732/739 956/733/740 1116/730/737
f 1116/730/737 956/733/740 376/722/729 954/725/732
f 378/734/741 958/735/742 1117/736/743 960/737/744
f 958/735/742 439/738/745 959/739/746 1117/736/743
f 1117/736/743 959/739/746 377/728/735 957/731/738
f 379/740/747 961/741/748 1118/742/749 963/743/750
f 961/741/748 441/744/751 962/745/752 1118/742/749
f 1118/742/749 962/745/752 378/734/741 960/737/744
f 380/746/753 964/747/754 1119/748/755 966/749/756
f 964/747/754 443/750/757 965/751/758 1119/748/755
f 1119/748/755 965/751/758 379/740/747 963/743/750
f 381/752/759 967/753/760 1120/754/761 969/755/762
f 967/753/760 445/756/763 968/757/764 1120/754/761
f 1120/754/761 968/757/764 380/746/753 966/749/756
f 382/758/765 970/759/766 1121/760/767 972/761/768
f 970/759/766 407/762/769 971/763/770 1121/760/767
f 1121/760/767 971/763/770 381/752/759 969/755/762
f 383/764/771 973/765/772 1122/766/773 975/767/774
f 973/765/772 409/768/775 974/769/776 1122/766/773
f 1122/766/773 974/769/776 382/758/765 972/761/768
f 384/770/777 976/771/778 1123/772/779 978/773/780
f 976/771/778 411/774/781 977/775/782 1123/772/779
f 1123/772/779 977/775/782 383/764/771 975/767/774
f 385/776/783 979/777/784 1124/778/785 981/779/786
f 979/777/784 413/780/787 980/781/788 1124/778/785
f 1124/778/785 980/781/788 384/770/777 978/773/780
f 386/782/789 982/783/790 1125/784/791 984/785/792
f 982/783/790 415/786/793 983/787/794 1125/784/791
f 1125/784/791 983/787/794 385/776/783 981/779/786
f 367/678/685 985/788/795 1126/789/796 929/679/686
f 985/788/795 417/790/797 986/791/798 1126/789/796
f 1126/789/796 986/791/798 386/782/789 984/785/792
f 387/792/799 987/793/800 1127/794/801 990/795/802
f 987/793/800 420/1787/803 988/797/804 1127/794/801
f 1127/794/801 988/797/804 388/798/805 989/799/806
f 388/798/805 991/800/807 1128/801/808 989/799/806
f 991/800/807 422/1780/809 992/803/810 1128/801/808
f 1128/801/808 992/803/810 389/804/811 993/805/812
f 389/804/811 994/806/813 1129/807/814 993/805/812
f 994/806/813 424/1773/815 995/809/816 1129/807/814
f 1129/807/814 995/809/816 390/810/817 996/811/818
f 390/810/817 997/812/819 1130/813/820 996/811/818
f 997/812/819 426/1766/821 998/815/822 1130/813/820
f 1130/813/820 998/815/822 391/816/823 999/817/824
f 391/816/823 1000/818/825 1131/819/826 999/817/824
f 1000/818/825 428/1759/827 1001/821/828 1131/819/826
f 1131/819/826 1001/821/828 392/822/829 1002/823/830
f 392/822/829 1003/824/831 1132/825/832 1002/823/830
f 1003/824/831 430/1752/833 1004/827/834 1132/825/832
f 1132/825/832 1004/827/834 393/828/835 1005/829/836
f 393/828/835 1006/830/837 1133/831/838 1005/829/836
f 1006/830/837 432/1745/839 1007/833/840 1133/831/838
f 1133/831/838 1007/833/840 394/834/841 1008/835/842
f 394/834/841 1009/836/843 1134/837/844 1008/835/842
f 1009/836/843 434/1738/845 1010/839/846 1134/837/844
f 1134/837/844 1010/839/846 395/840/847 1011/841/848
f 395/840/847 1012/842/849 1135/843/850 1011/841/848
f 1012/842/849 436/1731/851 1013/845/852 1135/843/850
f 1135/843/850 1013/845/852 396/846/853 1014/847/854
f 396/846/853 1015/848/855 1136/849/856 1014/847/854
f 1015/848/855 438/1724/857 1016/851/858 1136/849/856
f 1136/849/856 1016/851/858 397/852/859 1017/853/860
f 397/852/859 1018/854/861 1137/855/862 1017/853/860
f 1018/854/861 440/1717/863 1019/857/864 1137/855/862
f 1137/855/862 1019/857/864 398/858/865 1020/859/866
f 398/858/865 1021/860/867 1138/861/868 1020/859/866
f 1021/860/867 442/1710/869 1022/863/870 1138/861/868
f 1138/861/868 1022/863/870 399/864/871 1023/865/872
f 399/864/871 1024/866/873 1139/867/874 1023/865/872
f 1024/866/873 444/1703/875 1025/869/876 1139/867/874
f 1139/867/874 1025/869/876 400/870/877 1026/871/878
f 400/870/877 1027/872/879 1140/873/880 1026/871/878
f 1027/872/879 446/1696/881 1028/875/882 1140/873/880
f 1140/873/880 1028/875/882 401/876/883 1029/877/884
f 401/876/883 1030/878/885 1141/879/886 1029/877/884
f 1030/878/885 408/1829/887 1031/881/888 1141/879/886
f 1141/879/886 1031/881/888 402/882/889 1032/883/890
f 402/882/889 1033/884/891 1142/885/892 1032/883/890
f 1033/884/891 410/1822/893 1034/887/894 1142/885/892
f 1142/885/892 1034/887/894 403/888/895 1035/889/896
f 403/888/895 1036/890/897 1143/891/898 1035/889/896
f 1036/890/897 412/1815/899 1037/893/900 1143/891/898
f 1143/891/898 1037/893/900 404/894/901 1038/895/902
f 404/894/901 1039/896/903 1144/897/904 1038/895/902
f 1039/896/903 414/1808/905 1040/899/906 1144/897/904
f 1144/897/904 1040/899/906 405/900/907 1041/901/908
f 405/900/907 1042/902/909 1145/903/910 1041/901/908
f 1042/902/909 416/1801/911 1043/905/912 1145/903/910
f 1145/903/910 1043/905/912 406/906/913 1044/907/914
f 406/906/913 1045/908/915 1146/909/916 1044/907/914
f 1045/908/915 418/1794/917 1046/911/918 1146/909/916
f 1146/909/916 1046/911/918 387/792/799 990/795/802
f 527/912/919 1047/913/920 1147/1671/921 1050/1566/922
f 1047/913/920 528/916/923 1048/917/924 1147/1671/921
f 1147/914/921 1048/1569/924 529/1826/925 1049/1825/926
f 1050/915/922 1147/914/921 1049/1825/926 530/920/927
f 531/921/928 1051/922/929 1148/1670/930 1054/1560/931
f 1051/922/929 532/925/932 1052/926/933 1148/1670/930
f 1148/923/930 1052/1563/933 533/1819/934 1053/1818/935
f 1054/924/931 1148/923/930 1053/1818/935 534/929/936
f 535/930/937 1055/931/938 1149/1669/939 1058/1554/940
f 1055/931/938 536/934/941 1056/935/942 1149/1669/939
f 1149/932/939 1056/1557/942 537/1812/943 1057/1811/944
f 1058/933/940 1149/932/939 1057/1811/944 538/938/945
f 539/939/946 1059/940/947 1150/1668/948 1062/1548/949
f 1059/940/947 540/943/950 1060/944/951 1150/1668/948
f 1150/941/948 1060/1551/951 541/1805/952 1061/1804/953
f 1062/942/949 1150/941/948 1061/1804/953 542/947/954
f 543/948/955 1063/949/956 1151/1667/957 1066/1542/958
f 1063/949/956 544/952/959 1064/953/960 1151/1667/957
f 1151/950/957 1064/1545/960 545/1798/961 1065/1797/962
f 1066/951/958 1151/950/957 1065/1797/962 546/956/963
f 547/957/964 1067/958/965 1152/1666/966 1070/1536/967
f 1067/958/965 548/961/968 1068/962/969 1152/1666/966
f 1152/959/966 1068/1539/969 549/1791/970 1069/1790/971
f 1070/960/967 1152/959/966 1069/1790/971 550/965/972
f 551/966/973 1071/967/974 1153/1665/975 1074/1530/976
f 1071/967/974 552/970/977 1072/971/978 1153/1665/975
f 1153/968/975 1072/1533/978 553/1784/979 1073/1783/980
f 1074/969/976 1153/968/975 1073/1783/980 554/974/981
f 555/975/982 1075/976/983 1154/1664/984 1078/1524/985
f 1075/976/983 556/979/986 1076/980/987 1154/1664/984
f 1154/977/984 1076/1527/987 557/1777/988 1077/1776/989
f 1078/978/985 1154/977/984 1077/1776/989 558/983/990
f 559/984/991 1079/985/992 1155/1663/993 1082/1518/994
f 1079/985/992 560/988/995 1080/989/996 1155/1663/993
f 1155/986/993 1080/1521/996 561/1770/997 1081/1769/998
f 1082/987/994 1155/986/993 1081/1769/998 562/992/999
f 563/993/1000 1083/994/1001 1156/1662/1002 1086/1512/1003
f 1083/994/1001 564/997/1004 1084/998/1005 1156/1662/1002
f 1156/995/1002 1084/1515/1005 565/1763/1006 1085/1762/1007
f 1086/996/1003 1156/995/1002 1085/1762/1007 566/1001/1008
f 567/1002/1009 607/1003/1010 1157/1661/1011 610/1506/1012
f 607/1003/1010 568/1006/1013 608/1007/1014 1157/1661/1011
f 1157/1004/1011 608/1509/1014 569/1756/1015 609/1755/1016
f 610/1005/1012 1157/1004/1011 609/1755/1016 570/1010/1017
f 571/1011/1018 611/1012/1019 1158/1660/1020 614/1500/1021
f 611/1012/1019 572/1015/1022 612/1016/1023 1158/1660/1020
f 1158/1013/1020 612/1503/1023 573/1749/1024 613/1748/1025
f 614/1014/1021 1158/1013/1020 613/1748/1025 574/1019/1026
f 575/1020/1027 615/1021/1028 1159/1659/1029 618/1494/1030
f 615/1021/1028 576/1024/1031 616/1025/1032 1159/1659/1029
f 1159/1022/1029 616/1497/1032 577/1742/1033 617/1741/1034
f 618/1023/1030 1159/1022/1029 617/1741/1034 578/1028/1035
f 579/1029/1036 619/1030/1037 1160/1658/1038 622/1488/1039
f 619/1030/1037 580/1033/1040 620/1034/1041 1160/1658/1038
f 1160/1031/1038 620/1491/1041 581/1735/1042 621/1734/1043
f 622/1032/1039 1160/1031/1038 621/1734/1043 582/1037/1044
f 583/1038/1045 623/1039/1046 1161/1657/1047 626/1482/1048
f 623/1039/1046 584/1042/1049 624/1043/1050 1161/1657/1047
f 1161/1040/1047 624/1485/1050 585/1728/1051 625/1727/1052
f 626/1041/1048 1161/1040/1047 625/1727/1052 586/1046/1053
f 587/1047/1054 627/1048/1055 1162/1656/1056 630/1476/1057
f 627/1048/1055 588/1051/1058 628/1052/1059 1162/1656/1056
f 1162/1049/1056 628/1479/1059 589/1721/1060 629/1720/1061
f 630/1050/1057 1162/1049/1056 629/1720/1061 590/1055/1062
f 591/1056/1063 631/1057/1064 1163/1655/1065 634/1470/1066
f 631/1057/1064 592/1060/1067 632/1061/1068 1163/1655/1065
f 1163/1058/1065 632/1473/1068 593/1714/1069 633/1713/1070
f 634/1059/1066 1163/1058/1065 633/1713/1070 594/1064/1071
f 595/1065/1072 635/1066/1073 1164/1654/1074 638/1464/1075
f 635/1066/1073 596/1069/1076 636/1070/1077 1164/1654/1074
f 1164/1067/1074 636/1467/1077 597/1707/1078 637/1706/1079
f 638/1068/1075 1164/1067/1074 637/1706/1079 598/1073/1080
f 599/1074/1081 639/1075/1082 1165/1653/1083 642/1458/1084
f 639/1075/1082 600/1078/1085 640/1079/1086 1165/1653/1083
f 1165/1076/1083 640/1461/1086 601/1700/1087 641/1699/1088
f 642/1077/1084 1165/1076/1083 641/1699/1088 602/1082/1089
f 603/1083/1090 643/1084/1091 1166/1652/1092 646/1452/1093
f 643/1084/1091 604/1087/1094 644/1088/1095 1166/1652/1092
f 1166/1085/1092 644/1455/1095 605/1693/1096 645/1692/1097
f 646/1086/1093 1166/1085/1092 645/1692/1097 606/1091/1098
f 367/678/685 928/677/684 1167/1092/1099 648/1093/1100
f 928/677/684 419/676/683 647/1094/1101 1167/1092/1099
f 1167/1092/1099 647/1094/1101 448/496/503 847/493/500
f 648/1093/1100 1167/1092/1099 847/493/500 447/492/499
f 419/676/683 649/1095/1102 1168/1651/1103 647/1094/1101
f 649/1532/1102 420/796/803 650/1931/1104 1168/1096/1103
f 1168/1096/1103 650/1931/1104 449/1928/505 848/1650/504
f 647/1094/1101 1168/1651/1103 848/497/504 448/496/503
f 420/1787/803 987/793/800 1169/1098/1105 650/1097/1104
f 987/793/800 387/792/799 651/1930/1106 1169/1098/1105
f 1169/1098/1105 651/1930/1106 450/1929/507 849/499/506
f 650/1097/1104 1169/1098/1105 849/499/506 449/498/505
f 387/1796/799 652/1100/1107 1170/1649/1108 651/1099/1106
f 652/1541/1107 367/678/685 648/1093/1100 1170/1101/1108
f 1170/1101/1108 648/1093/1100 447/492/499 850/1648/502
f 651/1099/1106 1170/1649/1108 850/495/502 450/500/507
f 368/672/679 932/685/692 1171/1102/1109 654/1103/1110
f 932/685/692 421/684/691 653/1104/1111 1171/1102/1109
f 1171/1102/1109 653/1104/1111 452/505/512 851/502/509
f 654/1103/1110 1171/1102/1109 851/502/509 451/501/508
f 421/684/691 655/1105/1112 1172/1647/1113 653/1104/1111
f 655/1526/1112 422/802/809 656/1926/1114 1172/1106/1113
f 1172/1106/1113 656/1926/1114 453/1923/514 852/1646/513
f 653/1104/1111 1172/1647/1113 852/506/513 452/505/512
f 422/1780/809 991/800/807 1173/1108/1115 656/1107/1114
f 991/800/807 388/798/805 657/1925/1116 1173/1108/1115
f 1173/1108/1115 657/1925/1116 454/1924/516 853/508/515
f 656/1107/1114 1173/1108/1115 853/508/515 453/507/514
f 388/1789/805 658/1110/1117 1174/1645/1118 657/1109/1116
f 658/1535/1117 368/672/679 654/1103/1110 1174/1111/1118
f 1174/1111/1118 654/1103/1110 451/501/508 854/1644/511
f 657/1109/1116 1174/1645/1118 854/504/511 454/509/516
f 369/680/687 935/691/698 1175/1112/1119 660/1113/1120
f 935/691/698 423/690/697 659/1114/1121 1175/1112/1119
f 1175/1112/1119 659/1114/1121 456/514/521 855/511/518
f 660/1113/1120 1175/1112/1119 855/511/518 455/510/517
f 423/690/697 661/1115/1122 1176/1643/1123 659/1114/1121
f 661/1520/1122 424/808/815 662/1921/1124 1176/1116/1123
f 1176/1116/1123 662/1921/1124 457/1918/523 856/1642/522
f 659/1114/1121 1176/1643/1123 856/515/522 456/514/521
f 424/1773/815 994/806/813 1177/1118/1125 662/1117/1124
f 994/806/813 389/804/811 663/1920/1126 1177/1118/1125
f 1177/1118/1125 663/1920/1126 458/1919/525 857/517/524
f 662/1117/1124 1177/1118/1125 857/517/524 457/516/523
f 389/1782/811 664/1120/1127 1178/1641/1128 663/1119/1126
f 664/1529/1127 369/680/687 660/1113/1120 1178/1121/1128
f 1178/1121/1128 660/1113/1120 455/510/517 858/1640/520
f 663/1119/1126 1178/1641/1128 858/513/520 458/518/525
f 370/686/693 938/697/704 1179/1122/1129 666/1123/1130
f 938/697/704 425/696/703 665/1124/1131 1179/1122/1129
f 1179/1122/1129 665/1124/1131 460/523/530 859/520/527
f 666/1123/1130 1179/1122/1129 859/520/527 459/519/526
f 425/696/703 667/1125/1132 1180/1639/1133 665/1124/1131
f 667/1514/1132 426/814/821 668/1916/1134 1180/1126/1133
f 1180/1126/1133 668/1916/1134 461/1913/532 860/1638/531
f 665/1124/1131 1180/1639/1133 860/524/531 460/523/530
f 426/1766/821 997/812/819 1181/1128/1135 668/1127/1134
f 997/812/819 390/810/817 669/1915/1136 1181/1128/1135
f 1181/1128/1135 669/1915/1136 462/1914/534 861/526/533
f 668/1127/1134 1181/1128/1135 861/526/533 461/525/532
f 390/1775/817 670/1130/1137 1182/1637/1138 669/1129/1136
f 670/1523/1137 370/686/693 666/1123/1130 1182/1131/1138
f 1182/1131/1138 666/1123/1130 459/519/526 862/1636/529
f 669/1129/1136 1182/1637/1138 862/522/529 462/527/534
f 371/692/699 941/703/710 1183/1132/1139 672/1133/1140
f 941/703/710 427/702/709 671/1134/1141 1183/1132/1139
f 1183/1132/1139 671/1134/1141 464/532/539 863/529/536
f 672/1133/1140 1183/1132/1139 863/529/536 463/528/535
f 427/702/709 673/1135/1142 1184/1635/1143 671/1134/1141
f 673/1508/1142 428/820/827 674/1911/1144 1184/1136/1143
f 1184/1136/1143 674/1911/1144 465/1908/541 864/1634/540
f 671/1134/1141 1184/1635/1143 864/533/540 464/532/539
f 428/1759/827 1000/818/825 1185/1138/1145 674/1137/1144
f 1000/818/825 391/816/823 675/1910/1146 1185/1138/1145
f 1185/1138/1145 675/1910/1146 466/1909/543 865/535/542
f 674/1137/1144 1185/1138/1145 865/535/542 465/534/541
f 391/1768/823 676/1140/1147 1186/1633/1148 675/1139/1146
f 676/1517/1147 371/692/699 672/1133/1140 1186/1141/1148
f 1186/1141/1148 672/1133/1140 463/528/535 866/1632/538
f 675/1139/1146 1186/1633/1148 866/531/538 466/536/543
f 372/698/705 944/709/716 1187/1142/1149 678/1143/1150
f 944/709/716 429/708/715 677/1144/1151 1187/1142/1149
f 1187/1142/1149 677/1144/1151 468/541/548 867/538/545
f 678/1143/1150 1187/1142/1149 867/538/545 467/537/544
f 429/708/715 679/1145/1152 1188/1631/1153 677/1144/1151
f 679/1502/1152 430/826/833 680/1906/1154 1188/1146/1153
f 1188/1146/1153 680/1906/1154 469/1903/550 868/1630/549
f 677/1144/1151 1188/1631/1153 868/542/549 468/541/548
f 430/1752/833 1003/824/831 1189/1148/1155 680/1147/1154
f 1003/824/831 392/822/829 681/1905/1156 1189/1148/1155
f 1189/1148/1155 681/1905/1156 470/1904/552 869/544/551
f 680/1147/1154 1189/1148/1155 869/544/551 469/543/550
f 392/1761/829 682/1150/1157 1190/1629/1158 681/1149/1156
f 682/1511/1157 372/698/705 678/1143/1150 1190/1151/1158
f 1190/1151/1158 678/1143/1150 467/537/544 870/1628/547
f 681/1149/1156 1190/1629/1158 870/540/547 470/545/552
f 373/704/711 947/715/722 1191/1152/1159 684/1153/1160
f 947/715/722 431/714/721 683/1154/1161 1191/1152/1159
f 1191/1152/1159 683/1154/1161 472/550/557 871/547/554
f 684/1153/1160 1191/1152/1159 871/547/554 471/546/553
f 431/714/721 685/1155/1162 1192/1627/1163 683/1154/1161
f 685/1496/1162 432/832/839 686/1901/1164 1192/1156/1163
f 1192/1156/1163 686/1901/1164 473/1898/559 872/1626/558
f 683/1154/1161 1192/1627/1163 872/551/558 472/550/557
f 432/1745/839 1006/830/837 1193/1158/1165 686/1157/1164
f 1006/830/837 393/828/835 687/1900/1166 1193/1158/1165
f 1193/1158/1165 687/1900/1166 474/1899/561 873/553/560
f 686/1157/1164 1193/1158/1165 873/553/560 473/552/559
f 393/1754/835 688/1160/1167 1194/1625/1168 687/1159/1166
f 688/1505/1167 373/704/711 684/1153/1160 1194/1161/1168
f 1194/1161/1168 684/1153/1160 471/546/553 874/1624/556
f 687/1159/1166 1194/1625/1168 874/549/556 474/554/561
f 374/710/717 950/721/728 1195/1162/1169 690/1163/1170
f 950/721/728 433/720/727 689/1164/1171 1195/1162/1169
f 1195/1162/1169 689/1164/1171 476/559/566 875/556/563
f 690/1163/1170 1195/1162/1169 875/556/563 475/555/562
f 433/720/727 691/1165/1172 1196/1623/1173 689/1164/1171
f 691/1490/1172 434/838/845 692/1896/1174 1196/1166/1173
f 1196/1166/1173 692/1896/1174 477/1893/568 876/1622/567
f 689/1164/1171 1196/1623/1173 876/560/567 476/559/566
f 434/1738/845 1009/836/843 1197/1168/1175 692/1167/1174
f 1009/836/843 394/834/841 693/1895/1176 1197/1168/1175
f 1197/1168/1175 693/1895/1176 478/1894/570 877/562/569
f 692/1167/1174 1197/1168/1175 877/562/569 477/561/568
f 394/1747/841 694/1170/1177 1198/1621/1178 693/1169/1176
f 694/1499/1177 374/710/717 690/1163/1170 1198/1171/1178
f 1198/1171/1178 690/1163/1170 475/555/562 878/1620/565
f 693/1169/1176 1198/1621/1178 878/558/565 478/563/570
f 375/716/723 953/727/734 1199/1172/1179 696/1173/1180
f 953/727/734 435/726/733 695/1174/1181 1199/1172/1179
f 1199/1172/1179 695/1174/1181 480/568/575 879/565/572
f 696/1173/1180 1199/1172/1179 879/565/572 479/564/571
f 435/726/733 697/1175/1182 1200/1619/1183 695/1174/1181
f 697/1484/1182 436/844/851 698/1891/1184 1200/1176/1183
f 1200/1176/1183 698/1891/1184 481/1888/577 880/1618/576
f 695/1174/1181 1200/1619/1183 880/569/576 480/568/575
f 436/1731/851 1012/842/849 1201/1178/1185 698/1177/1184
f 1012/842/849 395/840/847 699/1890/1186 1201/1178/1185
f 1201/1178/1185 699/1890/1186 482/1889/579 881/571/578
f 698/1177/1184 1201/1178/1185 881/571/578 481/570/577
f 395/1740/847 700/1180/1187 1202/1617/1188 699/1179/1186
f 700/1493/1187 375/716/723 696/1173/1180 1202/1181/1188
f 1202/1181/1188 696/1173/1180 479/564/571 882/1616/574
f 699/1179/1186 1202/1617/1188 882/567/574 482/572/579
f 376/722/729 956/733/740 1203/1182/1189 702/1183/1190
f 956/733/740 437/732/739 701/1184/1191 1203/1182/1189
f 1203/1182/1189 701/1184/1191 484/577/584 883/574/581
f 702/1183/1190 1203/1182/1189 883/574/581 483/573/580
f 437/732/739 703/1185/1192 1204/1615/1193 701/1184/1191
f 703/1478/1192 438/850/857 704/1886/1194 1204/1186/1193
f 1204/1186/1193 704/1886/1194 485/1883/586 884/1614/585
f 701/1184/1191 1204/1615/1193 884/578/585 484/577/584
f 438/1724/857 1015/848/855 1205/1188/1195 704/1187/1194
f 1015/848/855 396/846/853 705/1885/1196 1205/1188/1195
f 1205/1188/1195 705/1885/1196 486/1884/588 885/580/587
f 704/1187/1194 1205/1188/1195 885/580/587 485/579/586
f 396/1733/853 706/1190/1197 1206/1613/1198 705/1189/1196
f 706/1487/1197 376/722/729 702/1183/1190 1206/1191/1198
f 1206/1191/1198 702/1183/1190 483/573/580 886/1612/583
f 705/1189/1196 1206/1613/1198 886/576/583 486/581/588
f 377/728/735 959/739/746 1207/1192/1199 708/1193/1200
f 959/739/746 439/738/745 707/1194/1201 1207/1192/1199
f 1207/1192/1199 707/1194/1201 488/586/593 887/583/590
f 708/1193/1200 1207/1192/1199 887/583/590 487/582/589
f 439/738/745 709/1195/1202 1208/1611/1203 707/1194/1201
f 709/1472/1202 440/856/863 710/1881/1204 1208/1196/1203
f 1208/1196/1203 710/1881/1204 489/1878/595 888/1610/594
f 707/1194/1201 1208/1611/1203 888/587/594 488/586/593
f 440/1717/863 1018/854/861 1209/1198/1205 710/1197/1204
f 1018/854/861 397/852/859 711/1880/1206 1209/1198/1205
f 1209/1198/1205 711/1880/1206 490/1879/597 889/589/596
f 710/1197/1204 1209/1198/1205 889/589/596 489/588/595
f 397/1726/859 712/1200/1207 1210/1609/1208 711/1199/1206
f 712/1481/1207 377/728/735 708/1193/1200 1210/1201/1208
f 1210/1201/1208 708/1193/1200 487/582/589 890/1608/592
f 711/1199/1206 1210/1609/1208 890/585/592 490/590/597
f 378/734/741 962/745/752 1211/1202/1209 714/1203/1210
f 962/745/752 441/744/751 713/1204/1211 1211/1202/1209
f 1211/1202/1209 713/1204/1211 492/595/602 891/592/599
f 714/1203/1210 1211/1202/1209 891/592/599 491/591/598
f 441/744/751 715/1205/1212 1212/1607/1213 713/1204/1211
f 715/1466/1212 442/862/869 716/1876/1214 1212/1206/1213
f 1212/1206/1213 716/1876/1214 493/1873/604 892/1606/603
f 713/1204/1211 1212/1607/1213 892/596/603 492/595/602
f 442/1710/869 1021/860/867 1213/1208/1215 716/1207/1214
f 1021/860/867 398/858/865 717/1875/1216 1213/1208/1215
f 1213/1208/1215 717/1875/1216 494/1874/606 893/598/605
f 716/1207/1214 1213/1208/1215 893/598/605 493/597/604
f 398/1719/865 718/1210/1217 1214/1605/1218 717/1209/1216
f 718/1475/1217 378/734/741 714/1203/1210 1214/1211/1218
f 1214/1211/1218 714/1203/1210 491/591/598 894/1604/601
f 717/1209/1216 1214/1605/1218 894/594/601 494/599/606
f 379/740/747 965/751/758 1215/1212/1219 720/1213/1220
f 965/751/758 443/750/757 719/1214/1221 1215/1212/1219
f 1215/1212/1219 719/1214/1221 496/604/611 895/601/608
f 720/1213/1220 1215/1212/1219 895/601/608 495/600/607
f 443/750/757 721/1215/1222 1216/1603/1223 719/1214/1221
f 721/1460/1222 444/868/875 722/1871/1224 1216/1216/1223
f 1216/1216/1223 722/1871/1224 497/1868/613 896/1602/612
f 719/1214/1221 1216/1603/1223 896/605/612 496/604/611
f 444/1703/875 1024/866/873 1217/1218/1225 722/1217/1224
f 1024/866/873 399/864/871 723/1870/1226 1217/1218/1225
f 1217/1218/1225 723/1870/1226 498/1869/615 897/607/614
f 722/1217/1224 1217/1218/1225 897/607/614 497/606/613
f 399/1712/871 724/1220/1227 1218/1601/1228 723/1219/1226
f 724/1469/1227 379/740/747 720/1213/1220 1218/1221/1228
f 1218/1221/1228 720/1213/1220 495/600/607 898/1600/610
f 723/1219/1226 1218/1601/1228 898/603/610 498/608/615
f 380/746/753 968/757/764 1219/1222/1229 726/1223/1230
f 968/757/764 445/756/763 725/1224/1231 1219/1222/1229
f 1219/1222/1229 725/1224/1231 500/613/620 899/610/617
f 726/1223/1230 1219/1222/1229 899/610/617 499/609/616
f 445/756/763 727/1225/1232 1220/1599/1233 725/1224/1231
f 727/1454/1232 446/874/881 728/1866/1234 1220/1226/1233
f 1220/1226/1233 728/1866/1234 501/1863/622 900/1598/621
f 725/1224/1231 1220/1599/1233 900/614/621 500/613/620
f 446/1696/881 1027/872/879 1221/1228/1235 728/1227/1234
f 1027/872/879 400/870/877 729/1865/1236 1221/1228/1235
f 1221/1228/1235 729/1865/1236 502/1864/624 901/616/623
f 728/1227/1234 1221/1228/1235 901/616/623 501/615/622
f 400/1705/877 730/1230/1237 1222/1597/1238 729/1229/1236
f 730/1463/1237 380/746/753 726/1223/1230 1222/1231/1238
f 1222/1231/1238 726/1223/1230 499/609/616 902/1596/619
f 729/1229/1236 1222/1597/1238 902/612/619 502/617/624
f 381/752/759 971/763/770 1223/1232/1239 732/1233/1240
f 971/763/770 407/762/769 731/1234/1241 1223/1232/1239
f 1223/1232/1239 731/1234/1241 504/622/629 903/619/626
f 732/1233/1240 1223/1232/1239 903/619/626 503/618/625
f 407/762/769 733/1235/1242 1224/1595/1243 731/1234/1241
f 733/1568/1242 408/880/887 734/1861/1244 1224/1236/1243
f 1224/1236/1243 734/1861/1244 505/1858/631 904/1594/630
f 731/1234/1241 1224/1595/1243 904/623/630 504/622/629
f 408/1829/887 1030/878/885 1225/1238/1245 734/1237/1244
f 1030/878/885 401/876/883 735/1860/1246 1225/1238/1245
f 1225/1238/1245 735/1860/1246 506/1859/633 905/625/632
f 734/1237/1244 1225/1238/1245 905/625/632 505/624/631
f 401/1698/883 736/1240/1247 1226/1593/1248 735/1239/1246
f 736/1457/1247 381/752/759 732/1233/1240 1226/1241/1248
f 1226/1241/1248 732/1233/1240 503/618/625 906/1592/628
f 735/1239/1246 1226/1593/1248 906/621/628 506/626/633
f 382/758/765 974/769/776 1227/1242/1249 738/1243/1250
f 974/769/776 409/768/775 737/1244/1251 1227/1242/1249
f 1227/1242/1249 737/1244/1251 508/631/638 907/628/635
f 738/1243/1250 1227/1242/1249 907/628/635 507/627/634
f 409/768/775 739/1245/1252 1228/1591/1253 737/1244/1251
f 739/1562/1252 410/886/893 740/1856/1254 1228/1246/1253
f 1228/1246/1253 740/1856/1254 509/1853/640 908/1590/639
f 737/1244/1251 1228/1591/1253 908/632/639 508/631/638
f 410/1822/893 1033/884/891 1229/1248/1255 740/1247/1254
f 1033/884/891 402/882/889 741/1855/1256 1229/1248/1255
f 1229/1248/1255 741/1855/1256 510/1854/642 909/634/641
f 740/1247/1254 1229/1248/1255 909/634/641 509/633/640
f 402/1831/889 742/1250/1257 1230/1589/1258 741/1249/1256
f 742/1571/1257 382/758/765 738/1243/1250 1230/1251/1258
f 1230/1251/1258 738/1243/1250 507/627/634 910/1588/637
f 741/1249/1256 1230/1589/1258 910/630/637 510/635/642
f 383/764/771 977/775/782 1231/1252/1259 744/1253/1260
f 977/775/782 411/774/781 743/1254/1261 1231/1252/1259
f 1231/1252/1259 743/1254/1261 512/640/647 911/637/644
f 744/1253/1260 1231/1252/1259 911/637/644 511/636/643
f 411/774/781 745/1255/1262 1232/1587/1263 743/1254/1261
f 745/1556/1262 412/892/899 746/1851/1264 1232/1256/1263
f 1232/1256/1263 746/1851/1264 513/1848/649 912/1586/648
f 743/1254/1261 1232/1587/1263 912/641/648 512/640/647
f 412/1815/899 1036/890/897 1233/1258/1265 746/1257/1264
f 1036/890/897 403/888/895 747/1850/1266 1233/1258/1265
f 1233/1258/1265 747/1850/1266 514/1849/651 913/643/650
f 746/1257/1264 1233/1258/1265 913/643/650 513/642/649
f 403/1824/895 748/1260/1267 1234/1585/1268 747/1259/1266
f 748/1565/1267 383/764/771 744/1253/1260 1234/1261/1268
f 1234/1261/1268 744/1253/1260 511/636/643 914/1584/646
f 747/1259/1266 1234/1585/1268 914/639/646 514/644/651
f 384/770/777 980/781/788 1235/1262/1269 750/1263/1270
f 980/781/788 413/780/787 749/1264/1271 1235/1262/1269
f 1235/1262/1269 749/1264/1271 516/649/656 915/646/653
f 750/1263/1270 1235/1262/1269 915/646/653 515/645/652
f 413/780/787 751/1265/1272 1236/1583/1273 749/1264/1271
f 751/1550/1272 414/898/905 752/1846/1274 1236/1266/1273
f 1236/1266/1273 752/1846/1274 517/1843/658 916/1582/657
f 749/1264/1271 1236/1583/1273 916/650/657 516/649/656
f 414/1808/905 1039/896/903 1237/1268/1275 752/1267/1274
f 1039/896/903 404/894/901 753/1845/1276 1237/1268/1275
f 1237/1268/1275 753/1845/1276 518/1844/660 917/652/659
f 752/1267/1274 1237/1268/1275 917/652/659 517/651/658
f 404/1817/901 754/1270/1277 1238/1581/1278 753/1269/1276
f 754/1559/1277 384/770/777 750/1263/1270 1238/1271/1278
f 1238/1271/1278 750/1263/1270 515/645/652 918/1580/655
f 753/1269/1276 1238/1581/1278 918/648/655 518/653/660
f 385/776/783 983/787/794 1239/1272/1279 756/1273/1280
f 983/787/794 415/786/793 755/1274/1281 1239/1272/1279
f 1239/1272/1279 755/1274/1281 520/658/665 919/655/662
f 756/1273/1280 1239/1272/1279 919/655/662 519/654/661
f 415/786/793 757/1275/1282 1240/1579/1283 755/1274/1281
f 757/1544/1282 416/904/911 758/1841/1284 1240/1276/1283
f 1240/1276/1283 758/1841/1284 521/1838/667 920/1578/666
f 755/1274/1281 1240/1579/1283 920/659/666 520/658/665
f 416/1801/911 1042/902/909 1241/1278/1285 758/1277/1284
f 1042/902/909 405/900/907 759/1840/1286 1241/1278/1285
f 1241/1278/1285 759/1840/1286 522/1839/669 921/661/668
f 758/1277/1284 1241/1278/1285 921/661/668 521/660/667
f 405/1810/907 760/1280/1287 1242/1577/1288 759/1279/1286
f 760/1553/1287 385/776/783 756/1273/1280 1242/1281/1288
f 1242/1281/1288 756/1273/1280 519/654/661 922/1576/664
f 759/1279/1286 1242/1577/1288 922/657/664 522/662/669
f 386/782/789 986/791/798 1243/1282/1289 762/1283/1290
f 986/791/798 417/790/797 761/1284/1291 1243/1282/1289
f 1243/1282/1289 761/1284/1291 524/667/674 923/664/671
f 762/1283/1290 1243/1282/1289 923/664/671 523/663/670
f 417/790/797 763/1285/1292 1244/1575/1293 761/1284/1291
f 763/1538/1292 418/910/917 764/1836/1294 1244/1286/1293
f 1244/1286/1293 764/1836/1294 525/1833/676 924/1574/675
f 761/1284/1291 1244/1575/1293 924/668/675 524/667/674
f 418/1794/917 1045/908/915 1245/1288/1295 764/1287/1294
f 1045/908/915 406/906/913 765/1835/1296 1245/1288/1295
f 1245/1288/1295 765/1835/1296 526/1834/678 925/670/677
f 764/1287/1294 1245/1288/1295 925/670/677 525/669/676
f 406/1803/913 766/1290/1297 1246/1573/1298 765/1289/1296
f 766/1547/1297 386/782/789 762/1283/1290 1246/1291/1298
f 1246/1291/1298 762/1283/1290 523/663/670 926/1572/673
f 765/1289/1296 1246/1573/1298 926/666/673 526/671/678
f 407/762/769 970/759/766 1247/1292/1299 768/1293/1300
f 970/759/766 382/758/765 767/1294/1301 1247/1292/1299
f 1247/1292/1299 767/1294/1301 528/916/923 1047/913/920
f 768/1293/1300 1247/1292/1299 1047/913/920 527/912/919
f 382/758/765 742/1571/1257 1248/1570/1302 767/1294/1301
f 742/1250/1257 402/1831/889 769/1830/1303 1248/1295/1302
f 1248/1295/1302 769/1830/1303 529/1826/925 1048/1569/924
f 767/1294/1301 1248/1570/1302 1048/917/924 528/916/923
f 402/882/889 1031/881/888 1249/1297/1304 769/1296/1303
f 1031/881/888 408/1829/887 770/1828/1305 1249/1297/1304
f 1249/1297/1304 770/1828/1305 530/1827/927 1049/919/926
f 769/1296/1303 1249/1297/1304 1049/919/926 529/918/925
f 408/880/887 733/1568/1242 1250/1567/1306 770/1298/1305
f 733/1235/1242 407/762/769 768/1293/1300 1250/1299/1306
f 1250/1299/1306 768/1293/1300 527/912/919 1050/1566/922
f 770/1298/1305 1250/1567/1306 1050/915/922 530/920/927
f 409/768/775 973/765/772 1251/1300/1307 772/1301/1308
f 973/765/772 383/764/771 771/1302/1309 1251/1300/1307
f 1251/1300/1307 771/1302/1309 532/925/932 1051/922/929
f 772/1301/1308 1251/1300/1307 1051/922/929 531/921/928
f 383/764/771 748/1565/1267 1252/1564/1310 771/1302/1309
f 748/1260/1267 403/1824/895 773/1823/1311 1252/1303/1310
f 1252/1303/1310 773/1823/1311 533/1819/934 1052/1563/933
f 771/1302/1309 1252/1564/1310 1052/926/933 532/925/932
f 403/888/895 1034/887/894 1253/1305/1312 773/1304/1311
f 1034/887/894 410/1822/893 774/1821/1313 1253/1305/1312
f 1253/1305/1312 774/1821/1313 534/1820/936 1053/928/935
f 773/1304/1311 1253/1305/1312 1053/928/935 533/927/934
f 410/886/893 739/1562/1252 1254/1561/1314 774/1306/1313
f 739/1245/1252 409/768/775 772/1301/1308 1254/1307/1314
f 1254/1307/1314 772/1301/1308 531/921/928 1054/1560/931
f 774/1306/1313 1254/1561/1314 1054/924/931 534/929/936
f 411/774/781 976/771/778 1255/1308/1315 776/1309/1316
f 976/771/778 384/770/777 775/1310/1317 1255/1308/1315
f 1255/1308/1315 775/1310/1317 536/934/941 1055/931/938
f 776/1309/1316 1255/1308/1315 1055/931/938 535/930/937
f 384/770/777 754/1559/1277 1256/1558/1318 775/1310/1317
f 754/1270/1277 404/1817/901 777/1816/1319 1256/1311/1318
f 1256/1311/1318 777/1816/1319 537/1812/943 1056/1557/942
f 775/1310/1317 1256/1558/1318 1056/935/942 536/934/941
f 404/894/901 1037/893/900 1257/1313/1320 777/1312/1319
f 1037/893/900 412/1815/899 778/1814/1321 1257/1313/1320
f 1257/1313/1320 778/1814/1321 538/1813/945 1057/937/944
f 777/1312/1319 1257/1313/1320 1057/937/944 537/936/943
f 412/892/899 745/1556/1262 1258/1555/1322 778/1314/1321
f 745/1255/1262 411/774/781 776/1309/1316 1258/1315/1322
f 1258/1315/1322 776/1309/1316 535/930/937 1058/1554/940
f 778/1314/1321 1258/1555/1322 1058/933/940 538/938/945
f 413/780/787 979/777/784 1259/1316/1323 780/1317/1324
f 979/777/784 385/776/783 779/1318/1325 1259/1316/1323
f 1259/1316/1323 779/1318/1325 540/943/950 1059/940/947
f 780/1317/1324 1259/1316/1323 1059/940/947 539/939/946
f 385/776/783 760/1553/1287 1260/1552/1326 779/1318/1325
f 760/1280/1287 405/1810/907 781/1809/1327 1260/1319/1326
f 1260/1319/1326 781/1809/1327 541/1805/952 1060/1551/951
f 779/1318/1325 1260/1552/1326 1060/944/951 540/943/950
f 405/900/907 1040/899/906 1261/1321/1328 781/1320/1327
f 1040/899/906 414/1808/905 782/1807/1329 1261/1321/1328
f 1261/1321/1328 782/1807/1329 542/1806/954 1061/946/953
f 781/1320/1327 1261/1321/1328 1061/946/953 541/945/952
f 414/898/905 751/1550/1272 1262/1549/1330 782/1322/1329
f 751/1265/1272 413/780/787 780/1317/1324 1262/1323/1330
f 1262/1323/1330 780/1317/1324 539/939/946 1062/1548/949
f 782/1322/1329 1262/1549/1330 1062/942/949 542/947/954
f 415/786/793 982/783/790 1263/1324/1331 784/1325/1332
f 982/783/790 386/782/789 783/1326/1333 1263/1324/1331
f 1263/1324/1331 783/1326/1333 544/952/959 1063/949/956
f 784/1325/1332 1263/1324/1331 1063/949/956 543/948/955
f 386/782/789 766/1547/1297 1264/1546/1334 783/1326/1333
f 766/1290/1297 406/1803/913 785/1802/1335 1264/1327/1334
f 1264/1327/1334 785/1802/1335 545/1798/961 1064/1545/960
f 783/1326/1333 1264/1546/1334 1064/953/960 544/952/959
f 406/906/913 1043/905/912 1265/1329/1336 785/1328/1335
f 1043/905/912 416/1801/911 786/1800/1337 1265/1329/1336
f 1265/1329/1336 786/1800/1337 546/1799/963 1065/955/962
f 785/1328/1335 1265/1329/1336 1065/955/962 545/954/961
f 416/904/911 757/1544/1282 1266/1543/1338 786/1330/1337
f 757/1275/1282 415/786/793 784/1325/1332 1266/1331/1338
f 1266/1331/1338 784/1325/1332 543/948/955 1066/1542/958
f 786/1330/1337 1266/1543/1338 1066/951/958 546/956/963
f 417/790/797 985/788/795 1267/1332/1339 788/1333/1340
f 985/788/795 367/678/685 787/1334/1341 1267/1332/1339
f 1267/1332/1339 787/1334/1341 548/961/968 1067/958/965
f 788/1333/1340 1267/1332/1339 1067/958/965 547/957/964
f 367/678/685 652/1541/1107 1268/1540/1342 787/1334/1341
f 652/1100/1107 387/1796/799 789/1795/1343 1268/1335/1342
f 1268/1335/1342 789/1795/1343 549/1791/970 1068/1539/969
f 787/1334/1341 1268/1540/1342 1068/962/969 548/961/968
f 387/792/799 1046/911/918 1269/1337/1344 789/1336/1343
f 1046/911/918 418/1794/917 790/1793/1345 1269/1337/1344
f 1269/1337/1344 790/1793/1345 550/1792/972 1069/964/971
f 789/1336/1343 1269/1337/1344 1069/964/971 549/963/970
f 418/910/917 763/1538/1292 1270/1537/1346 790/1338/1345
f 763/1285/1292 417/790/797 788/1333/1340 1270/1339/1346
f 1270/1339/1346 788/1333/1340 547/957/964 1070/1536/967
f 790/1338/1345 1270/1537/1346 1070/960/967 550/965/972
f 419/676/683 927/673/680 1271/1340/1347 792/1341/1348
f 927/673/680 368/672/679 791/1342/1349 1271/1340/1347
f 1271/1340/1347 791/1342/1349 552/970/977 1071/967/974
f 792/1341/1348 1271/1340/1347 1071/967/974 551/966/973
f 368/672/679 658/1535/1117 1272/1534/1350 791/1342/1349
f 658/1110/1117 388/1789/805 793/1788/1351 1272/1343/1350
f 1272/1343/1350 793/1788/1351 553/1784/979 1072/1533/978
f 791/1342/1349 1272/1534/1350 1072/971/978 552/970/977
f 388/798/805 988/797/804 1273/1345/1352 793/1344/1351
f 988/797/804 420/1787/803 794/1786/1353 1273/1345/1352
f 1273/1345/1352 794/1786/1353 554/1785/981 1073/973/980
f 793/1344/1351 1273/1345/1352 1073/973/980 553/972/979
f 420/796/803 649/1532/1102 1274/1531/1354 794/1346/1353
f 649/1095/1102 419/676/683 792/1341/1348 1274/1347/1354
f 1274/1347/1354 792/1341/1348 551/966/973 1074/1530/976
f 794/1346/1353 1274/1531/1354 1074/969/976 554/974/981
f 421/684/691 931/681/688 1275/1348/1355 796/1349/1356
f 931/681/688 369/680/687 795/1350/1357 1275/1348/1355
f 1275/1348/1355 795/1350/1357 556/979/986 1075/976/983
f 796/1349/1356 1275/1348/1355 1075/976/983 555/975/982
f 369/680/687 664/1529/1127 1276/1528/1358 795/1350/1357
f 664/1120/1127 389/1782/811 797/1781/1359 1276/1351/1358
f 1276/1351/1358 797/1781/1359 557/1777/988 1076/1527/987
f 795/1350/1357 1276/1528/1358 1076/980/987 556/979/986
f 389/804/811 992/803/810 1277/1353/1360 797/1352/1359
f 992/803/810 422/1780/809 798/1779/1361 1277/1353/1360
f 1277/1353/1360 798/1779/1361 558/1778/990 1077/982/989
f 797/1352/1359 1277/1353/1360 1077/982/989 557/981/988
f 422/802/809 655/1526/1112 1278/1525/1362 798/1354/1361
f 655/1105/1112 421/684/691 796/1349/1356 1278/1355/1362
f 1278/1355/1362 796/1349/1356 555/975/982 1078/1524/985
f 798/1354/1361 1278/1525/1362 1078/978/985 558/983/990
f 423/690/697 934/687/694 1279/1356/1363 800/1357/1364
f 934/687/694 370/686/693 799/1358/1365 1279/1356/1363
f 1279/1356/1363 799/1358/1365 560/988/995 1079/985/992
f 800/1357/1364 1279/1356/1363 1079/985/992 559/984/991
f 370/686/693 670/1523/1137 1280/1522/1366 799/1358/1365
f 670/1130/1137 390/1775/817 801/1774/1367 1280/1359/1366
f 1280/1359/1366 801/1774/1367 561/1770/997 1080/1521/996
f 799/1358/1365 1280/1522/1366 1080/989/996 560/988/995
f 390/810/817 995/809/816 1281/1361/1368 801/1360/1367
f 995/809/816 424/1773/815 802/1772/1369 1281/1361/1368
f 1281/1361/1368 802/1772/1369 562/1771/999 1081/991/998
f 801/1360/1367 1281/1361/1368 1081/991/998 561/990/997
f 424/808/815 661/1520/1122 1282/1519/1370 802/1362/1369
f 661/1115/1122 423/690/697 800/1357/1364 1282/1363/1370
f 1282/1363/1370 800/1357/1364 559/984/991 1082/1518/994
f 802/1362/1369 1282/1519/1370 1082/987/994 562/992/999
f 425/696/703 937/693/700 1283/1364/1371 804/1365/1372
f 937/693/700 371/692/699 803/1366/1373 1283/1364/1371
f 1283/1364/1371 803/1366/1373 564/997/1004 1083/994/1001
f 804/1365/1372 1283/1364/1371 1083/994/1001 563/993/1000
f 371/692/699 676/1517/1147 1284/1516/1374 803/1366/1373
f 676/1140/1147 391/1768/823 805/1767/1375 1284/1367/1374
f 1284/1367/1374 805/1767/1375 565/1763/1006 1084/1515/1005
f 803/1366/1373 1284/1516/1374 1084/998/1005 564/997/1004
f 391/816/823 998/815/822 1285/1369/1376 805/1368/1375
f 998/815/822 426/1766/821 806/1765/1377 1285/1369/1376
f 1285/1369/1376 806/1765/1377 566/1764/1008 1085/1000/1007
f 805/1368/1375 1285/1369/1376 1085/1000/1007 565/999/1006
f 426/814/821 667/1514/1132 1286/1513/1378 806/1370/1377
f 667/1125/1132 425/696/703 804/1365/1372 1286/1371/1378
f 1286/1371/1378 804/1365/1372 563/993/1000 1086/1512/1003
f 806/1370/1377 1286/1513/1378 1086/996/1003 566/1001/1008
f 427/702/709 940/699/706 1287/1372/1379 808/1373/1380
f 940/699/706 372/698/705 807/1374/1381 1287/1372/1379
f 1287/1372/1379 807/1374/1381 568/1006/1013 607/1003/1010
f 808/1373/1380 1287/1372/1379 607/1003/1010 567/1002/1009
f 372/698/705 682/1511/1157 1288/1510/1382 807/1374/1381
f 682/1150/1157 392/1761/829 809/1760/1383 1288/1375/1382
f 1288/1375/1382 809/1760/1383 569/1756/1015 608/1509/1014
f 807/1374/1381 1288/1510/1382 608/1007/1014 568/1006/1013
f 392/822/829 1001/821/828 1289/1377/1384 809/1376/1383
f 1001/821/828 428/1759/827 810/1758/1385 1289/1377/1384
f 1289/1377/1384 810/1758/1385 570/1757/1017 609/1009/1016
f 809/1376/1383 1289/1377/1384 609/1009/1016 569/1008/1015
f 428/820/827 673/1508/1142 1290/1507/1386 810/1378/1385
f 673/1135/1142 427/702/709 808/1373/1380 1290/1379/1386
f 1290/1379/1386 808/1373/1380 567/1002/1009 610/1506/1012
f 810/1378/1385 1290/1507/1386 610/1005/1012 570/1010/1017
f 429/708/715 943/705/712 1291/1380/1387 812/1381/1388
f 943/705/712 373/704/711 811/1382/1389 1291/1380/1387
f 1291/1380/1387 811/1382/1389 572/1015/1022 611/1012/1019
f 812/1381/1388 1291/1380/1387 611/1012/1019 571/1011/1018
f 373/704/711 688/1505/1167 1292/1504/1390 811/1382/1389
f 688/1160/1167 393/1754/835 813/1753/1391 1292/1383/1390
f 1292/1383/1390 813/1753/1391 573/1749/1024 612/1503/1023
f 811/1382/1389 1292/1504/1390 612/1016/1023 572/1015/1022
f 393/828/835 1004/827/834 1293/1385/1392 813/1384/1391
f 1004/827/834 430/1752/833 814/1751/1393 1293/1385/1392
f 1293/1385/1392 814/1751/1393 574/1750/1026 613/1018/1025
f 813/1384/1391 1293/1385/1392 613/1018/1025 573/1017/1024
f 430/826/833 679/1502/1152 1294/1501/1394 814/1386/1393
f 679/1145/1152 429/708/715 812/1381/1388 1294/1387/1394
f 1294/1387/1394 812/1381/1388 571/1011/1018 614/1500/1021
f 814/1386/1393 1294/1501/1394 614/1014/1021 574/1019/1026
f 431/714/721 946/711/718 1295/1388/1395 816/1389/1396
f 946/711/718 374/710/717 815/1390/1397 1295/1388/1395
f 1295/1388/1395 815/1390/1397 576/1024/1031 615/1021/1028
f 816/1389/1396 1295/1388/1395 615/1021/1028 575/1020/1027
f 374/710/717 694/1499/1177 1296/1498/1398 815/1390/1397
f 694/1170/1177 394/1747/841 817/1746/1399 1296/1391/1398
f 1296/1391/1398 817/1746/1399 577/1742/1033 616/1497/1032
f 815/1390/1397 1296/1498/1398 616/1025/1032 576/1024/1031
f 394/834/841 1007/833/840 1297/1393/1400 817/1392/1399
f 1007/833/840 432/1745/839 818/1744/1401 1297/1393/1400
f 1297/1393/1400 818/1744/1401 578/1743/1035 617/1027/1034
f 817/1392/1399 1297/1393/1400 617/1027/1034 577/1026/1033
f 432/832/839 685/1496/1162 1298/1495/1402 818/1394/1401
f 685/1155/1162 431/714/721 816/1389/1396 1298/1395/1402
f 1298/1395/1402 816/1389/1396 575/1020/1027 618/1494/1030
f 818/1394/1401 1298/1495/1402 618/1023/1030 578/1028/1035
f 433/720/727 949/717/724 1299/1396/1403 820/1397/1404
f 949/717/724 375/716/723 819/1398/1405 1299/1396/1403
f 1299/1396/1403 819/1398/1405 580/1033/1040 619/1030/1037
f 820/1397/1404 1299/1396/1403 619/1030/1037 579/1029/1036
f 375/716/723 700/1493/1187 1300/1492/1406 819/1398/1405
f 700/1180/1187 395/1740/847 821/1739/1407 1300/1399/1406
f 1300/1399/1406 821/1739/1407 581/1735/1042 620/1491/1041
f 819/1398/1405 1300/1492/1406 620/1034/1041 580/1033/1040
f 395/840/847 1010/839/846 1301/1401/1408 821/1400/1407
f 1010/839/846 434/1738/845 822/1737/1409 1301/1401/1408
f 1301/1401/1408 822/1737/1409 582/1736/1044 621/1036/1043
f 821/1400/1407 1301/1401/1408 621/1036/1043 581/1035/1042
f 434/838/845 691/1490/1172 1302/1489/1410 822/1402/1409
f 691/1165/1172 433/720/727 820/1397/1404 1302/1403/1410
f 1302/1403/1410 820/1397/1404 579/1029/1036 622/1488/1039
f 822/1402/1409 1302/1489/1410 622/1032/1039 582/1037/1044
f 435/726/733 952/723/730 1303/1404/1411 824/1405/1412
f 952/723/730 376/722/729 823/1406/1413 1303/1404/1411
f 1303/1404/1411 823/1406/1413 584/1042/1049 623/1039/1046
f 824/1405/1412 1303/1404/1411 623/1039/1046 583/1038/1045
f 376/722/729 706/1487/1197 1304/1486/1414 823/1406/1413
f 706/1190/1197 396/1733/853 825/1732/1415 1304/1407/1414
f 1304/1407/1414 825/1732/1415 585/1728/1051 624/1485/1050
f 823/1406/1413 1304/1486/1414 624/1043/1050 584/1042/1049
f 396/846/853 1013/845/852 1305/1409/1416 825/1408/1415
f 1013/845/852 436/1731/851 826/1730/1417 1305/1409/1416
f 1305/1409/1416 826/1730/1417 586/1729/1053 625/1045/1052
f 825/1408/1415 1305/1409/1416 625/1045/1052 585/1044/1051
f 436/844/851 697/1484/1182 1306/1483/1418 826/1410/1417
f 697/1175/1182 435/726/733 824/1405/1412 1306/1411/1418
f 1306/1411/1418 824/1405/1412 583/1038/1045 626/1482/1048
f 826/1410/1417 1306/1483/1418 626/1041/1048 586/1046/1053
f 437/732/739 955/729/736 1307/1412/1419 828/1413/1420
f 955/729/736 377/728/735 827/1414/1421 1307/1412/1419
f 1307/1412/1419 827/1414/1421 588/1051/1058 627/1048/1055
f 828/1413/1420 1307/1412/1419 627/1048/1055 587/1047/1054
f 377/728/735 712/1481/1207 1308/1480/1422 827/1414/1421
f 712/1200/1207 397/1726/859 829/1725/1423 1308/1415/1422
f 1308/1415/1422 829/1725/1423 589/1721/1060 628/1479/1059
f 827/1414/1421 1308/1480/1422 628/1052/1059 588/1051/1058
f 397/852/859 1016/851/858 1309/1417/1424 829/1416/1423
f 1016/851/858 438/1724/857 830/1723/1425 1309/1417/1424
f 1309/1417/1424 830/1723/1425 590/1722/1062 629/1054/1061
f 829/1416/1423 1309/1417/1424 629/1054/1061 589/1053/1060
f 438/850/857 703/1478/1192 1310/1477/1426 830/1418/1425
f 703/1185/1192 437/732/739 828/1413/1420 1310/1419/1426
f 1310/1419/1426 828/1413/1420 587/1047/1054 630/1476/1057
f 830/1418/1425 1310/1477/1426 630/1050/1057 590/1055/1062
f 439/738/745 958/735/742 1311/1420/1427 832/1421/1428
f 958/735/742 378/734/741 831/1422/1429 1311/1420/1427
f 1311/1420/1427 831/1422/1429 592/1060/1067 631/1057/1064
f 832/1421/1428 1311/1420/1427 631/1057/1064 591/1056/1063
f 378/734/741 718/1475/1217 1312/1474/1430 831/1422/1429
f 718/1210/1217 398/1719/865 833/1718/1431 1312/1423/1430
f 1312/1423/1430 833/1718/1431 593/1714/1069 632/1473/1068
f 831/1422/1429 1312/1474/1430 632/1061/1068 592/1060/1067
f 398/858/865 1019/857/864 1313/1425/1432 833/1424/1431
f 1019/857/864 440/1717/863 834/1716/1433 1313/1425/1432
f 1313/1425/1432 834/1716/1433 594/1715/1071 633/1063/1070
f 833/1424/1431 1313/1425/1432 633/1063/1070 593/1062/1069
f 440/856/863 709/1472/1202 1314/1471/1434 834/1426/1433
f 709/1195/1202 439/738/745 832/1421/1428 1314/1427/1434
f 1314/1427/1434 832/1421/1428 591/1056/1063 634/1470/1066
f 834/1426/1433 1314/1471/1434 634/1059/1066 594/1064/1071
f 441/744/751 961/741/748 1315/1428/1435 836/1429/1436
f 961/741/748 379/740/747 835/1430/1437 1315/1428/1435
f 1315/1428/1435 835/1430/1437 596/1069/1076 635/1066/1073
f 836/1429/1436 1315/1428/1435 635/1066/1073 595/1065/1072
f 379/740/747 724/1469/1227 1316/1468/1438 835/1430/1437
f 724/1220/1227 399/1712/871 837/1711/1439 1316/1431/1438
f 1316/1431/1438 837/1711/1439 597/1707/1078 636/1467/1077
f 835/1430/1437 1316/1468/1438 636/1070/1077 596/1069/1076
f 399/864/871 1022/863/870 1317/1433/1440 837/1432/1439
f 1022/863/870 442/1710/869 838/1709/1441 1317/1433/1440
f 1317/1433/1440 838/1709/1441 598/1708/1080 637/1072/1079
f 837/1432/1439 1317/1433/1440 637/1072/1079 597/1071/1078
f 442/862/869 715/1466/1212 1318/1465/1442 838/1434/1441
f 715/1205/1212 441/744/751 836/1429/1436 1318/1435/1442
f 1318/1435/1442 836/1429/1436 595/1065/1072 638/1464/1075
f 838/1434/1441 1318/1465/1442 638/1068/1075 598/1073/1080
f 443/750/757 964/747/754 1319/1436/1443 840/1437/1444
f 964/747/754 380/746/753 839/1438/1445 1319/1436/1443
f 1319/1436/1443 839/1438/1445 600/1078/1085 639/1075/1082
f 840/1437/1444 1319/1436/1443 639/1075/1082 599/1074/1081
f 380/746/753 730/1463/1237 1320/1462/1446 839/1438/1445
f 730/1230/1237 400/1705/877 841/1704/1447 1320/1439/1446
f 1320/1439/1446 841/1704/1447 601/1700/1087 640/1461/1086
f 839/1438/1445 1320/1462/1446 640/1079/1086 600/1078/1085
f 400/870/877 1025/869/876 1321/1441/1448 841/1440/1447
f 1025/869/876 444/1703/875 842/1702/1449 1321/1441/1448
f 1321/1441/1448 842/1702/1449 602/1701/1089 641/1081/1088
f 841/1440/1447 1321/1441/1448 641/1081/1088 601/1080/1087
f 444/868/875 721/1460/1222 1322/1459/1450 842/1442/1449
f 721/1215/1222 443/750/757 840/1437/1444 1322/1443/1450
f 1322/1443/1450 840/1437/1444 599/1074/1081 642/1458/1084
f 842/1442/1449 1322/1459/1450 642/1077/1084 602/1082/1089
f 445/756/763 967/753/760 1323/1444/1451 844/1445/1452
f 967/753/760 381/752/759 843/1446/1453 1323/1444/1451
f 1323/1444/1451 843/1446/1453 604/1087/1094 643/1084/1091
f 844/1445/1452 1323/1444/1451 643/1084/1091 603/1083/1090
f 381/752/759 736/1457/1247 1324/1456/1454 843/1446/1453
f 736/1240/1247 401/1698/883 845/1697/1455 1324/1447/1454
f 1324/1447/1454 845/1697/1455 605/1693/1096 644/1455/1095
f 843/1446/1453 1324/1456/1454 644/1088/1095 604/1087/1094
f 401/876/883 1028/875/882 1325/1449/1456 845/1448/1455
f 1028/875/882 446/1696/881 846/1695/1457 1325/1449/1456
f 1325/1449/1456 846/1695/1457 606/1694/1098 645/1090/1097
f 845/1448/1455 1325/1449/1456 645/1090/1097 605/1089/1096
f 446/874/881 727/1454/1232 1326/1453/1458 846/1450/1457
f 727/1225/1232 445/756/763 844/1445/1452 1326/1451/1458
f 1326/1451/1458 844/1445/1452 603/1083/1090 646/1452/1093
f 846/1450/1457 1326/1453/1458 646/1086/1093 606/1091/1098
g default
v -0.067549 0.830442 1.434735
v -0.067549 0.818361 1.434472
v -0.073154 0.818361 1.434472
v -0.073154 0.830442 1.434735
v -0.067549 0.830715 1.421270
v -0.067549 0.818633 1.421044
v -0.073154 0.818633 1.421044
v -0.073154 0.830715 1.421270
v -0.067549 0.830950 1.407517
v -0.067549 0.818868 1.407331
v -0.073154 0.818868 1.407331
v -0.073154 0.830950 1.407517
v -0.067549 0.831126 1.394742
v -0.067549 0.819043 1.394595
v -0.073154 0.819043 1.394595
v -0.073154 0.831126 1.394742
v -0.067549 0.831264 1.381325
v -0.067549 0.819181 1.381223
v -0.073154 0.819181 1.381223
v -0.073154 0.831264 1.381325
v -0.067549 0.831351 1.367857
v -0.067549 0.819268 1.367803
v -0.073154 0.819268 1.367803
v -0.073154 0.831351 1.367857
v -0.067549 0.831382 1.354349
v -0.067549 0.819299 1.354347
v -0.073154 0.819299 1.354347
v -0.073154 0.831382 1.354349
v -0.067549 0.831355 1.340824
v -0.067549 0.819271 1.340876
v -0.073154 0.819271 1.340876
v -0.073154 0.831355 1.340824
v -0.067549 0.831266 1.327316
v -0.067549 0.819183 1.327423
v -0.073154 0.819183 1.327423
v -0.073154 0.831266 1.327316
v -0.067549 0.831116 1.313866
v -0.067549 0.819033 1.314027
v -0.073154 0.819033 1.314027
v -0.073154 0.831116 1.313866
v -0.067549 0.830910 1.300518
v -0.067549 0.818828 1.300727
v -0.073154 0.818828 1.300727
v -0.073154 0.830910 1.300518
v -0.067549 0.830660 1.287310
v -0.067549 0.818579 1.287555
v -0.073154 0.818579 1.287555
v -0.073154 0.830660 1.287310
v -0.067549 0.830384 1.274263
v -0.067549 0.818303 1.274524
v -0.073154 0.818303 1.274524
v -0.073154 0.830384 1.274263
v -0.067549 0.830111 1.261371
v -0.067549 0.818029 1.261616
v -0.073154 0.818029 1.261616
v -0.073154 0.830111 1.261371
v -0.067549 0.829877 1.248589
v -0.067549 0.817795 1.248778
v -0.073154 0.817795 1.248778
v -0.073154 0.829877 1.248589
v -0.067549 0.829708 1.235909
v -0.067549 0.817625 1.236053
v -0.073154 0.817625 1.236053
v -0.073154 0.829708 1.235909
v -0.067549 0.829548 1.223146
v -0.067549 0.817466 1.223318
v -0.073154 0.817466 1.223318
v -0.073154 0.829548 1.223146
v -0.067549 0.829312 1.210311
v -0.067549 0.817232 1.210601
v -0.073154 0.817232 1.210601
v -0.073154 0.829312 1.210311
v -0.067549 0.828892 1.197421
v -0.067549 0.816820 1.197939
v -0.073154 0.816820 1.197939
v -0.073154 0.828892 1.197421
v -0.067549 0.828155 1.184504
v -0.067549 0.816104 1.185389
v -0.073154 0.816104 1.185389
v -0.073154 0.828155 1.184504
v -0.067549 0.826933 1.171602
v -0.067549 0.814934 1.173025
v -0.073154 0.814934 1.173025
v -0.073154 0.826933 1.171602
v -0.067549 0.825024 1.158777
v -0.067549 0.813137 1.160949
v -0.073154 0.813137 1.160949
v -0.073154 0.825024 1.158777
v -0.067549 0.822010 1.145500
v -0.067549 0.810364 1.148721
v -0.073154 0.810364 1.148721
v -0.073154 0.822010 1.145500
v -0.067549 0.818001 1.133421
v -0.067549 0.806744 1.137813
v -0.073154 0.806744 1.137813
v -0.073154 0.818001 1.133421
v -0.067549 0.812516 1.121315
v -0.067549 0.801786 1.126872
v -0.073154 0.801786 1.126872
v -0.073154 0.812516 1.121315
v -0.067549 0.805952 1.110032
v -0.067549 0.795806 1.116594
v -0.073154 0.795806 1.116594
v -0.073154 0.805952 1.110032
v -0.067549 0.798455 1.099465
v -0.067549 0.788892 1.106850
v -0.073154 0.788892 1.106850
v -0.073154 0.798455 1.099465
v -0.067549 0.790165 1.089494
v -0.067549 0.781136 1.097522
v -0.073154 0.781136 1.097522
v -0.073154 0.790165 1.089494
v -0.067549 0.781217 1.079992
v -0.067549 0.772638 1.088500
v -0.073154 0.772638 1.088500
v -0.073154 0.781217 1.079992
v -0.067549 0.771738 1.070831
v -0.067549 0.763504 1.079674
v -0.073154 0.763504 1.079674
v -0.073154 0.771738 1.070831
v -0.067549 0.762534 1.062449
v -0.067549 0.754439 1.071418
v -0.073154 0.754439 1.071418
v -0.073154 0.762534 1.062449
v -0.067549 0.753611 1.054266
v -0.067549 0.745322 1.063059
v -0.073154 0.745322 1.063059
v -0.073154 0.753611 1.054266
v -0.067549 0.745042 1.045800
v -0.067549 0.736312 1.054153
v -0.073154 0.736312 1.054153
v -0.073154 0.745042 1.045800
v -0.067549 0.736331 1.035980
v -0.067549 0.726972 1.043622
v -0.073154 0.726972 1.043622
v -0.073154 0.736331 1.035980
v -0.067549 0.728999 1.026212
v -0.067549 0.719042 1.033057
v -0.073154 0.719042 1.033057
v -0.073154 0.728999 1.026212
v -0.067549 0.722893 1.016552
v -0.067549 0.712440 1.022613
v -0.073154 0.712440 1.022613
v -0.073154 0.722893 1.016552
v -0.067549 0.717014 1.005412
v -0.067549 0.706117 1.010633
v -0.073154 0.706117 1.010633
v -0.073154 0.717014 1.005412
v -0.067549 0.711964 0.993827
v -0.067549 0.700728 0.998274
v -0.073154 0.700728 0.998274
v -0.073154 0.711964 0.993827
v -0.067549 0.707724 0.982077
v -0.067549 0.696243 0.985844
v -0.073154 0.696243 0.985844
v -0.073154 0.707724 0.982077
v -0.067549 0.704386 0.971021
v -0.067549 0.692743 0.974254
v -0.073154 0.692743 0.974254
v -0.073154 0.704386 0.971021
v -0.067557 0.701304 0.959109
v -0.067549 0.689586 0.961878
v -0.073154 0.689586 0.961878
v -0.073162 0.701305 0.959109
v -0.067746 0.697564 0.946055
v -0.067549 0.686815 0.948866
v -0.073154 0.686815 0.948866
v -0.073351 0.697573 0.946048
v -0.068083 0.693468 0.931970
v -0.067551 0.684469 0.935362
v -0.073156 0.684469 0.935362
v -0.073688 0.693495 0.931949
v -0.068334 0.690383 0.917626
v -0.067618 0.682261 0.921314
v -0.073223 0.682265 0.921311
v -0.073939 0.690426 0.917593
v -0.068622 0.687841 0.905013
v -0.067726 0.680578 0.909148
v -0.073331 0.680587 0.909141
v -0.074227 0.687903 0.904965
v -0.068673 0.686885 0.892006
v -0.067771 0.679564 0.896026
v -0.073376 0.679576 0.896016
v -0.074277 0.686957 0.891952
v -0.068769 0.686205 0.878595
v -0.067866 0.678845 0.882514
v -0.073471 0.678865 0.882499
v -0.074373 0.686292 0.878531
v -0.068621 0.687258 0.866139
v -0.067829 0.679325 0.869420
v -0.073434 0.679345 0.869405
v -0.074225 0.687343 0.866075
v -0.068514 0.688722 0.853497
v -0.067814 0.680381 0.856141
v -0.073419 0.680402 0.856124
v -0.074118 0.688811 0.853430
v -0.068266 0.691582 0.841848
v -0.067730 0.682556 0.843264
v -0.073335 0.682573 0.843251
v -0.073870 0.691660 0.841789
v -0.068047 0.695170 0.830553
v -0.067649 0.685716 0.830610
v -0.073254 0.685727 0.830601
v -0.073652 0.695238 0.830500
v -0.067856 0.699672 0.819946
v -0.067600 0.689991 0.818202
v -0.073205 0.689999 0.818196
v -0.073460 0.699730 0.819902
v -0.067685 0.705482 0.810368
v -0.067561 0.695983 0.806231
v -0.073166 0.695985 0.806228
v -0.073289 0.705524 0.810336
v -0.067583 0.712519 0.801756
v -0.067549 0.703896 0.795255
v -0.073154 0.703897 0.795254
v -0.073188 0.712549 0.801732
v -0.067515 0.721041 0.793977
v -0.067548 0.713998 0.785611
v -0.073154 0.713998 0.785610
v -0.073120 0.721072 0.793953
v -0.067455 0.730929 0.788108
v -0.067548 0.725787 0.778203
v -0.073153 0.725787 0.778203
v -0.073060 0.730957 0.788086
v -0.067416 0.741818 0.784248
v -0.067549 0.738662 0.773224
v -0.073154 0.738662 0.773224
v -0.073021 0.741842 0.784229
v -0.067374 0.753320 0.782258
v -0.067549 0.752167 0.770634
v -0.073154 0.752167 0.770634
v -0.072979 0.753343 0.782240
v -0.067285 0.765031 0.782129
v -0.067545 0.765828 0.770311
v -0.073151 0.765829 0.770311
v -0.072890 0.765059 0.782107
v -0.067003 0.776551 0.783902
v -0.067185 0.779425 0.772158
v -0.072790 0.779454 0.772136
v -0.072608 0.776602 0.783863
v -0.065970 0.787748 0.788471
v -0.066089 0.793218 0.777403
v -0.071693 0.793323 0.777325
v -0.071573 0.787883 0.788373
v -0.064887 0.796288 0.795220
v -0.064803 0.804058 0.785375
v -0.070404 0.804248 0.785242
v -0.070486 0.796508 0.795069
v -0.064023 0.803405 0.804312
v -0.063729 0.813212 0.796292
v -0.069326 0.813475 0.796116
v -0.069619 0.803694 0.804122
v -0.063740 0.809304 0.814829
v -0.063397 0.820619 0.808645
v -0.068993 0.820908 0.808455
v -0.069334 0.809621 0.814625
v -0.063866 0.813829 0.825876
v -0.063192 0.825334 0.822257
v -0.068786 0.825651 0.822052
v -0.069461 0.814146 0.825672
v -0.064101 0.816499 0.837495
v -0.063464 0.828435 0.835748
v -0.069059 0.828753 0.835544
v -0.069696 0.816815 0.837291
v -0.064433 0.817320 0.849331
v -0.063849 0.829386 0.849453
v -0.069443 0.829703 0.849248
v -0.070028 0.817637 0.849127
v -0.064850 0.816311 0.861015
v -0.064332 0.828214 0.863021
v -0.069927 0.828531 0.862816
v -0.070444 0.816628 0.860811
v -0.065337 0.813510 0.872181
v -0.064904 0.824930 0.876102
v -0.070498 0.825247 0.875898
v -0.070932 0.813827 0.871977
v -0.065882 0.808968 0.882474
v -0.065552 0.819526 0.888338
v -0.071146 0.819843 0.888134
v -0.071477 0.809285 0.882269
v -0.066472 0.802742 0.891567
v -0.066266 0.811985 0.899347
v -0.071860 0.812302 0.899142
v -0.072066 0.803059 0.891363
v -0.067210 0.793345 0.900471
v -0.067156 0.800655 0.910092
v -0.072750 0.800972 0.909887
v -0.072804 0.793662 0.900267
v -0.067852 0.783988 0.906381
v -0.067918 0.789554 0.917105
v -0.073512 0.789871 0.916901
v -0.073446 0.784305 0.906177
v -0.068544 0.772747 0.910947
v -0.068737 0.776237 0.922513
v -0.074331 0.776554 0.922308
v -0.074138 0.773064 0.910743
v -0.069194 0.760891 0.913247
v -0.069521 0.761938 0.925279
v -0.075116 0.762256 0.925075
v -0.074789 0.761207 0.913043
v -0.069752 0.749183 0.912822
v -0.070225 0.747153 0.924721
v -0.075819 0.747469 0.924517
v -0.075346 0.749500 0.912618
v -0.070149 0.738739 0.909239
v -0.070766 0.732875 0.919782
v -0.076360 0.733192 0.919578
v -0.075743 0.739057 0.909035
v -0.070323 0.730665 0.902249
v -0.071020 0.721043 0.909519
v -0.076615 0.721360 0.909315
v -0.075917 0.730982 0.902045
v -0.070259 0.725994 0.892967
v -0.070935 0.714520 0.896687
v -0.076529 0.714837 0.896483
v -0.075853 0.726311 0.892763
v -0.069999 0.723758 0.881234
v -0.070614 0.711725 0.882121
v -0.076208 0.712042 0.881917
v -0.075593 0.724075 0.881030
v -0.069586 0.724154 0.868695
v -0.070115 0.712204 0.866999
v -0.075709 0.712520 0.866795
v -0.075180 0.724471 0.868491
v -0.069078 0.727150 0.857189
v -0.069480 0.715966 0.852635
v -0.075074 0.716283 0.852431
v -0.074672 0.727467 0.856985
v -0.068550 0.732369 0.848477
v -0.068735 0.723364 0.840422
v -0.074330 0.723681 0.840218
v -0.074144 0.732686 0.848272
v -0.067996 0.740394 0.843326
v -0.067780 0.737299 0.831649
v -0.073374 0.737616 0.831445
v -0.073590 0.740711 0.843122
v -0.067524 0.750313 0.843696
v -0.067000 0.753567 0.832074
v -0.072594 0.753884 0.831870
v -0.073118 0.750630 0.843492
v -0.067161 0.761029 0.848757
v -0.066524 0.767522 0.838590
v -0.072119 0.767839 0.838386
v -0.072755 0.761346 0.848553
vt 0.127584 0.746620
vt 0.593705 0.940591
vt 0.292766 0.662882
vt 0.597599 0.936953
vt 0.291094 0.666720
vt 0.645172 0.756766
vt 0.648873 0.752954
vt 0.129407 0.742841
vt 0.292720 0.658984
vt 0.597788 0.933048
vt 0.645160 0.760664
vt 0.129517 0.738933
vt 0.292678 0.655365
vt 0.597950 0.929420
vt 0.645136 0.764284
vt 0.129619 0.735303
vt 0.292634 0.651564
vt 0.598106 0.925609
vt 0.645096 0.768085
vt 0.129726 0.731491
vt 0.292589 0.647750
vt 0.598247 0.921784
vt 0.645041 0.771899
vt 0.129833 0.727665
vt 0.292544 0.643926
vt 0.598371 0.917947
vt 0.644968 0.775723
vt 0.129941 0.723827
vt 0.292499 0.640097
vt 0.598477 0.914104
vt 0.644877 0.779550
vt 0.130048 0.719984
vt 0.292454 0.636274
vt 0.598565 0.910266
vt 0.644768 0.783373
vt 0.130156 0.716147
vt 0.292409 0.632466
vt 0.598633 0.906443
vt 0.644640 0.787178
vt 0.130263 0.712325
vt 0.292365 0.628686
vt 0.598683 0.902649
vt 0.644496 0.790956
vt 0.130370 0.708532
vt 0.292321 0.624941
vt 0.598718 0.898895
vt 0.644339 0.794697
vt 0.130475 0.704779
vt 0.292278 0.621237
vt 0.598744 0.895186
vt 0.644175 0.798398
vt 0.130579 0.701071
vt 0.292235 0.617568
vt 0.598770 0.891521
vt 0.644012 0.802065
vt 0.130682 0.697407
vt 0.292192 0.613918
vt 0.598807 0.887887
vt 0.643861 0.805711
vt 0.130784 0.693775
vt 0.292149 0.610301
vt 0.598862 0.884283
vt 0.643731 0.809326
vt 0.130885 0.690172
vt 0.292107 0.606682
vt 0.598922 0.880656
vt 0.643605 0.812944
vt 0.130987 0.686546
vt 0.292065 0.603067
vt 0.598958 0.877007
vt 0.643455 0.816556
vt 0.131089 0.682899
vt 0.292022 0.599466
vt 0.598939 0.873342
vt 0.643252 0.820151
vt 0.131192 0.679234
vt 0.291981 0.595892
vt 0.598823 0.869665
vt 0.642955 0.823712
vt 0.131295 0.675557
vt 0.291939 0.592360
vt 0.598558 0.865988
vt 0.642522 0.827218
vt 0.131398 0.671873
vt 0.291898 0.588884
vt 0.598082 0.862328
vt 0.641897 0.830637
vt 0.131502 0.668182
vt 0.291856 0.585307
vt 0.597272 0.858528
vt 0.640973 0.834094
vt 0.131611 0.664299
vt 0.291818 0.582014
vt 0.596147 0.855060
vt 0.639798 0.837170
vt 0.131713 0.660654
vt 0.291777 0.578554
vt 0.594570 0.851571
vt 0.638212 0.840246
vt 0.131820 0.656826
vt 0.291737 0.575106
vt 0.592656 0.848305
vt 0.636318 0.843127
vt 0.131926 0.653043
vt 0.291696 0.571620
vt 0.590450 0.845235
vt 0.634141 0.845850
vt 0.132033 0.649264
vt 0.291654 0.568060
vt 0.587996 0.842326
vt 0.631709 0.848450
vt 0.132139 0.645460
vt 0.291611 0.564406
vt 0.585337 0.839545
vt 0.629051 0.850957
vt 0.132247 0.641613
vt 0.291567 0.560649
vt 0.582512 0.836856
vt 0.626200 0.853405
vt 0.132357 0.637715
vt 0.291525 0.557013
vt 0.579765 0.834390
vt 0.623373 0.855691
vt 0.132460 0.634025
vt 0.291481 0.553347
vt 0.577102 0.831984
vt 0.620530 0.858007
vt 0.132561 0.630437
vt 0.291438 0.549602
vt 0.574550 0.829500
vt 0.617716 0.860478
vt 0.132661 0.626878
vt 0.291389 0.545462
vt 0.571966 0.826631
vt 0.614791 0.863409
vt 0.132769 0.623018
vt 0.291344 0.541600
vt 0.569804 0.823789
vt 0.612297 0.866358
vt 0.132869 0.619448
vt 0.291302 0.538008
vt 0.568016 0.820989
vt 0.610211 0.869283
vt 0.132962 0.616127
vt 0.291256 0.534091
vt 0.566311 0.817770
vt 0.608202 0.872645
vt 0.133064 0.612486
vt 0.291210 0.530210
vt 0.564863 0.814433
vt 0.606476 0.876121
vt 0.133166 0.608850
vt 0.291166 0.526419
vt 0.563664 0.811056
vt 0.605026 0.879624
vt 0.133267 0.605268
vt 0.291125 0.522956
vt 0.562736 0.807885
vt 0.603883 0.882894
vt 0.133360 0.601964
vt 0.291082 0.519308
vt 0.561893 0.804473
vt 0.602841 0.886390
vt 0.133461 0.598451
vt 0.291038 0.515513
vt 0.560859 0.800729
vt 0.601912 0.890069
vt 0.133627 0.594570
vt 0.290991 0.511609
vt 0.559727 0.796688
vt 0.601110 0.893891
vt 0.133848 0.590377
vt 0.290923 0.507560
vt 0.558906 0.792584
vt 0.600347 0.897869
vt 0.134044 0.586194
vt 0.290849 0.504064
vt 0.558239 0.788975
vt 0.599758 0.901316
vt 0.134237 0.582526
vt 0.290791 0.500322
vt 0.558050 0.785272
vt 0.599361 0.905038
vt 0.134365 0.578819
vt 0.290716 0.496476
vt 0.557949 0.781456
vt 0.599055 0.908874
vt 0.134511 0.575001
vt 0.290682 0.492752
vt 0.558360 0.777924
vt 0.599108 0.912598
vt 0.134582 0.571447
vt 0.290639 0.488964
vt 0.558898 0.774343
vt 0.599337 0.916380
vt 0.134669 0.567826
vt 0.290618 0.485244
vt 0.559852 0.771053
vt 0.599906 0.920055
vt 0.134714 0.564403
vt 0.290594 0.481519
vt 0.561027 0.767869
vt 0.600776 0.923675
vt 0.134768 0.561013
vt 0.290560 0.477758
vt 0.562478 0.764888
vt 0.601989 0.927235
vt 0.134830 0.557701
vt 0.290521 0.473892
vt 0.564323 0.762208
vt 0.603730 0.930684
vt 0.134899 0.554455
vt 0.290473 0.469941
vt 0.566537 0.759813
vt 0.606068 0.933868
vt 0.134991 0.551198
vt 0.290418 0.465808
vt 0.569200 0.757666
vt 0.609087 0.936692
vt 0.135100 0.547778
vt 0.290363 0.461628
vt 0.572268 0.756071
vt 0.612640 0.938895
vt 0.135213 0.544323
vt 0.290307 0.457438
vt 0.575629 0.755055
vt 0.616544 0.940416
vt 0.135333 0.540815
vt 0.290252 0.453236
vt 0.579165 0.754574
vt 0.620660 0.941265
vt 0.135453 0.537249
vt 0.290198 0.449051
vt 0.582753 0.754624
vt 0.624840 0.941471
vt 0.135559 0.533661
vt 0.290253 0.444852
vt 0.586269 0.755215
vt 0.629028 0.941063
vt 0.135602 0.530090
vt 0.290534 0.440368
vt 0.589678 0.756604
vt 0.633326 0.939697
vt 0.135412 0.526395
vt 0.290900 0.436345
vt 0.592261 0.758595
vt 0.636748 0.937528
vt 0.135170 0.523131
vt 0.291239 0.432164
vt 0.594386 0.761238
vt 0.639668 0.934507
vt 0.134962 0.519741
vt 0.291388 0.427985
vt 0.596121 0.764271
vt 0.642040 0.931062
vt 0.134900 0.516246
vt 0.291551 0.423858
vt 0.597427 0.767445
vt 0.643597 0.927237
vt 0.134934 0.512814
vt 0.291592 0.419906
vt 0.598158 0.770768
vt 0.644644 0.923427
vt 0.134964 0.509411
vt 0.291639 0.415999
vt 0.598322 0.774139
vt 0.645033 0.919539
vt 0.134989 0.506037
vt 0.291690 0.412124
vt 0.597925 0.777453
vt 0.644770 0.915672
vt 0.135009 0.502699
vt 0.291745 0.408268
vt 0.596983 0.780607
vt 0.643856 0.911926
vt 0.135024 0.499408
vt 0.291806 0.404412
vt 0.595514 0.783498
vt 0.642286 0.908403
vt 0.135035 0.496164
vt 0.291873 0.400517
vt 0.593537 0.786037
vt 0.640052 0.905212
vt 0.135042 0.492947
vt 0.291958 0.395887
vt 0.590589 0.788497
vt 0.636655 0.902064
vt 0.135045 0.489108
vt 0.292033 0.391939
vt 0.587676 0.790106
vt 0.633302 0.899980
vt 0.135045 0.485779
vt 0.292120 0.387573
vt 0.584195 0.791319
vt 0.629258 0.898334
vt 0.135043 0.482094
vt 0.292210 0.383117
vt 0.580544 0.791884
vt 0.624894 0.897430
vt 0.135040 0.478398
vt 0.292302 0.378581
vt 0.576957 0.791674
vt 0.620356 0.897468
vt 0.135036 0.474806
vt 0.292393 0.373986
vt 0.573782 0.790577
vt 0.615944 0.898755
vt 0.135033 0.471446
vt 0.292480 0.369333
vt 0.571358 0.788529
vt 0.612244 0.901576
vt 0.135035 0.468273
vt 0.292547 0.365175
vt 0.569996 0.785855
vt 0.610153 0.905171
vt 0.135044 0.465272
vt 0.292606 0.360947
vt 0.569398 0.782502
vt 0.609192 0.909289
vt 0.135062 0.461866
vt 0.292658 0.356644
vt 0.569613 0.778941
vt 0.609231 0.913592
vt 0.135087 0.458298
vt 0.292702 0.352398
vt 0.570617 0.775692
vt 0.610282 0.917707
vt 0.135118 0.454898
vt 0.292736 0.348246
vt 0.572282 0.773255
vt 0.612464 0.921239
vt 0.135150 0.451946
vt 0.292764 0.343294
vt 0.574781 0.771851
vt 0.616674 0.923847
vt 0.135189 0.449081
vt 0.292787 0.338303
vt 0.577820 0.772031
vt 0.621664 0.923859
vt 0.135234 0.446037
vt 0.292811 0.333642
vt 0.552529 0.058175
vt 0.625989 0.922121
vt 0.135284 0.442452
vt 0.624071 0.919178
vt 0.291094 0.333621
vt 0.620749 0.920529
vt 0.291069 0.338282
vt 0.581068 0.773551
vt 0.133516 0.446025
vt 0.583134 0.770710
vt 0.578904 0.768752
vt 0.617705 0.920553
vt 0.291047 0.343273
vt 0.133472 0.449069
vt 0.573920 0.768508
vt 0.615282 0.919023
vt 0.291019 0.348225
vt 0.133433 0.451935
vt 0.569582 0.770897
vt 0.613744 0.916503
vt 0.290985 0.352376
vt 0.133400 0.454886
vt 0.567222 0.774313
vt 0.612907 0.913208
vt 0.290941 0.356623
vt 0.133370 0.458287
vt 0.565962 0.778368
vt 0.612875 0.909640
vt 0.290889 0.360926
vt 0.133345 0.461855
vt 0.565702 0.782664
vt 0.613644 0.906322
vt 0.290830 0.365154
vt 0.133327 0.465260
vt 0.566450 0.786826
vt 0.615142 0.903722
vt 0.290762 0.369312
vt 0.133318 0.468261
vt 0.568354 0.790523
vt 0.617667 0.901800
vt 0.290676 0.373964
vt 0.133316 0.471434
vt 0.571905 0.793530
vt 0.620894 0.900867
vt 0.290584 0.378560
vt 0.133318 0.474794
vt 0.576245 0.795042
vt 0.624487 0.900842
vt 0.290492 0.383096
vt 0.133322 0.478386
vt 0.580775 0.795312
vt 0.628105 0.901593
vt 0.290403 0.387552
vt 0.133326 0.482082
vt 0.585179 0.794634
vt 0.631519 0.902983
vt 0.290316 0.391918
vt 0.133328 0.485768
vt 0.589303 0.793197
vt 0.634346 0.904740
vt 0.290240 0.395865
vt 0.133328 0.489096
vt 0.592759 0.791287
vt 0.637163 0.907348
vt 0.290156 0.400496
vt 0.133325 0.492936
vt 0.596313 0.788318
vt 0.639008 0.909984
vt 0.290089 0.404391
vt 0.133318 0.496153
vt 0.598707 0.785245
vt 0.640327 0.912947
vt 0.290028 0.408247
vt 0.133307 0.499396
vt 0.600455 0.781808
vt 0.641106 0.916145
vt 0.289972 0.412102
vt 0.133291 0.502687
vt 0.601560 0.778113
vt 0.641332 0.919475
vt 0.289921 0.415978
vt 0.133271 0.506025
vt 0.602021 0.774265
vt 0.640996 0.922833
vt 0.289875 0.419885
vt 0.133246 0.509400
vt 0.601831 0.770362
vt 0.640095 0.926114
vt 0.289834 0.423836
vt 0.133217 0.512803
vt 0.600981 0.766503
vt 0.638628 0.929217
vt 0.289671 0.427962
vt 0.133183 0.516235
vt 0.599631 0.762600
vt 0.636732 0.932153
vt 0.289522 0.432142
vt 0.133245 0.519728
vt 0.597448 0.759034
vt 0.634453 0.934672
vt 0.289183 0.436330
vt 0.133453 0.523113
vt 0.594709 0.755856
vt 0.631746 0.936512
vt 0.288817 0.440365
vt 0.133696 0.526365
vt 0.591428 0.753499
vt 0.628245 0.937707
vt 0.288536 0.444866
vt 0.133886 0.530041
vt 0.587230 0.751899
vt 0.624696 0.938112
vt 0.288481 0.449073
vt 0.133842 0.533607
vt 0.583078 0.751272
vt 0.621109 0.937977
vt 0.288535 0.453259
vt 0.133737 0.537193
vt 0.578892 0.751262
vt 0.617603 0.937316
vt 0.288591 0.457461
vt 0.133617 0.540759
vt 0.574738 0.751899
vt 0.614300 0.936130
vt 0.288646 0.461650
vt 0.133497 0.544269
vt 0.570761 0.753219
vt 0.611318 0.934380
vt 0.288701 0.465830
vt 0.133384 0.547725
vt 0.567101 0.755237
vt 0.608768 0.932099
vt 0.288756 0.469964
vt 0.133275 0.551145
vt 0.563941 0.757902
vt 0.606683 0.929596
vt 0.288804 0.473913
vt 0.133183 0.554405
vt 0.561442 0.760962
vt 0.604983 0.926829
vt 0.288843 0.477777
vt 0.133114 0.557657
vt 0.559525 0.764319
vt 0.603690 0.923780
vt 0.288877 0.481538
vt 0.133051 0.560972
vt 0.558129 0.767813
vt 0.602683 0.920542
vt 0.288901 0.485261
vt 0.132997 0.564366
vt 0.557073 0.771384
vt 0.601902 0.917210
vt 0.288922 0.488980
vt 0.132953 0.567791
vt 0.556315 0.775027
vt 0.601546 0.913605
vt 0.288965 0.492768
vt 0.132865 0.571411
vt 0.555893 0.778791
vt 0.601318 0.910057
vt 0.288999 0.496493
vt 0.132794 0.574966
vt 0.555648 0.782508
vt 0.601610 0.906248
vt 0.289074 0.500340
vt 0.132648 0.578780
vt 0.555760 0.786353
vt 0.601986 0.902557
vt 0.289132 0.504083
vt 0.132521 0.582487
vt 0.555966 0.790090
vt 0.602832 0.898984
vt 0.289206 0.507579
vt 0.132328 0.586151
vt 0.556380 0.793561
vt 0.603857 0.894923
vt 0.289274 0.511629
vt 0.132132 0.590332
vt 0.556939 0.797572
vt 0.605190 0.890941
vt 0.289321 0.515534
vt 0.131911 0.594523
vt 0.557543 0.801430
vt 0.606413 0.887254
vt 0.289365 0.519328
vt 0.131744 0.598403
vt 0.558282 0.805152
vt 0.607429 0.883890
vt 0.289408 0.522976
vt 0.131643 0.601916
vt 0.559143 0.808697
vt 0.608519 0.880770
vt 0.289449 0.526439
vt 0.131551 0.605219
vt 0.560117 0.812021
vt 0.609890 0.877459
vt 0.289493 0.530230
vt 0.131450 0.608802
vt 0.561385 0.815594
vt 0.611507 0.874200
vt 0.289539 0.534111
vt 0.131348 0.612438
vt 0.562930 0.819154
vt 0.613376 0.871074
vt 0.289585 0.538028
vt 0.131246 0.616079
vt 0.564764 0.822615
vt 0.615305 0.868369
vt 0.289627 0.541620
vt 0.131153 0.619400
vt 0.566697 0.825643
vt 0.617610 0.865642
vt 0.289672 0.545482
vt 0.131053 0.622970
vt 0.569036 0.828717
vt 0.620338 0.862909
vt 0.289721 0.549622
vt 0.130944 0.626830
vt 0.571806 0.831794
vt 0.623014 0.860560
vt 0.289765 0.553367
vt 0.130844 0.630389
vt 0.574490 0.834406
vt 0.625797 0.858293
vt 0.289808 0.557033
vt 0.130744 0.633977
vt 0.577210 0.836864
vt 0.628667 0.855972
vt 0.289850 0.560669
vt 0.130640 0.637666
vt 0.579916 0.839293
vt 0.631626 0.853432
vt 0.289894 0.564426
vt 0.130531 0.641565
vt 0.582638 0.841884
vt 0.634425 0.850791
vt 0.289937 0.568080
vt 0.130423 0.645411
vt 0.585163 0.844525
vt 0.637025 0.848012
vt 0.289979 0.571640
vt 0.130316 0.649215
vt 0.587459 0.847245
vt 0.639385 0.845059
vt 0.290020 0.575126
vt 0.130210 0.652995
vt 0.589494 0.850077
vt 0.641464 0.841896
vt 0.290060 0.578574
vt 0.130104 0.656778
vt 0.591238 0.853051
vt 0.643219 0.838492
vt 0.290101 0.582035
vt 0.129997 0.660606
vt 0.592663 0.856205
vt 0.644520 0.835086
vt 0.290139 0.585327
vt 0.129894 0.664251
vt 0.593679 0.859337
vt 0.645525 0.831333
vt 0.290181 0.588905
vt 0.129785 0.668134
vt 0.594424 0.862836
vt 0.646188 0.827701
vt 0.290222 0.592381
vt 0.129682 0.671824
vt 0.594872 0.866283
vt 0.646641 0.824043
vt 0.290264 0.595913
vt 0.129579 0.675509
vt 0.595125 0.869807
vt 0.646946 0.820378
vt 0.290306 0.599486
vt 0.129475 0.679186
vt 0.595238 0.873379
vt 0.647153 0.816718
vt 0.290348 0.603087
vt 0.129373 0.682850
vt 0.595257 0.876979
vt 0.647304 0.813072
vt 0.290390 0.606702
vt 0.129270 0.686498
vt 0.595221 0.880594
vt 0.647431 0.809446
vt 0.290433 0.610322
vt 0.129168 0.690124
vt 0.595162 0.884214
vt 0.647560 0.805845
vt 0.290475 0.613938
vt 0.129068 0.693727
vt 0.595106 0.887831
vt 0.647710 0.802214
vt 0.290518 0.617588
vt 0.128965 0.697359
vt 0.595069 0.891480
vt 0.647873 0.798552
vt 0.290561 0.621257
vt 0.128863 0.701023
vt 0.595043 0.895150
vt 0.648037 0.794847
vt 0.290604 0.624962
vt 0.128759 0.704731
vt 0.595017 0.898854
vt 0.648195 0.791095
vt 0.290648 0.628706
vt 0.128653 0.708484
vt 0.594982 0.902598
vt 0.648339 0.787304
vt 0.290693 0.632486
vt 0.128547 0.712277
vt 0.594932 0.906379
vt 0.648467 0.783483
vt 0.290737 0.636294
vt 0.128440 0.716098
vt 0.594864 0.910186
vt 0.648577 0.779645
vt 0.290782 0.640117
vt 0.128332 0.719936
vt 0.594777 0.914009
vt 0.648669 0.775802
vt 0.290827 0.643946
vt 0.128224 0.723779
vt 0.594671 0.917836
vt 0.648742 0.771963
vt 0.290872 0.647770
vt 0.128117 0.727617
vt 0.594548 0.921658
vt 0.648797 0.768136
vt 0.290917 0.651584
vt 0.128009 0.731443
vt 0.594407 0.925470
vt 0.648837 0.764322
vt 0.290961 0.655385
vt 0.127902 0.735255
vt 0.594252 0.929268
vt 0.648861 0.760691
vt 0.291004 0.659005
vt 0.127800 0.738885
vt 0.594090 0.932885
vt 0.648874 0.756781
vt 0.291049 0.662902
vt 0.127691 0.742793
vt 0.593902 0.936778
vt 0.129300 0.746668
vt 0.645171 0.752949
vt 0.597402 0.940776
vt 0.292811 0.666700
vt 0.133566 0.442440
vt 0.550811 0.058183
vt 0.550811 0.061696
vt 0.552529 0.061688
vn 1.000000 0.000000 0.000000
vn 1.000000 0.000000 0.000000
vn 1.000000 0.000000 0.000000
vn 1.000000 0.000000 0.000000
vn 0.000000 -0.999795 -0.020234
vn 0.000000 -0.999795 -0.020234
vn 0.000000 -0.999826 -0.018653
vn 0.000000 -0.999826 -0.018653
vn -1.000000 0.000000 0.000000
vn -1.000000 0.000000 0.000000
vn -1.000000 0.000000 0.000000
vn -1.000000 0.000000 0.000000
vn 0.000000 0.999795 0.020241
vn 0.000000 0.999795 0.020241
vn 0.000000 0.999826 0.018655
vn 0.000000 0.999826 0.018655
vn 1.000000 -0.000000 0.000000
vn 1.000000 -0.000000 0.000000
vn 0.000000 -0.999880 -0.015519
vn 0.000000 -0.999880 -0.015519
vn -1.000000 0.000000 0.000000
vn -1.000000 0.000000 0.000000
vn 0.000000 0.999880 0.015512
vn 0.000000 0.999880 0.015512
vn 1.000000 -0.000000 0.000000
vn 1.000000 -0.000000 0.000000
vn 0.000000 -0.999928 -0.012012
vn 0.000000 -0.999928 -0.012012
vn -1.000000 0.000000 0.000000
vn -1.000000 0.000000 0.000000
vn 0.000000 0.999928 0.012005
vn 0.000000 0.999928 0.012005
vn 1.000000 0.000000 0.000000
vn 1.000000 0.000000 0.000000
vn 0.000000 -0.999965 -0.008370
vn 0.000000 -0.999965 -0.008370
vn -1.000000 0.000000 0.000000
vn -1.000000 0.000000 0.000000
vn 0.000000 0.999965 0.008372
vn 0.000000 0.999965 0.008372
vn 1.000000 0.000000 0.000000
vn 1.000000 0.000000 0.000000
vn 0.000000 -0.999990 -0.004374
vn 0.000000 -0.999990 -0.004374
vn -1.000000 -0.000000 0.000000
vn -1.000000 -0.000000 0.000000
vn 0.000000 0.999990 0.004377
vn 0.000000 0.999990 0.004377
vn 1.000000 -0.000000 0.000000
vn 1.000000 0.000000 0.000000
vn 0.000000 -1.000000 -0.000128
vn 0.000000 -1.000000 -0.000128
vn -1.000000 -0.000000 0.000000
vn -1.000000 0.000000 0.000000
vn 0.000000 1.000000 0.000127
vn 0.000000 1.000000 0.000127
vn 1.000000 -0.000000 0.000000
vn 1.000000 -0.000000 0.000000
vn 0.000000 -0.999991 0.004316
vn 0.000000 -0.999991 0.004316
vn -1.000000 0.000000 0.000000
vn -1.000000 0.000000 0.000000
vn 0.000000 0.999991 -0.004314
vn 0.000000 0.999991 -0.004314
vn 1.000000 0.000000 0.000000
vn 1.000000 0.000000 0.000000
vn 0.000000 -0.999961 0.008861
vn 0.000000 -0.999961 0.008861
vn -1.000000 0.000000 0.000000
vn -1.000000 0.000000 0.000000
vn 0.000000 0.999961 -0.008857
vn 0.000000 0.999961 -0.008857
vn 1.000000 0.000000 0.000000
vn 1.000000 0.000000 0.000000
vn 0.000000 -0.999912 0.013264
vn 0.000000 -0.999912 0.013264
vn -1.000000 0.000000 0.000000
vn -1.000000 0.000000 0.000000
vn 0.000000 0.999912 -0.013264
vn 0.000000 0.999912 -0.013264
vn 1.000000 0.000000 0.000000
vn 1.000000 0.000000 0.000000
vn 0.000000 -0.999853 0.017162
vn 0.000000 -0.999853 0.017162
vn -1.000000 0.000000 0.000000
vn -1.000000 0.000000 0.000000
vn 0.000000 0.999853 -0.017162
vn 0.000000 0.999853 -0.017162
vn 1.000000 0.000000 0.000000
vn 1.000000 0.000000 0.000000
vn 0.000000 -0.999799 0.020038
vn 0.000000 -0.999799 0.020038
vn -1.000000 0.000000 0.000000
vn -1.000000 0.000000 0.000000
vn 0.000000 0.999799 -0.020038
vn 0.000000 0.999799 -0.020038
vn 1.000000 0.000000 0.000000
vn 1.000000 0.000000 0.000000
vn 0.000000 -0.999776 0.021175
vn 0.000000 -0.999776 0.021175
vn -1.000000 0.000000 0.000000
vn -1.000000 0.000000 0.000000
vn 0.000000 0.999776 -0.021171
vn 0.000000 0.999776 -0.021171
vn 1.000000 0.000000 0.000000
vn 1.000000 0.000000 0.000000
vn 0.000000 -0.999805 0.019744
vn 0.000000 -0.999805 0.019744
vn -1.000000 0.000000 0.000000
vn -1.000000 0.000000 0.000000
vn 0.000000 0.999805 -0.019743
vn 0.000000 0.999805 -0.019743
vn 1.000000 -0.000000 0.000000
vn 1.000000 -0.000000 0.000000
vn 0.000000 -0.999875 0.015816
vn 0.000000 -0.999875 0.015816
vn -1.000000 0.000000 0.000000
vn -1.000000 0.000000 0.000000
vn 0.000000 0.999875 -0.015821
vn 0.000000 0.999875 -0.015821
vn 1.000000 -0.000000 0.000000
vn 1.000000 -0.000000 0.000000
vn 0.000000 -0.999916 0.012920
vn 0.000000 -0.999916 0.012920
vn -1.000000 0.000000 0.000000
vn -1.000000 0.000000 0.000000
vn 0.000000 0.999917 -0.012921
vn 0.000000 0.999917 -0.012921
vn 1.000000 -0.000000 0.000000
vn 1.000000 -0.000000 0.000000
vn 0.000000 -0.999881 0.015446
vn 0.000000 -0.999881 0.015446
vn -1.000000 0.000000 0.000000
vn -1.000000 0.000000 0.000000
vn 0.000000 0.999881 -0.015456
vn 0.000000 0.999881 -0.015456
vn 1.000000 0.000000 0.000000
vn 1.000000 -0.000000 0.000000
vn 0.000000 -0.999676 0.025452
vn 0.000000 -0.999676 0.025452
vn -1.000000 -0.000000 0.000000
vn -1.000000 -0.000000 0.000000
vn 0.000000 0.999675 -0.025495
vn 0.000000 0.999675 -0.025495
vn 1.000000 0.000000 0.000000
vn 1.000000 0.000000 0.000000
vn 0.000000 -0.999000 0.044708
vn 0.000000 -0.999000 0.044708
vn -1.000000 -0.000000 0.000000
vn -1.000000 -0.000000 0.000000
vn 0.000000 0.998996 -0.044808
vn 0.000000 0.998996 -0.044808
vn 1.000000 -0.000000 0.000000
vn 1.000000 -0.000000 0.000000
vn 0.000000 -0.997148 0.075465
vn 0.000000 -0.997148 0.075465
vn -1.000000 -0.000000 0.000000
vn -1.000000 -0.000000 0.000000
vn 0.000000 0.997135 -0.075644
vn 0.000000 0.997135 -0.075644
vn 1.000000 -0.000000 0.000000
vn 1.000000 -0.000000 0.000000
vn 0.000000 -0.992714 0.120496
vn 0.000000 -0.992714 0.120496
vn -1.000000 -0.000000 0.000000
vn -1.000000 0.000000 0.000000
vn 0.000000 0.992677 -0.120797
vn 0.000000 0.992677 -0.120797
vn 1.000000 0.000000 0.000000
vn 1.000000 0.000000 0.000000
vn 0.000000 -0.982776 0.184802
vn 0.000000 -0.982776 0.184802
vn -1.000000 0.000000 0.000000
vn -1.000000 0.000000 0.000000
vn 0.000000 0.982673 -0.185350
vn 0.000000 0.982673 -0.185350
vn 1.000000 0.000000 0.000000
vn 1.000000 0.000000 0.000000
vn 0.000000 -0.963881 0.266334
vn 0.000000 -0.963881 0.266334
vn -1.000000 0.000000 0.000000
vn -1.000000 0.000000 0.000000
vn 0.000000 0.963721 -0.266912
vn 0.000000 0.963721 -0.266912
vn 1.000000 0.000001 0.000000
vn 1.000000 0.000001 0.000000
vn 0.000000 -0.930839 0.365430
vn 0.000000 -0.930839 0.365430
vn -1.000000 0.000000 0.000000
vn -1.000000 0.000000 0.000000
vn 0.000000 0.930845 -0.365413
vn 0.000000 0.930845 -0.365413
vn 1.000000 0.000000 0.000000
vn 1.000000 0.000000 0.000000
vn 0.000000 -0.888847 0.458205
vn 0.000000 -0.888847 0.458205
vn -1.000000 0.000000 0.000000
vn -1.000000 -0.000000 0.000000
vn 0.000000 0.888966 -0.457974
vn 0.000000 0.888966 -0.457974
vn 1.000000 0.000000 0.000000
vn 1.000000 0.000000 0.000000
vn 0.000000 -0.840724 0.541464
vn 0.000000 -0.840724 0.541464
vn -1.000000 -0.000000 0.000000
vn -1.000000 -0.000000 0.000000
vn 0.000000 0.840920 -0.541159
vn 0.000000 0.840920 -0.541159
vn 1.000000 -0.000000 0.000000
vn 1.000000 -0.000000 0.000000
vn 0.000000 -0.792627 0.609707
vn 0.000000 -0.792627 0.609707
vn -1.000000 0.000000 0.000000
vn -1.000000 0.000000 0.000000
vn 0.000000 0.792845 -0.609423
vn 0.000000 0.792845 -0.609423
vn 1.000000 -0.000000 0.000000
vn 1.000000 -0.000000 0.000000
vn 0.000000 -0.748571 0.663055
vn 0.000000 -0.748571 0.663055
vn -1.000000 0.000000 0.000000
vn -1.000000 0.000000 0.000000
vn 0.000000 0.748780 -0.662819
vn 0.000000 0.748780 -0.662819
vn 1.000000 0.000000 0.000000
vn 1.000000 0.000000 0.000000
vn 0.000000 -0.711420 0.702767
vn 0.000000 -0.711420 0.702767
vn -1.000000 0.000000 0.000000
vn -1.000000 -0.000000 0.000000
vn 0.000000 0.711586 -0.702599
vn 0.000000 0.711586 -0.702599
vn 1.000000 0.000000 0.000000
vn 1.000000 0.000000 0.000000
vn 0.000000 -0.684372 0.729133
vn 0.000000 -0.684372 0.729133
vn -1.000000 -0.000000 0.000000
vn -1.000000 -0.000000 0.000000
vn 0.000000 0.684522 -0.728992
vn 0.000000 0.684522 -0.728992
vn 1.000000 -0.000000 0.000000
vn 1.000000 -0.000000 0.000000
vn 0.000000 -0.674595 0.738188
vn 0.000000 -0.674595 0.738188
vn -1.000000 -0.000000 0.000000
vn -1.000000 0.000000 0.000000
vn 0.000000 0.674570 -0.738211
vn 0.000000 0.674570 -0.738211
vn 1.000000 -0.000000 0.000000
vn 1.000000 -0.000000 0.000000
vn 0.000000 -0.689683 0.724112
vn 0.000000 -0.689683 0.724112
vn -1.000000 0.000000 0.000000
vn -1.000000 0.000000 0.000000
vn 0.000000 0.689427 -0.724355
vn 0.000000 0.689427 -0.724355
vn 1.000000 0.000000 0.000000
vn 1.000000 0.000000 0.000000
vn 0.000000 -0.727133 0.686497
vn 0.000000 -0.727133 0.686497
vn -1.000000 -0.000000 0.000000
vn -1.000000 -0.000000 0.000000
vn 0.000000 0.726844 -0.686803
vn 0.000000 0.726844 -0.686803
vn 1.000000 0.000000 0.000000
vn 1.000000 0.000000 0.000000
vn 0.000000 -0.773784 0.633449
vn 0.000000 -0.773784 0.633449
vn -1.000000 -0.000000 0.000000
vn -1.000000 0.000000 0.000000
vn 0.000000 0.773638 -0.633628
vn 0.000000 0.773638 -0.633628
vn 1.000000 0.000000 0.000000
vn 1.000000 0.000000 0.000000
vn 0.000000 -0.822413 0.568891
vn 0.000000 -0.822413 0.568891
vn -1.000000 0.000000 0.000000
vn -1.000000 0.000000 0.000000
vn 0.000000 0.822415 -0.568888
vn 0.000000 0.822415 -0.568888
vn 1.000000 0.000000 0.000000
vn 1.000000 0.000000 0.000000
vn 0.000000 -0.866393 0.499363
vn 0.000000 -0.866393 0.499363
vn -1.000000 0.000000 0.000000
vn -1.000000 0.000000 0.000000
vn 0.000000 0.866464 -0.499239
vn 0.000000 0.866464 -0.499239
vn 1.000000 0.000000 0.000000
vn 1.000000 0.000000 0.000000
vn 0.000000 -0.901113 0.433585
vn 0.000000 -0.901113 0.433585
vn -1.000000 0.000000 0.000000
vn -1.000000 0.000000 0.000000
vn 0.000000 0.901199 -0.433405
vn 0.000000 0.901199 -0.433405
vn 1.000000 0.000000 0.000000
vn 1.000000 0.000000 0.000000
vn 0.000000 -0.929009 0.370057
vn 0.000000 -0.929009 0.370057
vn -1.000000 0.000000 0.000000
vn -1.000000 0.000000 0.000000
vn 0.000000 0.929077 -0.369886
vn 0.000000 0.929077 -0.369886
vn 1.000000 0.000000 0.000000
vn 1.000000 0.000000 0.000000
vn 0.000000 -0.948932 0.315482
vn 0.000000 -0.948932 0.315482
vn -1.000000 -0.000000 0.000000
vn -1.000000 -0.000000 0.000000
vn 0.000000 0.948980 -0.315335
vn 0.000000 0.948980 -0.315335
vn 1.000000 0.000134 -0.000217
vn 1.000000 0.000128 -0.000206
vn 0.000000 -0.963523 0.267624
vn 0.000000 -0.963523 0.267624
vn -1.000000 -0.000128 0.000206
vn -1.000000 -0.000134 0.000216
vn 0.000019 0.963085 -0.269197
vn 0.000019 0.963088 -0.269188
vn 0.999981 0.003699 -0.004832
vn 0.999983 0.003482 -0.004554
vn 0.000000 -0.973806 0.227382
vn 0.000000 -0.973806 0.227382
vn -0.999984 -0.003481 0.004553
vn -0.999982 -0.003696 0.004830
vn 0.000552 0.964706 -0.263328
vn 0.000557 0.964673 -0.263451
vn 0.999736 0.018235 -0.013957
vn 0.999742 0.018006 -0.013856
vn 0.000000 -0.981886 0.189472
vn 0.000000 -0.981886 0.189474
vn -0.999742 -0.017989 0.013838
vn -0.999737 -0.018203 0.013932
vn 0.002455 0.960890 -0.276919
vn 0.002491 0.960877 -0.276965
vn 0.998789 0.044498 -0.020963
vn 0.998676 0.046872 -0.021217
vn -0.000167 -0.986631 0.162969
vn -0.000167 -0.986627 0.162996
vn -0.998684 -0.046733 0.021140
vn -0.998798 -0.044339 0.020887
vn 0.005427 0.969544 -0.244855
vn 0.005476 0.969805 -0.243819
vn 0.997026 0.072576 -0.025919
vn 0.996750 0.075903 -0.026974
vn -0.000749 -0.989192 0.146622
vn -0.000745 -0.989179 0.146710
vn -0.996785 -0.075499 0.026817
vn -0.997059 -0.072177 0.025766
vn 0.008704 0.978959 -0.203872
vn 0.008760 0.979000 -0.203671
vn 0.994839 0.098567 -0.024089
vn 0.994317 0.104577 -0.019933
vn -0.001663 -0.994392 0.105744
vn -0.001659 -0.994361 0.106031
vn -0.994401 -0.103810 0.019742
vn -0.994915 -0.097843 0.023901
vn 0.011617 0.990694 -0.135609
vn 0.011642 0.990912 -0.134003
vn 0.993248 0.115319 -0.012616
vn 0.993260 0.115202 -0.012782
vn -0.002537 -0.997903 0.064671
vn -0.002533 -0.997896 0.064781
vn -0.993378 -0.114194 0.012629
vn -0.993363 -0.114341 0.012470
vn 0.013592 0.998015 -0.061497
vn 0.013610 0.998027 -0.061292
vn 0.993285 0.115627 -0.003823
vn 0.993226 0.116129 0.004091
vn -0.003190 -0.999957 0.008706
vn -0.003189 -0.999955 0.008980
vn -0.993347 -0.115086 -0.004127
vn -0.993407 -0.114579 0.003751
vn 0.014467 0.999793 0.014328
vn 0.014465 0.999782 0.015054
vn 0.993935 0.109058 0.014148
vn 0.994557 0.103231 0.014105
vn -0.003382 -0.998300 -0.058193
vn -0.003382 -0.998301 -0.058176
vn -0.994652 -0.102324 -0.014043
vn -0.994038 -0.108118 -0.014084
vn 0.014179 0.994894 0.099923
vn 0.014179 0.994892 0.099948
vn 0.995782 0.089629 0.019629
vn 0.996144 0.084392 0.023965
vn -0.003151 -0.992460 -0.122530
vn -0.003151 -0.992454 -0.122575
vn -0.996202 -0.083746 -0.023856
vn -0.995846 -0.088935 -0.019517
vn 0.013013 0.984416 0.175375
vn 0.013015 0.984440 0.175237
vn 0.997287 0.067820 0.028607
vn 0.997718 0.061417 0.028064
vn -0.002452 -0.978904 -0.204304
vn -0.002450 -0.978865 -0.204495
vn -0.997745 -0.061032 -0.027939
vn -0.997318 -0.067422 -0.028476
vn 0.010662 0.962642 0.270566
vn 0.010673 0.962727 0.270263
vn 0.998696 0.044258 0.025443
vn 0.998912 0.039731 0.024427
vn -0.001577 -0.958760 -0.284213
vn -0.001575 -0.958708 -0.284388
vn -0.998922 -0.039528 -0.024341
vn -0.998707 -0.044071 -0.025358
vn 0.008270 0.938010 0.346509
vn 0.008280 0.938136 0.346168
vn 0.999488 0.024554 0.020538
vn 0.999584 0.021200 0.019573
vn -0.000830 -0.921685 -0.387938
vn -0.000829 -0.921620 -0.388093
vn -0.999586 -0.021121 -0.019528
vn -0.999490 -0.024500 -0.020499
vn 0.005555 0.890485 0.454980
vn 0.005566 0.890715 0.454529
vn 0.999863 0.009545 0.013535
vn 0.999893 0.007979 0.012216
vn -0.000290 -0.855305 -0.518125
vn -0.000289 -0.855229 -0.518249
vn -0.999894 -0.007958 -0.012195
vn -0.999863 -0.009545 -0.013532
vn 0.002930 0.816837 0.576862
vn 0.002935 0.817046 0.576565
vn 0.999985 0.001067 0.005474
vn 0.999988 0.000494 0.004786
vn -0.000033 -0.753086 -0.657923
vn -0.000033 -0.753054 -0.657958
vn -0.999988 -0.000488 -0.004778
vn -0.999984 -0.001072 -0.005479
vn 0.001160 0.725263 0.688471
vn 0.001161 0.725339 0.688391
vn 0.999994 -0.003327 -0.000628
vn 0.999993 -0.003571 -0.001060
vn 0.000008 -0.614517 -0.788903
vn 0.000008 -0.614515 -0.788905
vn -0.999993 0.003575 0.001067
vn -0.999994 0.003323 0.000622
vn -0.000142 0.595574 0.803300
vn -0.000143 0.595479 0.803371
vn 0.999969 -0.004945 -0.006128
vn 0.999967 -0.004937 -0.006417
vn 0.000008 -0.448787 -0.893639
vn 0.000008 -0.448790 -0.893637
vn -0.999967 0.004939 0.006433
vn -0.999969 0.004947 0.006132
vn -0.001353 0.424138 0.905596
vn -0.001354 0.423950 0.905685
vn 0.999932 -0.004452 -0.010798
vn 0.999931 -0.004425 -0.010923
vn 0.000008 -0.275785 -0.961219
vn 0.000008 -0.275789 -0.961218
vn -0.999930 0.004428 0.010946
vn -0.999932 0.004457 0.010815
vn -0.002227 0.252808 0.967514
vn -0.002228 0.252660 0.967553
vn 0.999870 -0.004000 -0.015650
vn 0.999869 -0.003999 -0.015702
vn 0.000033 -0.106631 -0.994299
vn 0.000033 -0.106618 -0.994300
vn -0.999868 0.004005 0.015733
vn -0.999869 0.004006 0.015672
vn -0.003070 0.090927 0.995853
vn -0.003070 0.091052 0.995841
vn 0.999702 -0.013372 -0.020418
vn 0.999705 -0.013210 -0.020385
vn 0.001226 0.054704 -0.998502
vn 0.001246 0.056032 -0.998428
vn -0.999704 0.013227 0.020405
vn -0.999702 0.013371 0.020434
vn -0.005032 -0.070573 0.997494
vn -0.005011 -0.069418 0.997575
vn 0.998398 -0.047377 -0.030917
vn 0.998426 -0.046901 -0.030752
vn 0.007588 0.245148 -0.969456
vn 0.007891 0.251624 -0.967793
vn -0.998431 0.046831 0.030702
vn -0.998400 0.047372 0.030888
vn -0.012332 -0.269383 0.962954
vn -0.011993 -0.262565 0.964840
vn 0.996107 -0.075381 -0.045706
vn 0.996113 -0.075332 -0.045644
vn 0.021001 0.462556 -0.886341
vn 0.021878 0.473946 -0.880282
vn -0.996126 0.075226 0.045535
vn -0.996115 0.075313 0.045644
vn -0.027461 -0.497813 0.866849
vn -0.026454 -0.485361 0.873914
vn 0.996156 -0.073206 -0.048102
vn 0.996185 -0.072926 -0.047928
vn 0.039778 0.677068 -0.734844
vn 0.040660 0.685626 -0.726818
vn -0.996182 0.072952 0.047948
vn -0.996160 0.073171 0.048083
vn -0.046715 -0.709126 0.703532
vn -0.045838 -0.700713 0.711969
vn 0.998463 -0.049691 -0.024538
vn 0.998477 -0.049517 -0.024332
vn 0.053838 0.809550 -0.584578
vn 0.054139 0.812294 -0.580730
vn -0.998471 0.049568 0.024460
vn -0.998464 0.049665 0.024575
vn -0.059847 -0.830129 0.554350
vn -0.059552 -0.827529 0.558255
vn 0.999310 -0.037080 0.002310
vn 0.999310 -0.037069 0.002271
vn 0.061041 0.902784 -0.425741
vn 0.061098 0.904164 -0.422794
vn -0.999311 0.037050 -0.002215
vn -0.999310 0.037066 -0.002274
vn -0.065367 -0.898125 0.434854
vn -0.065355 -0.897755 0.435619
vn 0.998801 -0.044057 0.021349
vn 0.998816 -0.043887 0.020982
vn 0.063005 0.958706 -0.277331
vn 0.063011 0.958952 -0.276480
vn -0.998816 0.043883 -0.020976
vn -0.998801 0.044056 -0.021351
vn -0.064896 -0.951394 0.301061
vn -0.064892 -0.951474 0.300808
vn 0.998321 -0.048687 0.031379
vn 0.998321 -0.048687 0.031379
vn 0.061283 0.987447 -0.145578
vn 0.061287 0.987428 -0.145704
vn -0.998321 0.048687 -0.031378
vn -0.998321 0.048687 -0.031378
vn -0.061260 -0.987452 0.145555
vn -0.061257 -0.987470 0.145430
vn 0.998321 -0.048687 0.031378
vn 0.998321 -0.048687 0.031378
vn 0.056214 0.998370 0.009883
vn 0.056213 0.998370 0.009891
vn -0.998321 0.048687 -0.031379
vn -0.998321 0.048687 -0.031379
vn -0.056215 -0.998371 -0.009739
vn -0.056215 -0.998371 -0.009732
vn 0.998321 -0.048687 0.031379
vn 0.998321 -0.048687 0.031379
vn 0.049714 0.984775 0.166571
vn 0.049707 0.984752 0.166714
vn -0.998321 0.048686 -0.031378
vn -0.998321 0.048686 -0.031378
vn -0.049741 -0.984828 -0.166249
vn -0.049747 -0.984851 -0.166111
vn 0.998321 -0.048686 0.031379
vn 0.998321 -0.048686 0.031379
vn 0.041608 0.944470 0.325952
vn 0.041593 0.944375 0.326229
vn -0.998321 0.048687 -0.031378
vn -0.998321 0.048687 -0.031378
vn -0.041639 -0.944647 -0.325436
vn -0.041655 -0.944741 -0.325161
vn 0.998321 -0.048685 0.031379
vn 0.998321 -0.048685 0.031379
vn 0.031637 0.872548 0.487504
vn 0.031609 0.872316 0.487919
vn -0.998321 0.048687 -0.031379
vn -0.998321 0.048687 -0.031379
vn -0.031654 -0.872858 -0.486947
vn -0.031683 -0.873088 -0.486532
vn 0.998321 -0.048686 0.031379
vn 0.998321 -0.048686 0.031379
vn 0.018822 0.754782 0.655705
vn 0.018776 0.754320 0.656239
vn -0.998321 0.048687 -0.031378
vn -0.998321 0.048687 -0.031378
vn -0.018720 -0.754120 -0.656470
vn -0.018766 -0.754584 -0.655935
vn 0.998321 -0.048687 0.031378
vn 0.998321 -0.048687 0.031378
vn 0.006535 0.620713 0.784011
vn 0.006482 0.620101 0.784495
vn -0.998321 0.048688 -0.031378
vn -0.998321 0.048688 -0.031378
vn -0.006393 -0.619237 -0.785178
vn -0.006445 -0.619848 -0.784695
vn 0.998321 -0.048686 0.031378
vn 0.998321 -0.048686 0.031378
vn -0.006819 0.454088 0.890931
vn -0.006873 0.453381 0.891290
vn -0.998321 0.048687 -0.031377
vn -0.998321 0.048687 -0.031377
vn 0.006840 -0.453308 -0.891328
vn 0.006787 -0.454016 -0.890968
vn 0.998321 -0.048687 0.031378
vn 0.998321 -0.048687 0.031378
vn -0.018830 0.285222 0.958277
vn -0.018890 0.284328 0.958541
vn -0.998321 0.048687 -0.031378
vn -0.998321 0.048687 -0.031378
vn 0.018778 -0.285463 -0.958206
vn 0.018717 -0.286357 -0.957940
vn 0.998321 -0.048687 0.031378
vn 0.998321 -0.048687 0.031378
vn -0.031943 0.077892 0.996450
vn -0.032011 0.076749 0.996536
vn -0.998321 0.048688 -0.031379
vn -0.998321 0.048688 -0.031379
vn 0.031811 -0.080343 -0.996260
vn 0.031744 -0.081461 -0.996171
vn 0.998321 -0.048687 0.031379
vn 0.998321 -0.048687 0.031379
vn -0.046200 -0.183024 0.982022
vn -0.046271 -0.184448 0.981752
vn -0.998321 0.048688 -0.031380
vn -0.998321 0.048688 -0.031380
vn 0.045908 0.176676 -0.983198
vn 0.045837 0.175258 -0.983455
vn 0.998321 -0.048687 0.031379
vn 0.998321 -0.048687 0.031379
vn -0.059875 -0.500182 0.863848
vn -0.059926 -0.501628 0.863005
vn -0.998321 0.048688 -0.031380
vn -0.998321 0.048688 -0.031380
vn 0.059678 0.494294 -0.867244
vn 0.059625 0.492818 -0.868087
vn 0.998321 -0.048687 0.031378
vn 0.998321 -0.048687 0.031378
vn -0.066926 -0.780484 0.621583
vn -0.066935 -0.781255 0.620612
vn -0.998321 0.048687 -0.031379
vn -0.998321 0.048687 -0.031379
vn 0.066987 0.785636 -0.615052
vn 0.066980 0.784867 -0.616034
vn 0.998321 -0.048687 0.031378
vn 0.998321 -0.048687 0.031378
vn -0.065250 -0.944942 0.320667
vn -0.065242 -0.945097 0.320210
vn -0.998321 0.048686 -0.031379
vn -0.998321 0.048686 -0.031378
vn 0.065087 0.948358 -0.310452
vn 0.065095 0.948208 -0.310908
vn 0.998321 -0.048687 0.031379
vn 0.998321 -0.048687 0.031379
vn -0.059150 -0.995346 0.076082
vn -0.059147 -0.995353 0.075982
vn -0.998321 0.048685 -0.031379
vn -0.998321 0.048685 -0.031379
vn 0.059123 0.995521 -0.073768
vn 0.059126 0.995514 -0.073868
vn 0.998321 -0.048686 0.031378
vn 0.998321 -0.048686 0.031378
vn -0.050692 -0.988252 -0.144183
vn -0.050700 -0.988276 -0.144015
vn -0.998321 0.048684 -0.031379
vn -0.998321 0.048684 -0.031379
vn 0.050850 0.988654 0.141345
vn 0.050842 0.988630 0.141515
vn 0.998321 -0.048686 0.031378
vn 0.998321 -0.048686 0.031378
vn -0.037932 -0.920518 -0.388853
vn -0.037964 -0.920748 -0.388307
vn -0.998321 0.048686 -0.031378
vn -0.998321 0.048686 -0.031378
vn 0.038603 0.925177 0.377567
vn 0.038572 0.924962 0.378098
vn 0.998321 -0.048687 0.031379
vn 0.998321 -0.048687 0.031379
vn -0.013599 -0.700082 -0.713933
vn -0.013708 -0.701261 -0.712773
vn -0.998321 0.048688 -0.031378
vn -0.998321 0.048688 -0.031378
vn 0.015707 0.722930 0.690742
vn 0.015599 0.721795 0.691931
vn 0.998321 -0.048687 0.031379
vn 0.998321 -0.048687 0.031379
vn 0.020114 -0.266066 -0.963745
vn 0.019932 -0.268793 -0.962992
vn -0.998321 0.048687 -0.031379
vn -0.998321 0.048688 -0.031379
vn -0.020556 0.259877 0.965423
vn -0.020743 0.257064 0.966172
vn 0.998321 -0.048687 0.031378
vn 0.998321 -0.048687 0.031378
vn 0.048168 0.222645 -0.973709
vn 0.048074 0.220703 -0.974156
vn -0.998321 0.048686 -0.031378
vn -0.998321 0.048686 -0.031378
vn -0.049568 -0.251378 0.966619
vn -0.049657 -0.253273 0.966119
vn 0.998321 -0.048686 0.031378
vn 0.998321 -0.048686 0.031378
vn 0.056886 0.420835 -0.905352
vn 0.056886 0.420835 -0.905352
vn -0.998321 0.048687 -0.031377
vn -0.998321 0.048687 -0.031377
vn -0.057097 -0.424788 0.903490
vn -0.057097 -0.424789 0.903490
vn 0.028004 0.841671 0.539264
vn 0.028004 0.841671 0.539264
vn 0.028004 0.841671 0.539264
vn 0.028004 0.841671 0.539264
s 1
g Barras Barras1 group6 sweep1
usemtl initialShadingGroup
f 1327/2618/1459 1328/1933/1460 1332/2615/1461 1331/1935/1462
s 2
f 1328/2619/1463 1329/1936/1464 1333/2613/1465 1332/1934/1466
s 3
f 1329/2617/1467 1330/1938/1468 1334/2612/1469 1333/1937/1470
s 4
f 1330/2616/1471 1327/1932/1472 1331/2614/1473 1334/1939/1474
s 1
f 1331/1935/1462 1332/2615/1461 1336/2611/1475 1335/1941/1476
s 2
f 1332/1934/1466 1333/2613/1465 1337/2609/1477 1336/1940/1478
s 3
f 1333/1937/1470 1334/2612/1469 1338/2608/1479 1337/1942/1480
s 4
f 1334/1939/1474 1331/2614/1473 1335/2610/1481 1338/1943/1482
s 1
f 1335/1941/1476 1336/2611/1475 1340/2607/1483 1339/1945/1484
s 2
f 1336/1940/1478 1337/2609/1477 1341/2605/1485 1340/1944/1486
s 3
f 1337/1942/1480 1338/2608/1479 1342/2604/1487 1341/1946/1488
s 4
f 1338/1943/1482 1335/2610/1481 1339/2606/1489 1342/1947/1490
s 1
f 1339/1945/1484 1340/2607/1483 1344/2603/1491 1343/1949/1492
s 2
f 1340/1944/1486 1341/2605/1485 1345/2601/1493 1344/1948/1494
s 3
f 1341/1946/1488 1342/2604/1487 1346/2600/1495 1345/1950/1496
s 4
f 1342/1947/1490 1339/2606/1489 1343/2602/1497 1346/1951/1498
s 1
f 1343/1949/1492 1344/2603/1491 1348/2599/1499 1347/1953/1500
s 2
f 1344/1948/1494 1345/2601/1493 1349/2597/1501 1348/1952/1502
s 3
f 1345/1950/1496 1346/2600/1495 1350/2596/1503 1349/1954/1504
s 4
f 1346/1951/1498 1343/2602/1497 1347/2598/1505 1350/1955/1506
s 1
f 1347/1953/1500 1348/2599/1499 1352/2595/1507 1351/1957/1508
s 2
f 1348/1952/1502 1349/2597/1501 1353/2593/1509 1352/1956/1510
s 3
f 1349/1954/1504 1350/2596/1503 1354/2592/1511 1353/1958/1512
s 4
f 1350/1955/1506 1347/2598/1505 1351/2594/1513 1354/1959/1514
s 1
f 1351/1957/1508 1352/2595/1507 1356/2591/1515 1355/1961/1516
s 2
f 1352/1956/1510 1353/2593/1509 1357/2589/1517 1356/1960/1518
s 3
f 1353/1958/1512 1354/2592/1511 1358/2588/1519 1357/1962/1520
s 4
f 1354/1959/1514 1351/2594/1513 1355/2590/1521 1358/1963/1522
s 1
f 1355/1961/1516 1356/2591/1515 1360/2587/1523 1359/1965/1524
s 2
f 1356/1960/1518 1357/2589/1517 1361/2585/1525 1360/1964/1526
s 3
f 1357/1962/1520 1358/2588/1519 1362/2584/1527 1361/1966/1528
s 4
f 1358/1963/1522 1355/2590/1521 1359/2586/1529 1362/1967/1530
s 1
f 1359/1965/1524 1360/2587/1523 1364/2583/1531 1363/1969/1532
s 2
f 1360/1964/1526 1361/2585/1525 1365/2581/1533 1364/1968/1534
s 3
f 1361/1966/1528 1362/2584/1527 1366/2580/1535 1365/1970/1536
s 4
f 1362/1967/1530 1359/2586/1529 1363/2582/1537 1366/1971/1538
s 1
f 1363/1969/1532 1364/2583/1531 1368/2579/1539 1367/1973/1540
s 2
f 1364/1968/1534 1365/2581/1533 1369/2577/1541 1368/1972/1542
s 3
f 1365/1970/1536 1366/2580/1535 1370/2576/1543 1369/1974/1544
s 4
f 1366/1971/1538 1363/2582/1537 1367/2578/1545 1370/1975/1546
s 1
f 1367/1973/1540 1368/2579/1539 1372/2575/1547 1371/1977/1548
s 2
f 1368/1972/1542 1369/2577/1541 1373/2573/1549 1372/1976/1550
s 3
f 1369/1974/1544 1370/2576/1543 1374/2572/1551 1373/1978/1552
s 4
f 1370/1975/1546 1367/2578/1545 1371/2574/1553 1374/1979/1554
s 1
f 1371/1977/1548 1372/2575/1547 1376/2571/1555 1375/1981/1556
s 2
f 1372/1976/1550 1373/2573/1549 1377/2569/1557 1376/1980/1558
s 3
f 1373/1978/1552 1374/2572/1551 1378/2568/1559 1377/1982/1560
s 4
f 1374/1979/1554 1371/2574/1553 1375/2570/1561 1378/1983/1562
s 1
f 1375/1981/1556 1376/2571/1555 1380/2567/1563 1379/1985/1564
s 2
f 1376/1980/1558 1377/2569/1557 1381/2565/1565 1380/1984/1566
s 3
f 1377/1982/1560 1378/2568/1559 1382/2564/1567 1381/1986/1568
s 4
f 1378/1983/1562 1375/2570/1561 1379/2566/1569 1382/1987/1570
s 1
f 1379/1985/1564 1380/2567/1563 1384/2563/1571 1383/1989/1572
s 2
f 1380/1984/1566 1381/2565/1565 1385/2561/1573 1384/1988/1574
s 3
f 1381/1986/1568 1382/2564/1567 1386/2560/1575 1385/1990/1576
s 4
f 1382/1987/1570 1379/2566/1569 1383/2562/1577 1386/1991/1578
s 1
f 1383/1989/1572 1384/2563/1571 1388/2559/1579 1387/1993/1580
s 2
f 1384/1988/1574 1385/2561/1573 1389/2557/1581 1388/1992/1582
s 3
f 1385/1990/1576 1386/2560/1575 1390/2556/1583 1389/1994/1584
s 4
f 1386/1991/1578 1383/2562/1577 1387/2558/1585 1390/1995/1586
s 1
f 1387/1993/1580 1388/2559/1579 1392/2555/1587 1391/1997/1588
s 2
f 1388/1992/1582 1389/2557/1581 1393/2553/1589 1392/1996/1590
s 3
f 1389/1994/1584 1390/2556/1583 1394/2552/1591 1393/1998/1592
s 4
f 1390/1995/1586 1387/2558/1585 1391/2554/1593 1394/1999/1594
s 1
f 1391/1997/1588 1392/2555/1587 1396/2551/1595 1395/2001/1596
s 2
f 1392/1996/1590 1393/2553/1589 1397/2549/1597 1396/2000/1598
s 3
f 1393/1998/1592 1394/2552/1591 1398/2548/1599 1397/2002/1600
s 4
f 1394/1999/1594 1391/2554/1593 1395/2550/1601 1398/2003/1602
s 1
f 1395/2001/1596 1396/2551/1595 1400/2547/1603 1399/2005/1604
s 2
f 1396/2000/1598 1397/2549/1597 1401/2545/1605 1400/2004/1606
s 3
f 1397/2002/1600 1398/2548/1599 1402/2544/1607 1401/2006/1608
s 4
f 1398/2003/1602 1395/2550/1601 1399/2546/1609 1402/2007/1610
s 1
f 1399/2005/1604 1400/2547/1603 1404/2543/1611 1403/2009/1612
s 2
f 1400/2004/1606 1401/2545/1605 1405/2541/1613 1404/2008/1614
s 3
f 1401/2006/1608 1402/2544/1607 1406/2540/1615 1405/2010/1616
s 4
f 1402/2007/1610 1399/2546/1609 1403/2542/1617 1406/2011/1618
s 1
f 1403/2009/1612 1404/2543/1611 1408/2539/1619 1407/2013/1620
s 2
f 1404/2008/1614 1405/2541/1613 1409/2537/1621 1408/2012/1622
s 3
f 1405/2010/1616 1406/2540/1615 1410/2536/1623 1409/2014/1624
s 4
f 1406/2011/1618 1403/2542/1617 1407/2538/1625 1410/2015/1626
s 1
f 1407/2013/1620 1408/2539/1619 1412/2535/1627 1411/2017/1628
s 2
f 1408/2012/1622 1409/2537/1621 1413/2533/1629 1412/2016/1630
s 3
f 1409/2014/1624 1410/2536/1623 1414/2532/1631 1413/2018/1632
s 4
f 1410/2015/1626 1407/2538/1625 1411/2534/1633 1414/2019/1634
s 1
f 1411/2017/1628 1412/2535/1627 1416/2531/1635 1415/2021/1636
s 2
f 1412/2016/1630 1413/2533/1629 1417/2529/1637 1416/2020/1638
s 3
f 1413/2018/1632 1414/2532/1631 1418/2528/1639 1417/2022/1640
s 4
f 1414/2019/1634 1411/2534/1633 1415/2530/1641 1418/2023/1642
s 1
f 1415/2021/1636 1416/2531/1635 1420/2527/1643 1419/2025/1644
s 2
f 1416/2020/1638 1417/2529/1637 1421/2525/1645 1420/2024/1646
s 3
f 1417/2022/1640 1418/2528/1639 1422/2524/1647 1421/2026/1648
s 4
f 1418/2023/1642 1415/2530/1641 1419/2526/1649 1422/2027/1650
s 1
f 1419/2025/1644 1420/2527/1643 1424/2523/1651 1423/2029/1652
s 2
f 1420/2024/1646 1421/2525/1645 1425/2521/1653 1424/2028/1654
s 3
f 1421/2026/1648 1422/2524/1647 1426/2520/1655 1425/2030/1656
s 4
f 1422/2027/1650 1419/2526/1649 1423/2522/1657 1426/2031/1658
s 1
f 1423/2029/1652 1424/2523/1651 1428/2519/1659 1427/2033/1660
s 2
f 1424/2028/1654 1425/2521/1653 1429/2517/1661 1428/2032/1662
s 3
f 1425/2030/1656 1426/2520/1655 1430/2516/1663 1429/2034/1664
s 4
f 1426/2031/1658 1423/2522/1657 1427/2518/1665 1430/2035/1666
s 1
f 1427/2033/1660 1428/2519/1659 1432/2515/1667 1431/2037/1668
s 2
f 1428/2032/1662 1429/2517/1661 1433/2513/1669 1432/2036/1670
s 3
f 1429/2034/1664 1430/2516/1663 1434/2512/1671 1433/2038/1672
s 4
f 1430/2035/1666 1427/2518/1665 1431/2514/1673 1434/2039/1674
s 1
f 1431/2037/1668 1432/2515/1667 1436/2511/1675 1435/2041/1676
s 2
f 1432/2036/1670 1433/2513/1669 1437/2509/1677 1436/2040/1678
s 3
f 1433/2038/1672 1434/2512/1671 1438/2508/1679 1437/2042/1680
s 4
f 1434/2039/1674 1431/2514/1673 1435/2510/1681 1438/2043/1682
s 1
f 1435/2041/1676 1436/2511/1675 1440/2507/1683 1439/2045/1684
s 2
f 1436/2040/1678 1437/2509/1677 1441/2505/1685 1440/2044/1686
s 3
f 1437/2042/1680 1438/2508/1679 1442/2504/1687 1441/2046/1688
s 4
f 1438/2043/1682 1435/2510/1681 1439/2506/1689 1442/2047/1690
s 1
f 1439/2045/1684 1440/2507/1683 1444/2503/1691 1443/2049/1692
s 2
f 1440/2044/1686 1441/2505/1685 1445/2501/1693 1444/2048/1694
s 3
f 1441/2046/1688 1442/2504/1687 1446/2500/1695 1445/2050/1696
s 4
f 1442/2047/1690 1439/2506/1689 1443/2502/1697 1446/2051/1698
s 1
f 1443/2049/1692 1444/2503/1691 1448/2499/1699 1447/2053/1700
s 2
f 1444/2048/1694 1445/2501/1693 1449/2497/1701 1448/2052/1702
s 3
f 1445/2050/1696 1446/2500/1695 1450/2496/1703 1449/2054/1704
s 4
f 1446/2051/1698 1443/2502/1697 1447/2498/1705 1450/2055/1706
s 1
f 1447/2053/1700 1448/2499/1699 1452/2495/1707 1451/2057/1708
s 2
f 1448/2052/1702 1449/2497/1701 1453/2493/1709 1452/2056/1710
s 3
f 1449/2054/1704 1450/2496/1703 1454/2492/1711 1453/2058/1712
s 4
f 1450/2055/1706 1447/2498/1705 1451/2494/1713 1454/2059/1714
s 1
f 1451/2057/1708 1452/2495/1707 1456/2491/1715 1455/2061/1716
s 2
f 1452/2056/1710 1453/2493/1709 1457/2489/1717 1456/2060/1718
s 3
f 1453/2058/1712 1454/2492/1711 1458/2488/1719 1457/2062/1720
s 4
f 1454/2059/1714 1451/2494/1713 1455/2490/1721 1458/2063/1722
s 1
f 1455/2061/1716 1456/2491/1715 1460/2487/1723 1459/2065/1724
s 2
f 1456/2060/1718 1457/2489/1717 1461/2485/1725 1460/2064/1726
s 3
f 1457/2062/1720 1458/2488/1719 1462/2484/1727 1461/2066/1728
s 4
f 1458/2063/1722 1455/2490/1721 1459/2486/1729 1462/2067/1730
s 1
f 1459/2065/1724 1460/2487/1723 1464/2483/1731 1463/2069/1732
s 2
f 1460/2064/1726 1461/2485/1725 1465/2481/1733 1464/2068/1734
s 3
f 1461/2066/1728 1462/2484/1727 1466/2480/1735 1465/2070/1736
s 4
f 1462/2067/1730 1459/2486/1729 1463/2482/1737 1466/2071/1738
s 1
f 1463/2069/1732 1464/2483/1731 1468/2479/1739 1467/2073/1740
s 2
f 1464/2068/1734 1465/2481/1733 1469/2477/1741 1468/2072/1742
s 3
f 1465/2070/1736 1466/2480/1735 1470/2476/1743 1469/2074/1744
s 4
f 1466/2071/1738 1463/2482/1737 1467/2478/1745 1470/2075/1746
s 1
f 1467/2073/1740 1468/2479/1739 1472/2475/1747 1471/2077/1748
s 2
f 1468/2072/1742 1469/2477/1741 1473/2473/1749 1472/2076/1750
s 3
f 1469/2074/1744 1470/2476/1743 1474/2472/1751 1473/2078/1752
s 4
f 1470/2075/1746 1467/2478/1745 1471/2474/1753 1474/2079/1754
s 1
f 1471/2077/1748 1472/2475/1747 1476/2471/1755 1475/2081/1756
s 2
f 1472/2076/1750 1473/2473/1749 1477/2469/1757 1476/2080/1758
s 3
f 1473/2078/1752 1474/2472/1751 1478/2468/1759 1477/2082/1760
s 4
f 1474/2079/1754 1471/2474/1753 1475/2470/1761 1478/2083/1762
s 1
f 1475/2081/1756 1476/2471/1755 1480/2467/1763 1479/2085/1764
s 2
f 1476/2080/1758 1477/2469/1757 1481/2465/1765 1480/2084/1766
s 3
f 1477/2082/1760 1478/2468/1759 1482/2464/1767 1481/2086/1768
s 4
f 1478/2083/1762 1475/2470/1761 1479/2466/1769 1482/2087/1770
s 1
f 1479/2085/1764 1480/2467/1763 1484/2463/1771 1483/2089/1772
s 2
f 1480/2084/1766 1481/2465/1765 1485/2461/1773 1484/2088/1774
s 3
f 1481/2086/1768 1482/2464/1767 1486/2460/1775 1485/2090/1776
s 4
f 1482/2087/1770 1479/2466/1769 1483/2462/1777 1486/2091/1778
s 1
f 1483/2089/1772 1484/2463/1771 1488/2459/1779 1487/2093/1780
s 2
f 1484/2088/1774 1485/2461/1773 1489/2457/1781 1488/2092/1782
s 3
f 1485/2090/1776 1486/2460/1775 1490/2456/1783 1489/2094/1784
s 4
f 1486/2091/1778 1483/2462/1777 1487/2458/1785 1490/2095/1786
s 1
f 1487/2093/1780 1488/2459/1779 1492/2455/1787 1491/2097/1788
s 2
f 1488/2092/1782 1489/2457/1781 1493/2453/1789 1492/2096/1790
s 3
f 1489/2094/1784 1490/2456/1783 1494/2452/1791 1493/2098/1792
s 4
f 1490/2095/1786 1487/2458/1785 1491/2454/1793 1494/2099/1794
s 1
f 1491/2097/1788 1492/2455/1787 1496/2451/1795 1495/2101/1796
s 2
f 1492/2096/1790 1493/2453/1789 1497/2449/1797 1496/2100/1798
s 3
f 1493/2098/1792 1494/2452/1791 1498/2448/1799 1497/2102/1800
s 4
f 1494/2099/1794 1491/2454/1793 1495/2450/1801 1498/2103/1802
s 1
f 1495/2101/1796 1496/2451/1795 1500/2447/1803 1499/2105/1804
s 2
f 1496/2100/1798 1497/2449/1797 1501/2445/1805 1500/2104/1806
s 3
f 1497/2102/1800 1498/2448/1799 1502/2444/1807 1501/2106/1808
s 4
f 1498/2103/1802 1495/2450/1801 1499/2446/1809 1502/2107/1810
s 1
f 1499/2105/1804 1500/2447/1803 1504/2443/1811 1503/2109/1812
s 2
f 1500/2104/1806 1501/2445/1805 1505/2441/1813 1504/2108/1814
s 3
f 1501/2106/1808 1502/2444/1807 1506/2440/1815 1505/2110/1816
s 4
f 1502/2107/1810 1499/2446/1809 1503/2442/1817 1506/2111/1818
s 1
f 1503/2109/1812 1504/2443/1811 1508/2439/1819 1507/2113/1820
s 2
f 1504/2108/1814 1505/2441/1813 1509/2437/1821 1508/2112/1822
s 3
f 1505/2110/1816 1506/2440/1815 1510/2436/1823 1509/2114/1824
s 4
f 1506/2111/1818 1503/2442/1817 1507/2438/1825 1510/2115/1826
s 1
f 1507/2113/1820 1508/2439/1819 1512/2435/1827 1511/2117/1828
s 2
f 1508/2112/1822 1509/2437/1821 1513/2433/1829 1512/2116/1830
s 3
f 1509/2114/1824 1510/2436/1823 1514/2432/1831 1513/2118/1832
s 4
f 1510/2115/1826 1507/2438/1825 1511/2434/1833 1514/2119/1834
s 1
f 1511/2117/1828 1512/2435/1827 1516/2431/1835 1515/2121/1836
s 2
f 1512/2116/1830 1513/2433/1829 1517/2429/1837 1516/2120/1838
s 3
f 1513/2118/1832 1514/2432/1831 1518/2428/1839 1517/2122/1840
s 4
f 1514/2119/1834 1511/2434/1833 1515/2430/1841 1518/2123/1842
s 1
f 1515/2121/1836 1516/2431/1835 1520/2427/1843 1519/2125/1844
s 2
f 1516/2120/1838 1517/2429/1837 1521/2425/1845 1520/2124/1846
s 3
f 1517/2122/1840 1518/2428/1839 1522/2424/1847 1521/2126/1848
s 4
f 1518/2123/1842 1515/2430/1841 1519/2426/1849 1522/2127/1850
s 1
f 1519/2125/1844 1520/2427/1843 1524/2423/1851 1523/2129/1852
s 2
f 1520/2124/1846 1521/2425/1845 1525/2421/1853 1524/2128/1854
s 3
f 1521/2126/1848 1522/2424/1847 1526/2420/1855 1525/2130/1856
s 4
f 1522/2127/1850 1519/2426/1849 1523/2422/1857 1526/2131/1858
s 1
f 1523/2129/1852 1524/2423/1851 1528/2419/1859 1527/2133/1860
s 2
f 1524/2128/1854 1525/2421/1853 1529/2417/1861 1528/2132/1862
s 3
f 1525/2130/1856 1526/2420/1855 1530/2416/1863 1529/2134/1864
s 4
f 1526/2131/1858 1523/2422/1857 1527/2418/1865 1530/2135/1866
s 1
f 1527/2133/1860 1528/2419/1859 1532/2415/1867 1531/2137/1868
s 2
f 1528/2132/1862 1529/2417/1861 1533/2413/1869 1532/2136/1870
s 3
f 1529/2134/1864 1530/2416/1863 1534/2412/1871 1533/2138/1872
s 4
f 1530/2135/1866 1527/2418/1865 1531/2414/1873 1534/2139/1874
s 1
f 1531/2137/1868 1532/2415/1867 1536/2411/1875 1535/2141/1876
s 2
f 1532/2136/1870 1533/2413/1869 1537/2409/1877 1536/2140/1878
s 3
f 1533/2138/1872 1534/2412/1871 1538/2408/1879 1537/2142/1880
s 4
f 1534/2139/1874 1531/2414/1873 1535/2410/1881 1538/2143/1882
s 1
f 1535/2141/1876 1536/2411/1875 1540/2407/1883 1539/2145/1884
s 2
f 1536/2140/1878 1537/2409/1877 1541/2405/1885 1540/2144/1886
s 3
f 1537/2142/1880 1538/2408/1879 1542/2404/1887 1541/2146/1888
s 4
f 1538/2143/1882 1535/2410/1881 1539/2406/1889 1542/2147/1890
s 1
f 1539/2145/1884 1540/2407/1883 1544/2403/1891 1543/2149/1892
s 2
f 1540/2144/1886 1541/2405/1885 1545/2401/1893 1544/2148/1894
s 3
f 1541/2146/1888 1542/2404/1887 1546/2400/1895 1545/2150/1896
s 4
f 1542/2147/1890 1539/2406/1889 1543/2402/1897 1546/2151/1898
s 1
f 1543/2149/1892 1544/2403/1891 1548/2399/1899 1547/2153/1900
s 2
f 1544/2148/1894 1545/2401/1893 1549/2397/1901 1548/2152/1902
s 3
f 1545/2150/1896 1546/2400/1895 1550/2396/1903 1549/2154/1904
s 4
f 1546/2151/1898 1543/2402/1897 1547/2398/1905 1550/2155/1906
s 1
f 1547/2153/1900 1548/2399/1899 1552/2395/1907 1551/2157/1908
s 2
f 1548/2152/1902 1549/2397/1901 1553/2393/1909 1552/2156/1910
s 3
f 1549/2154/1904 1550/2396/1903 1554/2392/1911 1553/2158/1912
s 4
f 1550/2155/1906 1547/2398/1905 1551/2394/1913 1554/2159/1914
s 1
f 1551/2157/1908 1552/2395/1907 1556/2391/1915 1555/2161/1916
s 2
f 1552/2156/1910 1553/2393/1909 1557/2389/1917 1556/2160/1918
s 3
f 1553/2158/1912 1554/2392/1911 1558/2388/1919 1557/2162/1920
s 4
f 1554/2159/1914 1551/2394/1913 1555/2390/1921 1558/2163/1922
s 1
f 1555/2161/1916 1556/2391/1915 1560/2387/1923 1559/2165/1924
s 2
f 1556/2160/1918 1557/2389/1917 1561/2385/1925 1560/2164/1926
s 3
f 1557/2162/1920 1558/2388/1919 1562/2384/1927 1561/2166/1928
s 4
f 1558/2163/1922 1555/2390/1921 1559/2386/1929 1562/2167/1930
s 1
f 1559/2165/1924 1560/2387/1923 1564/2383/1931 1563/2169/1932
s 2
f 1560/2164/1926 1561/2385/1925 1565/2381/1933 1564/2168/1934
s 3
f 1561/2166/1928 1562/2384/1927 1566/2380/1935 1565/2170/1936
s 4
f 1562/2167/1930 1559/2386/1929 1563/2382/1937 1566/2171/1938
s 1
f 1563/2169/1932 1564/2383/1931 1568/2379/1939 1567/2173/1940
s 2
f 1564/2168/1934 1565/2381/1933 1569/2377/1941 1568/2172/1942
s 3
f 1565/2170/1936 1566/2380/1935 1570/2376/1943 1569/2174/1944
s 4
f 1566/2171/1938 1563/2382/1937 1567/2378/1945 1570/2175/1946
s 1
f 1567/2173/1940 1568/2379/1939 1572/2375/1947 1571/2177/1948
s 2
f 1568/2172/1942 1569/2377/1941 1573/2373/1949 1572/2176/1950
s 3
f 1569/2174/1944 1570/2376/1943 1574/2372/1951 1573/2178/1952
s 4
f 1570/2175/1946 1567/2378/1945 1571/2374/1953 1574/2179/1954
s 1
f 1571/2177/1948 1572/2375/1947 1576/2371/1955 1575/2181/1956
s 2
f 1572/2176/1950 1573/2373/1949 1577/2369/1957 1576/2180/1958
s 3
f 1573/2178/1952 1574/2372/1951 1578/2368/1959 1577/2182/1960
s 4
f 1574/2179/1954 1571/2374/1953 1575/2370/1961 1578/2183/1962
s 1
f 1575/2181/1956 1576/2371/1955 1580/2367/1963 1579/2185/1964
s 2
f 1576/2180/1958 1577/2369/1957 1581/2365/1965 1580/2184/1966
s 3
f 1577/2182/1960 1578/2368/1959 1582/2364/1967 1581/2186/1968
s 4
f 1578/2183/1962 1575/2370/1961 1579/2366/1969 1582/2187/1970
s 1
f 1579/2185/1964 1580/2367/1963 1584/2363/1971 1583/2189/1972
s 2
f 1580/2184/1966 1581/2365/1965 1585/2361/1973 1584/2188/1974
s 3
f 1581/2186/1968 1582/2364/1967 1586/2360/1975 1585/2190/1976
s 4
f 1582/2187/1970 1579/2366/1969 1583/2362/1977 1586/2191/1978
s 1
f 1583/2189/1972 1584/2363/1971 1588/2359/1979 1587/2193/1980
s 2
f 1584/2188/1974 1585/2361/1973 1589/2357/1981 1588/2192/1982
s 3
f 1585/2190/1976 1586/2360/1975 1590/2356/1983 1589/2194/1984
s 4
f 1586/2191/1978 1583/2362/1977 1587/2358/1985 1590/2195/1986
s 1
f 1587/2193/1980 1588/2359/1979 1592/2355/1987 1591/2197/1988
s 2
f 1588/2192/1982 1589/2357/1981 1593/2353/1989 1592/2196/1990
s 3
f 1589/2194/1984 1590/2356/1983 1594/2352/1991 1593/2198/1992
s 4
f 1590/2195/1986 1587/2358/1985 1591/2354/1993 1594/2199/1994
s 1
f 1591/2197/1988 1592/2355/1987 1596/2351/1995 1595/2201/1996
s 2
f 1592/2196/1990 1593/2353/1989 1597/2349/1997 1596/2200/1998
s 3
f 1593/2198/1992 1594/2352/1991 1598/2348/1999 1597/2202/2000
s 4
f 1594/2199/1994 1591/2354/1993 1595/2350/2001 1598/2203/2002
s 1
f 1595/2201/1996 1596/2351/1995 1600/2347/2003 1599/2205/2004
s 2
f 1596/2200/1998 1597/2349/1997 1601/2345/2005 1600/2204/2006
s 3
f 1597/2202/2000 1598/2348/1999 1602/2344/2007 1601/2206/2008
s 4
f 1598/2203/2002 1595/2350/2001 1599/2346/2009 1602/2207/2010
s 1
f 1599/2205/2004 1600/2347/2003 1604/2343/2011 1603/2209/2012
s 2
f 1600/2204/2006 1601/2345/2005 1605/2341/2013 1604/2208/2014
s 3
f 1601/2206/2008 1602/2344/2007 1606/2340/2015 1605/2210/2016
s 4
f 1602/2207/2010 1599/2346/2009 1603/2342/2017 1606/2211/2018
s 1
f 1603/2209/2012 1604/2343/2011 1608/2339/2019 1607/2213/2020
s 2
f 1604/2208/2014 1605/2341/2013 1609/2337/2021 1608/2212/2022
s 3
f 1605/2210/2016 1606/2340/2015 1610/2336/2023 1609/2214/2024
s 4
f 1606/2211/2018 1603/2342/2017 1607/2338/2025 1610/2215/2026
s 1
f 1607/2213/2020 1608/2339/2019 1612/2335/2027 1611/2217/2028
s 2
f 1608/2212/2022 1609/2337/2021 1613/2333/2029 1612/2216/2030
s 3
f 1609/2214/2024 1610/2336/2023 1614/2332/2031 1613/2218/2032
s 4
f 1610/2215/2026 1607/2338/2025 1611/2334/2033 1614/2219/2034
s 1
f 1611/2217/2028 1612/2335/2027 1616/2331/2035 1615/2221/2036
s 2
f 1612/2216/2030 1613/2333/2029 1617/2329/2037 1616/2220/2038
s 3
f 1613/2218/2032 1614/2332/2031 1618/2328/2039 1617/2222/2040
s 4
f 1614/2219/2034 1611/2334/2033 1615/2330/2041 1618/2223/2042
s 1
f 1615/2221/2036 1616/2331/2035 1620/2327/2043 1619/2225/2044
s 2
f 1616/2220/2038 1617/2329/2037 1621/2325/2045 1620/2224/2046
s 3
f 1617/2222/2040 1618/2328/2039 1622/2324/2047 1621/2226/2048
s 4
f 1618/2223/2042 1615/2330/2041 1619/2326/2049 1622/2227/2050
s 1
f 1619/2225/2044 1620/2327/2043 1624/2323/2051 1623/2229/2052
s 2
f 1620/2224/2046 1621/2325/2045 1625/2321/2053 1624/2228/2054
s 3
f 1621/2226/2048 1622/2324/2047 1626/2320/2055 1625/2230/2056
s 4
f 1622/2227/2050 1619/2326/2049 1623/2322/2057 1626/2231/2058
s 1
f 1623/2229/2052 1624/2323/2051 1628/2319/2059 1627/2233/2060
s 2
f 1624/2228/2054 1625/2321/2053 1629/2317/2061 1628/2232/2062
s 3
f 1625/2230/2056 1626/2320/2055 1630/2316/2063 1629/2234/2064
s 4
f 1626/2231/2058 1623/2322/2057 1627/2318/2065 1630/2235/2066
s 1
f 1627/2233/2060 1628/2319/2059 1632/2315/2067 1631/2237/2068
s 2
f 1628/2232/2062 1629/2317/2061 1633/2313/2069 1632/2236/2070
s 3
f 1629/2234/2064 1630/2316/2063 1634/2312/2071 1633/2238/2072
s 4
f 1630/2235/2066 1627/2318/2065 1631/2314/2073 1634/2239/2074
s 1
f 1631/2237/2068 1632/2315/2067 1636/2311/2075 1635/2241/2076
s 2
f 1632/2236/2070 1633/2313/2069 1637/2309/2077 1636/2240/2078
s 3
f 1633/2238/2072 1634/2312/2071 1638/2308/2079 1637/2242/2080
s 4
f 1634/2239/2074 1631/2314/2073 1635/2310/2081 1638/2243/2082
s 1
f 1635/2241/2076 1636/2311/2075 1640/2307/2083 1639/2245/2084
s 2
f 1636/2240/2078 1637/2309/2077 1641/2305/2085 1640/2244/2086
s 3
f 1637/2242/2080 1638/2308/2079 1642/2304/2087 1641/2246/2088
s 4
f 1638/2243/2082 1635/2310/2081 1639/2306/2089 1642/2247/2090
s 1
f 1639/2245/2084 1640/2307/2083 1644/2303/2091 1643/2249/2092
s 2
f 1640/2244/2086 1641/2305/2085 1645/2301/2093 1644/2248/2094
s 3
f 1641/2246/2088 1642/2304/2087 1646/2300/2095 1645/2250/2096
s 4
f 1642/2247/2090 1639/2306/2089 1643/2302/2097 1646/2251/2098
s 1
f 1643/2249/2092 1644/2303/2091 1648/2299/2099 1647/2253/2100
s 2
f 1644/2248/2094 1645/2301/2093 1649/2297/2101 1648/2252/2102
s 3
f 1645/2250/2096 1646/2300/2095 1650/2296/2103 1649/2254/2104
s 4
f 1646/2251/2098 1643/2302/2097 1647/2298/2105 1650/2255/2106
s 1
f 1647/2253/2100 1648/2299/2099 1652/2295/2107 1651/2257/2108
s 2
f 1648/2252/2102 1649/2297/2101 1653/2293/2109 1652/2256/2110
s 3
f 1649/2254/2104 1650/2296/2103 1654/2292/2111 1653/2258/2112
s 4
f 1650/2255/2106 1647/2298/2105 1651/2294/2113 1654/2259/2114
s 1
f 1651/2257/2108 1652/2295/2107 1656/2291/2115 1655/2261/2116
s 2
f 1652/2256/2110 1653/2293/2109 1657/2289/2117 1656/2260/2118
s 3
f 1653/2258/2112 1654/2292/2111 1658/2288/2119 1657/2262/2120
s 4
f 1654/2259/2114 1651/2294/2113 1655/2290/2121 1658/2263/2122
s 1
f 1655/2261/2116 1656/2291/2115 1660/2287/2123 1659/2265/2124
s 2
f 1656/2260/2118 1657/2289/2117 1661/2285/2125 1660/2264/2126
s 3
f 1657/2262/2120 1658/2288/2119 1662/2284/2127 1661/2266/2128
s 4
f 1658/2263/2122 1655/2290/2121 1659/2286/2129 1662/2267/2130
s 1
f 1659/2265/2124 1660/2287/2123 1664/2283/2131 1663/2269/2132
s 2
f 1660/2264/2126 1661/2285/2125 1665/2279/2133 1664/2268/2134
s 3
f 1661/2266/2128 1662/2284/2127 1666/2278/2135 1665/2270/2136
s 4
f 1662/2267/2130 1659/2286/2129 1663/2281/2137 1666/2271/2138
s 1
f 1663/2269/2132 1664/2283/2131 1668/2282/2139 1667/2280/2140
s 2
f 1664/2268/2134 1665/2279/2133 1669/2277/2141 1668/2272/2142
s 3
f 1665/2270/2136 1666/2278/2135 1670/2276/2143 1669/2274/2144
s 4
f 1666/2271/2138 1663/2281/2137 1667/2620/2145 1670/2275/2146
s off
f 1667/2273/2147 1668/2623/2148 1669/2622/2149 1670/2621/2150
g default
v -0.073154 0.492743 0.784042
v -0.073154 0.489028 0.795539
v -0.067549 0.489028 0.795539
v -0.067549 0.492743 0.784042
v -0.073154 0.504903 0.788180
v -0.073154 0.500829 0.799555
v -0.067549 0.500829 0.799555
v -0.067549 0.504903 0.788180
v -0.073154 0.517027 0.792747
v -0.073154 0.512578 0.803980
v -0.067549 0.512578 0.803980
v -0.067549 0.517027 0.792747
v -0.073154 0.529063 0.797754
v -0.073154 0.524226 0.808826
v -0.067549 0.524226 0.808826
v -0.067549 0.529063 0.797754
v -0.073154 0.540960 0.803209
v -0.073154 0.535722 0.814097
v -0.067549 0.535722 0.814097
v -0.067549 0.540960 0.803209
v -0.073154 0.552669 0.809116
v -0.073154 0.547021 0.819797
v -0.067549 0.547021 0.819797
v -0.067549 0.552669 0.809116
v -0.073154 0.563106 0.814874
v -0.073154 0.557079 0.825346
v -0.067549 0.557079 0.825346
v -0.067549 0.563106 0.814874
v -0.073154 0.574143 0.821520
v -0.073154 0.567703 0.831743
v -0.067549 0.567703 0.831743
v -0.067549 0.574143 0.821520
v -0.073154 0.584909 0.828611
v -0.073154 0.578056 0.838562
v -0.067549 0.578056 0.838562
v -0.067549 0.584909 0.828611
v -0.073154 0.595375 0.836143
v -0.073154 0.588111 0.845798
v -0.067549 0.588111 0.845798
v -0.067549 0.595375 0.836143
v -0.073154 0.605510 0.844109
v -0.073154 0.597842 0.853447
v -0.067549 0.597842 0.853447
v -0.067549 0.605510 0.844109
v -0.073154 0.615288 0.852494
v -0.073154 0.607227 0.861494
v -0.067549 0.607227 0.861494
v -0.067549 0.615288 0.852494
v -0.073154 0.624684 0.861278
v -0.073154 0.616244 0.869924
v -0.067549 0.616244 0.869924
v -0.067549 0.624684 0.861278
v -0.073154 0.633675 0.870434
v -0.073154 0.624876 0.878714
v -0.067549 0.624876 0.878714
v -0.067549 0.633675 0.870434
v -0.073154 0.642247 0.879930
v -0.073154 0.633111 0.887837
v -0.067549 0.633111 0.887837
v -0.067549 0.642247 0.879930
v -0.073154 0.650732 0.890159
v -0.073154 0.641273 0.897677
v -0.067549 0.641273 0.897677
v -0.067549 0.650732 0.890159
v -0.073154 0.658090 0.899770
v -0.073154 0.648364 0.906939
v -0.067549 0.648364 0.906939
v -0.067549 0.658090 0.899770
v -0.073154 0.665655 0.910476
v -0.073154 0.655639 0.917235
v -0.067549 0.655639 0.917235
v -0.067549 0.665655 0.910476
v -0.073154 0.672776 0.921589
v -0.073154 0.662441 0.927849
v -0.067549 0.662441 0.927849
v -0.067549 0.672776 0.921589
v -0.073154 0.679318 0.933092
v -0.073154 0.668646 0.938758
v -0.067549 0.668646 0.938758
v -0.067549 0.679318 0.933092
v -0.073154 0.685155 0.944965
v -0.073154 0.674143 0.949941
v -0.067549 0.674143 0.949941
v -0.067549 0.685155 0.944965
v -0.073154 0.690178 0.957180
v -0.073154 0.678848 0.961380
v -0.067549 0.678848 0.961380
v -0.067549 0.690178 0.957180
v -0.073154 0.694314 0.969700
v -0.073154 0.682710 0.973070
v -0.067549 0.682710 0.973070
v -0.067549 0.694314 0.969700
v -0.073154 0.697526 0.982474
v -0.073154 0.685709 0.984996
v -0.067549 0.685709 0.984996
v -0.067549 0.697526 0.982474
v -0.073154 0.699906 0.996021
v -0.073154 0.687938 0.997687
v -0.067549 0.687938 0.997687
v -0.067549 0.699906 0.996021
v -0.073154 0.701270 1.008653
v -0.073154 0.689223 1.009592
v -0.067549 0.689223 1.009592
v -0.067549 0.701270 1.008653
v -0.073154 0.701909 1.021228
v -0.073154 0.689829 1.021530
v -0.067549 0.689829 1.021530
v -0.067549 0.701909 1.021228
v -0.073154 0.701907 1.034508
v -0.073154 0.689827 1.034210
v -0.067549 0.689827 1.034210
v -0.067549 0.701907 1.034508
v -0.073154 0.701273 1.047679
v -0.073154 0.689220 1.046818
v -0.067549 0.689220 1.046818
v -0.067549 0.701273 1.047679
v -0.073154 0.700006 1.061020
v -0.073154 0.688007 1.059598
v -0.067549 0.688007 1.059598
v -0.067549 0.700006 1.061020
v -0.073154 0.698097 1.074404
v -0.073154 0.686179 1.072412
v -0.067549 0.686179 1.072412
v -0.067549 0.698097 1.074404
v -0.073154 0.695534 1.087706
v -0.073154 0.683730 1.085122
v -0.067549 0.683730 1.085122
v -0.067549 0.695534 1.087706
v -0.073154 0.692673 1.099441
v -0.073154 0.681005 1.096297
v -0.067549 0.681005 1.096297
v -0.067549 0.692673 1.099441
v -0.073154 0.688889 1.112064
v -0.073154 0.677419 1.108262
v -0.067549 0.677419 1.108262
v -0.067549 0.688889 1.112064
v -0.073154 0.684334 1.124481
v -0.073154 0.673132 1.119951
v -0.067549 0.673132 1.119951
v -0.067549 0.684334 1.124481
v -0.073154 0.678436 1.137562
v -0.073154 0.667635 1.132144
v -0.067549 0.667635 1.132144
v -0.067549 0.678436 1.137562
v -0.073154 0.672353 1.148553
v -0.073154 0.662040 1.142257
v -0.067549 0.662040 1.142257
v -0.067549 0.672353 1.148553
v -0.073154 0.664562 1.159940
v -0.073154 0.654967 1.152596
v -0.067549 0.654967 1.152596
v -0.067549 0.664562 1.159940
v -0.073154 0.656302 1.169665
v -0.073154 0.647505 1.161381
v -0.067549 0.647505 1.161381
v -0.067549 0.656302 1.169665
v -0.073154 0.646515 1.178966
v -0.073154 0.638691 1.169758
v -0.067549 0.638691 1.169758
v -0.067549 0.646515 1.178966
v -0.073154 0.635756 1.187113
v -0.073154 0.629014 1.177087
v -0.067549 0.629014 1.177087
v -0.067549 0.635756 1.187113
v -0.073154 0.624164 1.193995
v -0.073154 0.618586 1.183277
v -0.067549 0.618586 1.183277
v -0.067549 0.624164 1.193995
v -0.073154 0.610780 1.199961
v -0.073154 0.606531 1.188651
v -0.067549 0.606531 1.188651
v -0.067549 0.610780 1.199961
v -0.073154 0.598320 1.203904
v -0.073154 0.595283 1.192210
v -0.067549 0.595283 1.192210
v -0.067549 0.598320 1.203904
v -0.073154 0.585562 1.206524
v -0.073154 0.583739 1.194580
v -0.067549 0.583739 1.194580
v -0.067549 0.585562 1.206524
v -0.073154 0.572613 1.207837
v -0.073154 0.571997 1.195770
v -0.067549 0.571997 1.195770
v -0.067549 0.572613 1.207837
v -0.073154 0.558999 1.207822
v -0.073154 0.559644 1.195757
v -0.067549 0.559644 1.195757
v -0.067549 0.558999 1.207822
v -0.073154 0.545478 1.206374
v -0.073154 0.547411 1.194448
v -0.067549 0.547411 1.194448
v -0.067549 0.545478 1.206374
v -0.073154 0.532252 1.203466
v -0.073154 0.535514 1.191833
v -0.067549 0.535514 1.191833
v -0.067549 0.532252 1.203466
v -0.073154 0.519522 1.199066
v -0.073154 0.524159 1.187909
v -0.067549 0.524159 1.187909
v -0.067549 0.519522 1.199066
v -0.073154 0.507499 1.193138
v -0.073154 0.513547 1.182678
v -0.067549 0.513547 1.182678
v -0.067549 0.507499 1.193138
v -0.073154 0.496402 1.185646
v -0.073154 0.503863 1.176142
v -0.067549 0.503863 1.176142
v -0.067549 0.496402 1.185646
v -0.073154 0.486466 1.176559
v -0.073154 0.495282 1.168296
v -0.067549 0.495282 1.168296
v -0.067549 0.486466 1.176559
v -0.073154 0.477940 1.165863
v -0.073154 0.487965 1.159118
v -0.067549 0.487965 1.159118
v -0.067549 0.477940 1.165863
v -0.073154 0.471357 1.154238
v -0.073154 0.482278 1.149068
v -0.067549 0.482278 1.149068
v -0.067549 0.471357 1.154238
v -0.073154 0.466416 1.141800
v -0.073154 0.477894 1.138023
v -0.067549 0.477894 1.138023
v -0.067549 0.466416 1.141800
v -0.073154 0.462860 1.128636
v -0.073154 0.474671 1.126086
v -0.067549 0.474671 1.126086
v -0.067549 0.462860 1.128636
v -0.073154 0.460579 1.115019
v -0.073154 0.472574 1.113558
v -0.067549 0.472574 1.113558
v -0.067549 0.460579 1.115019
v -0.073154 0.459479 1.101218
v -0.073154 0.471553 1.100746
v -0.067549 0.471553 1.100746
v -0.067549 0.459479 1.101218
v -0.073154 0.459424 1.088960
v -0.073154 0.471503 1.089322
v -0.067549 0.471503 1.089322
v -0.067549 0.459424 1.088960
v -0.073154 0.460313 1.075739
v -0.073154 0.472330 1.077001
v -0.067549 0.472330 1.077001
v -0.067549 0.460313 1.075739
v -0.073154 0.462223 1.062588
v -0.073154 0.474100 1.064815
v -0.067549 0.474100 1.064815
v -0.067549 0.462223 1.062588
v -0.073154 0.465314 1.049495
v -0.073154 0.476921 1.052854
v -0.067549 0.476921 1.052854
v -0.067549 0.465314 1.049495
v -0.073154 0.469791 1.036855
v -0.073154 0.480904 1.041601
v -0.067549 0.480904 1.041601
v -0.067549 0.469791 1.036855
v -0.073154 0.476242 1.024471
v -0.073154 0.486462 1.030916
v -0.067549 0.486462 1.030916
v -0.067549 0.476242 1.024471
v -0.073154 0.484872 1.013331
v -0.073154 0.493613 1.021673
v -0.067549 0.493613 1.021673
v -0.067549 0.484872 1.013331
v -0.073154 0.495699 1.004335
v -0.073154 0.502248 1.014489
v -0.067549 0.502248 1.014489
v -0.067549 0.495699 1.004335
v -0.073154 0.508355 0.998287
v -0.073154 0.512129 1.009765
v -0.067549 0.512129 1.009765
v -0.067549 0.508355 0.998287
v -0.073154 0.522105 0.995618
v -0.073154 0.522937 1.007672
v -0.067549 0.522937 1.007672
v -0.067549 0.522105 0.995618
v -0.073154 0.535368 0.996147
v -0.073154 0.533625 1.008102
v -0.067549 0.533625 1.008102
v -0.067549 0.535368 0.996147
v -0.073154 0.550440 1.000151
v -0.073154 0.546061 1.011412
v -0.067549 0.546061 1.011412
v -0.067549 0.550440 1.000151
v -0.073154 0.563266 1.006629
v -0.073154 0.556820 1.016849
v -0.067549 0.556820 1.016849
v -0.067549 0.563266 1.006629
v -0.073154 0.574647 1.015351
v -0.073154 0.566465 1.024242
v -0.067549 0.566465 1.024242
v -0.067549 0.574647 1.015351
v -0.073154 0.583662 1.025107
v -0.073154 0.574160 1.032570
v -0.067549 0.574160 1.032570
v -0.067549 0.583662 1.025107
v -0.073154 0.592106 1.038122
v -0.073154 0.581434 1.043789
v -0.067549 0.581434 1.043789
v -0.067549 0.592106 1.038122
v -0.073154 0.597682 1.050639
v -0.073154 0.586342 1.054810
v -0.067549 0.586342 1.054810
v -0.067549 0.597682 1.050639
v -0.073154 0.601644 1.064093
v -0.073154 0.589851 1.066726
v -0.067549 0.589851 1.066726
v -0.067549 0.601644 1.064093
v -0.073154 0.603737 1.078147
v -0.073154 0.591684 1.079013
v -0.067549 0.591684 1.079013
v -0.067549 0.603737 1.078147
v -0.073154 0.603450 1.092670
v -0.073154 0.591455 1.091206
v -0.067549 0.591455 1.091206
v -0.067549 0.603450 1.092670
v -0.073154 0.599678 1.107061
v -0.073154 0.588604 1.102225
v -0.067549 0.588604 1.102225
v -0.067549 0.599678 1.107061
v -0.073154 0.590860 1.119421
v -0.073154 0.582839 1.110384
v -0.067549 0.582839 1.110384
v -0.067549 0.590860 1.119421
v -0.073154 0.578057 1.126796
v -0.073154 0.574052 1.115397
v -0.067549 0.574052 1.115397
v -0.067549 0.578057 1.126796
v -0.073154 0.563344 1.129558
v -0.073154 0.562779 1.117489
v -0.067549 0.562779 1.117489
v -0.067549 0.563344 1.129558
v -0.073154 0.548158 1.128388
v -0.073154 0.550520 1.116539
v -0.067549 0.550520 1.116539
v -0.067549 0.548158 1.128388
v -0.073154 0.533755 1.123650
v -0.073154 0.538952 1.112742
v -0.067549 0.538952 1.112742
v -0.067549 0.533755 1.123650
v -0.073154 0.521429 1.115400
v -0.073154 0.529674 1.106567
v -0.067549 0.529674 1.106567
v -0.067549 0.521429 1.115400
v -0.073154 0.512072 1.102100
v -0.073154 0.523238 1.097481
v -0.067549 0.523238 1.097481
v -0.067549 0.512072 1.102100
v -0.073154 0.510088 1.085673
v -0.073154 0.521977 1.087829
v -0.067549 0.521977 1.087829
v -0.067549 0.510088 1.085673
v -0.073154 0.519514 1.069964
v -0.073154 0.527211 1.079277
v -0.067549 0.527211 1.079277
v -0.067549 0.519514 1.069964
v -0.073154 0.533714 1.062729
v -0.073154 0.537154 1.074311
v -0.067549 0.537154 1.074311
v -0.067549 0.533714 1.062729
v -0.073154 0.549736 1.060105
v -0.073154 0.550428 1.072167
v -0.067549 0.550428 1.072167
v -0.067549 0.549736 1.060105
vt 0.286614 0.705783
vt 0.446595 0.765080
vt 0.286463 0.661338
vt 0.451131 0.767808
vt 0.284747 0.665129
vt 0.875970 0.680239
vt 0.873129 0.676055
vt 0.288331 0.701877
vt 0.286463 0.657525
vt 0.454986 0.767023
vt 0.879663 0.681188
vt 0.288331 0.697943
vt 0.286464 0.653701
vt 0.458831 0.766111
vt 0.883334 0.682258
vt 0.288331 0.693991
vt 0.286463 0.649874
vt 0.462652 0.765066
vt 0.886970 0.683453
vt 0.288331 0.690030
vt 0.286464 0.646052
vt 0.466432 0.763886
vt 0.890556 0.684775
vt 0.288331 0.686070
vt 0.286463 0.642591
vt 0.469821 0.762696
vt 0.893759 0.686086
vt 0.288331 0.682478
vt 0.286463 0.638863
vt 0.473426 0.761281
vt 0.897156 0.687622
vt 0.288331 0.678605
vt 0.286464 0.635146
vt 0.476966 0.759729
vt 0.900480 0.689285
vt 0.288331 0.674740
vt 0.286463 0.631443
vt 0.480431 0.758040
vt 0.903723 0.691074
vt 0.288331 0.670885
vt 0.286463 0.627753
vt 0.483813 0.756216
vt 0.906877 0.692988
vt 0.288331 0.667043
vt 0.286463 0.624080
vt 0.487102 0.754258
vt 0.909935 0.695024
vt 0.288331 0.663215
vt 0.286464 0.620423
vt 0.490291 0.752173
vt 0.912889 0.697178
vt 0.288331 0.659405
vt 0.286464 0.616785
vt 0.493371 0.749966
vt 0.915736 0.699443
vt 0.288331 0.655616
vt 0.286464 0.613168
vt 0.496337 0.747646
vt 0.918468 0.701814
vt 0.288331 0.651850
vt 0.286464 0.609416
vt 0.499305 0.745116
vt 0.921196 0.704389
vt 0.288331 0.647950
vt 0.286464 0.606003
vt 0.501907 0.742713
vt 0.923583 0.706829
vt 0.288331 0.644409
vt 0.286464 0.602325
vt 0.504613 0.740011
vt 0.926051 0.709556
vt 0.288331 0.640584
vt 0.286464 0.598659
vt 0.507201 0.737176
vt 0.928383 0.712386
vt 0.288331 0.636746
vt 0.286464 0.595022
vt 0.509628 0.734207
vt 0.930539 0.715314
vt 0.288331 0.632911
vt 0.286464 0.591425
vt 0.511855 0.731104
vt 0.932485 0.718339
vt 0.288331 0.629092
vt 0.286464 0.587868
vt 0.513848 0.727872
vt 0.934196 0.721457
vt 0.288331 0.625294
vt 0.286464 0.584342
vt 0.515584 0.724517
vt 0.935656 0.724667
vt 0.288331 0.621517
vt 0.286464 0.580830
vt 0.517048 0.721052
vt 0.936858 0.727967
vt 0.288331 0.617755
vt 0.286464 0.577159
vt 0.518290 0.717335
vt 0.937844 0.731503
vt 0.288331 0.613836
vt 0.286464 0.573752
vt 0.519188 0.713834
vt 0.938522 0.734842
vt 0.288331 0.610222
vt 0.286464 0.570354
vt 0.519865 0.710319
vt 0.938994 0.738207
vt 0.288331 0.606642
vt 0.286464 0.566750
vt 0.520374 0.706579
vt 0.939298 0.741798
vt 0.288331 0.602868
vt 0.286464 0.563162
vt 0.520686 0.702844
vt 0.939416 0.745384
vt 0.288331 0.599119
vt 0.286464 0.559510
vt 0.520813 0.699034
vt 0.939353 0.749035
vt 0.288331 0.595308
vt 0.286464 0.555825
vt 0.520747 0.695186
vt 0.939103 0.752712
vt 0.288331 0.591459
vt 0.286464 0.552136
vt 0.520479 0.691334
vt 0.938661 0.756374
vt 0.288331 0.587597
vt 0.286464 0.548852
vt 0.520061 0.687911
vt 0.938098 0.759610
vt 0.288331 0.584149
vt 0.286464 0.545278
vt 0.519396 0.684199
vt 0.937291 0.763091
vt 0.288331 0.580379
vt 0.286464 0.541706
vt 0.518490 0.680514
vt 0.936263 0.766513
vt 0.288331 0.576584
vt 0.286464 0.537853
vt 0.517201 0.676586
vt 0.934879 0.770108
vt 0.288331 0.572450
vt 0.286464 0.534506
vt 0.515777 0.673240
vt 0.933414 0.773117
vt 0.288331 0.568813
vt 0.286464 0.530855
vt 0.513848 0.669711
vt 0.931503 0.776229
vt 0.288331 0.564791
vt 0.286464 0.527470
vt 0.511714 0.666631
vt 0.929437 0.778910
vt 0.288331 0.561044
vt 0.286464 0.523870
vt 0.509101 0.663607
vt 0.926948 0.781511
vt 0.288331 0.557047
vt 0.286464 0.520247
vt 0.506147 0.660868
vt 0.924170 0.783837
vt 0.288331 0.553019
vt 0.286464 0.516600
vt 0.502892 0.658450
vt 0.921136 0.785860
vt 0.288331 0.548965
vt 0.286464 0.512604
vt 0.499059 0.656217
vt 0.917586 0.787694
vt 0.288331 0.544528
vt 0.286464 0.509013
vt 0.495428 0.654592
vt 0.914238 0.788994
vt 0.288331 0.540550
vt 0.286464 0.505413
vt 0.491656 0.653327
vt 0.910772 0.789964
vt 0.288331 0.536572
vt 0.286464 0.501801
vt 0.487776 0.652422
vt 0.907216 0.790605
vt 0.288331 0.532588
vt 0.286464 0.498016
vt 0.483643 0.651863
vt 0.903445 0.790922
vt 0.288331 0.528417
vt 0.286464 0.494251
vt 0.479484 0.651712
vt 0.899680 0.790868
vt 0.288331 0.524255
vt 0.286464 0.490531
vt 0.475358 0.651984
vt 0.895986 0.790435
vt 0.288331 0.520120
vt 0.286464 0.486879
vt 0.471325 0.652697
vt 0.892426 0.789618
vt 0.288331 0.516025
vt 0.286464 0.483304
vt 0.467449 0.653870
vt 0.889061 0.788412
vt 0.288331 0.511975
vt 0.286464 0.479804
vt 0.463793 0.655521
vt 0.885948 0.786812
vt 0.288331 0.507963
vt 0.286464 0.476357
vt 0.460429 0.657670
vt 0.883140 0.784812
vt 0.288331 0.503972
vt 0.286464 0.472917
vt 0.457431 0.660330
vt 0.880686 0.782402
vt 0.288331 0.499964
vt 0.286464 0.469572
vt 0.454987 0.663331
vt 0.878709 0.779703
vt 0.288331 0.496093
vt 0.286464 0.466157
vt 0.453010 0.666630
vt 0.877105 0.776689
vt 0.288331 0.492247
vt 0.286464 0.462624
vt 0.451426 0.670190
vt 0.875834 0.773392
vt 0.288331 0.488350
vt 0.286464 0.459005
vt 0.450211 0.673931
vt 0.874893 0.769898
vt 0.288331 0.484417
vt 0.286464 0.455351
vt 0.449348 0.677772
vt 0.874273 0.766296
vt 0.288331 0.480480
vt 0.286464 0.452104
vt 0.448862 0.681222
vt 0.873983 0.763062
vt 0.288331 0.476997
vt 0.286464 0.448593
vt 0.448624 0.684982
vt 0.873940 0.759551
vt 0.288331 0.473229
vt 0.286464 0.445087
vt 0.448700 0.688764
vt 0.874187 0.756054
vt 0.288331 0.469446
vt 0.286464 0.441579
vt 0.449136 0.692580
vt 0.874761 0.752594
vt 0.288331 0.465606
vt 0.286464 0.438156
vt 0.450010 0.696324
vt 0.875706 0.749303
vt 0.288331 0.461760
vt 0.286464 0.434674
vt 0.451493 0.700079
vt 0.877146 0.746134
vt 0.288331 0.457724
vt 0.286464 0.431254
vt 0.453685 0.703572
vt 0.879106 0.743331
vt 0.288331 0.453599
vt 0.286464 0.427912
vt 0.456627 0.706554
vt 0.881569 0.741073
vt 0.288331 0.449411
vt 0.286464 0.424601
vt 0.460236 0.708780
vt 0.884472 0.739479
vt 0.288331 0.445170
vt 0.286464 0.421237
vt 0.464307 0.710100
vt 0.887720 0.738606
vt 0.288331 0.440890
vt 0.286464 0.417961
vt 0.468353 0.710499
vt 0.890993 0.738451
vt 0.288331 0.436825
vt 0.286464 0.414037
vt 0.473082 0.709994
vt 0.894868 0.739066
vt 0.288331 0.432070
vt 0.286464 0.410397
vt 0.477223 0.708700
vt 0.898283 0.740327
vt 0.288331 0.427731
vt 0.286464 0.406771
vt 0.481012 0.706714
vt 0.901405 0.742171
vt 0.288331 0.423453
vt 0.286464 0.403431
vt 0.484122 0.704340
vt 0.903954 0.744330
vt 0.288331 0.419539
vt 0.286464 0.399541
vt 0.487184 0.701023
vt 0.906443 0.747319
vt 0.288331 0.415026
vt 0.286464 0.396066
vt 0.489357 0.697728
vt 0.908206 0.750313
vt 0.288331 0.411079
vt 0.286464 0.392513
vt 0.491076 0.694103
vt 0.909564 0.753597
vt 0.288331 0.407067
vt 0.286464 0.388976
vt 0.492250 0.690232
vt 0.910419 0.757029
vt 0.288331 0.403022
vt 0.286464 0.385510
vt 0.492720 0.686130
vt 0.910642 0.760488
vt 0.288331 0.398893
vt 0.286464 0.382258
vt 0.492126 0.681921
vt 0.910037 0.763682
vt 0.288331 0.394642
vt 0.286464 0.379343
vt 0.489924 0.678076
vt 0.908473 0.766142
vt 0.288331 0.390211
vt 0.286464 0.376298
vt 0.486321 0.675470
vt 0.905912 0.767790
vt 0.288331 0.385764
vt 0.286464 0.372794
vt 0.481961 0.674084
vt 0.902521 0.768674
vt 0.288331 0.381189
vt 0.286464 0.369029
vt 0.477307 0.673786
vt 0.898756 0.768723
vt 0.288331 0.376525
vt 0.286464 0.365324
vt 0.472753 0.674524
vt 0.895134 0.767947
vt 0.288331 0.371912
vt 0.286464 0.361984
vt 0.468696 0.676339
vt 0.892154 0.766439
vt 0.288331 0.367468
vt 0.286464 0.358735
vt 0.465346 0.679697
vt 0.889971 0.764032
vt 0.288331 0.362724
vt 0.286464 0.355965
vt 0.464113 0.684242
vt 0.889354 0.761331
vt 0.288331 0.358015
vt 0.286464 0.353053
vt 0.466372 0.689055
vt 0.890746 0.758774
vt 0.288331 0.352698
vt 0.286464 0.349696
vt 0.470405 0.691680
vt 0.893661 0.757110
vt 0.288331 0.347887
vt 0.286464 0.345585
vt 0.556262 0.058175
vt 0.897662 0.756159
vt 0.288331 0.342922
vt 0.475167 0.693081
vt 0.286614 0.342922
vt 0.897161 0.752761
vt 0.554546 0.058175
vt 0.284747 0.345585
vt 0.554546 0.061610
vt 0.892333 0.753919
vt 0.475840 0.689712
vt 0.556262 0.061610
vt 0.284747 0.349696
vt 0.286614 0.347887
vt 0.471893 0.688560
vt 0.888173 0.756336
vt 0.284747 0.353053
vt 0.286614 0.352698
vt 0.469065 0.686751
vt 0.885673 0.761029
vt 0.284747 0.355965
vt 0.286614 0.358016
vt 0.467805 0.684126
vt 0.886674 0.765630
vt 0.284747 0.358735
vt 0.286614 0.362724
vt 0.468558 0.681460
vt 0.889850 0.769154
vt 0.284747 0.361984
vt 0.286614 0.367468
vt 0.470860 0.679167
vt 0.893810 0.771171
vt 0.284747 0.365324
vt 0.286614 0.371912
vt 0.473912 0.677811
vt 0.898320 0.772140
vt 0.284747 0.369029
vt 0.286614 0.376525
vt 0.477569 0.677220
vt 0.902984 0.772078
vt 0.284747 0.372794
vt 0.286614 0.381189
vt 0.481327 0.677459
vt 0.907408 0.770914
vt 0.284747 0.376298
vt 0.286614 0.385764
vt 0.484668 0.678514
vt 0.911139 0.768494
vt 0.284747 0.379343
vt 0.286614 0.390211
vt 0.487143 0.680289
vt 0.913533 0.764765
vt 0.284747 0.382258
vt 0.286614 0.394643
vt 0.488580 0.682825
vt 0.914338 0.760592
vt 0.284747 0.385510
vt 0.286614 0.398893
vt 0.489023 0.686046
vt 0.914077 0.756471
vt 0.284747 0.388976
vt 0.286614 0.403022
vt 0.488625 0.689490
vt 0.913100 0.752546
vt 0.284747 0.392513
vt 0.286614 0.407067
vt 0.487597 0.692874
vt 0.911568 0.748838
vt 0.284747 0.396066
vt 0.286614 0.411079
vt 0.486075 0.696085
vt 0.909564 0.745438
vt 0.284747 0.399541
vt 0.286614 0.415026
vt 0.484162 0.698986
vt 0.906675 0.741970
vt 0.284747 0.403431
vt 0.286614 0.419539
vt 0.481524 0.701845
vt 0.903689 0.739441
vt 0.284747 0.406771
vt 0.286614 0.423453
vt 0.478870 0.703872
vt 0.900005 0.737266
vt 0.284747 0.410397
vt 0.286614 0.427731
vt 0.475658 0.705556
vt 0.895934 0.735763
vt 0.284747 0.414037
vt 0.286614 0.432069
vt 0.472184 0.706642
vt 0.891238 0.735020
vt 0.284747 0.417961
vt 0.286614 0.436825
vt 0.468283 0.707060
vt 0.887177 0.735214
vt 0.284747 0.421237
vt 0.286614 0.440890
vt 0.465022 0.706740
vt 0.883044 0.736326
vt 0.284747 0.424601
vt 0.286614 0.445170
vt 0.461822 0.705703
vt 0.879326 0.738366
vt 0.284747 0.427912
vt 0.286614 0.449411
vt 0.459004 0.703964
vt 0.876238 0.741195
vt 0.284747 0.431254
vt 0.286614 0.453599
vt 0.456658 0.701585
vt 0.873871 0.744573
vt 0.284747 0.434674
vt 0.286614 0.457724
vt 0.454842 0.698686
vt 0.872200 0.748248
vt 0.284747 0.438156
vt 0.286614 0.461760
vt 0.453565 0.695447
vt 0.871137 0.751943
vt 0.284747 0.441579
vt 0.286614 0.465606
vt 0.452788 0.692113
vt 0.870509 0.755731
vt 0.284747 0.445087
vt 0.286614 0.469446
vt 0.452390 0.688628
vt 0.870242 0.759505
vt 0.284747 0.448593
vt 0.286614 0.473229
vt 0.452320 0.685123
vt 0.870288 0.763272
vt 0.284747 0.452103
vt 0.286614 0.476997
vt 0.452542 0.681619
vt 0.870599 0.766742
vt 0.284747 0.455351
vt 0.286614 0.480480
vt 0.452995 0.678404
vt 0.871267 0.770622
vt 0.284747 0.459005
vt 0.286614 0.484417
vt 0.453796 0.674838
vt 0.872290 0.774420
vt 0.284747 0.462624
vt 0.286614 0.488350
vt 0.454913 0.671397
vt 0.873692 0.778056
vt 0.284747 0.466157
vt 0.286614 0.492247
vt 0.456349 0.668168
vt 0.875499 0.781450
vt 0.284747 0.469572
vt 0.286614 0.496093
vt 0.458104 0.665239
vt 0.877788 0.784572
vt 0.284747 0.472917
vt 0.286614 0.499963
vt 0.460215 0.662643
vt 0.880648 0.787380
vt 0.284747 0.476357
vt 0.286614 0.503972
vt 0.462788 0.660361
vt 0.883899 0.789696
vt 0.284747 0.479804
vt 0.286614 0.507963
vt 0.465693 0.658506
vt 0.887466 0.791531
vt 0.284747 0.483304
vt 0.286614 0.511975
vt 0.468883 0.657065
vt 0.891278 0.792898
vt 0.284747 0.486879
vt 0.286614 0.516025
vt 0.472305 0.656031
vt 0.895270 0.793814
vt 0.284747 0.490531
vt 0.286614 0.520120
vt 0.475902 0.655395
vt 0.899377 0.794295
vt 0.284747 0.494251
vt 0.286614 0.524255
vt 0.479613 0.655151
vt 0.903538 0.794355
vt 0.284747 0.498016
vt 0.286614 0.528417
vt 0.483376 0.655287
vt 0.907694 0.794006
vt 0.284747 0.501801
vt 0.286614 0.532588
vt 0.487127 0.655794
vt 0.911615 0.793299
vt 0.284747 0.505413
vt 0.286614 0.536572
vt 0.490645 0.656615
vt 0.915446 0.792227
vt 0.284747 0.509013
vt 0.286614 0.540550
vt 0.494058 0.657759
vt 0.919155 0.790787
vt 0.284747 0.512604
vt 0.286614 0.544528
vt 0.497335 0.659227
vt 0.923096 0.788751
vt 0.284747 0.516600
vt 0.286614 0.548965
vt 0.500789 0.661239
vt 0.926469 0.786502
vt 0.284747 0.520247
vt 0.286614 0.553019
vt 0.503716 0.663413
vt 0.929558 0.783916
vt 0.284747 0.523870
vt 0.286614 0.557047
vt 0.506373 0.665876
vt 0.932321 0.781028
vt 0.284747 0.527470
vt 0.286614 0.561044
vt 0.508727 0.668600
vt 0.934609 0.778060
vt 0.284747 0.530855
vt 0.286614 0.564791
vt 0.510654 0.671383
vt 0.936713 0.774633
vt 0.284747 0.534506
vt 0.286614 0.568813
vt 0.512405 0.674587
vt 0.938306 0.771363
vt 0.284747 0.537853
vt 0.286614 0.572450
vt 0.513715 0.677666
vt 0.939791 0.767506
vt 0.284747 0.541706
vt 0.286614 0.576584
vt 0.514916 0.681327
vt 0.940883 0.763871
vt 0.284747 0.545278
vt 0.286614 0.580379
vt 0.515769 0.684796
vt 0.941735 0.760198
vt 0.284747 0.548852
vt 0.286614 0.584149
vt 0.516399 0.688314
vt 0.942326 0.756801
vt 0.284747 0.552136
vt 0.286614 0.587597
vt 0.516797 0.691574
vt 0.942789 0.752967
vt 0.284747 0.555825
vt 0.286614 0.591459
vt 0.517053 0.695254
vt 0.943050 0.749127
vt 0.284747 0.559510
vt 0.286614 0.595308
vt 0.517117 0.698939
vt 0.943116 0.745316
vt 0.284747 0.563162
vt 0.286614 0.599119
vt 0.516995 0.702588
vt 0.942992 0.741570
vt 0.284747 0.566750
vt 0.286614 0.602868
vt 0.516696 0.706164
vt 0.942674 0.737808
vt 0.284747 0.570354
vt 0.286614 0.606642
vt 0.516210 0.709735
vt 0.942176 0.734264
vt 0.284747 0.573752
vt 0.286614 0.610222
vt 0.515568 0.713072
vt 0.941457 0.730721
vt 0.284747 0.577159
vt 0.286614 0.613837
vt 0.514721 0.716371
vt 0.940405 0.726947
vt 0.284747 0.580830
vt 0.286614 0.617755
vt 0.513558 0.719853
vt 0.939117 0.723412
vt 0.284747 0.584342
vt 0.286614 0.621517
vt 0.512190 0.723088
vt 0.937554 0.719974
vt 0.284747 0.587868
vt 0.286614 0.625294
vt 0.510570 0.726220
vt 0.935727 0.716645
vt 0.284747 0.591425
vt 0.286614 0.629092
vt 0.508703 0.729248
vt 0.933660 0.713433
vt 0.284747 0.595022
vt 0.286614 0.632911
vt 0.506606 0.732170
vt 0.931387 0.710345
vt 0.284747 0.598658
vt 0.286614 0.636745
vt 0.504304 0.734986
vt 0.928946 0.707382
vt 0.284747 0.602325
vt 0.286614 0.640584
vt 0.501833 0.737694
vt 0.926380 0.704546
vt 0.284747 0.606003
vt 0.286614 0.644409
vt 0.499230 0.740292
vt 0.923903 0.702015
vt 0.284747 0.609416
vt 0.286614 0.647950
vt 0.496722 0.742608
vt 0.921067 0.699338
vt 0.284747 0.613168
vt 0.286614 0.651850
vt 0.493867 0.745041
vt 0.918222 0.696871
vt 0.284747 0.616785
vt 0.286614 0.655616
vt 0.491018 0.747270
vt 0.915258 0.694510
vt 0.284747 0.620423
vt 0.286614 0.659405
vt 0.488061 0.749389
vt 0.912179 0.692266
vt 0.284747 0.624080
vt 0.286614 0.663215
vt 0.485001 0.751390
vt 0.908993 0.690145
vt 0.284747 0.627753
vt 0.286614 0.667043
vt 0.481844 0.753269
vt 0.905708 0.688151
vt 0.284747 0.631443
vt 0.286614 0.670885
vt 0.478597 0.755021
vt 0.902332 0.686289
vt 0.284747 0.635146
vt 0.286614 0.674741
vt 0.475267 0.756643
vt 0.898876 0.684560
vt 0.284747 0.638863
vt 0.286614 0.678605
vt 0.471863 0.758135
vt 0.895347 0.682964
vt 0.284747 0.642591
vt 0.286614 0.682478
vt 0.468393 0.759498
vt 0.892023 0.681604
vt 0.284746 0.646052
vt 0.286614 0.686070
vt 0.465127 0.760645
vt 0.888307 0.680234
vt 0.284747 0.649874
vt 0.286614 0.690030
vt 0.461479 0.761783
vt 0.884544 0.678997
vt 0.284746 0.653701
vt 0.286614 0.693991
vt 0.457788 0.762792
vt 0.880750 0.677891
vt 0.284746 0.657525
vt 0.286614 0.697943
vt 0.454067 0.763676
vt 0.876940 0.676912
vt 0.284746 0.661338
vt 0.286614 0.701877
vt 0.450331 0.764437
vt 0.288331 0.705783
vt 0.872271 0.679407
vt 0.447281 0.768471
vt 0.286464 0.665129
vn -1.000000 0.000000 0.000000
vn -1.000000 0.000000 0.000000
vn -1.000000 0.000000 0.000000
vn -1.000000 0.000000 0.000000
vn 0.000000 -0.322166 0.946683
vn 0.000000 -0.322166 0.946683
vn 0.000000 -0.337438 0.941348
vn 0.000000 -0.337438 0.941348
vn 1.000000 -0.000000 0.000000
vn 1.000000 -0.000000 0.000000
vn 1.000000 -0.000000 0.000000
vn 1.000000 -0.000000 0.000000
vn 0.000000 0.322179 -0.946679
vn 0.000000 0.322179 -0.946679
vn 0.000000 0.337455 -0.941342
vn 0.000000 0.337455 -0.941342
vn -1.000000 -0.000000 0.000000
vn -1.000000 -0.000000 0.000000
vn 0.000000 -0.368404 0.929666
vn 0.000000 -0.368404 0.929666
vn 1.000000 0.000000 0.000000
vn 1.000000 0.000000 0.000000
vn 0.000000 0.368411 -0.929663
vn 0.000000 0.368411 -0.929663
vn -1.000000 -0.000000 0.000000
vn -1.000000 0.000000 0.000000
vn 0.000000 -0.400539 0.916280
vn 0.000000 -0.400539 0.916280
vn 1.000000 0.000000 0.000000
vn 1.000000 0.000000 0.000000
vn 0.000000 0.400555 -0.916273
vn 0.000000 0.400555 -0.916273
vn -1.000000 0.000000 0.000000
vn -1.000000 0.000000 0.000000
vn 0.000000 -0.433672 0.901071
vn 0.000000 -0.433672 0.901071
vn 1.000000 0.000000 0.000000
vn 1.000000 0.000000 0.000000
vn 0.000000 0.433693 -0.901061
vn 0.000000 0.433693 -0.901061
vn -1.000000 0.000000 0.000000
vn -1.000000 0.000000 0.000000
vn 0.000000 -0.466016 0.884776
vn 0.000000 -0.466016 0.884776
vn 1.000000 0.000000 0.000000
vn 1.000000 0.000000 0.000000
vn 0.000000 0.466026 -0.884771
vn 0.000000 0.466026 -0.884771
vn -1.000000 0.000000 0.000000
vn -1.000000 0.000000 0.000000
vn 0.000000 -0.500158 0.865934
vn 0.000000 -0.500158 0.865934
vn 1.000000 0.000000 0.000000
vn 1.000000 0.000000 0.000000
vn 0.000000 0.500168 -0.865929
vn 0.000000 0.500168 -0.865929
vn -1.000000 0.000000 0.000000
vn -1.000000 0.000000 0.000000
vn 0.000000 -0.533026 0.846099
vn 0.000000 -0.533026 0.846099
vn 1.000000 0.000000 0.000000
vn 1.000000 0.000000 0.000000
vn 0.000000 0.533047 -0.846086
vn 0.000000 0.533047 -0.846086
vn -1.000000 0.000000 0.000000
vn -1.000000 -0.000000 0.000000
vn 0.000000 -0.567218 0.823567
vn 0.000000 -0.567218 0.823567
vn 1.000000 0.000000 0.000000
vn 1.000000 0.000000 0.000000
vn 0.000000 0.567235 -0.823556
vn 0.000000 0.567235 -0.823556
vn -1.000000 -0.000000 0.000000
vn -1.000000 -0.000000 0.000000
vn 0.000000 -0.601180 0.799114
vn 0.000000 -0.601180 0.799114
vn 1.000000 -0.000000 0.000000
vn 1.000000 -0.000000 0.000000
vn 0.000000 0.601187 -0.799108
vn 0.000000 0.601187 -0.799108
vn -1.000000 -0.000000 0.000000
vn -1.000000 -0.000000 0.000000
vn 0.000000 -0.634578 0.772859
vn 0.000000 -0.634578 0.772859
vn 1.000000 -0.000000 0.000000
vn 1.000000 -0.000000 0.000000
vn 0.000000 0.634580 -0.772857
vn 0.000000 0.634580 -0.772857
vn -1.000000 -0.000000 0.000000
vn -1.000000 -0.000000 0.000000
vn 0.000000 -0.667087 0.744980
vn 0.000000 -0.667087 0.744980
vn 1.000000 0.000000 0.000000
vn 1.000000 0.000000 0.000000
vn 0.000000 0.667085 -0.744982
vn 0.000000 0.667085 -0.744982
vn -1.000000 0.000000 0.000000
vn -1.000000 0.000000 0.000000
vn 0.000000 -0.698354 0.715752
vn 0.000000 -0.698354 0.715752
vn 1.000000 0.000000 0.000000
vn 1.000000 0.000000 0.000000
vn 0.000000 0.698352 -0.715754
vn 0.000000 0.698352 -0.715754
vn -1.000000 0.000000 0.000000
vn -1.000000 0.000000 0.000000
vn 0.000000 -0.728048 0.685526
vn 0.000000 -0.728048 0.685526
vn 1.000000 -0.000000 0.000000
vn 1.000000 -0.000000 0.000000
vn 0.000000 0.728039 -0.685536
vn 0.000000 0.728039 -0.685536
vn -1.000000 0.000000 0.000000
vn -1.000000 0.000000 0.000000
vn 0.000000 -0.756421 0.654085
vn 0.000000 -0.756421 0.654085
vn 1.000000 0.000000 0.000000
vn 1.000000 0.000000 0.000000
vn 0.000000 0.756407 -0.654101
vn 0.000000 0.756407 -0.654101
vn -1.000000 0.000000 0.000000
vn -1.000000 0.000000 0.000000
vn 0.000000 -0.781437 0.623984
vn 0.000000 -0.781437 0.623984
vn 1.000000 0.000000 0.000000
vn 1.000000 0.000000 0.000000
vn 0.000000 0.781422 -0.624003
vn 0.000000 0.781422 -0.624003
vn -1.000000 0.000000 0.000000
vn -1.000000 0.000000 0.000000
vn 0.000000 -0.805947 0.591988
vn 0.000000 -0.805947 0.591988
vn 1.000000 0.000000 0.000000
vn 1.000000 0.000000 0.000000
vn 0.000000 0.805966 -0.591962
vn 0.000000 0.805966 -0.591962
vn -1.000000 0.000000 0.000000
vn -1.000000 0.000000 0.000000
vn 0.000000 -0.829524 0.558471
vn 0.000000 -0.829524 0.558471
vn 1.000000 -0.000000 0.000000
vn 1.000000 -0.000000 0.000000
vn 0.000000 0.829579 -0.558389
vn 0.000000 0.829579 -0.558389
vn -1.000000 0.000000 0.000000
vn -1.000000 0.000000 0.000000
vn 0.000000 -0.855856 0.517213
vn 0.000000 -0.855856 0.517213
vn 1.000000 -0.000000 0.000000
vn 1.000000 -0.000000 0.000000
vn 0.000000 0.855919 -0.517109
vn 0.000000 0.855919 -0.517109
vn -1.000000 0.000000 0.000000
vn -1.000000 0.000000 0.000000
vn 0.000000 -0.883687 0.468078
vn 0.000000 -0.883687 0.468078
vn 1.000000 0.000000 0.000000
vn 1.000000 0.000000 0.000000
vn 0.000000 0.883751 -0.467958
vn 0.000000 0.883751 -0.467958
vn -1.000000 0.000000 0.000000
vn -1.000000 0.000000 0.000000
vn 0.000000 -0.911590 0.411100
vn 0.000000 -0.911590 0.411100
vn 1.000000 -0.000000 0.000000
vn 1.000000 0.000000 0.000000
vn 0.000000 0.911640 -0.410989
vn 0.000000 0.911640 -0.410989
vn -1.000000 0.000000 0.000000
vn -1.000000 0.000000 0.000000
vn 0.000000 -0.937743 0.347330
vn 0.000000 -0.937743 0.347330
vn 1.000000 -0.000000 0.000000
vn 1.000000 -0.000000 0.000000
vn 0.000000 0.937773 -0.347248
vn 0.000000 0.937773 -0.347248
vn -1.000000 0.000000 0.000000
vn -1.000000 0.000000 0.000000
vn 0.000000 -0.960295 0.278987
vn 0.000000 -0.960295 0.278987
vn 1.000000 -0.000000 0.000000
vn 1.000000 -0.000000 0.000000
vn 0.000000 0.960295 -0.278987
vn 0.000000 0.960295 -0.278987
vn -1.000000 0.000000 0.000000
vn -1.000000 0.000000 0.000000
vn 0.000000 -0.978183 0.207747
vn 0.000000 -0.978183 0.207747
vn 1.000000 -0.000000 0.000000
vn 1.000000 -0.000000 0.000000
vn 0.000000 0.978165 -0.207830
vn 0.000000 0.978165 -0.207830
vn -1.000000 0.000000 0.000000
vn -1.000000 0.000000 0.000000
vn 0.000000 -0.989949 0.141424
vn 0.000000 -0.989949 0.141424
vn 1.000000 -0.000000 0.000000
vn 1.000000 -0.000000 0.000000
vn 0.000000 0.989930 -0.141555
vn 0.000000 0.989930 -0.141555
vn -1.000000 0.000000 0.000000
vn -1.000000 0.000000 0.000000
vn 0.000000 -0.996869 0.079073
vn 0.000000 -0.996869 0.079073
vn 1.000000 0.000000 0.000000
vn 1.000000 -0.000000 0.000000
vn 0.000000 0.996858 -0.079211
vn 0.000000 0.996858 -0.079211
vn -1.000000 0.000000 0.000000
vn -1.000000 0.000000 0.000000
vn 0.000000 -0.999698 0.024560
vn 0.000000 -0.999698 0.024560
vn 1.000000 -0.000000 0.000000
vn 1.000000 0.000000 0.000000
vn 0.000000 0.999696 -0.024655
vn 0.000000 0.999696 -0.024655
vn -1.000000 0.000000 0.000000
vn -1.000000 0.000000 0.000000
vn 0.000000 -0.999710 -0.024071
vn 0.000000 -0.999710 -0.024071
vn 1.000000 -0.000000 0.000000
vn 1.000000 0.000000 0.000000
vn 0.000000 0.999711 0.024036
vn 0.000000 0.999711 0.024036
vn -1.000000 0.000000 0.000000
vn -1.000000 0.000000 0.000000
vn 0.000000 -0.997439 -0.071528
vn 0.000000 -0.997439 -0.071528
vn 1.000000 0.000000 0.000000
vn 1.000000 0.000000 0.000000
vn 0.000000 0.997439 0.071519
vn 0.000000 0.997439 0.071519
vn -1.000000 0.000000 0.000000
vn -1.000000 0.000000 0.000000
vn 0.000000 -0.993015 -0.117988
vn 0.000000 -0.993015 -0.117988
vn 1.000000 0.000000 0.000000
vn 1.000000 0.000000 0.000000
vn 0.000000 0.993014 0.117995
vn 0.000000 0.993014 0.117995
vn -1.000000 0.000000 0.000000
vn -1.000000 0.000000 0.000000
vn 0.000000 -0.986250 -0.165262
vn 0.000000 -0.986250 -0.165262
vn 1.000000 0.000000 0.000000
vn 1.000000 0.000000 0.000000
vn 0.000000 0.986245 0.165290
vn 0.000000 0.986245 0.165290
vn -1.000000 -0.000000 0.000000
vn -1.000000 -0.000000 0.000000
vn 0.000000 -0.977334 -0.211705
vn 0.000000 -0.977334 -0.211705
vn 1.000000 0.000000 0.000000
vn 1.000000 0.000000 0.000000
vn 0.000000 0.977324 0.211750
vn 0.000000 0.977324 0.211750
vn -1.000000 0.000000 0.000000
vn -1.000000 -0.000000 0.000000
vn 0.000000 -0.964768 -0.263103
vn 0.000000 -0.964768 -0.263103
vn 1.000000 0.000000 0.000000
vn 1.000000 0.000000 0.000000
vn 0.000000 0.964746 0.263185
vn 0.000000 0.964746 0.263185
vn -1.000000 -0.000000 0.000000
vn -1.000000 0.000000 0.000000
vn 0.000000 -0.948818 -0.315822
vn 0.000000 -0.948818 -0.315822
vn 1.000000 0.000000 0.000000
vn 1.000000 0.000000 0.000000
vn 0.000000 0.948774 0.315955
vn 0.000000 0.948774 0.315955
vn -1.000000 -0.000000 0.000000
vn -1.000000 -0.000000 0.000000
vn 0.000000 -0.925355 -0.379101
vn 0.000000 -0.925355 -0.379101
vn 1.000000 -0.000000 0.000000
vn 1.000000 -0.000000 0.000000
vn 0.000000 0.925266 0.379319
vn 0.000000 0.925266 0.379319
vn -1.000000 0.000000 0.000000
vn -1.000000 0.000000 0.000000
vn 0.000000 -0.895401 -0.445261
vn 0.000000 -0.895401 -0.445261
vn 1.000000 -0.000000 0.000000
vn 1.000000 0.000000 0.000000
vn 0.000000 0.895243 0.445579
vn 0.000000 0.895243 0.445579
vn -1.000000 0.000000 0.000000
vn -1.000000 0.000000 0.000000
vn 0.000000 -0.850115 -0.526597
vn 0.000000 -0.850115 -0.526597
vn 1.000000 0.000000 0.000000
vn 1.000000 0.000000 0.000000
vn 0.000000 0.849904 0.526937
vn 0.000000 0.849904 0.526937
vn -1.000000 0.000000 0.000000
vn -1.000000 0.000000 0.000000
vn 0.000000 -0.796150 -0.605099
vn 0.000000 -0.796150 -0.605099
vn 1.000000 0.000000 0.000000
vn 1.000000 0.000000 0.000000
vn 0.000000 0.796042 0.605241
vn 0.000000 0.796042 0.605241
vn -1.000000 0.000000 0.000000
vn -1.000000 0.000000 0.000000
vn 0.000000 -0.725603 -0.688114
vn 0.000000 -0.725603 -0.688114
vn 1.000000 -0.000000 0.000000
vn 1.000000 -0.000000 0.000000
vn 0.000000 0.725534 0.688187
vn 0.000000 0.725534 0.688187
vn -1.000000 -0.000000 0.000000
vn -1.000000 -0.000000 0.000000
vn 0.000000 -0.647362 -0.762183
vn 0.000000 -0.647362 -0.762183
vn 1.000000 -0.000000 0.000000
vn 1.000000 -0.000000 0.000000
vn 0.000000 0.647322 0.762217
vn 0.000000 0.647322 0.762217
vn -1.000000 -0.000000 0.000000
vn -1.000000 -0.000000 0.000000
vn 0.000000 -0.557990 -0.829848
vn 0.000000 -0.557990 -0.829848
vn 1.000000 0.000000 0.000000
vn 1.000000 0.000000 0.000000
vn 0.000000 0.557991 0.829847
vn 0.000000 0.557991 0.829847
vn -1.000000 -0.000000 0.000000
vn -1.000000 -0.000000 0.000000
vn 0.000000 -0.457389 -0.889267
vn 0.000000 -0.457389 -0.889267
vn 1.000000 0.000000 0.000000
vn 1.000000 -0.000000 0.000000
vn 0.000000 0.457436 0.889242
vn 0.000000 0.457436 0.889242
vn -1.000000 0.000000 0.000000
vn -1.000000 0.000000 0.000000
vn 0.000000 -0.357942 -0.933744
vn 0.000000 -0.357942 -0.933744
vn 1.000000 -0.000000 0.000000
vn 1.000000 -0.000000 0.000000
vn 0.000000 0.358015 0.933716
vn 0.000000 0.358015 0.933716
vn -1.000000 -0.000000 0.000000
vn -1.000000 0.000000 0.000000
vn 0.000000 -0.251787 -0.967783
vn 0.000000 -0.251787 -0.967783
vn 1.000000 -0.000000 0.000000
vn 1.000000 -0.000000 0.000000
vn 0.000000 0.251862 0.967763
vn 0.000000 0.251862 0.967763
vn -1.000000 -0.000000 0.000000
vn -1.000000 -0.000000 0.000000
vn 0.000000 -0.151151 -0.988511
vn 0.000000 -0.151151 -0.988511
vn 1.000000 -0.000000 0.000000
vn 1.000000 -0.000000 0.000000
vn 0.000000 0.151226 0.988499
vn 0.000000 0.151226 0.988499
vn -1.000000 0.000000 0.000000
vn -1.000000 0.000000 0.000000
vn 0.000000 -0.048789 -0.998809
vn 0.000000 -0.048789 -0.998809
vn 1.000000 -0.000000 0.000000
vn 1.000000 -0.000000 0.000000
vn 0.000000 0.048811 0.998808
vn 0.000000 0.048811 0.998808
vn -1.000000 0.000000 0.000000
vn -1.000000 0.000000 0.000000
vn 0.000000 0.053730 -0.998555
vn 0.000000 0.053730 -0.998555
vn 1.000000 0.000000 0.000000
vn 1.000000 0.000000 0.000000
vn 0.000000 -0.053833 0.998550
vn 0.000000 -0.053833 0.998550
vn -1.000000 0.000000 0.000000
vn -1.000000 0.000000 0.000000
vn 0.000000 0.160541 -0.987029
vn 0.000000 0.160541 -0.987029
vn 1.000000 0.000000 0.000000
vn 1.000000 0.000000 0.000000
vn 0.000000 -0.160749 0.986995
vn 0.000000 -0.160749 0.986995
vn -1.000000 0.000000 0.000000
vn -1.000000 0.000000 0.000000
vn 0.000000 0.270702 -0.962663
vn 0.000000 0.270702 -0.962663
vn 1.000000 -0.000000 0.000000
vn 1.000000 -0.000000 0.000000
vn 0.000000 -0.271016 0.962575
vn 0.000000 -0.271016 0.962575
vn -1.000000 -0.000000 0.000000
vn -1.000000 -0.000000 0.000000
vn 0.000000 0.384651 -0.923062
vn 0.000000 0.384651 -0.923062
vn 1.000000 -0.000000 0.000000
vn 1.000000 -0.000000 0.000000
vn 0.000000 -0.385057 0.922893
vn 0.000000 -0.385057 0.922893
vn -1.000000 0.000000 0.000000
vn -1.000000 0.000000 0.000000
vn 0.000000 0.501562 -0.865122
vn 0.000000 0.501562 -0.865122
vn 1.000000 0.000000 0.000000
vn 1.000000 0.000000 0.000000
vn 0.000000 -0.502008 0.864863
vn 0.000000 -0.502008 0.864863
vn -1.000000 0.000000 0.000000
vn -1.000000 0.000000 0.000000
vn 0.000000 0.618678 -0.785645
vn 0.000000 0.618678 -0.785645
vn 1.000000 0.000000 0.000000
vn 1.000000 0.000000 0.000000
vn 0.000000 -0.619074 0.785333
vn 0.000000 -0.619074 0.785333
vn -1.000000 0.000000 0.000000
vn -1.000000 -0.000000 0.000000
vn 0.000000 0.730873 -0.682513
vn 0.000000 0.730873 -0.682513
vn 1.000000 0.000000 0.000000
vn 1.000000 0.000000 0.000000
vn 0.000000 -0.731103 0.682267
vn 0.000000 -0.731103 0.682267
vn -1.000000 -0.000000 0.000000
vn -1.000000 0.000000 0.000000
vn 0.000000 0.828343 -0.560222
vn 0.000000 0.828343 -0.560222
vn 1.000000 0.000000 0.000000
vn 1.000000 0.000000 0.000000
vn 0.000000 -0.828108 0.560568
vn 0.000000 -0.828108 0.560568
vn -1.000000 0.000000 0.000000
vn -1.000000 0.000000 0.000000
vn 0.000000 0.902430 -0.430837
vn 0.000000 0.902430 -0.430837
vn 1.000000 0.000000 0.000000
vn 1.000000 0.000000 0.000000
vn 0.000000 -0.901907 0.431930
vn 0.000000 -0.901907 0.431930
vn -1.000000 -0.000000 0.000000
vn -1.000000 -0.000000 0.000000
vn 0.000000 0.949345 -0.314237
vn 0.000000 0.949345 -0.314237
vn 1.000000 0.000000 0.000000
vn 1.000000 0.000000 0.000000
vn 0.000000 -0.949092 0.314998
vn 0.000000 -0.949092 0.314998
vn -1.000000 -0.000000 0.000000
vn -1.000000 0.000000 0.000000
vn 0.000000 0.977162 -0.212497
vn 0.000000 0.977162 -0.212497
vn 1.000000 0.000000 0.000000
vn 1.000000 0.000000 0.000000
vn 0.000000 -0.977060 0.212964
vn 0.000000 -0.977060 0.212964
vn -1.000000 0.000000 0.000000
vn -1.000000 0.000000 0.000000
vn 0.000000 0.992513 -0.122135
vn 0.000000 0.992513 -0.122135
vn 1.000000 0.000000 0.000000
vn 1.000000 0.000000 0.000000
vn 0.000000 -0.992481 0.122396
vn 0.000000 -0.992481 0.122396
vn -1.000000 0.000000 0.000000
vn -1.000000 0.000000 0.000000
vn 0.000000 0.999025 -0.044150
vn 0.000000 0.999025 -0.044150
vn 1.000000 0.000000 0.000000
vn 1.000000 0.000000 0.000000
vn 0.000000 -0.999020 0.044254
vn 0.000000 -0.999020 0.044254
vn -1.000000 0.000000 0.000000
vn -1.000000 0.000000 0.000000
vn 0.000000 0.999465 0.032713
vn 0.000000 0.999465 0.032713
vn 1.000000 0.000000 0.000000
vn 1.000000 0.000000 0.000000
vn 0.000000 -0.999464 -0.032727
vn 0.000000 -0.999464 -0.032727
vn -1.000000 0.000000 0.000000
vn -1.000000 0.000000 0.000000
vn 0.000000 0.994431 0.105388
vn 0.000000 0.994431 0.105388
vn 1.000000 0.000000 0.000000
vn 1.000000 0.000000 0.000000
vn 0.000000 -0.994416 -0.105535
vn 0.000000 -0.994416 -0.105535
vn -1.000000 0.000000 0.000000
vn -1.000000 0.000000 0.000000
vn 0.000000 0.982403 0.186774
vn 0.000000 0.982403 0.186774
vn 1.000000 0.000000 0.000000
vn 1.000000 0.000000 0.000000
vn 0.000000 -0.982324 -0.187188
vn 0.000000 -0.982324 -0.187188
vn -1.000000 0.000000 0.000000
vn -1.000000 0.000000 0.000000
vn 0.000000 0.959627 0.281277
vn 0.000000 0.959627 0.281277
vn 1.000000 0.000000 0.000000
vn 1.000000 0.000000 0.000000
vn 0.000000 -0.959370 -0.282152
vn 0.000000 -0.959370 -0.282152
vn -1.000000 0.000000 0.000000
vn -1.000000 0.000000 0.000000
vn 0.000000 0.917022 0.398838
vn 0.000000 0.917022 0.398838
vn 1.000000 0.000000 0.000000
vn 1.000000 0.000000 0.000000
vn 0.000000 -0.916427 -0.400202
vn 0.000000 -0.916427 -0.400202
vn -1.000000 0.000000 0.000000
vn -1.000000 0.000000 0.000000
vn 0.000000 0.843136 0.537700
vn 0.000000 0.843136 0.537700
vn 1.000000 0.000000 0.000000
vn 1.000000 0.000000 0.000000
vn 0.000000 -0.841869 -0.539682
vn 0.000000 -0.841869 -0.539682
vn -1.000000 0.000000 0.000000
vn -1.000000 0.000000 0.000000
vn 0.000000 0.721051 0.692882
vn 0.000000 0.721051 0.692882
vn 1.000000 0.000000 0.000000
vn 1.000000 0.000000 0.000000
vn 0.000000 -0.719116 -0.694891
vn 0.000000 -0.719116 -0.694891
vn -1.000000 -0.000000 0.000000
vn -1.000000 -0.000000 0.000000
vn 0.000000 0.540910 0.841081
vn 0.000000 0.540910 0.841081
vn 1.000000 0.000000 0.000000
vn 1.000000 0.000000 0.000000
vn 0.000000 -0.539424 -0.842034
vn 0.000000 -0.539424 -0.842034
vn -1.000000 -0.000000 0.000000
vn -1.000000 -0.000000 0.000000
vn 0.000000 0.312957 0.949767
vn 0.000000 0.312957 0.949767
vn 1.000000 -0.000000 0.000000
vn 1.000000 -0.000000 0.000000
vn 0.000000 -0.313475 -0.949596
vn 0.000000 -0.313475 -0.949596
vn -1.000000 0.000000 0.000000
vn -1.000000 0.000000 0.000000
vn 0.000000 0.077126 0.997021
vn 0.000000 0.077126 0.997021
vn 1.000000 0.000000 0.000000
vn 1.000000 0.000000 0.000000
vn 0.000000 -0.079005 -0.996874
vn 0.000000 -0.079005 -0.996874
vn -1.000000 -0.000000 0.000000
vn -1.000000 -0.000000 0.000000
vn 0.000000 -0.159658 0.987172
vn 0.000000 -0.159658 0.987172
vn 1.000000 -0.000000 0.000000
vn 1.000000 -0.000000 0.000000
vn 0.000000 0.157952 -0.987447
vn 0.000000 0.157952 -0.987447
vn -1.000000 -0.000000 0.000000
vn -1.000000 -0.000000 0.000000
vn 0.000000 -0.352833 0.935686
vn 0.000000 -0.352833 0.935686
vn 1.000000 0.000000 0.000000
vn 1.000000 -0.000000 0.000000
vn 0.000000 0.351732 -0.936101
vn 0.000000 0.351732 -0.936101
vn -1.000000 0.000000 0.000000
vn -1.000000 0.000000 0.000000
vn 0.000000 -0.532305 0.846552
vn 0.000000 -0.532305 0.846552
vn 1.000000 -0.000000 0.000000
vn 1.000000 0.000000 0.000000
vn 0.000000 0.531775 -0.846886
vn 0.000000 0.531775 -0.846886
vn -1.000000 0.000000 0.000000
vn -1.000000 -0.000000 0.000000
vn 0.000000 -0.671696 0.740827
vn 0.000000 -0.671696 0.740827
vn 1.000000 -0.000000 0.000000
vn 1.000000 -0.000000 0.000000
vn 0.000000 0.671394 -0.741101
vn 0.000000 0.671394 -0.741101
vn -1.000000 -0.000000 0.000000
vn -1.000000 -0.000000 0.000000
vn 0.000000 -0.793957 0.607974
vn 0.000000 -0.793957 0.607974
vn 1.000000 0.000000 0.000000
vn 1.000000 0.000000 0.000000
vn 0.000000 0.793598 -0.608442
vn 0.000000 0.793598 -0.608442
vn -1.000000 -0.000000 0.000000
vn -1.000000 -0.000000 0.000000
vn 0.000000 -0.877050 0.480400
vn 0.000000 -0.877050 0.480400
vn 1.000000 0.000000 0.000000
vn 1.000000 0.000000 0.000000
vn 0.000000 0.876543 -0.481324
vn 0.000000 0.876543 -0.481324
vn -1.000000 0.000000 0.000000
vn -1.000000 0.000000 0.000000
vn 0.000000 -0.938785 0.344503
vn 0.000000 -0.938785 0.344503
vn 1.000000 0.000000 0.000000
vn 1.000000 0.000000 0.000000
vn 0.000000 0.938695 -0.344750
vn 0.000000 0.938695 -0.344750
vn -1.000000 -0.000000 0.000000
vn -1.000000 -0.000000 0.000000
vn 0.000000 -0.976492 0.215553
vn 0.000000 -0.976492 0.215553
vn 1.000000 0.000000 0.000000
vn 1.000000 0.000000 0.000000
vn 0.000000 0.976625 -0.214951
vn 0.000000 0.976625 -0.214951
vn -1.000000 -0.000000 0.000000
vn -1.000000 -0.000000 0.000000
vn 0.000000 -0.997859 0.065403
vn 0.000000 -0.997859 0.065403
vn 1.000000 -0.000000 0.000000
vn 1.000000 0.000000 0.000000
vn 0.000000 0.998009 -0.063076
vn 0.000000 0.998009 -0.063076
vn -1.000000 -0.000000 0.000000
vn -1.000000 -0.000000 0.000000
vn 0.000000 -0.991311 -0.131536
vn 0.000000 -0.991311 -0.131536
vn 1.000000 -0.000000 0.000000
vn 1.000000 -0.000000 0.000000
vn 0.000000 0.990290 0.139016
vn 0.000000 0.990290 0.139016
vn -1.000000 -0.000000 0.000000
vn -1.000000 -0.000000 0.000000
vn 0.000000 -0.912175 -0.409800
vn 0.000000 -0.912175 -0.409800
vn 1.000000 -0.000000 0.000000
vn 1.000000 -0.000000 0.000000
vn 0.000000 0.904803 0.425830
vn 0.000000 0.904803 0.425830
vn -1.000000 0.000000 0.000000
vn -1.000000 0.000000 0.000000
vn 0.000000 -0.671057 -0.741406
vn 0.000000 -0.671057 -0.741406
vn 1.000000 0.000000 0.000000
vn 1.000000 0.000000 0.000000
vn 0.000000 0.674154 0.738591
vn 0.000000 0.674154 0.738591
vn -1.000000 -0.000000 0.000000
vn -1.000000 -0.000000 0.000000
vn 0.000000 -0.333843 -0.942629
vn 0.000000 -0.333843 -0.942629
vn 1.000000 0.000000 0.000000
vn 1.000000 0.000000 0.000000
vn 0.000000 0.345689 0.938349
vn 0.000000 0.345689 0.938349
vn -1.000000 -0.000000 0.000000
vn -1.000000 -0.000000 0.000000
vn 0.000000 -0.048486 -0.998824
vn 0.000000 -0.048486 -0.998824
vn 1.000000 0.000000 0.000000
vn 1.000000 0.000000 0.000000
vn 0.000000 0.053170 0.998585
vn 0.000000 0.053170 0.998585
vn -1.000000 0.000000 0.000000
vn -1.000000 0.000000 0.000000
vn 0.000000 0.195360 -0.980732
vn 0.000000 0.195360 -0.980732
vn 1.000000 -0.000000 0.000000
vn 1.000000 -0.000000 0.000000
vn 0.000000 -0.195793 0.980645
vn 0.000000 -0.195793 0.980645
vn -1.000000 -0.000000 0.000000
vn -1.000000 -0.000000 0.000000
vn 0.000000 0.431528 -0.902100
vn 0.000000 0.431528 -0.902100
vn 1.000000 -0.000000 0.000000
vn 1.000000 -0.000000 0.000000
vn 0.000000 -0.437057 0.899434
vn 0.000000 -0.437057 0.899434
vn -1.000000 -0.000000 0.000000
vn -1.000000 -0.000000 0.000000
vn 0.000000 0.696706 -0.717356
vn 0.000000 0.696706 -0.717356
vn 1.000000 0.000000 0.000000
vn 1.000000 0.000000 0.000000
vn 0.000000 -0.704936 0.709271
vn 0.000000 -0.704936 0.709271
vn -1.000000 -0.000000 0.000000
vn -1.000000 0.000000 0.000000
vn 0.000000 0.924998 -0.379971
vn 0.000000 0.924998 -0.379971
vn 1.000000 0.000000 0.000000
vn 1.000000 0.000000 0.000000
vn 0.000000 -0.934308 0.356466
vn 0.000000 -0.934308 0.356466
vn -1.000000 0.000000 0.000000
vn -1.000000 0.000000 0.000000
vn 0.000000 0.976998 0.213250
vn 0.000000 0.976998 0.213250
vn 1.000000 0.000000 0.000000
vn 1.000000 0.000000 0.000000
vn 0.000000 -0.974223 -0.225589
vn 0.000000 -0.974223 -0.225589
vn -1.000000 0.000000 0.000000
vn -1.000000 0.000000 0.000000
vn 0.000000 0.665128 0.746730
vn 0.000000 0.665128 0.746730
vn 1.000000 0.000000 0.000000
vn 1.000000 0.000000 0.000000
vn 0.000000 -0.696674 -0.717387
vn 0.000000 -0.696674 -0.717387
vn -1.000000 0.000000 0.000000
vn -1.000000 0.000000 0.000000
vn 0.000000 0.292817 0.956168
vn 0.000000 0.292817 0.956168
vn 1.000000 0.000000 0.000000
vn 1.000000 0.000000 0.000000
vn 0.000000 -0.310128 -0.950695
vn 0.000000 -0.310128 -0.950695
vn -1.000000 0.000000 0.000000
vn -1.000000 0.000000 0.000000
vn 0.000000 0.159431 0.987209
vn 0.000000 0.159431 0.987209
vn 1.000000 0.000000 0.000000
vn 1.000000 0.000000 0.000000
vn 0.000000 -0.161612 -0.986854
vn 0.000000 -0.161612 -0.986854
vn 0.000000 0.998359 -0.057269
vn 0.000000 0.998359 -0.057269
vn 0.000000 0.998359 -0.057269
vn 0.000000 0.998359 -0.057269
s 1
g Barras Barras1 group6 sweep4
usemtl initialShadingGroup
f 1671/3354/2151 1672/2625/2152 1676/3351/2153 1675/2627/2154
s 2
f 1672/3355/2155 1673/2628/2156 1677/3349/2157 1676/2626/2158
s 3
f 1673/3353/2159 1674/2630/2160 1678/3348/2161 1677/2629/2162
s 4
f 1674/3352/2163 1671/2624/2164 1675/3350/2165 1678/2631/2166
s 1
f 1675/2627/2154 1676/3351/2153 1680/3347/2167 1679/2633/2168
s 2
f 1676/2626/2158 1677/3349/2157 1681/3345/2169 1680/2632/2170
s 3
f 1677/2629/2162 1678/3348/2161 1682/3344/2171 1681/2634/2172
s 4
f 1678/2631/2166 1675/3350/2165 1679/3346/2173 1682/2635/2174
s 1
f 1679/2633/2168 1680/3347/2167 1684/3343/2175 1683/2637/2176
s 2
f 1680/2632/2170 1681/3345/2169 1685/3341/2177 1684/2636/2178
s 3
f 1681/2634/2172 1682/3344/2171 1686/3340/2179 1685/2638/2180
s 4
f 1682/2635/2174 1679/3346/2173 1683/3342/2181 1686/2639/2182
s 1
f 1683/2637/2176 1684/3343/2175 1688/3339/2183 1687/2641/2184
s 2
f 1684/2636/2178 1685/3341/2177 1689/3337/2185 1688/2640/2186
s 3
f 1685/2638/2180 1686/3340/2179 1690/3336/2187 1689/2642/2188
s 4
f 1686/2639/2182 1683/3342/2181 1687/3338/2189 1690/2643/2190
s 1
f 1687/2641/2184 1688/3339/2183 1692/3335/2191 1691/2645/2192
s 2
f 1688/2640/2186 1689/3337/2185 1693/3333/2193 1692/2644/2194
s 3
f 1689/2642/2188 1690/3336/2187 1694/3332/2195 1693/2646/2196
s 4
f 1690/2643/2190 1687/3338/2189 1691/3334/2197 1694/2647/2198
s 1
f 1691/2645/2192 1692/3335/2191 1696/3331/2199 1695/2649/2200
s 2
f 1692/2644/2194 1693/3333/2193 1697/3329/2201 1696/2648/2202
s 3
f 1693/2646/2196 1694/3332/2195 1698/3328/2203 1697/2650/2204
s 4
f 1694/2647/2198 1691/3334/2197 1695/3330/2205 1698/2651/2206
s 1
f 1695/2649/2200 1696/3331/2199 1700/3327/2207 1699/2653/2208
s 2
f 1696/2648/2202 1697/3329/2201 1701/3325/2209 1700/2652/2210
s 3
f 1697/2650/2204 1698/3328/2203 1702/3324/2211 1701/2654/2212
s 4
f 1698/2651/2206 1695/3330/2205 1699/3326/2213 1702/2655/2214
s 1
f 1699/2653/2208 1700/3327/2207 1704/3323/2215 1703/2657/2216
s 2
f 1700/2652/2210 1701/3325/2209 1705/3321/2217 1704/2656/2218
s 3
f 1701/2654/2212 1702/3324/2211 1706/3320/2219 1705/2658/2220
s 4
f 1702/2655/2214 1699/3326/2213 1703/3322/2221 1706/2659/2222
s 1
f 1703/2657/2216 1704/3323/2215 1708/3319/2223 1707/2661/2224
s 2
f 1704/2656/2218 1705/3321/2217 1709/3317/2225 1708/2660/2226
s 3
f 1705/2658/2220 1706/3320/2219 1710/3316/2227 1709/2662/2228
s 4
f 1706/2659/2222 1703/3322/2221 1707/3318/2229 1710/2663/2230
s 1
f 1707/2661/2224 1708/3319/2223 1712/3315/2231 1711/2665/2232
s 2
f 1708/2660/2226 1709/3317/2225 1713/3313/2233 1712/2664/2234
s 3
f 1709/2662/2228 1710/3316/2227 1714/3312/2235 1713/2666/2236
s 4
f 1710/2663/2230 1707/3318/2229 1711/3314/2237 1714/2667/2238
s 1
f 1711/2665/2232 1712/3315/2231 1716/3311/2239 1715/2669/2240
s 2
f 1712/2664/2234 1713/3313/2233 1717/3309/2241 1716/2668/2242
s 3
f 1713/2666/2236 1714/3312/2235 1718/3308/2243 1717/2670/2244
s 4
f 1714/2667/2238 1711/3314/2237 1715/3310/2245 1718/2671/2246
s 1
f 1715/2669/2240 1716/3311/2239 1720/3307/2247 1719/2673/2248
s 2
f 1716/2668/2242 1717/3309/2241 1721/3305/2249 1720/2672/2250
s 3
f 1717/2670/2244 1718/3308/2243 1722/3304/2251 1721/2674/2252
s 4
f 1718/2671/2246 1715/3310/2245 1719/3306/2253 1722/2675/2254
s 1
f 1719/2673/2248 1720/3307/2247 1724/3303/2255 1723/2677/2256
s 2
f 1720/2672/2250 1721/3305/2249 1725/3301/2257 1724/2676/2258
s 3
f 1721/2674/2252 1722/3304/2251 1726/3300/2259 1725/2678/2260
s 4
f 1722/2675/2254 1719/3306/2253 1723/3302/2261 1726/2679/2262
s 1
f 1723/2677/2256 1724/3303/2255 1728/3299/2263 1727/2681/2264
s 2
f 1724/2676/2258 1725/3301/2257 1729/3297/2265 1728/2680/2266
s 3
f 1725/2678/2260 1726/3300/2259 1730/3296/2267 1729/2682/2268
s 4
f 1726/2679/2262 1723/3302/2261 1727/3298/2269 1730/2683/2270
s 1
f 1727/2681/2264 1728/3299/2263 1732/3295/2271 1731/2685/2272
s 2
f 1728/2680/2266 1729/3297/2265 1733/3293/2273 1732/2684/2274
s 3
f 1729/2682/2268 1730/3296/2267 1734/3292/2275 1733/2686/2276
s 4
f 1730/2683/2270 1727/3298/2269 1731/3294/2277 1734/2687/2278
s 1
f 1731/2685/2272 1732/3295/2271 1736/3291/2279 1735/2689/2280
s 2
f 1732/2684/2274 1733/3293/2273 1737/3289/2281 1736/2688/2282
s 3
f 1733/2686/2276 1734/3292/2275 1738/3288/2283 1737/2690/2284
s 4
f 1734/2687/2278 1731/3294/2277 1735/3290/2285 1738/2691/2286
s 1
f 1735/2689/2280 1736/3291/2279 1740/3287/2287 1739/2693/2288
s 2
f 1736/2688/2282 1737/3289/2281 1741/3285/2289 1740/2692/2290
s 3
f 1737/2690/2284 1738/3288/2283 1742/3284/2291 1741/2694/2292
s 4
f 1738/2691/2286 1735/3290/2285 1739/3286/2293 1742/2695/2294
s 1
f 1739/2693/2288 1740/3287/2287 1744/3283/2295 1743/2697/2296
s 2
f 1740/2692/2290 1741/3285/2289 1745/3281/2297 1744/2696/2298
s 3
f 1741/2694/2292 1742/3284/2291 1746/3280/2299 1745/2698/2300
s 4
f 1742/2695/2294 1739/3286/2293 1743/3282/2301 1746/2699/2302
s 1
f 1743/2697/2296 1744/3283/2295 1748/3279/2303 1747/2701/2304
s 2
f 1744/2696/2298 1745/3281/2297 1749/3277/2305 1748/2700/2306
s 3
f 1745/2698/2300 1746/3280/2299 1750/3276/2307 1749/2702/2308
s 4
f 1746/2699/2302 1743/3282/2301 1747/3278/2309 1750/2703/2310
s 1
f 1747/2701/2304 1748/3279/2303 1752/3275/2311 1751/2705/2312
s 2
f 1748/2700/2306 1749/3277/2305 1753/3273/2313 1752/2704/2314
s 3
f 1749/2702/2308 1750/3276/2307 1754/3272/2315 1753/2706/2316
s 4
f 1750/2703/2310 1747/3278/2309 1751/3274/2317 1754/2707/2318
s 1
f 1751/2705/2312 1752/3275/2311 1756/3271/2319 1755/2709/2320
s 2
f 1752/2704/2314 1753/3273/2313 1757/3269/2321 1756/2708/2322
s 3
f 1753/2706/2316 1754/3272/2315 1758/3268/2323 1757/2710/2324
s 4
f 1754/2707/2318 1751/3274/2317 1755/3270/2325 1758/2711/2326
s 1
f 1755/2709/2320 1756/3271/2319 1760/3267/2327 1759/2713/2328
s 2
f 1756/2708/2322 1757/3269/2321 1761/3265/2329 1760/2712/2330
s 3
f 1757/2710/2324 1758/3268/2323 1762/3264/2331 1761/2714/2332
s 4
f 1758/2711/2326 1755/3270/2325 1759/3266/2333 1762/2715/2334
s 1
f 1759/2713/2328 1760/3267/2327 1764/3263/2335 1763/2717/2336
s 2
f 1760/2712/2330 1761/3265/2329 1765/3261/2337 1764/2716/2338
s 3
f 1761/2714/2332 1762/3264/2331 1766/3260/2339 1765/2718/2340
s 4
f 1762/2715/2334 1759/3266/2333 1763/3262/2341 1766/2719/2342
s 1
f 1763/2717/2336 1764/3263/2335 1768/3259/2343 1767/2721/2344
s 2
f 1764/2716/2338 1765/3261/2337 1769/3257/2345 1768/2720/2346
s 3
f 1765/2718/2340 1766/3260/2339 1770/3256/2347 1769/2722/2348
s 4
f 1766/2719/2342 1763/3262/2341 1767/3258/2349 1770/2723/2350
s 1
f 1767/2721/2344 1768/3259/2343 1772/3255/2351 1771/2725/2352
s 2
f 1768/2720/2346 1769/3257/2345 1773/3253/2353 1772/2724/2354
s 3
f 1769/2722/2348 1770/3256/2347 1774/3252/2355 1773/2726/2356
s 4
f 1770/2723/2350 1767/3258/2349 1771/3254/2357 1774/2727/2358
s 1
f 1771/2725/2352 1772/3255/2351 1776/3251/2359 1775/2729/2360
s 2
f 1772/2724/2354 1773/3253/2353 1777/3249/2361 1776/2728/2362
s 3
f 1773/2726/2356 1774/3252/2355 1778/3248/2363 1777/2730/2364
s 4
f 1774/2727/2358 1771/3254/2357 1775/3250/2365 1778/2731/2366
s 1
f 1775/2729/2360 1776/3251/2359 1780/3247/2367 1779/2733/2368
s 2
f 1776/2728/2362 1777/3249/2361 1781/3245/2369 1780/2732/2370
s 3
f 1777/2730/2364 1778/3248/2363 1782/3244/2371 1781/2734/2372
s 4
f 1778/2731/2366 1775/3250/2365 1779/3246/2373 1782/2735/2374
s 1
f 1779/2733/2368 1780/3247/2367 1784/3243/2375 1783/2737/2376
s 2
f 1780/2732/2370 1781/3245/2369 1785/3241/2377 1784/2736/2378
s 3
f 1781/2734/2372 1782/3244/2371 1786/3240/2379 1785/2738/2380
s 4
f 1782/2735/2374 1779/3246/2373 1783/3242/2381 1786/2739/2382
s 1
f 1783/2737/2376 1784/3243/2375 1788/3239/2383 1787/2741/2384
s 2
f 1784/2736/2378 1785/3241/2377 1789/3237/2385 1788/2740/2386
s 3
f 1785/2738/2380 1786/3240/2379 1790/3236/2387 1789/2742/2388
s 4
f 1786/2739/2382 1783/3242/2381 1787/3238/2389 1790/2743/2390
s 1
f 1787/2741/2384 1788/3239/2383 1792/3235/2391 1791/2745/2392
s 2
f 1788/2740/2386 1789/3237/2385 1793/3233/2393 1792/2744/2394
s 3
f 1789/2742/2388 1790/3236/2387 1794/3232/2395 1793/2746/2396
s 4
f 1790/2743/2390 1787/3238/2389 1791/3234/2397 1794/2747/2398
s 1
f 1791/2745/2392 1792/3235/2391 1796/3231/2399 1795/2749/2400
s 2
f 1792/2744/2394 1793/3233/2393 1797/3229/2401 1796/2748/2402
s 3
f 1793/2746/2396 1794/3232/2395 1798/3228/2403 1797/2750/2404
s 4
f 1794/2747/2398 1791/3234/2397 1795/3230/2405 1798/2751/2406
s 1
f 1795/2749/2400 1796/3231/2399 1800/3227/2407 1799/2753/2408
s 2
f 1796/2748/2402 1797/3229/2401 1801/3225/2409 1800/2752/2410
s 3
f 1797/2750/2404 1798/3228/2403 1802/3224/2411 1801/2754/2412
s 4
f 1798/2751/2406 1795/3230/2405 1799/3226/2413 1802/2755/2414
s 1
f 1799/2753/2408 1800/3227/2407 1804/3223/2415 1803/2757/2416
s 2
f 1800/2752/2410 1801/3225/2409 1805/3221/2417 1804/2756/2418
s 3
f 1801/2754/2412 1802/3224/2411 1806/3220/2419 1805/2758/2420
s 4
f 1802/2755/2414 1799/3226/2413 1803/3222/2421 1806/2759/2422
s 1
f 1803/2757/2416 1804/3223/2415 1808/3219/2423 1807/2761/2424
s 2
f 1804/2756/2418 1805/3221/2417 1809/3217/2425 1808/2760/2426
s 3
f 1805/2758/2420 1806/3220/2419 1810/3216/2427 1809/2762/2428
s 4
f 1806/2759/2422 1803/3222/2421 1807/3218/2429 1810/2763/2430
s 1
f 1807/2761/2424 1808/3219/2423 1812/3215/2431 1811/2765/2432
s 2
f 1808/2760/2426 1809/3217/2425 1813/3213/2433 1812/2764/2434
s 3
f 1809/2762/2428 1810/3216/2427 1814/3212/2435 1813/2766/2436
s 4
f 1810/2763/2430 1807/3218/2429 1811/3214/2437 1814/2767/2438
s 1
f 1811/2765/2432 1812/3215/2431 1816/3211/2439 1815/2769/2440
s 2
f 1812/2764/2434 1813/3213/2433 1817/3209/2441 1816/2768/2442
s 3
f 1813/2766/2436 1814/3212/2435 1818/3208/2443 1817/2770/2444
s 4
f 1814/2767/2438 1811/3214/2437 1815/3210/2445 1818/2771/2446
s 1
f 1815/2769/2440 1816/3211/2439 1820/3207/2447 1819/2773/2448
s 2
f 1816/2768/2442 1817/3209/2441 1821/3205/2449 1820/2772/2450
s 3
f 1817/2770/2444 1818/3208/2443 1822/3204/2451 1821/2774/2452
s 4
f 1818/2771/2446 1815/3210/2445 1819/3206/2453 1822/2775/2454
s 1
f 1819/2773/2448 1820/3207/2447 1824/3203/2455 1823/2777/2456
s 2
f 1820/2772/2450 1821/3205/2449 1825/3201/2457 1824/2776/2458
s 3
f 1821/2774/2452 1822/3204/2451 1826/3200/2459 1825/2778/2460
s 4
f 1822/2775/2454 1819/3206/2453 1823/3202/2461 1826/2779/2462
s 1
f 1823/2777/2456 1824/3203/2455 1828/3199/2463 1827/2781/2464
s 2
f 1824/2776/2458 1825/3201/2457 1829/3197/2465 1828/2780/2466
s 3
f 1825/2778/2460 1826/3200/2459 1830/3196/2467 1829/2782/2468
s 4
f 1826/2779/2462 1823/3202/2461 1827/3198/2469 1830/2783/2470
s 1
f 1827/2781/2464 1828/3199/2463 1832/3195/2471 1831/2785/2472
s 2
f 1828/2780/2466 1829/3197/2465 1833/3193/2473 1832/2784/2474
s 3
f 1829/2782/2468 1830/3196/2467 1834/3192/2475 1833/2786/2476
s 4
f 1830/2783/2470 1827/3198/2469 1831/3194/2477 1834/2787/2478
s 1
f 1831/2785/2472 1832/3195/2471 1836/3191/2479 1835/2789/2480
s 2
f 1832/2784/2474 1833/3193/2473 1837/3189/2481 1836/2788/2482
s 3
f 1833/2786/2476 1834/3192/2475 1838/3188/2483 1837/2790/2484
s 4
f 1834/2787/2478 1831/3194/2477 1835/3190/2485 1838/2791/2486
s 1
f 1835/2789/2480 1836/3191/2479 1840/3187/2487 1839/2793/2488
s 2
f 1836/2788/2482 1837/3189/2481 1841/3185/2489 1840/2792/2490
s 3
f 1837/2790/2484 1838/3188/2483 1842/3184/2491 1841/2794/2492
s 4
f 1838/2791/2486 1835/3190/2485 1839/3186/2493 1842/2795/2494
s 1
f 1839/2793/2488 1840/3187/2487 1844/3183/2495 1843/2797/2496
s 2
f 1840/2792/2490 1841/3185/2489 1845/3181/2497 1844/2796/2498
s 3
f 1841/2794/2492 1842/3184/2491 1846/3180/2499 1845/2798/2500
s 4
f 1842/2795/2494 1839/3186/2493 1843/3182/2501 1846/2799/2502
s 1
f 1843/2797/2496 1844/3183/2495 1848/3179/2503 1847/2801/2504
s 2
f 1844/2796/2498 1845/3181/2497 1849/3177/2505 1848/2800/2506
s 3
f 1845/2798/2500 1846/3180/2499 1850/3176/2507 1849/2802/2508
s 4
f 1846/2799/2502 1843/3182/2501 1847/3178/2509 1850/2803/2510
s 1
f 1847/2801/2504 1848/3179/2503 1852/3175/2511 1851/2805/2512
s 2
f 1848/2800/2506 1849/3177/2505 1853/3173/2513 1852/2804/2514
s 3
f 1849/2802/2508 1850/3176/2507 1854/3172/2515 1853/2806/2516
s 4
f 1850/2803/2510 1847/3178/2509 1851/3174/2517 1854/2807/2518
s 1
f 1851/2805/2512 1852/3175/2511 1856/3171/2519 1855/2809/2520
s 2
f 1852/2804/2514 1853/3173/2513 1857/3169/2521 1856/2808/2522
s 3
f 1853/2806/2516 1854/3172/2515 1858/3168/2523 1857/2810/2524
s 4
f 1854/2807/2518 1851/3174/2517 1855/3170/2525 1858/2811/2526
s 1
f 1855/2809/2520 1856/3171/2519 1860/3167/2527 1859/2813/2528
s 2
f 1856/2808/2522 1857/3169/2521 1861/3165/2529 1860/2812/2530
s 3
f 1857/2810/2524 1858/3168/2523 1862/3164/2531 1861/2814/2532
s 4
f 1858/2811/2526 1855/3170/2525 1859/3166/2533 1862/2815/2534
s 1
f 1859/2813/2528 1860/3167/2527 1864/3163/2535 1863/2817/2536
s 2
f 1860/2812/2530 1861/3165/2529 1865/3161/2537 1864/2816/2538
s 3
f 1861/2814/2532 1862/3164/2531 1866/3160/2539 1865/2818/2540
s 4
f 1862/2815/2534 1859/3166/2533 1863/3162/2541 1866/2819/2542
s 1
f 1863/2817/2536 1864/3163/2535 1868/3159/2543 1867/2821/2544
s 2
f 1864/2816/2538 1865/3161/2537 1869/3157/2545 1868/2820/2546
s 3
f 1865/2818/2540 1866/3160/2539 1870/3156/2547 1869/2822/2548
s 4
f 1866/2819/2542 1863/3162/2541 1867/3158/2549 1870/2823/2550
s 1
f 1867/2821/2544 1868/3159/2543 1872/3155/2551 1871/2825/2552
s 2
f 1868/2820/2546 1869/3157/2545 1873/3153/2553 1872/2824/2554
s 3
f 1869/2822/2548 1870/3156/2547 1874/3152/2555 1873/2826/2556
s 4
f 1870/2823/2550 1867/3158/2549 1871/3154/2557 1874/2827/2558
s 1
f 1871/2825/2552 1872/3155/2551 1876/3151/2559 1875/2829/2560
s 2
f 1872/2824/2554 1873/3153/2553 1877/3149/2561 1876/2828/2562
s 3
f 1873/2826/2556 1874/3152/2555 1878/3148/2563 1877/2830/2564
s 4
f 1874/2827/2558 1871/3154/2557 1875/3150/2565 1878/2831/2566
s 1
f 1875/2829/2560 1876/3151/2559 1880/3147/2567 1879/2833/2568
s 2
f 1876/2828/2562 1877/3149/2561 1881/3145/2569 1880/2832/2570
s 3
f 1877/2830/2564 1878/3148/2563 1882/3144/2571 1881/2834/2572
s 4
f 1878/2831/2566 1875/3150/2565 1879/3146/2573 1882/2835/2574
s 1
f 1879/2833/2568 1880/3147/2567 1884/3143/2575 1883/2837/2576
s 2
f 1880/2832/2570 1881/3145/2569 1885/3141/2577 1884/2836/2578
s 3
f 1881/2834/2572 1882/3144/2571 1886/3140/2579 1885/2838/2580
s 4
f 1882/2835/2574 1879/3146/2573 1883/3142/2581 1886/2839/2582
s 1
f 1883/2837/2576 1884/3143/2575 1888/3139/2583 1887/2841/2584
s 2
f 1884/2836/2578 1885/3141/2577 1889/3137/2585 1888/2840/2586
s 3
f 1885/2838/2580 1886/3140/2579 1890/3136/2587 1889/2842/2588
s 4
f 1886/2839/2582 1883/3142/2581 1887/3138/2589 1890/2843/2590
s 1
f 1887/2841/2584 1888/3139/2583 1892/3135/2591 1891/2845/2592
s 2
f 1888/2840/2586 1889/3137/2585 1893/3133/2593 1892/2844/2594
s 3
f 1889/2842/2588 1890/3136/2587 1894/3132/2595 1893/2846/2596
s 4
f 1890/2843/2590 1887/3138/2589 1891/3134/2597 1894/2847/2598
s 1
f 1891/2845/2592 1892/3135/2591 1896/3131/2599 1895/2849/2600
s 2
f 1892/2844/2594 1893/3133/2593 1897/3129/2601 1896/2848/2602
s 3
f 1893/2846/2596 1894/3132/2595 1898/3128/2603 1897/2850/2604
s 4
f 1894/2847/2598 1891/3134/2597 1895/3130/2605 1898/2851/2606
s 1
f 1895/2849/2600 1896/3131/2599 1900/3127/2607 1899/2853/2608
s 2
f 1896/2848/2602 1897/3129/2601 1901/3125/2609 1900/2852/2610
s 3
f 1897/2850/2604 1898/3128/2603 1902/3124/2611 1901/2854/2612
s 4
f 1898/2851/2606 1895/3130/2605 1899/3126/2613 1902/2855/2614
s 1
f 1899/2853/2608 1900/3127/2607 1904/3123/2615 1903/2857/2616
s 2
f 1900/2852/2610 1901/3125/2609 1905/3121/2617 1904/2856/2618
s 3
f 1901/2854/2612 1902/3124/2611 1906/3120/2619 1905/2858/2620
s 4
f 1902/2855/2614 1899/3126/2613 1903/3122/2621 1906/2859/2622
s 1
f 1903/2857/2616 1904/3123/2615 1908/3119/2623 1907/2861/2624
s 2
f 1904/2856/2618 1905/3121/2617 1909/3117/2625 1908/2860/2626
s 3
f 1905/2858/2620 1906/3120/2619 1910/3116/2627 1909/2862/2628
s 4
f 1906/2859/2622 1903/3122/2621 1907/3118/2629 1910/2863/2630
s 1
f 1907/2861/2624 1908/3119/2623 1912/3115/2631 1911/2865/2632
s 2
f 1908/2860/2626 1909/3117/2625 1913/3113/2633 1912/2864/2634
s 3
f 1909/2862/2628 1910/3116/2627 1914/3112/2635 1913/2866/2636
s 4
f 1910/2863/2630 1907/3118/2629 1911/3114/2637 1914/2867/2638
s 1
f 1911/2865/2632 1912/3115/2631 1916/3111/2639 1915/2869/2640
s 2
f 1912/2864/2634 1913/3113/2633 1917/3109/2641 1916/2868/2642
s 3
f 1913/2866/2636 1914/3112/2635 1918/3108/2643 1917/2870/2644
s 4
f 1914/2867/2638 1911/3114/2637 1915/3110/2645 1918/2871/2646
s 1
f 1915/2869/2640 1916/3111/2639 1920/3107/2647 1919/2873/2648
s 2
f 1916/2868/2642 1917/3109/2641 1921/3105/2649 1920/2872/2650
s 3
f 1917/2870/2644 1918/3108/2643 1922/3104/2651 1921/2874/2652
s 4
f 1918/2871/2646 1915/3110/2645 1919/3106/2653 1922/2875/2654
s 1
f 1919/2873/2648 1920/3107/2647 1924/3103/2655 1923/2877/2656
s 2
f 1920/2872/2650 1921/3105/2649 1925/3101/2657 1924/2876/2658
s 3
f 1921/2874/2652 1922/3104/2651 1926/3100/2659 1925/2878/2660
s 4
f 1922/2875/2654 1919/3106/2653 1923/3102/2661 1926/2879/2662
s 1
f 1923/2877/2656 1924/3103/2655 1928/3099/2663 1927/2881/2664
s 2
f 1924/2876/2658 1925/3101/2657 1929/3097/2665 1928/2880/2666
s 3
f 1925/2878/2660 1926/3100/2659 1930/3096/2667 1929/2882/2668
s 4
f 1926/2879/2662 1923/3102/2661 1927/3098/2669 1930/2883/2670
s 1
f 1927/2881/2664 1928/3099/2663 1932/3095/2671 1931/2885/2672
s 2
f 1928/2880/2666 1929/3097/2665 1933/3093/2673 1932/2884/2674
s 3
f 1929/2882/2668 1930/3096/2667 1934/3092/2675 1933/2886/2676
s 4
f 1930/2883/2670 1927/3098/2669 1931/3094/2677 1934/2887/2678
s 1
f 1931/2885/2672 1932/3095/2671 1936/3091/2679 1935/2889/2680
s 2
f 1932/2884/2674 1933/3093/2673 1937/3089/2681 1936/2888/2682
s 3
f 1933/2886/2676 1934/3092/2675 1938/3088/2683 1937/2890/2684
s 4
f 1934/2887/2678 1931/3094/2677 1935/3090/2685 1938/2891/2686
s 1
f 1935/2889/2680 1936/3091/2679 1940/3087/2687 1939/2893/2688
s 2
f 1936/2888/2682 1937/3089/2681 1941/3085/2689 1940/2892/2690
s 3
f 1937/2890/2684 1938/3088/2683 1942/3084/2691 1941/2894/2692
s 4
f 1938/2891/2686 1935/3090/2685 1939/3086/2693 1942/2895/2694
s 1
f 1939/2893/2688 1940/3087/2687 1944/3083/2695 1943/2897/2696
s 2
f 1940/2892/2690 1941/3085/2689 1945/3081/2697 1944/2896/2698
s 3
f 1941/2894/2692 1942/3084/2691 1946/3080/2699 1945/2898/2700
s 4
f 1942/2895/2694 1939/3086/2693 1943/3082/2701 1946/2899/2702
s 1
f 1943/2897/2696 1944/3083/2695 1948/3079/2703 1947/2901/2704
s 2
f 1944/2896/2698 1945/3081/2697 1949/3077/2705 1948/2900/2706
s 3
f 1945/2898/2700 1946/3080/2699 1950/3076/2707 1949/2902/2708
s 4
f 1946/2899/2702 1943/3082/2701 1947/3078/2709 1950/2903/2710
s 1
f 1947/2901/2704 1948/3079/2703 1952/3075/2711 1951/2905/2712
s 2
f 1948/2900/2706 1949/3077/2705 1953/3073/2713 1952/2904/2714
s 3
f 1949/2902/2708 1950/3076/2707 1954/3072/2715 1953/2906/2716
s 4
f 1950/2903/2710 1947/3078/2709 1951/3074/2717 1954/2907/2718
s 1
f 1951/2905/2712 1952/3075/2711 1956/3071/2719 1955/2909/2720
s 2
f 1952/2904/2714 1953/3073/2713 1957/3069/2721 1956/2908/2722
s 3
f 1953/2906/2716 1954/3072/2715 1958/3068/2723 1957/2910/2724
s 4
f 1954/2907/2718 1951/3074/2717 1955/3070/2725 1958/2911/2726
s 1
f 1955/2909/2720 1956/3071/2719 1960/3067/2727 1959/2913/2728
s 2
f 1956/2908/2722 1957/3069/2721 1961/3065/2729 1960/2912/2730
s 3
f 1957/2910/2724 1958/3068/2723 1962/3064/2731 1961/2914/2732
s 4
f 1958/2911/2726 1955/3070/2725 1959/3066/2733 1962/2915/2734
s 1
f 1959/2913/2728 1960/3067/2727 1964/3063/2735 1963/2917/2736
s 2
f 1960/2912/2730 1961/3065/2729 1965/3061/2737 1964/2916/2738
s 3
f 1961/2914/2732 1962/3064/2731 1966/3060/2739 1965/2918/2740
s 4
f 1962/2915/2734 1959/3066/2733 1963/3062/2741 1966/2919/2742
s 1
f 1963/2917/2736 1964/3063/2735 1968/3059/2743 1967/2921/2744
s 2
f 1964/2916/2738 1965/3061/2737 1969/3057/2745 1968/2920/2746
s 3
f 1965/2918/2740 1966/3060/2739 1970/3056/2747 1969/2922/2748
s 4
f 1966/2919/2742 1963/3062/2741 1967/3058/2749 1970/2923/2750
s 1
f 1967/2921/2744 1968/3059/2743 1972/3055/2751 1971/2925/2752
s 2
f 1968/2920/2746 1969/3057/2745 1973/3053/2753 1972/2924/2754
s 3
f 1969/2922/2748 1970/3056/2747 1974/3052/2755 1973/2926/2756
s 4
f 1970/2923/2750 1967/3058/2749 1971/3054/2757 1974/2927/2758
s 1
f 1971/2925/2752 1972/3055/2751 1976/3051/2759 1975/2929/2760
s 2
f 1972/2924/2754 1973/3053/2753 1977/3049/2761 1976/2928/2762
s 3
f 1973/2926/2756 1974/3052/2755 1978/3048/2763 1977/2930/2764
s 4
f 1974/2927/2758 1971/3054/2757 1975/3050/2765 1978/2931/2766
s 1
f 1975/2929/2760 1976/3051/2759 1980/3047/2767 1979/2933/2768
s 2
f 1976/2928/2762 1977/3049/2761 1981/3045/2769 1980/2932/2770
s 3
f 1977/2930/2764 1978/3048/2763 1982/3044/2771 1981/2934/2772
s 4
f 1978/2931/2766 1975/3050/2765 1979/3046/2773 1982/2935/2774
s 1
f 1979/2933/2768 1980/3047/2767 1984/3043/2775 1983/2937/2776
s 2
f 1980/2932/2770 1981/3045/2769 1985/3041/2777 1984/2936/2778
s 3
f 1981/2934/2772 1982/3044/2771 1986/3040/2779 1985/2938/2780
s 4
f 1982/2935/2774 1979/3046/2773 1983/3042/2781 1986/2939/2782
s 1
f 1983/2937/2776 1984/3043/2775 1988/3039/2783 1987/2941/2784
s 2
f 1984/2936/2778 1985/3041/2777 1989/3037/2785 1988/2940/2786
s 3
f 1985/2938/2780 1986/3040/2779 1990/3036/2787 1989/2942/2788
s 4
f 1986/2939/2782 1983/3042/2781 1987/3038/2789 1990/2943/2790
s 1
f 1987/2941/2784 1988/3039/2783 1992/3035/2791 1991/2945/2792
s 2
f 1988/2940/2786 1989/3037/2785 1993/3033/2793 1992/2944/2794
s 3
f 1989/2942/2788 1990/3036/2787 1994/3032/2795 1993/2946/2796
s 4
f 1990/2943/2790 1987/3038/2789 1991/3034/2797 1994/2947/2798
s 1
f 1991/2945/2792 1992/3035/2791 1996/3031/2799 1995/2949/2800
s 2
f 1992/2944/2794 1993/3033/2793 1997/3029/2801 1996/2948/2802
s 3
f 1993/2946/2796 1994/3032/2795 1998/3028/2803 1997/2950/2804
s 4
f 1994/2947/2798 1991/3034/2797 1995/3030/2805 1998/2951/2806
s 1
f 1995/2949/2800 1996/3031/2799 2000/3027/2807 1999/2953/2808
s 2
f 1996/2948/2802 1997/3029/2801 2001/3025/2809 2000/2952/2810
s 3
f 1997/2950/2804 1998/3028/2803 2002/3024/2811 2001/2954/2812
s 4
f 1998/2951/2806 1995/3030/2805 1999/3026/2813 2002/2955/2814
s 1
f 1999/2953/2808 2000/3027/2807 2004/3023/2815 2003/2957/2816
s 2
f 2000/2952/2810 2001/3025/2809 2005/3021/2817 2004/2956/2818
s 3
f 2001/2954/2812 2002/3024/2811 2006/3020/2819 2005/2958/2820
s 4
f 2002/2955/2814 1999/3026/2813 2003/3022/2821 2006/2959/2822
s 1
f 2003/2957/2816 2004/3023/2815 2008/3019/2823 2007/2961/2824
s 2
f 2004/2956/2818 2005/3021/2817 2009/3017/2825 2008/2960/2826
s 3
f 2005/2958/2820 2006/3020/2819 2010/3016/2827 2009/2962/2828
s 4
f 2006/2959/2822 2003/3022/2821 2007/3018/2829 2010/2963/2830
s 1
f 2007/2961/2824 2008/3019/2823 2012/3015/2831 2011/2965/2832
s 2
f 2008/2960/2826 2009/3017/2825 2013/3013/2833 2012/2964/2834
s 3
f 2009/2962/2828 2010/3016/2827 2014/3012/2835 2013/2966/2836
s 4
f 2010/2963/2830 2007/3018/2829 2011/3014/2837 2014/2967/2838
s 1
f 2011/2965/2832 2012/3015/2831 2016/3011/2839 2015/2969/2840
s 2
f 2012/2964/2834 2013/3013/2833 2017/3009/2841 2016/2968/2842
s 3
f 2013/2966/2836 2014/3012/2835 2018/3008/2843 2017/2970/2844
s 4
f 2014/2967/2838 2011/3014/2837 2015/3010/2845 2018/2971/2846
s 1
f 2015/2969/2840 2016/3011/2839 2020/3007/2847 2019/2973/2848
s 2
f 2016/2968/2842 2017/3009/2841 2021/3005/2849 2020/2972/2850
s 3
f 2017/2970/2844 2018/3008/2843 2022/3004/2851 2021/2974/2852
s 4
f 2018/2971/2846 2015/3010/2845 2019/3006/2853 2022/2975/2854
s 1
f 2019/2973/2848 2020/3007/2847 2024/3003/2855 2023/2977/2856
s 2
f 2020/2972/2850 2021/3005/2849 2025/3001/2857 2024/2976/2858
s 3
f 2021/2974/2852 2022/3004/2851 2026/3000/2859 2025/2978/2860
s 4
f 2022/2975/2854 2019/3006/2853 2023/3002/2861 2026/2979/2862
s 1
f 2023/2977/2856 2024/3003/2855 2028/2999/2863 2027/2981/2864
s 2
f 2024/2976/2858 2025/3001/2857 2029/2997/2865 2028/2980/2866
s 3
f 2025/2978/2860 2026/3000/2859 2030/2994/2867 2029/2982/2868
s 4
f 2026/2979/2862 2023/3002/2861 2027/2998/2869 2030/2983/2870
s 1
f 2027/2981/2864 2028/2999/2863 2032/2995/2871 2031/2988/2872
s 2
f 2028/2980/2866 2029/2997/2865 2033/2992/2873 2032/2984/2874
s 3
f 2029/2982/2868 2030/2994/2867 2034/2990/2875 2033/2986/2876
s 4
f 2030/2983/2870 2027/2998/2869 2031/2989/2877 2034/2987/2878
s off
f 2031/2985/2879 2032/2996/2880 2033/2993/2881 2034/2991/2882
g default
v -0.067549 0.826957 1.240349
v -0.067549 0.817934 1.250051
v -0.073154 0.817934 1.250051
v -0.073154 0.826957 1.240349
v -0.067549 0.823823 1.226718
v -0.067549 0.812160 1.229879
v -0.073154 0.812160 1.229879
v -0.073154 0.823823 1.226718
v -0.067549 0.819841 1.214158
v -0.067549 0.808500 1.218327
v -0.073154 0.808500 1.218327
v -0.073154 0.819841 1.214158
v -0.067549 0.814279 1.201283
v -0.067549 0.803490 1.206724
v -0.073154 0.803490 1.206724
v -0.073154 0.814279 1.201283
v -0.067549 0.807141 1.189204
v -0.067549 0.797188 1.196056
v -0.073154 0.797188 1.196056
v -0.073154 0.807141 1.189204
v -0.067549 0.798186 1.178030
v -0.067549 0.789309 1.186227
v -0.073154 0.789309 1.186227
v -0.073154 0.798186 1.178030
v -0.067549 0.789059 1.169073
v -0.067549 0.780908 1.177992
v -0.073154 0.780908 1.177992
v -0.073154 0.789059 1.169073
v -0.067549 0.778581 1.159980
v -0.067549 0.770976 1.169369
v -0.073154 0.770976 1.169369
v -0.073154 0.778581 1.159980
v -0.067549 0.766983 1.151687
v -0.067549 0.760721 1.162021
v -0.073154 0.760721 1.162021
v -0.073154 0.766983 1.151687
v -0.067549 0.754137 1.145647
v -0.067549 0.750256 1.157089
v -0.073154 0.750256 1.157089
v -0.073154 0.754137 1.145647
v -0.067549 0.740338 1.142484
v -0.067549 0.738658 1.154449
v -0.073154 0.738658 1.154449
v -0.073154 0.740338 1.142484
v -0.067549 0.727364 1.141366
v -0.067549 0.726919 1.153440
v -0.073154 0.726919 1.153440
v -0.073154 0.727364 1.141366
v -0.067549 0.713345 1.141558
v -0.067549 0.714131 1.153615
v -0.073154 0.714131 1.153615
v -0.073154 0.713345 1.141558
v -0.067549 0.698898 1.143359
v -0.067549 0.701154 1.155229
v -0.073154 0.701154 1.155229
v -0.073154 0.698898 1.143359
v -0.067549 0.684885 1.147168
v -0.067549 0.689057 1.158507
v -0.073154 0.689057 1.158507
v -0.073154 0.684885 1.147168
v -0.067549 0.671969 1.153644
v -0.067549 0.678709 1.163671
v -0.073154 0.678709 1.163671
v -0.073154 0.671969 1.153644
v -0.067549 0.660559 1.163912
v -0.067549 0.669779 1.171721
v -0.073154 0.669779 1.171721
v -0.073154 0.660559 1.163912
v -0.067549 0.652389 1.176148
v -0.067549 0.663092 1.181757
v -0.073154 0.663092 1.181757
v -0.073154 0.652389 1.176148
v -0.067549 0.646937 1.189201
v -0.067549 0.658427 1.192940
v -0.073154 0.658427 1.192940
v -0.073154 0.646937 1.189201
v -0.067549 0.643678 1.202108
v -0.067549 0.655560 1.204305
v -0.073154 0.655560 1.204305
v -0.073154 0.643678 1.202108
v -0.067549 0.642173 1.215960
v -0.067549 0.654253 1.216244
v -0.073154 0.654253 1.216244
v -0.073154 0.642173 1.215960
v -0.067549 0.643670 1.231363
v -0.067549 0.655433 1.228600
v -0.073154 0.655433 1.228600
v -0.073154 0.643670 1.231363
v -0.067549 0.648556 1.244124
v -0.067549 0.659139 1.238293
v -0.073154 0.659139 1.238293
v -0.073154 0.648556 1.244124
v -0.067549 0.656860 1.255268
v -0.067549 0.665507 1.246829
v -0.073154 0.665507 1.246829
v -0.073154 0.656860 1.255268
v -0.067549 0.668202 1.264105
v -0.067549 0.674260 1.253651
v -0.073154 0.674260 1.253651
v -0.073154 0.668202 1.264105
v -0.067549 0.682077 1.269605
v -0.067549 0.684791 1.257831
v -0.073154 0.684791 1.257831
v -0.073154 0.682077 1.269605
v -0.067549 0.697235 1.270681
v -0.067549 0.696312 1.258635
v -0.073154 0.696312 1.258635
v -0.073154 0.697235 1.270681
v -0.067549 0.711883 1.267778
v -0.067549 0.708232 1.256261
v -0.073154 0.708232 1.256261
v -0.073154 0.711883 1.267778
v -0.067549 0.725212 1.261960
v -0.067549 0.719202 1.251478
v -0.073154 0.719202 1.251478
v -0.073154 0.725212 1.261960
v -0.067549 0.736006 1.253832
v -0.067549 0.727399 1.245353
v -0.073154 0.727399 1.245353
v -0.073154 0.736006 1.253832
v -0.067549 0.744320 1.239828
v -0.067549 0.732697 1.236526
v -0.073154 0.732697 1.236526
v -0.073154 0.744320 1.239828
v -0.067549 0.745124 1.225022
v -0.067549 0.733169 1.226784
v -0.073154 0.733169 1.226784
v -0.073154 0.745124 1.225022
v -0.067549 0.740818 1.210947
v -0.067549 0.729851 1.216020
v -0.073154 0.729851 1.216020
v -0.073154 0.740818 1.210947
v -0.067549 0.732749 1.198426
v -0.067549 0.723679 1.206408
v -0.073154 0.723679 1.206408
v -0.073154 0.732749 1.198426
v -0.067549 0.721256 1.189473
v -0.067549 0.716068 1.200384
v -0.073154 0.716068 1.200384
v -0.073154 0.721256 1.189473
v -0.067549 0.705539 1.187280
v -0.067549 0.707847 1.199139
v -0.073154 0.707847 1.199139
v -0.073154 0.705539 1.187280
v -0.067549 0.690865 1.196256
v -0.067549 0.700086 1.204065
v -0.073154 0.700086 1.204065
v -0.073154 0.690865 1.196256
v -0.067549 0.683789 1.211929
v -0.067549 0.695796 1.213290
v -0.073154 0.695796 1.213290
v -0.073154 0.683789 1.211929
v -0.067549 0.689224 1.229771
v -0.067549 0.698573 1.222116
v -0.073154 0.698573 1.222116
v -0.073154 0.689224 1.229771
v -0.067549 0.703757 1.240396
v -0.067549 0.708878 1.229453
v -0.073154 0.708878 1.229453
v -0.073154 0.703757 1.240396
vt 0.558032 0.936615
vt 0.820036 0.628464
vt 0.443030 0.936864
vt 0.556951 0.830145
vt 0.444898 0.930909
vt 0.564226 0.939594
vt 0.560497 0.834247
vt 0.818218 0.632411
vt 0.444986 0.927441
vt 0.567957 0.939043
vt 0.563899 0.834927
vt 0.818123 0.636182
vt 0.445078 0.923805
vt 0.571866 0.938032
vt 0.567371 0.836014
vt 0.818021 0.640217
vt 0.445169 0.920212
vt 0.575639 0.936505
vt 0.570630 0.837529
vt 0.817917 0.644286
vt 0.445263 0.916521
vt 0.579260 0.934384
vt 0.573717 0.839554
vt 0.817811 0.648482
vt 0.445351 0.913043
vt 0.582271 0.932097
vt 0.576376 0.841797
vt 0.817715 0.652261
vt 0.445450 0.909138
vt 0.585395 0.929410
vt 0.579206 0.844491
vt 0.817611 0.656381
vt 0.445546 0.905367
vt 0.588359 0.926344
vt 0.581689 0.847330
vt 0.817503 0.660643
vt 0.445634 0.901869
vt 0.590761 0.922786
vt 0.583501 0.850323
vt 0.817394 0.664935
vt 0.445726 0.898239
vt 0.592413 0.918793
vt 0.584712 0.853746
vt 0.817285 0.669255
vt 0.445818 0.894633
vt 0.593447 0.914942
vt 0.585469 0.857274
vt 0.817184 0.673241
vt 0.445917 0.890716
vt 0.594173 0.910710
vt 0.585935 0.861163
vt 0.817075 0.677534
vt 0.446018 0.886716
vt 0.594474 0.906265
vt 0.586004 0.865164
vt 0.816962 0.681988
vt 0.446115 0.882896
vt 0.594189 0.901847
vt 0.585568 0.868960
vt 0.816850 0.686414
vt 0.446204 0.879404
vt 0.593097 0.897622
vt 0.584530 0.872296
vt 0.816739 0.690776
vt 0.446294 0.875839
vt 0.590862 0.893655
vt 0.582621 0.875309
vt 0.816624 0.695328
vt 0.446383 0.872328
vt 0.587897 0.890562
vt 0.580063 0.877715
vt 0.816516 0.699611
vt 0.446471 0.868845
vt 0.584552 0.888246
vt 0.577100 0.879549
vt 0.816413 0.703678
vt 0.446556 0.865498
vt 0.581125 0.886598
vt 0.574014 0.880845
vt 0.816316 0.707479
vt 0.446642 0.862082
vt 0.577338 0.885430
vt 0.570703 0.881688
vt 0.816216 0.711442
vt 0.446732 0.858553
vt 0.572949 0.885086
vt 0.567174 0.881792
vt 0.816104 0.715842
vt 0.446807 0.855575
vt 0.569111 0.885899
vt 0.564294 0.881029
vt 0.816005 0.719765
vt 0.446886 0.852463
vt 0.565534 0.887825
vt 0.561632 0.879415
vt 0.815902 0.723826
vt 0.446970 0.849155
vt 0.562433 0.890786
vt 0.559357 0.877012
vt 0.815794 0.728111
vt 0.447057 0.845718
vt 0.560124 0.894681
vt 0.557755 0.873970
vt 0.815679 0.732639
vt 0.447147 0.842182
vt 0.558980 0.899192
vt 0.557064 0.870502
vt 0.815561 0.737291
vt 0.447241 0.838470
vt 0.558977 0.903754
vt 0.557252 0.866793
vt 0.815445 0.741852
vt 0.447332 0.834846
vt 0.559861 0.908070
vt 0.558158 0.863283
vt 0.815334 0.746255
vt 0.447410 0.831792
vt 0.561533 0.911741
vt 0.559553 0.860565
vt 0.815232 0.750288
vt 0.447486 0.828805
vt 0.564984 0.914968
vt 0.561827 0.858626
vt 0.815112 0.755011
vt 0.447556 0.826033
vt 0.569078 0.915974
vt 0.564553 0.858118
vt 0.815005 0.759225
vt 0.447637 0.822811
vt 0.573251 0.915404
vt 0.567719 0.858723
vt 0.814898 0.763436
vt 0.447722 0.819489
vt 0.577200 0.913620
vt 0.570676 0.860238
vt 0.814789 0.767768
vt 0.447795 0.816597
vt 0.580341 0.910619
vt 0.572680 0.862324
vt 0.814679 0.772111
vt 0.447859 0.814055
vt 0.581829 0.905998
vt 0.573362 0.864774
vt 0.814556 0.776964
vt 0.447929 0.811297
vt 0.580136 0.901114
vt 0.572287 0.867315
vt 0.814425 0.782131
vt 0.448004 0.808365
vt 0.576149 0.898174
vt 0.569861 0.868963
vt 0.814299 0.787083
vt 0.448071 0.805717
vt 0.570860 0.898890
vt 0.567262 0.868449
vt 0.814164 0.792419
vt 0.448166 0.801935
vt 0.554395 0.058175
vt 0.564780 0.865594
vt 0.814028 0.797796
vt 0.567082 0.902720
vt 0.815744 0.797840
vt 0.561903 0.867559
vt 0.552679 0.058175
vt 0.446450 0.801892
vt 0.552678 0.061659
vt 0.565482 0.871575
vt 0.569856 0.904827
vt 0.554395 0.061659
vt 0.446354 0.805674
vt 0.815881 0.792462
vt 0.572479 0.902102
vt 0.570728 0.872558
vt 0.446287 0.808322
vt 0.816016 0.787126
vt 0.575101 0.901721
vt 0.574859 0.869823
vt 0.446213 0.811254
vt 0.816141 0.782174
vt 0.577441 0.903489
vt 0.576797 0.865031
vt 0.446143 0.814012
vt 0.816272 0.777007
vt 0.578385 0.906081
vt 0.575545 0.860341
vt 0.446078 0.816554
vt 0.816395 0.772154
vt 0.577580 0.908493
vt 0.572559 0.857185
vt 0.446005 0.819446
vt 0.816505 0.767811
vt 0.575473 0.910475
vt 0.568706 0.855203
vt 0.445921 0.822767
vt 0.816615 0.763480
vt 0.572443 0.911838
vt 0.564567 0.854422
vt 0.445839 0.825990
vt 0.816722 0.759269
vt 0.569250 0.912282
vt 0.560428 0.855220
vt 0.445769 0.828762
vt 0.816828 0.755055
vt 0.566554 0.911637
vt 0.556818 0.858268
vt 0.445693 0.831748
vt 0.816948 0.750331
vt 0.564381 0.909586
vt 0.554962 0.861850
vt 0.445616 0.834803
vt 0.817050 0.746299
vt 0.563125 0.906800
vt 0.553860 0.866115
vt 0.445524 0.838427
vt 0.817162 0.741895
vt 0.562399 0.903249
vt 0.553633 0.870672
vt 0.445430 0.842139
vt 0.817278 0.737334
vt 0.562398 0.899536
vt 0.554547 0.875234
vt 0.445340 0.845674
vt 0.817395 0.732682
vt 0.563264 0.896107
vt 0.556656 0.879242
vt 0.445253 0.849111
vt 0.817510 0.728155
vt 0.565018 0.893150
vt 0.559602 0.882356
vt 0.445170 0.852419
vt 0.817618 0.723869
vt 0.567412 0.890865
vt 0.563077 0.884461
vt 0.445091 0.855531
vt 0.817721 0.719808
vt 0.570152 0.889388
vt 0.566869 0.885467
vt 0.445015 0.858510
vt 0.817821 0.715886
vt 0.573067 0.888772
vt 0.571270 0.885346
vt 0.444926 0.862039
vt 0.817932 0.711485
vt 0.576586 0.889054
vt 0.575112 0.884371
vt 0.444839 0.865455
vt 0.818033 0.707522
vt 0.579850 0.890064
vt 0.578617 0.882899
vt 0.444755 0.868801
vt 0.818129 0.703722
vt 0.582867 0.891514
vt 0.582075 0.880755
vt 0.444666 0.872285
vt 0.818232 0.699655
vt 0.585734 0.893497
vt 0.585193 0.877816
vt 0.444577 0.875795
vt 0.818341 0.695371
vt 0.588167 0.896029
vt 0.587627 0.873968
vt 0.444487 0.879361
vt 0.818456 0.690819
vt 0.589920 0.899135
vt 0.588931 0.869803
vt 0.444399 0.882853
vt 0.818566 0.686457
vt 0.590787 0.902519
vt 0.589439 0.865406
vt 0.444302 0.886672
vt 0.818679 0.682031
vt 0.591030 0.906332
vt 0.589364 0.860951
vt 0.444200 0.890673
vt 0.818791 0.677578
vt 0.590760 0.910324
vt 0.588853 0.856687
vt 0.444101 0.894589
vt 0.818900 0.673284
vt 0.590097 0.914185
vt 0.588015 0.852789
vt 0.444010 0.898196
vt 0.819001 0.669299
vt 0.589162 0.917669
vt 0.586568 0.848717
vt 0.443918 0.901826
vt 0.819111 0.664979
vt 0.587779 0.921027
vt 0.584348 0.845042
vt 0.443829 0.905323
vt 0.819219 0.660687
vt 0.585819 0.923925
vt 0.581545 0.841830
vt 0.443734 0.909094
vt 0.819327 0.656424
vt 0.583194 0.926635
vt 0.578560 0.838988
vt 0.443635 0.913000
vt 0.819432 0.652305
vt 0.580232 0.929181
vt 0.575669 0.836552
vt 0.443547 0.916477
vt 0.819528 0.648525
vt 0.577463 0.931287
vt 0.572160 0.834250
vt 0.443453 0.920168
vt 0.819634 0.644330
vt 0.574277 0.933153
vt 0.568469 0.832535
vt 0.443362 0.923761
vt 0.819737 0.640261
vt 0.570945 0.934501
vt 0.564617 0.831327
vt 0.443270 0.927398
vt 0.819839 0.636225
vt 0.567423 0.935411
vt 0.560918 0.830587
vt 0.443182 0.930866
vt 0.819935 0.632454
vt 0.563991 0.935917
vt 0.818319 0.628421
vt 0.554581 0.833248
vt 0.560241 0.939834
vt 0.444746 0.936907
vn 1.000000 0.000000 0.000000
vn 1.000000 0.000000 0.000000
vn 1.000000 0.000000 0.000000
vn 1.000000 0.000000 0.000000
vn 0.000000 -0.961393 0.275180
vn 0.000000 -0.961393 0.275180
vn 0.000000 -0.958516 0.285040
vn 0.000000 -0.958516 0.285040
vn -1.000000 0.000000 0.000000
vn -1.000000 0.000000 0.000000
vn -1.000000 0.000000 0.000000
vn -1.000000 0.000000 0.000000
vn 0.000000 0.974576 -0.224058
vn 0.000000 0.974576 -0.224058
vn 0.000000 0.965023 -0.262166
vn 0.000000 0.965023 -0.262166
vn 1.000000 0.000000 0.000000
vn 1.000000 0.000000 0.000000
vn 0.000000 -0.936499 0.350671
vn 0.000000 -0.936499 0.350671
vn -1.000000 -0.000000 0.000000
vn -1.000000 -0.000000 0.000000
vn 0.000000 0.936256 -0.351319
vn 0.000000 0.936256 -0.351319
vn 1.000000 0.000000 0.000000
vn 1.000000 0.000000 0.000000
vn 0.000000 -0.891587 0.452849
vn 0.000000 -0.891587 0.452849
vn -1.000000 -0.000000 0.000000
vn -1.000000 -0.000000 0.000000
vn 0.000000 0.891210 -0.453591
vn 0.000000 0.891210 -0.453591
vn 1.000000 0.000000 0.000000
vn 1.000000 0.000000 0.000000
vn 0.000000 -0.822363 0.568963
vn 0.000000 -0.822363 0.568963
vn -1.000000 -0.000000 0.000000
vn -1.000000 -0.000000 0.000000
vn 0.000000 0.822278 -0.569086
vn 0.000000 0.822278 -0.569086
vn 1.000000 0.000000 0.000000
vn 1.000000 0.000000 0.000000
vn 0.000000 -0.742828 0.669482
vn 0.000000 -0.742828 0.669482
vn -1.000000 0.000000 0.000000
vn -1.000000 0.000000 0.000000
vn 0.000000 0.743963 -0.668221
vn 0.000000 0.743963 -0.668221
vn 1.000000 0.000000 0.000000
vn 1.000000 0.000000 0.000000
vn 0.000000 -0.676884 0.736090
vn 0.000000 -0.676884 0.736090
vn -1.000000 0.000000 0.000000
vn -1.000000 0.000000 0.000000
vn 0.000000 0.677335 -0.735675
vn 0.000000 0.677335 -0.735675
vn 1.000000 0.000000 0.000000
vn 1.000000 0.000000 0.000000
vn 0.000000 -0.620470 0.784230
vn 0.000000 -0.620470 0.784230
vn -1.000000 0.000000 0.000000
vn -1.000000 0.000000 0.000000
vn 0.000000 0.618703 -0.785625
vn 0.000000 0.618703 -0.785625
vn 1.000000 -0.000000 0.000000
vn 1.000000 -0.000000 0.000000
vn 0.000000 -0.509863 0.860256
vn 0.000000 -0.509863 0.860256
vn -1.000000 0.000000 0.000000
vn -1.000000 0.000000 0.000000
vn 0.000000 0.505824 -0.862637
vn 0.000000 0.505824 -0.862637
vn 1.000000 -0.000000 0.000000
vn 1.000000 -0.000000 0.000000
vn 0.000000 -0.324593 0.945854
vn 0.000000 -0.324593 0.945854
vn -1.000000 0.000000 0.000000
vn -1.000000 0.000000 0.000000
vn 0.000000 0.326462 -0.945210
vn 0.000000 0.326462 -0.945210
vn 1.000000 0.000000 0.000000
vn 1.000000 0.000000 0.000000
vn 0.000000 -0.154454 0.988000
vn 0.000000 -0.154454 0.988000
vn -1.000000 0.000000 0.000000
vn -1.000000 0.000000 0.000000
vn 0.000000 0.157864 -0.987461
vn 0.000000 0.157864 -0.987461
vn 1.000000 0.000000 0.000000
vn 1.000000 0.000000 0.000000
vn 0.000000 -0.034003 0.999422
vn 0.000000 -0.034003 0.999422
vn -1.000000 0.000000 0.000000
vn -1.000000 0.000000 0.000000
vn 0.000000 0.034295 -0.999412
vn 0.000000 0.034295 -0.999412
vn 1.000000 0.000000 0.000000
vn 1.000000 0.000000 0.000000
vn 0.000000 0.069257 0.997599
vn 0.000000 0.069257 0.997599
vn -1.000000 0.000000 0.000000
vn -1.000000 0.000000 0.000000
vn 0.000000 -0.069841 -0.997558
vn 0.000000 -0.069841 -0.997558
vn 1.000000 0.000000 0.000000
vn 1.000000 0.000000 0.000000
vn 0.000000 0.191491 0.981494
vn 0.000000 0.191491 0.981494
vn -1.000000 0.000000 0.000000
vn -1.000000 0.000000 0.000000
vn 0.000000 -0.193374 -0.981125
vn 0.000000 -0.193374 -0.981125
vn 1.000000 0.000000 0.000000
vn 1.000000 -0.000000 0.000000
vn 0.000000 0.352058 0.935978
vn 0.000000 0.352058 0.935978
vn -1.000000 -0.000000 0.000000
vn -1.000000 -0.000000 0.000000
vn 0.000000 -0.356767 -0.934194
vn 0.000000 -0.356767 -0.934194
vn 1.000000 0.000000 0.000000
vn 1.000000 0.000000 0.000000
vn 0.000000 0.565383 0.824828
vn 0.000000 0.565383 0.824828
vn -1.000000 0.000000 0.000000
vn -1.000000 -0.000000 0.000000
vn 0.000000 -0.566989 -0.823725
vn 0.000000 -0.566989 -0.823725
vn 1.000000 0.000000 0.000000
vn 1.000000 0.000000 0.000000
vn 0.000000 0.756853 0.653586
vn 0.000000 0.756853 0.653586
vn -1.000000 -0.000000 0.000000
vn -1.000000 -0.000000 0.000000
vn 0.000000 -0.754426 -0.656385
vn 0.000000 -0.754426 -0.656385
vn 1.000000 0.000000 0.000000
vn 1.000000 0.000000 0.000000
vn 0.000000 0.881750 0.471717
vn 0.000000 0.881750 0.471717
vn -1.000000 -0.000000 0.000000
vn -1.000000 -0.000000 0.000000
vn 0.000000 -0.880405 -0.474223
vn 0.000000 -0.880405 -0.474223
vn 1.000000 -0.000000 0.000000
vn 1.000000 -0.000000 0.000000
vn 0.000000 0.948493 0.316798
vn 0.000000 0.948493 0.316798
vn -1.000000 -0.000000 0.000000
vn -1.000000 -0.000000 0.000000
vn 0.000000 -0.948054 -0.318109
vn 0.000000 -0.948054 -0.318109
vn 1.000000 -0.000000 0.000000
vn 1.000000 -0.000000 0.000000
vn 0.000000 0.984331 0.176330
vn 0.000000 0.984331 0.176330
vn -1.000000 0.000000 0.000000
vn -1.000000 0.000000 0.000000
vn 0.000000 -0.984517 -0.175291
vn 0.000000 -0.984517 -0.175291
vn 1.000000 0.000000 0.000000
vn 1.000000 0.000000 0.000000
vn 0.000000 0.999986 0.005241
vn 0.000000 0.999986 0.005241
vn -1.000000 -0.000000 0.000000
vn -1.000000 -0.000000 0.000000
vn 0.000000 -1.000000 -0.000287
vn 0.000000 -1.000000 -0.000287
vn 1.000000 0.000000 0.000000
vn 1.000000 0.000000 0.000000
vn 0.000000 0.976312 -0.216369
vn 0.000000 0.976312 -0.216369
vn -1.000000 -0.000001 0.000000
vn -1.000000 -0.000001 0.000000
vn 0.000000 -0.975263 0.221049
vn 0.000000 -0.975263 0.221049
vn 1.000000 0.000000 0.000000
vn 1.000000 0.000000 0.000000
vn 0.000000 0.875249 -0.483672
vn 0.000000 0.875249 -0.483672
vn -1.000000 -0.000000 0.000000
vn -1.000000 -0.000000 0.000000
vn 0.000000 -0.875561 0.483108
vn 0.000000 -0.875561 0.483108
vn 1.000000 0.000000 0.000000
vn 1.000000 0.000000 0.000000
vn 0.000000 0.712604 -0.701566
vn 0.000000 0.712604 -0.701566
vn -1.000000 0.000000 0.000000
vn -1.000000 0.000000 0.000000
vn 0.000000 -0.713069 0.701094
vn 0.000000 -0.713069 0.701094
vn 1.000000 -0.000000 0.000000
vn 1.000000 0.000000 0.000000
vn 0.000000 0.495566 -0.868570
vn 0.000000 0.495566 -0.868570
vn -1.000000 0.000000 0.000000
vn -1.000000 0.000000 0.000000
vn 0.000000 -0.494233 0.869329
vn 0.000000 -0.494233 0.869329
vn 1.000000 0.000000 0.000000
vn 1.000000 0.000000 0.000000
vn 0.000000 0.220429 -0.975403
vn 0.000000 0.220429 -0.975403
vn -1.000000 0.000000 0.000000
vn -1.000000 0.000000 0.000000
vn 0.000000 -0.220909 0.975294
vn 0.000000 -0.220909 0.975294
vn 1.000000 0.000000 0.000000
vn 1.000000 0.000000 0.000000
vn 0.000000 -0.066843 -0.997764
vn 0.000000 -0.066843 -0.997764
vn -1.000000 -0.000000 0.000000
vn -1.000000 -0.000000 0.000000
vn 0.000000 0.061172 0.998127
vn 0.000000 0.061172 0.998127
vn 1.000000 -0.000000 0.000000
vn 1.000000 0.000000 0.000000
vn 0.000000 -0.298397 -0.954442
vn 0.000000 -0.298397 -0.954442
vn -1.000000 -0.000000 0.000000
vn -1.000000 -0.000000 0.000000
vn 0.000000 0.297613 0.954686
vn 0.000000 0.297613 0.954686
vn 1.000000 0.000000 0.000000
vn 1.000000 -0.000000 0.000000
vn 0.000000 -0.494630 -0.869103
vn 0.000000 -0.494630 -0.869103
vn -1.000000 0.000000 0.000000
vn -1.000000 -0.000000 0.000000
vn 0.000000 0.500506 0.865733
vn 0.000000 0.500506 0.865733
vn 1.000000 -0.000000 0.000000
vn 1.000000 -0.000000 0.000000
vn 0.000000 -0.742370 -0.669991
vn 0.000000 -0.742370 -0.669991
vn -1.000000 0.000000 0.000000
vn -1.000000 0.000000 0.000000
vn 0.000000 0.756924 0.653503
vn 0.000000 0.756924 0.653503
vn 1.000000 0.000000 0.000000
vn 1.000000 0.000000 0.000000
vn 0.000000 -0.954946 -0.296779
vn 0.000000 -0.954946 -0.296779
vn -1.000000 0.000000 0.000000
vn -1.000000 0.000000 0.000000
vn 0.000000 0.953396 0.301720
vn 0.000000 0.953396 0.301720
vn 1.000000 0.000000 0.000000
vn 1.000000 0.000000 0.000000
vn 0.000000 -0.990509 0.137451
vn 0.000000 -0.990509 0.137451
vn -1.000000 -0.000000 0.000000
vn -1.000000 -0.000000 0.000000
vn 0.000000 0.992729 -0.120373
vn 0.000000 0.992729 -0.120373
vn 1.000000 0.000000 0.000000
vn 1.000000 0.000000 0.000000
vn 0.000000 -0.906490 0.422227
vn 0.000000 -0.906490 0.422227
vn -1.000000 -0.000000 0.000000
vn -1.000000 -0.000000 0.000000
vn 0.000000 0.906667 -0.421847
vn 0.000000 0.906667 -0.421847
vn 1.000000 0.000000 0.000000
vn 1.000000 0.000000 0.000000
vn 0.000000 -0.750142 0.661277
vn 0.000000 -0.750142 0.661277
vn -1.000000 0.000000 0.000000
vn -1.000000 0.000000 0.000000
vn 0.000000 0.739262 -0.673418
vn 0.000000 0.739262 -0.673418
vn 1.000000 -0.000000 0.000000
vn 1.000000 -0.000000 0.000000
vn 0.000000 -0.417232 0.908800
vn 0.000000 -0.417232 0.908800
vn -1.000000 0.000000 0.000000
vn -1.000000 0.000000 0.000000
vn 0.000000 0.379054 -0.925375
vn 0.000000 0.379054 -0.925375
vn 1.000000 -0.000000 0.000000
vn 1.000000 -0.000000 0.000000
vn 0.000000 0.224403 0.974496
vn 0.000000 0.224403 0.974496
vn -1.000000 0.000000 0.000000
vn -1.000000 0.000000 0.000000
vn 0.000000 -0.217840 -0.975984
vn 0.000000 -0.217840 -0.975984
vn 1.000000 -0.000000 0.000000
vn 1.000000 -0.000000 0.000000
vn 0.000000 0.761343 0.648349
vn 0.000000 0.761343 0.648349
vn -1.000000 0.000000 0.000000
vn -1.000000 0.000000 0.000000
vn 0.000000 -0.749834 -0.661626
vn 0.000000 -0.749834 -0.661626
vn 1.000000 -0.000000 0.000000
vn 1.000000 -0.000000 0.000000
vn 0.000000 0.996508 0.083495
vn 0.000000 0.996508 0.083495
vn -1.000000 0.000000 0.000000
vn -1.000000 0.000000 0.000000
vn 0.000000 -0.998804 -0.048895
vn 0.000000 -0.998804 -0.048895
vn 1.000000 0.000000 0.000000
vn 1.000000 0.000000 0.000000
vn 0.000000 0.777287 -0.629147
vn 0.000000 0.777287 -0.629147
vn -1.000000 0.000000 0.000000
vn -1.000000 0.000000 0.000000
vn 0.000000 -0.818684 0.574245
vn 0.000000 -0.818684 0.574245
vn 1.000000 0.000000 0.000000
vn 1.000000 0.000000 0.000000
vn 0.000000 0.579977 -0.814633
vn 0.000000 0.579977 -0.814633
vn -1.000000 0.000000 0.000000
vn -1.000000 0.000000 0.000000
vn 0.000000 -0.590214 0.807247
vn 0.000000 -0.590214 0.807247
vn 0.000000 0.905728 0.423858
vn 0.000000 0.905728 0.423858
vn 0.000000 0.905728 0.423858
vn 0.000000 0.905728 0.423858
s 1
g Barras Barras1 group6 sweep3
usemtl initialShadingGroup
f 2035/3678/2883 2036/3356/2884 2040/3675/2885 2039/3361/2886
s 2
f 2036/3679/2887 2037/3358/2888 2041/3673/2889 2040/3360/2890
s 3
f 2037/3677/2891 2038/3359/2892 2042/3672/2893 2041/3362/2894
s 4
f 2038/3676/2895 2035/3357/2896 2039/3674/2897 2042/3363/2898
s 1
f 2039/3361/2886 2040/3675/2885 2044/3671/2899 2043/3365/2900
s 2
f 2040/3360/2890 2041/3673/2889 2045/3669/2901 2044/3364/2902
s 3
f 2041/3362/2894 2042/3672/2893 2046/3668/2903 2045/3366/2904
s 4
f 2042/3363/2898 2039/3674/2897 2043/3670/2905 2046/3367/2906
s 1
f 2043/3365/2900 2044/3671/2899 2048/3667/2907 2047/3369/2908
s 2
f 2044/3364/2902 2045/3669/2901 2049/3665/2909 2048/3368/2910
s 3
f 2045/3366/2904 2046/3668/2903 2050/3664/2911 2049/3370/2912
s 4
f 2046/3367/2906 2043/3670/2905 2047/3666/2913 2050/3371/2914
s 1
f 2047/3369/2908 2048/3667/2907 2052/3663/2915 2051/3373/2916
s 2
f 2048/3368/2910 2049/3665/2909 2053/3661/2917 2052/3372/2918
s 3
f 2049/3370/2912 2050/3664/2911 2054/3660/2919 2053/3374/2920
s 4
f 2050/3371/2914 2047/3666/2913 2051/3662/2921 2054/3375/2922
s 1
f 2051/3373/2916 2052/3663/2915 2056/3659/2923 2055/3377/2924
s 2
f 2052/3372/2918 2053/3661/2917 2057/3657/2925 2056/3376/2926
s 3
f 2053/3374/2920 2054/3660/2919 2058/3656/2927 2057/3378/2928
s 4
f 2054/3375/2922 2051/3662/2921 2055/3658/2929 2058/3379/2930
s 1
f 2055/3377/2924 2056/3659/2923 2060/3655/2931 2059/3381/2932
s 2
f 2056/3376/2926 2057/3657/2925 2061/3653/2933 2060/3380/2934
s 3
f 2057/3378/2928 2058/3656/2927 2062/3652/2935 2061/3382/2936
s 4
f 2058/3379/2930 2055/3658/2929 2059/3654/2937 2062/3383/2938
s 1
f 2059/3381/2932 2060/3655/2931 2064/3651/2939 2063/3385/2940
s 2
f 2060/3380/2934 2061/3653/2933 2065/3649/2941 2064/3384/2942
s 3
f 2061/3382/2936 2062/3652/2935 2066/3648/2943 2065/3386/2944
s 4
f 2062/3383/2938 2059/3654/2937 2063/3650/2945 2066/3387/2946
s 1
f 2063/3385/2940 2064/3651/2939 2068/3647/2947 2067/3389/2948
s 2
f 2064/3384/2942 2065/3649/2941 2069/3645/2949 2068/3388/2950
s 3
f 2065/3386/2944 2066/3648/2943 2070/3644/2951 2069/3390/2952
s 4
f 2066/3387/2946 2063/3650/2945 2067/3646/2953 2070/3391/2954
s 1
f 2067/3389/2948 2068/3647/2947 2072/3643/2955 2071/3393/2956
s 2
f 2068/3388/2950 2069/3645/2949 2073/3641/2957 2072/3392/2958
s 3
f 2069/3390/2952 2070/3644/2951 2074/3640/2959 2073/3394/2960
s 4
f 2070/3391/2954 2067/3646/2953 2071/3642/2961 2074/3395/2962
s 1
f 2071/3393/2956 2072/3643/2955 2076/3639/2963 2075/3397/2964
s 2
f 2072/3392/2958 2073/3641/2957 2077/3637/2965 2076/3396/2966
s 3
f 2073/3394/2960 2074/3640/2959 2078/3636/2967 2077/3398/2968
s 4
f 2074/3395/2962 2071/3642/2961 2075/3638/2969 2078/3399/2970
s 1
f 2075/3397/2964 2076/3639/2963 2080/3635/2971 2079/3401/2972
s 2
f 2076/3396/2966 2077/3637/2965 2081/3633/2973 2080/3400/2974
s 3
f 2077/3398/2968 2078/3636/2967 2082/3632/2975 2081/3402/2976
s 4
f 2078/3399/2970 2075/3638/2969 2079/3634/2977 2082/3403/2978
s 1
f 2079/3401/2972 2080/3635/2971 2084/3631/2979 2083/3405/2980
s 2
f 2080/3400/2974 2081/3633/2973 2085/3629/2981 2084/3404/2982
s 3
f 2081/3402/2976 2082/3632/2975 2086/3628/2983 2085/3406/2984
s 4
f 2082/3403/2978 2079/3634/2977 2083/3630/2985 2086/3407/2986
s 1
f 2083/3405/2980 2084/3631/2979 2088/3627/2987 2087/3409/2988
s 2
f 2084/3404/2982 2085/3629/2981 2089/3625/2989 2088/3408/2990
s 3
f 2085/3406/2984 2086/3628/2983 2090/3624/2991 2089/3410/2992
s 4
f 2086/3407/2986 2083/3630/2985 2087/3626/2993 2090/3411/2994
s 1
f 2087/3409/2988 2088/3627/2987 2092/3623/2995 2091/3413/2996
s 2
f 2088/3408/2990 2089/3625/2989 2093/3621/2997 2092/3412/2998
s 3
f 2089/3410/2992 2090/3624/2991 2094/3620/2999 2093/3414/3000
s 4
f 2090/3411/2994 2087/3626/2993 2091/3622/3001 2094/3415/3002
s 1
f 2091/3413/2996 2092/3623/2995 2096/3619/3003 2095/3417/3004
s 2
f 2092/3412/2998 2093/3621/2997 2097/3617/3005 2096/3416/3006
s 3
f 2093/3414/3000 2094/3620/2999 2098/3616/3007 2097/3418/3008
s 4
f 2094/3415/3002 2091/3622/3001 2095/3618/3009 2098/3419/3010
s 1
f 2095/3417/3004 2096/3619/3003 2100/3615/3011 2099/3421/3012
s 2
f 2096/3416/3006 2097/3617/3005 2101/3613/3013 2100/3420/3014
s 3
f 2097/3418/3008 2098/3616/3007 2102/3612/3015 2101/3422/3016
s 4
f 2098/3419/3010 2095/3618/3009 2099/3614/3017 2102/3423/3018
s 1
f 2099/3421/3012 2100/3615/3011 2104/3611/3019 2103/3425/3020
s 2
f 2100/3420/3014 2101/3613/3013 2105/3609/3021 2104/3424/3022
s 3
f 2101/3422/3016 2102/3612/3015 2106/3608/3023 2105/3426/3024
s 4
f 2102/3423/3018 2099/3614/3017 2103/3610/3025 2106/3427/3026
s 1
f 2103/3425/3020 2104/3611/3019 2108/3607/3027 2107/3429/3028
s 2
f 2104/3424/3022 2105/3609/3021 2109/3605/3029 2108/3428/3030
s 3
f 2105/3426/3024 2106/3608/3023 2110/3604/3031 2109/3430/3032
s 4
f 2106/3427/3026 2103/3610/3025 2107/3606/3033 2110/3431/3034
s 1
f 2107/3429/3028 2108/3607/3027 2112/3603/3035 2111/3433/3036
s 2
f 2108/3428/3030 2109/3605/3029 2113/3601/3037 2112/3432/3038
s 3
f 2109/3430/3032 2110/3604/3031 2114/3600/3039 2113/3434/3040
s 4
f 2110/3431/3034 2107/3606/3033 2111/3602/3041 2114/3435/3042
s 1
f 2111/3433/3036 2112/3603/3035 2116/3599/3043 2115/3437/3044
s 2
f 2112/3432/3038 2113/3601/3037 2117/3597/3045 2116/3436/3046
s 3
f 2113/3434/3040 2114/3600/3039 2118/3596/3047 2117/3438/3048
s 4
f 2114/3435/3042 2111/3602/3041 2115/3598/3049 2118/3439/3050
s 1
f 2115/3437/3044 2116/3599/3043 2120/3595/3051 2119/3441/3052
s 2
f 2116/3436/3046 2117/3597/3045 2121/3593/3053 2120/3440/3054
s 3
f 2117/3438/3048 2118/3596/3047 2122/3592/3055 2121/3442/3056
s 4
f 2118/3439/3050 2115/3598/3049 2119/3594/3057 2122/3443/3058
s 1
f 2119/3441/3052 2120/3595/3051 2124/3591/3059 2123/3445/3060
s 2
f 2120/3440/3054 2121/3593/3053 2125/3589/3061 2124/3444/3062
s 3
f 2121/3442/3056 2122/3592/3055 2126/3588/3063 2125/3446/3064
s 4
f 2122/3443/3058 2119/3594/3057 2123/3590/3065 2126/3447/3066
s 1
f 2123/3445/3060 2124/3591/3059 2128/3587/3067 2127/3449/3068
s 2
f 2124/3444/3062 2125/3589/3061 2129/3585/3069 2128/3448/3070
s 3
f 2125/3446/3064 2126/3588/3063 2130/3584/3071 2129/3450/3072
s 4
f 2126/3447/3066 2123/3590/3065 2127/3586/3073 2130/3451/3074
s 1
f 2127/3449/3068 2128/3587/3067 2132/3583/3075 2131/3453/3076
s 2
f 2128/3448/3070 2129/3585/3069 2133/3581/3077 2132/3452/3078
s 3
f 2129/3450/3072 2130/3584/3071 2134/3580/3079 2133/3454/3080
s 4
f 2130/3451/3074 2127/3586/3073 2131/3582/3081 2134/3455/3082
s 1
f 2131/3453/3076 2132/3583/3075 2136/3579/3083 2135/3457/3084
s 2
f 2132/3452/3078 2133/3581/3077 2137/3577/3085 2136/3456/3086
s 3
f 2133/3454/3080 2134/3580/3079 2138/3576/3087 2137/3458/3088
s 4
f 2134/3455/3082 2131/3582/3081 2135/3578/3089 2138/3459/3090
s 1
f 2135/3457/3084 2136/3579/3083 2140/3575/3091 2139/3461/3092
s 2
f 2136/3456/3086 2137/3577/3085 2141/3573/3093 2140/3460/3094
s 3
f 2137/3458/3088 2138/3576/3087 2142/3572/3095 2141/3462/3096
s 4
f 2138/3459/3090 2135/3578/3089 2139/3574/3097 2142/3463/3098
s 1
f 2139/3461/3092 2140/3575/3091 2144/3571/3099 2143/3465/3100
s 2
f 2140/3460/3094 2141/3573/3093 2145/3569/3101 2144/3464/3102
s 3
f 2141/3462/3096 2142/3572/3095 2146/3568/3103 2145/3466/3104
s 4
f 2142/3463/3098 2139/3574/3097 2143/3570/3105 2146/3467/3106
s 1
f 2143/3465/3100 2144/3571/3099 2148/3567/3107 2147/3469/3108
s 2
f 2144/3464/3102 2145/3569/3101 2149/3565/3109 2148/3468/3110
s 3
f 2145/3466/3104 2146/3568/3103 2150/3564/3111 2149/3470/3112
s 4
f 2146/3467/3106 2143/3570/3105 2147/3566/3113 2150/3471/3114
s 1
f 2147/3469/3108 2148/3567/3107 2152/3563/3115 2151/3473/3116
s 2
f 2148/3468/3110 2149/3565/3109 2153/3561/3117 2152/3472/3118
s 3
f 2149/3470/3112 2150/3564/3111 2154/3560/3119 2153/3474/3120
s 4
f 2150/3471/3114 2147/3566/3113 2151/3562/3121 2154/3475/3122
s 1
f 2151/3473/3116 2152/3563/3115 2156/3559/3123 2155/3477/3124
s 2
f 2152/3472/3118 2153/3561/3117 2157/3557/3125 2156/3476/3126
s 3
f 2153/3474/3120 2154/3560/3119 2158/3556/3127 2157/3478/3128
s 4
f 2154/3475/3122 2151/3562/3121 2155/3558/3129 2158/3479/3130
s 1
f 2155/3477/3124 2156/3559/3123 2160/3555/3131 2159/3481/3132
s 2
f 2156/3476/3126 2157/3557/3125 2161/3553/3133 2160/3480/3134
s 3
f 2157/3478/3128 2158/3556/3127 2162/3552/3135 2161/3482/3136
s 4
f 2158/3479/3130 2155/3558/3129 2159/3554/3137 2162/3483/3138
s 1
f 2159/3481/3132 2160/3555/3131 2164/3551/3139 2163/3485/3140
s 2
f 2160/3480/3134 2161/3553/3133 2165/3549/3141 2164/3484/3142
s 3
f 2161/3482/3136 2162/3552/3135 2166/3548/3143 2165/3486/3144
s 4
f 2162/3483/3138 2159/3554/3137 2163/3550/3145 2166/3487/3146
s 1
f 2163/3485/3140 2164/3551/3139 2168/3547/3147 2167/3489/3148
s 2
f 2164/3484/3142 2165/3549/3141 2169/3545/3149 2168/3488/3150
s 3
f 2165/3486/3144 2166/3548/3143 2170/3544/3151 2169/3490/3152
s 4
f 2166/3487/3146 2163/3550/3145 2167/3546/3153 2170/3491/3154
s 1
f 2167/3489/3148 2168/3547/3147 2172/3543/3155 2171/3493/3156
s 2
f 2168/3488/3150 2169/3545/3149 2173/3541/3157 2172/3492/3158
s 3
f 2169/3490/3152 2170/3544/3151 2174/3540/3159 2173/3494/3160
s 4
f 2170/3491/3154 2167/3546/3153 2171/3542/3161 2174/3495/3162
s 1
f 2171/3493/3156 2172/3543/3155 2176/3539/3163 2175/3497/3164
s 2
f 2172/3492/3158 2173/3541/3157 2177/3537/3165 2176/3496/3166
s 3
f 2173/3494/3160 2174/3540/3159 2178/3536/3167 2177/3498/3168
s 4
f 2174/3495/3162 2171/3542/3161 2175/3538/3169 2178/3499/3170
s 1
f 2175/3497/3164 2176/3539/3163 2180/3535/3171 2179/3501/3172
s 2
f 2176/3496/3166 2177/3537/3165 2181/3533/3173 2180/3500/3174
s 3
f 2177/3498/3168 2178/3536/3167 2182/3532/3175 2181/3502/3176
s 4
f 2178/3499/3170 2175/3538/3169 2179/3534/3177 2182/3503/3178
s 1
f 2179/3501/3172 2180/3535/3171 2184/3531/3179 2183/3505/3180
s 2
f 2180/3500/3174 2181/3533/3173 2185/3529/3181 2184/3504/3182
s 3
f 2181/3502/3176 2182/3532/3175 2186/3528/3183 2185/3506/3184
s 4
f 2182/3503/3178 2179/3534/3177 2183/3530/3185 2186/3507/3186
s 1
f 2183/3505/3180 2184/3531/3179 2188/3527/3187 2187/3509/3188
s 2
f 2184/3504/3182 2185/3529/3181 2189/3525/3189 2188/3508/3190
s 3
f 2185/3506/3184 2186/3528/3183 2190/3522/3191 2189/3510/3192
s 4
f 2186/3507/3186 2183/3530/3185 2187/3526/3193 2190/3511/3194
s 1
f 2187/3509/3188 2188/3527/3187 2192/3523/3195 2191/3516/3196
s 2
f 2188/3508/3190 2189/3525/3189 2193/3520/3197 2192/3512/3198
s 3
f 2189/3510/3192 2190/3522/3191 2194/3518/3199 2193/3514/3200
s 4
f 2190/3511/3194 2187/3526/3193 2191/3517/3201 2194/3515/3202
s off
f 2191/3513/3203 2192/3524/3204 2193/3521/3205 2194/3519/3206
g default
v -0.107891 0.839969 1.411955
v -0.011367 0.839969 1.411955
v -0.105556 0.854416 1.411955
v -0.013703 0.854416 1.411955
v -0.105556 0.854416 -1.852401
v -0.013703 0.854416 -1.852401
v -0.107891 0.839969 -1.852401
v -0.011367 0.839969 -1.852401
v -0.029702 0.865338 -1.852401
v -0.038506 0.824510 -1.852401
v -0.038506 0.824510 1.411955
v -0.029702 0.865338 1.411955
v -0.089557 0.865338 -1.852401
v -0.080753 0.824510 -1.852401
v -0.080753 0.824510 1.411955
v -0.089557 0.865338 1.411955
v -0.023241 0.858486 1.411955
v -0.023241 0.858486 -1.852401
v -0.021927 0.830880 -1.852401
v -0.021927 0.830880 1.411955
v -0.096018 0.858486 1.411955
v -0.096018 0.858486 -1.852401
v -0.097332 0.830880 -1.852401
v -0.097332 0.830880 1.411955
v -0.111176 0.847193 1.411955
v -0.111176 0.847193 -1.852401
v -0.008083 0.847193 -1.852401
v -0.008083 0.847193 1.411955
vt 0.090530 0.962704
vt 0.087590 0.962704
vt 0.087590 0.037298
vt 0.090530 0.037298
vt 0.095374 0.037298
vt 0.099324 0.037298
vt 0.099324 0.962704
vt 0.095374 0.962704
vt 0.057498 0.962704
vt 0.057498 0.037298
vt 0.059748 0.037298
vt 0.059748 0.962704
vt 0.093124 0.962704
vt 0.093124 0.037298
vt 0.048513 0.962704
vt 0.048513 0.037298
vt 0.053548 0.037298
vt 0.053548 0.962704
vt 0.067952 0.037298
vt 0.067952 0.962704
vt 0.065282 0.962704
vt 0.065282 0.037298
vt 0.036537 0.962704
vt 0.104358 0.037298
vt 0.084920 0.037298
vt 0.084920 0.962704
vt 0.062342 0.962704
vt 0.062342 0.037298
vt 0.036537 0.037298
vt 0.104359 0.962704
vn -0.597467 0.801893 0.000000
vn -0.563820 0.825898 0.000000
vn -0.563820 0.825898 0.000000
vn -0.597467 0.801893 0.000000
vn -0.762429 -0.647072 0.000000
vn -0.494957 -0.868917 0.000000
vn -0.494957 -0.868917 0.000000
vn -0.762429 -0.647072 0.000000
vn 0.762429 -0.647072 0.000000
vn 0.762429 -0.647072 0.000000
vn 0.987182 0.159600 0.000000
vn 0.987182 0.159600 0.000000
vn -0.987182 0.159602 0.000000
vn -0.987182 0.159602 0.000000
vn 0.107658 -0.994188 0.000000
vn 0.107658 -0.994188 0.000000
vn 0.494957 -0.868917 0.000000
vn 0.494957 -0.868917 0.000000
vn 0.727531 0.686075 0.000000
vn 0.727531 0.686075 0.000000
vn 0.563820 0.825898 0.000000
vn 0.563820 0.825898 0.000000
vn -0.107658 -0.994188 0.000000
vn -0.107658 -0.994188 0.000000
vn 0.000000 1.000000 0.000000
vn 0.000000 1.000000 0.000000
vn 0.000000 1.000000 0.000000
vn 0.000000 1.000000 0.000000
vn 0.597467 0.801894 0.000000
vn 0.597467 0.801894 0.000000
vn -0.727531 0.686074 0.000000
vn -0.727531 0.686074 0.000000
s 1
g pCube127
usemtl initialShadingGroup
f 2197/3680/3207 2215/3681/3208 2216/3682/3209 2199/3683/3210
f 2201/3684/3211 2217/3685/3212 2218/3686/3213 2195/3687/3214
f 2196/3688/3215 2202/3689/3216 2221/3690/3217 2222/3691/3218
f 2201/3684/3211 2195/3687/3214 2219/3692/3219 2220/3693/3220
f 2205/3694/3221 2204/3695/3222 2213/3696/3223 2214/3697/3224
f 2203/3698/3225 2206/3699/3226 2211/3700/3227 2212/3701/3228
f 2209/3702/3229 2208/3708/3230 2204/3695/3222 2205/3694/3221
s off
f 2207/3704/3231 2210/3705/3232 2206/3699/3233 2203/3698/3234
s 1
f 2212/3701/3228 2211/3700/3227 2198/3706/3235 2200/3707/3236
f 2214/3697/3224 2213/3696/3223 2202/3689/3216 2196/3688/3215
f 2215/3681/3208 2210/3705/3237 2207/3704/3238 2216/3682/3209
f 2218/3686/3213 2217/3685/3212 2208/3703/3230 2209/3709/3229
f 2220/3693/3220 2219/3692/3219 2197/3680/3207 2199/3683/3210
f 2222/3691/3218 2221/3690/3217 2200/3707/3236 2198/3706/3235
g default
v -0.148583 0.872379 1.577690
v 0.019961 0.872379 1.577690
v -0.148583 0.872379 1.412494
v 0.019961 0.872379 1.412494
v 0.019961 0.035594 1.412494
v -0.148583 0.035594 1.412494
v -0.148583 0.035594 1.577690
v 0.019961 0.035594 1.577690
v 0.029691 0.035594 1.402957
v -0.158313 0.035594 1.402957
v 0.029691 0.000000 1.402957
v -0.158313 0.000000 1.402957
v -0.158313 0.000000 1.587227
v -0.158313 0.035594 1.587227
v 0.029691 0.000000 1.587227
v 0.029691 0.035594 1.587227
v 0.019961 0.790083 1.577690
v -0.148583 0.790083 1.577690
v -0.148583 0.790083 1.412494
v 0.019961 0.790083 1.412494
v 0.019961 0.656878 1.577690
v -0.148583 0.656878 1.577690
v -0.148583 0.656878 1.412494
v 0.019961 0.656878 1.412494
v 0.008212 0.656878 1.566175
v -0.136833 0.656878 1.566175
v 0.008212 0.790083 1.566175
v -0.136833 0.790083 1.566175
v -0.136833 0.656878 1.424010
v -0.136833 0.790083 1.424010
v 0.008212 0.790083 1.424010
v 0.008212 0.656878 1.424010
v 0.019961 0.639564 1.412494
v -0.148583 0.639564 1.412494
v -0.148583 0.639564 1.577690
v 0.019961 0.639564 1.577690
v -0.157290 0.641923 1.586225
v 0.028669 0.641923 1.586225
v 0.028669 0.654519 1.586225
v -0.157290 0.654519 1.586225
v -0.157290 0.654519 1.403960
v 0.028669 0.654519 1.403960
v 0.028669 0.641923 1.403960
v -0.157290 0.641923 1.403960
v -0.165517 0.919973 1.594288
v 0.036896 0.919973 1.594288
v 0.036896 0.919973 1.395896
v -0.165517 0.919973 1.395896
v -0.161854 0.900420 1.399487
v 0.033233 0.900420 1.399487
v 0.033233 0.900420 1.590698
v -0.161854 0.900420 1.590698
v -0.141194 0.919973 1.570449
v 0.012573 0.919973 1.570449
v 0.012573 0.919973 1.419737
v -0.141194 0.919973 1.419737
v -0.128545 0.930366 1.558051
v -0.000076 0.930366 1.558051
v -0.000076 0.930366 1.432133
v -0.128545 0.930366 1.432133
v -0.064311 0.000000 1.402957
v -0.064311 0.035594 1.402957
v -0.064311 0.035594 1.412494
v -0.064311 0.639564 1.412494
v -0.064311 0.641923 1.403960
v -0.064311 0.654519 1.403960
v -0.064311 0.656878 1.412494
v -0.064311 0.656878 1.424010
v -0.064311 0.790083 1.424010
v -0.064311 0.790083 1.412494
v -0.064311 0.872379 1.412494
v -0.064311 0.900420 1.399487
v -0.064311 0.919973 1.395896
v -0.064311 0.919973 1.419737
v -0.064311 0.930366 1.432133
v -0.064311 0.930366 1.558051
v -0.064311 0.919973 1.570449
v -0.064311 0.919973 1.594288
v -0.064311 0.900420 1.590698
v -0.064311 0.872379 1.577690
v -0.064311 0.790083 1.577690
v -0.064311 0.790083 1.566175
v -0.064311 0.656878 1.566175
v -0.064311 0.656878 1.577690
v -0.064311 0.654519 1.586225
v -0.064311 0.641923 1.586225
v -0.064311 0.639564 1.577690
v -0.064311 0.035594 1.577690
v -0.064311 0.035594 1.587227
v -0.064311 0.000000 1.587227
v 0.029691 0.000000 1.495092
v 0.029691 0.035594 1.495092
v 0.019961 0.035594 1.495092
v 0.019961 0.639564 1.495092
v 0.028669 0.641923 1.495092
v 0.028669 0.654519 1.495092
v 0.019961 0.656878 1.495092
v 0.008212 0.656878 1.495092
v 0.008212 0.790083 1.495092
v 0.019961 0.790083 1.495092
v 0.019961 0.872379 1.495092
v 0.033233 0.900420 1.495092
v 0.036896 0.919973 1.495092
v 0.012573 0.919973 1.495092
v -0.000076 0.930366 1.495092
v -0.128545 0.930366 1.495092
v -0.141194 0.919973 1.495092
v -0.165517 0.919973 1.495092
v -0.161854 0.900420 1.495092
v -0.148583 0.872379 1.495092
v -0.148583 0.790083 1.495092
v -0.136833 0.790083 1.495092
v -0.136833 0.656878 1.495092
v -0.148583 0.656878 1.495092
v -0.157290 0.654519 1.495092
v -0.157290 0.641923 1.495092
v -0.148583 0.639564 1.495092
v -0.148583 0.035594 1.495092
v -0.158313 0.035594 1.495092
v -0.158313 0.000000 1.495092
v -0.064311 0.930366 1.546227
v -0.028153 0.930366 1.531250
v -0.013176 0.930366 1.495093
v -0.100468 0.930366 1.531250
v -0.115445 0.930366 1.495093
v -0.028153 0.930366 1.458935
v -0.064311 0.930366 1.443958
v -0.100468 0.930366 1.458935
v -0.064311 0.944034 1.546227
v -0.028153 0.944034 1.531250
v -0.013176 0.944034 1.495093
v -0.100468 0.944034 1.531250
v -0.115445 0.944034 1.495093
v -0.028153 0.944034 1.458935
v -0.064311 0.944034 1.443958
v -0.100468 0.944034 1.458935
v -0.064311 0.948529 1.533048
v -0.037472 0.948529 1.521931
v -0.026355 0.948529 1.495093
v -0.091149 0.948529 1.521931
v -0.102266 0.948529 1.495093
v -0.037472 0.948529 1.468254
v -0.064311 0.948529 1.457138
v -0.091149 0.948529 1.468254
v -0.064311 0.959991 1.519973
v -0.046717 0.959991 1.512686
v -0.039430 0.959991 1.495093
v -0.081904 0.959991 1.512686
v -0.089191 0.959991 1.495093
v -0.046717 0.959991 1.477499
v -0.064311 0.959991 1.470212
v -0.081904 0.959991 1.477499
v -0.064311 0.600232 1.412494
v 0.019961 0.600232 1.412494
v 0.019961 0.600232 1.495092
v 0.019961 0.600232 1.577690
v -0.064311 0.600232 1.577690
v -0.148583 0.600232 1.577690
v -0.148583 0.600232 1.495092
v -0.148583 0.600232 1.412494
v -0.064311 0.093232 1.412494
v 0.019961 0.093232 1.412494
v 0.019961 0.093232 1.495092
v 0.019961 0.093232 1.577690
v -0.064311 0.093232 1.577690
v -0.148583 0.093232 1.577690
v -0.148583 0.093232 1.495092
v -0.148583 0.093232 1.412494
v -0.064311 0.585196 1.412494
v 0.006425 0.585196 1.412494
v 0.006425 0.108268 1.412494
v -0.064311 0.108268 1.412494
v -0.135046 0.585196 1.412494
v -0.135046 0.108268 1.412494
v 0.006425 0.108268 1.577690
v -0.064311 0.108268 1.577690
v 0.006425 0.585196 1.577690
v -0.064311 0.585196 1.577690
v -0.135046 0.108268 1.577690
v -0.135046 0.585196 1.577690
v 0.019961 0.105427 1.495092
v 0.019961 0.588037 1.495092
v 0.019961 0.105427 1.424222
v 0.019961 0.588037 1.424222
v 0.019961 0.105427 1.565962
v 0.019961 0.588037 1.565962
v -0.148583 0.105427 1.565962
v -0.148583 0.105427 1.495092
v -0.148583 0.588037 1.565962
v -0.148583 0.588037 1.495092
v -0.148583 0.105427 1.424222
v -0.148583 0.588037 1.424222
v -0.064311 0.585196 1.418766
v 0.001054 0.585196 1.418766
v 0.001054 0.108268 1.418766
v -0.064311 0.108268 1.418766
v -0.129675 0.585196 1.418766
v -0.129675 0.108268 1.418766
v 0.013563 0.105427 1.495092
v 0.013563 0.588037 1.495092
v 0.013563 0.105427 1.429604
v 0.013563 0.588037 1.429604
v 0.013563 0.105427 1.560581
v 0.013563 0.588037 1.560581
v 0.001054 0.108268 1.571419
v -0.064311 0.108268 1.571419
v 0.001054 0.585196 1.571419
v -0.064311 0.585196 1.571419
v -0.129675 0.108268 1.571419
v -0.129675 0.585196 1.571419
v -0.142184 0.105427 1.560581
v -0.142184 0.105427 1.495092
v -0.142184 0.588037 1.560581
v -0.142184 0.588037 1.495092
v -0.142184 0.105427 1.429604
v -0.142184 0.588037 1.429604
v -0.064311 0.979078 1.519973
v -0.046717 0.979078 1.512686
v -0.039430 0.979078 1.495093
v -0.064311 0.979078 1.495093
v -0.081904 0.979078 1.512686
v -0.089191 0.979078 1.495093
v -0.046717 0.979078 1.477499
v -0.064311 0.979078 1.470212
v -0.081904 0.979078 1.477499
vt 0.631097 0.414892
vt 0.322248 0.676583
vt 0.326572 0.676693
vt 0.325764 0.708612
vt 0.599313 0.058175
vt 0.538675 0.102286
vt 0.538675 0.108825
vt 0.602582 0.066069
vt 0.157370 0.422671
vt 0.328158 0.614123
vt 0.323834 0.614013
vt 0.324643 0.582094
vt 0.323041 0.645298
vt 0.189303 0.390806
vt 0.662456 0.382739
vt 0.327037 0.487604
vt 0.324955 0.740531
vt 0.330568 0.518999
vt 0.918832 0.599223
vt 0.919650 0.566953
vt 0.318750 0.616857
vt 0.317932 0.649127
vt 0.316313 0.713026
vt 0.315512 0.744655
vt 0.854756 0.629890
vt 0.304094 0.712717
vt 0.321171 0.521329
vt 0.320353 0.553599
vt 0.856392 0.565350
vt 0.308951 0.521019
vt 0.319551 0.585228
vt 0.888021 0.566152
vt 0.123241 0.143843
vt 0.123241 0.172782
vt 0.123241 0.058175
vt 0.123241 0.086539
vt 0.123241 0.229511
vt 0.123241 0.258450
vt 0.123241 0.201147
vt 0.571598 0.436166
vt 0.571598 0.407227
vt 0.566630 0.124852
vt 0.579968 0.097533
vt 0.543234 0.465105
vt 0.571598 0.465105
vt 0.592876 0.071207
vt 0.580562 0.272912
vt 0.562193 0.215615
vt 0.557145 0.185032
vt 0.514869 0.407227
vt 0.589566 0.211004
vt 0.588498 0.159064
vt 0.561972 0.154956
vt 0.157248 0.365939
vt 0.182171 0.366372
vt 0.737186 0.894492
vt 0.736555 0.919389
vt 0.131469 0.391698
vt 0.132346 0.365501
vt 0.735924 0.944285
vt 0.740302 0.771494
vt 0.518824 0.436166
vt 0.738422 0.845688
vt 0.182171 0.415240
vt 0.693325 0.819633
vt 0.692076 0.868932
vt 0.543234 0.411261
vt 0.157317 0.361985
vt 0.186225 0.362469
vt 0.127437 0.391839
vt 0.128381 0.361476
vt 0.186225 0.419143
vt 0.157317 0.419626
vt 0.186201 0.390806
vt 0.143034 0.143843
vt 0.143034 0.172782
vt 0.143034 0.058175
vt 0.143034 0.086539
vt 0.143034 0.229511
vt 0.143034 0.258450
vt 0.143034 0.201147
vt 0.330645 0.258450
vt 0.330645 0.229511
vt 0.690963 0.443667
vt 0.330645 0.143843
vt 0.330645 0.201147
vt 0.330645 0.086539
vt 0.330645 0.058175
vt 0.555601 0.121461
vt 0.570702 0.092754
vt 0.551866 0.153402
vt 0.552129 0.217267
vt 0.545654 0.185051
vt 0.585438 0.062381
vt 0.571368 0.277838
vt 0.693838 0.346001
vt 0.692312 0.310769
vt 0.657746 0.310779
vt 0.623182 0.312226
vt 0.564640 0.089535
vt 0.624711 0.382804
vt 0.565383 0.281197
vt 0.631545 0.320428
vt 0.631267 0.347356
vt 0.657918 0.319043
vt 0.685735 0.346177
vt 0.684303 0.319313
vt 0.632711 0.374247
vt 0.659119 0.374489
vt 0.636728 0.325464
vt 0.636870 0.347235
vt 0.658039 0.324713
vt 0.680133 0.346298
vt 0.679337 0.324564
vt 0.637671 0.368992
vt 0.658994 0.368820
vt 0.918014 0.631493
vt 0.317115 0.681397
vt 0.123241 0.114904
vt 0.143034 0.114904
vt 0.690816 0.385815
vt 0.325451 0.550175
vt 0.329776 0.550284
vt 0.128409 0.420160
vt 0.132324 0.416116
vt 0.739684 0.795896
vt 0.514869 0.465105
vt 0.567141 0.245888
vt 0.556229 0.249660
vt 0.549629 0.251936
vt 0.685468 0.373077
vt 0.680278 0.368046
vt 0.594689 0.062799
vt 0.594689 0.069338
vt 0.538675 0.115365
vt 0.538675 0.121904
vt 0.538675 0.128443
vt 0.445868 0.910048
vt 0.445528 0.923483
vt 0.446209 0.896613
vt 0.445187 0.936918
vt 0.447570 0.842871
vt 0.446549 0.883177
vt 0.446889 0.869742
vt 0.447230 0.856307
vt 0.414822 0.096985
vt 0.425014 0.086803
vt 0.400419 0.096977
vt 0.425014 0.072396
vt 0.414837 0.062217
vt 0.390239 0.086790
vt 0.390243 0.072384
vt 0.400437 0.062202
vt 0.412967 0.092538
vt 0.420557 0.084972
vt 0.402251 0.092520
vt 0.420569 0.074255
vt 0.413004 0.066673
vt 0.394685 0.084933
vt 0.394700 0.074216
vt 0.402291 0.066651
vt 0.545230 0.102286
vt 0.545230 0.095747
vt 0.545230 0.108825
vt 0.545230 0.089207
vt 0.545230 0.134983
vt 0.545230 0.115365
vt 0.545230 0.121904
vt 0.545230 0.128443
vt 0.317138 0.172782
vt 0.317138 0.143843
vt 0.317138 0.201147
vt 0.317138 0.229511
vt 0.317138 0.258450
vt 0.317138 0.058175
vt 0.317138 0.086539
vt 0.317138 0.114904
vt 0.623867 0.590945
vt 0.646306 0.591514
vt 0.642157 0.755239
vt 0.619718 0.754671
vt 0.765396 0.788601
vt 0.769594 0.622925
vt 0.792076 0.623494
vt 0.787878 0.789170
vt 0.747112 0.622355
vt 0.742914 0.788031
vt 0.670905 0.743163
vt 0.648466 0.742594
vt 0.652614 0.578869
vt 0.675054 0.579438
vt 0.693344 0.743732
vt 0.697493 0.580007
vt 0.479644 0.769811
vt 0.502126 0.770381
vt 0.497928 0.936057
vt 0.475446 0.935487
vt 0.457162 0.769242
vt 0.452964 0.934917
vt 0.601427 0.590377
vt 0.597279 0.754102
vt 0.649140 0.591586
vt 0.623921 0.588792
vt 0.643946 0.757439
vt 0.619663 0.756823
vt 0.599638 0.588177
vt 0.594444 0.754030
vt 0.645631 0.742523
vt 0.670851 0.745316
vt 0.650825 0.576670
vt 0.675108 0.577285
vt 0.695133 0.745931
vt 0.700327 0.580078
vt 0.794946 0.623567
vt 0.769650 0.620728
vt 0.789670 0.791414
vt 0.765340 0.790797
vt 0.745321 0.620112
vt 0.740044 0.787958
vt 0.504996 0.770454
vt 0.479699 0.767615
vt 0.499719 0.938300
vt 0.475390 0.937684
vt 0.455370 0.766998
vt 0.450094 0.934845
vt 0.538675 0.134983
vt 0.599313 0.073962
vt 0.605852 0.073962
vt 0.610476 0.069338
vt 0.610476 0.062799
vt 0.538675 0.089207
vt 0.538675 0.141522
vt 0.538675 0.095747
vt 0.415239 0.076585
vt 0.545230 0.141522
vt 0.605852 0.058175
vt 0.312950 0.110876
vt 0.147222 0.110876
vt 0.312950 0.086539
vt 0.147222 0.086539
vt 0.312950 0.062202
vt 0.147222 0.062202
vt 0.147222 0.225483
vt 0.312950 0.225483
vt 0.312950 0.201147
vt 0.147222 0.201147
vt 0.312950 0.176810
vt 0.147222 0.176810
vt 0.148197 0.282741
vt 0.311975 0.282741
vt 0.311975 0.258450
vt 0.148197 0.258450
vt 0.311975 0.234159
vt 0.148197 0.234159
vt 0.311975 0.119552
vt 0.148197 0.119552
vt 0.148197 0.143843
vt 0.311975 0.143843
vt 0.148197 0.168134
vt 0.311975 0.168134
vt 0.143034 0.287389
vt 0.317138 0.287389
vt 0.634113 0.385959
vt 0.330645 0.287389
vt 0.410875 0.072089
vt 0.404614 0.071984
vt 0.400115 0.076341
vt 0.400016 0.082606
vt 0.404377 0.087106
vt 0.415142 0.082846
vt 0.410643 0.087205
vt 0.449879 0.937037
vt 0.452603 0.829555
vt 0.452262 0.842990
vt 0.451922 0.856426
vt 0.451581 0.869861
vt 0.451241 0.883296
vt 0.450901 0.896731
vt 0.450220 0.923602
vt 0.646448 0.359361
vt 0.447911 0.829436
vt 0.450560 0.910167
vt 0.658892 0.364281
vt 0.671073 0.358806
vt 0.676036 0.346387
vt 0.670540 0.334194
vt 0.658134 0.329252
vt 0.640970 0.347146
vt 0.645914 0.334705
vt 0.886385 0.630692
vt 0.309769 0.488749
vt 0.303293 0.744346
vt 0.886470 0.627352
vt 0.123241 0.287389
vt 0.858115 0.626633
vt 0.662464 0.385844
vt 0.326244 0.518890
vt 0.320631 0.740421
vt 0.631097 0.382903
vt 0.124339 0.391948
vt 0.125434 0.423237
vt 0.694574 0.770335
vt 0.693956 0.794737
vt 0.543234 0.461070
vt 0.518824 0.461070
vt 0.605650 0.261493
vt 0.594972 0.237606
vt 0.659305 0.382753
vt 0.693838 0.381266
vt 0.545075 0.152369
vt 0.538675 0.185101
vt 0.543234 0.407227
vt 0.594280 0.133962
vt 0.737804 0.870090
vt 0.567643 0.411261
vt 0.182166 0.390806
vt 0.691458 0.893334
vt 0.327365 0.645408
vt 0.189306 0.359498
vt 0.662619 0.446887
vt 0.693978 0.446723
vt 0.662611 0.443782
vt 0.330645 0.172782
vt 0.887936 0.569492
vt 0.916292 0.570210
vt 0.307332 0.584919
vt 0.306531 0.616547
vt 0.855574 0.597620
vt 0.308134 0.553289
vt 0.858848 0.597703
vt 0.859581 0.568773
vt 0.634145 0.414885
vt 0.634259 0.443811
vt 0.321440 0.708502
vt 0.631259 0.446882
vt 0.157370 0.358943
vt 0.331361 0.487714
vt 0.123241 0.360672
vt 0.125445 0.358383
vt 0.690827 0.918230
vt 0.130611 0.367302
vt 0.695192 0.745933
vt 0.690196 0.943127
vt 0.567643 0.436166
vt 0.740920 0.747092
vt 0.567643 0.461070
vt 0.605908 0.108939
vt 0.618485 0.286383
vt 0.618485 0.083087
vt 0.623162 0.347532
vt 0.548941 0.119373
vt 0.545361 0.218428
vt 0.514869 0.436166
vt 0.586681 0.184764
vt 0.739053 0.820792
vt 0.518824 0.411261
vt 0.157247 0.415673
vt 0.692694 0.844530
vt 0.328967 0.582204
vt 0.189306 0.422114
vt 0.693978 0.414733
vt 0.693816 0.382744
vt 0.690930 0.414741
vt 0.330645 0.114904
vt 0.915558 0.599140
vt 0.914825 0.628070
vt 0.305713 0.648818
vt 0.304896 0.681088
vt 0.579871 0.058174
vt 0.580902 0.311780
vt 0.586376 0.307458
vt 0.593650 0.298548
vt 0.126440 0.363492
vt 0.321988 0.489059
vt 0.451061 0.937067
vt 0.454292 0.769169
vt 0.500798 0.936129
vt 0.504029 0.768231
vt 0.699391 0.577900
vt 0.696179 0.743804
vt 0.649780 0.578798
vt 0.646568 0.744701
vt 0.741011 0.790181
vt 0.744242 0.622282
vt 0.790748 0.789243
vt 0.793979 0.621344
vt 0.595380 0.756208
vt 0.598593 0.590305
vt 0.644992 0.755311
vt 0.648204 0.589408
vn 0.000000 0.000000 1.000000
vn 0.000000 0.000000 1.000000
vn 0.000000 0.000000 1.000000
vn 0.000000 0.000000 1.000000
vn 0.000000 1.000000 0.000000
vn 0.000000 1.000000 0.000000
vn 0.000000 1.000000 0.000002
vn 0.000000 1.000000 0.000001
vn 0.000000 0.000000 -1.000000
vn 0.000000 0.000000 -1.000000
vn 0.000000 0.000000 -1.000000
vn 0.000000 0.000000 -1.000000
vn 1.000000 0.000000 0.000000
vn 1.000000 0.000000 0.000000
vn 1.000000 0.000000 0.000000
vn 1.000000 0.000000 0.000000
vn -1.000000 0.000000 0.000000
vn -1.000000 0.000000 0.000000
vn -1.000000 0.000000 0.000000
vn -1.000000 0.000000 0.000000
vn 0.000000 0.000000 -1.000000
vn 0.000000 0.000000 -1.000000
vn 0.000000 0.000000 -1.000000
vn 0.000000 0.000000 -1.000000
vn -1.000000 0.000000 0.000000
vn -1.000000 0.000000 0.000000
vn -1.000000 0.000000 0.000000
vn -1.000000 0.000000 0.000000
vn 0.000000 0.000000 1.000000
vn 0.000000 0.000000 1.000000
vn 0.000000 0.000000 1.000000
vn 0.000000 0.000000 1.000000
vn 1.000000 0.000000 0.000000
vn 1.000000 0.000000 0.000000
vn 1.000000 0.000000 0.000000
vn 1.000000 0.000000 0.000000
vn 0.000000 1.000000 -0.000000
vn 0.000000 1.000000 0.000000
vn 0.000000 1.000000 0.000000
vn 0.000000 1.000000 -0.000000
vn 0.000000 1.000000 0.000000
vn 0.000000 1.000000 0.000000
vn 0.000000 1.000000 0.000000
vn 0.000000 1.000000 0.000000
vn 0.000000 1.000000 0.000000
vn 0.000000 1.000000 0.000000
vn 0.000000 1.000000 0.000000
vn 0.000000 1.000000 0.000000
vn 0.000000 1.000000 0.000000
vn 0.000000 1.000000 0.000000
vn 0.000000 1.000000 0.000000
vn 0.000000 1.000000 0.000000
vn 0.000000 0.000000 1.000000
vn 0.000000 0.000000 1.000000
vn 0.000000 0.000000 1.000000
vn 0.000000 0.000000 1.000000
vn -1.000000 0.000000 0.000000
vn -1.000000 0.000000 0.000000
vn -1.000000 0.000000 0.000000
vn -1.000000 0.000000 0.000000
vn 0.000000 0.000000 -1.000000
vn 0.000000 0.000000 -1.000000
vn 0.000000 0.000000 -1.000000
vn 0.000000 0.000000 -1.000000
vn 1.000000 0.000000 0.000000
vn 1.000000 0.000000 0.000000
vn 1.000000 0.000000 0.000000
vn 1.000000 0.000000 0.000000
vn 0.000000 0.000000 1.000000
vn 0.000000 0.000000 1.000000
vn 0.000000 0.000000 1.000000
vn 0.000000 0.000000 1.000000
vn -1.000000 0.000000 0.000000
vn -1.000000 0.000000 0.000000
vn -1.000000 0.000000 0.000000
vn -1.000000 0.000000 0.000000
vn 0.000000 0.000000 -1.000000
vn 0.000000 0.000000 -1.000000
vn 0.000000 0.000000 -1.000000
vn 0.000000 0.000000 -1.000000
vn 1.000000 0.000000 0.000000
vn 1.000000 0.000000 0.000000
vn 1.000000 0.000000 0.000000
vn 1.000000 0.000000 0.000000
vn 0.000000 1.000000 0.000001
vn 0.000000 1.000000 0.000000
vn 0.000000 1.000000 0.000000
vn 0.000000 1.000000 0.000001
vn 0.000000 -1.000000 0.000004
vn 0.000000 -1.000000 0.000002
vn 0.000000 -1.000000 0.000002
vn 0.000000 -1.000000 0.000004
vn 0.000000 1.000000 0.000000
vn 0.000000 1.000000 0.000000
vn 0.000000 1.000000 0.000000
vn 0.000000 1.000000 0.000000
vn 0.000000 -1.000000 0.000000
vn 0.000000 -1.000000 0.000000
vn 0.000000 -1.000000 0.000000
vn 0.000000 -1.000000 0.000000
vn 0.000000 -1.000000 -0.000002
vn 0.000000 -1.000000 -0.000004
vn 0.000000 -1.000000 -0.000004
vn 0.000000 -1.000000 -0.000002
vn 0.000000 1.000000 0.000002
vn 0.000000 1.000000 -0.000001
vn 0.000000 1.000000 -0.000001
vn 0.000000 1.000000 0.000002
vn 0.000000 1.000000 0.000000
vn 0.000000 1.000000 0.000000
vn 0.000000 1.000000 0.000000
vn 0.000000 1.000000 0.000000
vn 0.000000 -1.000000 0.000000
vn 0.000000 -1.000000 0.000000
vn 0.000000 -1.000000 0.000000
vn 0.000000 -1.000000 0.000000
vn 0.000000 0.000000 -1.000000
vn 0.000000 0.000000 -1.000000
vn 0.000000 0.000000 -1.000000
vn 0.000000 0.000000 -1.000000
vn -1.000000 0.000000 0.000000
vn -1.000000 0.000000 0.000000
vn -1.000000 0.000000 0.000000
vn -1.000000 0.000000 0.000000
vn 0.000000 0.000000 1.000000
vn 0.000000 0.000000 1.000000
vn 0.000000 0.000000 1.000000
vn 0.000000 0.000000 1.000000
vn 1.000000 0.000000 0.000000
vn 1.000000 0.000000 0.000000
vn 1.000000 0.000000 0.000000
vn 1.000000 0.000000 0.000000
vn 0.000000 -0.963852 0.266437
vn 0.000000 -0.963852 0.266438
vn 0.000000 -0.963852 0.266437
vn 0.000000 -0.963852 0.266437
vn 0.000000 0.963853 0.266436
vn 0.000000 0.963853 0.266435
vn 0.000000 0.963853 0.266435
vn 0.000000 0.963853 0.266436
vn 0.000000 0.963851 -0.266443
vn 0.000000 0.963850 -0.266444
vn 0.000000 0.963850 -0.266444
vn 0.000000 0.963851 -0.266443
vn 0.000000 -0.963851 -0.266443
vn 0.000000 -0.963851 -0.266444
vn 0.000000 -0.963851 -0.266444
vn 0.000000 -0.963851 -0.266443
vn 0.261511 -0.965201 0.000000
vn 0.261511 -0.965201 0.000000
vn 0.261511 -0.965201 0.000000
vn 0.261511 -0.965201 0.000000
vn 0.261511 0.965201 0.000000
vn 0.261511 0.965201 0.000000
vn 0.261511 0.965201 0.000000
vn 0.261511 0.965201 0.000000
vn -0.261513 -0.965200 0.000000
vn -0.261512 -0.965200 0.000000
vn -0.261512 -0.965200 0.000000
vn -0.261513 -0.965200 0.000000
vn -0.261512 0.965200 0.000000
vn -0.261513 0.965200 0.000000
vn -0.261513 0.965200 0.000000
vn -0.261512 0.965200 0.000000
vn 0.000000 -0.420812 0.907148
vn 0.000000 -0.420812 0.907148
vn 0.000000 -0.299732 0.954023
vn 0.000000 -0.324158 0.946003
vn 0.903883 -0.427781 0.000000
vn 0.903883 -0.427781 0.000000
vn 0.943976 -0.330014 0.000000
vn 0.952090 -0.305819 0.000000
vn 0.000000 -0.420800 -0.907154
vn 0.000000 -0.420800 -0.907154
vn 0.000000 -0.324152 -0.946005
vn 0.000000 -0.299728 -0.954025
vn -0.903883 -0.427781 0.000000
vn -0.903883 -0.427781 0.000000
vn -0.952090 -0.305819 0.000000
vn -0.943976 -0.330014 0.000000
vn 0.000000 -0.180606 -0.983555
vn 0.000000 -0.180606 -0.983555
vn 0.982899 -0.184148 0.000000
vn 0.982899 -0.184148 0.000000
vn 0.000000 -0.180601 0.983557
vn 0.000000 -0.180601 0.983557
vn -0.982899 -0.184147 0.000000
vn -0.982899 -0.184147 0.000000
vn 0.000000 1.000000 0.000000
vn 0.000000 1.000000 0.000000
vn 0.000000 1.000000 0.000000
vn 0.000000 1.000000 0.000000
vn 0.000000 1.000000 0.000000
vn 0.000000 1.000000 0.000000
vn 0.000000 1.000000 0.000000
vn 0.000000 1.000000 0.000000
vn 0.000000 1.000000 -0.000001
vn 0.000000 1.000000 -0.000000
vn 0.000000 1.000000 -0.000000
vn 0.000000 1.000000 -0.000001
vn 0.000000 1.000000 0.000000
vn 0.000000 1.000000 0.000000
vn 0.000000 1.000000 0.000000
vn 0.000000 1.000000 0.000000
vn 0.000000 0.766328 0.642450
vn 0.000000 0.766329 0.642449
vn 0.000000 0.766329 0.642449
vn 0.000000 0.766328 0.642450
vn 0.634867 0.772622 0.000000
vn 0.634867 0.772622 0.000000
vn 0.634867 0.772622 0.000000
vn 0.634867 0.772621 0.000000
vn 0.000000 0.766319 -0.642460
vn 0.000000 0.766319 -0.642461
vn 0.000000 0.766319 -0.642461
vn 0.000000 0.766319 -0.642460
vn -0.634865 0.772623 0.000000
vn -0.634865 0.772623 0.000000
vn -0.634865 0.772623 0.000000
vn -0.634865 0.772623 0.000000
vn 0.000000 0.000000 -1.000000
vn 0.000000 0.000000 -1.000000
vn 0.000000 1.000000 -0.000000
vn 0.000000 1.000000 -0.000000
vn 0.000000 0.000000 -1.000000
vn 0.000000 0.000000 -1.000000
vn 0.000000 -0.963850 -0.266444
vn 0.000000 -0.963850 -0.266444
vn 0.000000 0.000000 -1.000000
vn 0.000000 0.000000 -1.000000
vn 0.000000 0.963851 -0.266441
vn 0.000000 0.963851 -0.266441
vn 0.000000 1.000000 -0.000004
vn 0.000000 1.000000 -0.000004
vn 0.000000 0.000000 -1.000000
vn 0.000000 0.000000 -1.000000
vn 0.000000 -1.000000 0.000001
vn 0.000000 -1.000000 0.000001
vn 0.000000 0.000000 -1.000000
vn 0.000000 0.000000 -1.000000
vn 0.000000 -0.420800 -0.907154
vn 0.000000 -0.299728 -0.954025
vn 0.000000 -0.180607 -0.983555
vn 0.000000 1.000000 0.000000
vn 0.000000 1.000000 0.000000
vn 0.000000 0.766318 -0.642461
vn 0.000000 0.766318 -0.642461
vn 0.000000 1.000000 0.000000
vn 0.000000 1.000000 0.000000
vn 0.000000 0.766327 0.642451
vn 0.000000 0.766327 0.642451
vn 0.000000 1.000000 0.000001
vn 0.000000 1.000000 0.000001
vn 0.000000 -0.299733 0.954023
vn 0.000000 -0.180601 0.983557
vn 0.000000 -0.420813 0.907148
vn 0.000000 0.000000 1.000000
vn 0.000000 0.000000 1.000000
vn 0.000000 -1.000000 0.000000
vn 0.000000 -1.000000 0.000000
vn 0.000000 0.000000 1.000000
vn 0.000000 0.000000 1.000000
vn 0.000000 1.000000 0.000003
vn 0.000000 1.000000 0.000003
vn 0.000000 0.963853 0.266433
vn 0.000000 0.963854 0.266433
vn 0.000000 0.000000 1.000000
vn 0.000000 0.000000 1.000000
vn 0.000000 -0.963852 0.266437
vn 0.000000 -0.963852 0.266437
vn 0.000000 0.000000 1.000000
vn 0.000000 0.000000 1.000000
vn 0.000000 1.000000 0.000000
vn 0.000000 1.000000 0.000000
vn 0.000000 0.000000 1.000000
vn 0.000000 0.000000 1.000000
vn 1.000000 0.000000 0.000000
vn 1.000000 0.000000 0.000000
vn 0.000000 1.000000 0.000000
vn 0.000000 1.000000 0.000000
vn 1.000000 0.000000 0.000000
vn 1.000000 0.000000 0.000000
vn 0.261511 -0.965201 0.000000
vn 0.261511 -0.965200 0.000000
vn 1.000000 0.000000 0.000000
vn 1.000000 0.000000 0.000000
vn 0.261511 0.965201 0.000000
vn 0.261511 0.965200 0.000000
vn 0.000000 1.000000 0.000000
vn 0.000000 1.000000 0.000000
vn 1.000000 0.000000 0.000000
vn 1.000000 0.000000 0.000000
vn 0.000000 -1.000000 0.000000
vn 0.000000 -1.000000 0.000000
vn 1.000000 0.000000 0.000000
vn 1.000000 0.000000 0.000000
vn 0.903883 -0.427781 0.000000
vn 0.952089 -0.305820 0.000000
vn 0.982899 -0.184148 0.000000
vn 0.000000 1.000000 0.000000
vn 0.000000 1.000000 0.000000
vn 0.634867 0.772622 0.000000
vn 0.634867 0.772622 0.000000
vn 0.000000 1.000000 0.000004
vn 0.000000 1.000000 0.000002
vn 0.000000 1.000000 0.000000
vn -0.634865 0.772623 0.000000
vn -0.634865 0.772623 0.000000
vn 0.000000 1.000000 0.000000
vn 0.000000 1.000000 0.000000
vn -0.952089 -0.305820 0.000000
vn -0.982899 -0.184148 0.000000
vn -0.903883 -0.427781 0.000000
vn -1.000000 0.000000 0.000000
vn -1.000000 0.000000 0.000000
vn 0.000000 -1.000000 0.000000
vn 0.000000 -1.000000 0.000000
vn -1.000000 0.000000 0.000000
vn -1.000000 0.000000 0.000000
vn 0.000000 1.000000 0.000000
vn 0.000000 1.000000 0.000000
vn -0.261513 0.965200 0.000000
vn -0.261513 0.965200 0.000000
vn -1.000000 0.000000 0.000000
vn -1.000000 0.000000 0.000000
vn -0.261513 -0.965200 0.000000
vn -0.261513 -0.965200 0.000000
vn -1.000000 0.000000 0.000000
vn -1.000000 0.000000 0.000000
vn 0.000000 1.000000 0.000000
vn 0.000000 1.000000 0.000000
vn -1.000000 0.000000 0.000000
vn -1.000000 0.000000 0.000000
vn 0.000000 1.000000 0.000002
vn 0.000000 1.000000 0.000001
vn 0.000000 1.000000 0.000001
vn 0.000000 1.000000 0.000002
vn 0.000000 1.000000 -0.000000
vn 0.000000 1.000000 -0.000000
vn 0.000000 1.000000 0.000000
vn 0.000000 1.000000 0.000000
vn 0.000000 1.000000 0.000000
vn 0.000000 1.000000 0.000000
vn 0.000000 1.000000 -0.000000
vn 0.000000 1.000000 -0.000000
vn 0.000000 1.000000 -0.000001
vn 0.000000 1.000000 -0.000001
vn 0.000000 1.000000 0.000000
vn 0.000000 1.000000 0.000000
vn 0.000000 0.000000 1.000000
vn 0.707105 0.000000 0.707108
vn 0.707105 0.000000 0.707108
vn 0.000000 0.000000 1.000000
vn 1.000000 0.000000 0.000000
vn 1.000000 0.000000 0.000000
vn -0.707106 0.000000 0.707107
vn -0.707106 0.000000 0.707107
vn -1.000000 0.000000 -0.000000
vn -1.000000 0.000000 -0.000000
vn 0.707107 0.000000 -0.707106
vn 0.707107 0.000000 -0.707106
vn -0.000000 0.000000 -1.000000
vn -0.000000 0.000000 -1.000000
vn -0.707108 0.000000 -0.707105
vn -0.707108 0.000000 -0.707105
vn 0.000000 0.946468 0.322799
vn 0.228251 0.946469 0.228249
vn 0.228251 0.946469 0.228250
vn -0.000000 0.946468 0.322799
vn 0.322794 0.946469 -0.000001
vn 0.322794 0.946469 -0.000001
vn -0.228251 0.946469 0.228252
vn -0.228249 0.946469 0.228254
vn -0.322790 0.946471 -0.000000
vn -0.322790 0.946471 -0.000000
vn 0.228244 0.946471 -0.228247
vn 0.228246 0.946471 -0.228245
vn 0.000000 0.946471 -0.322788
vn -0.000000 0.946471 -0.322788
vn -0.228243 0.946471 -0.228249
vn -0.228244 0.946471 -0.228248
vn 0.000000 0.751959 0.659210
vn 0.466131 0.751961 0.466130
vn 0.466130 0.751961 0.466131
vn -0.000000 0.751959 0.659210
vn 0.659210 0.751959 0.000001
vn 0.659210 0.751959 0.000001
vn -0.466133 0.751960 0.466130
vn -0.466134 0.751959 0.466129
vn -0.659211 0.751958 -0.000001
vn -0.659211 0.751958 -0.000001
vn 0.466130 0.751960 -0.466132
vn 0.466129 0.751960 -0.466133
vn 0.000000 0.751955 -0.659214
vn -0.000000 0.751956 -0.659214
vn -0.466131 0.751958 -0.466134
vn -0.466131 0.751958 -0.466134
vn 0.000000 0.000000 -1.000000
vn 0.000000 0.000000 -1.000000
vn 0.000000 0.000000 -1.000000
vn 0.000000 0.000000 -1.000000
vn 1.000000 0.000000 0.000000
vn 1.000000 0.000000 0.000000
vn 1.000000 0.000000 0.000000
vn 1.000000 0.000000 0.000000
vn 1.000000 0.000000 0.000000
vn 1.000000 0.000000 0.000000
vn 0.000000 0.000000 1.000000
vn 0.000000 0.000000 1.000000
vn 0.000000 0.000000 1.000000
vn 0.000000 0.000000 1.000000
vn 0.000000 0.000000 1.000000
vn 0.000000 0.000000 1.000000
vn -1.000000 0.000000 0.000000
vn -1.000000 0.000000 0.000000
vn -1.000000 0.000000 0.000000
vn -1.000000 0.000000 0.000000
vn -1.000000 0.000000 0.000000
vn -1.000000 0.000000 0.000000
vn 0.000000 0.000000 -1.000000
vn 0.000000 0.000000 -1.000000
vn 0.000000 0.000000 -1.000000
vn 0.000000 0.000000 -1.000000
vn 0.000000 0.000000 -1.000000
vn 0.000000 0.000000 -1.000000
vn 1.000000 0.000000 0.000000
vn 1.000000 0.000000 0.000000
vn 1.000000 0.000000 0.000000
vn 1.000000 0.000000 0.000000
vn 1.000000 0.000000 0.000000
vn 1.000000 0.000000 0.000000
vn 0.000000 0.000000 1.000000
vn 0.000000 0.000000 1.000000
vn 0.000000 0.000000 1.000000
vn 0.000000 0.000000 1.000000
vn 0.000000 0.000000 1.000000
vn 0.000000 0.000000 1.000000
vn -1.000000 0.000000 0.000000
vn -1.000000 0.000000 0.000000
vn -1.000000 0.000000 0.000000
vn -1.000000 0.000000 0.000000
vn -1.000000 0.000000 0.000000
vn -1.000000 0.000000 0.000000
vn 0.000000 0.000000 -1.000000
vn 0.000000 0.000000 -1.000000
vn 0.000000 0.000000 -1.000000
vn 0.000000 0.000000 -1.000000
vn 0.000000 0.000000 -1.000000
vn 0.000000 0.000000 -1.000000
vn -0.000000 0.000000 -1.000000
vn -0.000000 0.000000 -1.000000
vn -0.000000 0.000000 -1.000000
vn -0.000000 0.000000 -1.000000
vn 0.000000 0.000000 -1.000000
vn 0.000000 0.000000 -1.000000
vn 0.000000 0.000000 -1.000000
vn 0.000000 0.000000 -1.000000
vn 0.000000 0.000000 -1.000000
vn 0.000000 0.000000 -1.000000
vn 0.000000 0.000000 -1.000000
vn 0.000000 0.000000 -1.000000
vn 0.000000 0.000000 -1.000000
vn 0.000000 0.000000 -1.000000
vn 0.000000 0.000000 -1.000000
vn 0.000000 0.000000 -1.000000
vn 0.000000 0.000000 -1.000000
vn 0.000000 0.000000 -1.000000
vn 0.000000 0.000000 -1.000000
vn 0.000000 0.000000 -1.000000
vn 0.000000 0.000000 1.000000
vn 0.000000 0.000000 1.000000
vn 0.000000 0.000000 1.000000
vn 0.000000 0.000000 1.000000
vn -0.000002 0.000000 1.000000
vn -0.000002 0.000000 1.000000
vn -0.000002 0.000000 1.000000
vn -0.000002 0.000000 1.000000
vn 0.000000 0.000000 1.000000
vn 0.000000 0.000000 1.000000
vn 0.000000 0.000000 1.000000
vn 0.000000 0.000000 1.000000
vn 0.000000 0.000000 1.000000
vn 0.000000 0.000000 1.000000
vn 0.000000 0.000000 1.000000
vn 0.000000 0.000000 1.000000
vn 0.000000 0.000000 1.000000
vn 0.000000 0.000000 1.000000
vn 0.000000 0.000000 1.000000
vn 0.000000 0.000000 1.000000
vn 0.000002 0.000000 1.000000
vn 0.000002 0.000000 1.000000
vn 0.000002 0.000000 1.000000
vn 0.000002 0.000000 1.000000
vn 1.000000 0.000000 0.000000
vn 1.000000 0.000000 0.000000
vn 1.000000 0.000000 0.000000
vn 1.000000 0.000000 0.000000
vn 1.000000 0.000000 0.000000
vn 1.000000 0.000000 0.000000
vn 1.000000 0.000000 0.000000
vn 1.000000 0.000000 0.000000
vn 1.000000 0.000000 0.000000
vn 1.000000 0.000000 0.000000
vn 1.000000 0.000000 0.000000
vn 1.000000 0.000000 0.000000
vn 1.000000 0.000000 0.000000
vn 1.000000 0.000000 0.000000
vn 1.000000 0.000000 0.000000
vn 1.000000 0.000000 0.000000
vn 1.000000 -0.000000 0.000000
vn 1.000000 -0.000000 0.000000
vn 1.000000 -0.000000 0.000000
vn 1.000000 -0.000000 0.000000
vn 1.000000 0.000000 0.000000
vn 1.000000 0.000000 0.000000
vn 1.000000 0.000000 0.000000
vn 1.000000 0.000000 0.000000
vn -1.000000 0.000001 0.000000
vn -1.000000 0.000001 0.000000
vn -1.000000 0.000001 0.000000
vn -1.000000 0.000001 0.000000
vn -1.000000 0.000000 0.000000
vn -1.000000 0.000000 0.000000
vn -1.000000 0.000000 0.000000
vn -1.000000 0.000000 0.000000
vn -1.000000 -0.000001 0.000000
vn -1.000000 -0.000001 0.000000
vn -1.000000 -0.000001 0.000000
vn -1.000000 -0.000001 0.000000
vn -1.000000 0.000001 0.000000
vn -1.000000 0.000001 0.000000
vn -1.000000 0.000001 0.000000
vn -1.000000 0.000001 0.000000
vn -1.000000 -0.000001 0.000000
vn -1.000000 -0.000001 0.000000
vn -1.000000 -0.000001 0.000000
vn -1.000000 -0.000001 0.000000
vn -1.000000 0.000000 0.000000
vn -1.000000 0.000000 0.000000
vn -1.000000 0.000000 0.000000
vn -1.000000 0.000000 0.000000
vn 0.000000 -1.000000 0.000000
vn 0.000000 -1.000000 0.000000
vn 0.000000 -1.000000 0.000000
vn 0.000000 -1.000000 0.000000
vn -0.759542 0.000000 -0.650459
vn -0.759542 0.000000 -0.650459
vn -0.759542 0.000000 -0.650459
vn -0.759542 0.000000 -0.650459
vn 0.000000 1.000000 -0.000000
vn 0.000000 1.000000 -0.000000
vn 0.000000 1.000000 -0.000000
vn 0.000000 1.000000 -0.000000
vn 0.000000 -1.000000 0.000002
vn 0.000000 -1.000000 0.000002
vn 0.000000 -1.000000 0.000002
vn 0.000000 -1.000000 0.000002
vn 0.000000 1.000000 0.000000
vn 0.000000 1.000000 0.000000
vn 0.000000 1.000000 0.000000
vn 0.000000 1.000000 0.000000
vn 0.759535 0.000000 -0.650467
vn 0.759535 0.000000 -0.650467
vn 0.759535 0.000000 -0.650467
vn 0.759535 0.000000 -0.650467
vn 0.000000 1.000000 0.000000
vn 0.000000 1.000000 0.000000
vn 0.000000 1.000000 0.000000
vn 0.000000 1.000000 0.000000
vn 0.643637 0.000000 0.765331
vn 0.643637 0.000000 0.765331
vn 0.643637 0.000000 0.765331
vn 0.643637 0.000000 0.765331
vn 0.000000 -1.000000 0.000000
vn 0.000000 -1.000000 0.000000
vn 0.000000 -1.000000 0.000000
vn 0.000000 -1.000000 0.000000
vn 0.000000 1.000000 0.000000
vn 0.000000 1.000000 0.000000
vn 0.000000 1.000000 0.000000
vn 0.000000 1.000000 0.000000
vn 0.000000 -1.000000 0.000000
vn 0.000000 -1.000000 0.000000
vn 0.000000 -1.000000 0.000000
vn 0.000000 -1.000000 0.000000
vn 0.643645 0.000000 -0.765324
vn 0.643645 0.000000 -0.765324
vn 0.643645 0.000000 -0.765324
vn 0.643645 0.000000 -0.765324
vn 0.000000 1.000000 0.000000
vn 0.000000 1.000000 0.000000
vn 0.000000 1.000000 0.000000
vn 0.000000 1.000000 0.000000
vn -0.759535 0.000000 0.650466
vn -0.759535 0.000000 0.650466
vn -0.759535 0.000000 0.650466
vn -0.759535 0.000000 0.650466
vn 0.000000 -1.000000 -0.000004
vn 0.000000 -1.000000 -0.000004
vn 0.000000 -1.000000 -0.000004
vn 0.000000 -1.000000 -0.000004
vn 0.000000 1.000000 -0.000000
vn 0.000000 1.000000 -0.000000
vn 0.000000 1.000000 -0.000000
vn 0.000000 1.000000 -0.000000
vn 0.000000 -1.000000 0.000000
vn 0.000000 -1.000000 0.000000
vn 0.000000 -1.000000 0.000000
vn 0.000000 -1.000000 0.000000
vn 0.759528 0.000000 0.650474
vn 0.759528 0.000000 0.650474
vn 0.759528 0.000000 0.650474
vn 0.759528 0.000000 0.650474
vn 0.000000 1.000000 0.000000
vn 0.000000 1.000000 0.000000
vn 0.000000 1.000000 0.000000
vn 0.000000 1.000000 0.000000
vn -0.643642 0.000000 -0.765327
vn -0.643642 0.000000 -0.765327
vn -0.643642 0.000000 -0.765327
vn -0.643642 0.000000 -0.765327
vn 0.000000 -1.000000 0.000000
vn 0.000000 -1.000000 0.000000
vn 0.000000 -1.000000 0.000000
vn 0.000000 -1.000000 0.000000
vn 0.000000 1.000000 0.000000
vn 0.000000 1.000000 0.000000
vn 0.000000 1.000000 0.000000
vn 0.000000 1.000000 0.000000
vn 0.000000 -1.000000 0.000000
vn 0.000000 -1.000000 0.000000
vn 0.000000 -1.000000 0.000000
vn 0.000000 -1.000000 0.000000
vn -0.643633 0.000000 0.765334
vn -0.643633 0.000000 0.765334
vn -0.643633 0.000000 0.765334
vn -0.643633 0.000000 0.765334
vn 0.000000 0.000000 1.000000
vn 0.707107 0.000000 0.707107
vn 0.707107 0.000000 0.707107
vn 0.000000 0.000000 1.000000
vn 1.000000 0.000000 0.000000
vn 1.000000 0.000000 0.000000
vn -0.707109 0.000000 0.707105
vn -0.707109 0.000000 0.707105
vn -1.000000 0.000000 0.000000
vn -1.000000 0.000000 0.000000
vn 0.707104 0.000000 -0.707110
vn 0.707104 0.000000 -0.707110
vn 0.000000 0.000000 -1.000000
vn 0.000000 0.000000 -1.000000
vn -0.707106 0.000000 -0.707108
vn -0.707106 0.000000 -0.707108
s 1
g Faro pCube126
usemtl initialShadingGroup
f 2308/4043/3239 2260/3711/3240 2261/3712/3241 2307/3713/3242
s 2
f 2439/3714/3243 2440/3945/3244 2441/3939/3245 2442/3717/3246
s 3
f 2288/4068/3247 2264/3719/3248 2265/3720/3249 2287/3721/3250
s 4
f 2260/3711/3251 2317/3722/3252 2318/4027/3253 2261/3712/3254
s 5
f 2338/4006/3255 2259/3725/3256 2262/4046/3257 2337/3727/3258
s 6
f 2284/4076/3259 2231/4036/3260 2233/3730/3261 2283/3731/3262
s 7
f 2342/3732/3263 2235/3733/3264 2236/4001/3265 2341/3735/3266
s 8
f 2312/3736/3267 2237/3737/3268 2238/4038/3269 2311/3739/3270
s 9
f 2237/3737/3271 2313/3740/3272 2314/4035/3273 2238/4038/3274
s 10
f 2285/4074/3275 2227/4034/3276 2231/3729/3277 2284/3728/3278
s 11
f 2229/4004/3279 2340/4002/3280 2341/3999/3281 2236/3734/3282
s 12
f 2230/4040/3283 2310/4039/3284 2311/4037/3285 2238/3738/3286
s 13
f 2315/4033/3287 2230/4040/3288 2238/3738/3289 2314/3741/3290
s 14
f 2303/4056/3291 2239/4022/3292 2224/3751/3293 2302/3752/3294
s 15
f 2333/4015/3295 2240/4057/3296 2223/4081/3297 2332/3756/3298
s 16
f 2293/3757/3299 2226/3758/3300 2242/4063/3301 2292/3760/3302
s 17
f 2239/4022/3303 2322/3761/3304 2323/3762/3305 2224/3751/3306
s 18
f 2305/4049/3307 2247/4026/3308 2249/3765/3309 2304/3766/3310
s 19
f 2335/4011/3311 2248/4051/3312 2250/4054/3313 2334/3770/3314
s 20
f 2291/4064/3315 2253/3772/3316 2254/4067/3317 2290/3774/3318
s 21
f 2247/4026/3319 2320/3775/3320 2321/4023/3321 2249/3765/3322
s 22
f 2306/3777/3323 2243/3778/3324 2247/3764/3325 2305/3763/3326
s 23
f 2239/3750/3327 2303/3749/3328 2304/4053/3329 2249/4024/3330
s 24
f 2336/3779/3331 2244/4082/3332 2248/4050/3333 2335/3767/3334
s 25
f 2240/3754/3335 2333/3753/3336 2334/4013/3337 2250/4055/3338
s 26
f 2292/4062/3339 2242/3759/3340 2253/4065/3341 2291/3771/3342
s 27
f 2246/3781/3343 2289/3782/3344 2290/4066/3345 2254/3773/3346
s 28
f 2243/3778/3347 2319/3783/3348 2320/4025/3349 2247/3764/3350
s 29
f 2322/4021/3351 2239/3750/3352 2249/4024/3353 2321/3776/3354
s 30
f 2383/3784/3355 2384/3785/3356 2227/3743/3357 2285/3742/3358
s 31
f 2340/3745/3359 2229/3744/3360 2388/3786/3361 2389/3787/3362
s 32
f 2310/3747/3363 2230/3746/3364 2386/3788/3365 2387/3789/3366
s 33
f 2230/3746/3367 2315/3748/3368 2385/3790/3369 2386/3788/3370
s 34
f 2309/4041/3371 2258/4042/3372 2260/4044/3373 2308/3710/3374
s 35
f 2243/3778/3375 2306/3777/3376 2307/4045/3377 2261/4028/3378
s 36
f 2289/3782/3379 2246/3781/3380 2264/4069/3381 2288/3718/3382
s 37
f 2255/3793/3383 2286/4072/3384 2287/4070/3385 2265/4030/3386
s 38
f 2258/4042/3387 2316/4031/3388 2317/4029/3389 2260/4044/3390
s 39
f 2319/3783/3391 2243/3778/3392 2261/4028/3393 2318/3723/3394
s 40
f 2339/4005/3395 2257/3972/3396 2259/4008/3397 2338/3724/3398
s 41
f 2244/4082/3399 2336/3779/3400 2337/4009/3401 2262/4047/3402
s 42
f 2302/3752/3403 2224/3751/3404 2273/3798/3405 2301/3799/3406
s 43
f 2224/3751/3407 2323/3762/3408 2324/3800/3409 2273/3798/3410
s 44
f 2226/3758/3411 2293/3757/3412 2294/3801/3413 2272/3802/3414
s 45
f 2332/3756/3415 2223/4081/3416 2274/4080/3417 2331/3804/3418
s 44
f 2272/3802/3414 2294/3801/3413 2295/4061/3419 2269/4020/3420
s 43
f 2273/3798/3410 2324/3800/3409 2325/4019/3421 2268/4060/3422
s 42
f 2301/3799/3406 2273/3798/3405 2268/4060/3423 2300/3809/3424
s 45
f 2331/3804/3418 2274/4080/3417 2267/4079/3425 2330/3811/3426
s 46
f 2300/4059/3427 2268/3808/3428 2276/3812/3429 2299/3813/3430
s 47
f 2268/3808/3431 2325/3807/3432 2326/3814/3433 2276/3812/3434
s 48
f 2269/3806/3435 2295/3805/3436 2296/3815/3437 2277/3816/3438
s 49
f 2330/4017/3439 2267/3810/3440 2275/3817/3441 2329/3818/3442
s 50
f 2299/3813/3443 2276/3812/3444 2280/3819/3445 2298/3820/3446
s 51
f 2276/3812/3447 2326/3814/3448 2327/3821/3449 2280/3819/3450
s 52
f 2277/3816/3451 2296/3815/3452 2297/3822/3453 2281/3823/3454
s 53
f 2329/3818/3455 2275/3817/3456 2279/3824/3457 2328/3825/3458
s 6
f 2232/4077/3459 2284/4076/3259 2283/3731/3262 2234/3827/3460
s 10
f 2228/4075/3461 2285/4074/3275 2284/3728/3278 2232/3826/3462
s 30
f 2390/3829/3463 2383/3784/3355 2285/3742/3358 2228/3828/3464
s 37
f 2287/4070/3385 2286/4072/3384 2256/3830/3465 2266/4071/3466
s 3
f 2263/3832/3467 2288/4068/3247 2287/3721/3250 2266/3831/3468
s 36
f 2245/3833/3469 2289/3782/3379 2288/3718/3382 2263/4010/3470
s 27
f 2290/4066/3345 2289/3782/3344 2245/3833/3471 2251/3834/3472
s 20
f 2252/3835/3473 2291/4064/3315 2290/3774/3318 2251/4012/3474
s 26
f 2241/3836/3475 2292/4062/3339 2291/3771/3342 2252/4014/3476
s 16
f 2225/3837/3477 2293/3757/3299 2292/3760/3302 2241/4016/3478
s 44
f 2294/3801/3413 2293/3757/3412 2225/3837/3479 2271/3838/3480
f 2295/4061/3419 2294/3801/3413 2271/3838/3480 2270/3839/3481
s 48
f 2296/3815/3437 2295/3805/3436 2270/4018/3482 2278/3840/3483
s 52
f 2297/3822/3453 2296/3815/3452 2278/3840/3484 2282/3841/3485
s 2
f 2443/3842/3486 2439/3714/3243 2442/3717/3246 2444/3843/3487
s 50
f 2275/3817/3488 2299/3813/3443 2298/3820/3446 2279/3824/3489
s 46
f 2267/3810/3490 2300/4059/3427 2299/3813/3430 2275/3817/3491
s 42
f 2274/3803/3492 2301/3799/3406 2300/3809/3424 2267/4078/3493
f 2223/3755/3494 2302/3752/3403 2301/3799/3406 2274/3803/3492
s 14
f 2240/4058/3495 2303/4056/3291 2302/3752/3294 2223/3755/3496
s 23
f 2304/4053/3329 2303/3749/3328 2240/3754/3497 2250/4055/3498
s 18
f 2248/4052/3499 2305/4049/3307 2304/3766/3310 2250/3769/3500
s 22
f 2244/3780/3501 2306/3777/3323 2305/3763/3326 2248/3768/3502
s 35
f 2307/4045/3377 2306/3777/3376 2244/3780/3503 2262/4048/3504
s 1
f 2259/4007/3505 2308/4043/3239 2307/3713/3242 2262/3726/3506
s 34
f 2257/3972/3507 2309/4041/3371 2308/3710/3374 2259/4008/3508
s 32
f 2229/4003/3509 2310/3747/3363 2387/3789/3366 2388/3970/3510
s 12
f 2311/4037/3285 2310/4039/3284 2229/4004/3511 2236/3734/3512
s 8
f 2235/4083/3513 2312/3736/3267 2311/3739/3270 2236/4000/3514
s 9
f 2313/3740/3272 2233/3730/3515 2231/4036/3516 2314/4035/3273
s 13
f 2227/4034/3517 2315/4033/3287 2314/3741/3290 2231/3729/3518
s 33
f 2385/3790/3369 2315/3748/3368 2227/3743/3519 2384/3785/3520
s 38
f 2317/4029/3389 2316/4031/3388 2255/3793/3521 2265/4030/3522
s 4
f 2318/4027/3253 2317/3722/3252 2265/3720/3523 2264/3719/3524
s 39
f 2246/3781/3525 2319/3783/3391 2318/3723/3394 2264/4069/3526
s 28
f 2320/4025/3349 2319/3783/3348 2246/3781/3527 2254/3773/3528
s 21
f 2321/4023/3321 2320/3775/3320 2254/4067/3529 2253/3772/3530
s 29
f 2242/3759/3531 2322/4021/3351 2321/3776/3354 2253/4065/3532
s 17
f 2323/3762/3305 2322/3761/3304 2242/4063/3533 2226/3758/3534
s 43
f 2324/3800/3409 2323/3762/3408 2226/3758/3535 2272/3802/3536
f 2325/4019/3421 2324/3800/3409 2272/3802/3536 2269/4020/3537
s 47
f 2326/3814/3433 2325/3807/3432 2269/3806/3538 2277/3816/3539
s 51
f 2327/3821/3449 2326/3814/3448 2277/3816/3540 2281/3823/3541
s 2
f 2442/3717/3246 2441/3939/3245 2445/3938/3542 2446/3937/3543
f 2444/3843/3487 2442/3717/3246 2446/3937/3543 2447/3936/3544
s 53
f 2278/3840/3545 2329/3818/3455 2328/3825/3458 2282/3841/3546
s 49
f 2270/4018/3547 2330/4017/3439 2329/3818/3442 2278/3840/3548
s 45
f 2271/3838/3549 2331/3804/3418 2330/3811/3426 2270/3839/3550
f 2225/3837/3551 2332/3756/3415 2331/3804/3418 2271/3838/3549
s 15
f 2241/4016/3552 2333/4015/3295 2332/3756/3298 2225/3837/3553
s 25
f 2334/4013/3337 2333/3753/3336 2241/3836/3554 2252/4014/3555
s 19
f 2251/4012/3556 2335/4011/3311 2334/3770/3314 2252/3835/3557
s 24
f 2245/3833/3558 2336/3779/3331 2335/3767/3334 2251/3834/3559
s 41
f 2337/4009/3401 2336/3779/3400 2245/3833/3560 2263/4010/3561
s 5
f 2266/3831/3562 2338/4006/3255 2337/3727/3258 2263/3832/3563
s 40
f 2256/3830/3564 2339/4005/3395 2338/3724/3398 2266/4071/3565
s 31
f 2228/3828/3566 2340/3745/3359 2389/3787/3362 2390/3829/3567
s 11
f 2341/3999/3281 2340/4002/3280 2228/4075/3568 2232/3826/3569
s 7
f 2234/3827/3570 2342/3732/3263 2341/3735/3266 2232/4077/3571
s 54
f 2298/3820/3572 2280/3819/3573 2344/3998/3574 2343/3997/3575
f 2280/3819/3573 2327/3821/3576 2345/3996/3577 2344/3998/3574
f 2279/3824/3578 2298/3820/3572 2343/3997/3575 2346/3989/3579
f 2328/3825/3580 2279/3824/3578 2346/3989/3579 2347/3992/3581
f 2327/3821/3576 2281/3823/3582 2348/3995/3583 2345/3996/3577
f 2281/3823/3582 2297/3822/3584 2349/3994/3585 2348/3995/3583
f 2297/3822/3584 2282/3841/3586 2350/3993/3587 2349/3994/3585
f 2282/3841/3586 2328/3825/3580 2347/3992/3581 2350/3993/3587
s 55
f 2343/3848/3588 2344/3847/3589 2352/3991/3590 2351/3988/3591
f 2344/3847/3589 2345/3849/3592 2353/3987/3593 2352/3991/3590
f 2346/3850/3594 2343/3848/3588 2351/3988/3591 2354/3981/3595
f 2347/3851/3596 2346/3990/3594 2354/3982/3595 2355/3983/3597
f 2345/3849/3592 2348/3852/3598 2356/3986/3599 2353/3987/3593
f 2348/3852/3598 2349/3853/3600 2357/3985/3601 2356/3986/3599
f 2349/3853/3600 2350/3854/3602 2358/3984/3603 2357/3985/3601
f 2350/3854/3602 2347/3851/3596 2355/3983/3597 2358/3984/3603
s 56
f 2351/3856/3604 2352/3855/3605 2360/3863/3606 2359/3864/3607
f 2352/3855/3605 2353/3857/3608 2361/3865/3609 2360/3863/3606
f 2354/3858/3610 2351/3856/3604 2359/3864/3607 2362/3866/3611
f 2355/3859/3612 2354/3858/3610 2362/3866/3611 2363/3867/3613
f 2353/3857/3608 2356/3860/3614 2364/3868/3615 2361/3865/3609
f 2356/3860/3614 2357/3861/3616 2365/3869/3617 2364/3868/3615
f 2357/3861/3616 2358/3862/3618 2366/3870/3619 2365/3869/3617
f 2358/3862/3618 2355/3859/3612 2363/3867/3613 2366/3870/3619
s 57
f 2359/3864/3620 2360/3863/3621 2368/3980/3622 2367/3979/3623
f 2360/3863/3621 2361/3865/3624 2369/3978/3625 2368/3980/3622
f 2362/3866/3626 2359/3864/3620 2367/3979/3623 2370/3943/3627
f 2363/3867/3628 2362/3866/3626 2370/3943/3627 2371/3974/3629
f 2361/3865/3624 2364/3868/3630 2372/3977/3631 2369/3978/3625
f 2364/3868/3630 2365/3869/3632 2373/3976/3633 2372/3977/3631
f 2365/3869/3632 2366/3870/3634 2374/3975/3635 2373/3976/3633
f 2366/3870/3634 2363/3867/3628 2371/3974/3629 2374/3975/3635
s 58
f 2286/3794/3636 2255/4032/3637 2376/3879/3638 2375/3880/3639
s 59
f 2316/3795/3640 2377/3881/3641 2376/3879/3642 2255/4032/3643
f 2378/3882/3644 2377/3881/3641 2316/3795/3640 2258/3792/3645
s 60
f 2379/3883/3646 2378/3882/3647 2258/3792/3648 2309/3791/3649
f 2380/3971/3650 2379/3883/3646 2309/3791/3649 2257/3973/3651
s 61
f 2381/3885/3652 2380/3884/3653 2257/3797/3654 2339/3796/3655
f 2382/3886/3656 2381/3885/3652 2339/3796/3655 2256/4073/3657
s 58
f 2256/4073/3658 2286/3794/3636 2375/3880/3639 2382/3886/3659
s 62
f 2415/3887/3660 2416/3888/3661 2417/3889/3662 2418/3890/3663
s 63
f 2422/3891/3664 2421/3892/3665 2423/3893/3666 2424/3894/3667
f 2425/3895/3668 2421/3892/3665 2422/3891/3664 2426/3896/3669
s 64
f 2428/3897/3670 2427/3898/3671 2429/3899/3672 2430/3900/3673
f 2431/3901/3674 2428/3897/3670 2430/3900/3673 2432/3902/3675
s 65
f 2434/3903/3676 2433/3904/3677 2435/3905/3678 2436/3906/3679
f 2437/3907/3680 2434/3903/3676 2436/3906/3679 2438/3908/3681
s 62
f 2419/3909/3682 2415/3887/3660 2418/3890/3663 2420/3910/3683
s off
f 2375/3880/3684 2376/3879/3685 2392/3969/3686 2391/3967/3687
f 2376/3879/3688 2384/3785/3689 2393/3968/3690 2392/3969/3691
f 2384/3785/3692 2383/3784/3693 2394/3966/3694 2393/3968/3695
f 2382/3886/3696 2375/3880/3697 2391/3967/3698 2395/3964/3699
f 2383/3784/3700 2390/3829/3701 2396/3965/3702 2394/3966/3703
f 2390/3829/3704 2382/3886/3705 2395/3964/3706 2396/3965/3707
f 2387/3789/3708 2386/3788/3709 2397/3963/3710 2398/3961/3711
f 2386/3788/3712 2378/3882/3713 2399/3962/3714 2397/3963/3715
f 2378/3882/3716 2379/3883/3717 2400/3960/3718 2399/3962/3719
f 2388/3970/3720 2387/3789/3721 2398/3961/3722 2401/3958/3723
f 2379/3883/3724 2380/3971/3725 2402/3959/3726 2400/3960/3727
f 2380/3971/3728 2388/3970/3729 2401/3958/3730 2402/3959/3731
f 2385/3790/3732 2384/3785/3733 2405/3957/3734 2403/3955/3735
f 2384/3785/3736 2376/3879/3737 2406/3956/3738 2405/3957/3739
f 2376/3879/3740 2377/3881/3741 2404/3954/3742 2406/3956/3743
f 2386/3788/3744 2385/3790/3745 2403/3955/3746 2407/3952/3747
f 2377/3881/3748 2378/3882/3749 2408/3953/3750 2404/3954/3751
f 2378/3882/3752 2386/3788/3753 2407/3952/3754 2408/3953/3755
f 2389/3787/3756 2388/3786/3757 2409/3951/3758 2410/3949/3759
f 2388/3786/3760 2380/3884/3761 2411/3950/3762 2409/3951/3763
f 2380/3884/3764 2381/3885/3765 2412/3948/3766 2411/3950/3767
f 2390/3829/3768 2389/3787/3769 2410/3949/3770 2413/3947/3771
f 2381/3885/3772 2382/3886/3773 2414/3946/3774 2412/3948/3775
f 2382/3886/3776 2390/3829/3777 2413/3947/3778 2414/3946/3779
f 2391/3912/3780 2392/4099/3781 2416/3888/3782 2415/3887/3783
f 2392/3911/3784 2393/4098/3785 2417/3889/3786 2416/3888/3787
f 2393/3913/3788 2394/3914/3789 2418/3890/3790 2417/3889/3791
f 2395/3915/3792 2391/3912/3793 2415/3887/3794 2419/3909/3795
f 2394/3914/3796 2396/4096/3797 2420/3910/3798 2418/3890/3799
f 2396/3916/3800 2395/4097/3801 2419/3909/3802 2420/3910/3803
f 2403/3924/3804 2405/4095/3805 2423/3893/3806 2421/3892/3807
f 2405/3923/3808 2406/4094/3809 2424/3894/3810 2423/3893/3811
f 2406/3925/3812 2404/3926/3813 2422/3891/3814 2424/3894/3815
f 2407/3927/3816 2403/3924/3817 2421/3892/3818 2425/3895/3819
f 2404/3926/3820 2408/4092/3821 2426/3896/3822 2422/3891/3823
f 2408/3928/3824 2407/4093/3825 2425/3895/3826 2426/3896/3827
f 2398/3918/3828 2397/4091/3829 2427/3898/3830 2428/3897/3831
f 2397/3917/3832 2399/4090/3833 2429/3899/3834 2427/3898/3835
f 2399/3919/3836 2400/3920/3837 2430/3900/3838 2429/3899/3839
f 2401/3921/3840 2398/3918/3841 2428/3897/3842 2431/3901/3843
f 2400/3920/3844 2402/4088/3845 2432/3902/3846 2430/3900/3847
f 2402/3922/3848 2401/4089/3849 2431/3901/3850 2432/3902/3851
f 2410/3930/3852 2409/4087/3853 2433/3904/3854 2434/3903/3855
f 2409/3929/3856 2411/4086/3857 2435/3905/3858 2433/3904/3859
f 2411/3931/3860 2412/3932/3861 2436/3906/3862 2435/3905/3863
f 2413/3933/3864 2410/3930/3865 2434/3903/3866 2437/3907/3867
f 2412/3932/3868 2414/4084/3869 2438/3908/3870 2436/3906/3871
f 2414/3934/3872 2413/4085/3873 2437/3907/3874 2438/3908/3875
s 66
f 2367/3872/3876 2368/3871/3877 2440/3715/3878 2439/3942/3879
f 2368/3871/3877 2369/3873/3880 2441/3716/3881 2440/3715/3878
f 2370/3874/3882 2367/3872/3876 2439/3942/3879 2443/3940/3883
f 2371/3875/3884 2370/3944/3882 2443/3941/3883 2444/3935/3885
f 2369/3873/3880 2372/3876/3886 2445/3844/3887 2441/3716/3881
f 2372/3876/3886 2373/3877/3888 2446/3845/3889 2445/3844/3887
f 2373/3877/3888 2374/3878/3890 2447/3846/3891 2446/3845/3889
f 2374/3878/3890 2371/3875/3884 2444/3935/3885 2447/3846/3891
g default
v -0.073154 0.508827 1.252961
v -0.073154 0.497680 1.257625
v -0.067549 0.497680 1.257625
v -0.067549 0.508827 1.252961
v -0.073154 0.515080 1.264028
v -0.073154 0.505769 1.271728
v -0.067549 0.505769 1.271728
v -0.067549 0.515080 1.264028
v -0.073154 0.522615 1.268315
v -0.073154 0.523730 1.280345
v -0.067549 0.523730 1.280345
v -0.067549 0.522615 1.268315
v -0.073154 0.530483 1.263794
v -0.073154 0.538932 1.272431
v -0.067549 0.538932 1.272431
v -0.067549 0.530483 1.263794
v -0.073154 0.536594 1.254554
v -0.073154 0.547935 1.258726
v -0.067549 0.547935 1.258726
v -0.067549 0.536594 1.254554
v -0.073154 0.537558 1.244356
v -0.073154 0.549448 1.242199
v -0.067549 0.549448 1.242199
v -0.067549 0.537558 1.244356
v -0.073154 0.533289 1.235096
v -0.073154 0.542943 1.227829
v -0.067549 0.542943 1.227829
v -0.067549 0.533289 1.235096
v -0.073154 0.524868 1.227231
v -0.073154 0.531610 1.217204
v -0.067549 0.531610 1.217204
v -0.067549 0.524868 1.227231
v -0.073154 0.513495 1.222051
v -0.073154 0.516590 1.210372
v -0.067549 0.516590 1.210372
v -0.067549 0.513495 1.222051
v -0.073154 0.502290 1.220986
v -0.073154 0.501387 1.208938
v -0.067549 0.501387 1.208938
v -0.067549 0.502290 1.220986
v -0.073154 0.490684 1.224205
v -0.073154 0.485169 1.213455
v -0.067549 0.485169 1.213455
v -0.067549 0.490684 1.224205
v -0.073154 0.481667 1.231347
v -0.073154 0.472525 1.223446
v -0.067549 0.472525 1.223446
v -0.067549 0.481667 1.231347
v -0.073154 0.475370 1.241715
v -0.073154 0.464229 1.237037
v -0.067549 0.464229 1.237037
v -0.067549 0.475370 1.241715
v -0.073154 0.472042 1.252582
v -0.073154 0.460231 1.250032
v -0.067549 0.460231 1.250032
v -0.067549 0.472042 1.252582
v -0.073154 0.470297 1.264613
v -0.073154 0.458255 1.263620
v -0.067549 0.458255 1.263620
v -0.067549 0.470297 1.264613
v -0.073154 0.469941 1.277019
v -0.073154 0.457861 1.277284
v -0.067549 0.457861 1.277284
v -0.067549 0.469941 1.277019
v -0.073154 0.470800 1.289431
v -0.073154 0.458796 1.290819
v -0.067549 0.458796 1.290819
v -0.067549 0.470800 1.289431
v -0.073154 0.472781 1.301669
v -0.073154 0.460953 1.304141
v -0.067549 0.460953 1.304141
v -0.067549 0.472781 1.301669
v -0.073154 0.475712 1.313101
v -0.073154 0.464159 1.316639
v -0.067549 0.464159 1.316639
v -0.067549 0.475712 1.313101
v -0.073154 0.479964 1.324764
v -0.073154 0.468855 1.329516
v -0.067549 0.468855 1.329516
v -0.067549 0.479964 1.324764
v -0.073154 0.485025 1.335009
v -0.073154 0.474510 1.340961
v -0.067549 0.474510 1.340961
v -0.067549 0.485025 1.335009
v -0.073154 0.492242 1.345930
v -0.073154 0.482653 1.353282
v -0.067549 0.482653 1.353282
v -0.067549 0.492242 1.345930
v -0.073154 0.500188 1.354973
v -0.073154 0.491665 1.363538
v -0.067549 0.491665 1.363538
v -0.067549 0.500188 1.354973
v -0.073154 0.509317 1.362914
v -0.073154 0.502003 1.372532
v -0.067549 0.502003 1.372532
v -0.067549 0.509317 1.362914
v -0.073154 0.519489 1.369670
v -0.073154 0.513439 1.380129
v -0.067549 0.513439 1.380129
v -0.067549 0.519489 1.369670
v -0.073154 0.530491 1.375206
v -0.073154 0.525670 1.386285
v -0.067549 0.525670 1.386285
v -0.067549 0.530491 1.375206
v -0.073154 0.541109 1.379241
v -0.073154 0.537330 1.390717
v -0.067549 0.537330 1.390717
v -0.067549 0.541109 1.379241
v -0.073154 0.553908 1.382789
v -0.073154 0.551210 1.394566
v -0.067549 0.551210 1.394566
v -0.067549 0.553908 1.382789
v -0.073154 0.566138 1.385089
v -0.073154 0.564363 1.397040
v -0.067549 0.564363 1.397040
v -0.067549 0.566138 1.385089
v -0.073154 0.578557 1.386461
v -0.073154 0.577676 1.398511
v -0.067549 0.577676 1.398511
v -0.067549 0.578557 1.386461
v -0.073154 0.591039 1.386907
v -0.073154 0.591059 1.398990
v -0.067549 0.591059 1.398990
v -0.067549 0.591039 1.386907
v -0.073154 0.603491 1.386412
v -0.073154 0.604440 1.398456
v -0.067549 0.604440 1.398456
v -0.067549 0.603491 1.386412
v -0.073154 0.615823 1.384937
v -0.073154 0.617753 1.396864
v -0.067549 0.617753 1.396864
v -0.067549 0.615823 1.384937
v -0.073154 0.626920 1.382684
v -0.073154 0.629807 1.394416
v -0.067549 0.629807 1.394416
v -0.067549 0.626920 1.382684
v -0.073154 0.639077 1.379054
v -0.073154 0.643117 1.390440
v -0.067549 0.643117 1.390440
v -0.067549 0.639077 1.379054
v -0.073154 0.650701 1.374209
v -0.073154 0.655967 1.385084
v -0.067549 0.655967 1.385084
v -0.067549 0.650701 1.374209
v -0.073154 0.661695 1.368047
v -0.073154 0.668244 1.378201
v -0.067549 0.668244 1.378201
v -0.067549 0.661695 1.368047
v -0.073154 0.671924 1.360507
v -0.073154 0.679670 1.369780
v -0.067549 0.679670 1.369780
v -0.067549 0.671924 1.360507
v -0.073154 0.681330 1.351689
v -0.073154 0.690068 1.360035
v -0.067549 0.690068 1.360035
v -0.067549 0.681330 1.351689
v -0.073154 0.689837 1.341822
v -0.073154 0.699364 1.349254
v -0.067549 0.699364 1.349254
v -0.067549 0.689837 1.341822
v -0.073154 0.697456 1.331091
v -0.073154 0.707602 1.337654
v -0.067549 0.707602 1.337654
v -0.067549 0.697456 1.331091
v -0.073154 0.704219 1.319669
v -0.073154 0.714843 1.325424
v -0.067549 0.714843 1.325424
v -0.067549 0.704219 1.319669
v -0.073154 0.710167 1.307705
v -0.073154 0.721162 1.312717
v -0.067549 0.721162 1.312717
v -0.067549 0.710167 1.307705
v -0.073154 0.715351 1.295329
v -0.073154 0.726631 1.299660
v -0.067549 0.726631 1.299660
v -0.067549 0.715351 1.295329
v -0.073154 0.719821 1.282642
v -0.073154 0.731322 1.286348
v -0.067549 0.731322 1.286348
v -0.067549 0.719821 1.282642
v -0.073154 0.723627 1.269725
v -0.073154 0.735298 1.272854
v -0.067549 0.735298 1.272854
v -0.067549 0.723627 1.269725
v -0.073154 0.726815 1.256639
v -0.073154 0.738617 1.259234
v -0.067549 0.738617 1.259234
v -0.067549 0.726815 1.256639
v -0.073154 0.729439 1.243351
v -0.073154 0.741341 1.245442
v -0.067549 0.741341 1.245442
v -0.067549 0.729439 1.243351
vt 0.818181 0.627955
vt 0.550661 0.058175
vt 0.462440 0.553511
vt 0.507164 0.639192
vt 0.548944 0.058175
vt 0.418271 0.363601
vt 0.548944 0.061838
vt 0.816371 0.631593
vt 0.462440 0.547489
vt 0.506349 0.636713
vt 0.416630 0.369396
vt 0.816305 0.634202
vt 0.462440 0.542317
vt 0.508019 0.634552
vt 0.419519 0.373685
vt 0.816236 0.636932
vt 0.462440 0.537544
vt 0.510921 0.633145
vt 0.423767 0.375861
vt 0.816154 0.640157
vt 0.462440 0.532824
vt 0.513828 0.633339
vt 0.428482 0.375651
vt 0.816081 0.643069
vt 0.462440 0.528280
vt 0.516204 0.635069
vt 0.432241 0.373098
vt 0.816006 0.646007
vt 0.462440 0.523679
vt 0.517977 0.637986
vt 0.434737 0.369232
vt 0.815920 0.649420
vt 0.462440 0.518685
vt 0.518845 0.641667
vt 0.436004 0.364401
vt 0.815824 0.653200
vt 0.462440 0.514010
vt 0.518569 0.645102
vt 0.435745 0.359733
vt 0.815737 0.656645
vt 0.462440 0.508878
vt 0.517072 0.648454
vt 0.433767 0.354999
vt 0.815643 0.660315
vt 0.462440 0.504076
vt 0.514609 0.650838
vt 0.430405 0.351569
vt 0.815557 0.663742
vt 0.462440 0.499452
vt 0.511381 0.652246
vt 0.426220 0.349603
vt 0.815467 0.667263
vt 0.462440 0.495561
vt 0.508165 0.652735
vt 0.422390 0.348916
vt 0.815385 0.670514
vt 0.462440 0.491651
vt 0.504705 0.652689
vt 0.418481 0.348867
vt 0.815298 0.673974
vt 0.462440 0.487766
vt 0.501210 0.652207
vt 0.414620 0.349300
vt 0.815208 0.677501
vt 0.462440 0.483908
vt 0.497776 0.651357
vt 0.410852 0.350131
vt 0.815119 0.681037
vt 0.462440 0.480065
vt 0.494448 0.650177
vt 0.407199 0.351324
vt 0.815029 0.684567
vt 0.462440 0.476379
vt 0.491395 0.648748
vt 0.403822 0.352801
vt 0.814944 0.687937
vt 0.462440 0.472447
vt 0.488345 0.646909
vt 0.400404 0.354746
vt 0.814854 0.691497
vt 0.462440 0.468761
vt 0.485734 0.644893
vt 0.397431 0.356924
vt 0.814770 0.694795
vt 0.462440 0.464462
vt 0.483043 0.642195
vt 0.394320 0.359891
vt 0.814673 0.698604
vt 0.462440 0.460447
vt 0.480917 0.639365
vt 0.391827 0.363038
vt 0.814584 0.702143
vt 0.462440 0.456377
vt 0.479159 0.636230
vt 0.389748 0.366537
vt 0.814493 0.705736
vt 0.462440 0.452262
vt 0.477787 0.632837
vt 0.388109 0.370311
vt 0.814400 0.709394
vt 0.462440 0.448127
vt 0.476800 0.629251
vt 0.386910 0.374269
vt 0.814306 0.713113
vt 0.462440 0.444340
vt 0.476214 0.625852
vt 0.386172 0.377984
vt 0.814219 0.716561
vt 0.462440 0.439949
vt 0.475875 0.621818
vt 0.385694 0.382348
vt 0.814116 0.720608
vt 0.462440 0.435859
vt 0.475858 0.618015
vt 0.385571 0.386436
vt 0.814019 0.724410
vt 0.462440 0.431760
vt 0.476110 0.614199
vt 0.385738 0.390532
vt 0.813923 0.728232
vt 0.462440 0.427658
vt 0.476624 0.610408
vt 0.386186 0.394610
vt 0.813826 0.732057
vt 0.462440 0.423556
vt 0.477402 0.606671
vt 0.386919 0.398645
vt 0.813729 0.735873
vt 0.462440 0.419453
vt 0.478447 0.603017
vt 0.387948 0.402618
vt 0.813633 0.739672
vt 0.462440 0.415695
vt 0.479647 0.599773
vt 0.389162 0.406173
vt 0.813545 0.743130
vt 0.462440 0.411464
vt 0.481287 0.596274
vt 0.390861 0.410048
vt 0.813447 0.746993
vt 0.462440 0.407244
vt 0.483241 0.592994
vt 0.392928 0.413728
vt 0.813350 0.750810
vt 0.462440 0.403005
vt 0.485531 0.589966
vt 0.395399 0.417172
vt 0.813254 0.754605
vt 0.462440 0.398764
vt 0.488168 0.587236
vt 0.398266 0.420296
vt 0.813158 0.758399
vt 0.462440 0.394544
vt 0.491121 0.584814
vt 0.401461 0.423055
vt 0.813062 0.762217
vt 0.462440 0.390360
vt 0.494322 0.582714
vt 0.404899 0.425437
vt 0.812965 0.766044
vt 0.462440 0.386209
vt 0.497720 0.580924
vt 0.408522 0.427466
vt 0.812867 0.769884
vt 0.462440 0.382085
vt 0.501267 0.579425
vt 0.412278 0.429167
vt 0.812770 0.773733
vt 0.462440 0.377988
vt 0.504924 0.578197
vt 0.416128 0.430569
vt 0.812672 0.777590
vt 0.462440 0.373916
vt 0.508658 0.577220
vt 0.420040 0.431699
vt 0.812574 0.781448
vt 0.462440 0.369868
vt 0.512442 0.576473
vt 0.423990 0.432583
vt 0.812477 0.785304
vt 0.462440 0.365845
vt 0.516257 0.575938
vt 0.427959 0.433243
vt 0.812379 0.789155
vt 0.462440 0.361842
vt 0.520087 0.575598
vt 0.431936 0.433698
vt 0.812282 0.792999
vt 0.462440 0.357834
vt 0.523945 0.575437
vt 0.435934 0.433966
vt 0.812184 0.796859
vt 0.432151 0.430015
vt 0.436004 0.430273
vt 0.460723 0.361842
vt 0.460723 0.357834
vt 0.813900 0.796903
vt 0.813998 0.793042
vt 0.519965 0.571910
vt 0.523969 0.571743
vt 0.428331 0.429578
vt 0.460723 0.365844
vt 0.814095 0.789198
vt 0.515978 0.572264
vt 0.424531 0.428946
vt 0.460723 0.369868
vt 0.814193 0.785348
vt 0.511993 0.572824
vt 0.420767 0.428104
vt 0.460723 0.373916
vt 0.814291 0.781492
vt 0.508023 0.573607
vt 0.417059 0.427033
vt 0.460723 0.377987
vt 0.814388 0.777634
vt 0.504083 0.574638
vt 0.413434 0.425713
vt 0.460723 0.382085
vt 0.814486 0.773777
vt 0.500199 0.575942
vt 0.409926 0.424124
vt 0.460723 0.386209
vt 0.814584 0.769927
vt 0.496401 0.577548
vt 0.406575 0.422248
vt 0.460723 0.390360
vt 0.814681 0.766088
vt 0.492728 0.579484
vt 0.403428 0.420068
vt 0.460723 0.394544
vt 0.814778 0.762261
vt 0.489230 0.581779
vt 0.400537 0.417572
vt 0.460723 0.398764
vt 0.814875 0.758443
vt 0.485967 0.584455
vt 0.397970 0.414776
vt 0.460723 0.403005
vt 0.814971 0.754648
vt 0.483021 0.587506
vt 0.395757 0.411691
vt 0.460723 0.407244
vt 0.815067 0.750853
vt 0.480463 0.590886
vt 0.393888 0.408363
vt 0.460723 0.411464
vt 0.815164 0.747037
vt 0.478304 0.594512
vt 0.392337 0.404823
vt 0.460723 0.415695
vt 0.815262 0.743174
vt 0.476507 0.598343
vt 0.391219 0.401550
vt 0.460723 0.419453
vt 0.815349 0.739716
vt 0.475204 0.601867
vt 0.390267 0.397870
vt 0.460723 0.423556
vt 0.815445 0.735916
vt 0.474075 0.605812
vt 0.389584 0.394115
vt 0.460723 0.427658
vt 0.815542 0.732101
vt 0.473240 0.609828
vt 0.389166 0.390312
vt 0.460723 0.431760
vt 0.815639 0.728276
vt 0.472688 0.613892
vt 0.389011 0.386491
vt 0.460723 0.435859
vt 0.815736 0.724453
vt 0.472418 0.617983
vt 0.389124 0.382690
vt 0.460723 0.439949
vt 0.815832 0.720651
vt 0.472437 0.622073
vt 0.389565 0.378665
vt 0.460723 0.444340
vt 0.815935 0.716604
vt 0.472804 0.626448
vt 0.390237 0.375283
vt 0.460723 0.448127
vt 0.816022 0.713156
vt 0.473448 0.630180
vt 0.391315 0.371723
vt 0.460723 0.452262
vt 0.816116 0.709438
vt 0.474546 0.634167
vt 0.392772 0.368365
vt 0.460723 0.456377
vt 0.816209 0.705779
vt 0.476089 0.637982
vt 0.394608 0.365276
vt 0.460723 0.460447
vt 0.816300 0.702187
vt 0.478080 0.641531
vt 0.396806 0.362501
vt 0.460723 0.464462
vt 0.816390 0.698648
vt 0.480491 0.644741
vt 0.399564 0.359871
vt 0.460723 0.468761
vt 0.816486 0.694838
vt 0.483527 0.647786
vt 0.402226 0.357922
vt 0.460723 0.472447
vt 0.816570 0.691541
vt 0.486444 0.650038
vt 0.405321 0.356161
vt 0.460723 0.476379
vt 0.816660 0.687980
vt 0.489811 0.652069
vt 0.408410 0.354810
vt 0.460723 0.480065
vt 0.816746 0.684610
vt 0.493149 0.653632
vt 0.411766 0.353715
vt 0.460723 0.483908
vt 0.816835 0.681081
vt 0.496772 0.654917
vt 0.415221 0.352952
vt 0.460723 0.487766
vt 0.816925 0.677544
vt 0.500516 0.655843
vt 0.418727 0.352558
vt 0.460723 0.491651
vt 0.817014 0.674017
vt 0.504365 0.656374
vt 0.422187 0.352601
vt 0.460723 0.495561
vt 0.817102 0.670557
vt 0.508274 0.656423
vt 0.425389 0.353170
vt 0.460723 0.499452
vt 0.817184 0.667306
vt 0.512121 0.655834
vt 0.428581 0.354660
vt 0.460723 0.504076
vt 0.817273 0.663785
vt 0.516355 0.653974
vt 0.430983 0.357106
vt 0.460723 0.508878
vt 0.817360 0.660358
vt 0.519802 0.650631
vt 0.432395 0.360494
vt 0.460723 0.514010
vt 0.817453 0.656689
vt 0.521899 0.645948
vt 0.432583 0.363935
vt 0.460723 0.518685
vt 0.817540 0.653244
vt 0.522277 0.641288
vt 0.431622 0.367593
vt 0.460723 0.523679
vt 0.817636 0.649463
vt 0.521132 0.636427
vt 0.429776 0.370464
vt 0.460723 0.528280
vt 0.817722 0.646051
vt 0.518735 0.632499
vt 0.427357 0.372133
vt 0.460723 0.532824
vt 0.817797 0.643113
vt 0.515042 0.629851
vt 0.424446 0.372254
vt 0.460723 0.537544
vt 0.817871 0.640200
vt 0.510333 0.629522
vt 0.421580 0.370774
vt 0.460723 0.542317
vt 0.817953 0.636976
vt 0.506032 0.631589
vt 0.419966 0.368571
vt 0.460723 0.547489
vt 0.818022 0.634246
vt 0.503035 0.635804
vt 0.420843 0.366113
vt 0.460723 0.553511
vt 0.818088 0.631637
vt 0.504529 0.641638
vt 0.423684 0.363770
vt 0.816465 0.627911
vt 0.509944 0.641607
vt 0.550661 0.061838
vt 0.460723 0.558224
vt 0.421886 0.360579
vt 0.508066 0.644752
vt 0.462440 0.558224
vn -1.000000 0.000000 0.000000
vn -1.000000 0.000000 0.000000
vn -1.000000 0.000000 0.000000
vn -1.000000 0.000000 0.000000
vn 0.000000 -0.867469 0.497492
vn 0.000000 -0.867469 0.497492
vn 0.000000 -0.657302 0.753627
vn 0.000000 -0.657302 0.753627
vn 1.000000 0.000000 0.000000
vn 1.000000 0.000000 0.000000
vn 1.000000 0.000000 0.000000
vn 1.000000 0.000000 0.000000
vn 0.000000 0.870639 -0.491923
vn 0.000000 0.870639 -0.491923
vn 0.000000 0.744021 -0.668156
vn 0.000000 0.744021 -0.668156
vn -1.000000 -0.000000 0.000000
vn -1.000000 -0.000000 0.000000
vn 0.000000 -0.021198 0.999775
vn 0.000000 -0.021198 0.999775
vn 1.000000 0.000000 0.000000
vn 1.000000 0.000000 0.000000
vn 0.000000 -0.015194 -0.999885
vn 0.000000 -0.015194 -0.999885
vn -1.000000 -0.000000 0.000000
vn -1.000000 -0.000000 0.000000
vn 0.000000 0.666148 0.745819
vn 0.000000 0.666148 0.745819
vn 1.000000 0.000000 0.000000
vn 1.000000 0.000000 0.000000
vn 0.000000 -0.701500 -0.712669
vn 0.000000 -0.701500 -0.712669
vn -1.000000 -0.000000 0.000000
vn -1.000000 -0.000000 0.000000
vn 0.000000 0.944497 0.328521
vn 0.000000 0.944497 0.328521
vn 1.000000 -0.000000 0.000000
vn 1.000000 -0.000000 0.000000
vn 0.000000 -0.939680 -0.342055
vn 0.000000 -0.939680 -0.342055
vn -1.000000 0.000000 0.000000
vn -1.000000 0.000000 0.000000
vn 0.000000 0.987197 -0.159506
vn 0.000000 0.987197 -0.159506
vn 1.000000 -0.000001 0.000000
vn 1.000000 -0.000001 0.000000
vn 0.000000 -0.985874 0.167491
vn 0.000000 -0.985874 0.167491
vn -1.000000 0.000000 0.000000
vn -1.000000 -0.000000 0.000000
vn 0.000000 0.813978 -0.580896
vn 0.000000 0.813978 -0.580896
vn 1.000000 -0.000000 0.000000
vn 1.000000 -0.000000 0.000000
vn 0.000000 -0.803461 0.595358
vn 0.000000 -0.803461 0.595358
vn -1.000000 -0.000000 0.000000
vn -1.000000 -0.000000 0.000000
vn 0.000000 0.552276 -0.833661
vn 0.000000 0.552276 -0.833661
vn 1.000000 0.000000 0.000000
vn 1.000000 0.000000 0.000000
vn 0.000000 -0.550303 0.834965
vn 0.000000 -0.550303 0.834965
vn -1.000000 -0.000000 0.000000
vn -1.000000 -0.000000 0.000000
vn 0.000000 0.263822 -0.964571
vn 0.000000 0.263822 -0.964571
vn 1.000000 0.000000 0.000000
vn 1.000000 0.000000 0.000000
vn 0.000000 -0.266568 0.963816
vn 0.000000 -0.266568 0.963816
vn -1.000000 0.000000 0.000000
vn -1.000000 0.000000 0.000000
vn 0.000000 -0.097654 -0.995220
vn 0.000000 -0.097654 -0.995220
vn 1.000000 0.000000 0.000000
vn 1.000000 0.000000 0.000000
vn 0.000000 0.094027 0.995570
vn 0.000000 0.094027 0.995570
vn -1.000000 0.000000 0.000000
vn -1.000000 0.000000 0.000000
vn 0.000000 -0.449121 -0.893471
vn 0.000000 -0.449121 -0.893471
vn 1.000000 0.000000 0.000000
vn 1.000000 0.000000 0.000000
vn 0.000000 0.448922 0.893571
vn 0.000000 0.448922 0.893571
vn -1.000000 0.000000 0.000000
vn -1.000000 0.000000 0.000000
vn 0.000000 -0.747744 -0.663987
vn 0.000000 -0.747744 -0.663987
vn 1.000000 0.000000 0.000000
vn 1.000000 0.000000 0.000000
vn 0.000000 0.752712 0.658350
vn 0.000000 0.752712 0.658350
vn -1.000000 0.000000 0.000000
vn -1.000000 0.000000 0.000000
vn 0.000000 -0.907655 -0.419718
vn 0.000000 -0.907655 -0.419718
vn 1.000000 -0.000000 0.000000
vn 1.000000 -0.000000 0.000000
vn 0.000000 0.910815 0.412814
vn 0.000000 0.910815 0.412814
vn -1.000000 0.000001 0.000000
vn -1.000000 0.000001 0.000000
vn 0.000000 -0.975665 -0.219266
vn 0.000000 -0.975665 -0.219266
vn 1.000000 -0.000000 0.000000
vn 1.000000 -0.000000 0.000000
vn 0.000000 0.976330 0.216289
vn 0.000000 0.976330 0.216289
vn -1.000000 0.000000 0.000000
vn -1.000000 0.000000 0.000000
vn 0.000000 -0.996239 -0.086644
vn 0.000000 -0.996239 -0.086644
vn 1.000000 0.000000 0.000000
vn 1.000000 0.000000 0.000000
vn 0.000000 0.996325 0.085658
vn 0.000000 0.996325 0.085658
vn -1.000000 0.000000 0.000000
vn -1.000000 0.000000 0.000000
vn 0.000000 -0.999802 0.019912
vn 0.000000 -0.999802 0.019912
vn 1.000000 0.000000 0.000000
vn 1.000000 0.000000 0.000000
vn 0.000000 0.999795 -0.020255
vn 0.000000 0.999795 -0.020255
vn -1.000000 -0.000000 0.000000
vn -1.000000 -0.000000 0.000000
vn 0.000000 -0.993438 0.114374
vn 0.000000 -0.993438 0.114374
vn 1.000000 0.000000 0.000000
vn 1.000000 0.000000 0.000000
vn 0.000000 0.993432 -0.114422
vn 0.000000 0.993432 -0.114422
vn -1.000000 -0.000000 0.000000
vn -1.000000 -0.000000 0.000000
vn 0.000000 -0.979108 0.203341
vn 0.000000 -0.979108 0.203341
vn 1.000000 -0.000000 0.000000
vn 1.000000 -0.000000 0.000000
vn 0.000000 0.979136 -0.203204
vn 0.000000 0.979136 -0.203204
vn -1.000000 0.000000 0.000000
vn -1.000000 0.000000 0.000000
vn 0.000000 -0.954774 0.297331
vn 0.000000 -0.954774 0.297331
vn 1.000000 -0.000000 0.000000
vn 1.000000 -0.000000 0.000000
vn 0.000000 0.954870 -0.297024
vn 0.000000 0.954870 -0.297024
vn -1.000000 0.000000 0.000000
vn -1.000000 0.000000 0.000000
vn 0.000000 -0.920131 0.391611
vn 0.000000 -0.920131 0.391611
vn 1.000000 0.000000 0.000000
vn 1.000000 0.000000 0.000000
vn 0.000000 0.920297 -0.391220
vn 0.000000 0.920297 -0.391220
vn -1.000000 0.000000 0.000000
vn -1.000000 0.000000 0.000000
vn 0.000000 -0.864810 0.502099
vn 0.000000 -0.864810 0.502099
vn 1.000000 0.000000 0.000000
vn 1.000000 0.000000 0.000000
vn 0.000000 0.865014 -0.501747
vn 0.000000 0.865014 -0.501747
vn -1.000000 0.000000 0.000000
vn -1.000000 0.000000 0.000000
vn 0.000000 -0.796207 0.605024
vn 0.000000 -0.796207 0.605024
vn 1.000000 0.000000 0.000000
vn 1.000000 0.000000 0.000000
vn 0.000000 0.796346 -0.604841
vn 0.000000 0.796346 -0.604841
vn -1.000000 -0.000000 0.000000
vn -1.000000 -0.000000 0.000000
vn 0.000000 -0.705275 0.708934
vn 0.000000 -0.705275 0.708934
vn 1.000000 0.000000 0.000000
vn 1.000000 0.000000 0.000000
vn 0.000000 0.705229 -0.708980
vn 0.000000 0.705229 -0.708980
vn -1.000000 -0.000000 0.000000
vn -1.000000 -0.000000 0.000000
vn 0.000000 -0.606098 0.795390
vn 0.000000 -0.606098 0.795390
vn 1.000000 0.000000 0.000000
vn 1.000000 0.000000 0.000000
vn 0.000000 0.605851 -0.795578
vn 0.000000 0.605851 -0.795578
vn -1.000000 -0.000000 0.000000
vn -1.000000 -0.000000 0.000000
vn 0.000000 -0.502422 0.864623
vn 0.000000 -0.502422 0.864623
vn 1.000000 0.000000 0.000000
vn 1.000000 0.000000 0.000000
vn 0.000000 0.502035 -0.864847
vn 0.000000 0.502035 -0.864847
vn -1.000000 0.000000 0.000000
vn -1.000000 0.000000 0.000000
vn 0.000000 -0.405161 0.914245
vn 0.000000 -0.405161 0.914245
vn 1.000000 0.000000 0.000000
vn 1.000000 0.000000 0.000000
vn 0.000000 0.404777 -0.914415
vn 0.000000 0.404777 -0.914415
vn -1.000000 0.000000 0.000000
vn -1.000000 0.000000 0.000000
vn 0.000000 -0.308441 0.951244
vn 0.000000 -0.308441 0.951244
vn 1.000000 -0.000000 0.000000
vn 1.000000 -0.000000 0.000000
vn 0.000000 0.308081 -0.951360
vn 0.000000 0.308081 -0.951360
vn -1.000000 -0.000000 0.000000
vn -1.000000 0.000000 0.000000
vn 0.000000 -0.227755 0.973719
vn 0.000000 -0.227755 0.973719
vn 1.000000 -0.000000 0.000000
vn 1.000000 -0.000000 0.000000
vn 0.000000 0.227531 -0.973771
vn 0.000000 0.227531 -0.973771
vn -1.000000 0.000000 0.000000
vn -1.000000 -0.000000 0.000000
vn 0.000000 -0.147425 0.989073
vn 0.000000 -0.147425 0.989073
vn 1.000000 0.000000 0.000000
vn 1.000000 0.000000 0.000000
vn 0.000000 0.147342 -0.989086
vn 0.000000 0.147342 -0.989086
vn -1.000000 0.000000 0.000000
vn -1.000000 0.000000 0.000000
vn 0.000000 -0.072840 0.997344
vn 0.000000 -0.072840 0.997344
vn 1.000000 -0.000000 0.000000
vn 1.000000 -0.000000 0.000000
vn 0.000000 0.072831 -0.997344
vn 0.000000 0.072831 -0.997344
vn -1.000000 0.000000 0.000000
vn -1.000000 0.000000 0.000000
vn 0.000000 0.002040 0.999998
vn 0.000000 0.002040 0.999998
vn 1.000000 -0.000000 0.000000
vn 1.000000 -0.000000 0.000000
vn 0.000000 -0.001981 -0.999998
vn 0.000000 -0.001981 -0.999998
vn -1.000000 -0.000000 0.000000
vn -1.000000 -0.000000 0.000000
vn 0.000000 0.079382 0.996844
vn 0.000000 0.079382 0.996844
vn 1.000000 0.000000 0.000000
vn 1.000000 0.000000 0.000000
vn 0.000000 -0.079265 -0.996854
vn 0.000000 -0.079265 -0.996854
vn -1.000000 -0.000000 0.000000
vn -1.000000 -0.000000 0.000000
vn 0.000000 0.157282 0.987554
vn 0.000000 0.157282 0.987554
vn 1.000000 0.000000 0.000000
vn 1.000000 0.000000 0.000000
vn 0.000000 -0.157117 -0.987580
vn 0.000000 -0.157117 -0.987580
vn -1.000000 0.000000 0.000000
vn -1.000000 0.000000 0.000000
vn 0.000000 0.245493 0.969398
vn 0.000000 0.245493 0.969398
vn 1.000000 -0.000000 0.000000
vn 1.000000 -0.000000 0.000000
vn 0.000000 -0.245265 -0.969456
vn 0.000000 -0.245265 -0.969456
vn -1.000000 0.000000 0.000000
vn -1.000000 0.000000 0.000000
vn 0.000000 0.336019 0.941855
vn 0.000000 0.336019 0.941855
vn 1.000000 -0.000000 0.000000
vn 1.000000 -0.000000 0.000000
vn 0.000000 -0.335702 -0.941968
vn 0.000000 -0.335702 -0.941968
vn -1.000000 0.000000 0.000000
vn -1.000000 0.000000 0.000000
vn 0.000000 0.437914 0.899017
vn 0.000000 0.437914 0.899017
vn 1.000000 0.000000 0.000000
vn 1.000000 -0.000000 0.000000
vn 0.000000 -0.437562 -0.899188
vn 0.000000 -0.437562 -0.899188
vn -1.000000 0.000000 0.000000
vn -1.000000 0.000000 0.000000
vn 0.000000 0.542400 0.840120
vn 0.000000 0.542400 0.840120
vn 1.000000 -0.000000 0.000000
vn 1.000000 0.000000 0.000000
vn 0.000000 -0.542391 -0.840126
vn 0.000000 -0.542391 -0.840126
vn -1.000000 -0.000000 0.000000
vn -1.000000 -0.000000 0.000000
vn 0.000000 0.639762 0.768573
vn 0.000000 0.639762 0.768573
vn 1.000000 0.000000 0.000000
vn 1.000000 -0.000000 0.000000
vn 0.000000 -0.640078 -0.768310
vn 0.000000 -0.640078 -0.768310
vn -1.000000 -0.000000 0.000000
vn -1.000000 -0.000000 0.000000
vn 0.000000 0.721585 0.692326
vn 0.000000 0.721585 0.692326
vn 1.000000 0.000000 0.000000
vn 1.000000 0.000000 0.000000
vn 0.000000 -0.721864 -0.692035
vn 0.000000 -0.721864 -0.692035
vn -1.000000 0.000000 0.000000
vn -1.000000 0.000000 0.000000
vn 0.000000 0.787190 0.616711
vn 0.000000 0.787190 0.616711
vn 1.000000 0.000000 0.000000
vn 1.000000 0.000000 0.000000
vn 0.000000 -0.787394 -0.616450
vn 0.000000 -0.787394 -0.616450
vn -1.000000 0.000000 0.000000
vn -1.000000 0.000000 0.000000
vn 0.000000 0.838608 0.544735
vn 0.000000 0.838608 0.544735
vn 1.000000 0.000000 0.000000
vn 1.000000 0.000000 0.000000
vn 0.000000 -0.838749 -0.544518
vn 0.000000 -0.838749 -0.544518
vn -1.000000 0.000000 0.000000
vn -1.000000 0.000000 0.000000
vn 0.000000 0.878507 0.477729
vn 0.000000 0.878507 0.477729
vn 1.000000 0.000000 0.000000
vn 1.000000 0.000000 0.000000
vn 0.000000 -0.878606 -0.477547
vn 0.000000 -0.878606 -0.477547
vn -1.000000 0.000000 0.000000
vn -1.000000 0.000000 0.000000
vn 0.000000 0.909339 0.416055
vn 0.000000 0.909339 0.416055
vn 1.000000 0.000000 0.000000
vn 1.000000 0.000000 0.000000
vn 0.000000 -0.909399 -0.415925
vn 0.000000 -0.909399 -0.415925
vn -1.000000 0.000000 0.000000
vn -1.000000 0.000000 0.000000
vn 0.000000 0.933137 0.359521
vn 0.000000 0.933137 0.359521
vn 1.000000 -0.000000 0.000000
vn 1.000000 -0.000000 0.000000
vn 0.000000 -0.933174 -0.359426
vn 0.000000 -0.933174 -0.359426
vn -1.000000 0.000000 0.000000
vn -1.000000 0.000000 0.000000
vn 0.000000 0.951502 0.307642
vn 0.000000 0.951502 0.307642
vn 1.000000 -0.000000 0.000000
vn 1.000000 -0.000000 0.000000
vn 0.000000 -0.951528 -0.307562
vn 0.000000 -0.951528 -0.307562
vn -1.000000 0.000000 0.000000
vn -1.000000 0.000000 0.000000
vn 0.000000 0.965663 0.259797
vn 0.000000 0.965663 0.259797
vn 1.000000 0.000000 0.000000
vn 1.000000 0.000000 0.000000
vn 0.000000 -0.965677 -0.259745
vn 0.000000 -0.965677 -0.259745
vn -1.000000 0.000000 0.000000
vn -1.000000 0.000000 0.000000
vn 0.000000 0.976557 0.215260
vn 0.000000 0.976557 0.215260
vn 1.000000 -0.000000 0.000000
vn 1.000000 -0.000000 0.000000
vn 0.000000 -0.976566 -0.215219
vn 0.000000 -0.976566 -0.215219
vn -1.000000 0.000000 0.000000
vn -1.000000 0.000000 0.000000
vn 0.000000 0.981048 0.193767
vn 0.000000 0.981048 0.193767
vn 1.000000 -0.000000 0.000000
vn 1.000000 -0.000000 0.000000
vn 0.000000 -0.981051 -0.193749
vn 0.000000 -0.981051 -0.193749
vn 0.000000 -0.385927 -0.922529
vn 0.000000 -0.385927 -0.922529
vn 0.000000 -0.385927 -0.922529
vn 0.000000 -0.385927 -0.922529
s 1
g Barras Barras1 group6 sweep2
usemtl initialShadingGroup
f 2448/4482/3892 2449/4486/3893 2453/4479/3894 2452/4103/3895
s 2
f 2449/4487/3896 2450/4484/3897 2454/4477/3898 2453/4102/3899
s 3
f 2450/4485/3900 2451/4480/3901 2455/4476/3902 2454/4105/3903
s 4
f 2451/4481/3904 2448/4100/3905 2452/4478/3906 2455/4107/3907
s 1
f 2452/4103/3895 2453/4479/3894 2457/4475/3908 2456/4109/3909
s 2
f 2453/4102/3899 2454/4477/3898 2458/4473/3910 2457/4108/3911
s 3
f 2454/4105/3903 2455/4476/3902 2459/4472/3912 2458/4110/3913
s 4
f 2455/4107/3907 2452/4478/3906 2456/4474/3914 2459/4111/3915
s 1
f 2456/4109/3909 2457/4475/3908 2461/4471/3916 2460/4113/3917
s 2
f 2457/4108/3911 2458/4473/3910 2462/4469/3918 2461/4112/3919
s 3
f 2458/4110/3913 2459/4472/3912 2463/4468/3920 2462/4114/3921
s 4
f 2459/4111/3915 2456/4474/3914 2460/4470/3922 2463/4115/3923
s 1
f 2460/4113/3917 2461/4471/3916 2465/4467/3924 2464/4117/3925
s 2
f 2461/4112/3919 2462/4469/3918 2466/4465/3926 2465/4116/3927
s 3
f 2462/4114/3921 2463/4468/3920 2467/4464/3928 2466/4118/3929
s 4
f 2463/4115/3923 2460/4470/3922 2464/4466/3930 2467/4119/3931
s 1
f 2464/4117/3925 2465/4467/3924 2469/4463/3932 2468/4121/3933
s 2
f 2465/4116/3927 2466/4465/3926 2470/4461/3934 2469/4120/3935
s 3
f 2466/4118/3929 2467/4464/3928 2471/4460/3936 2470/4122/3937
s 4
f 2467/4119/3931 2464/4466/3930 2468/4462/3938 2471/4123/3939
s 1
f 2468/4121/3933 2469/4463/3932 2473/4459/3940 2472/4125/3941
s 2
f 2469/4120/3935 2470/4461/3934 2474/4457/3942 2473/4124/3943
s 3
f 2470/4122/3937 2471/4460/3936 2475/4456/3944 2474/4126/3945
s 4
f 2471/4123/3939 2468/4462/3938 2472/4458/3946 2475/4127/3947
s 1
f 2472/4125/3941 2473/4459/3940 2477/4455/3948 2476/4129/3949
s 2
f 2473/4124/3943 2474/4457/3942 2478/4453/3950 2477/4128/3951
s 3
f 2474/4126/3945 2475/4456/3944 2479/4452/3952 2478/4130/3953
s 4
f 2475/4127/3947 2472/4458/3946 2476/4454/3954 2479/4131/3955
s 1
f 2476/4129/3949 2477/4455/3948 2481/4451/3956 2480/4133/3957
s 2
f 2477/4128/3951 2478/4453/3950 2482/4449/3958 2481/4132/3959
s 3
f 2478/4130/3953 2479/4452/3952 2483/4448/3960 2482/4134/3961
s 4
f 2479/4131/3955 2476/4454/3954 2480/4450/3962 2483/4135/3963
s 1
f 2480/4133/3957 2481/4451/3956 2485/4447/3964 2484/4137/3965
s 2
f 2481/4132/3959 2482/4449/3958 2486/4445/3966 2485/4136/3967
s 3
f 2482/4134/3961 2483/4448/3960 2487/4444/3968 2486/4138/3969
s 4
f 2483/4135/3963 2480/4450/3962 2484/4446/3970 2487/4139/3971
s 1
f 2484/4137/3965 2485/4447/3964 2489/4443/3972 2488/4141/3973
s 2
f 2485/4136/3967 2486/4445/3966 2490/4441/3974 2489/4140/3975
s 3
f 2486/4138/3969 2487/4444/3968 2491/4440/3976 2490/4142/3977
s 4
f 2487/4139/3971 2484/4446/3970 2488/4442/3978 2491/4143/3979
s 1
f 2488/4141/3973 2489/4443/3972 2493/4439/3980 2492/4145/3981
s 2
f 2489/4140/3975 2490/4441/3974 2494/4437/3982 2493/4144/3983
s 3
f 2490/4142/3977 2491/4440/3976 2495/4436/3984 2494/4146/3985
s 4
f 2491/4143/3979 2488/4442/3978 2492/4438/3986 2495/4147/3987
s 1
f 2492/4145/3981 2493/4439/3980 2497/4435/3988 2496/4149/3989
s 2
f 2493/4144/3983 2494/4437/3982 2498/4433/3990 2497/4148/3991
s 3
f 2494/4146/3985 2495/4436/3984 2499/4432/3992 2498/4150/3993
s 4
f 2495/4147/3987 2492/4438/3986 2496/4434/3994 2499/4151/3995
s 1
f 2496/4149/3989 2497/4435/3988 2501/4431/3996 2500/4153/3997
s 2
f 2497/4148/3991 2498/4433/3990 2502/4429/3998 2501/4152/3999
s 3
f 2498/4150/3993 2499/4432/3992 2503/4428/4000 2502/4154/4001
s 4
f 2499/4151/3995 2496/4434/3994 2500/4430/4002 2503/4155/4003
s 1
f 2500/4153/3997 2501/4431/3996 2505/4427/4004 2504/4157/4005
s 2
f 2501/4152/3999 2502/4429/3998 2506/4425/4006 2505/4156/4007
s 3
f 2502/4154/4001 2503/4428/4000 2507/4424/4008 2506/4158/4009
s 4
f 2503/4155/4003 2500/4430/4002 2504/4426/4010 2507/4159/4011
s 1
f 2504/4157/4005 2505/4427/4004 2509/4423/4012 2508/4161/4013
s 2
f 2505/4156/4007 2506/4425/4006 2510/4421/4014 2509/4160/4015
s 3
f 2506/4158/4009 2507/4424/4008 2511/4420/4016 2510/4162/4017
s 4
f 2507/4159/4011 2504/4426/4010 2508/4422/4018 2511/4163/4019
s 1
f 2508/4161/4013 2509/4423/4012 2513/4419/4020 2512/4165/4021
s 2
f 2509/4160/4015 2510/4421/4014 2514/4417/4022 2513/4164/4023
s 3
f 2510/4162/4017 2511/4420/4016 2515/4416/4024 2514/4166/4025
s 4
f 2511/4163/4019 2508/4422/4018 2512/4418/4026 2515/4167/4027
s 1
f 2512/4165/4021 2513/4419/4020 2517/4415/4028 2516/4169/4029
s 2
f 2513/4164/4023 2514/4417/4022 2518/4413/4030 2517/4168/4031
s 3
f 2514/4166/4025 2515/4416/4024 2519/4412/4032 2518/4170/4033
s 4
f 2515/4167/4027 2512/4418/4026 2516/4414/4034 2519/4171/4035
s 1
f 2516/4169/4029 2517/4415/4028 2521/4411/4036 2520/4173/4037
s 2
f 2517/4168/4031 2518/4413/4030 2522/4409/4038 2521/4172/4039
s 3
f 2518/4170/4033 2519/4412/4032 2523/4408/4040 2522/4174/4041
s 4
f 2519/4171/4035 2516/4414/4034 2520/4410/4042 2523/4175/4043
s 1
f 2520/4173/4037 2521/4411/4036 2525/4407/4044 2524/4177/4045
s 2
f 2521/4172/4039 2522/4409/4038 2526/4405/4046 2525/4176/4047
s 3
f 2522/4174/4041 2523/4408/4040 2527/4404/4048 2526/4178/4049
s 4
f 2523/4175/4043 2520/4410/4042 2524/4406/4050 2527/4179/4051
s 1
f 2524/4177/4045 2525/4407/4044 2529/4403/4052 2528/4181/4053
s 2
f 2525/4176/4047 2526/4405/4046 2530/4401/4054 2529/4180/4055
s 3
f 2526/4178/4049 2527/4404/4048 2531/4400/4056 2530/4182/4057
s 4
f 2527/4179/4051 2524/4406/4050 2528/4402/4058 2531/4183/4059
s 1
f 2528/4181/4053 2529/4403/4052 2533/4399/4060 2532/4185/4061
s 2
f 2529/4180/4055 2530/4401/4054 2534/4397/4062 2533/4184/4063
s 3
f 2530/4182/4057 2531/4400/4056 2535/4396/4064 2534/4186/4065
s 4
f 2531/4183/4059 2528/4402/4058 2532/4398/4066 2535/4187/4067
s 1
f 2532/4185/4061 2533/4399/4060 2537/4395/4068 2536/4189/4069
s 2
f 2533/4184/4063 2534/4397/4062 2538/4393/4070 2537/4188/4071
s 3
f 2534/4186/4065 2535/4396/4064 2539/4392/4072 2538/4190/4073
s 4
f 2535/4187/4067 2532/4398/4066 2536/4394/4074 2539/4191/4075
s 1
f 2536/4189/4069 2537/4395/4068 2541/4391/4076 2540/4193/4077
s 2
f 2537/4188/4071 2538/4393/4070 2542/4389/4078 2541/4192/4079
s 3
f 2538/4190/4073 2539/4392/4072 2543/4388/4080 2542/4194/4081
s 4
f 2539/4191/4075 2536/4394/4074 2540/4390/4082 2543/4195/4083
s 1
f 2540/4193/4077 2541/4391/4076 2545/4387/4084 2544/4197/4085
s 2
f 2541/4192/4079 2542/4389/4078 2546/4385/4086 2545/4196/4087
s 3
f 2542/4194/4081 2543/4388/4080 2547/4384/4088 2546/4198/4089
s 4
f 2543/4195/4083 2540/4390/4082 2544/4386/4090 2547/4199/4091
s 1
f 2544/4197/4085 2545/4387/4084 2549/4383/4092 2548/4201/4093
s 2
f 2545/4196/4087 2546/4385/4086 2550/4381/4094 2549/4200/4095
s 3
f 2546/4198/4089 2547/4384/4088 2551/4380/4096 2550/4202/4097
s 4
f 2547/4199/4091 2544/4386/4090 2548/4382/4098 2551/4203/4099
s 1
f 2548/4201/4093 2549/4383/4092 2553/4379/4100 2552/4205/4101
s 2
f 2549/4200/4095 2550/4381/4094 2554/4377/4102 2553/4204/4103
s 3
f 2550/4202/4097 2551/4380/4096 2555/4376/4104 2554/4206/4105
s 4
f 2551/4203/4099 2548/4382/4098 2552/4378/4106 2555/4207/4107
s 1
f 2552/4205/4101 2553/4379/4100 2557/4375/4108 2556/4209/4109
s 2
f 2553/4204/4103 2554/4377/4102 2558/4373/4110 2557/4208/4111
s 3
f 2554/4206/4105 2555/4376/4104 2559/4372/4112 2558/4210/4113
s 4
f 2555/4207/4107 2552/4378/4106 2556/4374/4114 2559/4211/4115
s 1
f 2556/4209/4109 2557/4375/4108 2561/4371/4116 2560/4213/4117
s 2
f 2557/4208/4111 2558/4373/4110 2562/4369/4118 2561/4212/4119
s 3
f 2558/4210/4113 2559/4372/4112 2563/4368/4120 2562/4214/4121
s 4
f 2559/4211/4115 2556/4374/4114 2560/4370/4122 2563/4215/4123
s 1
f 2560/4213/4117 2561/4371/4116 2565/4367/4124 2564/4217/4125
s 2
f 2561/4212/4119 2562/4369/4118 2566/4365/4126 2565/4216/4127
s 3
f 2562/4214/4121 2563/4368/4120 2567/4364/4128 2566/4218/4129
s 4
f 2563/4215/4123 2560/4370/4122 2564/4366/4130 2567/4219/4131
s 1
f 2564/4217/4125 2565/4367/4124 2569/4363/4132 2568/4221/4133
s 2
f 2565/4216/4127 2566/4365/4126 2570/4361/4134 2569/4220/4135
s 3
f 2566/4218/4129 2567/4364/4128 2571/4360/4136 2570/4222/4137
s 4
f 2567/4219/4131 2564/4366/4130 2568/4362/4138 2571/4223/4139
s 1
f 2568/4221/4133 2569/4363/4132 2573/4359/4140 2572/4225/4141
s 2
f 2569/4220/4135 2570/4361/4134 2574/4357/4142 2573/4224/4143
s 3
f 2570/4222/4137 2571/4360/4136 2575/4356/4144 2574/4226/4145
s 4
f 2571/4223/4139 2568/4362/4138 2572/4358/4146 2575/4227/4147
s 1
f 2572/4225/4141 2573/4359/4140 2577/4355/4148 2576/4229/4149
s 2
f 2573/4224/4143 2574/4357/4142 2578/4353/4150 2577/4228/4151
s 3
f 2574/4226/4145 2575/4356/4144 2579/4352/4152 2578/4230/4153
s 4
f 2575/4227/4147 2572/4358/4146 2576/4354/4154 2579/4231/4155
s 1
f 2576/4229/4149 2577/4355/4148 2581/4351/4156 2580/4233/4157
s 2
f 2577/4228/4151 2578/4353/4150 2582/4349/4158 2581/4232/4159
s 3
f 2578/4230/4153 2579/4352/4152 2583/4348/4160 2582/4234/4161
s 4
f 2579/4231/4155 2576/4354/4154 2580/4350/4162 2583/4235/4163
s 1
f 2580/4233/4157 2581/4351/4156 2585/4347/4164 2584/4237/4165
s 2
f 2581/4232/4159 2582/4349/4158 2586/4345/4166 2585/4236/4167
s 3
f 2582/4234/4161 2583/4348/4160 2587/4344/4168 2586/4238/4169
s 4
f 2583/4235/4163 2580/4350/4162 2584/4346/4170 2587/4239/4171
s 1
f 2584/4237/4165 2585/4347/4164 2589/4343/4172 2588/4241/4173
s 2
f 2585/4236/4167 2586/4345/4166 2590/4341/4174 2589/4240/4175
s 3
f 2586/4238/4169 2587/4344/4168 2591/4340/4176 2590/4242/4177
s 4
f 2587/4239/4171 2584/4346/4170 2588/4342/4178 2591/4243/4179
s 1
f 2588/4241/4173 2589/4343/4172 2593/4339/4180 2592/4245/4181
s 2
f 2589/4240/4175 2590/4341/4174 2594/4337/4182 2593/4244/4183
s 3
f 2590/4242/4177 2591/4340/4176 2595/4336/4184 2594/4246/4185
s 4
f 2591/4243/4179 2588/4342/4178 2592/4338/4186 2595/4247/4187
s 1
f 2592/4245/4181 2593/4339/4180 2597/4335/4188 2596/4249/4189
s 2
f 2593/4244/4183 2594/4337/4182 2598/4333/4190 2597/4248/4191
s 3
f 2594/4246/4185 2595/4336/4184 2599/4332/4192 2598/4250/4193
s 4
f 2595/4247/4187 2592/4338/4186 2596/4334/4194 2599/4251/4195
s 1
f 2596/4249/4189 2597/4335/4188 2601/4331/4196 2600/4253/4197
s 2
f 2597/4248/4191 2598/4333/4190 2602/4329/4198 2601/4252/4199
s 3
f 2598/4250/4193 2599/4332/4192 2603/4328/4200 2602/4254/4201
s 4
f 2599/4251/4195 2596/4334/4194 2600/4330/4202 2603/4255/4203
s 1
f 2600/4253/4197 2601/4331/4196 2605/4327/4204 2604/4257/4205
s 2
f 2601/4252/4199 2602/4329/4198 2606/4325/4206 2605/4256/4207
s 3
f 2602/4254/4201 2603/4328/4200 2607/4324/4208 2606/4258/4209
s 4
f 2603/4255/4203 2600/4330/4202 2604/4326/4210 2607/4259/4211
s 1
f 2604/4257/4205 2605/4327/4204 2609/4323/4212 2608/4261/4213
s 2
f 2605/4256/4207 2606/4325/4206 2610/4321/4214 2609/4260/4215
s 3
f 2606/4258/4209 2607/4324/4208 2611/4320/4216 2610/4262/4217
s 4
f 2607/4259/4211 2604/4326/4210 2608/4322/4218 2611/4263/4219
s 1
f 2608/4261/4213 2609/4323/4212 2613/4319/4220 2612/4265/4221
s 2
f 2609/4260/4215 2610/4321/4214 2614/4317/4222 2613/4264/4223
s 3
f 2610/4262/4217 2611/4320/4216 2615/4316/4224 2614/4266/4225
s 4
f 2611/4263/4219 2608/4322/4218 2612/4318/4226 2615/4267/4227
s 1
f 2612/4265/4221 2613/4319/4220 2617/4315/4228 2616/4269/4229
s 2
f 2613/4264/4223 2614/4317/4222 2618/4313/4230 2617/4268/4231
s 3
f 2614/4266/4225 2615/4316/4224 2619/4312/4232 2618/4270/4233
s 4
f 2615/4267/4227 2612/4318/4226 2616/4314/4234 2619/4271/4235
s 1
f 2616/4269/4229 2617/4315/4228 2621/4311/4236 2620/4273/4237
s 2
f 2617/4268/4231 2618/4313/4230 2622/4309/4238 2621/4272/4239
s 3
f 2618/4270/4233 2619/4312/4232 2623/4308/4240 2622/4274/4241
s 4
f 2619/4271/4235 2616/4314/4234 2620/4310/4242 2623/4275/4243
s 1
f 2620/4273/4237 2621/4311/4236 2625/4307/4244 2624/4277/4245
s 2
f 2621/4272/4239 2622/4309/4238 2626/4305/4246 2625/4276/4247
s 3
f 2622/4274/4241 2623/4308/4240 2627/4304/4248 2626/4278/4249
s 4
f 2623/4275/4243 2620/4310/4242 2624/4306/4250 2627/4279/4251
s 1
f 2624/4277/4245 2625/4307/4244 2629/4303/4252 2628/4281/4253
s 2
f 2625/4276/4247 2626/4305/4246 2630/4301/4254 2629/4280/4255
s 3
f 2626/4278/4249 2627/4304/4248 2631/4300/4256 2630/4282/4257
s 4
f 2627/4279/4251 2624/4306/4250 2628/4302/4258 2631/4283/4259
s 1
f 2628/4281/4253 2629/4303/4252 2633/4298/4260 2632/4285/4261
s 2
f 2629/4280/4255 2630/4301/4254 2634/4294/4262 2633/4284/4263
s 3
f 2630/4282/4257 2631/4300/4256 2635/4292/4264 2634/4286/4265
s 4
f 2631/4283/4259 2628/4302/4258 2632/4297/4266 2635/4287/4267
s 1
f 2632/4285/4261 2633/4298/4260 2637/4299/4268 2636/4289/4269
s 2
f 2633/4284/4263 2634/4294/4262 2638/4295/4270 2637/4288/4271
s 3
f 2634/4286/4265 2635/4292/4264 2639/4293/4272 2638/4290/4273
s 4
f 2635/4287/4267 2632/4297/4266 2636/4296/4274 2639/4291/4275
s off
f 2449/4101/4276 2448/4483/4277 2451/4106/4278 2450/4104/4279
g default
v -0.043220 0.969482 -1.942139
v -0.047245 0.969482 -1.948163
v -0.053267 0.969482 -1.952187
v -0.060372 0.969482 -1.953600
v -0.067477 0.969482 -1.952187
v -0.073500 0.969482 -1.948163
v -0.077524 0.969482 -1.942140
v -0.078937 0.969482 -1.935035
v -0.077524 0.969482 -1.927930
v -0.073500 0.969482 -1.921907
v -0.067477 0.969482 -1.917883
v -0.060372 0.969482 -1.916470
v -0.053268 0.969482 -1.917883
v -0.047245 0.969482 -1.921907
v -0.043220 0.969482 -1.927930
v -0.041807 0.969482 -1.935035
v -0.026727 0.974898 -1.948971
v -0.034621 0.974898 -1.960786
v -0.046436 0.974898 -1.968680
v -0.060372 0.974898 -1.971452
v -0.074308 0.974898 -1.968680
v -0.086123 0.974898 -1.960786
v -0.094017 0.974898 -1.948971
v -0.096789 0.974898 -1.935035
v -0.094017 0.974898 -1.921099
v -0.086123 0.974898 -1.909284
v -0.074308 0.974898 -1.901390
v -0.060372 0.974898 -1.898618
v -0.046436 0.974898 -1.901390
v -0.034621 0.974898 -1.909284
v -0.026727 0.974898 -1.921099
v -0.023955 0.974898 -1.935035
v -0.011527 0.983691 -1.955267
v -0.022988 0.983691 -1.972419
v -0.040140 0.983691 -1.983880
v -0.060372 0.983691 -1.987904
v -0.080604 0.983691 -1.983880
v -0.097756 0.983691 -1.972419
v -0.109217 0.983691 -1.955267
v -0.113241 0.983691 -1.935035
v -0.109217 0.983691 -1.914803
v -0.097756 0.983691 -1.897651
v -0.080604 0.983691 -1.886190
v -0.060372 0.983691 -1.882166
v -0.040140 0.983691 -1.886190
v -0.022988 0.983691 -1.897651
v -0.011527 0.983691 -1.914803
v -0.007503 0.983691 -1.935035
v 0.001795 0.995526 -1.960786
v -0.012791 0.995526 -1.982616
v -0.034621 0.995526 -1.997202
v -0.060372 0.995526 -2.002325
v -0.086123 0.995526 -1.997202
v -0.107953 0.995526 -1.982616
v -0.122540 0.995526 -1.960786
v -0.127662 0.995526 -1.935035
v -0.122540 0.995526 -1.909284
v -0.107953 0.995526 -1.887454
v -0.086123 0.995526 -1.872868
v -0.060372 0.995526 -1.867745
v -0.034621 0.995526 -1.872868
v -0.012791 0.995526 -1.887454
v 0.001795 0.995526 -1.909284
v 0.006917 0.995526 -1.935035
v 0.012729 1.009946 -1.965314
v -0.004423 1.009946 -1.990984
v -0.030093 1.009946 -2.008136
v -0.060372 1.009946 -2.014159
v -0.090652 1.009946 -2.008136
v -0.116321 1.009946 -1.990984
v -0.133473 1.009946 -1.965314
v -0.139496 1.009946 -1.935035
v -0.133473 1.009946 -1.904755
v -0.116321 1.009946 -1.879086
v -0.090652 1.009946 -1.861934
v -0.060372 1.009946 -1.855911
v -0.030093 1.009946 -1.861934
v -0.004423 1.009946 -1.879086
v 0.012729 1.009946 -1.904755
v 0.018752 1.009946 -1.935035
v 0.020854 1.026399 -1.968680
v 0.001795 1.026399 -1.997202
v -0.026727 1.026399 -2.016261
v -0.060372 1.026399 -2.022953
v -0.094017 1.026399 -2.016261
v -0.122539 1.026399 -1.997203
v -0.141598 1.026399 -1.968680
v -0.148290 1.026399 -1.935035
v -0.141598 1.026399 -1.901390
v -0.122540 1.026399 -1.872868
v -0.094017 1.026399 -1.853809
v -0.060372 1.026399 -1.847117
v -0.026727 1.026399 -1.853809
v 0.001795 1.026399 -1.872868
v 0.020854 1.026399 -1.901390
v 0.027546 1.026399 -1.935035
v 0.025857 1.044250 -1.970752
v 0.005625 1.044250 -2.001032
v -0.024655 1.044250 -2.021264
v -0.060372 1.044250 -2.028368
v -0.096089 1.044250 -2.021264
v -0.126369 1.044250 -2.001032
v -0.146601 1.044250 -1.970752
v -0.153705 1.044250 -1.935035
v -0.146601 1.044250 -1.899318
v -0.126369 1.044250 -1.869038
v -0.096089 1.044250 -1.848806
v -0.060372 1.044250 -1.841702
v -0.024655 1.044250 -1.848806
v 0.005625 1.044250 -1.869038
v 0.025857 1.044250 -1.899318
v 0.032961 1.044250 -1.935035
v 0.027546 1.062816 -1.971452
v 0.006918 1.062816 -2.002324
v -0.023955 1.062816 -2.022953
v -0.060372 1.062816 -2.030197
v -0.096789 1.062816 -2.022953
v -0.127662 1.062816 -2.002325
v -0.148290 1.062816 -1.971452
v -0.155534 1.062816 -1.935035
v -0.148290 1.062816 -1.898618
v -0.127662 1.062816 -1.867745
v -0.096789 1.062816 -1.847117
v -0.060372 1.062816 -1.839873
v -0.023955 1.062816 -1.847117
v 0.006917 1.062816 -1.867745
v 0.027546 1.062816 -1.898618
v 0.034790 1.062816 -1.935035
v 0.025857 1.081381 -1.970752
v 0.005625 1.081381 -2.001032
v -0.024655 1.081381 -2.021264
v -0.060372 1.081381 -2.028368
v -0.096089 1.081381 -2.021264
v -0.126369 1.081381 -2.001032
v -0.146601 1.081381 -1.970752
v -0.153705 1.081381 -1.935035
v -0.146601 1.081381 -1.899318
v -0.126369 1.081381 -1.869038
v -0.096089 1.081381 -1.848806
v -0.060372 1.081381 -1.841702
v -0.024655 1.081381 -1.848806
v 0.005625 1.081381 -1.869038
v 0.025857 1.081381 -1.899318
v 0.032961 1.081381 -1.935035
v 0.020854 1.099232 -1.968680
v 0.001795 1.099232 -1.997202
v -0.026727 1.099232 -2.016261
v -0.060372 1.099232 -2.022953
v -0.094017 1.099232 -2.016261
v -0.122539 1.099232 -1.997203
v -0.141598 1.099232 -1.968680
v -0.148290 1.099232 -1.935035
v -0.141598 1.099232 -1.901390
v -0.122540 1.099232 -1.872868
v -0.094017 1.099232 -1.853809
v -0.060372 1.099232 -1.847117
v -0.026727 1.099232 -1.853809
v 0.001795 1.099232 -1.872868
v 0.020854 1.099232 -1.901390
v 0.027546 1.099232 -1.935035
v 0.012729 1.115685 -1.965314
v -0.004423 1.115685 -1.990984
v -0.030093 1.115685 -2.008136
v -0.060372 1.115685 -2.014159
v -0.090652 1.115685 -2.008136
v -0.116321 1.115685 -1.990984
v -0.133473 1.115685 -1.965314
v -0.139496 1.115685 -1.935035
v -0.133473 1.115685 -1.904755
v -0.116321 1.115685 -1.879086
v -0.090652 1.115685 -1.861934
v -0.060372 1.115685 -1.855911
v -0.030093 1.115685 -1.861934
v -0.004423 1.115685 -1.879086
v 0.012729 1.115685 -1.904755
v 0.018752 1.115685 -1.935035
v 0.001795 1.130105 -1.960786
v -0.012791 1.130105 -1.982616
v -0.034621 1.130105 -1.997202
v -0.060372 1.130105 -2.002325
v -0.086123 1.130105 -1.997202
v -0.107953 1.130105 -1.982616
v -0.122540 1.130105 -1.960786
v -0.127662 1.130105 -1.935035
v -0.122540 1.130105 -1.909284
v -0.107953 1.130105 -1.887454
v -0.086123 1.130105 -1.872868
v -0.060372 1.130105 -1.867745
v -0.034621 1.130105 -1.872868
v -0.012791 1.130105 -1.887454
v 0.001795 1.130105 -1.909284
v 0.006917 1.130105 -1.935035
v -0.011527 1.141940 -1.955267
v -0.022988 1.141940 -1.972419
v -0.040140 1.141940 -1.983880
v -0.060372 1.141940 -1.987904
v -0.080604 1.141940 -1.983880
v -0.097756 1.141940 -1.972419
v -0.109217 1.141940 -1.955267
v -0.113241 1.141940 -1.935035
v -0.109217 1.141940 -1.914803
v -0.097756 1.141940 -1.897651
v -0.080604 1.141940 -1.886190
v -0.060372 1.141940 -1.882166
v -0.040140 1.141940 -1.886190
v -0.022988 1.141940 -1.897651
v -0.011527 1.141940 -1.914803
v -0.007503 1.141940 -1.935035
v -0.026727 1.150734 -1.948971
v -0.034621 1.150734 -1.960786
v -0.046436 1.150734 -1.968680
v -0.060372 1.150734 -1.971452
v -0.074308 1.150734 -1.968680
v -0.086123 1.150734 -1.960786
v -0.094017 1.150734 -1.948971
v -0.096789 1.150734 -1.935035
v -0.094017 1.150734 -1.921099
v -0.086123 1.150734 -1.909284
v -0.074308 1.150734 -1.901390
v -0.060372 1.150734 -1.898618
v -0.046436 1.150734 -1.901390
v -0.034621 1.150734 -1.909284
v -0.026727 1.150734 -1.921099
v -0.023955 1.150734 -1.935035
v -0.043220 1.156149 -1.942139
v -0.047245 1.156149 -1.948163
v -0.053267 1.156149 -1.952187
v -0.060372 1.156149 -1.953600
v -0.067477 1.156149 -1.952187
v -0.073500 1.156149 -1.948163
v -0.077524 1.156149 -1.942140
v -0.078937 1.156149 -1.935035
v -0.077524 1.156149 -1.927930
v -0.073500 1.156149 -1.921907
v -0.067477 1.156149 -1.917883
v -0.060372 1.156149 -1.916470
v -0.053268 1.156149 -1.917883
v -0.047245 1.156149 -1.921907
v -0.043220 1.156149 -1.927930
v -0.041807 1.156149 -1.935035
v -0.060372 0.967654 -1.935035
v -0.060372 1.157977 -1.935035
vt 0.851167 0.864855
vt 0.850738 0.861402
vt 0.856291 0.858107
vt 0.856781 0.863403
vt 0.849973 0.858145
vt 0.855362 0.852966
vt 0.848845 0.855221
vt 0.853921 0.848107
vt 0.847325 0.852808
vt 0.851853 0.843709
vt 0.845404 0.851139
vt 0.849004 0.840040
vt 0.843134 0.850516
vt 0.845188 0.837521
vt 0.840695 0.851298
vt 0.838682 0.898071
vt 0.842574 0.885780
vt 0.843493 0.898086
vt 0.844853 0.885229
vt 0.847484 0.896145
vt 0.846843 0.883667
vt 0.850614 0.892923
vt 0.848462 0.881360
vt 0.852977 0.888861
vt 0.849695 0.878525
vt 0.854692 0.884246
vt 0.850560 0.875332
vt 0.855864 0.879272
vt 0.851081 0.871918
vt 0.856574 0.874073
vt 0.851280 0.868393
vt 0.856873 0.868754
vt 0.861838 0.856014
vt 0.862273 0.862572
vt 0.860969 0.849542
vt 0.859579 0.843238
vt 0.857510 0.837218
vt 0.854514 0.831657
vt 0.850189 0.826854
vt 0.840205 0.910524
vt 0.846893 0.908608
vt 0.851874 0.904827
vt 0.855515 0.899946
vt 0.858137 0.894387
vt 0.859984 0.888398
vt 0.861226 0.882132
vt 0.861981 0.875691
vt 0.862320 0.869151
vt 0.867441 0.854611
vt 0.867771 0.862080
vt 0.866741 0.847168
vt 0.865588 0.839785
vt 0.863832 0.832501
vt 0.861207 0.825365
vt 0.857233 0.818447
vt 0.844687 0.921977
vt 0.852272 0.917513
vt 0.857522 0.911816
vt 0.861187 0.905432
vt 0.863747 0.898631
vt 0.865516 0.891565
vt 0.866697 0.884324
vt 0.867420 0.876969
vt 0.867765 0.869543
vt 0.873109 0.853704
vt 0.873307 0.861825
vt 0.872634 0.845564
vt 0.871825 0.837400
vt 0.870565 0.829187
vt 0.868638 0.820855
vt 0.865617 0.812245
vt 0.851755 0.931869
vt 0.859190 0.924759
vt 0.864090 0.917311
vt 0.867409 0.909663
vt 0.869684 0.901874
vt 0.871237 0.893983
vt 0.872272 0.886014
vt 0.872915 0.877989
vt 0.873246 0.869922
vt 0.878833 0.853203
vt 0.878884 0.861761
vt 0.878615 0.844598
vt 0.878208 0.835913
vt 0.877549 0.827079
vt 0.876512 0.817943
vt 0.874823 0.808170
vt 0.860938 0.939735
vt 0.867275 0.930279
vt 0.871330 0.921400
vt 0.874029 0.912776
vt 0.875859 0.904254
vt 0.877102 0.895766
vt 0.877934 0.887285
vt 0.878466 0.878794
vt 0.878769 0.870288
vt 0.884594 0.853063
vt 0.884492 0.861869
vt 0.884649 0.844200
vt 0.884671 0.835234
vt 0.884663 0.826070
vt 0.884610 0.816515
vt 0.884446 0.806147
vt 0.871717 0.945213
vt 0.876201 0.934008
vt 0.879044 0.924123
vt 0.880927 0.914841
vt 0.882201 0.905842
vt 0.883069 0.896978
vt 0.883661 0.888180
vt 0.884060 0.879409
vt 0.884324 0.870645
vt 0.890370 0.853267
vt 0.890116 0.862142
vt 0.890699 0.844341
vt 0.891154 0.835317
vt 0.891804 0.826102
vt 0.892748 0.816503
vt 0.894143 0.806105
vt 0.883543 0.948026
vt 0.885662 0.935883
vt 0.887054 0.925486
vt 0.887996 0.915888
vt 0.888644 0.906673
vt 0.889098 0.897649
vt 0.889426 0.888724
vt 0.889679 0.879849
vt 0.889897 0.870995
vt 0.896134 0.853811
vt 0.895734 0.862582
vt 0.896727 0.845012
vt 0.897597 0.836149
vt 0.898872 0.827149
vt 0.900757 0.817867
vt 0.903603 0.807981
vt 0.895827 0.947980
vt 0.895360 0.935840
vt 0.895193 0.925473
vt 0.895137 0.915919
vt 0.895128 0.906756
vt 0.895148 0.897790
vt 0.895202 0.888928
vt 0.895303 0.880122
vt 0.895470 0.871346
vt 0.901861 0.854706
vt 0.901328 0.863197
vt 0.902694 0.846224
vt 0.903938 0.837737
vt 0.905769 0.829215
vt 0.908470 0.820590
vt 0.912528 0.811712
vt 0.907938 0.944965
vt 0.904983 0.933815
vt 0.903291 0.924044
vt 0.902251 0.914909
vt 0.901591 0.906076
vt 0.901182 0.897392
vt 0.900963 0.888788
vt 0.900911 0.880230
vt 0.901026 0.871702
vt 0.907523 0.855976
vt 0.906879 0.864001
vt 0.908558 0.848008
vt 0.910113 0.840116
vt 0.912389 0.832328
vt 0.915709 0.824680
vt 0.920611 0.817233
vt 0.919184 0.938962
vt 0.914189 0.929738
vt 0.911166 0.921130
vt 0.909235 0.912800
vt 0.907974 0.904588
vt 0.907163 0.896424
vt 0.906687 0.888285
vt 0.906488 0.880165
vt 0.906548 0.872068
vt 0.913098 0.857666
vt 0.912374 0.865021
vt 0.914279 0.850425
vt 0.916049 0.843359
vt 0.918610 0.836558
vt 0.922276 0.830174
vt 0.927527 0.824478
vt 0.928797 0.930076
vt 0.922572 0.923534
vt 0.918596 0.916619
vt 0.915969 0.909485
vt 0.914211 0.902202
vt 0.913057 0.894820
vt 0.912355 0.887377
vt 0.912024 0.879909
vt 0.912029 0.872447
vt 0.918568 0.859858
vt 0.917813 0.866298
vt 0.919811 0.853592
vt 0.921658 0.847603
vt 0.924281 0.842044
vt 0.927923 0.837163
vt 0.932904 0.833383
vt 0.935903 0.918596
vt 0.929614 0.915126
vt 0.925288 0.910326
vt 0.922290 0.904766
vt 0.920220 0.898747
vt 0.918828 0.892445
vt 0.917959 0.885973
vt 0.917522 0.879416
vt 0.917475 0.872838
vt 0.923931 0.862717
vt 0.923221 0.867915
vt 0.925103 0.857743
vt 0.926818 0.853128
vt 0.929181 0.849066
vt 0.932312 0.845844
vt 0.936303 0.843903
vt 0.939564 0.905136
vt 0.934613 0.904458
vt 0.930796 0.901942
vt 0.927946 0.898275
vt 0.925877 0.893878
vt 0.924435 0.889020
vt 0.923506 0.883879
vt 0.923015 0.878584
vt 0.922922 0.873234
vt 0.929235 0.866655
vt 0.928714 0.870069
vt 0.930099 0.863463
vt 0.931333 0.860627
vt 0.932952 0.858320
vt 0.934943 0.856759
vt 0.937221 0.856207
vt 0.939103 0.890681
vt 0.936664 0.891464
vt 0.934394 0.890843
vt 0.932473 0.889175
vt 0.930952 0.886762
vt 0.929823 0.883839
vt 0.929058 0.880583
vt 0.928629 0.877131
vt 0.928515 0.873594
vt 0.844689 0.868415
vt 0.935107 0.873570
vt 0.939577 0.856952
vt 0.840219 0.885035
vt 0.941115 0.843919
vt 0.939593 0.831467
vt 0.935114 0.820016
vt 0.928047 0.810124
vt 0.918867 0.802257
vt 0.908090 0.796778
vt 0.896266 0.793963
vt 0.883983 0.794006
vt 0.871872 0.797019
vt 0.860625 0.803019
vt 0.851011 0.811903
vt 0.843902 0.823381
vt 0.840237 0.836840
vn 0.231815 -0.968009 -0.096020
vn 0.177424 -0.968010 -0.177419
vn 0.292546 -0.910403 -0.292545
vn 0.382229 -0.910404 -0.158324
vn 0.096020 -0.968010 -0.231814
vn 0.158325 -0.910403 -0.382230
vn -0.000000 -0.968009 -0.250916
vn -0.000000 -0.910403 -0.413722
vn -0.096020 -0.968009 -0.231814
vn -0.158323 -0.910404 -0.382229
vn -0.177425 -0.968009 -0.177424
vn -0.292546 -0.910403 -0.292547
vn -0.231815 -0.968009 -0.096024
vn -0.382230 -0.910402 -0.158329
vn -0.250915 -0.968009 0.000000
vn -0.413722 -0.910403 -0.000002
vn -0.231817 -0.968009 0.096020
vn -0.382230 -0.910403 0.158324
vn -0.177425 -0.968009 0.177422
vn -0.292547 -0.910403 0.292545
vn -0.096020 -0.968009 0.231815
vn -0.158325 -0.910403 0.382230
vn 0.000000 -0.968009 0.250914
vn 0.000000 -0.910404 0.413721
vn 0.096020 -0.968010 0.231813
vn 0.158325 -0.910404 0.382228
vn 0.177425 -0.968010 0.177420
vn 0.292547 -0.910403 0.292544
vn 0.231816 -0.968009 0.096022
vn 0.382230 -0.910403 0.158326
vn 0.250916 -0.968009 0.000000
vn 0.413722 -0.910403 0.000002
vn 0.407062 -0.817681 -0.407061
vn 0.531851 -0.817681 -0.220301
vn 0.220301 -0.817681 -0.531851
vn 0.000000 -0.817681 -0.575672
vn -0.220300 -0.817680 -0.531852
vn -0.407061 -0.817681 -0.407062
vn -0.531850 -0.817681 -0.220302
vn -0.575670 -0.817682 -0.000001
vn -0.531851 -0.817681 0.220301
vn -0.407063 -0.817680 0.407061
vn -0.220301 -0.817681 0.531851
vn -0.000000 -0.817681 0.575672
vn 0.220301 -0.817681 0.531851
vn 0.407063 -0.817681 0.407060
vn 0.531850 -0.817681 0.220302
vn 0.575670 -0.817682 0.000001
vn 0.509042 -0.694085 -0.509041
vn 0.665095 -0.694084 -0.275492
vn 0.275492 -0.694084 -0.665096
vn 0.000000 -0.694082 -0.719896
vn -0.275491 -0.694082 -0.665097
vn -0.509042 -0.694083 -0.509043
vn -0.665095 -0.694084 -0.275492
vn -0.719893 -0.694085 -0.000000
vn -0.665095 -0.694084 0.275492
vn -0.509042 -0.694084 0.509042
vn -0.275492 -0.694084 0.665095
vn -0.000000 -0.694083 0.719895
vn 0.275492 -0.694083 0.665096
vn 0.509042 -0.694083 0.509043
vn 0.665095 -0.694084 0.275492
vn 0.719893 -0.694085 0.000000
vn 0.593097 -0.544491 -0.593098
vn 0.774920 -0.544490 -0.320983
vn 0.320982 -0.544490 -0.774920
vn 0.000001 -0.544491 -0.838767
vn -0.320981 -0.544491 -0.774920
vn -0.593097 -0.544491 -0.593098
vn -0.774919 -0.544491 -0.320982
vn -0.838767 -0.544490 -0.000000
vn -0.774919 -0.544491 0.320982
vn -0.593097 -0.544491 0.593098
vn -0.320983 -0.544490 0.774920
vn -0.000000 -0.544490 0.838768
vn 0.320983 -0.544489 0.774920
vn 0.593098 -0.544490 0.593099
vn 0.774920 -0.544490 0.320982
vn 0.838767 -0.544491 0.000000
vn 0.655616 -0.374614 -0.655616
vn 0.856604 -0.374614 -0.354816
vn 0.354816 -0.374615 -0.856603
vn 0.000001 -0.374615 -0.927180
vn -0.354815 -0.374615 -0.856603
vn -0.655616 -0.374616 -0.655615
vn -0.856603 -0.374615 -0.354816
vn -0.927180 -0.374615 -0.000001
vn -0.856603 -0.374615 0.354817
vn -0.655616 -0.374615 0.655616
vn -0.354817 -0.374615 0.856603
vn 0.000000 -0.374614 0.927181
vn 0.354818 -0.374615 0.856603
vn 0.655616 -0.374616 0.655615
vn 0.856603 -0.374615 0.354817
vn 0.927181 -0.374615 0.000000
vn 0.694112 -0.190839 -0.694110
vn 0.906900 -0.190839 -0.375650
vn 0.375649 -0.190840 -0.906900
vn 0.000000 -0.190839 -0.981621
vn -0.375649 -0.190839 -0.906901
vn -0.694112 -0.190839 -0.694111
vn -0.906900 -0.190840 -0.375650
vn -0.981621 -0.190840 -0.000000
vn -0.906900 -0.190839 0.375651
vn -0.694112 -0.190840 0.694110
vn -0.375649 -0.190840 0.906900
vn -0.000000 -0.190840 0.981621
vn 0.375650 -0.190840 0.906900
vn 0.694111 -0.190840 0.694111
vn 0.906900 -0.190840 0.375651
vn 0.981621 -0.190839 0.000000
vn 0.707108 0.000000 -0.707106
vn 0.923880 0.000000 -0.382684
vn 0.382683 0.000000 -0.923880
vn 0.000000 0.000000 -1.000000
vn -0.382682 -0.000000 -0.923880
vn -0.707106 -0.000000 -0.707107
vn -0.923879 -0.000000 -0.382684
vn -1.000000 -0.000000 -0.000000
vn -0.923880 0.000000 0.382682
vn -0.707108 0.000000 0.707105
vn -0.382681 0.000000 0.923880
vn -0.000000 -0.000000 1.000000
vn 0.382681 -0.000000 0.923880
vn 0.707107 -0.000000 0.707106
vn 0.923880 -0.000000 0.382683
vn 1.000000 0.000000 0.000000
vn 0.694113 0.190839 -0.694110
vn 0.906900 0.190839 -0.375650
vn 0.375649 0.190840 -0.906900
vn 0.000000 0.190839 -0.981621
vn -0.375649 0.190839 -0.906900
vn -0.694111 0.190839 -0.694111
vn -0.906900 0.190839 -0.375650
vn -0.981621 0.190840 -0.000000
vn -0.906900 0.190839 0.375650
vn -0.694112 0.190840 0.694110
vn -0.375649 0.190840 0.906900
vn 0.000000 0.190840 0.981621
vn 0.375649 0.190840 0.906900
vn 0.694111 0.190840 0.694111
vn 0.906900 0.190840 0.375650
vn 0.981621 0.190839 0.000000
vn 0.655617 0.374614 -0.655615
vn 0.856604 0.374614 -0.354815
vn 0.354816 0.374615 -0.856603
vn 0.000001 0.374615 -0.927180
vn -0.354815 0.374615 -0.856604
vn -0.655615 0.374615 -0.655616
vn -0.856603 0.374615 -0.354817
vn -0.927180 0.374615 0.000000
vn -0.856603 0.374615 0.354817
vn -0.655616 0.374615 0.655615
vn -0.354817 0.374615 0.856603
vn 0.000000 0.374614 0.927181
vn 0.354817 0.374614 0.856603
vn 0.655615 0.374615 0.655616
vn 0.856603 0.374615 0.354817
vn 0.927181 0.374615 0.000001
vn 0.593097 0.544490 -0.593099
vn 0.774920 0.544490 -0.320983
vn 0.320981 0.544490 -0.774920
vn 0.000001 0.544491 -0.838767
vn -0.320982 0.544492 -0.774919
vn -0.593097 0.544491 -0.593098
vn -0.774919 0.544491 -0.320983
vn -0.838767 0.544490 0.000000
vn -0.774919 0.544491 0.320983
vn -0.593098 0.544492 0.593097
vn -0.320984 0.544491 0.774919
vn -0.000000 0.544489 0.838768
vn 0.320983 0.544489 0.774920
vn 0.593097 0.544490 0.593099
vn 0.774919 0.544490 0.320983
vn 0.838767 0.544491 0.000000
vn 0.509041 0.694085 -0.509041
vn 0.665094 0.694086 -0.275490
vn 0.275491 0.694084 -0.665096
vn 0.000000 0.694084 -0.719894
vn -0.275492 0.694084 -0.665095
vn -0.509042 0.694084 -0.509042
vn -0.665094 0.694085 -0.275492
vn -0.719893 0.694085 0.000000
vn -0.665095 0.694084 0.275491
vn -0.509041 0.694085 0.509041
vn -0.275492 0.694085 0.665094
vn -0.000000 0.694085 0.719893
vn 0.275492 0.694085 0.665094
vn 0.509041 0.694084 0.509042
vn 0.665095 0.694085 0.275492
vn 0.719893 0.694085 0.000000
vn 0.407062 0.817682 -0.407059
vn 0.531851 0.817682 -0.220298
vn 0.220301 0.817682 -0.531850
vn 0.000000 0.817681 -0.575671
vn -0.220300 0.817681 -0.531852
vn -0.407061 0.817682 -0.407060
vn -0.531850 0.817683 -0.220297
vn -0.575670 0.817682 -0.000001
vn -0.531851 0.817682 0.220298
vn -0.407062 0.817681 0.407061
vn -0.220300 0.817681 0.531851
vn 0.000000 0.817682 0.575670
vn 0.220300 0.817682 0.531849
vn 0.407062 0.817682 0.407059
vn 0.531850 0.817682 0.220299
vn 0.575670 0.817682 0.000001
vn 0.292547 0.910403 -0.292545
vn 0.382232 0.910403 -0.158323
vn 0.158325 0.910403 -0.382229
vn 0.000000 0.910403 -0.413722
vn -0.158323 0.910403 -0.382229
vn -0.292547 0.910403 -0.292545
vn -0.382232 0.910402 -0.158325
vn -0.413722 0.910403 -0.000002
vn -0.382230 0.910403 0.158324
vn -0.292547 0.910403 0.292545
vn -0.158326 0.910403 0.382229
vn 0.000000 0.910403 0.413723
vn 0.158326 0.910403 0.382229
vn 0.292547 0.910403 0.292546
vn 0.382230 0.910403 0.158326
vn 0.413723 0.910403 0.000002
vn 0.177423 0.968009 -0.177427
vn 0.231816 0.968009 -0.096023
vn 0.096018 0.968010 -0.231812
vn -0.000000 0.968010 -0.250910
vn -0.096018 0.968011 -0.231811
vn -0.177424 0.968010 -0.177419
vn -0.231816 0.968009 -0.096024
vn -0.250912 0.968010 -0.000004
vn -0.231814 0.968009 0.096023
vn -0.177423 0.968010 0.177422
vn -0.096020 0.968011 0.231808
vn 0.000000 0.968011 0.250908
vn 0.096020 0.968010 0.231812
vn 0.177423 0.968010 0.177422
vn 0.231813 0.968010 0.096022
vn 0.250913 0.968010 0.000004
vn -0.000000 -1.000000 -0.000000
vn -0.000000 1.000000 -0.000001
s 1
g pSphere5 Faro2
usemtl initialShadingGroup
f 2640/4488/4280 2641/4489/4281 2657/4490/4282 2656/4491/4283
f 2641/4489/4281 2642/4492/4284 2658/4493/4285 2657/4490/4282
f 2642/4492/4284 2643/4494/4286 2659/4495/4287 2658/4493/4285
f 2643/4494/4286 2644/4496/4288 2660/4497/4289 2659/4495/4287
f 2644/4496/4288 2645/4498/4290 2661/4499/4291 2660/4497/4289
f 2645/4498/4290 2646/4500/4292 2662/4501/4293 2661/4499/4291
f 2646/4500/4292 2647/4502/4294 2663/4744/4295 2662/4501/4293
f 2647/4731/4294 2648/4504/4296 2664/4505/4297 2663/4503/4295
f 2648/4504/4296 2649/4506/4298 2665/4507/4299 2664/4505/4297
f 2649/4506/4298 2650/4508/4300 2666/4509/4301 2665/4507/4299
f 2650/4508/4300 2651/4510/4302 2667/4511/4303 2666/4509/4301
f 2651/4510/4302 2652/4512/4304 2668/4513/4305 2667/4511/4303
f 2652/4512/4304 2653/4514/4306 2669/4515/4307 2668/4513/4305
f 2653/4514/4306 2654/4516/4308 2670/4517/4309 2669/4515/4307
f 2654/4516/4308 2655/4518/4310 2671/4519/4311 2670/4517/4309
f 2655/4518/4310 2640/4488/4280 2656/4491/4283 2671/4519/4311
f 2656/4491/4283 2657/4490/4282 2673/4520/4312 2672/4521/4313
f 2657/4490/4282 2658/4493/4285 2674/4522/4314 2673/4520/4312
f 2658/4493/4285 2659/4495/4287 2675/4523/4315 2674/4522/4314
f 2659/4495/4287 2660/4497/4289 2676/4524/4316 2675/4523/4315
f 2660/4497/4289 2661/4499/4291 2677/4525/4317 2676/4524/4316
f 2661/4499/4291 2662/4501/4293 2678/4526/4318 2677/4525/4317
f 2662/4501/4293 2663/4744/4295 2679/4743/4319 2678/4526/4318
f 2663/4503/4295 2664/4505/4297 2680/4528/4320 2679/4527/4319
f 2664/4505/4297 2665/4507/4299 2681/4529/4321 2680/4528/4320
f 2665/4507/4299 2666/4509/4301 2682/4530/4322 2681/4529/4321
f 2666/4509/4301 2667/4511/4303 2683/4531/4323 2682/4530/4322
f 2667/4511/4303 2668/4513/4305 2684/4532/4324 2683/4531/4323
f 2668/4513/4305 2669/4515/4307 2685/4533/4325 2684/4532/4324
f 2669/4515/4307 2670/4517/4309 2686/4534/4326 2685/4533/4325
f 2670/4517/4309 2671/4519/4311 2687/4535/4327 2686/4534/4326
f 2671/4519/4311 2656/4491/4283 2672/4521/4313 2687/4535/4327
f 2672/4521/4313 2673/4520/4312 2689/4536/4328 2688/4537/4329
f 2673/4520/4312 2674/4522/4314 2690/4538/4330 2689/4536/4328
f 2674/4522/4314 2675/4523/4315 2691/4539/4331 2690/4538/4330
f 2675/4523/4315 2676/4524/4316 2692/4540/4332 2691/4539/4331
f 2676/4524/4316 2677/4525/4317 2693/4541/4333 2692/4540/4332
f 2677/4525/4317 2678/4526/4318 2694/4542/4334 2693/4541/4333
f 2678/4526/4318 2679/4743/4319 2695/4742/4335 2694/4542/4334
f 2679/4527/4319 2680/4528/4320 2696/4544/4336 2695/4543/4335
f 2680/4528/4320 2681/4529/4321 2697/4545/4337 2696/4544/4336
f 2681/4529/4321 2682/4530/4322 2698/4546/4338 2697/4545/4337
f 2682/4530/4322 2683/4531/4323 2699/4547/4339 2698/4546/4338
f 2683/4531/4323 2684/4532/4324 2700/4548/4340 2699/4547/4339
f 2684/4532/4324 2685/4533/4325 2701/4549/4341 2700/4548/4340
f 2685/4533/4325 2686/4534/4326 2702/4550/4342 2701/4549/4341
f 2686/4534/4326 2687/4535/4327 2703/4551/4343 2702/4550/4342
f 2687/4535/4327 2672/4521/4313 2688/4537/4329 2703/4551/4343
f 2688/4537/4329 2689/4536/4328 2705/4552/4344 2704/4553/4345
f 2689/4536/4328 2690/4538/4330 2706/4554/4346 2705/4552/4344
f 2690/4538/4330 2691/4539/4331 2707/4555/4347 2706/4554/4346
f 2691/4539/4331 2692/4540/4332 2708/4556/4348 2707/4555/4347
f 2692/4540/4332 2693/4541/4333 2709/4557/4349 2708/4556/4348
f 2693/4541/4333 2694/4542/4334 2710/4558/4350 2709/4557/4349
f 2694/4542/4334 2695/4742/4335 2711/4741/4351 2710/4558/4350
f 2695/4543/4335 2696/4544/4336 2712/4560/4352 2711/4559/4351
f 2696/4544/4336 2697/4545/4337 2713/4561/4353 2712/4560/4352
f 2697/4545/4337 2698/4546/4338 2714/4562/4354 2713/4561/4353
f 2698/4546/4338 2699/4547/4339 2715/4563/4355 2714/4562/4354
f 2699/4547/4339 2700/4548/4340 2716/4564/4356 2715/4563/4355
f 2700/4548/4340 2701/4549/4341 2717/4565/4357 2716/4564/4356
f 2701/4549/4341 2702/4550/4342 2718/4566/4358 2717/4565/4357
f 2702/4550/4342 2703/4551/4343 2719/4567/4359 2718/4566/4358
f 2703/4551/4343 2688/4537/4329 2704/4553/4345 2719/4567/4359
f 2704/4553/4345 2705/4552/4344 2721/4568/4360 2720/4569/4361
f 2705/4552/4344 2706/4554/4346 2722/4570/4362 2721/4568/4360
f 2706/4554/4346 2707/4555/4347 2723/4571/4363 2722/4570/4362
f 2707/4555/4347 2708/4556/4348 2724/4572/4364 2723/4571/4363
f 2708/4556/4348 2709/4557/4349 2725/4573/4365 2724/4572/4364
f 2709/4557/4349 2710/4558/4350 2726/4574/4366 2725/4573/4365
f 2710/4558/4350 2711/4741/4351 2727/4740/4367 2726/4574/4366
f 2711/4559/4351 2712/4560/4352 2728/4576/4368 2727/4575/4367
f 2712/4560/4352 2713/4561/4353 2729/4577/4369 2728/4576/4368
f 2713/4561/4353 2714/4562/4354 2730/4578/4370 2729/4577/4369
f 2714/4562/4354 2715/4563/4355 2731/4579/4371 2730/4578/4370
f 2715/4563/4355 2716/4564/4356 2732/4580/4372 2731/4579/4371
f 2716/4564/4356 2717/4565/4357 2733/4581/4373 2732/4580/4372
f 2717/4565/4357 2718/4566/4358 2734/4582/4374 2733/4581/4373
f 2718/4566/4358 2719/4567/4359 2735/4583/4375 2734/4582/4374
f 2719/4567/4359 2704/4553/4345 2720/4569/4361 2735/4583/4375
f 2720/4569/4361 2721/4568/4360 2737/4584/4376 2736/4585/4377
f 2721/4568/4360 2722/4570/4362 2738/4586/4378 2737/4584/4376
f 2722/4570/4362 2723/4571/4363 2739/4587/4379 2738/4586/4378
f 2723/4571/4363 2724/4572/4364 2740/4588/4380 2739/4587/4379
f 2724/4572/4364 2725/4573/4365 2741/4589/4381 2740/4588/4380
f 2725/4573/4365 2726/4574/4366 2742/4590/4382 2741/4589/4381
f 2726/4574/4366 2727/4740/4367 2743/4739/4383 2742/4590/4382
f 2727/4575/4367 2728/4576/4368 2744/4592/4384 2743/4591/4383
f 2728/4576/4368 2729/4577/4369 2745/4593/4385 2744/4592/4384
f 2729/4577/4369 2730/4578/4370 2746/4594/4386 2745/4593/4385
f 2730/4578/4370 2731/4579/4371 2747/4595/4387 2746/4594/4386
f 2731/4579/4371 2732/4580/4372 2748/4596/4388 2747/4595/4387
f 2732/4580/4372 2733/4581/4373 2749/4597/4389 2748/4596/4388
f 2733/4581/4373 2734/4582/4374 2750/4598/4390 2749/4597/4389
f 2734/4582/4374 2735/4583/4375 2751/4599/4391 2750/4598/4390
f 2735/4583/4375 2720/4569/4361 2736/4585/4377 2751/4599/4391
f 2736/4585/4377 2737/4584/4376 2753/4600/4392 2752/4601/4393
f 2737/4584/4376 2738/4586/4378 2754/4602/4394 2753/4600/4392
f 2738/4586/4378 2739/4587/4379 2755/4603/4395 2754/4602/4394
f 2739/4587/4379 2740/4588/4380 2756/4604/4396 2755/4603/4395
f 2740/4588/4380 2741/4589/4381 2757/4605/4397 2756/4604/4396
f 2741/4589/4381 2742/4590/4382 2758/4606/4398 2757/4605/4397
f 2742/4590/4382 2743/4739/4383 2759/4738/4399 2758/4606/4398
f 2743/4591/4383 2744/4592/4384 2760/4608/4400 2759/4607/4399
f 2744/4592/4384 2745/4593/4385 2761/4609/4401 2760/4608/4400
f 2745/4593/4385 2746/4594/4386 2762/4610/4402 2761/4609/4401
f 2746/4594/4386 2747/4595/4387 2763/4611/4403 2762/4610/4402
f 2747/4595/4387 2748/4596/4388 2764/4612/4404 2763/4611/4403
f 2748/4596/4388 2749/4597/4389 2765/4613/4405 2764/4612/4404
f 2749/4597/4389 2750/4598/4390 2766/4614/4406 2765/4613/4405
f 2750/4598/4390 2751/4599/4391 2767/4615/4407 2766/4614/4406
f 2751/4599/4391 2736/4585/4377 2752/4601/4393 2767/4615/4407
f 2752/4601/4393 2753/4600/4392 2769/4616/4408 2768/4617/4409
f 2753/4600/4392 2754/4602/4394 2770/4618/4410 2769/4616/4408
f 2754/4602/4394 2755/4603/4395 2771/4619/4411 2770/4618/4410
f 2755/4603/4395 2756/4604/4396 2772/4620/4412 2771/4619/4411
f 2756/4604/4396 2757/4605/4397 2773/4621/4413 2772/4620/4412
f 2757/4605/4397 2758/4606/4398 2774/4622/4414 2773/4621/4413
f 2758/4606/4398 2759/4738/4399 2775/4737/4415 2774/4622/4414
f 2759/4607/4399 2760/4608/4400 2776/4624/4416 2775/4623/4415
f 2760/4608/4400 2761/4609/4401 2777/4625/4417 2776/4624/4416
f 2761/4609/4401 2762/4610/4402 2778/4626/4418 2777/4625/4417
f 2762/4610/4402 2763/4611/4403 2779/4627/4419 2778/4626/4418
f 2763/4611/4403 2764/4612/4404 2780/4628/4420 2779/4627/4419
f 2764/4612/4404 2765/4613/4405 2781/4629/4421 2780/4628/4420
f 2765/4613/4405 2766/4614/4406 2782/4630/4422 2781/4629/4421
f 2766/4614/4406 2767/4615/4407 2783/4631/4423 2782/4630/4422
f 2767/4615/4407 2752/4601/4393 2768/4617/4409 2783/4631/4423
f 2768/4617/4409 2769/4616/4408 2785/4632/4424 2784/4633/4425
f 2769/4616/4408 2770/4618/4410 2786/4634/4426 2785/4632/4424
f 2770/4618/4410 2771/4619/4411 2787/4635/4427 2786/4634/4426
f 2771/4619/4411 2772/4620/4412 2788/4636/4428 2787/4635/4427
f 2772/4620/4412 2773/4621/4413 2789/4637/4429 2788/4636/4428
f 2773/4621/4413 2774/4622/4414 2790/4638/4430 2789/4637/4429
f 2774/4622/4414 2775/4737/4415 2791/4736/4431 2790/4638/4430
f 2775/4623/4415 2776/4624/4416 2792/4640/4432 2791/4639/4431
f 2776/4624/4416 2777/4625/4417 2793/4641/4433 2792/4640/4432
f 2777/4625/4417 2778/4626/4418 2794/4642/4434 2793/4641/4433
f 2778/4626/4418 2779/4627/4419 2795/4643/4435 2794/4642/4434
f 2779/4627/4419 2780/4628/4420 2796/4644/4436 2795/4643/4435
f 2780/4628/4420 2781/4629/4421 2797/4645/4437 2796/4644/4436
f 2781/4629/4421 2782/4630/4422 2798/4646/4438 2797/4645/4437
f 2782/4630/4422 2783/4631/4423 2799/4647/4439 2798/4646/4438
f 2783/4631/4423 2768/4617/4409 2784/4633/4425 2799/4647/4439
f 2784/4633/4425 2785/4632/4424 2801/4648/4440 2800/4649/4441
f 2785/4632/4424 2786/4634/4426 2802/4650/4442 2801/4648/4440
f 2786/4634/4426 2787/4635/4427 2803/4651/4443 2802/4650/4442
f 2787/4635/4427 2788/4636/4428 2804/4652/4444 2803/4651/4443
f 2788/4636/4428 2789/4637/4429 2805/4653/4445 2804/4652/4444
f 2789/4637/4429 2790/4638/4430 2806/4654/4446 2805/4653/4445
f 2790/4638/4430 2791/4736/4431 2807/4735/4447 2806/4654/4446
f 2791/4639/4431 2792/4640/4432 2808/4656/4448 2807/4655/4447
f 2792/4640/4432 2793/4641/4433 2809/4657/4449 2808/4656/4448
f 2793/4641/4433 2794/4642/4434 2810/4658/4450 2809/4657/4449
f 2794/4642/4434 2795/4643/4435 2811/4659/4451 2810/4658/4450
f 2795/4643/4435 2796/4644/4436 2812/4660/4452 2811/4659/4451
f 2796/4644/4436 2797/4645/4437 2813/4661/4453 2812/4660/4452
f 2797/4645/4437 2798/4646/4438 2814/4662/4454 2813/4661/4453
f 2798/4646/4438 2799/4647/4439 2815/4663/4455 2814/4662/4454
f 2799/4647/4439 2784/4633/4425 2800/4649/4441 2815/4663/4455
f 2800/4649/4441 2801/4648/4440 2817/4664/4456 2816/4665/4457
f 2801/4648/4440 2802/4650/4442 2818/4666/4458 2817/4664/4456
f 2802/4650/4442 2803/4651/4443 2819/4667/4459 2818/4666/4458
f 2803/4651/4443 2804/4652/4444 2820/4668/4460 2819/4667/4459
f 2804/4652/4444 2805/4653/4445 2821/4669/4461 2820/4668/4460
f 2805/4653/4445 2806/4654/4446 2822/4670/4462 2821/4669/4461
f 2806/4654/4446 2807/4735/4447 2823/4734/4463 2822/4670/4462
f 2807/4655/4447 2808/4656/4448 2824/4672/4464 2823/4671/4463
f 2808/4656/4448 2809/4657/4449 2825/4673/4465 2824/4672/4464
f 2809/4657/4449 2810/4658/4450 2826/4674/4466 2825/4673/4465
f 2810/4658/4450 2811/4659/4451 2827/4675/4467 2826/4674/4466
f 2811/4659/4451 2812/4660/4452 2828/4676/4468 2827/4675/4467
f 2812/4660/4452 2813/4661/4453 2829/4677/4469 2828/4676/4468
f 2813/4661/4453 2814/4662/4454 2830/4678/4470 2829/4677/4469
f 2814/4662/4454 2815/4663/4455 2831/4679/4471 2830/4678/4470
f 2815/4663/4455 2800/4649/4441 2816/4665/4457 2831/4679/4471
f 2816/4665/4457 2817/4664/4456 2833/4680/4472 2832/4681/4473
f 2817/4664/4456 2818/4666/4458 2834/4682/4474 2833/4680/4472
f 2818/4666/4458 2819/4667/4459 2835/4683/4475 2834/4682/4474
f 2819/4667/4459 2820/4668/4460 2836/4684/4476 2835/4683/4475
f 2820/4668/4460 2821/4669/4461 2837/4685/4477 2836/4684/4476
f 2821/4669/4461 2822/4670/4462 2838/4686/4478 2837/4685/4477
f 2822/4670/4462 2823/4734/4463 2839/4733/4479 2838/4686/4478
f 2823/4671/4463 2824/4672/4464 2840/4688/4480 2839/4687/4479
f 2824/4672/4464 2825/4673/4465 2841/4689/4481 2840/4688/4480
f 2825/4673/4465 2826/4674/4466 2842/4690/4482 2841/4689/4481
f 2826/4674/4466 2827/4675/4467 2843/4691/4483 2842/4690/4482
f 2827/4675/4467 2828/4676/4468 2844/4692/4484 2843/4691/4483
f 2828/4676/4468 2829/4677/4469 2845/4693/4485 2844/4692/4484
f 2829/4677/4469 2830/4678/4470 2846/4694/4486 2845/4693/4485
f 2830/4678/4470 2831/4679/4471 2847/4695/4487 2846/4694/4486
f 2831/4679/4471 2816/4665/4457 2832/4681/4473 2847/4695/4487
f 2832/4681/4473 2833/4680/4472 2849/4696/4488 2848/4697/4489
f 2833/4680/4472 2834/4682/4474 2850/4698/4490 2849/4696/4488
f 2834/4682/4474 2835/4683/4475 2851/4699/4491 2850/4698/4490
f 2835/4683/4475 2836/4684/4476 2852/4700/4492 2851/4699/4491
f 2836/4684/4476 2837/4685/4477 2853/4701/4493 2852/4700/4492
f 2837/4685/4477 2838/4686/4478 2854/4702/4494 2853/4701/4493
f 2838/4686/4478 2839/4733/4479 2855/4732/4495 2854/4702/4494
f 2839/4687/4479 2840/4688/4480 2856/4704/4496 2855/4703/4495
f 2840/4688/4480 2841/4689/4481 2857/4705/4497 2856/4704/4496
f 2841/4689/4481 2842/4690/4482 2858/4706/4498 2857/4705/4497
f 2842/4690/4482 2843/4691/4483 2859/4707/4499 2858/4706/4498
f 2843/4691/4483 2844/4692/4484 2860/4708/4500 2859/4707/4499
f 2844/4692/4484 2845/4693/4485 2861/4709/4501 2860/4708/4500
f 2845/4693/4485 2846/4694/4486 2862/4710/4502 2861/4709/4501
f 2846/4694/4486 2847/4695/4487 2863/4711/4503 2862/4710/4502
f 2847/4695/4487 2832/4681/4473 2848/4697/4489 2863/4711/4503
f 2848/4697/4489 2849/4696/4488 2865/4712/4504 2864/4713/4505
f 2849/4696/4488 2850/4698/4490 2866/4714/4506 2865/4712/4504
f 2850/4698/4490 2851/4699/4491 2867/4715/4507 2866/4714/4506
f 2851/4699/4491 2852/4700/4492 2868/4716/4508 2867/4715/4507
f 2852/4700/4492 2853/4701/4493 2869/4717/4509 2868/4716/4508
f 2853/4701/4493 2854/4702/4494 2870/4718/4510 2869/4717/4509
f 2854/4702/4494 2855/4732/4495 2871/4730/4511 2870/4718/4510
f 2855/4703/4495 2856/4704/4496 2872/4720/4512 2871/4719/4511
f 2856/4704/4496 2857/4705/4497 2873/4721/4513 2872/4720/4512
f 2857/4705/4497 2858/4706/4498 2874/4722/4514 2873/4721/4513
f 2858/4706/4498 2859/4707/4499 2875/4723/4515 2874/4722/4514
f 2859/4707/4499 2860/4708/4500 2876/4724/4516 2875/4723/4515
f 2860/4708/4500 2861/4709/4501 2877/4725/4517 2876/4724/4516
f 2861/4709/4501 2862/4710/4502 2878/4726/4518 2877/4725/4517
f 2862/4710/4502 2863/4711/4503 2879/4727/4519 2878/4726/4518
f 2863/4711/4503 2848/4697/4489 2864/4713/4505 2879/4727/4519
f 2641/4489/4281 2640/4488/4280 2880/4728/4520
f 2642/4492/4284 2641/4489/4281 2880/4728/4520
f 2643/4494/4286 2642/4492/4284 2880/4728/4520
f 2644/4496/4288 2643/4494/4286 2880/4728/4520
f 2645/4498/4290 2644/4496/4288 2880/4728/4520
f 2646/4500/4292 2645/4498/4290 2880/4728/4520
f 2647/4502/4294 2646/4500/4292 2880/4728/4520
f 2648/4504/4296 2647/4731/4294 2880/4728/4520
f 2649/4506/4298 2648/4504/4296 2880/4728/4520
f 2650/4508/4300 2649/4506/4298 2880/4728/4520
f 2651/4510/4302 2650/4508/4300 2880/4728/4520
f 2652/4512/4304 2651/4510/4302 2880/4728/4520
f 2653/4514/4306 2652/4512/4304 2880/4728/4520
f 2654/4516/4308 2653/4514/4306 2880/4728/4520
f 2655/4518/4310 2654/4516/4308 2880/4728/4520
f 2640/4488/4280 2655/4518/4310 2880/4728/4520
f 2864/4713/4505 2865/4712/4504 2881/4729/4521
f 2865/4712/4504 2866/4714/4506 2881/4729/4521
f 2866/4714/4506 2867/4715/4507 2881/4729/4521
f 2867/4715/4507 2868/4716/4508 2881/4729/4521
f 2868/4716/4508 2869/4717/4509 2881/4729/4521
f 2869/4717/4509 2870/4718/4510 2881/4729/4521
f 2870/4718/4510 2871/4730/4511 2881/4729/4521
f 2871/4719/4511 2872/4720/4512 2881/4729/4521
f 2872/4720/4512 2873/4721/4513 2881/4729/4521
f 2873/4721/4513 2874/4722/4514 2881/4729/4521
f 2874/4722/4514 2875/4723/4515 2881/4729/4521
f 2875/4723/4515 2876/4724/4516 2881/4729/4521
f 2876/4724/4516 2877/4725/4517 2881/4729/4521
f 2877/4725/4517 2878/4726/4518 2881/4729/4521
f 2878/4726/4518 2879/4727/4519 2881/4729/4521
f 2879/4727/4519 2864/4713/4505 2881/4729/4521
g default
v -0.144644 0.872379 -1.852437
v 0.023900 0.872379 -1.852437
v -0.144644 0.872379 -2.017634
v 0.023900 0.872379 -2.017634
v 0.023900 0.035594 -2.017634
v -0.144644 0.035594 -2.017634
v -0.144644 0.035594 -1.852437
v 0.023900 0.035594 -1.852437
v 0.033630 0.035594 -2.027170
v -0.154374 0.035594 -2.027170
v 0.033630 0.000000 -2.027170
v -0.154374 0.000000 -2.027170
v -0.154374 0.000000 -1.842901
v -0.154374 0.035594 -1.842901
v 0.033630 0.000000 -1.842901
v 0.033630 0.035594 -1.842901
v 0.023900 0.790083 -1.852437
v -0.144644 0.790083 -1.852437
v -0.144644 0.790083 -2.017634
v 0.023900 0.790083 -2.017634
v 0.023900 0.656878 -1.852437
v -0.144644 0.656878 -1.852437
v -0.144644 0.656878 -2.017634
v 0.023900 0.656878 -2.017634
v 0.012151 0.656878 -1.863953
v -0.132895 0.656878 -1.863953
v 0.012151 0.790083 -1.863953
v -0.132895 0.790083 -1.863953
v -0.132895 0.656878 -2.006118
v -0.132895 0.790083 -2.006118
v 0.012151 0.790083 -2.006118
v 0.012151 0.656878 -2.006118
v 0.023900 0.639564 -2.017634
v -0.144644 0.639564 -2.017634
v -0.144644 0.639564 -1.852437
v 0.023900 0.639564 -1.852437
v -0.153352 0.641923 -1.843903
v 0.032608 0.641923 -1.843903
v 0.032608 0.654519 -1.843903
v -0.153352 0.654519 -1.843903
v -0.153352 0.654519 -2.026168
v 0.032608 0.654519 -2.026168
v 0.032608 0.641923 -2.026168
v -0.153352 0.641923 -2.026168
v -0.161578 0.919973 -1.835839
v 0.040834 0.919973 -1.835839
v 0.040834 0.919973 -2.034232
v -0.161578 0.919973 -2.034232
v -0.157915 0.900420 -2.030641
v 0.037171 0.900420 -2.030641
v 0.037171 0.900420 -1.839429
v -0.157915 0.900420 -1.839429
v -0.137255 0.919973 -1.859679
v 0.016511 0.919973 -1.859679
v 0.016511 0.919973 -2.010391
v -0.137255 0.919973 -2.010391
v -0.124607 0.930366 -1.872077
v 0.003863 0.930366 -1.872077
v 0.003863 0.930366 -1.997994
v -0.124607 0.930366 -1.997994
v -0.060372 0.000000 -2.027170
v -0.060372 0.035594 -2.027170
v -0.060372 0.035594 -2.017634
v -0.060372 0.639564 -2.017634
v -0.060372 0.641923 -2.026168
v -0.060372 0.654519 -2.026168
v -0.060372 0.656878 -2.017634
v -0.060372 0.656878 -2.006118
v -0.060372 0.790083 -2.006118
v -0.060372 0.790083 -2.017634
v -0.060372 0.872379 -2.017634
v -0.060372 0.900420 -2.030641
v -0.060372 0.919973 -2.034232
v -0.060372 0.919973 -2.010391
v -0.060372 0.930366 -1.997994
v -0.060372 0.930366 -1.872077
v -0.060372 0.919973 -1.859679
v -0.060372 0.919973 -1.835839
v -0.060372 0.900420 -1.839429
v -0.060372 0.872379 -1.852437
v -0.060372 0.790083 -1.852437
v -0.060372 0.790083 -1.863953
v -0.060372 0.656878 -1.863953
v -0.060372 0.656878 -1.852437
v -0.060372 0.654519 -1.843903
v -0.060372 0.641923 -1.843903
v -0.060372 0.639564 -1.852437
v -0.060372 0.035594 -1.852437
v -0.060372 0.035594 -1.842901
v -0.060372 0.000000 -1.842901
v 0.033630 0.000000 -1.935035
v 0.033630 0.035594 -1.935035
v 0.023900 0.035594 -1.935035
v 0.023900 0.639564 -1.935035
v 0.032608 0.641923 -1.935035
v 0.032608 0.654519 -1.935035
v 0.023900 0.656878 -1.935035
v 0.012151 0.656878 -1.935035
v 0.012151 0.790083 -1.935035
v 0.023900 0.790083 -1.935035
v 0.023900 0.872379 -1.935035
v 0.037171 0.900420 -1.935035
v 0.040834 0.919973 -1.935035
v 0.016511 0.919973 -1.935035
v 0.003863 0.930366 -1.935035
v -0.124607 0.930366 -1.935035
v -0.137255 0.919973 -1.935035
v -0.161578 0.919973 -1.935035
v -0.157915 0.900420 -1.935035
v -0.144644 0.872379 -1.935035
v -0.144644 0.790083 -1.935035
v -0.132895 0.790083 -1.935035
v -0.132895 0.656878 -1.935035
v -0.144644 0.656878 -1.935035
v -0.153352 0.654519 -1.935035
v -0.153352 0.641923 -1.935035
v -0.144644 0.639564 -1.935035
v -0.144644 0.035594 -1.935035
v -0.154374 0.035594 -1.935035
v -0.154374 0.000000 -1.935035
v -0.060372 0.930366 -1.883901
v -0.024214 0.930366 -1.898877
v -0.009237 0.930366 -1.935035
v -0.096530 0.930366 -1.898877
v -0.111507 0.930366 -1.935035
v -0.024214 0.930366 -1.971193
v -0.060372 0.930366 -1.986170
v -0.096530 0.930366 -1.971193
v -0.060372 0.944034 -1.883901
v -0.024214 0.944034 -1.898877
v -0.009237 0.944034 -1.935035
v -0.096530 0.944034 -1.898877
v -0.111507 0.944034 -1.935035
v -0.024214 0.944034 -1.971193
v -0.060372 0.944034 -1.986170
v -0.096530 0.944034 -1.971193
v -0.060372 0.948529 -1.897080
v -0.033533 0.948529 -1.908196
v -0.022417 0.948529 -1.935035
v -0.087210 0.948529 -1.908196
v -0.098327 0.948529 -1.935035
v -0.033533 0.948529 -1.961874
v -0.060372 0.948529 -1.972990
v -0.087210 0.948529 -1.961874
v -0.060372 0.959991 -1.910154
v -0.042779 0.959991 -1.917442
v -0.035491 0.959991 -1.935035
v -0.077965 0.959991 -1.917442
v -0.085253 0.959991 -1.935035
v -0.042779 0.959991 -1.952628
v -0.060372 0.959991 -1.959916
v -0.077965 0.959991 -1.952628
v -0.060372 0.600232 -2.017634
v 0.023900 0.600232 -2.017634
v 0.023900 0.600232 -1.935035
v 0.023900 0.600232 -1.852437
v -0.060372 0.600232 -1.852437
v -0.144644 0.600232 -1.852437
v -0.144644 0.600232 -1.935035
v -0.144644 0.600232 -2.017634
v -0.060372 0.093232 -2.017634
v 0.023900 0.093232 -2.017634
v 0.023900 0.093232 -1.935035
v 0.023900 0.093232 -1.852437
v -0.060372 0.093232 -1.852437
v -0.144644 0.093232 -1.852437
v -0.144644 0.093232 -1.935035
v -0.144644 0.093232 -2.017634
v -0.060372 0.585196 -2.017634
v 0.010363 0.585196 -2.017634
v 0.010363 0.108268 -2.017634
v -0.060372 0.108268 -2.017634
v -0.131107 0.585196 -2.017634
v -0.131107 0.108268 -2.017634
v 0.010363 0.108268 -1.852437
v -0.060372 0.108268 -1.852437
v 0.010363 0.585196 -1.852437
v -0.060372 0.585196 -1.852437
v -0.131107 0.108268 -1.852437
v -0.131107 0.585196 -1.852437
v 0.023900 0.105427 -1.935035
v 0.023900 0.588037 -1.935035
v 0.023900 0.105427 -2.005905
v 0.023900 0.588037 -2.005905
v 0.023900 0.105427 -1.864165
v 0.023900 0.588037 -1.864165
v -0.144644 0.105427 -1.864165
v -0.144644 0.105427 -1.935035
v -0.144644 0.588037 -1.864165
v -0.144644 0.588037 -1.935035
v -0.144644 0.105427 -2.005905
v -0.144644 0.588037 -2.005905
v -0.060372 0.585196 -2.011362
v 0.004992 0.585196 -2.011362
v 0.004992 0.108268 -2.011362
v -0.060372 0.108268 -2.011362
v -0.125736 0.585196 -2.011362
v -0.125736 0.108268 -2.011362
v 0.017501 0.105427 -1.935035
v 0.017501 0.588037 -1.935035
v 0.017501 0.105427 -2.000524
v 0.017501 0.588037 -2.000524
v 0.017501 0.105427 -1.869547
v 0.017501 0.588037 -1.869547
v 0.004992 0.108268 -1.858709
v -0.060372 0.108268 -1.858709
v 0.004992 0.585196 -1.858709
v -0.060372 0.585196 -1.858709
v -0.125736 0.108268 -1.858709
v -0.125736 0.585196 -1.858709
v -0.138245 0.105427 -1.869547
v -0.138245 0.105427 -1.935035
v -0.138245 0.588037 -1.869547
v -0.138245 0.588037 -1.935035
v -0.138245 0.105427 -2.000524
v -0.138245 0.588037 -2.000524
v -0.060372 0.979078 -1.910154
v -0.042779 0.979078 -1.917442
v -0.035491 0.979078 -1.935035
v -0.060372 0.979078 -1.935035
v -0.077965 0.979078 -1.917442
v -0.085253 0.979078 -1.935035
v -0.042779 0.979078 -1.952628
v -0.060372 0.979078 -1.959916
v -0.077965 0.979078 -1.952628
vt 0.792083 0.589133
vt 0.317539 0.678167
vt 0.321863 0.678277
vt 0.321054 0.710196
vt 0.621722 0.073962
vt 0.645761 0.890808
vt 0.645926 0.884271
vt 0.618453 0.066069
vt 0.252127 0.422508
vt 0.323448 0.615707
vt 0.319124 0.615597
vt 0.319933 0.583678
vt 0.318332 0.646882
vt 0.284059 0.390643
vt 0.759920 0.620481
vt 0.322327 0.489189
vt 0.320245 0.742115
vt 0.325859 0.520583
vt 0.855548 0.590614
vt 0.856366 0.558344
vt 0.344028 0.478703
vt 0.344028 0.446422
vt 0.344028 0.382502
vt 0.344028 0.350863
vt 0.791472 0.621281
vt 0.356251 0.382502
vt 0.344028 0.574261
vt 0.344028 0.541981
vt 0.793107 0.556741
vt 0.356251 0.574261
vt 0.344028 0.510342
vt 0.824736 0.557542
vt 0.330958 0.143843
vt 0.330958 0.172782
vt 0.330958 0.058175
vt 0.330958 0.086539
vt 0.330958 0.229511
vt 0.330958 0.258450
vt 0.330958 0.201147
vt 0.574552 0.558593
vt 0.573819 0.587523
vt 0.619377 0.124852
vt 0.632714 0.097533
vt 0.603640 0.530381
vt 0.575285 0.529663
vt 0.645622 0.071207
vt 0.633308 0.272912
vt 0.614939 0.215615
vt 0.609891 0.185032
vt 0.630529 0.588960
vt 0.642313 0.211004
vt 0.641244 0.159064
vt 0.614719 0.154956
vt 0.252004 0.365777
vt 0.276927 0.366210
vt 0.691456 0.893334
vt 0.690825 0.918230
vt 0.226226 0.391535
vt 0.227102 0.365339
vt 0.690194 0.943127
vt 0.694572 0.770335
vt 0.627309 0.559930
vt 0.692692 0.844530
vt 0.276927 0.415077
vt 0.647595 0.818475
vt 0.646346 0.867773
vt 0.602276 0.584208
vt 0.252073 0.361823
vt 0.280982 0.362306
vt 0.222194 0.391677
vt 0.223138 0.361314
vt 0.280982 0.418981
vt 0.252073 0.419464
vt 0.280957 0.390644
vt 0.350751 0.143843
vt 0.350751 0.172782
vt 0.350751 0.058175
vt 0.350751 0.086539
vt 0.350751 0.229511
vt 0.350751 0.258450
vt 0.350751 0.201147
vt 0.538362 0.258450
vt 0.538362 0.229511
vt 0.732966 0.558851
vt 0.538362 0.143843
vt 0.538362 0.201147
vt 0.538362 0.086539
vt 0.538362 0.058175
vt 0.608348 0.121461
vt 0.623448 0.092754
vt 0.604612 0.153402
vt 0.604875 0.217267
vt 0.598400 0.185051
vt 0.638184 0.062381
vt 0.624114 0.277838
vt 0.220990 0.324192
vt 0.220990 0.288927
vt 0.186456 0.287439
vt 0.151862 0.287389
vt 0.617386 0.089535
vt 0.150334 0.357967
vt 0.618129 0.281197
vt 0.159862 0.295946
vt 0.158419 0.322837
vt 0.186270 0.295704
vt 0.212887 0.324016
vt 0.212619 0.297116
vt 0.158697 0.349765
vt 0.185069 0.351149
vt 0.164823 0.301201
vt 0.164022 0.322958
vt 0.186146 0.301373
vt 0.207285 0.323895
vt 0.207430 0.302147
vt 0.163880 0.344729
vt 0.185190 0.345480
vt 0.854730 0.622884
vt 0.344028 0.414142
vt 0.330958 0.114904
vt 0.350751 0.114904
vt 0.731647 0.616688
vt 0.320742 0.551759
vt 0.325066 0.551869
vt 0.223165 0.419997
vt 0.227080 0.415954
vt 0.693954 0.794737
vt 0.631996 0.531100
vt 0.619887 0.245888
vt 0.608975 0.249660
vt 0.602376 0.251936
vt 0.211455 0.350880
vt 0.206488 0.345629
vt 0.626346 0.069338
vt 0.626346 0.062799
vt 0.646092 0.877734
vt 0.646258 0.871196
vt 0.646423 0.864659
vt 0.665198 0.132006
vt 0.665198 0.118566
vt 0.665198 0.145445
vt 0.665198 0.105127
vt 0.665198 0.199204
vt 0.665198 0.158885
vt 0.665198 0.172325
vt 0.665198 0.185764
vt 0.379814 0.096985
vt 0.390006 0.086803
vt 0.365411 0.096977
vt 0.390006 0.072396
vt 0.379828 0.062217
vt 0.355230 0.086790
vt 0.355234 0.072384
vt 0.365428 0.062202
vt 0.377958 0.092538
vt 0.385549 0.084972
vt 0.367243 0.092520
vt 0.385560 0.074255
vt 0.377996 0.066673
vt 0.359677 0.084933
vt 0.359691 0.074216
vt 0.367282 0.066651
vt 0.639208 0.890642
vt 0.639042 0.897179
vt 0.639374 0.884105
vt 0.638877 0.903716
vt 0.640036 0.857956
vt 0.639539 0.877568
vt 0.639705 0.871030
vt 0.639871 0.864493
vt 0.524856 0.172782
vt 0.524856 0.143843
vt 0.524856 0.201147
vt 0.524856 0.229511
vt 0.524856 0.258450
vt 0.524856 0.058175
vt 0.524856 0.086539
vt 0.524856 0.114904
vt 0.549245 0.587486
vt 0.571684 0.588054
vt 0.567536 0.751779
vt 0.545097 0.751211
vt 0.841279 0.797529
vt 0.845477 0.631853
vt 0.867959 0.632423
vt 0.863761 0.798099
vt 0.822996 0.631284
vt 0.818798 0.796959
vt 0.318430 0.453321
vt 0.295984 0.453321
vt 0.295984 0.289543
vt 0.318430 0.289543
vt 0.340877 0.453321
vt 0.340877 0.289543
vt 0.530507 0.771100
vt 0.552988 0.771670
vt 0.548790 0.937346
vt 0.526309 0.936776
vt 0.508025 0.770531
vt 0.503827 0.936206
vt 0.526806 0.586917
vt 0.522658 0.750642
vt 0.574519 0.588126
vt 0.549300 0.585333
vt 0.569325 0.753979
vt 0.545042 0.753364
vt 0.525017 0.584717
vt 0.519823 0.750571
vt 0.293149 0.453321
vt 0.318430 0.455474
vt 0.294140 0.287389
vt 0.318430 0.287389
vt 0.342721 0.455474
vt 0.343712 0.289543
vt 0.870829 0.632496
vt 0.845533 0.629657
vt 0.865553 0.800342
vt 0.841224 0.799726
vt 0.821204 0.629040
vt 0.815928 0.796887
vt 0.555858 0.771743
vt 0.530562 0.768904
vt 0.550582 0.939589
vt 0.526253 0.938972
vt 0.506233 0.768287
vt 0.500957 0.936134
vt 0.646589 0.858122
vt 0.621723 0.058175
vt 0.615183 0.058175
vt 0.610559 0.062799
vt 0.610559 0.069338
vt 0.645429 0.903883
vt 0.646754 0.851585
vt 0.645595 0.897345
vt 0.380231 0.076585
vt 0.640202 0.851419
vt 0.615183 0.073962
vt 0.520668 0.110876
vt 0.354939 0.110876
vt 0.520668 0.086539
vt 0.354939 0.086539
vt 0.520668 0.062202
vt 0.354939 0.062202
vt 0.354939 0.225483
vt 0.520668 0.225483
vt 0.520668 0.201147
vt 0.354939 0.201147
vt 0.520668 0.176810
vt 0.354939 0.176810
vt 0.355914 0.282741
vt 0.519692 0.282741
vt 0.519692 0.258450
vt 0.355914 0.258450
vt 0.519692 0.234159
vt 0.355914 0.234159
vt 0.519692 0.119552
vt 0.355914 0.119552
vt 0.355914 0.143843
vt 0.519692 0.143843
vt 0.355914 0.168134
vt 0.519692 0.168134
vt 0.350751 0.287389
vt 0.524856 0.287389
vt 0.788336 0.617981
vt 0.538362 0.287389
vt 0.375867 0.072089
vt 0.369606 0.071984
vt 0.365106 0.076341
vt 0.365008 0.082606
vt 0.369369 0.087106
vt 0.380133 0.082846
vt 0.375634 0.087205
vt 0.660505 0.105127
vt 0.660505 0.212644
vt 0.660505 0.199204
vt 0.660505 0.185764
vt 0.660505 0.172325
vt 0.660505 0.158885
vt 0.660505 0.145445
vt 0.660505 0.118566
vt 0.173066 0.335487
vt 0.665198 0.212644
vt 0.660505 0.132006
vt 0.185285 0.340941
vt 0.197691 0.335999
vt 0.203188 0.323806
vt 0.198224 0.311387
vt 0.186044 0.305912
vt 0.168121 0.323047
vt 0.173600 0.310832
vt 0.823101 0.622083
vt 0.356251 0.606542
vt 0.356251 0.350863
vt 0.823186 0.618742
vt 0.330958 0.287389
vt 0.794831 0.618024
vt 0.759990 0.617377
vt 0.321535 0.520474
vt 0.315921 0.742006
vt 0.791273 0.621112
vt 0.219095 0.391785
vt 0.220191 0.423074
vt 0.648844 0.769176
vt 0.648226 0.793578
vt 0.603538 0.534415
vt 0.627940 0.535033
vt 0.658397 0.261493
vt 0.647718 0.237606
vt 0.184898 0.359414
vt 0.219463 0.359424
vt 0.597821 0.152369
vt 0.591421 0.185101
vt 0.602174 0.588241
vt 0.647026 0.133962
vt 0.692074 0.868932
vt 0.577874 0.583589
vt 0.276922 0.390644
vt 0.645728 0.892175
vt 0.322656 0.646992
vt 0.284063 0.359336
vt 0.761382 0.556350
vt 0.730029 0.555719
vt 0.761311 0.559454
vt 0.538362 0.172782
vt 0.824652 0.560883
vt 0.853007 0.561601
vt 0.356251 0.510342
vt 0.356251 0.478703
vt 0.792290 0.589011
vt 0.356251 0.541981
vt 0.795564 0.589094
vt 0.796297 0.560164
vt 0.789036 0.589063
vt 0.789655 0.560144
vt 0.316730 0.710087
vt 0.792731 0.557149
vt 0.252126 0.358780
vt 0.326651 0.489298
vt 0.217997 0.360509
vt 0.220201 0.358221
vt 0.645097 0.917071
vt 0.225367 0.367140
vt 0.649463 0.744774
vt 0.644466 0.941968
vt 0.578505 0.558693
vt 0.695191 0.745933
vt 0.579136 0.533796
vt 0.658654 0.108939
vt 0.671231 0.286383
vt 0.671231 0.083087
vt 0.150314 0.322661
vt 0.601687 0.119373
vt 0.598107 0.218428
vt 0.631263 0.560030
vt 0.639427 0.184764
vt 0.693323 0.819633
vt 0.626678 0.584826
vt 0.252004 0.415510
vt 0.646964 0.843371
vt 0.324257 0.583788
vt 0.284063 0.421951
vt 0.729219 0.587699
vt 0.728570 0.619682
vt 0.732266 0.587768
vt 0.538362 0.114904
vt 0.852274 0.590531
vt 0.851541 0.619461
vt 0.356251 0.446422
vt 0.356251 0.414142
vt 0.632617 0.058174
vt 0.633648 0.311780
vt 0.639122 0.307458
vt 0.646396 0.298548
vt 0.221196 0.363329
vt 0.344028 0.606542
vt 0.501924 0.938356
vt 0.505155 0.770458
vt 0.551660 0.937418
vt 0.554891 0.769520
vt 0.342721 0.287389
vt 0.343712 0.453321
vt 0.293149 0.289543
vt 0.294140 0.455474
vt 0.816895 0.799109
vt 0.820125 0.631211
vt 0.866631 0.798171
vt 0.869862 0.630273
vt 0.520759 0.752749
vt 0.523972 0.586845
vt 0.570370 0.751851
vt 0.573583 0.585948
vn 0.000000 0.000000 1.000000
vn 0.000000 0.000000 1.000000
vn 0.000000 0.000000 1.000000
vn 0.000000 0.000000 1.000000
vn 0.000000 1.000000 0.000000
vn 0.000000 1.000000 0.000000
vn 0.000000 1.000000 0.000002
vn 0.000000 1.000000 0.000001
vn 0.000000 0.000000 -1.000000
vn 0.000000 0.000000 -1.000000
vn 0.000000 0.000000 -1.000000
vn 0.000000 0.000000 -1.000000
vn 1.000000 0.000000 0.000000
vn 1.000000 0.000000 0.000000
vn 1.000000 0.000000 0.000000
vn 1.000000 0.000000 0.000000
vn -1.000000 0.000000 0.000000
vn -1.000000 0.000000 0.000000
vn -1.000000 0.000000 0.000000
vn -1.000000 0.000000 0.000000
vn 0.000000 0.000000 -1.000000
vn 0.000000 0.000000 -1.000000
vn 0.000000 0.000000 -1.000000
vn 0.000000 0.000000 -1.000000
vn -1.000000 0.000000 0.000000
vn -1.000000 0.000000 0.000000
vn -1.000000 0.000000 0.000000
vn -1.000000 0.000000 0.000000
vn 0.000000 0.000000 1.000000
vn 0.000000 0.000000 1.000000
vn 0.000000 0.000000 1.000000
vn 0.000000 0.000000 1.000000
vn 1.000000 0.000000 0.000000
vn 1.000000 0.000000 0.000000
vn 1.000000 0.000000 0.000000
vn 1.000000 0.000000 0.000000
vn 0.000000 1.000000 -0.000000
vn 0.000000 1.000000 0.000000
vn 0.000000 1.000000 0.000000
vn 0.000000 1.000000 -0.000000
vn 0.000000 1.000000 0.000000
vn 0.000000 1.000000 0.000000
vn 0.000000 1.000000 0.000000
vn 0.000000 1.000000 0.000000
vn 0.000000 1.000000 0.000000
vn 0.000000 1.000000 0.000000
vn 0.000000 1.000000 0.000000
vn 0.000000 1.000000 0.000000
vn 0.000000 1.000000 0.000000
vn 0.000000 1.000000 0.000000
vn 0.000000 1.000000 0.000000
vn 0.000000 1.000000 0.000000
vn 0.000000 0.000000 1.000000
vn 0.000000 0.000000 1.000000
vn 0.000000 0.000000 1.000000
vn 0.000000 0.000000 1.000000
vn -1.000000 0.000000 0.000000
vn -1.000000 0.000000 0.000000
vn -1.000000 0.000000 0.000000
vn -1.000000 0.000000 0.000000
vn 0.000000 0.000000 -1.000000
vn 0.000000 0.000000 -1.000000
vn 0.000000 0.000000 -1.000000
vn 0.000000 0.000000 -1.000000
vn 1.000000 0.000000 0.000000
vn 1.000000 0.000000 0.000000
vn 1.000000 0.000000 0.000000
vn 1.000000 0.000000 0.000000
vn 0.000000 0.000000 1.000000
vn 0.000000 0.000000 1.000000
vn 0.000000 0.000000 1.000000
vn 0.000000 0.000000 1.000000
vn -1.000000 0.000000 0.000000
vn -1.000000 0.000000 0.000000
vn -1.000000 0.000000 0.000000
vn -1.000000 0.000000 0.000000
vn 0.000000 0.000000 -1.000000
vn 0.000000 0.000000 -1.000000
vn 0.000000 0.000000 -1.000000
vn 0.000000 0.000000 -1.000000
vn 1.000000 0.000000 0.000000
vn 1.000000 0.000000 0.000000
vn 1.000000 0.000000 0.000000
vn 1.000000 0.000000 0.000000
vn 0.000000 1.000000 0.000001
vn 0.000000 1.000000 0.000000
vn 0.000000 1.000000 0.000000
vn 0.000000 1.000000 0.000001
vn 0.000000 -1.000000 0.000004
vn 0.000000 -1.000000 0.000002
vn 0.000000 -1.000000 0.000002
vn 0.000000 -1.000000 0.000004
vn 0.000000 1.000000 0.000000
vn 0.000000 1.000000 0.000000
vn 0.000000 1.000000 0.000000
vn 0.000000 1.000000 0.000000
vn 0.000000 -1.000000 0.000000
vn 0.000000 -1.000000 0.000000
vn 0.000000 -1.000000 0.000000
vn 0.000000 -1.000000 0.000000
vn 0.000000 -1.000000 -0.000002
vn 0.000000 -1.000000 -0.000004
vn 0.000000 -1.000000 -0.000004
vn 0.000000 -1.000000 -0.000002
vn 0.000000 1.000000 0.000002
vn 0.000000 1.000000 -0.000001
vn 0.000000 1.000000 -0.000001
vn 0.000000 1.000000 0.000002
vn 0.000000 1.000000 0.000000
vn 0.000000 1.000000 0.000000
vn 0.000000 1.000000 0.000000
vn 0.000000 1.000000 0.000000
vn 0.000000 -1.000000 0.000000
vn 0.000000 -1.000000 0.000000
vn 0.000000 -1.000000 0.000000
vn 0.000000 -1.000000 0.000000
vn 0.000000 0.000000 -1.000000
vn 0.000000 0.000000 -1.000000
vn 0.000000 0.000000 -1.000000
vn 0.000000 0.000000 -1.000000
vn -1.000000 0.000000 0.000000
vn -1.000000 0.000000 0.000000
vn -1.000000 0.000000 0.000000
vn -1.000000 0.000000 0.000000
vn 0.000000 0.000000 1.000000
vn 0.000000 0.000000 1.000000
vn 0.000000 0.000000 1.000000
vn 0.000000 0.000000 1.000000
vn 1.000000 0.000000 0.000000
vn 1.000000 0.000000 0.000000
vn 1.000000 0.000000 0.000000
vn 1.000000 0.000000 0.000000
vn 0.000000 -0.963852 0.266437
vn 0.000000 -0.963852 0.266438
vn 0.000000 -0.963852 0.266437
vn 0.000000 -0.963852 0.266437
vn 0.000000 0.963853 0.266436
vn 0.000000 0.963853 0.266435
vn 0.000000 0.963853 0.266435
vn 0.000000 0.963853 0.266436
vn 0.000000 0.963851 -0.266443
vn 0.000000 0.963850 -0.266444
vn 0.000000 0.963850 -0.266444
vn 0.000000 0.963851 -0.266443
vn 0.000000 -0.963851 -0.266443
vn 0.000000 -0.963851 -0.266444
vn 0.000000 -0.963851 -0.266444
vn 0.000000 -0.963851 -0.266443
vn 0.261511 -0.965201 0.000000
vn 0.261511 -0.965201 0.000000
vn 0.261511 -0.965201 0.000000
vn 0.261511 -0.965201 0.000000
vn 0.261511 0.965201 0.000000
vn 0.261511 0.965201 0.000000
vn 0.261511 0.965201 0.000000
vn 0.261511 0.965201 0.000000
vn -0.261513 -0.965200 0.000000
vn -0.261512 -0.965200 0.000000
vn -0.261512 -0.965200 0.000000
vn -0.261513 -0.965200 0.000000
vn -0.261512 0.965200 0.000000
vn -0.261513 0.965200 0.000000
vn -0.261513 0.965200 0.000000
vn -0.261512 0.965200 0.000000
vn 0.000000 -0.420812 0.907148
vn 0.000000 -0.420812 0.907148
vn 0.000000 -0.299732 0.954023
vn 0.000000 -0.324158 0.946003
vn 0.903883 -0.427781 0.000000
vn 0.903883 -0.427781 0.000000
vn 0.943976 -0.330014 0.000000
vn 0.952090 -0.305819 0.000000
vn 0.000000 -0.420800 -0.907154
vn 0.000000 -0.420800 -0.907154
vn 0.000000 -0.324152 -0.946005
vn 0.000000 -0.299728 -0.954025
vn -0.903883 -0.427781 0.000000
vn -0.903883 -0.427781 0.000000
vn -0.952090 -0.305819 0.000000
vn -0.943976 -0.330014 0.000000
vn 0.000000 -0.180606 -0.983555
vn 0.000000 -0.180606 -0.983555
vn 0.982899 -0.184148 0.000000
vn 0.982899 -0.184148 0.000000
vn 0.000000 -0.180601 0.983557
vn 0.000000 -0.180601 0.983557
vn -0.982899 -0.184147 0.000000
vn -0.982899 -0.184147 0.000000
vn 0.000000 1.000000 0.000000
vn 0.000000 1.000000 0.000000
vn 0.000000 1.000000 0.000000
vn 0.000000 1.000000 0.000000
vn 0.000000 1.000000 0.000000
vn 0.000000 1.000000 0.000000
vn 0.000000 1.000000 0.000000
vn 0.000000 1.000000 0.000000
vn 0.000000 1.000000 -0.000001
vn 0.000000 1.000000 -0.000000
vn 0.000000 1.000000 -0.000000
vn 0.000000 1.000000 -0.000001
vn 0.000000 1.000000 0.000000
vn 0.000000 1.000000 0.000000
vn 0.000000 1.000000 0.000000
vn 0.000000 1.000000 0.000000
vn 0.000000 0.766328 0.642450
vn 0.000000 0.766329 0.642449
vn 0.000000 0.766329 0.642449
vn 0.000000 0.766328 0.642450
vn 0.634867 0.772622 0.000000
vn 0.634867 0.772622 0.000000
vn 0.634867 0.772622 0.000000
vn 0.634867 0.772621 0.000000
vn 0.000000 0.766319 -0.642460
vn 0.000000 0.766319 -0.642461
vn 0.000000 0.766319 -0.642461
vn 0.000000 0.766319 -0.642460
vn -0.634865 0.772623 0.000000
vn -0.634865 0.772623 0.000000
vn -0.634865 0.772623 0.000000
vn -0.634865 0.772623 0.000000
vn 0.000000 0.000000 -1.000000
vn 0.000000 0.000000 -1.000000
vn 0.000000 1.000000 -0.000000
vn 0.000000 1.000000 -0.000000
vn 0.000000 0.000000 -1.000000
vn 0.000000 0.000000 -1.000000
vn 0.000000 -0.963850 -0.266444
vn 0.000000 -0.963850 -0.266444
vn 0.000000 0.000000 -1.000000
vn 0.000000 0.000000 -1.000000
vn 0.000000 0.963851 -0.266441
vn 0.000000 0.963851 -0.266441
vn 0.000000 1.000000 -0.000004
vn 0.000000 1.000000 -0.000004
vn 0.000000 0.000000 -1.000000
vn 0.000000 0.000000 -1.000000
vn 0.000000 -1.000000 0.000001
vn 0.000000 -1.000000 0.000001
vn 0.000000 0.000000 -1.000000
vn 0.000000 0.000000 -1.000000
vn 0.000000 -0.420800 -0.907154
vn 0.000000 -0.299728 -0.954025
vn 0.000000 -0.180607 -0.983555
vn 0.000000 1.000000 0.000000
vn 0.000000 1.000000 0.000000
vn 0.000000 0.766318 -0.642461
vn 0.000000 0.766318 -0.642461
vn 0.000000 1.000000 0.000000
vn 0.000000 1.000000 0.000000
vn 0.000000 0.766327 0.642451
vn 0.000000 0.766327 0.642451
vn 0.000000 1.000000 0.000001
vn 0.000000 1.000000 0.000001
vn 0.000000 -0.299733 0.954023
vn 0.000000 -0.180601 0.983557
vn 0.000000 -0.420813 0.907148
vn 0.000000 0.000000 1.000000
vn 0.000000 0.000000 1.000000
vn 0.000000 -1.000000 0.000000
vn 0.000000 -1.000000 0.000000
vn 0.000000 0.000000 1.000000
vn 0.000000 0.000000 1.000000
vn 0.000000 1.000000 0.000003
vn 0.000000 1.000000 0.000003
vn 0.000000 0.963853 0.266433
vn 0.000000 0.963854 0.266433
vn 0.000000 0.000000 1.000000
vn 0.000000 0.000000 1.000000
vn 0.000000 -0.963852 0.266437
vn 0.000000 -0.963852 0.266437
vn 0.000000 0.000000 1.000000
vn 0.000000 0.000000 1.000000
vn 0.000000 1.000000 0.000000
vn 0.000000 1.000000 0.000000
vn 0.000000 0.000000 1.000000
vn 0.000000 0.000000 1.000000
vn 1.000000 0.000000 0.000000
vn 1.000000 0.000000 0.000000
vn 0.000000 1.000000 0.000000
vn 0.000000 1.000000 0.000000
vn 1.000000 0.000000 0.000000
vn 1.000000 0.000000 0.000000
vn 0.261511 -0.965201 0.000000
vn 0.261511 -0.965200 0.000000
vn 1.000000 0.000000 0.000000
vn 1.000000 0.000000 0.000000
vn 0.261511 0.965201 0.000000
vn 0.261511 0.965200 0.000000
vn 0.000000 1.000000 0.000000
vn 0.000000 1.000000 0.000000
vn 1.000000 0.000000 0.000000
vn 1.000000 0.000000 0.000000
vn 0.000000 -1.000000 0.000000
vn 0.000000 -1.000000 0.000000
vn 1.000000 0.000000 0.000000
vn 1.000000 0.000000 0.000000
vn 0.903883 -0.427781 0.000000
vn 0.952089 -0.305820 0.000000
vn 0.982899 -0.184148 0.000000
vn 0.000000 1.000000 0.000000
vn 0.000000 1.000000 0.000000
vn 0.634867 0.772622 0.000000
vn 0.634867 0.772622 0.000000
vn 0.000000 1.000000 0.000004
vn 0.000000 1.000000 0.000002
vn 0.000000 1.000000 0.000000
vn -0.634865 0.772623 0.000000
vn -0.634865 0.772623 0.000000
vn 0.000000 1.000000 0.000000
vn 0.000000 1.000000 0.000000
vn -0.952089 -0.305820 0.000000
vn -0.982899 -0.184148 0.000000
vn -0.903883 -0.427781 0.000000
vn -1.000000 0.000000 0.000000
vn -1.000000 0.000000 0.000000
vn 0.000000 -1.000000 0.000000
vn 0.000000 -1.000000 0.000000
vn -1.000000 0.000000 0.000000
vn -1.000000 0.000000 0.000000
vn 0.000000 1.000000 0.000000
vn 0.000000 1.000000 0.000000
vn -0.261513 0.965200 0.000000
vn -0.261513 0.965200 0.000000
vn -1.000000 0.000000 0.000000
vn -1.000000 0.000000 0.000000
vn -0.261513 -0.965200 0.000000
vn -0.261513 -0.965200 0.000000
vn -1.000000 0.000000 0.000000
vn -1.000000 0.000000 0.000000
vn 0.000000 1.000000 0.000000
vn 0.000000 1.000000 0.000000
vn -1.000000 0.000000 0.000000
vn -1.000000 0.000000 0.000000
vn 0.000000 1.000000 0.000002
vn 0.000000 1.000000 0.000001
vn 0.000000 1.000000 0.000001
vn 0.000000 1.000000 0.000002
vn 0.000000 1.000000 -0.000000
vn 0.000000 1.000000 -0.000000
vn 0.000000 1.000000 0.000000
vn 0.000000 1.000000 0.000000
vn 0.000000 1.000000 0.000000
vn 0.000000 1.000000 0.000000
vn 0.000000 1.000000 -0.000000
vn 0.000000 1.000000 -0.000000
vn 0.000000 1.000000 -0.000001
vn 0.000000 1.000000 -0.000001
vn 0.000000 1.000000 0.000000
vn 0.000000 1.000000 0.000000
vn 0.000000 0.000000 1.000000
vn 0.707105 0.000000 0.707108
vn 0.707105 0.000000 0.707108
vn 0.000000 0.000000 1.000000
vn 1.000000 0.000000 0.000000
vn 1.000000 0.000000 0.000000
vn -0.707106 0.000000 0.707107
vn -0.707106 0.000000 0.707107
vn -1.000000 0.000000 -0.000000
vn -1.000000 0.000000 -0.000000
vn 0.707107 0.000000 -0.707106
vn 0.707107 0.000000 -0.707106
vn -0.000000 0.000000 -1.000000
vn -0.000000 0.000000 -1.000000
vn -0.707108 0.000000 -0.707105
vn -0.707108 0.000000 -0.707105
vn 0.000000 0.946468 0.322799
vn 0.228251 0.946469 0.228249
vn 0.228251 0.946469 0.228250
vn -0.000000 0.946468 0.322799
vn 0.322794 0.946469 -0.000001
vn 0.322794 0.946469 -0.000001
vn -0.228251 0.946469 0.228252
vn -0.228249 0.946469 0.228254
vn -0.322790 0.946471 -0.000000
vn -0.322790 0.946471 -0.000000
vn 0.228244 0.946471 -0.228247
vn 0.228246 0.946471 -0.228245
vn 0.000000 0.946471 -0.322788
vn -0.000000 0.946471 -0.322788
vn -0.228243 0.946471 -0.228249
vn -0.228244 0.946471 -0.228248
vn 0.000000 0.751959 0.659210
vn 0.466131 0.751961 0.466130
vn 0.466130 0.751961 0.466131
vn -0.000000 0.751959 0.659210
vn 0.659210 0.751959 0.000001
vn 0.659210 0.751959 0.000001
vn -0.466133 0.751960 0.466130
vn -0.466134 0.751959 0.466129
vn -0.659211 0.751958 -0.000001
vn -0.659211 0.751958 -0.000001
vn 0.466130 0.751960 -0.466132
vn 0.466129 0.751960 -0.466133
vn 0.000000 0.751955 -0.659214
vn -0.000000 0.751956 -0.659214
vn -0.466131 0.751958 -0.466134
vn -0.466131 0.751958 -0.466134
vn 0.000000 0.000000 -1.000000
vn 0.000000 0.000000 -1.000000
vn 0.000000 0.000000 -1.000000
vn 0.000000 0.000000 -1.000000
vn 1.000000 0.000000 0.000000
vn 1.000000 0.000000 0.000000
vn 1.000000 0.000000 0.000000
vn 1.000000 0.000000 0.000000
vn 1.000000 0.000000 0.000000
vn 1.000000 0.000000 0.000000
vn 0.000000 0.000000 1.000000
vn 0.000000 0.000000 1.000000
vn 0.000000 0.000000 1.000000
vn 0.000000 0.000000 1.000000
vn 0.000000 0.000000 1.000000
vn 0.000000 0.000000 1.000000
vn -1.000000 0.000000 0.000000
vn -1.000000 0.000000 0.000000
vn -1.000000 0.000000 0.000000
vn -1.000000 0.000000 0.000000
vn -1.000000 0.000000 0.000000
vn -1.000000 0.000000 0.000000
vn 0.000000 0.000000 -1.000000
vn 0.000000 0.000000 -1.000000
vn 0.000000 0.000000 -1.000000
vn 0.000000 0.000000 -1.000000
vn 0.000000 0.000000 -1.000000
vn 0.000000 0.000000 -1.000000
vn 1.000000 0.000000 0.000000
vn 1.000000 0.000000 0.000000
vn 1.000000 0.000000 0.000000
vn 1.000000 0.000000 0.000000
vn 1.000000 0.000000 0.000000
vn 1.000000 0.000000 0.000000
vn 0.000000 0.000000 1.000000
vn 0.000000 0.000000 1.000000
vn 0.000000 0.000000 1.000000
vn 0.000000 0.000000 1.000000
vn 0.000000 0.000000 1.000000
vn 0.000000 0.000000 1.000000
vn -1.000000 0.000000 0.000000
vn -1.000000 0.000000 0.000000
vn -1.000000 0.000000 0.000000
vn -1.000000 0.000000 0.000000
vn -1.000000 0.000000 0.000000
vn -1.000000 0.000000 0.000000
vn 0.000000 0.000000 -1.000000
vn 0.000000 0.000000 -1.000000
vn 0.000000 0.000000 -1.000000
vn 0.000000 0.000000 -1.000000
vn 0.000000 0.000000 -1.000000
vn 0.000000 0.000000 -1.000000
vn -0.000000 0.000000 -1.000000
vn -0.000000 0.000000 -1.000000
vn -0.000000 0.000000 -1.000000
vn -0.000000 0.000000 -1.000000
vn 0.000000 0.000000 -1.000000
vn 0.000000 0.000000 -1.000000
vn 0.000000 0.000000 -1.000000
vn 0.000000 0.000000 -1.000000
vn 0.000000 0.000000 -1.000000
vn 0.000000 0.000000 -1.000000
vn 0.000000 0.000000 -1.000000
vn 0.000000 0.000000 -1.000000
vn 0.000000 0.000000 -1.000000
vn 0.000000 0.000000 -1.000000
vn 0.000000 0.000000 -1.000000
vn 0.000000 0.000000 -1.000000
vn 0.000000 0.000000 -1.000000
vn 0.000000 0.000000 -1.000000
vn 0.000000 0.000000 -1.000000
vn 0.000000 0.000000 -1.000000
vn 0.000000 0.000000 1.000000
vn 0.000000 0.000000 1.000000
vn 0.000000 0.000000 1.000000
vn 0.000000 0.000000 1.000000
vn -0.000002 0.000000 1.000000
vn -0.000002 0.000000 1.000000
vn -0.000002 0.000000 1.000000
vn -0.000002 0.000000 1.000000
vn 0.000000 0.000000 1.000000
vn 0.000000 0.000000 1.000000
vn 0.000000 0.000000 1.000000
vn 0.000000 0.000000 1.000000
vn 0.000000 0.000000 1.000000
vn 0.000000 0.000000 1.000000
vn 0.000000 0.000000 1.000000
vn 0.000000 0.000000 1.000000
vn 0.000000 0.000000 1.000000
vn 0.000000 0.000000 1.000000
vn 0.000000 0.000000 1.000000
vn 0.000000 0.000000 1.000000
vn 0.000002 0.000000 1.000000
vn 0.000002 0.000000 1.000000
vn 0.000002 0.000000 1.000000
vn 0.000002 0.000000 1.000000
vn 1.000000 0.000000 0.000000
vn 1.000000 0.000000 0.000000
vn 1.000000 0.000000 0.000000
vn 1.000000 0.000000 0.000000
vn 1.000000 0.000000 0.000000
vn 1.000000 0.000000 0.000000
vn 1.000000 0.000000 0.000000
vn 1.000000 0.000000 0.000000
vn 1.000000 0.000000 0.000000
vn 1.000000 0.000000 0.000000
vn 1.000000 0.000000 0.000000
vn 1.000000 0.000000 0.000000
vn 1.000000 0.000000 0.000000
vn 1.000000 0.000000 0.000000
vn 1.000000 0.000000 0.000000
vn 1.000000 0.000000 0.000000
vn 1.000000 -0.000000 0.000000
vn 1.000000 -0.000000 0.000000
vn 1.000000 -0.000000 0.000000
vn 1.000000 -0.000000 0.000000
vn 1.000000 0.000000 0.000000
vn 1.000000 0.000000 0.000000
vn 1.000000 0.000000 0.000000
vn 1.000000 0.000000 0.000000
vn -1.000000 0.000001 0.000000
vn -1.000000 0.000001 0.000000
vn -1.000000 0.000001 0.000000
vn -1.000000 0.000001 0.000000
vn -1.000000 0.000000 0.000000
vn -1.000000 0.000000 0.000000
vn -1.000000 0.000000 0.000000
vn -1.000000 0.000000 0.000000
vn -1.000000 -0.000001 0.000000
vn -1.000000 -0.000001 0.000000
vn -1.000000 -0.000001 0.000000
vn -1.000000 -0.000001 0.000000
vn -1.000000 0.000001 0.000000
vn -1.000000 0.000001 0.000000
vn -1.000000 0.000001 0.000000
vn -1.000000 0.000001 0.000000
vn -1.000000 -0.000001 0.000000
vn -1.000000 -0.000001 0.000000
vn -1.000000 -0.000001 0.000000
vn -1.000000 -0.000001 0.000000
vn -1.000000 0.000000 0.000000
vn -1.000000 0.000000 0.000000
vn -1.000000 0.000000 0.000000
vn -1.000000 0.000000 0.000000
vn 0.000000 -1.000000 0.000000
vn 0.000000 -1.000000 0.000000
vn 0.000000 -1.000000 0.000000
vn 0.000000 -1.000000 0.000000
vn -0.759542 0.000000 -0.650459
vn -0.759542 0.000000 -0.650459
vn -0.759542 0.000000 -0.650459
vn -0.759542 0.000000 -0.650459
vn 0.000000 1.000000 -0.000000
vn 0.000000 1.000000 -0.000000
vn 0.000000 1.000000 -0.000000
vn 0.000000 1.000000 -0.000000
vn 0.000000 -1.000000 0.000002
vn 0.000000 -1.000000 0.000002
vn 0.000000 -1.000000 0.000002
vn 0.000000 -1.000000 0.000002
vn 0.000000 1.000000 0.000000
vn 0.000000 1.000000 0.000000
vn 0.000000 1.000000 0.000000
vn 0.000000 1.000000 0.000000
vn 0.759535 0.000000 -0.650467
vn 0.759535 0.000000 -0.650467
vn 0.759535 0.000000 -0.650467
vn 0.759535 0.000000 -0.650467
vn 0.000000 1.000000 0.000000
vn 0.000000 1.000000 0.000000
vn 0.000000 1.000000 0.000000
vn 0.000000 1.000000 0.000000
vn 0.643637 0.000000 0.765331
vn 0.643637 0.000000 0.765331
vn 0.643637 0.000000 0.765331
vn 0.643637 0.000000 0.765331
vn 0.000000 -1.000000 0.000000
vn 0.000000 -1.000000 0.000000
vn 0.000000 -1.000000 0.000000
vn 0.000000 -1.000000 0.000000
vn 0.000000 1.000000 0.000000
vn 0.000000 1.000000 0.000000
vn 0.000000 1.000000 0.000000
vn 0.000000 1.000000 0.000000
vn 0.000000 -1.000000 0.000000
vn 0.000000 -1.000000 0.000000
vn 0.000000 -1.000000 0.000000
vn 0.000000 -1.000000 0.000000
vn 0.643645 0.000000 -0.765324
vn 0.643645 0.000000 -0.765324
vn 0.643645 0.000000 -0.765324
vn 0.643645 0.000000 -0.765324
vn 0.000000 1.000000 0.000000
vn 0.000000 1.000000 0.000000
vn 0.000000 1.000000 0.000000
vn 0.000000 1.000000 0.000000
vn -0.759535 0.000000 0.650466
vn -0.759535 0.000000 0.650466
vn -0.759535 0.000000 0.650466
vn -0.759535 0.000000 0.650466
vn 0.000000 -1.000000 -0.000004
vn 0.000000 -1.000000 -0.000004
vn 0.000000 -1.000000 -0.000004
vn 0.000000 -1.000000 -0.000004
vn 0.000000 1.000000 -0.000000
vn 0.000000 1.000000 -0.000000
vn 0.000000 1.000000 -0.000000
vn 0.000000 1.000000 -0.000000
vn 0.000000 -1.000000 0.000000
vn 0.000000 -1.000000 0.000000
vn 0.000000 -1.000000 0.000000
vn 0.000000 -1.000000 0.000000
vn 0.759528 0.000000 0.650474
vn 0.759528 0.000000 0.650474
vn 0.759528 0.000000 0.650474
vn 0.759528 0.000000 0.650474
vn 0.000000 1.000000 0.000000
vn 0.000000 1.000000 0.000000
vn 0.000000 1.000000 0.000000
vn 0.000000 1.000000 0.000000
vn -0.643642 0.000000 -0.765327
vn -0.643642 0.000000 -0.765327
vn -0.643642 0.000000 -0.765327
vn -0.643642 0.000000 -0.765327
vn 0.000000 -1.000000 0.000000
vn 0.000000 -1.000000 0.000000
vn 0.000000 -1.000000 0.000000
vn 0.000000 -1.000000 0.000000
vn 0.000000 1.000000 0.000000
vn 0.000000 1.000000 0.000000
vn 0.000000 1.000000 0.000000
vn 0.000000 1.000000 0.000000
vn 0.000000 -1.000000 0.000000
vn 0.000000 -1.000000 0.000000
vn 0.000000 -1.000000 0.000000
vn 0.000000 -1.000000 0.000000
vn -0.643633 0.000000 0.765334
vn -0.643633 0.000000 0.765334
vn -0.643633 0.000000 0.765334
vn -0.643633 0.000000 0.765334
vn 0.000000 0.000000 1.000000
vn 0.707107 0.000000 0.707107
vn 0.707107 0.000000 0.707107
vn 0.000000 0.000000 1.000000
vn 1.000000 0.000000 0.000000
vn 1.000000 0.000000 0.000000
vn -0.707109 0.000000 0.707105
vn -0.707109 0.000000 0.707105
vn -1.000000 0.000000 0.000000
vn -1.000000 0.000000 0.000000
vn 0.707104 0.000000 -0.707110
vn 0.707104 0.000000 -0.707110
vn 0.000000 0.000000 -1.000000
vn 0.000000 0.000000 -1.000000
vn -0.707106 0.000000 -0.707108
vn -0.707106 0.000000 -0.707108
s 1
g Faro2 pCube126
usemtl initialShadingGroup
f 2967/5078/4522 2919/4746/4523 2920/4747/4524 2966/4748/4525
s 2
f 3098/4749/4526 3099/4980/4527 3100/4974/4528 3101/4752/4529
s 3
f 2947/5103/4530 2923/4754/4531 2924/4755/4532 2946/4756/4533
s 4
f 2919/4746/4534 2976/4757/4535 2977/5062/4536 2920/4747/4537
s 5
f 2997/5041/4538 2918/4760/4539 2921/5081/4540 2996/4762/4541
s 6
f 2943/5111/4542 2890/5071/4543 2892/4765/4544 2942/4766/4545
s 7
f 3001/4767/4546 2894/4768/4547 2895/5036/4548 3000/4770/4549
s 8
f 2971/4771/4550 2896/4772/4551 2897/5073/4552 2970/4774/4553
s 9
f 2896/4772/4554 2972/4775/4555 2973/5070/4556 2897/5073/4557
s 10
f 2944/5109/4558 2886/5069/4559 2890/4764/4560 2943/4763/4561
s 11
f 2888/5039/4562 2999/5037/4563 3000/5034/4564 2895/4769/4565
s 12
f 2889/5075/4566 2969/5074/4567 2970/5072/4568 2897/4773/4569
s 13
f 2974/5068/4570 2889/5075/4571 2897/4773/4572 2973/4776/4573
s 14
f 2962/5091/4574 2898/5057/4575 2883/4786/4576 2961/4787/4577
s 15
f 2992/5050/4578 2899/5092/4579 2882/5116/4580 2991/4791/4581
s 16
f 2952/4792/4582 2885/4793/4583 2901/5098/4584 2951/4795/4585
s 17
f 2898/5057/4586 2981/4796/4587 2982/4797/4588 2883/4786/4589
s 18
f 2964/5084/4590 2906/5061/4591 2908/4800/4592 2963/4801/4593
s 19
f 2994/5046/4594 2907/5086/4595 2909/5089/4596 2993/4805/4597
s 20
f 2950/5099/4598 2912/4807/4599 2913/5102/4600 2949/4809/4601
s 21
f 2906/5061/4602 2979/4810/4603 2980/5058/4604 2908/4800/4605
s 22
f 2965/4812/4606 2902/4813/4607 2906/4799/4608 2964/4798/4609
s 23
f 2898/4785/4610 2962/4784/4611 2963/5088/4612 2908/5059/4613
s 24
f 2995/4814/4614 2903/5117/4615 2907/5085/4616 2994/4802/4617
s 25
f 2899/4789/4618 2992/4788/4619 2993/5048/4620 2909/5090/4621
s 26
f 2951/5097/4622 2901/4794/4623 2912/5100/4624 2950/4806/4625
s 27
f 2905/4816/4626 2948/4817/4627 2949/5101/4628 2913/4808/4629
s 28
f 2902/4813/4630 2978/4818/4631 2979/5060/4632 2906/4799/4633
s 29
f 2981/5056/4634 2898/4785/4635 2908/5059/4636 2980/4811/4637
s 30
f 3042/4819/4638 3043/4820/4639 2886/4778/4640 2944/4777/4641
s 31
f 2999/4780/4642 2888/4779/4643 3047/4821/4644 3048/4822/4645
s 32
f 2969/4782/4646 2889/4781/4647 3045/4823/4648 3046/4824/4649
s 33
f 2889/4781/4650 2974/4783/4651 3044/4825/4652 3045/4823/4653
s 34
f 2968/5076/4654 2917/5077/4655 2919/5079/4656 2967/4745/4657
s 35
f 2902/4813/4658 2965/4812/4659 2966/5080/4660 2920/5063/4661
s 36
f 2948/4817/4662 2905/4816/4663 2923/5104/4664 2947/4753/4665
s 37
f 2914/4828/4666 2945/5107/4667 2946/5105/4668 2924/5065/4669
s 38
f 2917/5077/4670 2975/5066/4671 2976/5064/4672 2919/5079/4673
s 39
f 2978/4818/4674 2902/4813/4675 2920/5063/4676 2977/4758/4677
s 40
f 2998/5040/4678 2916/5007/4679 2918/5043/4680 2997/4759/4681
s 41
f 2903/5117/4682 2995/4814/4683 2996/5044/4684 2921/5082/4685
s 42
f 2961/4787/4686 2883/4786/4687 2932/4833/4688 2960/4834/4689
s 43
f 2883/4786/4690 2982/4797/4691 2983/4835/4692 2932/4833/4693
s 44
f 2885/4793/4694 2952/4792/4695 2953/4836/4696 2931/4837/4697
s 45
f 2991/4791/4698 2882/5116/4699 2933/5115/4700 2990/4839/4701
s 44
f 2931/4837/4697 2953/4836/4696 2954/5096/4702 2928/5055/4703
s 43
f 2932/4833/4693 2983/4835/4692 2984/5054/4704 2927/5095/4705
s 42
f 2960/4834/4689 2932/4833/4688 2927/5095/4706 2959/4844/4707
s 45
f 2990/4839/4701 2933/5115/4700 2926/5114/4708 2989/4846/4709
s 46
f 2959/5094/4710 2927/4843/4711 2935/4847/4712 2958/4848/4713
s 47
f 2927/4843/4714 2984/4842/4715 2985/4849/4716 2935/4847/4717
s 48
f 2928/4841/4718 2954/4840/4719 2955/4850/4720 2936/4851/4721
s 49
f 2989/5052/4722 2926/4845/4723 2934/4852/4724 2988/4853/4725
s 50
f 2958/4848/4726 2935/4847/4727 2939/4854/4728 2957/4855/4729
s 51
f 2935/4847/4730 2985/4849/4731 2986/4856/4732 2939/4854/4733
s 52
f 2936/4851/4734 2955/4850/4735 2956/4857/4736 2940/4858/4737
s 53
f 2988/4853/4738 2934/4852/4739 2938/4859/4740 2987/4860/4741
s 6
f 2891/5112/4742 2943/5111/4542 2942/4766/4545 2893/4862/4743
s 10
f 2887/5110/4744 2944/5109/4558 2943/4763/4561 2891/4861/4745
s 30
f 3049/4864/4746 3042/4819/4638 2944/4777/4641 2887/4863/4747
s 37
f 2946/5105/4668 2945/5107/4667 2915/4865/4748 2925/5106/4749
s 3
f 2922/4867/4750 2947/5103/4530 2946/4756/4533 2925/4866/4751
s 36
f 2904/4868/4752 2948/4817/4662 2947/4753/4665 2922/5045/4753
s 27
f 2949/5101/4628 2948/4817/4627 2904/4868/4754 2910/4869/4755
s 20
f 2911/4870/4756 2950/5099/4598 2949/4809/4601 2910/5047/4757
s 26
f 2900/4871/4758 2951/5097/4622 2950/4806/4625 2911/5049/4759
s 16
f 2884/4872/4760 2952/4792/4582 2951/4795/4585 2900/5051/4761
s 44
f 2953/4836/4696 2952/4792/4695 2884/4872/4762 2930/4873/4763
f 2954/5096/4702 2953/4836/4696 2930/4873/4763 2929/4874/4764
s 48
f 2955/4850/4720 2954/4840/4719 2929/5053/4765 2937/4875/4766
s 52
f 2956/4857/4736 2955/4850/4735 2937/4875/4767 2941/4876/4768
s 2
f 3102/4877/4769 3098/4749/4526 3101/4752/4529 3103/4878/4770
s 50
f 2934/4852/4771 2958/4848/4726 2957/4855/4729 2938/4859/4772
s 46
f 2926/4845/4773 2959/5094/4710 2958/4848/4713 2934/4852/4774
s 42
f 2933/4838/4775 2960/4834/4689 2959/4844/4707 2926/5113/4776
f 2882/4790/4777 2961/4787/4686 2960/4834/4689 2933/4838/4775
s 14
f 2899/5093/4778 2962/5091/4574 2961/4787/4577 2882/4790/4779
s 23
f 2963/5088/4612 2962/4784/4611 2899/4789/4780 2909/5090/4781
s 18
f 2907/5087/4782 2964/5084/4590 2963/4801/4593 2909/4804/4783
s 22
f 2903/4815/4784 2965/4812/4606 2964/4798/4609 2907/4803/4785
s 35
f 2966/5080/4660 2965/4812/4659 2903/4815/4786 2921/5083/4787
s 1
f 2918/5042/4788 2967/5078/4522 2966/4748/4525 2921/4761/4789
s 34
f 2916/5007/4790 2968/5076/4654 2967/4745/4657 2918/5043/4791
s 32
f 2888/5038/4792 2969/4782/4646 3046/4824/4649 3047/5005/4793
s 12
f 2970/5072/4568 2969/5074/4567 2888/5039/4794 2895/4769/4795
s 8
f 2894/5118/4796 2971/4771/4550 2970/4774/4553 2895/5035/4797
s 9
f 2972/4775/4555 2892/4765/4798 2890/5071/4799 2973/5070/4556
s 13
f 2886/5069/4800 2974/5068/4570 2973/4776/4573 2890/4764/4801
s 33
f 3044/4825/4652 2974/4783/4651 2886/4778/4802 3043/4820/4803
s 38
f 2976/5064/4672 2975/5066/4671 2914/4828/4804 2924/5065/4805
s 4
f 2977/5062/4536 2976/4757/4535 2924/4755/4806 2923/4754/4807
s 39
f 2905/4816/4808 2978/4818/4674 2977/4758/4677 2923/5104/4809
s 28
f 2979/5060/4632 2978/4818/4631 2905/4816/4810 2913/4808/4811
s 21
f 2980/5058/4604 2979/4810/4603 2913/5102/4812 2912/4807/4813
s 29
f 2901/4794/4814 2981/5056/4634 2980/4811/4637 2912/5100/4815
s 17
f 2982/4797/4588 2981/4796/4587 2901/5098/4816 2885/4793/4817
s 43
f 2983/4835/4692 2982/4797/4691 2885/4793/4818 2931/4837/4819
f 2984/5054/4704 2983/4835/4692 2931/4837/4819 2928/5055/4820
s 47
f 2985/4849/4716 2984/4842/4715 2928/4841/4821 2936/4851/4822
s 51
f 2986/4856/4732 2985/4849/4731 2936/4851/4823 2940/4858/4824
s 2
f 3101/4752/4529 3100/4974/4528 3104/4973/4825 3105/4972/4826
f 3103/4878/4770 3101/4752/4529 3105/4972/4826 3106/4971/4827
s 53
f 2937/4875/4828 2988/4853/4738 2987/4860/4741 2941/4876/4829
s 49
f 2929/5053/4830 2989/5052/4722 2988/4853/4725 2937/4875/4831
s 45
f 2930/4873/4832 2990/4839/4701 2989/4846/4709 2929/4874/4833
f 2884/4872/4834 2991/4791/4698 2990/4839/4701 2930/4873/4832
s 15
f 2900/5051/4835 2992/5050/4578 2991/4791/4581 2884/4872/4836
s 25
f 2993/5048/4620 2992/4788/4619 2900/4871/4837 2911/5049/4838
s 19
f 2910/5047/4839 2994/5046/4594 2993/4805/4597 2911/4870/4840
s 24
f 2904/4868/4841 2995/4814/4614 2994/4802/4617 2910/4869/4842
s 41
f 2996/5044/4684 2995/4814/4683 2904/4868/4843 2922/5045/4844
s 5
f 2925/4866/4845 2997/5041/4538 2996/4762/4541 2922/4867/4846
s 40
f 2915/4865/4847 2998/5040/4678 2997/4759/4681 2925/5106/4848
s 31
f 2887/4863/4849 2999/4780/4642 3048/4822/4645 3049/4864/4850
s 11
f 3000/5034/4564 2999/5037/4563 2887/5110/4851 2891/4861/4852
s 7
f 2893/4862/4853 3001/4767/4546 3000/4770/4549 2891/5112/4854
s 54
f 2957/4855/4855 2939/4854/4856 3003/5033/4857 3002/5032/4858
f 2939/4854/4856 2986/4856/4859 3004/5031/4860 3003/5033/4857
f 2938/4859/4861 2957/4855/4855 3002/5032/4858 3005/5024/4862
f 2987/4860/4863 2938/4859/4861 3005/5024/4862 3006/5027/4864
f 2986/4856/4859 2940/4858/4865 3007/5030/4866 3004/5031/4860
f 2940/4858/4865 2956/4857/4867 3008/5029/4868 3007/5030/4866
f 2956/4857/4867 2941/4876/4869 3009/5028/4870 3008/5029/4868
f 2941/4876/4869 2987/4860/4863 3006/5027/4864 3009/5028/4870
s 55
f 3002/4883/4871 3003/4882/4872 3011/5026/4873 3010/5023/4874
f 3003/4882/4872 3004/4884/4875 3012/5022/4876 3011/5026/4873
f 3005/4885/4877 3002/4883/4871 3010/5023/4874 3013/5016/4878
f 3006/4886/4879 3005/5025/4877 3013/5017/4878 3014/5018/4880
f 3004/4884/4875 3007/4887/4881 3015/5021/4882 3012/5022/4876
f 3007/4887/4881 3008/4888/4883 3016/5020/4884 3015/5021/4882
f 3008/4888/4883 3009/4889/4885 3017/5019/4886 3016/5020/4884
f 3009/4889/4885 3006/4886/4879 3014/5018/4880 3017/5019/4886
s 56
f 3010/4891/4887 3011/4890/4888 3019/4898/4889 3018/4899/4890
f 3011/4890/4888 3012/4892/4891 3020/4900/4892 3019/4898/4889
f 3013/4893/4893 3010/4891/4887 3018/4899/4890 3021/4901/4894
f 3014/4894/4895 3013/4893/4893 3021/4901/4894 3022/4902/4896
f 3012/4892/4891 3015/4895/4897 3023/4903/4898 3020/4900/4892
f 3015/4895/4897 3016/4896/4899 3024/4904/4900 3023/4903/4898
f 3016/4896/4899 3017/4897/4901 3025/4905/4902 3024/4904/4900
f 3017/4897/4901 3014/4894/4895 3022/4902/4896 3025/4905/4902
s 57
f 3018/4899/4903 3019/4898/4904 3027/5015/4905 3026/5014/4906
f 3019/4898/4904 3020/4900/4907 3028/5013/4908 3027/5015/4905
f 3021/4901/4909 3018/4899/4903 3026/5014/4906 3029/4978/4910
f 3022/4902/4911 3021/4901/4909 3029/4978/4910 3030/5009/4912
f 3020/4900/4907 3023/4903/4913 3031/5012/4914 3028/5013/4908
f 3023/4903/4913 3024/4904/4915 3032/5011/4916 3031/5012/4914
f 3024/4904/4915 3025/4905/4917 3033/5010/4918 3032/5011/4916
f 3025/4905/4917 3022/4902/4911 3030/5009/4912 3033/5010/4918
s 58
f 2945/4829/4919 2914/5067/4920 3035/4914/4921 3034/4915/4922
s 59
f 2975/4830/4923 3036/4916/4924 3035/4914/4925 2914/5067/4926
f 3037/4917/4927 3036/4916/4924 2975/4830/4923 2917/4827/4928
s 60
f 3038/4918/4929 3037/4917/4930 2917/4827/4931 2968/4826/4932
f 3039/5006/4933 3038/4918/4929 2968/4826/4932 2916/5008/4934
s 61
f 3040/4920/4935 3039/4919/4936 2916/4832/4937 2998/4831/4938
f 3041/4921/4939 3040/4920/4935 2998/4831/4938 2915/5108/4940
s 58
f 2915/5108/4941 2945/4829/4919 3034/4915/4922 3041/4921/4942
s 62
f 3074/4922/4943 3075/4923/4944 3076/4924/4945 3077/4925/4946
s 63
f 3081/4926/4947 3080/4927/4948 3082/4928/4949 3083/4929/4950
f 3084/4930/4951 3080/4927/4948 3081/4926/4947 3085/4931/4952
s 64
f 3087/4932/4953 3086/4933/4954 3088/4934/4955 3089/4935/4956
f 3090/4936/4957 3087/4932/4953 3089/4935/4956 3091/4937/4958
s 65
f 3093/4938/4959 3092/4939/4960 3094/4940/4961 3095/4941/4962
f 3096/4942/4963 3093/4938/4959 3095/4941/4962 3097/4943/4964
s 62
f 3078/4944/4965 3074/4922/4943 3077/4925/4946 3079/4945/4966
s off
f 3034/4915/4967 3035/4914/4968 3051/5004/4969 3050/5002/4970
f 3035/4914/4971 3043/4820/4972 3052/5003/4973 3051/5004/4974
f 3043/4820/4975 3042/4819/4976 3053/5001/4977 3052/5003/4978
f 3041/4921/4979 3034/4915/4980 3050/5002/4981 3054/4999/4982
f 3042/4819/4983 3049/4864/4984 3055/5000/4985 3053/5001/4986
f 3049/4864/4987 3041/4921/4988 3054/4999/4989 3055/5000/4990
f 3046/4824/4991 3045/4823/4992 3056/4998/4993 3057/4996/4994
f 3045/4823/4995 3037/4917/4996 3058/4997/4997 3056/4998/4998
f 3037/4917/4999 3038/4918/5000 3059/4995/5001 3058/4997/5002
f 3047/5005/5003 3046/4824/5004 3057/4996/5005 3060/4993/5006
f 3038/4918/5007 3039/5006/5008 3061/4994/5009 3059/4995/5010
f 3039/5006/5011 3047/5005/5012 3060/4993/5013 3061/4994/5014
f 3044/4825/5015 3043/4820/5016 3064/4992/5017 3062/4990/5018
f 3043/4820/5019 3035/4914/5020 3065/4991/5021 3064/4992/5022
f 3035/4914/5023 3036/4916/5024 3063/4989/5025 3065/4991/5026
f 3045/4823/5027 3044/4825/5028 3062/4990/5029 3066/4987/5030
f 3036/4916/5031 3037/4917/5032 3067/4988/5033 3063/4989/5034
f 3037/4917/5035 3045/4823/5036 3066/4987/5037 3067/4988/5038
f 3048/4822/5039 3047/4821/5040 3068/4986/5041 3069/4984/5042
f 3047/4821/5043 3039/4919/5044 3070/4985/5045 3068/4986/5046
f 3039/4919/5047 3040/4920/5048 3071/4983/5049 3070/4985/5050
f 3049/4864/5051 3048/4822/5052 3069/4984/5053 3072/4982/5054
f 3040/4920/5055 3041/4921/5056 3073/4981/5057 3071/4983/5058
f 3041/4921/5059 3049/4864/5060 3072/4982/5061 3073/4981/5062
f 3050/4947/5063 3051/5134/5064 3075/4923/5065 3074/4922/5066
f 3051/4946/5067 3052/5133/5068 3076/4924/5069 3075/4923/5070
f 3052/4948/5071 3053/4949/5072 3077/4925/5073 3076/4924/5074
f 3054/4950/5075 3050/4947/5076 3074/4922/5077 3078/4944/5078
f 3053/4949/5079 3055/5131/5080 3079/4945/5081 3077/4925/5082
f 3055/4951/5083 3054/5132/5084 3078/4944/5085 3079/4945/5086
f 3062/4959/5087 3064/5130/5088 3082/4928/5089 3080/4927/5090
f 3064/4958/5091 3065/5129/5092 3083/4929/5093 3082/4928/5094
f 3065/4960/5095 3063/4961/5096 3081/4926/5097 3083/4929/5098
f 3066/4962/5099 3062/4959/5100 3080/4927/5101 3084/4930/5102
f 3063/4961/5103 3067/5127/5104 3085/4931/5105 3081/4926/5106
f 3067/4963/5107 3066/5128/5108 3084/4930/5109 3085/4931/5110
f 3057/4953/5111 3056/5126/5112 3086/4933/5113 3087/4932/5114
f 3056/4952/5115 3058/5125/5116 3088/4934/5117 3086/4933/5118
f 3058/4954/5119 3059/4955/5120 3089/4935/5121 3088/4934/5122
f 3060/4956/5123 3057/4953/5124 3087/4932/5125 3090/4936/5126
f 3059/4955/5127 3061/5123/5128 3091/4937/5129 3089/4935/5130
f 3061/4957/5131 3060/5124/5132 3090/4936/5133 3091/4937/5134
f 3069/4965/5135 3068/5122/5136 3092/4939/5137 3093/4938/5138
f 3068/4964/5139 3070/5121/5140 3094/4940/5141 3092/4939/5142
f 3070/4966/5143 3071/4967/5144 3095/4941/5145 3094/4940/5146
f 3072/4968/5147 3069/4965/5148 3093/4938/5149 3096/4942/5150
f 3071/4967/5151 3073/5119/5152 3097/4943/5153 3095/4941/5154
f 3073/4969/5155 3072/5120/5156 3096/4942/5157 3097/4943/5158
s 66
f 3026/4907/5159 3027/4906/5160 3099/4750/5161 3098/4977/5162
f 3027/4906/5160 3028/4908/5163 3100/4751/5164 3099/4750/5161
f 3029/4909/5165 3026/4907/5159 3098/4977/5162 3102/4975/5166
f 3030/4910/5167 3029/4979/5165 3102/4976/5166 3103/4970/5168
f 3028/4908/5163 3031/4911/5169 3104/4879/5170 3100/4751/5164
f 3031/4911/5169 3032/4912/5171 3105/4880/5172 3104/4879/5170
f 3032/4912/5171 3033/4913/5173 3106/4881/5174 3105/4880/5172
f 3033/4913/5173 3030/4910/5167 3103/4970/5168 3106/4881/5174
g default
v 0.028777 1.054299 -1.964274
v 0.015542 1.054299 -1.990249
v -0.005072 1.054299 -2.010863
v -0.031046 1.054299 -2.024098
v -0.059840 1.054299 -2.028658
v -0.088634 1.054299 -2.024098
v -0.114609 1.054299 -2.010863
v -0.135222 1.054299 -1.990249
v -0.148457 1.054299 -1.964274
v -0.153018 1.054299 -1.935480
v -0.148457 1.054299 -1.906687
v -0.135222 1.054299 -1.880712
v -0.114609 1.054299 -1.860098
v -0.088634 1.054299 -1.846863
v -0.059840 1.054299 -1.842303
v -0.031046 1.054299 -1.846863
v -0.005072 1.054299 -1.860098
v 0.015542 1.054299 -1.880712
v 0.028777 1.054299 -1.906687
v 0.033337 1.054299 -1.935480
v 0.028777 1.067353 -1.964274
v 0.015542 1.067353 -1.990249
v -0.005072 1.067353 -2.010863
v -0.031046 1.067353 -2.024098
v -0.059840 1.067353 -2.028658
v -0.088634 1.067353 -2.024098
v -0.114609 1.067353 -2.010863
v -0.135222 1.067353 -1.990249
v -0.148457 1.067353 -1.964274
v -0.153018 1.067353 -1.935480
v -0.148457 1.067353 -1.906687
v -0.135222 1.067353 -1.880712
v -0.114609 1.067353 -1.860098
v -0.088634 1.067353 -1.846863
v -0.059840 1.067353 -1.842303
v -0.031046 1.067353 -1.846863
v -0.005072 1.067353 -1.860098
v 0.015542 1.067353 -1.880712
v 0.028777 1.067353 -1.906687
v 0.033337 1.067353 -1.935480
v -0.044888 1.054771 -1.841074
v -0.044888 1.066880 -1.841074
v -0.016446 1.054771 -1.850315
v -0.016446 1.066880 -1.850315
v 0.007748 1.054771 -1.867893
v 0.007748 1.066880 -1.867893
v 0.025325 1.054771 -1.892086
v 0.025325 1.066880 -1.892086
v 0.034566 1.054771 -1.920528
v 0.034566 1.066880 -1.920528
v 0.034566 1.054771 -1.950433
v 0.034566 1.066880 -1.950433
v 0.025325 1.054771 -1.978875
v 0.025325 1.066880 -1.978875
v 0.007748 1.054771 -2.003068
v 0.007748 1.066880 -2.003068
v -0.016446 1.054771 -2.020646
v -0.016446 1.066880 -2.020646
v -0.044888 1.054771 -2.029887
v -0.044888 1.066880 -2.029887
v -0.074793 1.054771 -2.029887
v -0.074793 1.066880 -2.029887
v -0.103234 1.054771 -2.020646
v -0.103234 1.066880 -2.020646
v -0.127428 1.054771 -2.003068
v -0.127428 1.066880 -2.003068
v -0.145005 1.054771 -1.978875
v -0.145005 1.066880 -1.978875
v -0.154246 1.054771 -1.950433
v -0.154246 1.066880 -1.950433
v -0.154246 1.054771 -1.920528
v -0.154246 1.066880 -1.920528
v -0.145005 1.054771 -1.892086
v -0.145005 1.066880 -1.892086
v -0.127428 1.054771 -1.867893
v -0.127428 1.066880 -1.867893
v -0.103234 1.054771 -1.850315
v -0.103234 1.066880 -1.850315
v -0.074793 1.054771 -1.841074
v -0.074793 1.066880 -1.841074
v 0.032707 1.057671 -1.970996
v 0.030194 1.057671 -1.975928
v 0.030194 1.063980 -1.975928
v 0.032707 1.063980 -1.970996
v 0.017203 1.057671 -1.997856
v 0.013289 1.057671 -2.001770
v 0.013289 1.063980 -2.001770
v 0.017203 1.063980 -1.997856
v -0.005843 1.057671 -2.018611
v -0.010775 1.057671 -2.021124
v -0.010775 1.063980 -2.021124
v -0.005843 1.063980 -2.018611
v -0.034175 1.057671 -2.031228
v -0.039641 1.057671 -2.032094
v -0.039641 1.063980 -2.032094
v -0.034175 1.063980 -2.031228
v -0.065019 1.057671 -2.034473
v -0.070485 1.057671 -2.033607
v -0.070485 1.063980 -2.033607
v -0.065019 1.063980 -2.034473
v -0.095356 1.057671 -2.028028
v -0.100287 1.057671 -2.025515
v -0.100287 1.063980 -2.025515
v -0.095356 1.063980 -2.028028
v -0.122216 1.057671 -2.012523
v -0.126130 1.057671 -2.008609
v -0.126130 1.063980 -2.008609
v -0.122216 1.063980 -2.012523
v -0.142971 1.057671 -1.989477
v -0.145483 1.057671 -1.984546
v -0.145483 1.063980 -1.984546
v -0.142971 1.063980 -1.989477
v -0.155588 1.057671 -1.961146
v -0.156454 1.057671 -1.955679
v -0.156454 1.063980 -1.955679
v -0.155588 1.063980 -1.961146
v -0.158832 1.057671 -1.930302
v -0.157967 1.057671 -1.924835
v -0.157967 1.063980 -1.924835
v -0.158832 1.063980 -1.930302
v -0.152387 1.057671 -1.899965
v -0.149875 1.057671 -1.895033
v -0.149875 1.063980 -1.895033
v -0.152387 1.063980 -1.899965
v -0.136883 1.057671 -1.873104
v -0.132969 1.057671 -1.869191
v -0.132969 1.063980 -1.869191
v -0.136883 1.063980 -1.873104
v -0.113837 1.057671 -1.852350
v -0.108906 1.057671 -1.849837
v -0.108906 1.063980 -1.849837
v -0.113837 1.063980 -1.852350
v -0.085505 1.057671 -1.839733
v -0.080039 1.057671 -1.838867
v -0.080039 1.063980 -1.838867
v -0.085505 1.063980 -1.839733
v -0.054662 1.057671 -1.836488
v -0.049195 1.057671 -1.837354
v -0.049195 1.063980 -1.837354
v -0.054662 1.063980 -1.836488
v -0.024324 1.057671 -1.842933
v -0.019393 1.057671 -1.845446
v -0.019393 1.063980 -1.845446
v -0.024324 1.063980 -1.842933
v 0.002536 1.057671 -1.858438
v 0.006449 1.057671 -1.862351
v 0.006449 1.063980 -1.862351
v 0.002536 1.063980 -1.858438
v 0.023290 1.057671 -1.881483
v 0.025803 1.057671 -1.886415
v 0.025803 1.063980 -1.886415
v 0.023290 1.063980 -1.881483
v 0.035908 1.057671 -1.909815
v 0.036773 1.057671 -1.915282
v 0.036773 1.063980 -1.915282
v 0.035908 1.063980 -1.909815
v 0.039152 1.057671 -1.940659
v 0.038286 1.057671 -1.946126
v 0.038286 1.063980 -1.946126
v 0.039152 1.063980 -1.940659
v -0.039641 1.057671 -1.838867
v -0.034175 1.057671 -1.839733
v -0.034175 1.063980 -1.839733
v -0.039641 1.063980 -1.838867
v -0.010775 1.057671 -1.849837
v -0.005843 1.057671 -1.852350
v -0.005843 1.063980 -1.852350
v -0.010775 1.063980 -1.849837
v 0.013289 1.057671 -1.869191
v 0.017203 1.057671 -1.873104
v 0.017203 1.063980 -1.873104
v 0.013289 1.063980 -1.869191
v 0.030194 1.057671 -1.895033
v 0.032707 1.057671 -1.899965
v 0.032707 1.063980 -1.899965
v 0.030194 1.063980 -1.895033
v 0.038286 1.057671 -1.924835
v 0.039152 1.057671 -1.930302
v 0.039152 1.063980 -1.930302
v 0.038286 1.063980 -1.924835
v 0.036773 1.057671 -1.955679
v 0.035907 1.057671 -1.961146
v 0.035907 1.063980 -1.961146
v 0.036773 1.063980 -1.955679
v 0.025803 1.057671 -1.984546
v 0.023290 1.057671 -1.989477
v 0.023290 1.063980 -1.989477
v 0.025803 1.063980 -1.984546
v 0.006449 1.057671 -2.008609
v 0.002536 1.057671 -2.012523
v 0.002536 1.063980 -2.012523
v 0.006449 1.063980 -2.008609
v -0.019393 1.057671 -2.025515
v -0.024324 1.057671 -2.028028
v -0.024324 1.063980 -2.028028
v -0.019393 1.063980 -2.025515
v -0.049195 1.057671 -2.033607
v -0.054662 1.057671 -2.034473
v -0.054662 1.063980 -2.034473
v -0.049195 1.063980 -2.033607
v -0.080039 1.057671 -2.032094
v -0.085505 1.057671 -2.031228
v -0.085505 1.063980 -2.031228
v -0.080039 1.063980 -2.032094
v -0.108906 1.057671 -2.021124
v -0.113837 1.057671 -2.018611
v -0.113837 1.063980 -2.018611
v -0.108906 1.063980 -2.021124
v -0.132969 1.057671 -2.001770
v -0.136883 1.057671 -1.997856
v -0.136883 1.063980 -1.997856
v -0.132969 1.063980 -2.001770
v -0.149875 1.057671 -1.975928
v -0.152387 1.057671 -1.970996
v -0.152387 1.063980 -1.970996
v -0.149875 1.063980 -1.975928
v -0.157967 1.057671 -1.946126
v -0.158832 1.057671 -1.940659
v -0.158832 1.063980 -1.940659
v -0.157967 1.063980 -1.946126
v -0.156454 1.057671 -1.915282
v -0.155588 1.057671 -1.909815
v -0.155588 1.063980 -1.909815
v -0.156454 1.063980 -1.915282
v -0.145483 1.057671 -1.886415
v -0.142971 1.057671 -1.881483
v -0.142971 1.063980 -1.881483
v -0.145483 1.063980 -1.886415
v -0.126130 1.057671 -1.862351
v -0.122216 1.057671 -1.858438
v -0.122216 1.063980 -1.858438
v -0.126130 1.063980 -1.862351
v -0.100287 1.057671 -1.845446
v -0.095356 1.057671 -1.842933
v -0.095356 1.063980 -1.842933
v -0.100287 1.063980 -1.845446
v -0.070485 1.057671 -1.837354
v -0.065019 1.057671 -1.836488
v -0.065019 1.063980 -1.836488
v -0.070485 1.063980 -1.837354
v -0.082822 1.056842 -2.031978
v -0.086142 1.060826 -2.031452
v -0.082822 1.064809 -2.031978
v -0.079502 1.060826 -2.032504
v -0.111517 1.056842 -2.020153
v -0.114512 1.060826 -2.018627
v -0.111517 1.064809 -2.020153
v -0.108522 1.060826 -2.021679
v -0.135153 1.056842 -2.000040
v -0.137530 1.060826 -1.997663
v -0.135153 1.064809 -2.000040
v -0.132776 1.060826 -2.002417
v -0.151417 1.056842 -1.973608
v -0.152943 1.060826 -1.970613
v -0.151417 1.064809 -1.973608
v -0.149891 1.060826 -1.976603
v -0.158717 1.056842 -1.943443
v -0.159242 1.060826 -1.940123
v -0.158717 1.064809 -1.943443
v -0.158191 1.060826 -1.946763
v -0.156338 1.056842 -1.912498
v -0.155812 1.060826 -1.909178
v -0.156338 1.064809 -1.912498
v -0.156864 1.060826 -1.915818
v -0.144513 1.056842 -1.883803
v -0.142987 1.060826 -1.880808
v -0.144513 1.064809 -1.883803
v -0.146039 1.060826 -1.886798
v -0.124400 1.056842 -1.860167
v -0.122023 1.060826 -1.857791
v -0.124400 1.064809 -1.860167
v -0.126777 1.060826 -1.862544
v -0.097967 1.056842 -1.843904
v -0.094972 1.060826 -1.842378
v -0.097967 1.064809 -1.843904
v -0.100962 1.060826 -1.845430
v -0.067802 1.056842 -1.836604
v -0.064482 1.060826 -1.836078
v -0.067802 1.064809 -1.836604
v -0.071122 1.060826 -1.837130
v 0.028682 1.056155 -1.976875
v 0.032584 1.056155 -1.969216
v 0.026445 1.060826 -1.979445
v 0.028682 1.065496 -1.976875
v 0.032584 1.065496 -1.969216
v 0.033250 1.060826 -1.965728
v 0.011558 1.056155 -2.002204
v 0.017636 1.056155 -1.996126
v 0.008637 1.060826 -2.003957
v 0.011558 1.065496 -2.002204
v 0.017636 1.065496 -1.996126
v 0.019347 1.060826 -1.993013
v -0.012555 1.056155 -2.021001
v -0.004896 1.056155 -2.017099
v -0.015875 1.060826 -2.021766
v -0.012555 1.065496 -2.021001
v -0.004896 1.065496 -2.017099
v -0.002307 1.060826 -2.014668
v -0.041297 1.056155 -2.031427
v -0.032807 1.056155 -2.030083
v -0.044691 1.060826 -2.031129
v -0.041297 1.065496 -2.031427
v -0.032807 1.065496 -2.030083
v -0.029593 1.060826 -2.028571
v -0.071853 1.056155 -2.032462
v -0.063364 1.056155 -2.033806
v -0.074989 1.060826 -2.031129
v -0.071853 1.065496 -2.032462
v -0.063364 1.065496 -2.033806
v -0.059840 1.060826 -2.033361
v -0.101234 1.056155 -2.024003
v -0.093576 1.056155 -2.027905
v -0.103805 1.060826 -2.021766
v -0.101234 1.065496 -2.024003
v -0.093576 1.065496 -2.027905
v -0.090087 1.060826 -2.028571
v -0.126563 1.056155 -2.006879
v -0.120485 1.056155 -2.012957
v -0.128317 1.060826 -2.003957
v -0.126563 1.065496 -2.006879
v -0.120485 1.065496 -2.012957
v -0.117373 1.060826 -2.014668
v -0.145361 1.056155 -1.982766
v -0.141458 1.056155 -1.990425
v -0.146126 1.060826 -1.979445
v -0.145361 1.065496 -1.982766
v -0.141458 1.065496 -1.990425
v -0.139027 1.060826 -1.993013
v -0.155787 1.056155 -1.954024
v -0.154442 1.056155 -1.962514
v -0.155488 1.060826 -1.950630
v -0.155787 1.065496 -1.954024
v -0.154442 1.065496 -1.962514
v -0.152930 1.060826 -1.965728
v -0.156821 1.056155 -1.923467
v -0.158166 1.056155 -1.931957
v -0.155488 1.060826 -1.920331
v -0.156821 1.065496 -1.923467
v -0.158166 1.065496 -1.931957
v -0.157721 1.060826 -1.935480
v -0.148362 1.056155 -1.894086
v -0.152265 1.056155 -1.901745
v -0.146126 1.060826 -1.891515
v -0.148362 1.065496 -1.894086
v -0.152265 1.065496 -1.901745
v -0.152930 1.060826 -1.905233
v -0.131238 1.056155 -1.868757
v -0.137316 1.056155 -1.874835
v -0.128317 1.060826 -1.867004
v -0.131238 1.065496 -1.868757
v -0.137316 1.065496 -1.874835
v -0.139027 1.060826 -1.877947
v -0.107125 1.056155 -1.849960
v -0.114784 1.056155 -1.853863
v -0.103805 1.060826 -1.849195
v -0.107125 1.065496 -1.849960
v -0.114784 1.065496 -1.853863
v -0.117373 1.060826 -1.856293
v -0.078384 1.056155 -1.839534
v -0.086874 1.056155 -1.840878
v -0.074989 1.060826 -1.839832
v -0.078384 1.065496 -1.839534
v -0.086874 1.065496 -1.840878
v -0.090087 1.060826 -1.842390
v -0.047827 1.056155 -1.838499
v -0.056317 1.056155 -1.837155
v -0.044691 1.060826 -1.839832
v -0.047827 1.065496 -1.838499
v -0.056317 1.065496 -1.837155
v -0.059840 1.060826 -1.837600
v -0.018446 1.056155 -1.846958
v -0.026105 1.056155 -1.843056
v -0.015875 1.060826 -1.849195
v -0.018446 1.065496 -1.846958
v -0.026105 1.065496 -1.843056
v -0.029593 1.060826 -1.842390
v 0.006883 1.056155 -1.864082
v 0.000805 1.056155 -1.858004
v 0.008637 1.060826 -1.867004
v 0.006883 1.065496 -1.864082
v 0.000805 1.065496 -1.858004
v -0.002307 1.060826 -1.856293
v 0.025680 1.056155 -1.888195
v 0.021778 1.056155 -1.880536
v 0.026446 1.060826 -1.891515
v 0.025680 1.065496 -1.888195
v 0.021778 1.065496 -1.880536
v 0.019347 1.060826 -1.877947
v 0.036107 1.056155 -1.916937
v 0.034762 1.056155 -1.908447
v 0.035808 1.060826 -1.920331
v 0.036107 1.065496 -1.916937
v 0.034762 1.065496 -1.908447
v 0.033250 1.060826 -1.905233
v 0.037141 1.056155 -1.947494
v 0.038485 1.056155 -1.939004
v 0.035808 1.060826 -1.950630
v 0.037141 1.065496 -1.947494
v 0.038485 1.065496 -1.939004
v 0.038041 1.060826 -1.935480
v -0.032807 1.056155 -1.840878
v -0.041297 1.056155 -1.839534
v -0.032807 1.065496 -1.840878
v -0.041297 1.065496 -1.839534
v -0.004896 1.056155 -1.853862
v -0.012555 1.056155 -1.849960
v -0.004896 1.065496 -1.853862
v -0.012555 1.065496 -1.849960
v 0.017636 1.056155 -1.874835
v 0.011558 1.056155 -1.868757
v 0.017636 1.065496 -1.874835
v 0.011558 1.065496 -1.868757
v 0.032584 1.056155 -1.901745
v 0.028682 1.056155 -1.894086
v 0.032584 1.065496 -1.901745
v 0.028682 1.065496 -1.894086
v 0.038485 1.056155 -1.931957
v 0.037141 1.056155 -1.923467
v 0.038485 1.065496 -1.931957
v 0.037141 1.065496 -1.923467
v 0.034762 1.056155 -1.962514
v 0.036106 1.056155 -1.954024
v 0.034762 1.065496 -1.962514
v 0.036106 1.065496 -1.954024
v 0.021778 1.056155 -1.990425
v 0.025680 1.056155 -1.982766
v 0.021778 1.065496 -1.990425
v 0.025680 1.065496 -1.982766
v 0.000805 1.056155 -2.012957
v 0.006883 1.056155 -2.006879
v 0.000805 1.065496 -2.012957
v 0.006883 1.065496 -2.006879
v -0.026105 1.056155 -2.027905
v -0.018446 1.056155 -2.024003
v -0.026105 1.065496 -2.027905
v -0.018446 1.065496 -2.024003
v -0.056317 1.056155 -2.033806
v -0.047827 1.056155 -2.032462
v -0.056317 1.065496 -2.033806
v -0.047827 1.065496 -2.032462
v -0.086874 1.056155 -2.030083
v -0.078384 1.056155 -2.031427
v -0.086874 1.065496 -2.030083
v -0.078384 1.065496 -2.031427
v -0.114784 1.056155 -2.017099
v -0.107125 1.056155 -2.021001
v -0.114784 1.065496 -2.017099
v -0.107125 1.065496 -2.021001
v -0.137316 1.056155 -1.996126
v -0.131238 1.056155 -2.002204
v -0.137316 1.065496 -1.996126
v -0.131238 1.065496 -2.002204
v -0.152265 1.056155 -1.969216
v -0.148362 1.056155 -1.976875
v -0.152265 1.065496 -1.969216
v -0.148362 1.065496 -1.976875
v -0.158166 1.056155 -1.939004
v -0.156821 1.056155 -1.947494
v -0.158166 1.065496 -1.939004
v -0.156821 1.065496 -1.947494
v -0.154442 1.056155 -1.908447
v -0.155787 1.056155 -1.916937
v -0.154442 1.065496 -1.908447
v -0.155787 1.065496 -1.916937
v -0.141458 1.056155 -1.880536
v -0.145361 1.056155 -1.888195
v -0.141458 1.065496 -1.880536
v -0.145361 1.065496 -1.888195
v -0.120485 1.056155 -1.858004
v -0.126563 1.056155 -1.864082
v -0.120485 1.065496 -1.858004
v -0.126563 1.065496 -1.864082
v -0.093576 1.056155 -1.843056
v -0.101234 1.056155 -1.846958
v -0.093576 1.065496 -1.843056
v -0.101234 1.065496 -1.846958
v -0.063364 1.056155 -1.837155
v -0.071853 1.056155 -1.838500
v -0.063364 1.065496 -1.837155
v -0.071853 1.065496 -1.838500
v 0.031737 1.056842 -1.973608
v 0.030211 1.060826 -1.976603
v 0.031737 1.064809 -1.973608
v 0.033263 1.060826 -1.970613
v 0.015473 1.056842 -2.000040
v 0.013096 1.060826 -2.002417
v 0.015473 1.064809 -2.000040
v 0.017850 1.060826 -1.997663
v -0.008163 1.056842 -2.020153
v -0.011158 1.060826 -2.021679
v -0.008163 1.064809 -2.020153
v -0.005168 1.060826 -2.018627
v -0.036858 1.056842 -2.031978
v -0.040178 1.060826 -2.032504
v -0.036858 1.064809 -2.031978
v -0.033538 1.060826 -2.031452
v -0.067802 1.056842 -2.034357
v -0.071122 1.060826 -2.033831
v -0.067802 1.064809 -2.034357
v -0.064482 1.060826 -2.034883
v -0.097967 1.056842 -2.027057
v -0.100962 1.060826 -2.025531
v -0.097967 1.064809 -2.027057
v -0.094972 1.060826 -2.028583
v -0.124400 1.056842 -2.010793
v -0.126777 1.060826 -2.008417
v -0.124400 1.064809 -2.010793
v -0.122023 1.060826 -2.013170
v -0.144513 1.056842 -1.987157
v -0.146039 1.060826 -1.984162
v -0.144513 1.064809 -1.987157
v -0.142987 1.060826 -1.990152
v -0.156338 1.056842 -1.958463
v -0.156864 1.060826 -1.955143
v -0.156338 1.064809 -1.958463
v -0.155812 1.060826 -1.961783
v -0.158717 1.056842 -1.927518
v -0.158191 1.060826 -1.924198
v -0.158717 1.064809 -1.927518
v -0.159242 1.060826 -1.930838
v -0.151417 1.056842 -1.897353
v -0.149891 1.060826 -1.894358
v -0.151417 1.064809 -1.897353
v -0.152943 1.060826 -1.900348
v -0.135153 1.056842 -1.870921
v -0.132776 1.060826 -1.868544
v -0.135153 1.064809 -1.870921
v -0.137530 1.060826 -1.873297
v -0.111517 1.056842 -1.850808
v -0.108522 1.060826 -1.849282
v -0.111517 1.064809 -1.850808
v -0.114512 1.060826 -1.852334
v -0.082822 1.056842 -1.838983
v -0.079502 1.060826 -1.838457
v -0.082822 1.064809 -1.838983
v -0.086142 1.060826 -1.839509
v -0.051878 1.056842 -1.836604
v -0.048558 1.060826 -1.837130
v -0.051878 1.064809 -1.836604
v -0.055198 1.060826 -1.836078
v -0.021713 1.056842 -1.843904
v -0.018718 1.060826 -1.845430
v -0.021713 1.064809 -1.843904
v -0.024708 1.060826 -1.842378
v 0.004720 1.056842 -1.860167
v 0.007096 1.060826 -1.862544
v 0.004720 1.064809 -1.860167
v 0.002343 1.060826 -1.857791
v 0.024833 1.056842 -1.883803
v 0.026359 1.060826 -1.886798
v 0.024833 1.064809 -1.883803
v 0.023307 1.060826 -1.880808
v 0.036658 1.056842 -1.912498
v 0.037183 1.060826 -1.915818
v 0.036658 1.064809 -1.912498
v 0.036132 1.060826 -1.909178
v 0.039036 1.056842 -1.943443
v 0.038511 1.060826 -1.946763
v 0.039036 1.064809 -1.943443
v 0.039562 1.060826 -1.940123
v 0.018142 1.053569 -1.981615
v 0.023320 1.053569 -1.971452
v 0.019796 1.053226 -1.961356
v 0.007902 1.053226 -1.984699
v 0.000069 1.053569 -2.003454
v 0.008134 1.053569 -1.995390
v -0.010622 1.053226 -2.003223
v -0.023868 1.053569 -2.018640
v -0.013706 1.053569 -2.013462
v -0.033965 1.053226 -2.015117
v -0.051327 1.053569 -2.025686
v -0.040062 1.053569 -2.023902
v -0.059841 1.053226 -2.019215
v -0.079619 1.053569 -2.023902
v -0.068354 1.053569 -2.025686
v -0.085716 1.053226 -2.015117
v -0.105974 1.053569 -2.013462
v -0.095812 1.053569 -2.018640
v -0.109059 1.053226 -2.003223
v -0.127814 1.053569 -1.995390
v -0.119749 1.053569 -2.003454
v -0.127583 1.053226 -1.984698
v -0.143000 1.053569 -1.971452
v -0.137822 1.053569 -1.981615
v -0.139477 1.053226 -1.961355
v -0.150046 1.053569 -1.943994
v -0.148262 1.053569 -1.955259
v -0.143575 1.053226 -1.935480
v -0.148262 1.053569 -1.915702
v -0.150046 1.053569 -1.926967
v -0.139476 1.053226 -1.909604
v -0.137822 1.053569 -1.889346
v -0.143000 1.053569 -1.899508
v -0.127583 1.053226 -1.886262
v -0.119749 1.053569 -1.867507
v -0.127814 1.053569 -1.875571
v -0.109058 1.053226 -1.867737
v -0.095812 1.053569 -1.852321
v -0.105974 1.053569 -1.857499
v -0.085715 1.053226 -1.855844
v -0.068354 1.053569 -1.845275
v -0.079619 1.053569 -1.847059
v -0.059840 1.053226 -1.851745
v -0.040062 1.053569 -1.847059
v -0.051327 1.053569 -1.845275
v -0.033964 1.053226 -1.855844
v -0.013706 1.053569 -1.857499
v -0.023868 1.053569 -1.852321
v -0.010622 1.053226 -1.867738
v 0.008134 1.053569 -1.875571
v 0.000069 1.053569 -1.867507
v 0.007903 1.053226 -1.886263
v 0.023320 1.053569 -1.899508
v 0.018142 1.053569 -1.889346
v 0.019797 1.053226 -1.909605
v 0.030365 1.053569 -1.926967
v 0.028581 1.053569 -1.915702
v 0.023895 1.053226 -1.935481
v 0.028581 1.053569 -1.955259
v 0.030365 1.053569 -1.943994
v 0.023320 1.068083 -1.971452
v 0.018142 1.068083 -1.981615
v 0.007954 1.068426 -1.984736
v 0.019857 1.068426 -1.961376
v 0.008134 1.068083 -1.995390
v 0.000069 1.068083 -2.003454
v -0.010585 1.068426 -2.003275
v -0.013706 1.068083 -2.013462
v -0.023868 1.068083 -2.018640
v -0.033945 1.068426 -2.015178
v -0.040062 1.068083 -2.023902
v -0.051327 1.068083 -2.025686
v -0.059841 1.068426 -2.019279
v -0.068354 1.068083 -2.025686
v -0.079619 1.068083 -2.023902
v -0.085736 1.068426 -2.015177
v -0.095812 1.068083 -2.018640
v -0.105974 1.068083 -2.013462
v -0.109096 1.068426 -2.003275
v -0.119749 1.068083 -2.003454
v -0.127814 1.068083 -1.995390
v -0.127635 1.068426 -1.984735
v -0.137822 1.068083 -1.981615
v -0.143000 1.068083 -1.971452
v -0.139538 1.068427 -1.961375
v -0.148262 1.068083 -1.955259
v -0.150046 1.068083 -1.943994
v -0.143639 1.068427 -1.935480
v -0.150046 1.068083 -1.926967
v -0.148262 1.068083 -1.915702
v -0.139537 1.068427 -1.909585
v -0.143000 1.068083 -1.899508
v -0.137822 1.068083 -1.889346
v -0.127635 1.068427 -1.886224
v -0.127814 1.068083 -1.875571
v -0.119749 1.068083 -1.867507
v -0.109095 1.068427 -1.867685
v -0.105974 1.068083 -1.857499
v -0.095812 1.068083 -1.852321
v -0.085735 1.068427 -1.855783
v -0.079619 1.068083 -1.847059
v -0.068354 1.068083 -1.845275
v -0.059840 1.068426 -1.851681
v -0.051327 1.068083 -1.845275
v -0.040062 1.068083 -1.847059
v -0.033944 1.068426 -1.855783
v -0.023868 1.068083 -1.852321
v -0.013706 1.068083 -1.857499
v -0.010584 1.068426 -1.867686
v 0.000069 1.068083 -1.867507
v 0.008134 1.068083 -1.875571
v 0.007955 1.068426 -1.886225
v 0.018142 1.068083 -1.889346
v 0.023320 1.068083 -1.899508
v 0.019857 1.068426 -1.909585
v 0.028581 1.068083 -1.915702
v 0.030365 1.068083 -1.926967
v 0.023959 1.068426 -1.935481
v 0.030365 1.068083 -1.943994
v 0.028581 1.068083 -1.955259
v -0.036858 1.056842 -1.838983
v -0.033538 1.060826 -1.839509
v -0.036858 1.064809 -1.838983
v -0.040178 1.060826 -1.838457
v -0.008163 1.056842 -1.850808
v -0.005168 1.060826 -1.852334
v -0.008163 1.064809 -1.850808
v -0.011158 1.060826 -1.849282
v 0.015473 1.056842 -1.870921
v 0.017850 1.060826 -1.873297
v 0.015473 1.064809 -1.870921
v 0.013096 1.060826 -1.868544
v 0.031737 1.056842 -1.897353
v 0.033263 1.060826 -1.900348
v 0.031737 1.064809 -1.897353
v 0.030211 1.060826 -1.894358
v 0.039036 1.056842 -1.927518
v 0.039562 1.060826 -1.930838
v 0.039036 1.064809 -1.927518
v 0.038511 1.060826 -1.924198
v 0.036657 1.056842 -1.958463
v 0.036132 1.060826 -1.961783
v 0.036657 1.064809 -1.958463
v 0.037183 1.060826 -1.955143
v 0.024833 1.056842 -1.987157
v 0.023307 1.060826 -1.990152
v 0.024833 1.064809 -1.987157
v 0.026359 1.060826 -1.984162
v 0.004720 1.056842 -2.010793
v 0.002343 1.060826 -2.013170
v 0.004720 1.064809 -2.010793
v 0.007096 1.060826 -2.008417
v -0.021713 1.056842 -2.027057
v -0.024708 1.060826 -2.028583
v -0.021713 1.064809 -2.027057
v -0.018718 1.060826 -2.025531
v -0.051878 1.056842 -2.034357
v -0.055198 1.060826 -2.034883
v -0.051878 1.064809 -2.034357
v -0.048558 1.060826 -2.033831
v 0.032104 1.060826 -1.973795
v 0.015765 1.060826 -2.000332
v -0.007976 1.060826 -2.020521
v -0.036793 1.060826 -2.032386
v -0.067867 1.060826 -2.034765
v -0.098155 1.060826 -2.027425
v -0.124692 1.060826 -2.011085
v -0.144881 1.060826 -1.987345
v -0.156746 1.060826 -1.958527
v -0.159124 1.060826 -1.927454
v -0.151785 1.060826 -1.897166
v -0.135445 1.060826 -1.870629
v -0.111704 1.060826 -1.850440
v -0.082887 1.060826 -1.838575
v -0.051813 1.060826 -1.836196
v -0.021526 1.060826 -1.843536
v 0.005012 1.060826 -1.859876
v 0.025201 1.060826 -1.883616
v 0.037065 1.060826 -1.912434
v 0.039444 1.060826 -1.943507
v 0.014768 1.053226 -1.973495
v -0.000631 1.053226 -1.994690
v -0.021826 1.053226 -2.010089
v -0.046742 1.053226 -2.018184
v -0.072940 1.053226 -2.018184
v -0.097855 1.053226 -2.010088
v -0.119050 1.053226 -1.994689
v -0.134449 1.053226 -1.973495
v -0.142544 1.053226 -1.948579
v -0.142544 1.053226 -1.922381
v -0.134448 1.053226 -1.897465
v -0.119049 1.053226 -1.876270
v -0.097854 1.053226 -1.860872
v -0.072939 1.053226 -1.852776
v -0.046741 1.053226 -1.852777
v -0.021825 1.053226 -1.860872
v -0.000630 1.053226 -1.876271
v 0.014768 1.053226 -1.897466
v 0.022864 1.053226 -1.922382
v 0.022864 1.053226 -1.948580
v 0.014825 1.068426 -1.973524
v -0.000586 1.068426 -1.994735
v -0.021797 1.068426 -2.010146
v -0.046732 1.068426 -2.018247
v -0.072950 1.068426 -2.018247
v -0.097884 1.068426 -2.010145
v -0.119095 1.068426 -1.994735
v -0.134505 1.068427 -1.973524
v -0.142607 1.068427 -1.948589
v -0.142607 1.068427 -1.922371
v -0.134505 1.068427 -1.897436
v -0.119095 1.068427 -1.876225
v -0.097884 1.068427 -1.860815
v -0.072949 1.068427 -1.852713
v -0.046731 1.068426 -1.852713
v -0.021796 1.068426 -1.860815
v -0.000585 1.068426 -1.876226
v 0.014825 1.068426 -1.897437
v 0.022927 1.068426 -1.922372
v 0.022927 1.068426 -1.948590
v -0.036793 1.060826 -1.838575
v -0.007976 1.060826 -1.850440
v 0.015765 1.060826 -1.870629
v 0.032105 1.060826 -1.897166
v 0.039444 1.060826 -1.927454
v 0.037065 1.060826 -1.958527
v 0.025201 1.060826 -1.987345
v 0.005012 1.060826 -2.011085
v -0.021526 1.060826 -2.027425
v -0.051813 1.060826 -2.034765
v -0.082887 1.060826 -2.032386
v -0.111704 1.060826 -2.020521
v -0.135445 1.060826 -2.000332
v -0.151785 1.060826 -1.973795
v -0.159124 1.060826 -1.943507
v -0.156746 1.060826 -1.912434
v -0.144881 1.060826 -1.883616
v -0.124692 1.060826 -1.859876
v -0.098155 1.060826 -1.843536
v -0.067867 1.060826 -1.836196
v 0.030633 1.054599 -1.973045
v 0.028032 1.060826 -1.978151
v 0.030633 1.067052 -1.973045
v 0.033235 1.060826 -1.967939
v 0.014597 1.054599 -1.999165
v 0.010545 1.060826 -2.003216
v 0.014597 1.067052 -1.999165
v 0.018649 1.060826 -1.995113
v -0.008725 1.054599 -2.019050
v -0.013831 1.060826 -2.021651
v -0.008725 1.067052 -2.019050
v -0.003620 1.060826 -2.016448
v -0.037052 1.054599 -2.030755
v -0.042712 1.060826 -2.031651
v -0.037052 1.067052 -2.030755
v -0.031392 1.060826 -2.029859
v -0.067609 1.054599 -2.033134
v -0.073268 1.060826 -2.032237
v -0.067609 1.067052 -2.033134
v -0.061949 1.060826 -2.034030
v -0.097405 1.054599 -2.025954
v -0.102511 1.060826 -2.023352
v -0.097405 1.067052 -2.025954
v -0.092299 1.060826 -2.028556
v -0.123524 1.054599 -2.009917
v -0.127576 1.060826 -2.005866
v -0.123524 1.067052 -2.009917
v -0.119472 1.060826 -2.013970
v -0.143409 1.054599 -1.986595
v -0.146011 1.060826 -1.981489
v -0.143409 1.067052 -1.986595
v -0.140808 1.060826 -1.991701
v -0.155115 1.054599 -1.958269
v -0.156011 1.060826 -1.952609
v -0.155115 1.067052 -1.958269
v -0.154218 1.060826 -1.963929
v -0.157493 1.054599 -1.927712
v -0.156597 1.060826 -1.922052
v -0.157493 1.067052 -1.927712
v -0.158390 1.060826 -1.933372
v -0.150313 1.054599 -1.897916
v -0.147712 1.060826 -1.892810
v -0.150313 1.067052 -1.897916
v -0.152915 1.060826 -1.903022
v -0.134277 1.054599 -1.871796
v -0.130225 1.060826 -1.867744
v -0.134277 1.067052 -1.871796
v -0.138329 1.060826 -1.875848
v -0.110955 1.054599 -1.851911
v -0.105849 1.060826 -1.849310
v -0.110955 1.067052 -1.851911
v -0.116061 1.060826 -1.854513
v -0.082629 1.054599 -1.840206
v -0.076969 1.060826 -1.839310
v -0.082629 1.067052 -1.840206
v -0.088289 1.060826 -1.841103
v -0.052072 1.054599 -1.837827
v -0.046412 1.060826 -1.838723
v -0.052072 1.067052 -1.837827
v -0.057732 1.060826 -1.836931
v -0.022275 1.054599 -1.845007
v -0.017169 1.060826 -1.847609
v -0.022275 1.067052 -1.845007
v -0.027381 1.060826 -1.842405
v 0.003844 1.054599 -1.861043
v 0.007896 1.060826 -1.865095
v 0.003844 1.067052 -1.861043
v -0.000208 1.060826 -1.856991
v 0.023729 1.054599 -1.884366
v 0.026331 1.060826 -1.889472
v 0.023729 1.067052 -1.884366
v 0.021128 1.060826 -1.879260
v 0.035434 1.054599 -1.912692
v 0.036331 1.060826 -1.918352
v 0.035434 1.067052 -1.912692
v 0.034538 1.060826 -1.907032
v 0.037813 1.054599 -1.943249
v 0.036917 1.060826 -1.948909
v 0.037813 1.067052 -1.943249
v 0.038710 1.060826 -1.937589
v -0.037052 1.054599 -1.840206
v -0.031392 1.060826 -1.841102
v -0.037052 1.067052 -1.840206
v -0.042712 1.060826 -1.839310
v -0.008725 1.054599 -1.851911
v -0.003620 1.060826 -1.854513
v -0.008725 1.067052 -1.851911
v -0.013831 1.060826 -1.849310
v 0.014597 1.054599 -1.871796
v 0.018649 1.060826 -1.875848
v 0.014597 1.067052 -1.871796
v 0.010545 1.060826 -1.867744
v 0.030633 1.054599 -1.897916
v 0.033235 1.060826 -1.903022
v 0.030633 1.067052 -1.897916
v 0.028032 1.060826 -1.892810
v 0.037813 1.054599 -1.927712
v 0.038710 1.060826 -1.933372
v 0.037813 1.067052 -1.927712
v 0.036917 1.060826 -1.922052
v 0.035434 1.054599 -1.958269
v 0.034538 1.060826 -1.963929
v 0.035434 1.067052 -1.958269
v 0.036331 1.060826 -1.952609
v 0.023729 1.054599 -1.986595
v 0.021128 1.060826 -1.991701
v 0.023729 1.067052 -1.986595
v 0.026331 1.060826 -1.981489
v 0.003844 1.054599 -2.009917
v -0.000208 1.060826 -2.013970
v 0.003844 1.067052 -2.009917
v 0.007896 1.060826 -2.005866
v -0.022275 1.054599 -2.025954
v -0.027381 1.060826 -2.028556
v -0.022275 1.067052 -2.025954
v -0.017169 1.060826 -2.023352
v -0.052072 1.054599 -2.033134
v -0.057732 1.060826 -2.034030
v -0.052072 1.067052 -2.033134
v -0.046412 1.060826 -2.032237
v -0.082629 1.054599 -2.030755
v -0.088289 1.060826 -2.029859
v -0.082629 1.067052 -2.030755
v -0.076969 1.060826 -2.031651
v -0.110955 1.054599 -2.019050
v -0.116061 1.060826 -2.016448
v -0.110955 1.067052 -2.019050
v -0.105849 1.060826 -2.021651
v -0.134277 1.054599 -1.999165
v -0.138329 1.060826 -1.995113
v -0.134277 1.067052 -1.999165
v -0.130225 1.060826 -2.003216
v -0.150313 1.054599 -1.973045
v -0.152915 1.060826 -1.967939
v -0.150313 1.067052 -1.973045
v -0.147712 1.060826 -1.978151
v -0.157493 1.054599 -1.943249
v -0.158390 1.060826 -1.937589
v -0.157493 1.067052 -1.943249
v -0.156597 1.060826 -1.948909
v -0.155115 1.054599 -1.912692
v -0.154218 1.060826 -1.907032
v -0.155115 1.067052 -1.912692
v -0.156011 1.060826 -1.918352
v -0.143409 1.054599 -1.884366
v -0.140808 1.060826 -1.879260
v -0.143409 1.067052 -1.884366
v -0.146011 1.060826 -1.889472
v -0.123524 1.054599 -1.861043
v -0.119472 1.060826 -1.856991
v -0.123524 1.067052 -1.861043
v -0.127576 1.060826 -1.865095
v -0.097405 1.054599 -1.845007
v -0.092299 1.060826 -1.842406
v -0.097405 1.067052 -1.845007
v -0.102511 1.060826 -1.847609
v -0.067609 1.054599 -1.837827
v -0.061949 1.060826 -1.836931
v -0.067609 1.067052 -1.837827
v -0.073268 1.060826 -1.838724
vt 0.417450 0.325004
vt 0.417723 0.325888
vt 0.510750 0.330971
vt 0.510620 0.329912
vt 0.417623 0.326803
vt 0.416586 0.327134
vt 0.516088 0.348565
vt 0.515190 0.348100
vt 0.509669 0.330241
vt 0.419733 0.335615
vt 0.420267 0.336371
vt 0.513705 0.341259
vt 0.513224 0.340309
vt 0.420454 0.337273
vt 0.419570 0.337908
vt 0.524078 0.355846
vt 0.523368 0.355126
vt 0.512359 0.340829
vt 0.425184 0.345002
vt 0.425925 0.345556
vt 0.520639 0.348937
vt 0.519881 0.348208
vt 0.426382 0.346356
vt 0.425737 0.347233
vt 0.529427 0.365239
vt 0.528975 0.364335
vt 0.519355 0.349170
vt 0.433269 0.352245
vt 0.434145 0.352543
vt 0.529858 0.354445
vt 0.528886 0.354019
vt 0.434826 0.353162
vt 0.434485 0.354195
vt 0.531612 0.375825
vt 0.531461 0.374826
vt 0.528568 0.355000
vt 0.443196 0.356634
vt 0.444121 0.356647
vt 0.540347 0.357465
vt 0.539235 0.357355
vt 0.444961 0.357025
vt 0.444955 0.358114
vt 0.530418 0.386569
vt 0.530583 0.385572
vt 0.539257 0.358386
vt 0.453994 0.357741
vt 0.454878 0.357468
vt 0.551265 0.357159
vt 0.550140 0.357396
vt 0.455793 0.357568
vt 0.456124 0.358605
vt 0.525963 0.396417
vt 0.526428 0.395520
vt 0.550522 0.358365
vt 0.464605 0.355457
vt 0.465361 0.354924
vt 0.561413 0.353417
vt 0.560395 0.353989
vt 0.466263 0.354736
vt 0.466898 0.355620
vt 0.518683 0.404407
vt 0.519403 0.403697
vt 0.561102 0.354768
vt 0.473990 0.350006
vt 0.474545 0.349265
vt 0.569742 0.346567
vt 0.568931 0.347418
vt 0.475345 0.348809
vt 0.476222 0.349453
vt 0.509291 0.409755
vt 0.510195 0.409302
vt 0.569866 0.347915
vt 0.481233 0.341922
vt 0.481531 0.341046
vt 0.575433 0.337319
vt 0.574905 0.338359
vt 0.482151 0.340364
vt 0.483184 0.340706
vt 0.498706 0.411940
vt 0.499706 0.411789
vt 0.575941 0.338545
vt 0.485622 0.331995
vt 0.485635 0.331070
vt 0.577990 0.326691
vt 0.577784 0.327802
vt 0.486014 0.330230
vt 0.487102 0.330236
vt 0.487963 0.410747
vt 0.488961 0.410912
vt 0.578817 0.327704
vt 0.486729 0.321197
vt 0.486456 0.320313
vt 0.577305 0.315956
vt 0.577432 0.317011
vt 0.486557 0.319398
vt 0.487594 0.319067
vt 0.478114 0.406292
vt 0.479012 0.406757
vt 0.578383 0.316683
vt 0.484446 0.310586
vt 0.483912 0.309830
vt 0.574383 0.305690
vt 0.574860 0.306638
vt 0.483725 0.308928
vt 0.484609 0.308293
vt 0.470124 0.399012
vt 0.470834 0.399731
vt 0.575725 0.306117
vt 0.478995 0.301200
vt 0.478254 0.300645
vt 0.567476 0.298013
vt 0.568232 0.298742
vt 0.477797 0.299846
vt 0.478442 0.298969
vt 0.464775 0.389618
vt 0.465227 0.390522
vt 0.568768 0.297787
vt 0.470910 0.293957
vt 0.470034 0.293659
vt 0.558256 0.292467
vt 0.559229 0.292896
vt 0.469353 0.293040
vt 0.469694 0.292006
vt 0.462590 0.379032
vt 0.462741 0.380031
vt 0.559559 0.291920
vt 0.460983 0.289567
vt 0.460058 0.289554
vt 0.547747 0.289403
vt 0.548863 0.289516
vt 0.459218 0.289176
vt 0.459224 0.288088
vt 0.463783 0.368288
vt 0.463618 0.369286
vt 0.548852 0.288486
vt 0.450185 0.288460
vt 0.449301 0.288734
vt 0.536791 0.289664
vt 0.537921 0.289430
vt 0.448386 0.288634
vt 0.448055 0.287597
vt 0.468239 0.358440
vt 0.467773 0.359338
vt 0.537549 0.288458
vt 0.439574 0.290744
vt 0.438818 0.291278
vt 0.526614 0.293402
vt 0.527635 0.292829
vt 0.437917 0.291465
vt 0.437281 0.290581
vt 0.475519 0.350451
vt 0.474799 0.351161
vt 0.526927 0.292050
vt 0.430189 0.296195
vt 0.429634 0.296936
vt 0.518270 0.300272
vt 0.519082 0.299419
vt 0.428834 0.297393
vt 0.427957 0.296749
vt 0.484911 0.345102
vt 0.484007 0.345555
vt 0.518148 0.298922
vt 0.422946 0.304280
vt 0.422648 0.305156
vt 0.512580 0.309551
vt 0.513107 0.308508
vt 0.422028 0.305837
vt 0.420995 0.305496
vt 0.495496 0.342917
vt 0.494496 0.343069
vt 0.512071 0.308322
vt 0.418557 0.314207
vt 0.418544 0.315132
vt 0.510039 0.320209
vt 0.510242 0.319095
vt 0.418165 0.315971
vt 0.417077 0.315966
vt 0.506239 0.344110
vt 0.505241 0.343946
vt 0.509210 0.319193
vt 0.421372 0.333080
vt 0.421553 0.329904
vt 0.423516 0.327624
vt 0.424571 0.332043
vt 0.419291 0.328294
vt 0.420945 0.326064
vt 0.419792 0.323100
vt 0.423156 0.323100
vt 0.425958 0.342085
vt 0.425150 0.339006
vt 0.426313 0.336230
vt 0.428680 0.340112
vt 0.422501 0.338175
vt 0.423385 0.335543
vt 0.433103 0.349232
vt 0.431383 0.346552
vt 0.431634 0.343550
vt 0.435080 0.346515
vt 0.428608 0.346580
vt 0.428636 0.343804
vt 0.442107 0.353820
vt 0.439644 0.351803
vt 0.438957 0.348870
vt 0.443146 0.350626
vt 0.437013 0.352688
vt 0.436182 0.350039
vt 0.452088 0.355401
vt 0.449122 0.354244
vt 0.447565 0.351667
vt 0.452087 0.352042
vt 0.446894 0.355899
vt 0.445285 0.353636
vt 0.462069 0.353820
vt 0.458892 0.353637
vt 0.456616 0.351668
vt 0.461028 0.350624
vt 0.457283 0.355899
vt 0.455054 0.354244
vt 0.471073 0.349232
vt 0.467996 0.350040
vt 0.465224 0.348874
vt 0.469095 0.346512
vt 0.467164 0.352689
vt 0.464533 0.351804
vt 0.478218 0.342086
vt 0.475543 0.343806
vt 0.472546 0.343556
vt 0.475497 0.340109
vt 0.475570 0.346583
vt 0.472794 0.346555
vt 0.482806 0.333082
vt 0.480794 0.335545
vt 0.477866 0.336235
vt 0.479607 0.332042
vt 0.481677 0.338178
vt 0.479028 0.339010
vt 0.484387 0.323102
vt 0.483234 0.326066
vt 0.480663 0.327628
vt 0.481023 0.323101
vt 0.484888 0.328297
vt 0.482626 0.329907
vt 0.482807 0.313121
vt 0.482626 0.316297
vt 0.480663 0.318578
vt 0.479608 0.314158
vt 0.484888 0.317907
vt 0.483234 0.320138
vt 0.478221 0.304116
vt 0.479029 0.307195
vt 0.477866 0.309972
vt 0.475499 0.306089
vt 0.481678 0.308027
vt 0.480794 0.310658
vt 0.471076 0.296970
vt 0.472796 0.299649
vt 0.472545 0.302651
vt 0.469099 0.299686
vt 0.475571 0.299621
vt 0.475543 0.302397
vt 0.462072 0.292381
vt 0.464535 0.294399
vt 0.465222 0.297332
vt 0.461033 0.295575
vt 0.467166 0.293514
vt 0.467997 0.296163
vt 0.452091 0.290800
vt 0.455057 0.291957
vt 0.456614 0.294535
vt 0.452092 0.294159
vt 0.457285 0.290303
vt 0.458894 0.292565
vt 0.442110 0.292381
vt 0.445287 0.292565
vt 0.447563 0.294533
vt 0.443151 0.295577
vt 0.446896 0.290303
vt 0.449125 0.291957
vt 0.433106 0.296970
vt 0.436183 0.296161
vt 0.438955 0.297328
vt 0.435084 0.299689
vt 0.437015 0.293513
vt 0.439646 0.294397
vt 0.425961 0.304116
vt 0.428636 0.302395
vt 0.431633 0.302645
vt 0.428683 0.306092
vt 0.428609 0.299619
vt 0.431386 0.299646
vt 0.421373 0.313119
vt 0.423386 0.310656
vt 0.426313 0.309966
vt 0.424572 0.314159
vt 0.422502 0.308024
vt 0.425151 0.307192
vt 0.420945 0.320135
vt 0.423516 0.318574
vt 0.419291 0.317905
vt 0.421553 0.316295
vt 0.511671 0.348835
vt 0.513782 0.351149
vt 0.514027 0.354131
vt 0.510177 0.351768
vt 0.509607 0.333954
vt 0.516941 0.353444
vt 0.519795 0.354736
vt 0.517468 0.357065
vt 0.521086 0.357590
vt 0.520396 0.360502
vt 0.512846 0.344854
vt 0.523381 0.360749
vt 0.525697 0.362859
vt 0.522766 0.364355
vt 0.526043 0.365973
vt 0.524485 0.368530
vt 0.521888 0.351805
vt 0.527249 0.369686
vt 0.528801 0.372409
vt 0.525552 0.372925
vt 0.528166 0.375478
vt 0.525894 0.377429
vt 0.531686 0.356866
vt 0.528166 0.379381
vt 0.528800 0.382450
vt 0.525552 0.381935
vt 0.527248 0.385173
vt 0.524484 0.386328
vt 0.542829 0.359286
vt 0.526042 0.388886
vt 0.525697 0.392000
vt 0.522766 0.390505
vt 0.523380 0.394110
vt 0.520394 0.394356
vt 0.554214 0.358139
vt 0.521085 0.397269
vt 0.519794 0.400123
vt 0.517468 0.397795
vt 0.516939 0.401414
vt 0.514024 0.400727
vt 0.564568 0.353358
vt 0.513780 0.403709
vt 0.511670 0.406024
vt 0.510176 0.403090
vt 0.508557 0.406371
vt 0.505997 0.404817
vt 0.572734 0.345399
vt 0.504842 0.407578
vt 0.502120 0.409126
vt 0.501605 0.405874
vt 0.499053 0.408495
vt 0.497099 0.406226
vt 0.577881 0.335187
vt 0.495147 0.408494
vt 0.492080 0.409125
vt 0.492595 0.405874
vt 0.489357 0.407577
vt 0.488201 0.404817
vt 0.579631 0.323932
vt 0.485643 0.406370
vt 0.482530 0.406023
vt 0.484024 0.403089
vt 0.480420 0.403709
vt 0.480174 0.400726
vt 0.578456 0.312978
vt 0.477261 0.401413
vt 0.474407 0.400121
vt 0.476733 0.397793
vt 0.473116 0.397267
vt 0.473805 0.394355
vt 0.575250 0.302100
vt 0.470821 0.394109
vt 0.468504 0.391998
vt 0.471436 0.390503
vt 0.468159 0.388884
vt 0.469716 0.386327
vt 0.566247 0.295148
vt 0.466953 0.385171
vt 0.465401 0.382448
vt 0.468650 0.381933
vt 0.466036 0.379380
vt 0.468308 0.377428
vt 0.556443 0.290043
vt 0.466036 0.375476
vt 0.465401 0.372407
vt 0.468650 0.372922
vt 0.466953 0.369684
vt 0.469718 0.368529
vt 0.545277 0.287572
vt 0.468160 0.365972
vt 0.468505 0.362857
vt 0.471435 0.364352
vt 0.470822 0.360747
vt 0.473807 0.360501
vt 0.533838 0.288675
vt 0.473117 0.357589
vt 0.474408 0.354734
vt 0.476734 0.357063
vt 0.477263 0.353443
vt 0.480177 0.354131
vt 0.523455 0.293465
vt 0.480422 0.351148
vt 0.482532 0.348833
vt 0.484025 0.351767
vt 0.485645 0.348486
vt 0.488204 0.350040
vt 0.515278 0.301446
vt 0.489359 0.347280
vt 0.492082 0.345732
vt 0.492596 0.348983
vt 0.495149 0.346363
vt 0.497102 0.348631
vt 0.510135 0.311689
vt 0.499055 0.346363
vt 0.502122 0.345732
vt 0.501607 0.348983
vt 0.504844 0.347280
vt 0.506000 0.350041
vt 0.508403 0.322973
vt 0.508559 0.348487
vt 0.455795 0.288634
vt 0.454880 0.288734
vt 0.542382 0.289075
vt 0.543497 0.289189
vt 0.453996 0.288460
vt 0.453749 0.287419
vt 0.465432 0.363344
vt 0.465228 0.364333
vt 0.543481 0.288147
vt 0.444963 0.289176
vt 0.444124 0.289554
vt 0.531664 0.291050
vt 0.532787 0.290808
vt 0.443198 0.289567
vt 0.442641 0.288653
vt 0.471335 0.354247
vt 0.470835 0.355125
vt 0.532385 0.289836
vt 0.434828 0.293039
vt 0.434147 0.293658
vt 0.522269 0.296395
vt 0.523283 0.295813
vt 0.433271 0.293956
vt 0.432459 0.293259
vt 0.479761 0.347419
vt 0.479013 0.348099
vt 0.522550 0.295048
vt 0.426383 0.299844
vt 0.425927 0.300644
vt 0.515142 0.304559
vt 0.515946 0.303696
vt 0.425186 0.301198
vt 0.424198 0.300786
vt 0.489884 0.343529
vt 0.488963 0.343945
vt 0.514992 0.303223
vt 0.420455 0.308926
vt 0.420267 0.309828
vt 0.510955 0.314662
vt 0.511477 0.313612
vt 0.419734 0.310584
vt 0.418668 0.310498
vt 0.500712 0.342958
vt 0.499708 0.343069
vt 0.510430 0.313449
vt 0.417623 0.319396
vt 0.417723 0.320311
vt 0.510017 0.325545
vt 0.510222 0.324433
vt 0.417450 0.321195
vt 0.416409 0.321442
vt 0.511187 0.345761
vt 0.510198 0.345556
vt 0.509181 0.324543
vt 0.418165 0.330227
vt 0.418543 0.331067
vt 0.511844 0.336142
vt 0.511719 0.335089
vt 0.418556 0.331992
vt 0.417642 0.332549
vt 0.520283 0.351663
vt 0.519405 0.351162
vt 0.510727 0.335394
vt 0.422027 0.340361
vt 0.422646 0.341043
vt 0.516533 0.345367
vt 0.515778 0.344523
vt 0.422945 0.341919
vt 0.422247 0.342731
vt 0.527111 0.360087
vt 0.526430 0.359340
vt 0.515104 0.345500
vt 0.428832 0.348807
vt 0.429632 0.349263
vt 0.525063 0.351807
vt 0.524305 0.351075
vt 0.430186 0.350005
vt 0.429774 0.350992
vt 0.531001 0.370209
vt 0.530584 0.369288
vt 0.523756 0.352034
vt 0.437914 0.354735
vt 0.438815 0.354923
vt 0.534846 0.356337
vt 0.533864 0.355899
vt 0.439572 0.355457
vt 0.439485 0.356523
vt 0.531573 0.381038
vt 0.531461 0.380033
vt 0.533542 0.356887
vt 0.448384 0.357567
vt 0.449299 0.357467
vt 0.545696 0.357770
vt 0.544584 0.357660
vt 0.450183 0.357741
vt 0.450430 0.358783
vt 0.528770 0.391514
vt 0.528974 0.390524
vt 0.544612 0.358702
vt 0.459216 0.357026
vt 0.460055 0.356647
vt 0.556375 0.355765
vt 0.555255 0.356008
vt 0.460981 0.356634
vt 0.461538 0.357549
vt 0.522867 0.400611
vt 0.523367 0.399733
vt 0.555658 0.356978
vt 0.469351 0.353163
vt 0.470032 0.352543
vt 0.565750 0.350432
vt 0.564737 0.351012
vt 0.470908 0.352245
vt 0.471720 0.352942
vt 0.514441 0.407438
vt 0.515188 0.406758
vt 0.565470 0.351778
vt 0.477796 0.346357
vt 0.478253 0.345558
vt 0.572869 0.342295
vt 0.572064 0.343154
vt 0.478993 0.345003
vt 0.479981 0.345415
vt 0.504318 0.411328
vt 0.505239 0.410912
vt 0.573018 0.343627
vt 0.483725 0.337275
vt 0.483912 0.336374
vt 0.577064 0.332223
vt 0.576540 0.333270
vt 0.484445 0.335617
vt 0.485512 0.335704
vt 0.493489 0.411899
vt 0.494494 0.411788
vt 0.577587 0.333432
vt 0.486556 0.326806
vt 0.486456 0.325891
vt 0.578023 0.321369
vt 0.577816 0.322478
vt 0.486729 0.325007
vt 0.487770 0.324759
vt 0.483014 0.409096
vt 0.484004 0.409301
vt 0.578857 0.322368
vt 0.486014 0.315974
vt 0.485636 0.315135
vt 0.576226 0.310797
vt 0.576348 0.311847
vt 0.485623 0.314209
vt 0.486537 0.313652
vt 0.473918 0.403194
vt 0.474796 0.403695
vt 0.577340 0.311542
vt 0.482152 0.305840
vt 0.481533 0.305158
vt 0.571571 0.301590
vt 0.572322 0.302432
vt 0.481234 0.304282
vt 0.481932 0.303470
vt 0.467091 0.394770
vt 0.467772 0.395518
vt 0.572997 0.301457
vt 0.475347 0.297395
vt 0.474547 0.296938
vt 0.563054 0.295125
vt 0.563811 0.295859
vt 0.473993 0.296197
vt 0.474405 0.295209
vt 0.463201 0.384649
vt 0.463618 0.385569
vt 0.564371 0.294906
vt 0.466265 0.291466
vt 0.465364 0.291279
vt 0.553262 0.290554
vt 0.554245 0.290995
vt 0.464607 0.290745
vt 0.464694 0.289678
vt 0.462629 0.373820
vt 0.462741 0.374824
vt 0.554577 0.290011
vt 0.418537 0.325824
vt 0.418030 0.324511
vt 0.418309 0.327236
vt 0.417018 0.328654
vt 0.511520 0.332747
vt 0.516098 0.349394
vt 0.514708 0.348789
vt 0.509285 0.329805
vt 0.510769 0.328095
vt 0.416578 0.323831
vt 0.421021 0.336060
vt 0.420133 0.334967
vt 0.421240 0.337472
vt 0.420451 0.339219
vt 0.514357 0.343135
vt 0.523831 0.356637
vt 0.522697 0.355632
vt 0.511822 0.340489
vt 0.512942 0.338607
vt 0.418542 0.334769
vt 0.426547 0.345026
vt 0.425364 0.344262
vt 0.427192 0.346302
vt 0.426980 0.348207
vt 0.522508 0.349655
vt 0.528948 0.365916
vt 0.528180 0.364609
vt 0.518696 0.349192
vt 0.518738 0.347026
vt 0.423789 0.344565
vt 0.434572 0.351847
vt 0.433211 0.351486
vt 0.435580 0.352861
vt 0.435968 0.354738
vt 0.531954 0.354661
vt 0.530947 0.376321
vt 0.530620 0.374841
vt 0.527901 0.355046
vt 0.527753 0.352816
vt 0.431807 0.352261
vt 0.444313 0.355853
vt 0.442906 0.355930
vt 0.445584 0.356506
vt 0.446534 0.358171
vt 0.542428 0.357093
vt 0.529633 0.386834
vt 0.529779 0.385326
vt 0.538626 0.358645
vt 0.537769 0.356582
vt 0.441811 0.357101
vt 0.454814 0.356653
vt 0.453501 0.357161
vt 0.456226 0.356881
vt 0.457643 0.358172
vt 0.553102 0.356201
vt 0.525134 0.396427
vt 0.525740 0.395038
vt 0.550026 0.358824
vt 0.548531 0.357173
vt 0.452820 0.358613
vt 0.465049 0.354169
vt 0.463957 0.355058
vt 0.466462 0.353950
vt 0.468209 0.354739
vt 0.562819 0.351959
vt 0.517891 0.404160
vt 0.518897 0.403025
vt 0.560811 0.355360
vt 0.558821 0.354354
vt 0.463758 0.356649
vt 0.474015 0.348644
vt 0.473251 0.349826
vt 0.475291 0.347999
vt 0.477197 0.348209
vt 0.570579 0.344762
vt 0.508614 0.409276
vt 0.509921 0.408507
vt 0.569792 0.348554
vt 0.567557 0.348341
vt 0.473554 0.351401
vt 0.480835 0.340619
vt 0.480473 0.341979
vt 0.481850 0.339611
vt 0.483727 0.339222
vt 0.575632 0.335365
vt 0.498210 0.411276
vt 0.499690 0.410948
vt 0.576059 0.339163
vt 0.573865 0.339745
vt 0.481248 0.343383
vt 0.484841 0.330878
vt 0.484918 0.332284
vt 0.485495 0.329606
vt 0.487160 0.328657
vt 0.577553 0.324817
vt 0.487697 0.409962
vt 0.489206 0.410107
vt 0.579088 0.328254
vt 0.577170 0.329500
vt 0.486088 0.333380
vt 0.485642 0.320377
vt 0.486149 0.321690
vt 0.485870 0.318965
vt 0.487161 0.317548
vt 0.576541 0.314184
vt 0.478104 0.405463
vt 0.479494 0.406068
vt 0.578764 0.317117
vt 0.577279 0.318825
vt 0.487601 0.322370
vt 0.483158 0.310142
vt 0.484046 0.311234
vt 0.482938 0.308729
vt 0.483728 0.306982
vt 0.573737 0.303818
vt 0.470370 0.398220
vt 0.471505 0.399225
vt 0.576260 0.306456
vt 0.575138 0.308337
vt 0.485637 0.311432
vt 0.477632 0.301175
vt 0.478815 0.301939
vt 0.476987 0.299900
vt 0.477199 0.297994
vt 0.565606 0.297288
vt 0.465254 0.388942
vt 0.466022 0.390248
vt 0.569430 0.297768
vt 0.569373 0.299928
vt 0.480390 0.301636
vt 0.469607 0.294355
vt 0.470968 0.294716
vt 0.468599 0.293341
vt 0.468211 0.291464
vt 0.556156 0.292243
vt 0.463255 0.378536
vt 0.463582 0.380016
vt 0.560231 0.291877
vt 0.560362 0.294105
vt 0.472372 0.293941
vt 0.459866 0.290349
vt 0.461273 0.290271
vt 0.458595 0.289696
vt 0.457645 0.288030
vt 0.545659 0.289766
vt 0.464569 0.368023
vt 0.464422 0.369531
vt 0.549490 0.288229
vt 0.550331 0.290296
vt 0.462368 0.289100
vt 0.449365 0.289548
vt 0.450678 0.289040
vt 0.447953 0.289320
vt 0.446536 0.288030
vt 0.534945 0.290615
vt 0.469068 0.358430
vt 0.468462 0.359820
vt 0.538053 0.287999
vt 0.539535 0.289659
vt 0.451359 0.287588
vt 0.439130 0.292033
vt 0.440222 0.291144
vt 0.437717 0.292252
vt 0.435970 0.291463
vt 0.525205 0.294863
vt 0.476310 0.350697
vt 0.475305 0.351832
vt 0.527221 0.291458
vt 0.529212 0.292463
vt 0.440421 0.289552
vt 0.430164 0.297558
vt 0.430928 0.296375
vt 0.428888 0.298203
vt 0.426982 0.297992
vt 0.517433 0.302083
vt 0.485588 0.345581
vt 0.484281 0.346350
vt 0.518223 0.298281
vt 0.520459 0.298492
vt 0.430625 0.294801
vt 0.423344 0.305583
vt 0.423706 0.304223
vt 0.422329 0.306591
vt 0.420452 0.306979
vt 0.512383 0.311511
vt 0.495992 0.343582
vt 0.494511 0.343909
vt 0.511953 0.307701
vt 0.514147 0.307117
vt 0.422931 0.302819
vt 0.419338 0.315323
vt 0.419261 0.313918
vt 0.418684 0.316595
vt 0.417019 0.317545
vt 0.510480 0.322089
vt 0.506505 0.344896
vt 0.504996 0.344750
vt 0.508937 0.318641
vt 0.510853 0.317393
vt 0.418091 0.312822
vt 0.454817 0.289549
vt 0.456228 0.289321
vt 0.453503 0.289040
vt 0.540305 0.289462
vt 0.466229 0.363107
vt 0.466023 0.364608
vt 0.544123 0.287861
vt 0.456999 0.287843
vt 0.444315 0.290348
vt 0.445587 0.289695
vt 0.442909 0.290271
vt 0.529834 0.292030
vt 0.472167 0.354268
vt 0.471506 0.355631
vt 0.532866 0.289349
vt 0.445863 0.288052
vt 0.434574 0.294354
vt 0.435582 0.293340
vt 0.433213 0.294715
vt 0.520871 0.297871
vt 0.480545 0.347696
vt 0.479495 0.348788
vt 0.522808 0.294439
vt 0.435337 0.291691
vt 0.426548 0.301174
vt 0.427193 0.299898
vt 0.425366 0.301938
vt 0.514309 0.306376
vt 0.490544 0.344036
vt 0.489208 0.344750
vt 0.515026 0.302579
vt 0.426451 0.298405
vt 0.421022 0.310140
vt 0.421241 0.308727
vt 0.420134 0.311232
vt 0.510754 0.316617
vt 0.501184 0.343644
vt 0.499692 0.343910
vt 0.510271 0.312835
vt 0.420074 0.307537
vt 0.418537 0.320375
vt 0.418309 0.318963
vt 0.418031 0.321688
vt 0.510440 0.327396
vt 0.511424 0.346559
vt 0.509923 0.346351
vt 0.508872 0.324004
vt 0.416832 0.318192
vt 0.419337 0.330876
vt 0.418684 0.329603
vt 0.419260 0.332281
vt 0.512610 0.337918
vt 0.520262 0.352495
vt 0.518899 0.351834
vt 0.510283 0.334916
vt 0.417041 0.329326
vt 0.423342 0.340616
vt 0.422328 0.339608
vt 0.423704 0.341977
vt 0.518048 0.346596
vt 0.526834 0.360871
vt 0.525741 0.359822
vt 0.514234 0.345546
vt 0.420680 0.339852
vt 0.430162 0.348642
vt 0.428886 0.347997
vt 0.430926 0.349825
vt 0.526945 0.352543
vt 0.530495 0.370869
vt 0.529780 0.369533
vt 0.523058 0.352052
vt 0.427394 0.348738
vt 0.439127 0.354168
vt 0.437715 0.353949
vt 0.440220 0.355057
vt 0.536937 0.356537
vt 0.530888 0.381510
vt 0.530620 0.380018
vt 0.532852 0.356951
vt 0.436525 0.355115
vt 0.449362 0.356653
vt 0.447951 0.356881
vt 0.450676 0.357161
vt 0.547765 0.357375
vt 0.527972 0.391751
vt 0.528179 0.390250
vt 0.543977 0.358990
vt 0.447180 0.358358
vt 0.459864 0.355853
vt 0.458592 0.356506
vt 0.461270 0.355930
vt 0.558200 0.354786
vt 0.522035 0.400590
vt 0.522696 0.399226
vt 0.555180 0.357465
vt 0.458316 0.358150
vt 0.469605 0.351847
vt 0.468597 0.352862
vt 0.470966 0.351486
vt 0.567145 0.348960
vt 0.513657 0.407161
vt 0.514706 0.406069
vt 0.565213 0.352386
vt 0.468842 0.354510
vt 0.477631 0.345028
vt 0.476986 0.346304
vt 0.478813 0.344263
vt 0.573702 0.340484
vt 0.503658 0.410822
vt 0.504994 0.410108
vt 0.572985 0.344269
vt 0.477728 0.347796
vt 0.483157 0.336062
vt 0.482938 0.337475
vt 0.484045 0.334969
vt 0.577268 0.330274
vt 0.493018 0.411214
vt 0.494509 0.410948
vt 0.577745 0.334045
vt 0.484105 0.338665
vt 0.485642 0.325827
vt 0.485870 0.327239
vt 0.486149 0.324514
vt 0.577605 0.319523
vt 0.482778 0.408299
vt 0.484278 0.408507
vt 0.579164 0.322904
vt 0.487347 0.328010
vt 0.484842 0.315326
vt 0.485495 0.316598
vt 0.484919 0.313920
vt 0.575467 0.309024
vt 0.473940 0.402363
vt 0.475303 0.403024
vt 0.577782 0.312017
vt 0.487139 0.316875
vt 0.480836 0.305586
vt 0.481851 0.306594
vt 0.480475 0.304225
vt 0.570062 0.300362
vt 0.467368 0.393986
vt 0.468461 0.395035
vt 0.573865 0.301410
vt 0.483499 0.306349
vt 0.474017 0.297560
vt 0.475293 0.298205
vt 0.473253 0.296376
vt 0.561170 0.294382
vt 0.463707 0.383988
vt 0.464422 0.385324
vt 0.565074 0.294892
vt 0.476785 0.297463
vt 0.465052 0.292034
vt 0.466464 0.292253
vt 0.463959 0.291144
vt 0.551165 0.290345
vt 0.463314 0.373348
vt 0.463582 0.374839
vt 0.555273 0.289951
vt 0.467654 0.291086
vt 0.466900 0.290582
vt 0.554853 0.291644
vt 0.555383 0.292162
vt 0.552150 0.290343
vt 0.463761 0.289553
vt 0.463005 0.289510
vt 0.476224 0.296751
vt 0.564423 0.296479
vt 0.564881 0.297035
vt 0.562118 0.294623
vt 0.473557 0.294802
vt 0.472851 0.294528
vt 0.483186 0.305498
vt 0.573091 0.302861
vt 0.573604 0.303213
vt 0.570865 0.300801
vt 0.481250 0.302821
vt 0.480664 0.302342
vt 0.487103 0.315969
vt 0.576229 0.312804
vt 0.576202 0.313566
vt 0.575824 0.309824
vt 0.486089 0.312824
vt 0.485679 0.312188
vt 0.487593 0.327137
vt 0.577478 0.323402
vt 0.577271 0.324143
vt 0.577981 0.320310
vt 0.487601 0.323834
vt 0.487407 0.323102
vt 0.484609 0.337911
vt 0.575977 0.334030
vt 0.575575 0.334645
vt 0.577364 0.331146
vt 0.485636 0.334771
vt 0.485678 0.334016
vt 0.478440 0.347235
vt 0.571324 0.343666
vt 0.570764 0.344088
vt 0.573495 0.341330
vt 0.480388 0.344567
vt 0.480662 0.343861
vt 0.469692 0.354196
vt 0.563893 0.351221
vt 0.563231 0.351407
vt 0.566648 0.349684
vt 0.472369 0.352261
vt 0.472848 0.351675
vt 0.459222 0.358114
vt 0.554395 0.355899
vt 0.553701 0.355830
vt 0.557460 0.355310
vt 0.462366 0.357101
vt 0.463002 0.356691
vt 0.448052 0.358604
vt 0.543803 0.357252
vt 0.543151 0.356940
vt 0.546855 0.357648
vt 0.451356 0.358613
vt 0.452088 0.358420
vt 0.437279 0.355619
vt 0.533256 0.355252
vt 0.532726 0.354737
vt 0.535954 0.356544
vt 0.440418 0.356649
vt 0.441174 0.356691
vt 0.427955 0.349451
vt 0.523693 0.350456
vt 0.523234 0.349904
vt 0.525998 0.352307
vt 0.430622 0.351400
vt 0.431328 0.351674
vt 0.420993 0.340703
vt 0.515007 0.344093
vt 0.514492 0.343741
vt 0.517243 0.346158
vt 0.422929 0.343381
vt 0.423515 0.343859
vt 0.417076 0.330233
vt 0.511836 0.334130
vt 0.511861 0.333366
vt 0.512250 0.337117
vt 0.418090 0.333377
vt 0.418500 0.334013
vt 0.416586 0.319064
vt 0.510558 0.323505
vt 0.510764 0.322763
vt 0.510062 0.326607
vt 0.416578 0.322368
vt 0.416772 0.323100
vt 0.419571 0.308291
vt 0.512039 0.312849
vt 0.512441 0.312232
vt 0.510656 0.315743
vt 0.418543 0.311430
vt 0.418501 0.312186
vt 0.425739 0.298967
vt 0.516687 0.303182
vt 0.517248 0.302758
vt 0.514515 0.305528
vt 0.423791 0.301635
vt 0.423517 0.302340
vt 0.434487 0.292005
vt 0.524129 0.295603
vt 0.524793 0.295416
vt 0.521368 0.297145
vt 0.431810 0.293940
vt 0.431331 0.294527
vt 0.444957 0.288087
vt 0.533649 0.290918
vt 0.534345 0.290987
vt 0.530577 0.291505
vt 0.441813 0.289100
vt 0.441177 0.289510
vt 0.456127 0.287597
vt 0.544279 0.289599
vt 0.544933 0.289915
vt 0.541218 0.289193
vt 0.452823 0.287588
vt 0.452091 0.287781
vt 0.417643 0.313650
vt 0.510595 0.318180
vt 0.510091 0.321282
vt 0.417041 0.316872
vt 0.422249 0.303468
vt 0.513683 0.307756
vt 0.512281 0.310631
vt 0.420681 0.306346
vt 0.429777 0.295208
vt 0.519833 0.298915
vt 0.517640 0.301236
vt 0.427395 0.297461
vt 0.439488 0.289677
vt 0.528487 0.292625
vt 0.525707 0.294144
vt 0.436527 0.291085
vt 0.450433 0.287419
vt 0.538785 0.289543
vt 0.535695 0.290106
vt 0.447182 0.287843
vt 0.461540 0.288653
vt 0.549641 0.289921
vt 0.546579 0.289513
vt 0.458318 0.288052
vt 0.471722 0.293260
vt 0.559822 0.293529
vt 0.557148 0.292259
vt 0.468844 0.291693
vt 0.479983 0.300788
vt 0.568847 0.299362
vt 0.566546 0.297518
vt 0.477730 0.298407
vt 0.485512 0.310500
vt 0.574982 0.307544
vt 0.573872 0.304689
vt 0.484105 0.307539
vt 0.487770 0.321445
vt 0.577318 0.317980
vt 0.576899 0.314981
vt 0.487347 0.318194
vt 0.486536 0.332552
vt 0.577430 0.328715
vt 0.577939 0.325622
vt 0.487138 0.329330
vt 0.481930 0.342734
vt 0.574328 0.339108
vt 0.575732 0.336243
vt 0.483498 0.339855
vt 0.474402 0.350994
vt 0.568181 0.347920
vt 0.570372 0.345607
vt 0.476784 0.348741
vt 0.464691 0.356524
vt 0.559545 0.354193
vt 0.562318 0.352677
vt 0.467652 0.355116
vt 0.453746 0.358783
vt 0.549279 0.357287
vt 0.552356 0.356713
vt 0.456997 0.358358
vt 0.442639 0.357548
vt 0.538458 0.356954
vt 0.541511 0.357350
vt 0.445861 0.358149
vt 0.432457 0.352942
vt 0.528293 0.353389
vt 0.530964 0.354649
vt 0.435335 0.354509
vt 0.424196 0.345414
vt 0.519265 0.347589
vt 0.521569 0.349430
vt 0.426449 0.347794
vt 0.418667 0.335702
vt 0.513099 0.339401
vt 0.514220 0.342262
vt 0.420074 0.338662
vt 0.416409 0.324757
vt 0.510732 0.328941
vt 0.511159 0.331948
vt 0.416832 0.328007
vt 0.465853 0.290024
vt 0.475401 0.295896
vt 0.482666 0.304431
vt 0.486939 0.314793
vt 0.487800 0.325968
vt 0.485167 0.336863
vt 0.479295 0.346411
vt 0.470760 0.353677
vt 0.460397 0.357950
vt 0.449221 0.358812
vt 0.438326 0.356178
vt 0.428778 0.350306
vt 0.421513 0.341770
vt 0.417240 0.331408
vt 0.416379 0.320233
vt 0.419012 0.309338
vt 0.424884 0.299790
vt 0.433419 0.292524
vt 0.443782 0.288251
vt 0.454958 0.287389
vt 0.417241 0.314790
vt 0.421514 0.304428
vt 0.428781 0.295894
vt 0.438329 0.290023
vt 0.449224 0.287389
vt 0.460399 0.288251
vt 0.470762 0.292525
vt 0.479296 0.299792
vt 0.485167 0.309341
vt 0.487801 0.320236
vt 0.486938 0.331411
vt 0.482665 0.341773
vt 0.475398 0.350308
vt 0.465850 0.356179
vt 0.454955 0.358812
vt 0.443780 0.357950
vt 0.433417 0.353676
vt 0.424883 0.346409
vt 0.419012 0.336861
vt 0.416379 0.325966
vt 0.553724 0.289364
vt 0.552616 0.289417
vt 0.462590 0.375824
vt 0.463255 0.376319
vt 0.464175 0.377428
vt 0.552197 0.288968
vt 0.551202 0.287434
vt 0.563784 0.294081
vt 0.562769 0.293855
vt 0.463783 0.386567
vt 0.464568 0.386832
vt 0.465787 0.387603
vt 0.562498 0.293341
vt 0.562038 0.291651
vt 0.572529 0.300609
vt 0.571665 0.300184
vt 0.468237 0.396415
vt 0.469066 0.396425
vt 0.470463 0.396782
vt 0.571539 0.299563
vt 0.571315 0.297726
vt 0.577477 0.310516
vt 0.576909 0.309683
vt 0.475516 0.404405
vt 0.476308 0.404159
vt 0.477747 0.404066
vt 0.577172 0.309077
vt 0.577901 0.307331
vt 0.579303 0.321375
vt 0.579010 0.320367
vt 0.484908 0.409755
vt 0.485585 0.409276
vt 0.486925 0.408744
vt 0.579302 0.319765
vt 0.580180 0.318160
vt 0.578295 0.332598
vt 0.578317 0.331534
vt 0.495494 0.411940
vt 0.495990 0.411276
vt 0.497100 0.410355
vt 0.578785 0.331041
vt 0.580156 0.329745
vt 0.573925 0.343042
vt 0.574261 0.342031
vt 0.506237 0.410747
vt 0.506503 0.409962
vt 0.507274 0.408744
vt 0.574864 0.341735
vt 0.576611 0.340959
vt 0.566497 0.351492
vt 0.567123 0.350621
vt 0.516086 0.406293
vt 0.516096 0.405464
vt 0.516453 0.404067
vt 0.567776 0.350559
vt 0.569689 0.350458
vt 0.556722 0.357013
vt 0.557592 0.356358
vt 0.524077 0.399013
vt 0.523830 0.398221
vt 0.523737 0.396783
vt 0.558213 0.356515
vt 0.560022 0.357107
vt 0.545624 0.359056
vt 0.546663 0.358681
vt 0.529427 0.389620
vt 0.528948 0.388943
vt 0.528415 0.387604
vt 0.547199 0.359009
vt 0.548671 0.360170
vt 0.534396 0.357532
vt 0.535499 0.357474
vt 0.531612 0.379034
vt 0.530947 0.378538
vt 0.530026 0.377430
vt 0.535920 0.357923
vt 0.536925 0.359453
vt 0.524345 0.352860
vt 0.525356 0.353081
vt 0.530419 0.368291
vt 0.529633 0.368025
vt 0.528415 0.367255
vt 0.525629 0.353596
vt 0.526101 0.355286
vt 0.515576 0.346352
vt 0.516444 0.346779
vt 0.525965 0.358442
vt 0.525135 0.358432
vt 0.523739 0.358076
vt 0.516574 0.347405
vt 0.516813 0.349246
vt 0.510593 0.336422
vt 0.511165 0.337258
vt 0.518685 0.350452
vt 0.517894 0.350699
vt 0.516455 0.350791
vt 0.510904 0.337865
vt 0.510178 0.339612
vt 0.508738 0.325539
vt 0.509033 0.326549
vt 0.509294 0.345103
vt 0.508617 0.345582
vt 0.507277 0.346114
vt 0.508743 0.327152
vt 0.507868 0.328758
vt 0.509724 0.314287
vt 0.509704 0.315354
vt 0.498708 0.342917
vt 0.498212 0.343582
vt 0.497102 0.344502
vt 0.509237 0.315849
vt 0.507868 0.317147
vt 0.514085 0.303812
vt 0.513750 0.304826
vt 0.487965 0.344110
vt 0.487699 0.344895
vt 0.486927 0.346113
vt 0.513147 0.305125
vt 0.511401 0.305903
vt 0.521521 0.295335
vt 0.520894 0.296208
vt 0.478116 0.348564
vt 0.478105 0.349393
vt 0.477749 0.350790
vt 0.520240 0.296272
vt 0.518326 0.296375
vt 0.531318 0.289802
vt 0.530445 0.290457
vt 0.470125 0.355844
vt 0.470372 0.356636
vt 0.470464 0.358074
vt 0.529822 0.290301
vt 0.528011 0.289710
vt 0.542468 0.287791
vt 0.541421 0.288161
vt 0.464775 0.365237
vt 0.465254 0.365914
vt 0.465787 0.367253
vt 0.540887 0.287832
vt 0.539425 0.286662
vt 0.508761 0.320201
vt 0.509055 0.321229
vt 0.504320 0.343530
vt 0.503660 0.344036
vt 0.508744 0.321850
vt 0.511351 0.309161
vt 0.511320 0.310234
vt 0.493492 0.342958
vt 0.493020 0.343643
vt 0.510824 0.310723
vt 0.517227 0.299504
vt 0.516879 0.300514
vt 0.483017 0.345760
vt 0.482780 0.346557
vt 0.516255 0.300786
vt 0.525889 0.292326
vt 0.525253 0.293187
vt 0.473920 0.351661
vt 0.473941 0.352493
vt 0.524594 0.293213
vt 0.536481 0.288408
vt 0.535599 0.289046
vt 0.467092 0.360085
vt 0.467369 0.360869
vt 0.534985 0.288849
vt 0.547848 0.288121
vt 0.546806 0.288480
vt 0.463201 0.370206
vt 0.463707 0.370867
vt 0.546291 0.288114
vt 0.558722 0.291277
vt 0.557626 0.291329
vt 0.462629 0.381036
vt 0.463314 0.381508
vt 0.557232 0.290850
vt 0.568199 0.296953
vt 0.567188 0.296703
vt 0.465431 0.391512
vt 0.466229 0.391749
vt 0.566900 0.296119
vt 0.575647 0.305163
vt 0.575024 0.304419
vt 0.471334 0.400609
vt 0.472166 0.400588
vt 0.575381 0.303637
vt 0.578546 0.315663
vt 0.577992 0.314816
vt 0.479759 0.407437
vt 0.480544 0.407160
vt 0.578269 0.314168
vt 0.579268 0.326698
vt 0.578976 0.325673
vt 0.489882 0.411328
vt 0.490542 0.410821
vt 0.579289 0.325054
vt 0.576662 0.337709
vt 0.576694 0.336639
vt 0.500710 0.411900
vt 0.501182 0.411214
vt 0.577191 0.336151
vt 0.570786 0.347335
vt 0.571134 0.346328
vt 0.511185 0.409098
vt 0.511422 0.408300
vt 0.571758 0.346057
vt 0.562139 0.354493
vt 0.562772 0.353633
vt 0.520281 0.403196
vt 0.520260 0.402365
vt 0.563430 0.353609
vt 0.551587 0.358411
vt 0.552459 0.357771
vt 0.527109 0.394773
vt 0.526833 0.393988
vt 0.553071 0.357967
vt 0.540260 0.358748
vt 0.541295 0.358385
vt 0.531000 0.384651
vt 0.530495 0.383990
vt 0.541813 0.358749
vt 0.529406 0.355641
vt 0.530497 0.355584
vt 0.531573 0.373822
vt 0.530888 0.373350
vt 0.530893 0.356063
vt 0.519929 0.350005
vt 0.520937 0.350251
vt 0.528770 0.363345
vt 0.527973 0.363108
vt 0.521228 0.350836
vt 0.512441 0.341786
vt 0.513067 0.342532
vt 0.522868 0.354248
vt 0.522036 0.354269
vt 0.512713 0.343315
vt 0.509509 0.331263
vt 0.510066 0.332112
vt 0.514443 0.347420
vt 0.513658 0.347697
vt 0.509791 0.332761
vn 0.954165 -0.222507 -0.200148
vn 0.854236 -0.284336 -0.435241
vn 0.891003 0.000001 -0.453997
vn 0.984808 0.000001 -0.173645
vn 0.722773 -0.222518 -0.654282
vn 0.719337 0.000001 -0.694661
vn 0.722759 0.222518 -0.654297
vn 0.854226 0.284354 -0.435247
vn 0.954169 0.222504 -0.200134
vn 0.845616 -0.222495 -0.485210
vn 0.677928 -0.284331 -0.677915
vn 0.707109 -0.000000 -0.707104
vn 0.882948 -0.000000 -0.469471
vn 0.485194 -0.222512 -0.845621
vn 0.469438 -0.000000 -0.882965
vn 0.485181 0.222505 -0.845630
vn 0.677933 0.284339 -0.677908
vn 0.845624 0.222489 -0.485200
vn 0.654295 -0.222520 -0.722760
vn 0.435248 -0.284348 -0.854228
vn 0.453992 -0.000000 -0.891006
vn 0.694652 0.000001 -0.719346
vn 0.200127 -0.222501 -0.954171
vn 0.173642 -0.000000 -0.984809
vn 0.200129 0.222496 -0.954172
vn 0.435260 0.284355 -0.854219
vn 0.654304 0.222514 -0.722755
vn 0.398920 -0.222520 -0.889577
vn 0.149986 -0.284350 -0.946916
vn 0.156452 -0.000000 -0.987686
vn 0.438365 -0.000000 -0.898797
vn -0.104508 -0.222520 -0.969310
vn -0.139180 0.000000 -0.990267
vn -0.104533 0.222516 -0.969309
vn 0.149993 0.284360 -0.946912
vn 0.398947 0.222513 -0.889567
vn 0.104500 -0.222518 -0.969312
vn -0.149969 -0.284340 -0.946922
vn -0.156442 0.000000 -0.987687
vn 0.139161 0.000000 -0.990270
vn -0.398907 -0.222509 -0.889586
vn -0.438343 -0.000000 -0.898808
vn -0.398900 0.222503 -0.889590
vn -0.149970 0.284346 -0.946920
vn 0.104508 0.222511 -0.969313
vn -0.200137 -0.222531 -0.954162
vn -0.435252 -0.284368 -0.854219
vn -0.453993 0.000000 -0.891005
vn -0.173643 -0.000000 -0.984809
vn -0.654302 -0.222526 -0.722752
vn -0.694666 -0.000000 -0.719332
vn -0.654311 0.222518 -0.722747
vn -0.435262 0.284375 -0.854212
vn -0.200138 0.222525 -0.954163
vn -0.485185 -0.222532 -0.845621
vn -0.677908 -0.284369 -0.677920
vn -0.707089 -0.000001 -0.707125
vn -0.469438 -0.000000 -0.882965
vn -0.845617 -0.222525 -0.485195
vn -0.882945 -0.000001 -0.469477
vn -0.845617 0.222514 -0.485201
vn -0.677898 0.284372 -0.677929
vn -0.485169 0.222524 -0.845632
vn -0.722790 -0.222513 -0.654265
vn -0.854231 -0.284341 -0.435246
vn -0.891003 0.000002 -0.453997
vn -0.719356 0.000000 -0.694642
vn -0.954162 -0.222512 -0.200158
vn -0.984807 0.000001 -0.173655
vn -0.954164 0.222506 -0.200156
vn -0.854229 0.284352 -0.435244
vn -0.722780 0.222515 -0.654275
vn -0.889586 -0.222517 -0.398903
vn -0.946921 -0.284342 -0.149971
vn -0.987690 0.000000 -0.156423
vn -0.898801 0.000000 -0.438357
vn -0.969312 -0.222516 0.104506
vn -0.990267 0.000001 0.139184
vn -0.969313 0.222509 0.104512
vn -0.946920 0.284346 -0.149968
vn -0.889583 0.222506 -0.398915
vn -0.969313 -0.222509 -0.104507
vn -0.946922 -0.284339 0.149967
vn -0.987689 0.000001 0.156429
vn -0.990268 0.000000 -0.139172
vn -0.889581 -0.222513 0.398915
vn -0.898793 0.000000 0.438373
vn -0.889583 0.222509 0.398912
vn -0.946921 0.284344 0.149966
vn -0.969315 0.222501 -0.104511
vn -0.954166 -0.222502 0.200149
vn -0.854232 -0.284343 0.435244
vn -0.891011 -0.000000 0.453981
vn -0.984808 -0.000001 0.173649
vn -0.722749 -0.222525 0.654306
vn -0.719324 0.000001 0.694674
vn -0.722750 0.222519 0.654308
vn -0.854224 0.284357 0.435249
vn -0.954167 0.222501 0.200145
vn -0.845620 -0.222507 0.485198
vn -0.677908 -0.284338 0.677933
vn -0.707088 0.000001 0.707126
vn -0.882947 -0.000001 0.469473
vn -0.485179 -0.222507 0.845631
vn -0.469464 -0.000001 0.882952
vn -0.485188 0.222496 0.845629
vn -0.677914 0.284345 0.677924
vn -0.845625 0.222505 0.485191
vn -0.654277 -0.222516 0.722778
vn -0.435270 -0.284345 0.854218
vn -0.453995 0.000000 0.891004
vn -0.694642 -0.000001 0.719355
vn -0.200192 -0.222515 0.954154
vn -0.173681 0.000001 0.984802
vn -0.200163 0.222514 0.954161
vn -0.435268 0.284362 0.854213
vn -0.654299 0.222510 0.722760
vn -0.398907 -0.222505 0.889587
vn -0.149952 -0.284352 0.946921
vn -0.156410 -0.000000 0.987692
vn -0.438365 0.000000 0.898797
vn 0.104507 -0.222520 0.969311
vn 0.139171 0.000001 0.990268
vn 0.104530 0.222516 0.969309
vn -0.149964 0.284364 0.946915
vn -0.398933 0.222503 0.889576
vn -0.104507 -0.222518 0.969311
vn 0.149957 -0.284347 0.946921
vn 0.156421 0.000000 0.987691
vn -0.139184 0.000000 0.990267
vn 0.398870 -0.222516 0.889601
vn 0.438318 -0.000000 0.898820
vn 0.398885 0.222512 0.889595
vn 0.149976 0.284358 0.946915
vn -0.104506 0.222514 0.969312
vn 0.200163 -0.222515 0.954160
vn 0.435252 -0.284340 0.854229
vn 0.453962 -0.000000 0.891021
vn 0.173641 -0.000000 0.984809
vn 0.654284 -0.222512 0.722773
vn 0.694646 0.000001 0.719352
vn 0.654298 0.222510 0.722761
vn 0.435260 0.284352 0.854220
vn 0.200147 0.222508 0.954165
vn 0.485182 -0.222516 0.845627
vn 0.677916 -0.284347 0.677921
vn 0.707094 -0.000000 0.707120
vn 0.469455 0.000000 0.882956
vn 0.845625 -0.222507 0.485190
vn 0.882952 -0.000000 0.469463
vn 0.845625 0.222504 0.485191
vn 0.677909 0.284355 0.677925
vn 0.485176 0.222507 0.845633
vn 0.722767 -0.222517 0.654289
vn 0.854240 -0.284339 0.435231
vn 0.891011 -0.000000 0.453981
vn 0.719339 0.000000 0.694659
vn 0.954166 -0.222511 0.200143
vn 0.984807 -0.000001 0.173654
vn 0.954167 0.222506 0.200143
vn 0.854231 0.284346 0.435243
vn 0.722766 0.222510 0.654292
vn 0.889585 -0.222509 0.398909
vn 0.946920 -0.284344 0.149972
vn 0.987689 -0.000000 0.156428
vn 0.898803 -0.000001 0.438354
vn 0.969311 -0.222519 -0.104510
vn 0.990267 -0.000001 -0.139183
vn 0.969314 0.222504 -0.104514
vn 0.946922 0.284339 0.149968
vn 0.889586 0.222500 0.398911
vn 0.969313 -0.222513 0.104498
vn 0.946919 -0.284344 -0.149975
vn 0.987688 0.000000 -0.156437
vn 0.990268 0.000001 0.139172
vn 0.889581 -0.222519 -0.398912
vn 0.898796 0.000001 -0.438367
vn 0.889581 0.222508 -0.398919
vn 0.946919 0.284345 -0.149973
vn 0.969314 0.222509 0.104505
vn 0.166583 -0.978572 -0.121028
vn 0.102058 -0.991563 -0.079913
vn 0.084235 -0.995521 -0.042917
vn 0.063203 -0.996944 -0.045918
vn 0.307394 -0.938605 -0.156620
vn 0.124647 -0.991563 -0.035591
vn 0.195830 -0.978571 -0.063630
vn 0.074302 -0.996944 -0.024142
vn 0.121030 -0.978571 -0.166585
vn 0.072366 -0.991563 -0.107548
vn 0.066847 -0.995521 -0.066852
vn 0.045920 -0.996944 -0.063202
vn 0.243951 -0.938603 -0.243951
vn 0.107545 -0.991563 -0.072369
vn 0.063626 -0.978572 -0.195830
vn 0.035590 -0.991563 -0.124647
vn 0.042916 -0.995521 -0.084236
vn 0.024142 -0.996944 -0.074303
vn 0.156628 -0.938603 -0.307397
vn 0.079918 -0.991563 -0.102058
vn -0.000000 -0.978571 -0.205910
vn -0.004669 -0.991563 -0.129542
vn 0.014787 -0.995521 -0.093378
vn 0.000000 -0.996943 -0.078127
vn 0.053966 -0.938603 -0.340751
vn 0.044469 -0.991563 -0.121763
vn -0.063629 -0.978572 -0.195829
vn -0.044469 -0.991563 -0.121761
vn -0.014790 -0.995521 -0.093377
vn -0.024141 -0.996944 -0.074299
vn -0.053966 -0.938604 -0.340749
vn 0.004669 -0.991563 -0.129545
vn -0.121031 -0.978571 -0.166584
vn -0.079919 -0.991563 -0.102062
vn -0.042920 -0.995521 -0.084233
vn -0.045919 -0.996943 -0.063209
vn -0.156625 -0.938603 -0.307397
vn -0.035590 -0.991563 -0.124643
vn -0.166583 -0.978572 -0.121028
vn -0.107546 -0.991563 -0.072366
vn -0.066849 -0.995521 -0.066848
vn -0.063201 -0.996944 -0.045922
vn -0.243950 -0.938602 -0.243955
vn -0.072365 -0.991563 -0.107546
vn -0.195828 -0.978572 -0.063630
vn -0.124647 -0.991562 -0.035600
vn -0.084234 -0.995521 -0.042924
vn -0.074300 -0.996944 -0.024141
vn -0.307394 -0.938603 -0.156634
vn -0.102055 -0.991563 -0.079922
vn -0.205910 -0.978571 0.000002
vn -0.129548 -0.991562 0.004668
vn -0.093377 -0.995521 -0.014783
vn -0.078127 -0.996943 -0.000001
vn -0.340754 -0.938602 -0.053966
vn -0.121759 -0.991563 -0.044464
vn -0.195835 -0.978570 0.063637
vn -0.121764 -0.991562 0.044467
vn -0.093378 -0.995521 0.014788
vn -0.074302 -0.996943 0.024147
vn -0.340758 -0.938601 0.053967
vn -0.129545 -0.991563 -0.004666
vn -0.166585 -0.978571 0.121033
vn -0.102061 -0.991563 0.079916
vn -0.084235 -0.995521 0.042922
vn -0.063206 -0.996943 0.045925
vn -0.307395 -0.938605 0.156621
vn -0.124645 -0.991563 0.035598
vn -0.121030 -0.978570 0.166592
vn -0.072370 -0.991562 0.107549
vn -0.066850 -0.995521 0.066855
vn -0.045924 -0.996943 0.063211
vn -0.243957 -0.938601 0.243953
vn -0.107548 -0.991562 0.072371
vn -0.063630 -0.978570 0.195839
vn -0.035594 -0.991562 0.124650
vn -0.042919 -0.995521 0.084244
vn -0.024142 -0.996944 0.074301
vn -0.156631 -0.938601 0.307402
vn -0.079921 -0.991562 0.102067
vn -0.000002 -0.978570 0.205914
vn 0.004667 -0.991562 0.129548
vn -0.014788 -0.995521 0.093376
vn -0.000001 -0.996944 0.078126
vn -0.053969 -0.938602 0.340755
vn -0.044467 -0.991563 0.121759
vn 0.063630 -0.978570 0.195836
vn 0.044470 -0.991562 0.121764
vn 0.014791 -0.995521 0.093377
vn 0.024140 -0.996944 0.074302
vn 0.053975 -0.938601 0.340757
vn -0.004668 -0.991563 0.129543
vn 0.121032 -0.978571 0.166587
vn 0.079921 -0.991563 0.102061
vn 0.042921 -0.995521 0.084236
vn 0.045923 -0.996944 0.063201
vn 0.156630 -0.938602 0.307397
vn 0.035591 -0.991563 0.124644
vn 0.166584 -0.978571 0.121033
vn 0.107548 -0.991563 0.072368
vn 0.066852 -0.995521 0.066848
vn 0.063204 -0.996943 0.045923
vn 0.243956 -0.938601 0.243955
vn 0.072368 -0.991563 0.107546
vn 0.195834 -0.978571 0.063629
vn 0.124646 -0.991563 0.035590
vn 0.084236 -0.995521 0.042917
vn 0.074301 -0.996944 0.024141
vn 0.307394 -0.938605 0.156622
vn 0.102057 -0.991563 0.079921
vn 0.205910 -0.978571 -0.000005
vn 0.129547 -0.991562 -0.004668
vn 0.093377 -0.995521 0.014787
vn 0.078126 -0.996944 -0.000002
vn 0.340758 -0.938601 0.053966
vn 0.121761 -0.991563 0.044470
vn 0.121761 -0.991563 -0.044469
vn 0.093377 -0.995521 -0.014789
vn 0.340752 -0.938603 -0.053967
vn 0.129545 -0.991563 0.004666
vn 0.196744 0.978369 -0.063928
vn 0.125261 0.991475 -0.035880
vn 0.084985 0.995441 -0.043301
vn 0.074897 0.996894 -0.024335
vn 0.308227 0.938261 -0.157042
vn 0.102653 0.991475 -0.080247
vn 0.167360 0.978369 -0.121594
vn 0.063709 0.996895 -0.046287
vn 0.108037 0.991475 -0.072832
vn 0.067441 0.995441 -0.067448
vn 0.244608 0.938258 -0.244618
vn 0.072831 0.991475 -0.108045
vn 0.121598 0.978367 -0.167368
vn 0.046294 0.996894 -0.063718
vn 0.080254 0.991473 -0.102667
vn 0.043311 0.995439 -0.085000
vn 0.157054 0.938259 -0.308226
vn 0.035890 0.991473 -0.125274
vn 0.063931 0.978364 -0.196764
vn 0.024348 0.996892 -0.074929
vn 0.044603 0.991471 -0.122458
vn 0.014927 0.995437 -0.094248
vn 0.054117 0.938255 -0.341685
vn -0.004576 0.991471 -0.130250
vn 0.000001 0.978363 -0.206897
vn 0.000003 0.996891 -0.078788
vn 0.004579 0.991471 -0.130248
vn -0.014925 0.995436 -0.094261
vn -0.054116 0.938252 -0.341693
vn -0.044597 0.991468 -0.122482
vn -0.063938 0.978359 -0.196789
vn -0.024356 0.996888 -0.074974
vn -0.035909 0.991468 -0.125309
vn -0.043337 0.995434 -0.085045
vn -0.157061 0.938253 -0.308240
vn -0.080272 0.991468 -0.102699
vn -0.121626 0.978359 -0.167397
vn -0.046338 0.996888 -0.063772
vn -0.072874 0.991468 -0.108081
vn -0.067499 0.995434 -0.067498
vn -0.244628 0.938251 -0.244626
vn -0.108082 0.991467 -0.072880
vn -0.167404 0.978357 -0.121632
vn -0.063780 0.996887 -0.046352
vn -0.102713 0.991466 -0.080284
vn -0.085071 0.995431 -0.043351
vn -0.308255 0.938248 -0.157062
vn -0.125338 0.991463 -0.035928
vn -0.196815 0.978353 -0.063950
vn -0.075016 0.996884 -0.024379
vn -0.122514 0.991464 -0.044607
vn -0.094316 0.995430 -0.014938
vn -0.341709 0.938246 -0.054124
vn -0.130303 0.991464 0.004563
vn -0.206943 0.978353 0.000007
vn -0.078874 0.996885 0.000003
vn -0.130306 0.991463 -0.004560
vn -0.094322 0.995430 0.014941
vn -0.341715 0.938244 0.054120
vn -0.122523 0.991463 0.044607
vn -0.196824 0.978351 0.063948
vn -0.075024 0.996884 0.024371
vn -0.125344 0.991463 0.035924
vn -0.085091 0.995429 0.043358
vn -0.308260 0.938245 0.157071
vn -0.102741 0.991462 0.080292
vn -0.167427 0.978351 0.121642
vn -0.063820 0.996884 0.046361
vn -0.108108 0.991463 0.072896
vn -0.067525 0.995430 0.067529
vn -0.244644 0.938243 0.244640
vn -0.072897 0.991463 0.108110
vn -0.121634 0.978353 0.167423
vn -0.046360 0.996885 0.063803
vn -0.080284 0.991465 0.102726
vn -0.043353 0.995430 0.085083
vn -0.157068 0.938243 0.308270
vn -0.035928 0.991462 0.125346
vn -0.063951 0.978350 0.196831
vn -0.024376 0.996883 0.075030
vn -0.044605 0.991462 0.122526
vn -0.014932 0.995430 0.094316
vn -0.054124 0.938243 0.341719
vn 0.004573 0.991465 0.130293
vn 0.000002 0.978355 0.206934
vn 0.000004 0.996887 0.078847
vn -0.004570 0.991466 0.130287
vn 0.014935 0.995432 0.094294
vn 0.054119 0.938250 0.341700
vn 0.044604 0.991466 0.122497
vn 0.063945 0.978357 0.196798
vn 0.024365 0.996887 0.074982
vn 0.035912 0.991468 0.125309
vn 0.043333 0.995434 0.085053
vn 0.157062 0.938250 0.308252
vn 0.080265 0.991467 0.102714
vn 0.121623 0.978357 0.167406
vn 0.046335 0.996888 0.063780
vn 0.072875 0.991468 0.108078
vn 0.067490 0.995436 0.067476
vn 0.244624 0.938252 0.244629
vn 0.108070 0.991471 0.072845
vn 0.167387 0.978363 0.121605
vn 0.063751 0.996891 0.046305
vn 0.102682 0.991471 0.080262
vn 0.085019 0.995437 0.043317
vn 0.308234 0.938258 0.157046
vn 0.125284 0.991471 0.035892
vn 0.196767 0.978364 0.063933
vn 0.074928 0.996892 0.024347
vn 0.122449 0.991472 0.044599
vn 0.094229 0.995439 0.014921
vn 0.341683 0.938256 0.054113
vn 0.130230 0.991473 -0.004583
vn 0.206874 0.978368 0.000000
vn 0.078758 0.996894 0.000004
vn 0.130218 0.991475 0.004583
vn 0.094209 0.995441 -0.014921
vn 0.341672 0.938260 -0.054121
vn 0.122429 0.991475 -0.044599
vn -0.104493 -0.222517 0.969313
vn 0.149979 -0.284347 0.946918
vn 0.156441 0.000000 0.987687
vn -0.139155 -0.000000 0.990271
vn 0.398910 -0.222521 0.889581
vn 0.438355 -0.000000 0.898802
vn 0.398921 0.222517 0.889578
vn 0.149982 0.284358 0.946914
vn -0.104499 0.222513 0.969313
vn 0.200170 -0.222523 0.954157
vn 0.435263 -0.284352 0.854219
vn 0.453999 0.000000 0.891002
vn 0.173678 0.000000 0.984803
vn 0.654299 -0.222517 0.722758
vn 0.694654 -0.000001 0.719344
vn 0.654312 0.222508 0.722749
vn 0.435273 0.284359 0.854212
vn 0.200154 0.222518 0.954162
vn 0.485178 -0.222506 0.845632
vn 0.677905 -0.284341 0.677935
vn 0.707085 0.000001 0.707129
vn 0.469457 0.000001 0.882955
vn 0.845617 -0.222509 0.485203
vn 0.882944 0.000002 0.469478
vn 0.845620 0.222502 0.485200
vn 0.677901 0.284350 0.677934
vn 0.485171 0.222505 0.845636
vn 0.722746 -0.222524 0.654310
vn 0.854231 -0.284343 0.435246
vn 0.891009 0.000001 0.453987
vn 0.719324 0.000000 0.694675
vn 0.954166 -0.222506 0.200149
vn 0.984807 0.000000 0.173652
vn 0.954167 0.222503 0.200145
vn 0.854226 0.284352 0.435250
vn 0.722752 0.222515 0.654307
vn 0.889585 -0.222511 0.398909
vn 0.946923 -0.284335 0.149968
vn 0.987689 -0.000001 0.156433
vn 0.898793 -0.000001 0.438374
vn 0.969314 -0.222507 -0.104509
vn 0.990268 -0.000001 -0.139176
vn 0.969313 0.222507 -0.104514
vn 0.946921 0.284343 0.149966
vn 0.889582 0.222502 0.398919
vn 0.969315 -0.222508 0.104497
vn 0.946921 -0.284339 -0.149974
vn 0.987688 0.000000 -0.156435
vn 0.990269 -0.000001 0.139166
vn 0.889579 -0.222516 -0.398918
vn 0.898796 -0.000001 -0.438368
vn 0.889578 0.222506 -0.398926
vn 0.946917 0.284349 -0.149978
vn 0.969315 0.222505 0.104501
vn 0.954163 -0.222515 -0.200150
vn 0.854232 -0.284345 -0.435241
vn 0.891003 0.000000 -0.453997
vn 0.984808 0.000001 -0.173646
vn 0.722790 -0.222517 -0.654263
vn 0.719356 -0.000001 -0.694641
vn 0.722778 0.222513 -0.654278
vn 0.854227 0.284350 -0.435248
vn 0.954166 0.222507 -0.200147
vn 0.845620 -0.222522 -0.485191
vn 0.677921 -0.284365 -0.677909
vn 0.707098 0.000001 -0.707116
vn 0.882948 -0.000001 -0.469471
vn 0.485199 -0.222531 -0.845613
vn 0.469444 0.000001 -0.882962
vn 0.485171 0.222524 -0.845631
vn 0.677905 0.284375 -0.677920
vn 0.845624 0.222517 -0.485187
vn 0.654296 -0.222524 -0.722758
vn 0.435240 -0.284365 -0.854226
vn 0.453984 0.000000 -0.891010
vn 0.694657 0.000001 -0.719341
vn 0.200134 -0.222529 -0.954163
vn 0.173647 -0.000001 -0.984808
vn 0.200144 0.222526 -0.954162
vn 0.435260 0.284376 -0.854213
vn 0.654300 0.222520 -0.722756
vn 0.398904 -0.222511 -0.889587
vn 0.149968 -0.284344 -0.946920
vn 0.156452 -0.000000 -0.987686
vn 0.438355 -0.000000 -0.898802
vn -0.104499 -0.222521 -0.969311
vn -0.139167 -0.000000 -0.990269
vn -0.104509 0.222517 -0.969311
vn 0.149982 0.284351 -0.946916
vn 0.398911 0.222506 -0.889585
vn 0.104510 -0.222523 -0.969310
vn -0.149994 -0.284352 -0.946914
vn -0.156452 0.000000 -0.987686
vn 0.139180 0.000000 -0.990267
vn -0.398923 -0.222519 -0.889576
vn -0.438362 -0.000000 -0.898799
vn -0.398939 0.222512 -0.889571
vn -0.149984 0.284355 -0.946915
vn 0.104532 0.222511 -0.969310
vn -0.200130 -0.222502 -0.954170
vn -0.435259 -0.284343 -0.854224
vn -0.453994 0.000001 -0.891005
vn -0.173644 -0.000000 -0.984809
vn -0.654305 -0.222515 -0.722753
vn -0.694654 -0.000000 -0.719344
vn -0.654310 0.222508 -0.722751
vn -0.435259 0.284350 -0.854222
vn -0.200128 0.222495 -0.954172
vn -0.485180 -0.222510 -0.845630
vn -0.677923 -0.284329 -0.677921
vn -0.707107 0.000000 -0.707106
vn -0.469431 0.000000 -0.882969
vn -0.845616 -0.222497 -0.485210
vn -0.882948 0.000000 -0.469471
vn -0.845621 0.222492 -0.485203
vn -0.677926 0.284342 -0.677913
vn -0.485174 0.222508 -0.845634
vn -0.722760 -0.222525 -0.654294
vn -0.854225 -0.284350 -0.435252
vn -0.891003 0.000001 -0.453998
vn -0.719337 -0.000001 -0.694661
vn -0.954163 -0.222514 -0.200151
vn -0.984808 -0.000001 -0.173649
vn -0.954167 0.222504 -0.200145
vn -0.854224 0.284353 -0.435252
vn -0.722764 0.222514 -0.654293
vn -0.889583 -0.222511 -0.398913
vn -0.946922 -0.284338 -0.149970
vn -0.987689 -0.000000 -0.156429
vn -0.898796 -0.000000 -0.438368
vn -0.969314 -0.222507 0.104504
vn -0.990268 0.000000 0.139176
vn -0.969314 0.222505 0.104506
vn -0.946920 0.284346 -0.149967
vn -0.889584 0.222502 -0.398916
vn -0.969312 -0.222514 -0.104506
vn -0.946920 -0.284339 0.149977
vn -0.987689 0.000000 0.156429
vn -0.990267 -0.000000 -0.139179
vn -0.889584 -0.222510 0.398911
vn -0.898802 0.000001 0.438355
vn -0.889582 0.222510 0.398915
vn -0.946918 0.284353 0.149969
vn -0.969312 0.222513 -0.104512
vn -0.954164 -0.222507 0.200156
vn -0.854231 -0.284336 0.435251
vn -0.891011 -0.000000 0.453982
vn -0.984806 -0.000002 0.173659
vn -0.722760 -0.222517 0.654297
vn -0.719341 -0.000000 0.694658
vn -0.722765 0.222514 0.654292
vn -0.854230 0.284349 0.435244
vn -0.954165 0.222504 0.200151
vn -0.845625 -0.222512 0.485188
vn -0.677920 -0.284349 0.677916
vn -0.707098 -0.000000 0.707116
vn -0.882951 0.000000 0.469464
vn -0.485192 -0.222514 0.845622
vn -0.469463 -0.000000 0.882952
vn -0.485175 0.222503 0.845635
vn -0.677906 0.284355 0.677928
vn -0.845620 0.222507 0.485198
vn -0.654260 -0.222510 0.722795
vn -0.435242 -0.284345 0.854232
vn -0.453985 -0.000000 0.891009
vn -0.694620 0.000000 0.719377
vn -0.200142 -0.222509 0.954166
vn -0.173651 -0.000000 0.984807
vn -0.200149 0.222502 0.954166
vn -0.435246 0.284356 0.854227
vn -0.654274 0.222505 0.722784
vn -0.398922 -0.222509 0.889579
vn -0.149973 -0.284346 0.946919
vn -0.156420 -0.000000 0.987691
vn -0.438366 0.000000 0.898797
vn 0.104481 -0.222514 0.969315
vn 0.139137 0.000000 0.990273
vn 0.104497 0.222509 0.969314
vn -0.149976 0.284356 0.946916
vn -0.398936 0.222505 0.889574
vn 0.346890 -0.930067 -0.121007
vn 0.594681 -0.796824 0.106892
vn 0.431815 -0.749552 -0.501704
vn 0.891007 0.000001 -0.453990
vn 0.590742 0.000001 -0.806861
vn 0.431827 0.749544 -0.501706
vn 0.346901 0.930063 -0.121003
vn 0.594698 0.796811 0.106894
vn 0.951064 -0.000002 -0.308995
vn 0.956405 0.000001 0.292044
vn 0.292517 -0.930066 -0.222285
vn 0.598616 -0.796817 -0.082115
vn 0.255640 -0.749547 -0.610596
vn 0.707120 0.000001 -0.707094
vn 0.312515 -0.000000 -0.949913
vn 0.255662 0.749535 -0.610602
vn 0.292526 0.930064 -0.222281
vn 0.598630 0.796806 -0.082114
vn 0.809011 -0.000002 -0.587793
vn 0.999841 0.000001 -0.017814
vn 0.209514 -0.930066 -0.301797
vn 0.543944 -0.796814 -0.263082
vn 0.054450 -0.749554 -0.659700
vn 0.454010 0.000000 -0.890996
vn 0.003688 0.000001 -0.999993
vn 0.054465 0.749537 -0.659718
vn 0.209522 0.930060 -0.301811
vn 0.543955 0.796804 -0.263091
vn 0.587781 0.000002 -0.809020
vn 0.945402 0.000002 -0.325908
vn 0.105994 -0.930070 -0.351759
vn 0.436022 -0.796822 -0.418282
vn -0.152082 -0.749552 -0.644238
vn 0.156435 -0.000000 -0.987688
vn -0.305529 0.000000 -0.952183
vn -0.152068 0.749544 -0.644251
vn 0.106000 0.930066 -0.351769
vn 0.436033 0.796812 -0.418289
vn 0.309003 0.000002 -0.951061
vn 0.798415 0.000001 -0.602107
vn -0.007888 -0.930073 -0.367289
vn 0.285426 -0.796826 -0.532542
vn -0.343702 -0.749559 -0.565712
vn -0.156432 -0.000000 -0.987689
vn -0.584799 -0.000000 -0.811178
vn -0.343694 0.749554 -0.565723
vn -0.007889 0.930063 -0.367315
vn 0.285423 0.796811 -0.532565
vn 0.000000 -0.000001 -1.000000
vn 0.573282 0.000000 -0.819358
vn -0.121007 -0.930071 -0.346879
vn 0.106897 -0.796818 -0.594689
vn -0.501715 -0.749542 -0.431821
vn -0.454006 -0.000001 -0.890999
vn -0.806860 -0.000001 -0.590743
vn -0.501719 0.749543 -0.431814
vn -0.121013 0.930069 -0.346882
vn 0.106896 0.796810 -0.594699
vn -0.309009 -0.000002 -0.951059
vn 0.292046 -0.000003 -0.956404
vn -0.222277 -0.930074 -0.292499
vn -0.082117 -0.796827 -0.598601
vn -0.610594 -0.749541 -0.255662
vn -0.707115 0.000001 -0.707098
vn -0.949917 0.000001 -0.312503
vn -0.610600 0.749542 -0.255646
vn -0.222288 0.930066 -0.292515
vn -0.082119 0.796809 -0.598625
vn -0.587781 -0.000003 -0.809020
vn -0.017816 -0.000003 -0.999841
vn -0.301795 -0.930068 -0.209508
vn -0.263077 -0.796816 -0.543944
vn -0.659704 -0.749550 -0.054459
vn -0.891000 0.000000 -0.454003
vn -0.999993 0.000000 -0.003665
vn -0.659720 0.749536 -0.054454
vn -0.301806 0.930061 -0.209523
vn -0.263077 0.796808 -0.543956
vn -0.809009 0.000000 -0.587796
vn -0.325887 0.000002 -0.945409
vn -0.351770 -0.930066 -0.105992
vn -0.418288 -0.796816 -0.436027
vn -0.644236 -0.749553 0.152084
vn -0.987691 -0.000000 -0.156420
vn -0.952176 0.000000 0.305550
vn -0.644255 0.749538 0.152081
vn -0.351782 0.930061 -0.105999
vn -0.418296 0.796811 -0.436029
vn -0.951060 0.000000 -0.309007
vn -0.602094 0.000001 -0.798425
vn -0.367307 -0.930066 0.007906
vn -0.532557 -0.796818 -0.285420
vn -0.565716 -0.749546 0.343724
vn -0.987691 0.000000 0.156420
vn -0.811172 -0.000000 0.584808
vn -0.565740 0.749533 0.343714
vn -0.367321 0.930061 0.007896
vn -0.532559 0.796816 -0.285422
vn -1.000000 -0.000001 -0.000001
vn -0.819353 -0.000000 -0.573290
vn -0.346885 -0.930068 0.121016
vn -0.594693 -0.796818 -0.106872
vn -0.431800 -0.749565 0.501699
vn -0.891008 0.000000 0.453989
vn -0.590723 0.000000 0.806875
vn -0.431818 0.749547 0.501709
vn -0.346899 0.930063 0.121011
vn -0.594700 0.796812 -0.106881
vn -0.951056 -0.000002 0.309018
vn -0.956407 -0.000000 -0.292037
vn -0.292514 -0.930069 0.222277
vn -0.598610 -0.796822 0.082106
vn -0.255649 -0.749546 0.610594
vn -0.707111 -0.000001 0.707103
vn -0.312527 -0.000001 0.949909
vn -0.255668 0.749533 0.610601
vn -0.292530 0.930060 0.222295
vn -0.598617 0.796815 0.082120
vn -0.809014 0.000001 0.587789
vn -0.999842 0.000001 0.017802
vn -0.209513 -0.930066 0.301796
vn -0.543945 -0.796813 0.263084
vn -0.054434 -0.749552 0.659703
vn -0.454004 0.000001 0.891000
vn -0.003653 0.000001 0.999993
vn -0.054456 0.749534 0.659722
vn -0.209521 0.930059 0.301814
vn -0.543952 0.796806 0.263093
vn -0.587753 0.000004 0.809040
vn -0.945399 0.000001 0.325914
vn -0.105981 -0.930071 0.351761
vn -0.436022 -0.796815 0.418296
vn 0.152093 -0.749548 0.644240
vn -0.156437 -0.000001 0.987688
vn 0.305531 -0.000000 0.952182
vn 0.152071 0.749538 0.644257
vn -0.105993 0.930065 0.351775
vn -0.436026 0.796809 0.418302
vn -0.309015 0.000002 0.951057
vn -0.798412 -0.000000 0.602111
vn 0.007887 -0.930071 0.367296
vn -0.285443 -0.796818 0.532544
vn 0.343716 -0.749549 0.565717
vn 0.156447 -0.000000 0.987686
vn 0.584807 -0.000001 0.811173
vn 0.343711 0.749543 0.565728
vn 0.007889 0.930064 0.367313
vn -0.285432 0.796810 0.532562
vn -0.000000 -0.000001 1.000000
vn -0.573295 -0.000000 0.819349
vn 0.121015 -0.930071 0.346877
vn -0.106885 -0.796820 0.594687
vn 0.501713 -0.749558 0.431796
vn 0.454012 0.000000 0.890995
vn 0.806869 0.000000 0.590731
vn 0.501722 0.749538 0.431819
vn 0.121018 0.930064 0.346895
vn -0.106884 0.796815 0.594695
vn 0.309019 -0.000003 0.951056
vn -0.292030 -0.000004 0.956409
vn 0.222277 -0.930070 0.292512
vn 0.082093 -0.796818 0.598616
vn 0.610596 -0.749547 0.255641
vn 0.707108 0.000000 0.707105
vn 0.949918 -0.000000 0.312498
vn 0.610597 0.749543 0.255648
vn 0.222284 0.930066 0.292520
vn 0.082115 0.796811 0.598623
vn 0.587764 -0.000003 0.809032
vn 0.017801 -0.000001 0.999842
vn 0.301792 -0.930070 0.209504
vn 0.263073 -0.796815 0.543947
vn 0.659702 -0.749552 0.054446
vn 0.891009 0.000001 0.453985
vn 0.999993 0.000001 0.003662
vn 0.659712 0.749543 0.054451
vn 0.301809 0.930061 0.209518
vn 0.263090 0.796805 0.543953
vn 0.809015 0.000002 0.587788
vn 0.325914 0.000001 0.945399
vn 0.351766 -0.930068 0.105992
vn 0.418289 -0.796818 0.436022
vn 0.644245 -0.749546 -0.152083
vn 0.987691 -0.000001 0.156421
vn 0.952177 -0.000001 -0.305546
vn 0.644246 0.749545 -0.152082
vn 0.351781 0.930061 0.105999
vn 0.418295 0.796812 0.436027
vn 0.951055 -0.000002 0.309023
vn 0.602091 -0.000002 0.798428
vn 0.367307 -0.930066 -0.007899
vn 0.532546 -0.796825 0.285418
vn 0.565719 -0.749554 -0.343702
vn 0.987688 0.000001 -0.156434
vn 0.811169 0.000002 -0.584812
vn 0.565727 0.749542 -0.343714
vn 0.367318 0.930062 -0.007898
vn 0.532562 0.796814 0.285421
vn 1.000000 -0.000001 -0.000009
vn 0.819351 -0.000001 0.573292
vn 0.105991 -0.930069 0.351764
vn -0.152081 -0.749551 0.644239
vn 0.436028 -0.796815 0.418289
vn 0.798416 0.000000 0.602106
vn 0.436033 0.796811 0.418292
vn 0.105999 0.930065 0.351773
vn -0.152082 0.749540 0.644252
vn -0.305533 0.000000 0.952182
vn 0.209512 -0.930066 0.301797
vn 0.054451 -0.749550 0.659704
vn 0.543952 -0.796810 0.263078
vn 0.945401 -0.000002 0.325910
vn 0.543948 0.796809 0.263087
vn 0.209520 0.930062 0.301806
vn 0.054452 0.749541 0.659715
vn 0.003675 0.000000 0.999993
vn 0.292509 -0.930070 0.222280
vn 0.255643 -0.749548 0.610594
vn 0.598609 -0.796821 0.082114
vn 0.999842 0.000002 0.017805
vn 0.598618 0.796816 0.082107
vn 0.292525 0.930063 0.222290
vn 0.255656 0.749530 0.610611
vn 0.312518 0.000001 0.949912
vn 0.346882 -0.930069 0.121012
vn 0.431796 -0.749562 0.501706
vn 0.594689 -0.796819 -0.106881
vn 0.956407 -0.000001 -0.292039
vn 0.594701 0.796811 -0.106881
vn 0.346899 0.930063 0.121011
vn 0.431818 0.749549 0.501707
vn 0.590724 0.000001 0.806874
vn 0.367309 -0.930065 0.007896
vn 0.565720 -0.749549 0.343711
vn 0.532556 -0.796815 -0.285428
vn 0.819352 -0.000000 -0.573291
vn 0.532560 0.796813 -0.285426
vn 0.367321 0.930061 0.007885
vn 0.565738 0.749537 0.343707
vn 0.811173 -0.000001 0.584806
vn 0.351764 -0.930068 -0.105997
vn 0.644235 -0.749557 0.152071
vn 0.418288 -0.796817 -0.436026
vn 0.602099 -0.000003 -0.798421
vn 0.418292 0.796808 -0.436039
vn 0.351779 0.930061 -0.106012
vn 0.644256 0.749540 0.152067
vn 0.952182 -0.000001 0.305532
vn 0.301792 -0.930070 -0.209503
vn 0.659705 -0.749551 -0.054443
vn 0.263079 -0.796817 -0.543941
vn 0.325895 -0.000003 -0.945406
vn 0.263076 0.796809 -0.543954
vn 0.301806 0.930060 -0.209526
vn 0.659723 0.749533 -0.054456
vn 0.999993 0.000001 -0.003656
vn 0.222279 -0.930072 -0.292503
vn 0.610598 -0.749546 -0.255638
vn 0.082114 -0.796820 -0.598611
vn 0.017808 0.000002 -0.999841
vn 0.082114 0.796810 -0.598624
vn 0.222289 0.930062 -0.292527
vn 0.610601 0.749535 -0.255662
vn 0.949917 0.000001 -0.312502
vn 0.121006 -0.930071 -0.346879
vn 0.501722 -0.749541 -0.431814
vn -0.106897 -0.796818 -0.594688
vn -0.292048 0.000002 -0.956404
vn -0.106897 0.796808 -0.594702
vn 0.121016 0.930064 -0.346895
vn 0.501718 0.749538 -0.431824
vn 0.806864 0.000000 -0.590737
vn 0.007891 -0.930072 -0.367292
vn 0.343701 -0.749562 -0.565709
vn -0.285423 -0.796824 -0.532547
vn -0.573284 -0.000000 -0.819357
vn -0.285422 0.796816 -0.532558
vn 0.007893 0.930065 -0.367310
vn 0.343697 0.749552 -0.565725
vn 0.584797 -0.000000 -0.811180
vn -0.105998 -0.930070 -0.351760
vn 0.152084 -0.749556 -0.644234
vn -0.436026 -0.796818 -0.418286
vn -0.798418 0.000001 -0.602103
vn -0.436033 0.796811 -0.418290
vn -0.105999 0.930065 -0.351773
vn 0.152069 0.749543 -0.644252
vn 0.305535 -0.000000 -0.952181
vn -0.209518 -0.930065 -0.301798
vn -0.054446 -0.749554 -0.659700
vn -0.543948 -0.796811 -0.263083
vn -0.945402 -0.000000 -0.325907
vn -0.543957 0.796805 -0.263085
vn -0.209521 0.930060 -0.301810
vn -0.054465 0.749538 -0.659717
vn -0.003686 -0.000001 -0.999993
vn -0.292517 -0.930067 -0.222281
vn -0.255635 -0.749547 -0.610598
vn -0.598615 -0.796817 -0.082114
vn -0.999842 -0.000001 -0.017807
vn -0.598632 0.796804 -0.082113
vn -0.292524 0.930062 -0.222292
vn -0.255654 0.749532 -0.610609
vn -0.312504 0.000000 -0.949916
vn -0.346886 -0.930067 -0.121015
vn -0.431814 -0.749550 -0.501709
vn -0.594679 -0.796827 0.106883
vn -0.956406 -0.000000 0.292040
vn -0.594698 0.796812 0.106889
vn -0.346901 0.930063 -0.121010
vn -0.431826 0.749537 -0.501718
vn -0.590737 -0.000000 -0.806864
vn -0.367305 -0.930067 -0.007897
vn -0.565728 -0.749543 -0.343710
vn -0.532544 -0.796823 0.285429
vn -0.819349 0.000000 0.573295
vn -0.532562 0.796810 0.285433
vn -0.367320 0.930061 -0.007890
vn -0.565735 0.749531 -0.343726
vn -0.811175 -0.000000 -0.584803
vn -0.351766 -0.930068 0.105990
vn -0.644245 -0.749544 -0.152092
vn -0.418286 -0.796819 0.436023
vn -0.602092 -0.000002 0.798427
vn -0.418297 0.796813 0.436024
vn -0.351781 0.930061 0.106003
vn -0.644245 0.749548 -0.152074
vn -0.952177 -0.000000 -0.305547
vn -0.301793 -0.930069 0.209507
vn -0.659704 -0.749550 0.054457
vn -0.263072 -0.796816 0.543945
vn -0.325906 -0.000000 0.945402
vn -0.263088 0.796808 0.543950
vn -0.301809 0.930061 0.209516
vn -0.659711 0.749543 0.054458
vn -0.999993 -0.000000 0.003663
vn -0.222278 -0.930070 0.292509
vn -0.610592 -0.749547 0.255650
vn -0.082097 -0.796821 0.598613
vn -0.017787 0.000003 0.999842
vn -0.082101 0.796806 0.598632
vn -0.222287 0.930064 0.292523
vn -0.610603 0.749542 0.255637
vn -0.949917 -0.000001 0.312502
vn -0.121014 -0.930070 0.346879
vn -0.501723 -0.749547 0.431803
vn 0.106878 -0.796818 0.594692
vn 0.292006 0.000003 0.956417
vn 0.106870 0.796814 0.594698
vn -0.121015 0.930067 0.346888
vn -0.501713 0.749540 0.431826
vn -0.806865 0.000001 0.590736
vn -0.007894 -0.930068 0.367302
vn -0.343725 -0.749547 0.565715
vn 0.285428 -0.796816 0.532556
vn 0.573276 0.000000 0.819362
vn 0.285422 0.796807 0.532571
vn -0.007894 0.930061 0.367321
vn -0.343717 0.749538 0.565731
vn -0.584818 -0.000000 0.811165
s 1
g Faro2 pCylinder7
usemtl initialShadingGroup
f 3187/5135/5175 3587/5136/5176 3827/6334/5177 3590/6291/5178
f 3587/5136/5176 3188/5139/5179 3588/5140/5180 3827/6334/5177
f 3827/5137/5177 3588/6293/5180 3189/6571/5181 3589/6570/5182
f 3590/5138/5178 3827/5137/5177 3589/6570/5182 3190/5143/5183
f 3191/5144/5184 3591/5145/5185 3828/6333/5186 3594/6287/5187
f 3591/5145/5185 3192/5148/5188 3592/5149/5189 3828/6333/5186
f 3828/5146/5186 3592/6289/5189 3193/6566/5190 3593/6565/5191
f 3594/5147/5187 3828/5146/5186 3593/6565/5191 3194/5152/5192
f 3195/5153/5193 3595/5154/5194 3829/6332/5195 3598/6283/5196
f 3595/5154/5194 3196/5157/5197 3596/5158/5198 3829/6332/5195
f 3829/5155/5195 3596/6285/5198 3197/6561/5199 3597/6560/5200
f 3598/5156/5196 3829/5155/5195 3597/6560/5200 3198/5161/5201
f 3199/5162/5202 3599/5163/5203 3830/6331/5204 3602/6279/5205
f 3599/5163/5203 3200/5166/5206 3600/5167/5207 3830/6331/5204
f 3830/5164/5204 3600/6281/5207 3201/6556/5208 3601/6555/5209
f 3602/5165/5205 3830/5164/5204 3601/6555/5209 3202/5170/5210
f 3203/5171/5211 3603/5172/5212 3831/6330/5213 3606/6275/5214
f 3603/5172/5212 3204/5175/5215 3604/5176/5216 3831/6330/5213
f 3831/5173/5213 3604/6277/5216 3205/6551/5217 3605/6550/5218
f 3606/5174/5214 3831/5173/5213 3605/6550/5218 3206/5179/5219
f 3207/5180/5220 3607/5181/5221 3832/6329/5222 3610/6271/5223
f 3607/5181/5221 3208/5184/5224 3608/5185/5225 3832/6329/5222
f 3832/5182/5222 3608/6273/5225 3209/6546/5226 3609/6545/5227
f 3610/5183/5223 3832/5182/5222 3609/6545/5227 3210/5188/5228
f 3211/5189/5229 3611/5190/5230 3833/6328/5231 3614/6267/5232
f 3611/5190/5230 3212/5193/5233 3612/5194/5234 3833/6328/5231
f 3833/5191/5231 3612/6269/5234 3213/6541/5235 3613/6540/5236
f 3614/5192/5232 3833/5191/5231 3613/6540/5236 3214/5197/5237
f 3215/5198/5238 3615/5199/5239 3834/6327/5240 3618/6263/5241
f 3615/5199/5239 3216/5202/5242 3616/5203/5243 3834/6327/5240
f 3834/5200/5240 3616/6265/5243 3217/6536/5244 3617/6535/5245
f 3618/5201/5241 3834/5200/5240 3617/6535/5245 3218/5206/5246
f 3219/5207/5247 3619/5208/5248 3835/6326/5249 3622/6259/5250
f 3619/5208/5248 3220/5211/5251 3620/5212/5252 3835/6326/5249
f 3835/5209/5249 3620/6261/5252 3221/6531/5253 3621/6530/5254
f 3622/5210/5250 3835/5209/5249 3621/6530/5254 3222/5215/5255
f 3223/5216/5256 3623/5217/5257 3836/6325/5258 3626/6255/5259
f 3623/5217/5257 3224/5220/5260 3624/5221/5261 3836/6325/5258
f 3836/5218/5258 3624/6257/5261 3225/6526/5262 3625/6525/5263
f 3626/5219/5259 3836/5218/5258 3625/6525/5263 3226/5224/5264
f 3227/5225/5265 3627/5226/5266 3837/6324/5267 3630/6251/5268
f 3627/5226/5266 3228/5229/5269 3628/5230/5270 3837/6324/5267
f 3837/5227/5267 3628/6253/5270 3229/6521/5271 3629/6520/5272
f 3630/5228/5268 3837/5227/5267 3629/6520/5272 3230/5233/5273
f 3231/5234/5274 3631/5235/5275 3838/6323/5276 3634/6247/5277
f 3631/5235/5275 3232/5238/5278 3632/5239/5279 3838/6323/5276
f 3838/5236/5276 3632/6249/5279 3233/6516/5280 3633/6515/5281
f 3634/5237/5277 3838/5236/5276 3633/6515/5281 3234/5242/5282
f 3235/5243/5283 3635/5244/5284 3839/6322/5285 3638/6243/5286
f 3635/5244/5284 3236/5247/5287 3636/5248/5288 3839/6322/5285
f 3839/5245/5285 3636/6245/5288 3237/6511/5289 3637/6510/5290
f 3638/5246/5286 3839/5245/5285 3637/6510/5290 3238/5251/5291
f 3239/5252/5292 3639/5253/5293 3840/6321/5294 3642/6239/5295
f 3639/5253/5293 3240/5256/5296 3640/5257/5297 3840/6321/5294
f 3840/5254/5294 3640/6241/5297 3241/6506/5298 3641/6505/5299
f 3642/5255/5295 3840/5254/5294 3641/6505/5299 3242/5260/5300
f 3243/5261/5301 3643/5262/5302 3841/6320/5303 3646/6235/5304
f 3643/5262/5302 3244/5265/5305 3644/5266/5306 3841/6320/5303
f 3841/5263/5303 3644/6237/5306 3245/6501/5307 3645/6500/5308
f 3646/5264/5304 3841/5263/5303 3645/6500/5308 3246/5269/5309
f 3247/5270/5310 3647/5271/5311 3842/6319/5312 3650/6231/5313
f 3647/5271/5311 3248/5274/5314 3648/5275/5315 3842/6319/5312
f 3842/5272/5312 3648/6233/5315 3249/6496/5316 3649/6495/5317
f 3650/5273/5313 3842/5272/5312 3649/6495/5317 3250/5278/5318
f 3251/5279/5319 3651/5280/5320 3843/6318/5321 3654/6227/5322
f 3651/5280/5320 3252/5283/5323 3652/5284/5324 3843/6318/5321
f 3843/5281/5321 3652/6229/5324 3253/6491/5325 3653/6490/5326
f 3654/5282/5322 3843/5281/5321 3653/6490/5326 3254/5287/5327
f 3255/5288/5328 3655/5289/5329 3844/6317/5330 3658/6223/5331
f 3655/5289/5329 3256/5292/5332 3656/5293/5333 3844/6317/5330
f 3844/5290/5330 3656/6225/5333 3257/6486/5334 3657/6485/5335
f 3658/5291/5331 3844/5290/5330 3657/6485/5335 3258/5296/5336
f 3259/5297/5337 3659/5298/5338 3845/6316/5339 3662/6219/5340
f 3659/5298/5338 3260/5301/5341 3660/5302/5342 3845/6316/5339
f 3845/5299/5339 3660/6221/5342 3261/6481/5343 3661/6480/5344
f 3662/5300/5340 3845/5299/5339 3661/6480/5344 3262/5305/5345
f 3263/5306/5346 3663/5307/5347 3846/6315/5348 3666/6215/5349
f 3663/5307/5347 3264/5310/5350 3664/5311/5351 3846/6315/5348
f 3846/5308/5348 3664/6217/5351 3265/6476/5352 3665/6475/5353
f 3666/5309/5349 3846/5308/5348 3665/6475/5353 3266/5314/5354
f 3108/5315/5355 3667/5316/5356 3847/5317/5357 3670/5318/5358
f 3667/5316/5356 3159/5319/5359 3668/5320/5360 3847/5317/5357
f 3847/5317/5357 3668/5320/5360 3107/5321/5361 3669/5322/5362
f 3109/5323/5363 3671/5324/5364 3848/5325/5365 3673/5326/5366
f 3671/5324/5364 3161/5327/5367 3672/5328/5368 3848/5325/5365
f 3848/5325/5365 3672/5328/5368 3108/5315/5355 3670/5318/5358
f 3110/5329/5369 3674/5330/5370 3849/5331/5371 3676/5332/5372
f 3674/5330/5370 3163/5333/5373 3675/5334/5374 3849/5331/5371
f 3849/5331/5371 3675/5334/5374 3109/5323/5363 3673/5326/5366
f 3111/5335/5375 3677/5336/5376 3850/5337/5377 3679/5338/5378
f 3677/5336/5376 3165/5339/5379 3678/5340/5380 3850/5337/5377
f 3850/5337/5377 3678/5340/5380 3110/5329/5369 3676/5332/5372
f 3112/5341/5381 3680/5342/5382 3851/5343/5383 3682/5344/5384
f 3680/5342/5382 3167/5345/5385 3681/5346/5386 3851/5343/5383
f 3851/5343/5383 3681/5346/5386 3111/5335/5375 3679/5338/5378
f 3113/5347/5387 3683/5348/5388 3852/5349/5389 3685/5350/5390
f 3683/5348/5388 3169/5351/5391 3684/5352/5392 3852/5349/5389
f 3852/5349/5389 3684/5352/5392 3112/5341/5381 3682/5344/5384
f 3114/5353/5393 3686/5354/5394 3853/5355/5395 3688/5356/5396
f 3686/5354/5394 3171/5357/5397 3687/5358/5398 3853/5355/5395
f 3853/5355/5395 3687/5358/5398 3113/5347/5387 3685/5350/5390
f 3115/5359/5399 3689/5360/5400 3854/5361/5401 3691/5362/5402
f 3689/5360/5400 3173/5363/5403 3690/5364/5404 3854/5361/5401
f 3854/5361/5401 3690/5364/5404 3114/5353/5393 3688/5356/5396
f 3116/5365/5405 3692/5366/5406 3855/5367/5407 3694/5368/5408
f 3692/5366/5406 3175/5369/5409 3693/5370/5410 3855/5367/5407
f 3855/5367/5407 3693/5370/5410 3115/5359/5399 3691/5362/5402
f 3117/5371/5411 3695/5372/5412 3856/5373/5413 3697/5374/5414
f 3695/5372/5412 3177/5375/5415 3696/5376/5416 3856/5373/5413
f 3856/5373/5413 3696/5376/5416 3116/5365/5405 3694/5368/5408
f 3118/5377/5417 3698/5378/5418 3857/5379/5419 3700/5380/5420
f 3698/5378/5418 3179/5381/5421 3699/5382/5422 3857/5379/5419
f 3857/5379/5419 3699/5382/5422 3117/5371/5411 3697/5374/5414
f 3119/5383/5423 3701/5384/5424 3858/5385/5425 3703/5386/5426
f 3701/5384/5424 3181/5387/5427 3702/5388/5428 3858/5385/5425
f 3858/5385/5425 3702/5388/5428 3118/5377/5417 3700/5380/5420
f 3120/5389/5429 3704/5390/5430 3859/5391/5431 3706/5392/5432
f 3704/5390/5430 3183/5393/5433 3705/5394/5434 3859/5391/5431
f 3859/5391/5431 3705/5394/5434 3119/5383/5423 3703/5386/5426
f 3121/5395/5435 3707/5396/5436 3860/5397/5437 3709/5398/5438
f 3707/5396/5436 3185/5399/5439 3708/5400/5440 3860/5397/5437
f 3860/5397/5437 3708/5400/5440 3120/5389/5429 3706/5392/5432
f 3122/5401/5441 3710/5402/5442 3861/5403/5443 3712/5404/5444
f 3710/5402/5442 3147/5405/5445 3711/5406/5446 3861/5403/5443
f 3861/5403/5443 3711/5406/5446 3121/5395/5435 3709/5398/5438
f 3123/5407/5447 3713/5408/5448 3862/5409/5449 3715/5410/5450
f 3713/5408/5448 3149/5411/5451 3714/5412/5452 3862/5409/5449
f 3862/5409/5449 3714/5412/5452 3122/5401/5441 3712/5404/5444
f 3124/5413/5453 3716/5414/5454 3863/5415/5455 3718/5416/5456
f 3716/5414/5454 3151/5417/5457 3717/5418/5458 3863/5415/5455
f 3863/5415/5455 3717/5418/5458 3123/5407/5447 3715/5410/5450
f 3125/5419/5459 3719/5420/5460 3864/5421/5461 3721/5422/5462
f 3719/5420/5460 3153/5423/5463 3720/5424/5464 3864/5421/5461
f 3864/5421/5461 3720/5424/5464 3124/5413/5453 3718/5416/5456
f 3126/5425/5465 3722/5426/5466 3865/5427/5467 3724/5428/5468
f 3722/5426/5466 3155/5429/5469 3723/5430/5470 3865/5427/5467
f 3865/5427/5467 3723/5430/5470 3125/5419/5459 3721/5422/5462
f 3107/5321/5361 3725/5431/5471 3866/5432/5472 3669/5322/5362
f 3725/5431/5471 3157/5433/5473 3726/5434/5474 3866/5432/5472
f 3866/5432/5472 3726/5434/5474 3126/5425/5465 3724/5428/5468
f 3127/5435/5475 3727/5436/5476 3867/5437/5477 3730/5438/5478
f 3727/5436/5476 3160/6430/5479 3728/5440/5480 3867/5437/5477
f 3867/5437/5477 3728/5440/5480 3128/5441/5481 3729/5442/5482
f 3128/5441/5481 3731/5443/5483 3868/5444/5484 3729/5442/5482
f 3731/5443/5483 3162/6423/5485 3732/5446/5486 3868/5444/5484
f 3868/5444/5484 3732/5446/5486 3129/5447/5487 3733/5448/5488
f 3129/5447/5487 3734/5449/5489 3869/5450/5490 3733/5448/5488
f 3734/5449/5489 3164/6416/5491 3735/5452/5492 3869/5450/5490
f 3869/5450/5490 3735/5452/5492 3130/5453/5493 3736/5454/5494
f 3130/5453/5493 3737/5455/5495 3870/5456/5496 3736/5454/5494
f 3737/5455/5495 3166/6409/5497 3738/5458/5498 3870/5456/5496
f 3870/5456/5496 3738/5458/5498 3131/5459/5499 3739/5460/5500
f 3131/5459/5499 3740/5461/5501 3871/5462/5502 3739/5460/5500
f 3740/5461/5501 3168/6402/5503 3741/5464/5504 3871/5462/5502
f 3871/5462/5502 3741/5464/5504 3132/5465/5505 3742/5466/5506
f 3132/5465/5505 3743/5467/5507 3872/5468/5508 3742/5466/5506
f 3743/5467/5507 3170/6395/5509 3744/5470/5510 3872/5468/5508
f 3872/5468/5508 3744/5470/5510 3133/5471/5511 3745/5472/5512
f 3133/5471/5511 3746/5473/5513 3873/5474/5514 3745/5472/5512
f 3746/5473/5513 3172/6388/5515 3747/5476/5516 3873/5474/5514
f 3873/5474/5514 3747/5476/5516 3134/5477/5517 3748/5478/5518
f 3134/5477/5517 3749/5479/5519 3874/5480/5520 3748/5478/5518
f 3749/5479/5519 3174/6381/5521 3750/5482/5522 3874/5480/5520
f 3874/5480/5520 3750/5482/5522 3135/5483/5523 3751/5484/5524
f 3135/5483/5523 3752/5485/5525 3875/5486/5526 3751/5484/5524
f 3752/5485/5525 3176/6374/5527 3753/5488/5528 3875/5486/5526
f 3875/5486/5526 3753/5488/5528 3136/5489/5529 3754/5490/5530
f 3136/5489/5529 3755/5491/5531 3876/5492/5532 3754/5490/5530
f 3755/5491/5531 3178/6367/5533 3756/5494/5534 3876/5492/5532
f 3876/5492/5532 3756/5494/5534 3137/5495/5535 3757/5496/5536
f 3137/5495/5535 3758/5497/5537 3877/5498/5538 3757/5496/5536
f 3758/5497/5537 3180/6360/5539 3759/5500/5540 3877/5498/5538
f 3877/5498/5538 3759/5500/5540 3138/5501/5541 3760/5502/5542
f 3138/5501/5541 3761/5503/5543 3878/5504/5544 3760/5502/5542
f 3761/5503/5543 3182/6353/5545 3762/5506/5546 3878/5504/5544
f 3878/5504/5544 3762/5506/5546 3139/5507/5547 3763/5508/5548
f 3139/5507/5547 3764/5509/5549 3879/5510/5550 3763/5508/5548
f 3764/5509/5549 3184/6346/5551 3765/5512/5552 3879/5510/5550
f 3879/5510/5550 3765/5512/5552 3140/5513/5553 3766/5514/5554
f 3140/5513/5553 3767/5515/5555 3880/5516/5556 3766/5514/5554
f 3767/5515/5555 3186/6339/5557 3768/5518/5558 3880/5516/5556
f 3880/5516/5556 3768/5518/5558 3141/5519/5559 3769/5520/5560
f 3141/5519/5559 3770/5521/5561 3881/5522/5562 3769/5520/5560
f 3770/5521/5561 3148/6472/5563 3771/5524/5564 3881/5522/5562
f 3881/5522/5562 3771/5524/5564 3142/5525/5565 3772/5526/5566
f 3142/5525/5565 3773/5527/5567 3882/5528/5568 3772/5526/5566
f 3773/5527/5567 3150/6465/5569 3774/5530/5570 3882/5528/5568
f 3882/5528/5568 3774/5530/5570 3143/5531/5571 3775/5532/5572
f 3143/5531/5571 3776/5533/5573 3883/5534/5574 3775/5532/5572
f 3776/5533/5573 3152/6458/5575 3777/5536/5576 3883/5534/5574
f 3883/5534/5574 3777/5536/5576 3144/5537/5577 3778/5538/5578
f 3144/5537/5577 3779/5539/5579 3884/5540/5580 3778/5538/5578
f 3779/5539/5579 3154/6451/5581 3780/5542/5582 3884/5540/5580
f 3884/5540/5580 3780/5542/5582 3145/5543/5583 3781/5544/5584
f 3145/5543/5583 3782/5545/5585 3885/5546/5586 3781/5544/5584
f 3782/5545/5585 3156/6444/5587 3783/5548/5588 3885/5546/5586
f 3885/5546/5586 3783/5548/5588 3146/5549/5589 3784/5550/5590
f 3146/5549/5589 3785/5551/5591 3886/5552/5592 3784/5550/5590
f 3785/5551/5591 3158/6437/5593 3786/5554/5594 3886/5552/5592
f 3886/5552/5592 3786/5554/5594 3127/5435/5475 3730/5438/5478
f 3267/5555/5595 3787/5556/5596 3887/6314/5597 3790/6209/5598
f 3787/5556/5596 3268/5559/5599 3788/5560/5600 3887/6314/5597
f 3887/5557/5597 3788/6212/5600 3269/6469/5601 3789/6468/5602
f 3790/5558/5598 3887/5557/5597 3789/6468/5602 3270/5563/5603
f 3271/5564/5604 3791/5565/5605 3888/6313/5606 3794/6203/5607
f 3791/5565/5605 3272/5568/5608 3792/5569/5609 3888/6313/5606
f 3888/5566/5606 3792/6206/5609 3273/6462/5610 3793/6461/5611
f 3794/5567/5607 3888/5566/5606 3793/6461/5611 3274/5572/5612
f 3275/5573/5613 3795/5574/5614 3889/6312/5615 3798/6197/5616
f 3795/5574/5614 3276/5577/5617 3796/5578/5618 3889/6312/5615
f 3889/5575/5615 3796/6200/5618 3277/6455/5619 3797/6454/5620
f 3798/5576/5616 3889/5575/5615 3797/6454/5620 3278/5581/5621
f 3279/5582/5622 3799/5583/5623 3890/6311/5624 3802/6191/5625
f 3799/5583/5623 3280/5586/5626 3800/5587/5627 3890/6311/5624
f 3890/5584/5624 3800/6194/5627 3281/6448/5628 3801/6447/5629
f 3802/5585/5625 3890/5584/5624 3801/6447/5629 3282/5590/5630
f 3283/5591/5631 3803/5592/5632 3891/6310/5633 3806/6185/5634
f 3803/5592/5632 3284/5595/5635 3804/5596/5636 3891/6310/5633
f 3891/5593/5633 3804/6188/5636 3285/6441/5637 3805/6440/5638
f 3806/5594/5634 3891/5593/5633 3805/6440/5638 3286/5599/5639
f 3287/5600/5640 3807/5601/5641 3892/6309/5642 3810/6179/5643
f 3807/5601/5641 3288/5604/5644 3808/5605/5645 3892/6309/5642
f 3892/5602/5642 3808/6182/5645 3289/6434/5646 3809/6433/5647
f 3810/5603/5643 3892/5602/5642 3809/6433/5647 3290/5608/5648
f 3291/5609/5649 3811/5610/5650 3893/6308/5651 3814/6173/5652
f 3811/5610/5650 3292/5613/5653 3812/5614/5654 3893/6308/5651
f 3893/5611/5651 3812/6176/5654 3293/6427/5655 3813/6426/5656
f 3814/5612/5652 3893/5611/5651 3813/6426/5656 3294/5617/5657
f 3295/5618/5658 3815/5619/5659 3894/6307/5660 3818/6167/5661
f 3815/5619/5659 3296/5622/5662 3816/5623/5663 3894/6307/5660
f 3894/5620/5660 3816/6170/5663 3297/6420/5664 3817/6419/5665
f 3818/5621/5661 3894/5620/5660 3817/6419/5665 3298/5626/5666
f 3299/5627/5667 3819/5628/5668 3895/6306/5669 3822/6161/5670
f 3819/5628/5668 3300/5631/5671 3820/5632/5672 3895/6306/5669
f 3895/5629/5669 3820/6164/5672 3301/6413/5673 3821/6412/5674
f 3822/5630/5670 3895/5629/5669 3821/6412/5674 3302/5635/5675
f 3303/5636/5676 3823/5637/5677 3896/6305/5678 3826/6155/5679
f 3823/5637/5677 3304/5640/5680 3824/5641/5681 3896/6305/5678
f 3896/5638/5678 3824/6158/5681 3305/6406/5682 3825/6405/5683
f 3826/5639/5679 3896/5638/5678 3825/6405/5683 3306/5644/5684
f 3307/5645/5685 3347/5646/5686 3897/6304/5687 3350/6149/5688
f 3347/5646/5686 3308/5649/5689 3348/5650/5690 3897/6304/5687
f 3897/5647/5687 3348/6152/5690 3309/6399/5691 3349/6398/5692
f 3350/5648/5688 3897/5647/5687 3349/6398/5692 3310/5653/5693
f 3311/5654/5694 3351/5655/5695 3898/6303/5696 3354/6143/5697
f 3351/5655/5695 3312/5658/5698 3352/5659/5699 3898/6303/5696
f 3898/5656/5696 3352/6146/5699 3313/6392/5700 3353/6391/5701
f 3354/5657/5697 3898/5656/5696 3353/6391/5701 3314/5662/5702
f 3315/5663/5703 3355/5664/5704 3899/6302/5705 3358/6137/5706
f 3355/5664/5704 3316/5667/5707 3356/5668/5708 3899/6302/5705
f 3899/5665/5705 3356/6140/5708 3317/6385/5709 3357/6384/5710
f 3358/5666/5706 3899/5665/5705 3357/6384/5710 3318/5671/5711
f 3319/5672/5712 3359/5673/5713 3900/6301/5714 3362/6131/5715
f 3359/5673/5713 3320/5676/5716 3360/5677/5717 3900/6301/5714
f 3900/5674/5714 3360/6134/5717 3321/6378/5718 3361/6377/5719
f 3362/5675/5715 3900/5674/5714 3361/6377/5719 3322/5680/5720
f 3323/5681/5721 3363/5682/5722 3901/6300/5723 3366/6125/5724
f 3363/5682/5722 3324/5685/5725 3364/5686/5726 3901/6300/5723
f 3901/5683/5723 3364/6128/5726 3325/6371/5727 3365/6370/5728
f 3366/5684/5724 3901/5683/5723 3365/6370/5728 3326/5689/5729
f 3327/5690/5730 3367/5691/5731 3902/6299/5732 3370/6119/5733
f 3367/5691/5731 3328/5694/5734 3368/5695/5735 3902/6299/5732
f 3902/5692/5732 3368/6122/5735 3329/6364/5736 3369/6363/5737
f 3370/5693/5733 3902/5692/5732 3369/6363/5737 3330/5698/5738
f 3331/5699/5739 3371/5700/5740 3903/6298/5741 3374/6113/5742
f 3371/5700/5740 3332/5703/5743 3372/5704/5744 3903/6298/5741
f 3903/5701/5741 3372/6116/5744 3333/6357/5745 3373/6356/5746
f 3374/5702/5742 3903/5701/5741 3373/6356/5746 3334/5707/5747
f 3335/5708/5748 3375/5709/5749 3904/6297/5750 3378/6107/5751
f 3375/5709/5749 3336/5712/5752 3376/5713/5753 3904/6297/5750
f 3904/5710/5750 3376/6110/5753 3337/6350/5754 3377/6349/5755
f 3378/5711/5751 3904/5710/5750 3377/6349/5755 3338/5716/5756
f 3339/5717/5757 3379/5718/5758 3905/6296/5759 3382/6101/5760
f 3379/5718/5758 3340/5721/5761 3380/5722/5762 3905/6296/5759
f 3905/5719/5759 3380/6104/5762 3341/6343/5763 3381/6342/5764
f 3382/5720/5760 3905/5719/5759 3381/6342/5764 3342/5725/5765
f 3343/5726/5766 3383/5727/5767 3906/6295/5768 3386/6095/5769
f 3383/5727/5767 3344/5730/5770 3384/5731/5771 3906/6295/5768
f 3906/5728/5768 3384/6098/5771 3345/6336/5772 3385/6335/5773
f 3386/5729/5769 3906/5728/5768 3385/6335/5773 3346/5734/5774
f 3107/5321/5361 3668/5320/5360 3907/5735/5775 3388/5736/5776
f 3668/5320/5360 3159/5319/5359 3387/5737/5777 3907/5735/5775
f 3907/5735/5775 3387/5737/5777 3188/5139/5179 3587/5136/5176
f 3388/5736/5776 3907/5735/5775 3587/5136/5176 3187/5135/5175
f 3159/5319/5359 3389/5738/5778 3908/6294/5779 3387/5737/5777
f 3389/6175/5778 3160/5439/5479 3390/6574/5780 3908/5739/5779
f 3908/5739/5779 3390/6574/5780 3189/6571/5181 3588/6293/5180
f 3387/5737/5777 3908/6294/5779 3588/5140/5180 3188/5139/5179
f 3160/6430/5479 3727/5436/5476 3909/5741/5781 3390/5740/5780
f 3727/5436/5476 3127/5435/5475 3391/6573/5782 3909/5741/5781
f 3909/5741/5781 3391/6573/5782 3190/6572/5183 3589/5142/5182
f 3390/5740/5780 3909/5741/5781 3589/5142/5182 3189/5141/5181
f 3127/6439/5475 3392/5743/5783 3910/6292/5784 3391/5742/5782
f 3392/6184/5783 3107/5321/5361 3388/5736/5776 3910/5744/5784
f 3910/5744/5784 3388/5736/5776 3187/5135/5175 3590/6291/5178
f 3391/5742/5782 3910/6292/5784 3590/5138/5178 3190/5143/5183
f 3108/5315/5355 3672/5328/5368 3911/5745/5785 3394/5746/5786
f 3672/5328/5368 3161/5327/5367 3393/5747/5787 3911/5745/5785
f 3911/5745/5785 3393/5747/5787 3192/5148/5188 3591/5145/5185
f 3394/5746/5786 3911/5745/5785 3591/5145/5185 3191/5144/5184
f 3161/5327/5367 3395/5748/5788 3912/6290/5789 3393/5747/5787
f 3395/6169/5788 3162/5445/5485 3396/6569/5790 3912/5749/5789
f 3912/5749/5789 3396/6569/5790 3193/6566/5190 3592/6289/5189
f 3393/5747/5787 3912/6290/5789 3592/5149/5189 3192/5148/5188
f 3162/6423/5485 3731/5443/5483 3913/5751/5791 3396/5750/5790
f 3731/5443/5483 3128/5441/5481 3397/6568/5792 3913/5751/5791
f 3913/5751/5791 3397/6568/5792 3194/6567/5192 3593/5151/5191
f 3396/5750/5790 3913/5751/5791 3593/5151/5191 3193/5150/5190
f 3128/6432/5481 3398/5753/5793 3914/6288/5794 3397/5752/5792
f 3398/6178/5793 3108/5315/5355 3394/5746/5786 3914/5754/5794
f 3914/5754/5794 3394/5746/5786 3191/5144/5184 3594/6287/5187
f 3397/5752/5792 3914/6288/5794 3594/5147/5187 3194/5152/5192
f 3109/5323/5363 3675/5334/5374 3915/5755/5795 3400/5756/5796
f 3675/5334/5374 3163/5333/5373 3399/5757/5797 3915/5755/5795
f 3915/5755/5795 3399/5757/5797 3196/5157/5197 3595/5154/5194
f 3400/5756/5796 3915/5755/5795 3595/5154/5194 3195/5153/5193
f 3163/5333/5373 3401/5758/5798 3916/6286/5799 3399/5757/5797
f 3401/6163/5798 3164/5451/5491 3402/6564/5800 3916/5759/5799
f 3916/5759/5799 3402/6564/5800 3197/6561/5199 3596/6285/5198
f 3399/5757/5797 3916/6286/5799 3596/5158/5198 3196/5157/5197
f 3164/6416/5491 3734/5449/5489 3917/5761/5801 3402/5760/5800
f 3734/5449/5489 3129/5447/5487 3403/6563/5802 3917/5761/5801
f 3917/5761/5801 3403/6563/5802 3198/6562/5201 3597/5160/5200
f 3402/5760/5800 3917/5761/5801 3597/5160/5200 3197/5159/5199
f 3129/6425/5487 3404/5763/5803 3918/6284/5804 3403/5762/5802
f 3404/6172/5803 3109/5323/5363 3400/5756/5796 3918/5764/5804
f 3918/5764/5804 3400/5756/5796 3195/5153/5193 3598/6283/5196
f 3403/5762/5802 3918/6284/5804 3598/5156/5196 3198/5161/5201
f 3110/5329/5369 3678/5340/5380 3919/5765/5805 3406/5766/5806
f 3678/5340/5380 3165/5339/5379 3405/5767/5807 3919/5765/5805
f 3919/5765/5805 3405/5767/5807 3200/5166/5206 3599/5163/5203
f 3406/5766/5806 3919/5765/5805 3599/5163/5203 3199/5162/5202
f 3165/5339/5379 3407/5768/5808 3920/6282/5809 3405/5767/5807
f 3407/6157/5808 3166/5457/5497 3408/6559/5810 3920/5769/5809
f 3920/5769/5809 3408/6559/5810 3201/6556/5208 3600/6281/5207
f 3405/5767/5807 3920/6282/5809 3600/5167/5207 3200/5166/5206
f 3166/6409/5497 3737/5455/5495 3921/5771/5811 3408/5770/5810
f 3737/5455/5495 3130/5453/5493 3409/6558/5812 3921/5771/5811
f 3921/5771/5811 3409/6558/5812 3202/6557/5210 3601/5169/5209
f 3408/5770/5810 3921/5771/5811 3601/5169/5209 3201/5168/5208
f 3130/6418/5493 3410/5773/5813 3922/6280/5814 3409/5772/5812
f 3410/6166/5813 3110/5329/5369 3406/5766/5806 3922/5774/5814
f 3922/5774/5814 3406/5766/5806 3199/5162/5202 3602/6279/5205
f 3409/5772/5812 3922/6280/5814 3602/5165/5205 3202/5170/5210
f 3111/5335/5375 3681/5346/5386 3923/5775/5815 3412/5776/5816
f 3681/5346/5386 3167/5345/5385 3411/5777/5817 3923/5775/5815
f 3923/5775/5815 3411/5777/5817 3204/5175/5215 3603/5172/5212
f 3412/5776/5816 3923/5775/5815 3603/5172/5212 3203/5171/5211
f 3167/5345/5385 3413/5778/5818 3924/6278/5819 3411/5777/5817
f 3413/6151/5818 3168/5463/5503 3414/6554/5820 3924/5779/5819
f 3924/5779/5819 3414/6554/5820 3205/6551/5217 3604/6277/5216
f 3411/5777/5817 3924/6278/5819 3604/5176/5216 3204/5175/5215
f 3168/6402/5503 3740/5461/5501 3925/5781/5821 3414/5780/5820
f 3740/5461/5501 3131/5459/5499 3415/6553/5822 3925/5781/5821
f 3925/5781/5821 3415/6553/5822 3206/6552/5219 3605/5178/5218
f 3414/5780/5820 3925/5781/5821 3605/5178/5218 3205/5177/5217
f 3131/6411/5499 3416/5783/5823 3926/6276/5824 3415/5782/5822
f 3416/6160/5823 3111/5335/5375 3412/5776/5816 3926/5784/5824
f 3926/5784/5824 3412/5776/5816 3203/5171/5211 3606/6275/5214
f 3415/5782/5822 3926/6276/5824 3606/5174/5214 3206/5179/5219
f 3112/5341/5381 3684/5352/5392 3927/5785/5825 3418/5786/5826
f 3684/5352/5392 3169/5351/5391 3417/5787/5827 3927/5785/5825
f 3927/5785/5825 3417/5787/5827 3208/5184/5224 3607/5181/5221
f 3418/5786/5826 3927/5785/5825 3607/5181/5221 3207/5180/5220
f 3169/5351/5391 3419/5788/5828 3928/6274/5829 3417/5787/5827
f 3419/6145/5828 3170/5469/5509 3420/6549/5830 3928/5789/5829
f 3928/5789/5829 3420/6549/5830 3209/6546/5226 3608/6273/5225
f 3417/5787/5827 3928/6274/5829 3608/5185/5225 3208/5184/5224
f 3170/6395/5509 3743/5467/5507 3929/5791/5831 3420/5790/5830
f 3743/5467/5507 3132/5465/5505 3421/6548/5832 3929/5791/5831
f 3929/5791/5831 3421/6548/5832 3210/6547/5228 3609/5187/5227
f 3420/5790/5830 3929/5791/5831 3609/5187/5227 3209/5186/5226
f 3132/6404/5505 3422/5793/5833 3930/6272/5834 3421/5792/5832
f 3422/6154/5833 3112/5341/5381 3418/5786/5826 3930/5794/5834
f 3930/5794/5834 3418/5786/5826 3207/5180/5220 3610/6271/5223
f 3421/5792/5832 3930/6272/5834 3610/5183/5223 3210/5188/5228
f 3113/5347/5387 3687/5358/5398 3931/5795/5835 3424/5796/5836
f 3687/5358/5398 3171/5357/5397 3423/5797/5837 3931/5795/5835
f 3931/5795/5835 3423/5797/5837 3212/5193/5233 3611/5190/5230
f 3424/5796/5836 3931/5795/5835 3611/5190/5230 3211/5189/5229
f 3171/5357/5397 3425/5798/5838 3932/6270/5839 3423/5797/5837
f 3425/6139/5838 3172/5475/5515 3426/6544/5840 3932/5799/5839
f 3932/5799/5839 3426/6544/5840 3213/6541/5235 3612/6269/5234
f 3423/5797/5837 3932/6270/5839 3612/5194/5234 3212/5193/5233
f 3172/6388/5515 3746/5473/5513 3933/5801/5841 3426/5800/5840
f 3746/5473/5513 3133/5471/5511 3427/6543/5842 3933/5801/5841
f 3933/5801/5841 3427/6543/5842 3214/6542/5237 3613/5196/5236
f 3426/5800/5840 3933/5801/5841 3613/5196/5236 3213/5195/5235
f 3133/6397/5511 3428/5803/5843 3934/6268/5844 3427/5802/5842
f 3428/6148/5843 3113/5347/5387 3424/5796/5836 3934/5804/5844
f 3934/5804/5844 3424/5796/5836 3211/5189/5229 3614/6267/5232
f 3427/5802/5842 3934/6268/5844 3614/5192/5232 3214/5197/5237
f 3114/5353/5393 3690/5364/5404 3935/5805/5845 3430/5806/5846
f 3690/5364/5404 3173/5363/5403 3429/5807/5847 3935/5805/5845
f 3935/5805/5845 3429/5807/5847 3216/5202/5242 3615/5199/5239
f 3430/5806/5846 3935/5805/5845 3615/5199/5239 3215/5198/5238
f 3173/5363/5403 3431/5808/5848 3936/6266/5849 3429/5807/5847
f 3431/6133/5848 3174/5481/5521 3432/6539/5850 3936/5809/5849
f 3936/5809/5849 3432/6539/5850 3217/6536/5244 3616/6265/5243
f 3429/5807/5847 3936/6266/5849 3616/5203/5243 3216/5202/5242
f 3174/6381/5521 3749/5479/5519 3937/5811/5851 3432/5810/5850
f 3749/5479/5519 3134/5477/5517 3433/6538/5852 3937/5811/5851
f 3937/5811/5851 3433/6538/5852 3218/6537/5246 3617/5205/5245
f 3432/5810/5850 3937/5811/5851 3617/5205/5245 3217/5204/5244
f 3134/6390/5517 3434/5813/5853 3938/6264/5854 3433/5812/5852
f 3434/6142/5853 3114/5353/5393 3430/5806/5846 3938/5814/5854
f 3938/5814/5854 3430/5806/5846 3215/5198/5238 3618/6263/5241
f 3433/5812/5852 3938/6264/5854 3618/5201/5241 3218/5206/5246
f 3115/5359/5399 3693/5370/5410 3939/5815/5855 3436/5816/5856
f 3693/5370/5410 3175/5369/5409 3435/5817/5857 3939/5815/5855
f 3939/5815/5855 3435/5817/5857 3220/5211/5251 3619/5208/5248
f 3436/5816/5856 3939/5815/5855 3619/5208/5248 3219/5207/5247
f 3175/5369/5409 3437/5818/5858 3940/6262/5859 3435/5817/5857
f 3437/6127/5858 3176/5487/5527 3438/6534/5860 3940/5819/5859
f 3940/5819/5859 3438/6534/5860 3221/6531/5253 3620/6261/5252
f 3435/5817/5857 3940/6262/5859 3620/5212/5252 3220/5211/5251
f 3176/6374/5527 3752/5485/5525 3941/5821/5861 3438/5820/5860
f 3752/5485/5525 3135/5483/5523 3439/6533/5862 3941/5821/5861
f 3941/5821/5861 3439/6533/5862 3222/6532/5255 3621/5214/5254
f 3438/5820/5860 3941/5821/5861 3621/5214/5254 3221/5213/5253
f 3135/6383/5523 3440/5823/5863 3942/6260/5864 3439/5822/5862
f 3440/6136/5863 3115/5359/5399 3436/5816/5856 3942/5824/5864
f 3942/5824/5864 3436/5816/5856 3219/5207/5247 3622/6259/5250
f 3439/5822/5862 3942/6260/5864 3622/5210/5250 3222/5215/5255
f 3116/5365/5405 3696/5376/5416 3943/5825/5865 3442/5826/5866
f 3696/5376/5416 3177/5375/5415 3441/5827/5867 3943/5825/5865
f 3943/5825/5865 3441/5827/5867 3224/5220/5260 3623/5217/5257
f 3442/5826/5866 3943/5825/5865 3623/5217/5257 3223/5216/5256
f 3177/5375/5415 3443/5828/5868 3944/6258/5869 3441/5827/5867
f 3443/6121/5868 3178/5493/5533 3444/6529/5870 3944/5829/5869
f 3944/5829/5869 3444/6529/5870 3225/6526/5262 3624/6257/5261
f 3441/5827/5867 3944/6258/5869 3624/5221/5261 3224/5220/5260
f 3178/6367/5533 3755/5491/5531 3945/5831/5871 3444/5830/5870
f 3755/5491/5531 3136/5489/5529 3445/6528/5872 3945/5831/5871
f 3945/5831/5871 3445/6528/5872 3226/6527/5264 3625/5223/5263
f 3444/5830/5870 3945/5831/5871 3625/5223/5263 3225/5222/5262
f 3136/6376/5529 3446/5833/5873 3946/6256/5874 3445/5832/5872
f 3446/6130/5873 3116/5365/5405 3442/5826/5866 3946/5834/5874
f 3946/5834/5874 3442/5826/5866 3223/5216/5256 3626/6255/5259
f 3445/5832/5872 3946/6256/5874 3626/5219/5259 3226/5224/5264
f 3117/5371/5411 3699/5382/5422 3947/5835/5875 3448/5836/5876
f 3699/5382/5422 3179/5381/5421 3447/5837/5877 3947/5835/5875
f 3947/5835/5875 3447/5837/5877 3228/5229/5269 3627/5226/5266
f 3448/5836/5876 3947/5835/5875 3627/5226/5266 3227/5225/5265
f 3179/5381/5421 3449/5838/5878 3948/6254/5879 3447/5837/5877
f 3449/6115/5878 3180/5499/5539 3450/6524/5880 3948/5839/5879
f 3948/5839/5879 3450/6524/5880 3229/6521/5271 3628/6253/5270
f 3447/5837/5877 3948/6254/5879 3628/5230/5270 3228/5229/5269
f 3180/6360/5539 3758/5497/5537 3949/5841/5881 3450/5840/5880
f 3758/5497/5537 3137/5495/5535 3451/6523/5882 3949/5841/5881
f 3949/5841/5881 3451/6523/5882 3230/6522/5273 3629/5232/5272
f 3450/5840/5880 3949/5841/5881 3629/5232/5272 3229/5231/5271
f 3137/6369/5535 3452/5843/5883 3950/6252/5884 3451/5842/5882
f 3452/6124/5883 3117/5371/5411 3448/5836/5876 3950/5844/5884
f 3950/5844/5884 3448/5836/5876 3227/5225/5265 3630/6251/5268
f 3451/5842/5882 3950/6252/5884 3630/5228/5268 3230/5233/5273
f 3118/5377/5417 3702/5388/5428 3951/5845/5885 3454/5846/5886
f 3702/5388/5428 3181/5387/5427 3453/5847/5887 3951/5845/5885
f 3951/5845/5885 3453/5847/5887 3232/5238/5278 3631/5235/5275
f 3454/5846/5886 3951/5845/5885 3631/5235/5275 3231/5234/5274
f 3181/5387/5427 3455/5848/5888 3952/6250/5889 3453/5847/5887
f 3455/6109/5888 3182/5505/5545 3456/6519/5890 3952/5849/5889
f 3952/5849/5889 3456/6519/5890 3233/6516/5280 3632/6249/5279
f 3453/5847/5887 3952/6250/5889 3632/5239/5279 3232/5238/5278
f 3182/6353/5545 3761/5503/5543 3953/5851/5891 3456/5850/5890
f 3761/5503/5543 3138/5501/5541 3457/6518/5892 3953/5851/5891
f 3953/5851/5891 3457/6518/5892 3234/6517/5282 3633/5241/5281
f 3456/5850/5890 3953/5851/5891 3633/5241/5281 3233/5240/5280
f 3138/6362/5541 3458/5853/5893 3954/6248/5894 3457/5852/5892
f 3458/6118/5893 3118/5377/5417 3454/5846/5886 3954/5854/5894
f 3954/5854/5894 3454/5846/5886 3231/5234/5274 3634/6247/5277
f 3457/5852/5892 3954/6248/5894 3634/5237/5277 3234/5242/5282
f 3119/5383/5423 3705/5394/5434 3955/5855/5895 3460/5856/5896
f 3705/5394/5434 3183/5393/5433 3459/5857/5897 3955/5855/5895
f 3955/5855/5895 3459/5857/5897 3236/5247/5287 3635/5244/5284
f 3460/5856/5896 3955/5855/5895 3635/5244/5284 3235/5243/5283
f 3183/5393/5433 3461/5858/5898 3956/6246/5899 3459/5857/5897
f 3461/6103/5898 3184/5511/5551 3462/6514/5900 3956/5859/5899
f 3956/5859/5899 3462/6514/5900 3237/6511/5289 3636/6245/5288
f 3459/5857/5897 3956/6246/5899 3636/5248/5288 3236/5247/5287
f 3184/6346/5551 3764/5509/5549 3957/5861/5901 3462/5860/5900
f 3764/5509/5549 3139/5507/5547 3463/6513/5902 3957/5861/5901
f 3957/5861/5901 3463/6513/5902 3238/6512/5291 3637/5250/5290
f 3462/5860/5900 3957/5861/5901 3637/5250/5290 3237/5249/5289
f 3139/6355/5547 3464/5863/5903 3958/6244/5904 3463/5862/5902
f 3464/6112/5903 3119/5383/5423 3460/5856/5896 3958/5864/5904
f 3958/5864/5904 3460/5856/5896 3235/5243/5283 3638/6243/5286
f 3463/5862/5902 3958/6244/5904 3638/5246/5286 3238/5251/5291
f 3120/5389/5429 3708/5400/5440 3959/5865/5905 3466/5866/5906
f 3708/5400/5440 3185/5399/5439 3465/5867/5907 3959/5865/5905
f 3959/5865/5905 3465/5867/5907 3240/5256/5296 3639/5253/5293
f 3466/5866/5906 3959/5865/5905 3639/5253/5293 3239/5252/5292
f 3185/5399/5439 3467/5868/5908 3960/6242/5909 3465/5867/5907
f 3467/6097/5908 3186/5517/5557 3468/6509/5910 3960/5869/5909
f 3960/5869/5909 3468/6509/5910 3241/6506/5298 3640/6241/5297
f 3465/5867/5907 3960/6242/5909 3640/5257/5297 3240/5256/5296
f 3186/6339/5557 3767/5515/5555 3961/5871/5911 3468/5870/5910
f 3767/5515/5555 3140/5513/5553 3469/6508/5912 3961/5871/5911
f 3961/5871/5911 3469/6508/5912 3242/6507/5300 3641/5259/5299
f 3468/5870/5910 3961/5871/5911 3641/5259/5299 3241/5258/5298
f 3140/6348/5553 3470/5873/5913 3962/6240/5914 3469/5872/5912
f 3470/6106/5913 3120/5389/5429 3466/5866/5906 3962/5874/5914
f 3962/5874/5914 3466/5866/5906 3239/5252/5292 3642/6239/5295
f 3469/5872/5912 3962/6240/5914 3642/5255/5295 3242/5260/5300
f 3121/5395/5435 3711/5406/5446 3963/5875/5915 3472/5876/5916
f 3711/5406/5446 3147/5405/5445 3471/5877/5917 3963/5875/5915
f 3963/5875/5915 3471/5877/5917 3244/5265/5305 3643/5262/5302
f 3472/5876/5916 3963/5875/5915 3643/5262/5302 3243/5261/5301
f 3147/5405/5445 3473/5878/5918 3964/6238/5919 3471/5877/5917
f 3473/6211/5918 3148/5523/5563 3474/6504/5920 3964/5879/5919
f 3964/5879/5919 3474/6504/5920 3245/6501/5307 3644/6237/5306
f 3471/5877/5917 3964/6238/5919 3644/5266/5306 3244/5265/5305
f 3148/6472/5563 3770/5521/5561 3965/5881/5921 3474/5880/5920
f 3770/5521/5561 3141/5519/5559 3475/6503/5922 3965/5881/5921
f 3965/5881/5921 3475/6503/5922 3246/6502/5309 3645/5268/5308
f 3474/5880/5920 3965/5881/5921 3645/5268/5308 3245/5267/5307
f 3141/6341/5559 3476/5883/5923 3966/6236/5924 3475/5882/5922
f 3476/6100/5923 3121/5395/5435 3472/5876/5916 3966/5884/5924
f 3966/5884/5924 3472/5876/5916 3243/5261/5301 3646/6235/5304
f 3475/5882/5922 3966/6236/5924 3646/5264/5304 3246/5269/5309
f 3122/5401/5441 3714/5412/5452 3967/5885/5925 3478/5886/5926
f 3714/5412/5452 3149/5411/5451 3477/5887/5927 3967/5885/5925
f 3967/5885/5925 3477/5887/5927 3248/5274/5314 3647/5271/5311
f 3478/5886/5926 3967/5885/5925 3647/5271/5311 3247/5270/5310
f 3149/5411/5451 3479/5888/5928 3968/6234/5929 3477/5887/5927
f 3479/6205/5928 3150/5529/5569 3480/6499/5930 3968/5889/5929
f 3968/5889/5929 3480/6499/5930 3249/6496/5316 3648/6233/5315
f 3477/5887/5927 3968/6234/5929 3648/5275/5315 3248/5274/5314
f 3150/6465/5569 3773/5527/5567 3969/5891/5931 3480/5890/5930
f 3773/5527/5567 3142/5525/5565 3481/6498/5932 3969/5891/5931
f 3969/5891/5931 3481/6498/5932 3250/6497/5318 3649/5277/5317
f 3480/5890/5930 3969/5891/5931 3649/5277/5317 3249/5276/5316
f 3142/6474/5565 3482/5893/5933 3970/6232/5934 3481/5892/5932
f 3482/6214/5933 3122/5401/5441 3478/5886/5926 3970/5894/5934
f 3970/5894/5934 3478/5886/5926 3247/5270/5310 3650/6231/5313
f 3481/5892/5932 3970/6232/5934 3650/5273/5313 3250/5278/5318
f 3123/5407/5447 3717/5418/5458 3971/5895/5935 3484/5896/5936
f 3717/5418/5458 3151/5417/5457 3483/5897/5937 3971/5895/5935
f 3971/5895/5935 3483/5897/5937 3252/5283/5323 3651/5280/5320
f 3484/5896/5936 3971/5895/5935 3651/5280/5320 3251/5279/5319
f 3151/5417/5457 3485/5898/5938 3972/6230/5939 3483/5897/5937
f 3485/6199/5938 3152/5535/5575 3486/6494/5940 3972/5899/5939
f 3972/5899/5939 3486/6494/5940 3253/6491/5325 3652/6229/5324
f 3483/5897/5937 3972/6230/5939 3652/5284/5324 3252/5283/5323
f 3152/6458/5575 3776/5533/5573 3973/5901/5941 3486/5900/5940
f 3776/5533/5573 3143/5531/5571 3487/6493/5942 3973/5901/5941
f 3973/5901/5941 3487/6493/5942 3254/6492/5327 3653/5286/5326
f 3486/5900/5940 3973/5901/5941 3653/5286/5326 3253/5285/5325
f 3143/6467/5571 3488/5903/5943 3974/6228/5944 3487/5902/5942
f 3488/6208/5943 3123/5407/5447 3484/5896/5936 3974/5904/5944
f 3974/5904/5944 3484/5896/5936 3251/5279/5319 3654/6227/5322
f 3487/5902/5942 3974/6228/5944 3654/5282/5322 3254/5287/5327
f 3124/5413/5453 3720/5424/5464 3975/5905/5945 3490/5906/5946
f 3720/5424/5464 3153/5423/5463 3489/5907/5947 3975/5905/5945
f 3975/5905/5945 3489/5907/5947 3256/5292/5332 3655/5289/5329
f 3490/5906/5946 3975/5905/5945 3655/5289/5329 3255/5288/5328
f 3153/5423/5463 3491/5908/5948 3976/6226/5949 3489/5907/5947
f 3491/6193/5948 3154/5541/5581 3492/6489/5950 3976/5909/5949
f 3976/5909/5949 3492/6489/5950 3257/6486/5334 3656/6225/5333
f 3489/5907/5947 3976/6226/5949 3656/5293/5333 3256/5292/5332
f 3154/6451/5581 3779/5539/5579 3977/5911/5951 3492/5910/5950
f 3779/5539/5579 3144/5537/5577 3493/6488/5952 3977/5911/5951
f 3977/5911/5951 3493/6488/5952 3258/6487/5336 3657/5295/5335
f 3492/5910/5950 3977/5911/5951 3657/5295/5335 3257/5294/5334
f 3144/6460/5577 3494/5913/5953 3978/6224/5954 3493/5912/5952
f 3494/6202/5953 3124/5413/5453 3490/5906/5946 3978/5914/5954
f 3978/5914/5954 3490/5906/5946 3255/5288/5328 3658/6223/5331
f 3493/5912/5952 3978/6224/5954 3658/5291/5331 3258/5296/5336
f 3125/5419/5459 3723/5430/5470 3979/5915/5955 3496/5916/5956
f 3723/5430/5470 3155/5429/5469 3495/5917/5957 3979/5915/5955
f 3979/5915/5955 3495/5917/5957 3260/5301/5341 3659/5298/5338
f 3496/5916/5956 3979/5915/5955 3659/5298/5338 3259/5297/5337
f 3155/5429/5469 3497/5918/5958 3980/6222/5959 3495/5917/5957
f 3497/6187/5958 3156/5547/5587 3498/6484/5960 3980/5919/5959
f 3980/5919/5959 3498/6484/5960 3261/6481/5343 3660/6221/5342
f 3495/5917/5957 3980/6222/5959 3660/5302/5342 3260/5301/5341
f 3156/6444/5587 3782/5545/5585 3981/5921/5961 3498/5920/5960
f 3782/5545/5585 3145/5543/5583 3499/6483/5962 3981/5921/5961
f 3981/5921/5961 3499/6483/5962 3262/6482/5345 3661/5304/5344
f 3498/5920/5960 3981/5921/5961 3661/5304/5344 3261/5303/5343
f 3145/6453/5583 3500/5923/5963 3982/6220/5964 3499/5922/5962
f 3500/6196/5963 3125/5419/5459 3496/5916/5956 3982/5924/5964
f 3982/5924/5964 3496/5916/5956 3259/5297/5337 3662/6219/5340
f 3499/5922/5962 3982/6220/5964 3662/5300/5340 3262/5305/5345
f 3126/5425/5465 3726/5434/5474 3983/5925/5965 3502/5926/5966
f 3726/5434/5474 3157/5433/5473 3501/5927/5967 3983/5925/5965
f 3983/5925/5965 3501/5927/5967 3264/5310/5350 3663/5307/5347
f 3502/5926/5966 3983/5925/5965 3663/5307/5347 3263/5306/5346
f 3157/5433/5473 3503/5928/5968 3984/6218/5969 3501/5927/5967
f 3503/6181/5968 3158/5553/5593 3504/6479/5970 3984/5929/5969
f 3984/5929/5969 3504/6479/5970 3265/6476/5352 3664/6217/5351
f 3501/5927/5967 3984/6218/5969 3664/5311/5351 3264/5310/5350
f 3158/6437/5593 3785/5551/5591 3985/5931/5971 3504/5930/5970
f 3785/5551/5591 3146/5549/5589 3505/6478/5972 3985/5931/5971
f 3985/5931/5971 3505/6478/5972 3266/6477/5354 3665/5313/5353
f 3504/5930/5970 3985/5931/5971 3665/5313/5353 3265/5312/5352
f 3146/6446/5589 3506/5933/5973 3986/6216/5974 3505/5932/5972
f 3506/6190/5973 3126/5425/5465 3502/5926/5966 3986/5934/5974
f 3986/5934/5974 3502/5926/5966 3263/5306/5346 3666/6215/5349
f 3505/5932/5972 3986/6216/5974 3666/5309/5349 3266/5314/5354
f 3147/5405/5445 3710/5402/5442 3987/5935/5975 3508/5936/5976
f 3710/5402/5442 3122/5401/5441 3507/5937/5977 3987/5935/5975
f 3987/5935/5975 3507/5937/5977 3268/5559/5599 3787/5556/5596
f 3508/5936/5976 3987/5935/5975 3787/5556/5596 3267/5555/5595
f 3122/5401/5441 3482/6214/5933 3988/6213/5978 3507/5937/5977
f 3482/5893/5933 3142/6474/5565 3509/6473/5979 3988/5938/5978
f 3988/5938/5978 3509/6473/5979 3269/6469/5601 3788/6212/5600
f 3507/5937/5977 3988/6213/5978 3788/5560/5600 3268/5559/5599
f 3142/5525/5565 3771/5524/5564 3989/5940/5980 3509/5939/5979
f 3771/5524/5564 3148/6472/5563 3510/6471/5981 3989/5940/5980
f 3989/5940/5980 3510/6471/5981 3270/6470/5603 3789/5562/5602
f 3509/5939/5979 3989/5940/5980 3789/5562/5602 3269/5561/5601
f 3148/5523/5563 3473/6211/5918 3990/6210/5982 3510/5941/5981
f 3473/5878/5918 3147/5405/5445 3508/5936/5976 3990/5942/5982
f 3990/5942/5982 3508/5936/5976 3267/5555/5595 3790/6209/5598
f 3510/5941/5981 3990/6210/5982 3790/5558/5598 3270/5563/5603
f 3149/5411/5451 3713/5408/5448 3991/5943/5983 3512/5944/5984
f 3713/5408/5448 3123/5407/5447 3511/5945/5985 3991/5943/5983
f 3991/5943/5983 3511/5945/5985 3272/5568/5608 3791/5565/5605
f 3512/5944/5984 3991/5943/5983 3791/5565/5605 3271/5564/5604
f 3123/5407/5447 3488/6208/5943 3992/6207/5986 3511/5945/5985
f 3488/5903/5943 3143/6467/5571 3513/6466/5987 3992/5946/5986
f 3992/5946/5986 3513/6466/5987 3273/6462/5610 3792/6206/5609
f 3511/5945/5985 3992/6207/5986 3792/5569/5609 3272/5568/5608
f 3143/5531/5571 3774/5530/5570 3993/5948/5988 3513/5947/5987
f 3774/5530/5570 3150/6465/5569 3514/6464/5989 3993/5948/5988
f 3993/5948/5988 3514/6464/5989 3274/6463/5612 3793/5571/5611
f 3513/5947/5987 3993/5948/5988 3793/5571/5611 3273/5570/5610
f 3150/5529/5569 3479/6205/5928 3994/6204/5990 3514/5949/5989
f 3479/5888/5928 3149/5411/5451 3512/5944/5984 3994/5950/5990
f 3994/5950/5990 3512/5944/5984 3271/5564/5604 3794/6203/5607
f 3514/5949/5989 3994/6204/5990 3794/5567/5607 3274/5572/5612
f 3151/5417/5457 3716/5414/5454 3995/5951/5991 3516/5952/5992
f 3716/5414/5454 3124/5413/5453 3515/5953/5993 3995/5951/5991
f 3995/5951/5991 3515/5953/5993 3276/5577/5617 3795/5574/5614
f 3516/5952/5992 3995/5951/5991 3795/5574/5614 3275/5573/5613
f 3124/5413/5453 3494/6202/5953 3996/6201/5994 3515/5953/5993
f 3494/5913/5953 3144/6460/5577 3517/6459/5995 3996/5954/5994
f 3996/5954/5994 3517/6459/5995 3277/6455/5619 3796/6200/5618
f 3515/5953/5993 3996/6201/5994 3796/5578/5618 3276/5577/5617
f 3144/5537/5577 3777/5536/5576 3997/5956/5996 3517/5955/5995
f 3777/5536/5576 3152/6458/5575 3518/6457/5997 3997/5956/5996
f 3997/5956/5996 3518/6457/5997 3278/6456/5621 3797/5580/5620
f 3517/5955/5995 3997/5956/5996 3797/5580/5620 3277/5579/5619
f 3152/5535/5575 3485/6199/5938 3998/6198/5998 3518/5957/5997
f 3485/5898/5938 3151/5417/5457 3516/5952/5992 3998/5958/5998
f 3998/5958/5998 3516/5952/5992 3275/5573/5613 3798/6197/5616
f 3518/5957/5997 3998/6198/5998 3798/5576/5616 3278/5581/5621
f 3153/5423/5463 3719/5420/5460 3999/5959/5999 3520/5960/6000
f 3719/5420/5460 3125/5419/5459 3519/5961/6001 3999/5959/5999
f 3999/5959/5999 3519/5961/6001 3280/5586/5626 3799/5583/5623
f 3520/5960/6000 3999/5959/5999 3799/5583/5623 3279/5582/5622
f 3125/5419/5459 3500/6196/5963 4000/6195/6002 3519/5961/6001
f 3500/5923/5963 3145/6453/5583 3521/6452/6003 4000/5962/6002
f 4000/5962/6002 3521/6452/6003 3281/6448/5628 3800/6194/5627
f 3519/5961/6001 4000/6195/6002 3800/5587/5627 3280/5586/5626
f 3145/5543/5583 3780/5542/5582 4001/5964/6004 3521/5963/6003
f 3780/5542/5582 3154/6451/5581 3522/6450/6005 4001/5964/6004
f 4001/5964/6004 3522/6450/6005 3282/6449/5630 3801/5589/5629
f 3521/5963/6003 4001/5964/6004 3801/5589/5629 3281/5588/5628
f 3154/5541/5581 3491/6193/5948 4002/6192/6006 3522/5965/6005
f 3491/5908/5948 3153/5423/5463 3520/5960/6000 4002/5966/6006
f 4002/5966/6006 3520/5960/6000 3279/5582/5622 3802/6191/5625
f 3522/5965/6005 4002/6192/6006 3802/5585/5625 3282/5590/5630
f 3155/5429/5469 3722/5426/5466 4003/5967/6007 3524/5968/6008
f 3722/5426/5466 3126/5425/5465 3523/5969/6009 4003/5967/6007
f 4003/5967/6007 3523/5969/6009 3284/5595/5635 3803/5592/5632
f 3524/5968/6008 4003/5967/6007 3803/5592/5632 3283/5591/5631
f 3126/5425/5465 3506/6190/5973 4004/6189/6010 3523/5969/6009
f 3506/5933/5973 3146/6446/5589 3525/6445/6011 4004/5970/6010
f 4004/5970/6010 3525/6445/6011 3285/6441/5637 3804/6188/5636
f 3523/5969/6009 4004/6189/6010 3804/5596/5636 3284/5595/5635
f 3146/5549/5589 3783/5548/5588 4005/5972/6012 3525/5971/6011
f 3783/5548/5588 3156/6444/5587 3526/6443/6013 4005/5972/6012
f 4005/5972/6012 3526/6443/6013 3286/6442/5639 3805/5598/5638
f 3525/5971/6011 4005/5972/6012 3805/5598/5638 3285/5597/5637
f 3156/5547/5587 3497/6187/5958 4006/6186/6014 3526/5973/6013
f 3497/5918/5958 3155/5429/5469 3524/5968/6008 4006/5974/6014
f 4006/5974/6014 3524/5968/6008 3283/5591/5631 3806/6185/5634
f 3526/5973/6013 4006/6186/6014 3806/5594/5634 3286/5599/5639
f 3157/5433/5473 3725/5431/5471 4007/5975/6015 3528/5976/6016
f 3725/5431/5471 3107/5321/5361 3527/5977/6017 4007/5975/6015
f 4007/5975/6015 3527/5977/6017 3288/5604/5644 3807/5601/5641
f 3528/5976/6016 4007/5975/6015 3807/5601/5641 3287/5600/5640
f 3107/5321/5361 3392/6184/5783 4008/6183/6018 3527/5977/6017
f 3392/5743/5783 3127/6439/5475 3529/6438/6019 4008/5978/6018
f 4008/5978/6018 3529/6438/6019 3289/6434/5646 3808/6182/5645
f 3527/5977/6017 4008/6183/6018 3808/5605/5645 3288/5604/5644
f 3127/5435/5475 3786/5554/5594 4009/5980/6020 3529/5979/6019
f 3786/5554/5594 3158/6437/5593 3530/6436/6021 4009/5980/6020
f 4009/5980/6020 3530/6436/6021 3290/6435/5648 3809/5607/5647
f 3529/5979/6019 4009/5980/6020 3809/5607/5647 3289/5606/5646
f 3158/5553/5593 3503/6181/5968 4010/6180/6022 3530/5981/6021
f 3503/5928/5968 3157/5433/5473 3528/5976/6016 4010/5982/6022
f 4010/5982/6022 3528/5976/6016 3287/5600/5640 3810/6179/5643
f 3530/5981/6021 4010/6180/6022 3810/5603/5643 3290/5608/5648
f 3159/5319/5359 3667/5316/5356 4011/5983/6023 3532/5984/6024
f 3667/5316/5356 3108/5315/5355 3531/5985/6025 4011/5983/6023
f 4011/5983/6023 3531/5985/6025 3292/5613/5653 3811/5610/5650
f 3532/5984/6024 4011/5983/6023 3811/5610/5650 3291/5609/5649
f 3108/5315/5355 3398/6178/5793 4012/6177/6026 3531/5985/6025
f 3398/5753/5793 3128/6432/5481 3533/6431/6027 4012/5986/6026
f 4012/5986/6026 3533/6431/6027 3293/6427/5655 3812/6176/5654
f 3531/5985/6025 4012/6177/6026 3812/5614/5654 3292/5613/5653
f 3128/5441/5481 3728/5440/5480 4013/5988/6028 3533/5987/6027
f 3728/5440/5480 3160/6430/5479 3534/6429/6029 4013/5988/6028
f 4013/5988/6028 3534/6429/6029 3294/6428/5657 3813/5616/5656
f 3533/5987/6027 4013/5988/6028 3813/5616/5656 3293/5615/5655
f 3160/5439/5479 3389/6175/5778 4014/6174/6030 3534/5989/6029
f 3389/5738/5778 3159/5319/5359 3532/5984/6024 4014/5990/6030
f 4014/5990/6030 3532/5984/6024 3291/5609/5649 3814/6173/5652
f 3534/5989/6029 4014/6174/6030 3814/5612/5652 3294/5617/5657
f 3161/5327/5367 3671/5324/5364 4015/5991/6031 3536/5992/6032
f 3671/5324/5364 3109/5323/5363 3535/5993/6033 4015/5991/6031
f 4015/5991/6031 3535/5993/6033 3296/5622/5662 3815/5619/5659
f 3536/5992/6032 4015/5991/6031 3815/5619/5659 3295/5618/5658
f 3109/5323/5363 3404/6172/5803 4016/6171/6034 3535/5993/6033
f 3404/5763/5803 3129/6425/5487 3537/6424/6035 4016/5994/6034
f 4016/5994/6034 3537/6424/6035 3297/6420/5664 3816/6170/5663
f 3535/5993/6033 4016/6171/6034 3816/5623/5663 3296/5622/5662
f 3129/5447/5487 3732/5446/5486 4017/5996/6036 3537/5995/6035
f 3732/5446/5486 3162/6423/5485 3538/6422/6037 4017/5996/6036
f 4017/5996/6036 3538/6422/6037 3298/6421/5666 3817/5625/5665
f 3537/5995/6035 4017/5996/6036 3817/5625/5665 3297/5624/5664
f 3162/5445/5485 3395/6169/5788 4018/6168/6038 3538/5997/6037
f 3395/5748/5788 3161/5327/5367 3536/5992/6032 4018/5998/6038
f 4018/5998/6038 3536/5992/6032 3295/5618/5658 3818/6167/5661
f 3538/5997/6037 4018/6168/6038 3818/5621/5661 3298/5626/5666
f 3163/5333/5373 3674/5330/5370 4019/5999/6039 3540/6000/6040
f 3674/5330/5370 3110/5329/5369 3539/6001/6041 4019/5999/6039
f 4019/5999/6039 3539/6001/6041 3300/5631/5671 3819/5628/5668
f 3540/6000/6040 4019/5999/6039 3819/5628/5668 3299/5627/5667
f 3110/5329/5369 3410/6166/5813 4020/6165/6042 3539/6001/6041
f 3410/5773/5813 3130/6418/5493 3541/6417/6043 4020/6002/6042
f 4020/6002/6042 3541/6417/6043 3301/6413/5673 3820/6164/5672
f 3539/6001/6041 4020/6165/6042 3820/5632/5672 3300/5631/5671
f 3130/5453/5493 3735/5452/5492 4021/6004/6044 3541/6003/6043
f 3735/5452/5492 3164/6416/5491 3542/6415/6045 4021/6004/6044
f 4021/6004/6044 3542/6415/6045 3302/6414/5675 3821/5634/5674
f 3541/6003/6043 4021/6004/6044 3821/5634/5674 3301/5633/5673
f 3164/5451/5491 3401/6163/5798 4022/6162/6046 3542/6005/6045
f 3401/5758/5798 3163/5333/5373 3540/6000/6040 4022/6006/6046
f 4022/6006/6046 3540/6000/6040 3299/5627/5667 3822/6161/5670
f 3542/6005/6045 4022/6162/6046 3822/5630/5670 3302/5635/5675
f 3165/5339/5379 3677/5336/5376 4023/6007/6047 3544/6008/6048
f 3677/5336/5376 3111/5335/5375 3543/6009/6049 4023/6007/6047
f 4023/6007/6047 3543/6009/6049 3304/5640/5680 3823/5637/5677
f 3544/6008/6048 4023/6007/6047 3823/5637/5677 3303/5636/5676
f 3111/5335/5375 3416/6160/5823 4024/6159/6050 3543/6009/6049
f 3416/5783/5823 3131/6411/5499 3545/6410/6051 4024/6010/6050
f 4024/6010/6050 3545/6410/6051 3305/6406/5682 3824/6158/5681
f 3543/6009/6049 4024/6159/6050 3824/5641/5681 3304/5640/5680
f 3131/5459/5499 3738/5458/5498 4025/6012/6052 3545/6011/6051
f 3738/5458/5498 3166/6409/5497 3546/6408/6053 4025/6012/6052
f 4025/6012/6052 3546/6408/6053 3306/6407/5684 3825/5643/5683
f 3545/6011/6051 4025/6012/6052 3825/5643/5683 3305/5642/5682
f 3166/5457/5497 3407/6157/5808 4026/6156/6054 3546/6013/6053
f 3407/5768/5808 3165/5339/5379 3544/6008/6048 4026/6014/6054
f 4026/6014/6054 3544/6008/6048 3303/5636/5676 3826/6155/5679
f 3546/6013/6053 4026/6156/6054 3826/5639/5679 3306/5644/5684
f 3167/5345/5385 3680/5342/5382 4027/6015/6055 3548/6016/6056
f 3680/5342/5382 3112/5341/5381 3547/6017/6057 4027/6015/6055
f 4027/6015/6055 3547/6017/6057 3308/5649/5689 3347/5646/5686
f 3548/6016/6056 4027/6015/6055 3347/5646/5686 3307/5645/5685
f 3112/5341/5381 3422/6154/5833 4028/6153/6058 3547/6017/6057
f 3422/5793/5833 3132/6404/5505 3549/6403/6059 4028/6018/6058
f 4028/6018/6058 3549/6403/6059 3309/6399/5691 3348/6152/5690
f 3547/6017/6057 4028/6153/6058 3348/5650/5690 3308/5649/5689
f 3132/5465/5505 3741/5464/5504 4029/6020/6060 3549/6019/6059
f 3741/5464/5504 3168/6402/5503 3550/6401/6061 4029/6020/6060
f 4029/6020/6060 3550/6401/6061 3310/6400/5693 3349/5652/5692
f 3549/6019/6059 4029/6020/6060 3349/5652/5692 3309/5651/5691
f 3168/5463/5503 3413/6151/5818 4030/6150/6062 3550/6021/6061
f 3413/5778/5818 3167/5345/5385 3548/6016/6056 4030/6022/6062
f 4030/6022/6062 3548/6016/6056 3307/5645/5685 3350/6149/5688
f 3550/6021/6061 4030/6150/6062 3350/5648/5688 3310/5653/5693
f 3169/5351/5391 3683/5348/5388 4031/6023/6063 3552/6024/6064
f 3683/5348/5388 3113/5347/5387 3551/6025/6065 4031/6023/6063
f 4031/6023/6063 3551/6025/6065 3312/5658/5698 3351/5655/5695
f 3552/6024/6064 4031/6023/6063 3351/5655/5695 3311/5654/5694
f 3113/5347/5387 3428/6148/5843 4032/6147/6066 3551/6025/6065
f 3428/5803/5843 3133/6397/5511 3553/6396/6067 4032/6026/6066
f 4032/6026/6066 3553/6396/6067 3313/6392/5700 3352/6146/5699
f 3551/6025/6065 4032/6147/6066 3352/5659/5699 3312/5658/5698
f 3133/5471/5511 3744/5470/5510 4033/6028/6068 3553/6027/6067
f 3744/5470/5510 3170/6395/5509 3554/6394/6069 4033/6028/6068
f 4033/6028/6068 3554/6394/6069 3314/6393/5702 3353/5661/5701
f 3553/6027/6067 4033/6028/6068 3353/5661/5701 3313/5660/5700
f 3170/5469/5509 3419/6145/5828 4034/6144/6070 3554/6029/6069
f 3419/5788/5828 3169/5351/5391 3552/6024/6064 4034/6030/6070
f 4034/6030/6070 3552/6024/6064 3311/5654/5694 3354/6143/5697
f 3554/6029/6069 4034/6144/6070 3354/5657/5697 3314/5662/5702
f 3171/5357/5397 3686/5354/5394 4035/6031/6071 3556/6032/6072
f 3686/5354/5394 3114/5353/5393 3555/6033/6073 4035/6031/6071
f 4035/6031/6071 3555/6033/6073 3316/5667/5707 3355/5664/5704
f 3556/6032/6072 4035/6031/6071 3355/5664/5704 3315/5663/5703
f 3114/5353/5393 3434/6142/5853 4036/6141/6074 3555/6033/6073
f 3434/5813/5853 3134/6390/5517 3557/6389/6075 4036/6034/6074
f 4036/6034/6074 3557/6389/6075 3317/6385/5709 3356/6140/5708
f 3555/6033/6073 4036/6141/6074 3356/5668/5708 3316/5667/5707
f 3134/5477/5517 3747/5476/5516 4037/6036/6076 3557/6035/6075
f 3747/5476/5516 3172/6388/5515 3558/6387/6077 4037/6036/6076
f 4037/6036/6076 3558/6387/6077 3318/6386/5711 3357/5670/5710
f 3557/6035/6075 4037/6036/6076 3357/5670/5710 3317/5669/5709
f 3172/5475/5515 3425/6139/5838 4038/6138/6078 3558/6037/6077
f 3425/5798/5838 3171/5357/5397 3556/6032/6072 4038/6038/6078
f 4038/6038/6078 3556/6032/6072 3315/5663/5703 3358/6137/5706
f 3558/6037/6077 4038/6138/6078 3358/5666/5706 3318/5671/5711
f 3173/5363/5403 3689/5360/5400 4039/6039/6079 3560/6040/6080
f 3689/5360/5400 3115/5359/5399 3559/6041/6081 4039/6039/6079
f 4039/6039/6079 3559/6041/6081 3320/5676/5716 3359/5673/5713
f 3560/6040/6080 4039/6039/6079 3359/5673/5713 3319/5672/5712
f 3115/5359/5399 3440/6136/5863 4040/6135/6082 3559/6041/6081
f 3440/5823/5863 3135/6383/5523 3561/6382/6083 4040/6042/6082
f 4040/6042/6082 3561/6382/6083 3321/6378/5718 3360/6134/5717
f 3559/6041/6081 4040/6135/6082 3360/5677/5717 3320/5676/5716
f 3135/5483/5523 3750/5482/5522 4041/6044/6084 3561/6043/6083
f 3750/5482/5522 3174/6381/5521 3562/6380/6085 4041/6044/6084
f 4041/6044/6084 3562/6380/6085 3322/6379/5720 3361/5679/5719
f 3561/6043/6083 4041/6044/6084 3361/5679/5719 3321/5678/5718
f 3174/5481/5521 3431/6133/5848 4042/6132/6086 3562/6045/6085
f 3431/5808/5848 3173/5363/5403 3560/6040/6080 4042/6046/6086
f 4042/6046/6086 3560/6040/6080 3319/5672/5712 3362/6131/5715
f 3562/6045/6085 4042/6132/6086 3362/5675/5715 3322/5680/5720
f 3175/5369/5409 3692/5366/5406 4043/6047/6087 3564/6048/6088
f 3692/5366/5406 3116/5365/5405 3563/6049/6089 4043/6047/6087
f 4043/6047/6087 3563/6049/6089 3324/5685/5725 3363/5682/5722
f 3564/6048/6088 4043/6047/6087 3363/5682/5722 3323/5681/5721
f 3116/5365/5405 3446/6130/5873 4044/6129/6090 3563/6049/6089
f 3446/5833/5873 3136/6376/5529 3565/6375/6091 4044/6050/6090
f 4044/6050/6090 3565/6375/6091 3325/6371/5727 3364/6128/5726
f 3563/6049/6089 4044/6129/6090 3364/5686/5726 3324/5685/5725
f 3136/5489/5529 3753/5488/5528 4045/6052/6092 3565/6051/6091
f 3753/5488/5528 3176/6374/5527 3566/6373/6093 4045/6052/6092
f 4045/6052/6092 3566/6373/6093 3326/6372/5729 3365/5688/5728
f 3565/6051/6091 4045/6052/6092 3365/5688/5728 3325/5687/5727
f 3176/5487/5527 3437/6127/5858 4046/6126/6094 3566/6053/6093
f 3437/5818/5858 3175/5369/5409 3564/6048/6088 4046/6054/6094
f 4046/6054/6094 3564/6048/6088 3323/5681/5721 3366/6125/5724
f 3566/6053/6093 4046/6126/6094 3366/5684/5724 3326/5689/5729
f 3177/5375/5415 3695/5372/5412 4047/6055/6095 3568/6056/6096
f 3695/5372/5412 3117/5371/5411 3567/6057/6097 4047/6055/6095
f 4047/6055/6095 3567/6057/6097 3328/5694/5734 3367/5691/5731
f 3568/6056/6096 4047/6055/6095 3367/5691/5731 3327/5690/5730
f 3117/5371/5411 3452/6124/5883 4048/6123/6098 3567/6057/6097
f 3452/5843/5883 3137/6369/5535 3569/6368/6099 4048/6058/6098
f 4048/6058/6098 3569/6368/6099 3329/6364/5736 3368/6122/5735
f 3567/6057/6097 4048/6123/6098 3368/5695/5735 3328/5694/5734
f 3137/5495/5535 3756/5494/5534 4049/6060/6100 3569/6059/6099
f 3756/5494/5534 3178/6367/5533 3570/6366/6101 4049/6060/6100
f 4049/6060/6100 3570/6366/6101 3330/6365/5738 3369/5697/5737
f 3569/6059/6099 4049/6060/6100 3369/5697/5737 3329/5696/5736
f 3178/5493/5533 3443/6121/5868 4050/6120/6102 3570/6061/6101
f 3443/5828/5868 3177/5375/5415 3568/6056/6096 4050/6062/6102
f 4050/6062/6102 3568/6056/6096 3327/5690/5730 3370/6119/5733
f 3570/6061/6101 4050/6120/6102 3370/5693/5733 3330/5698/5738
f 3179/5381/5421 3698/5378/5418 4051/6063/6103 3572/6064/6104
f 3698/5378/5418 3118/5377/5417 3571/6065/6105 4051/6063/6103
f 4051/6063/6103 3571/6065/6105 3332/5703/5743 3371/5700/5740
f 3572/6064/6104 4051/6063/6103 3371/5700/5740 3331/5699/5739
f 3118/5377/5417 3458/6118/5893 4052/6117/6106 3571/6065/6105
f 3458/5853/5893 3138/6362/5541 3573/6361/6107 4052/6066/6106
f 4052/6066/6106 3573/6361/6107 3333/6357/5745 3372/6116/5744
f 3571/6065/6105 4052/6117/6106 3372/5704/5744 3332/5703/5743
f 3138/5501/5541 3759/5500/5540 4053/6068/6108 3573/6067/6107
f 3759/5500/5540 3180/6360/5539 3574/6359/6109 4053/6068/6108
f 4053/6068/6108 3574/6359/6109 3334/6358/5747 3373/5706/5746
f 3573/6067/6107 4053/6068/6108 3373/5706/5746 3333/5705/5745
f 3180/5499/5539 3449/6115/5878 4054/6114/6110 3574/6069/6109
f 3449/5838/5878 3179/5381/5421 3572/6064/6104 4054/6070/6110
f 4054/6070/6110 3572/6064/6104 3331/5699/5739 3374/6113/5742
f 3574/6069/6109 4054/6114/6110 3374/5702/5742 3334/5707/5747
f 3181/5387/5427 3701/5384/5424 4055/6071/6111 3576/6072/6112
f 3701/5384/5424 3119/5383/5423 3575/6073/6113 4055/6071/6111
f 4055/6071/6111 3575/6073/6113 3336/5712/5752 3375/5709/5749
f 3576/6072/6112 4055/6071/6111 3375/5709/5749 3335/5708/5748
f 3119/5383/5423 3464/6112/5903 4056/6111/6114 3575/6073/6113
f 3464/5863/5903 3139/6355/5547 3577/6354/6115 4056/6074/6114
f 4056/6074/6114 3577/6354/6115 3337/6350/5754 3376/6110/5753
f 3575/6073/6113 4056/6111/6114 3376/5713/5753 3336/5712/5752
f 3139/5507/5547 3762/5506/5546 4057/6076/6116 3577/6075/6115
f 3762/5506/5546 3182/6353/5545 3578/6352/6117 4057/6076/6116
f 4057/6076/6116 3578/6352/6117 3338/6351/5756 3377/5715/5755
f 3577/6075/6115 4057/6076/6116 3377/5715/5755 3337/5714/5754
f 3182/5505/5545 3455/6109/5888 4058/6108/6118 3578/6077/6117
f 3455/5848/5888 3181/5387/5427 3576/6072/6112 4058/6078/6118
f 4058/6078/6118 3576/6072/6112 3335/5708/5748 3378/6107/5751
f 3578/6077/6117 4058/6108/6118 3378/5711/5751 3338/5716/5756
f 3183/5393/5433 3704/5390/5430 4059/6079/6119 3580/6080/6120
f 3704/5390/5430 3120/5389/5429 3579/6081/6121 4059/6079/6119
f 4059/6079/6119 3579/6081/6121 3340/5721/5761 3379/5718/5758
f 3580/6080/6120 4059/6079/6119 3379/5718/5758 3339/5717/5757
f 3120/5389/5429 3470/6106/5913 4060/6105/6122 3579/6081/6121
f 3470/5873/5913 3140/6348/5553 3581/6347/6123 4060/6082/6122
f 4060/6082/6122 3581/6347/6123 3341/6343/5763 3380/6104/5762
f 3579/6081/6121 4060/6105/6122 3380/5722/5762 3340/5721/5761
f 3140/5513/5553 3765/5512/5552 4061/6084/6124 3581/6083/6123
f 3765/5512/5552 3184/6346/5551 3582/6345/6125 4061/6084/6124
f 4061/6084/6124 3582/6345/6125 3342/6344/5765 3381/5724/5764
f 3581/6083/6123 4061/6084/6124 3381/5724/5764 3341/5723/5763
f 3184/5511/5551 3461/6103/5898 4062/6102/6126 3582/6085/6125
f 3461/5858/5898 3183/5393/5433 3580/6080/6120 4062/6086/6126
f 4062/6086/6126 3580/6080/6120 3339/5717/5757 3382/6101/5760
f 3582/6085/6125 4062/6102/6126 3382/5720/5760 3342/5725/5765
f 3185/5399/5439 3707/5396/5436 4063/6087/6127 3584/6088/6128
f 3707/5396/5436 3121/5395/5435 3583/6089/6129 4063/6087/6127
f 4063/6087/6127 3583/6089/6129 3344/5730/5770 3383/5727/5767
f 3584/6088/6128 4063/6087/6127 3383/5727/5767 3343/5726/5766
f 3121/5395/5435 3476/6100/5923 4064/6099/6130 3583/6089/6129
f 3476/5883/5923 3141/6341/5559 3585/6340/6131 4064/6090/6130
f 4064/6090/6130 3585/6340/6131 3345/6336/5772 3384/6098/5771
f 3583/6089/6129 4064/6099/6130 3384/5731/5771 3344/5730/5770
f 3141/5519/5559 3768/5518/5558 4065/6092/6132 3585/6091/6131
f 3768/5518/5558 3186/6339/5557 3586/6338/6133 4065/6092/6132
f 4065/6092/6132 3586/6338/6133 3346/6337/5774 3385/5733/5773
f 3585/6091/6131 4065/6092/6132 3385/5733/5773 3345/5732/5772
f 3186/5517/5557 3467/6097/5908 4066/6096/6134 3586/6093/6133
f 3467/5868/5908 3185/5399/5439 3584/6088/6128 4066/6094/6134
f 4066/6094/6134 3584/6088/6128 3343/5726/5766 3386/6095/5769
f 3586/6093/6133 4066/6096/6134 3386/5729/5769 3346/5734/5774
g default
v -0.075972 0.541379 1.192787
v -0.065671 0.541379 1.192787
v -0.075972 0.529091 1.186892
v -0.065671 0.529091 1.186892
v -0.075972 0.511037 1.224524
v -0.065671 0.511037 1.224524
v -0.075972 0.523326 1.230420
v -0.065671 0.523326 1.230420
v -0.065671 0.533187 1.188857
v -0.075972 0.533187 1.188857
v -0.075972 0.515133 1.226489
v -0.065671 0.515133 1.226489
v -0.065671 0.537283 1.190822
v -0.075972 0.537283 1.190822
v -0.075972 0.519229 1.228454
v -0.065671 0.519229 1.228454
v -0.065671 0.524160 1.207673
v -0.065671 0.528256 1.209638
v -0.065671 0.532353 1.211603
v -0.075972 0.532353 1.211603
v -0.075972 0.528256 1.209638
v -0.075972 0.524160 1.207673
v -0.075972 0.520064 1.205708
v -0.065671 0.520064 1.205708
vt 0.456804 0.071573
vt 0.456804 0.075111
vt 0.452124 0.075111
vt 0.448586 0.075111
vt 0.452124 0.084481
vt 0.452124 0.088019
vt 0.456804 0.084481
vt 0.460341 0.084481
vt 0.456804 0.088019
vt 0.456804 0.062202
vt 0.460341 0.075111
vt 0.448586 0.084481
vt 0.452124 0.062202
vt 0.452124 0.071573
vt 0.453684 0.075111
vt 0.453684 0.071573
vt 0.453684 0.062202
vt 0.453684 0.088019
vt 0.453684 0.084481
vt 0.455244 0.075111
vt 0.455244 0.071573
vt 0.455244 0.062202
vt 0.455244 0.088019
vt 0.455244 0.084481
vt 0.453684 0.079796
vt 0.455244 0.079796
vt 0.456804 0.079796
vt 0.456804 0.066888
vt 0.460341 0.079796
vt 0.455244 0.066888
vt 0.453684 0.066888
vt 0.452124 0.066888
vt 0.448586 0.079796
vt 0.452124 0.079796
vn 0.000000 0.432516 -0.901627
vn 0.000000 0.432516 -0.901627
vn 0.000000 0.432532 -0.901619
vn 0.000000 0.432532 -0.901619
vn 0.000000 -0.901616 -0.432538
vn 0.000000 -0.901616 -0.432538
vn 0.000000 -0.901616 -0.432538
vn 0.000000 -0.901616 -0.432538
vn 0.000000 -0.432534 0.901618
vn 0.000000 -0.432534 0.901618
vn 0.000000 -0.432541 0.901614
vn 0.000000 -0.432541 0.901614
vn 0.000000 0.901617 0.432536
vn 0.000000 0.901617 0.432536
vn 0.000000 0.901617 0.432536
vn 0.000000 0.901617 0.432536
vn 1.000000 -0.000000 0.000000
vn 1.000000 -0.000000 0.000000
vn 1.000000 -0.000000 0.000000
vn 1.000000 -0.000000 0.000000
vn -1.000000 -0.000000 0.000000
vn -1.000000 -0.000000 0.000000
vn -1.000000 -0.000000 0.000000
vn -1.000000 -0.000000 0.000000
vn 0.000000 0.432540 -0.901615
vn 0.000000 0.432540 -0.901615
vn 0.000000 0.432531 -0.901619
vn 0.000000 0.432531 -0.901619
vn -1.000000 -0.000000 0.000000
vn -1.000000 -0.000000 0.000000
vn -1.000000 -0.000000 0.000000
vn -1.000000 -0.000000 0.000000
vn 0.000000 -0.432548 0.901611
vn 0.000000 -0.432548 0.901611
vn 0.000000 -0.432538 0.901616
vn 0.000000 -0.432538 0.901616
vn 1.000000 -0.000000 0.000000
vn 1.000000 -0.000000 0.000000
vn 1.000000 0.000000 0.000000
vn 1.000000 0.000000 0.000000
vn 1.000000 -0.000000 0.000000
vn 1.000000 -0.000000 0.000000
vn 1.000000 -0.000000 0.000000
vn 0.000000 0.901616 0.432537
vn 0.000000 0.901616 0.432537
vn -1.000000 0.000000 0.000000
vn -1.000000 0.000000 0.000000
vn -1.000000 0.000000 0.000000
vn -1.000000 0.000000 0.000000
vn 0.000000 -0.901616 -0.432537
vn 0.000000 -0.901616 -0.432537
vn 1.000000 -0.000000 0.000000
s 1
g pCube131
usemtl initialShadingGroup
f 4067/6575/6135 4068/6576/6136 4079/6594/6137 4080/6595/6138
s 2
f 4089/6607/6139 4090/6608/6140 4072/6579/6141 4071/6586/6142
s 3
f 4081/6597/6143 4082/6598/6144 4074/6581/6145 4073/6583/6146
s 4
f 4073/6582/6147 4074/6581/6148 4085/6601/6149 4086/6603/6150
s 5
f 4085/6601/6151 4074/6581/6152 4082/6598/6153 4084/6600/6154
s 6
f 4073/6584/6155 4086/6602/6156 4087/6604/6157 4081/6596/6158
s 1
f 4076/6590/6159 4075/6589/6160 4070/6577/6161 4069/6588/6162
s 6
f 4077/6591/6163 4088/6605/6164 4089/6606/6165 4071/6587/6166
s 3
f 4071/6580/6167 4072/6579/6168 4078/6593/6169 4077/6592/6170
s 5
f 4090/6608/6171 4083/6599/6172 4078/6593/6173 4072/6579/6174
s 1
f 4080/6595/6138 4079/6594/6137 4075/6589/6160 4076/6590/6159
s 6
f 4081/6596/6158 4087/6604/6157 4088/6605/6164 4077/6591/6163
s 3
f 4077/6592/6170 4078/6593/6169 4082/6598/6144 4081/6597/6143
s 5
f 4084/6600/6154 4082/6598/6153 4078/6593/6173 4083/6599/6172
f 4079/6594/6175 4084/6600/6154 4083/6599/6172 4075/6589/6176
f 4068/6576/6177 4085/6601/6151 4084/6600/6154 4079/6594/6175
s 4
f 4086/6603/6150 4085/6601/6149 4068/6576/6178 4067/6585/6179
s 6
f 4087/6604/6157 4086/6602/6156 4067/6575/6180 4080/6595/6181
f 4088/6605/6164 4087/6604/6157 4080/6595/6181 4076/6590/6182
f 4089/6606/6165 4088/6605/6164 4076/6590/6182 4069/6588/6183
s 2
f 4069/6578/6184 4070/6577/6185 4090/6608/6140 4089/6607/6139
s 5
f 4075/6589/6176 4083/6599/6172 4090/6608/6171 4070/6577/6186
g default
v -0.075972 0.669427 1.179952
v -0.065671 0.669427 1.179952
v -0.075972 0.678057 1.169402
v -0.065671 0.678057 1.169402
v -0.075972 0.651346 1.147550
v -0.065671 0.651346 1.147550
v -0.075972 0.642716 1.158099
v -0.065671 0.642716 1.158099
v -0.065671 0.675181 1.172919
v -0.075972 0.675181 1.172919
v -0.075972 0.648470 1.151066
v -0.065671 0.648470 1.151066
v -0.065671 0.672304 1.176435
v -0.075972 0.672304 1.176435
v -0.075972 0.645593 1.154583
v -0.065671 0.645593 1.154583
v -0.065671 0.661825 1.161992
v -0.065671 0.658948 1.165509
v -0.065671 0.656072 1.169025
v -0.075972 0.656072 1.169025
v -0.075972 0.658948 1.165509
v -0.075972 0.661825 1.161992
v -0.075972 0.664702 1.158476
v -0.065671 0.664702 1.158476
vt 0.468940 0.071573
vt 0.468940 0.075111
vt 0.464260 0.075111
vt 0.460723 0.075111
vt 0.464260 0.084481
vt 0.464260 0.088019
vt 0.468940 0.084481
vt 0.472478 0.084481
vt 0.468940 0.088019
vt 0.468940 0.062202
vt 0.472478 0.075111
vt 0.460723 0.084481
vt 0.464260 0.062202
vt 0.464260 0.071573
vt 0.465820 0.075111
vt 0.465820 0.071573
vt 0.465820 0.062202
vt 0.465820 0.088019
vt 0.465820 0.084481
vt 0.467380 0.075111
vt 0.467380 0.071573
vt 0.467380 0.062202
vt 0.467380 0.088019
vt 0.467380 0.084481
vt 0.465820 0.079796
vt 0.467380 0.079796
vt 0.468940 0.079796
vt 0.468940 0.066888
vt 0.472478 0.079796
vt 0.467380 0.066888
vt 0.465820 0.066888
vt 0.464260 0.066888
vt 0.460723 0.079796
vt 0.464260 0.079796
vn 0.000000 0.773997 0.633190
vn 0.000000 0.773997 0.633190
vn 0.000000 0.773989 0.633200
vn 0.000000 0.773989 0.633200
vn 0.000000 0.633205 -0.773984
vn 0.000000 0.633205 -0.773984
vn 0.000000 0.633205 -0.773984
vn 0.000000 0.633205 -0.773984
vn 0.000000 -0.773981 -0.633209
vn 0.000000 -0.773981 -0.633209
vn 0.000000 -0.773976 -0.633215
vn 0.000000 -0.773976 -0.633215
vn 0.000000 -0.633204 0.773985
vn 0.000000 -0.633204 0.773985
vn 0.000000 -0.633205 0.773984
vn 0.000000 -0.633205 0.773984
vn 1.000000 -0.000000 0.000000
vn 1.000000 0.000000 0.000000
vn 1.000000 -0.000000 0.000000
vn 1.000000 0.000000 0.000000
vn -1.000000 0.000000 0.000000
vn -1.000000 0.000000 0.000000
vn -1.000000 0.000000 0.000000
vn -1.000000 0.000001 0.000000
vn 0.000000 0.773981 0.633209
vn 0.000000 0.773981 0.633209
vn 0.000000 0.773981 0.633209
vn 0.000000 0.773981 0.633209
vn -1.000000 0.000000 0.000000
vn -1.000000 0.000000 0.000000
vn -1.000000 0.000000 0.000000
vn -1.000000 -0.000000 0.000000
vn 0.000000 -0.773991 -0.633197
vn 0.000000 -0.773991 -0.633197
vn 0.000000 -0.773988 -0.633200
vn 0.000000 -0.773988 -0.633200
vn 1.000000 0.000000 0.000000
vn 1.000000 0.000000 0.000000
vn 1.000000 0.000000 0.000000
vn 1.000000 0.000001 0.000000
vn 1.000000 0.000000 0.000000
vn 1.000000 0.000000 0.000000
vn 1.000000 -0.000000 0.000000
vn 0.000000 -0.633205 0.773984
vn 0.000000 -0.633205 0.773984
vn -1.000000 0.000000 0.000000
vn -1.000000 -0.000000 0.000000
vn -1.000000 0.000000 0.000000
vn -1.000000 0.000001 0.000000
vn 0.000000 0.633205 -0.773984
vn 0.000000 0.633205 -0.773984
vn 1.000000 -0.000000 0.000000
s 1
g pCube132
usemtl initialShadingGroup
f 4091/6609/6187 4092/6610/6188 4103/6628/6189 4104/6629/6190
s 2
f 4113/6641/6191 4114/6642/6192 4096/6613/6193 4095/6620/6194
s 3
f 4105/6631/6195 4106/6632/6196 4098/6615/6197 4097/6617/6198
s 4
f 4097/6616/6199 4098/6615/6200 4109/6635/6201 4110/6637/6202
s 5
f 4109/6635/6203 4098/6615/6204 4106/6632/6205 4108/6634/6206
s 6
f 4097/6618/6207 4110/6636/6208 4111/6638/6209 4105/6630/6210
s 1
f 4100/6624/6211 4099/6623/6212 4094/6611/6213 4093/6622/6214
s 6
f 4101/6625/6215 4112/6639/6216 4113/6640/6217 4095/6621/6218
s 3
f 4095/6614/6219 4096/6613/6220 4102/6627/6221 4101/6626/6222
s 5
f 4114/6642/6223 4107/6633/6224 4102/6627/6225 4096/6613/6226
s 1
f 4104/6629/6190 4103/6628/6189 4099/6623/6212 4100/6624/6211
s 6
f 4105/6630/6210 4111/6638/6209 4112/6639/6216 4101/6625/6215
s 3
f 4101/6626/6222 4102/6627/6221 4106/6632/6196 4105/6631/6195
s 5
f 4108/6634/6206 4106/6632/6205 4102/6627/6225 4107/6633/6224
f 4103/6628/6227 4108/6634/6206 4107/6633/6224 4099/6623/6228
f 4092/6610/6229 4109/6635/6203 4108/6634/6206 4103/6628/6227
s 4
f 4110/6637/6202 4109/6635/6201 4092/6610/6230 4091/6619/6231
s 6
f 4111/6638/6209 4110/6636/6208 4091/6609/6232 4104/6629/6233
f 4112/6639/6216 4111/6638/6209 4104/6629/6233 4100/6624/6234
f 4113/6640/6217 4112/6639/6216 4100/6624/6234 4093/6622/6235
s 2
f 4093/6612/6236 4094/6611/6237 4114/6642/6192 4113/6641/6191
s 5
f 4099/6623/6228 4107/6633/6224 4114/6642/6223 4094/6611/6238
g default
v -0.075972 0.710473 0.968178
v -0.065671 0.710473 0.968178
v -0.075972 0.706181 0.955242
v -0.065671 0.706181 0.955242
v -0.075972 0.673426 0.966109
v -0.065671 0.673426 0.966109
v -0.075972 0.677718 0.979045
v -0.065671 0.677718 0.979045
v -0.065671 0.707612 0.959554
v -0.075972 0.707612 0.959554
v -0.075972 0.674856 0.970421
v -0.065671 0.674856 0.970421
v -0.065671 0.709042 0.963866
v -0.075972 0.709042 0.963866
v -0.075972 0.676287 0.974733
v -0.065671 0.676287 0.974733
v -0.065671 0.691234 0.964987
v -0.065671 0.692665 0.969299
v -0.065671 0.694095 0.973611
v -0.075972 0.694095 0.973611
v -0.075972 0.692665 0.969299
v -0.075972 0.691234 0.964987
v -0.075972 0.689803 0.960675
v -0.065671 0.689803 0.960675
vt 0.838071 0.937500
vt 0.838161 0.933964
vt 0.842839 0.934082
vt 0.846376 0.934172
vt 0.843077 0.924714
vt 0.843166 0.921178
vt 0.838398 0.924596
vt 0.834862 0.924506
vt 0.838488 0.921060
vt 0.837834 0.946868
vt 0.834624 0.933874
vt 0.846613 0.924804
vt 0.842513 0.946986
vt 0.842750 0.937618
vt 0.841280 0.934043
vt 0.841190 0.937579
vt 0.840953 0.946947
vt 0.841607 0.921139
vt 0.841517 0.924675
vt 0.839720 0.934003
vt 0.839631 0.937539
vt 0.839393 0.946907
vt 0.840047 0.921099
vt 0.839958 0.924635
vt 0.841399 0.929359
vt 0.839839 0.929319
vt 0.838279 0.929280
vt 0.837952 0.942184
vt 0.834743 0.929190
vt 0.839512 0.942223
vt 0.841072 0.942263
vt 0.842631 0.942302
vt 0.846494 0.929488
vt 0.842958 0.929398
vn 0.000000 0.949130 -0.314885
vn 0.000000 0.949130 -0.314885
vn 0.000000 0.949128 -0.314892
vn 0.000000 0.949128 -0.314892
vn 0.000000 -0.314891 -0.949128
vn 0.000000 -0.314891 -0.949128
vn 0.000000 -0.314893 -0.949127
vn 0.000000 -0.314893 -0.949127
vn 0.000000 -0.949127 0.314894
vn 0.000000 -0.949127 0.314894
vn 0.000000 -0.949124 0.314903
vn 0.000000 -0.949124 0.314903
vn 0.000000 0.314889 0.949128
vn 0.000000 0.314889 0.949128
vn 0.000000 0.314890 0.949128
vn 0.000000 0.314890 0.949128
vn 1.000000 0.000000 0.000000
vn 1.000000 0.000000 0.000000
vn 1.000000 0.000000 0.000000
vn 1.000000 0.000000 0.000000
vn -1.000000 -0.000000 0.000000
vn -1.000000 -0.000000 0.000000
vn -1.000000 -0.000000 0.000000
vn -1.000000 -0.000000 0.000000
vn 0.000000 0.949128 -0.314889
vn 0.000000 0.949128 -0.314889
vn 0.000000 0.949131 -0.314880
vn 0.000000 0.949131 -0.314880
vn -1.000000 -0.000000 0.000000
vn -1.000000 -0.000000 0.000000
vn -1.000000 -0.000000 0.000000
vn -1.000000 -0.000001 0.000000
vn 0.000000 -0.949128 0.314889
vn 0.000000 -0.949128 0.314889
vn 0.000000 -0.949129 0.314887
vn 0.000000 -0.949129 0.314887
vn 1.000000 0.000000 0.000000
vn 1.000000 0.000000 0.000000
vn 1.000000 0.000000 0.000000
vn 1.000000 0.000000 0.000000
vn 1.000000 0.000000 0.000000
vn 1.000000 0.000000 0.000000
vn 1.000000 0.000000 0.000000
vn 0.000000 0.314891 0.949128
vn 0.000000 0.314891 0.949128
vn -1.000000 0.000000 0.000000
vn -1.000000 0.000000 0.000000
vn -1.000000 0.000000 0.000000
vn -1.000000 0.000000 0.000000
vn 0.000000 -0.314889 -0.949128
vn 0.000000 -0.314889 -0.949128
vn 1.000000 0.000000 0.000000
s 1
g pCube133
usemtl initialShadingGroup
f 4115/6643/6239 4116/6644/6240 4127/6662/6241 4128/6663/6242
s 2
f 4137/6675/6243 4138/6676/6244 4120/6647/6245 4119/6654/6246
s 3
f 4129/6665/6247 4130/6666/6248 4122/6649/6249 4121/6651/6250
s 4
f 4121/6650/6251 4122/6649/6252 4133/6669/6253 4134/6671/6254
s 5
f 4133/6669/6255 4122/6649/6256 4130/6666/6257 4132/6668/6258
s 6
f 4121/6652/6259 4134/6670/6260 4135/6672/6261 4129/6664/6262
s 1
f 4124/6658/6263 4123/6657/6264 4118/6645/6265 4117/6656/6266
s 6
f 4125/6659/6267 4136/6673/6268 4137/6674/6269 4119/6655/6270
s 3
f 4119/6648/6271 4120/6647/6272 4126/6661/6273 4125/6660/6274
s 5
f 4138/6676/6275 4131/6667/6276 4126/6661/6277 4120/6647/6278
s 1
f 4128/6663/6242 4127/6662/6241 4123/6657/6264 4124/6658/6263
s 6
f 4129/6664/6262 4135/6672/6261 4136/6673/6268 4125/6659/6267
s 3
f 4125/6660/6274 4126/6661/6273 4130/6666/6248 4129/6665/6247
s 5
f 4132/6668/6258 4130/6666/6257 4126/6661/6277 4131/6667/6276
f 4127/6662/6279 4132/6668/6258 4131/6667/6276 4123/6657/6280
f 4116/6644/6281 4133/6669/6255 4132/6668/6258 4127/6662/6279
s 4
f 4134/6671/6254 4133/6669/6253 4116/6644/6282 4115/6653/6283
s 6
f 4135/6672/6261 4134/6670/6260 4115/6643/6284 4128/6663/6285
f 4136/6673/6268 4135/6672/6261 4128/6663/6285 4124/6658/6286
f 4137/6674/6269 4136/6673/6268 4124/6658/6286 4117/6656/6287
s 2
f 4117/6646/6288 4118/6645/6289 4138/6676/6244 4137/6675/6243
s 5
f 4123/6657/6280 4131/6667/6276 4138/6676/6275 4118/6645/6290
