# This file uses centimeters as units for non-parametric coordinates.

mtllib BasuraSillas.mtl
g default
v 2.876330 0.125433 -5.548737
v 2.853364 0.125433 -5.583109
v 2.818992 0.125433 -5.606075
v 2.778448 0.125433 -5.614140
v 2.737904 0.125433 -5.606075
v 2.703532 0.125433 -5.583109
v 2.680566 0.125433 -5.548738
v 2.672501 0.125433 -5.508193
v 2.680566 0.125433 -5.467650
v 2.703532 0.125433 -5.433278
v 2.737904 0.125433 -5.410313
v 2.778448 0.125433 -5.402248
v 2.818992 0.125433 -5.410313
v 2.853364 0.125433 -5.433278
v 2.876330 0.125433 -5.467650
v 2.884395 0.125433 -5.508193
v 2.778448 0.199480 -5.508193
v 2.916861 -0.281511 -5.565525
v 2.884384 -0.281511 -5.614131
v 2.835780 -0.281511 -5.646605
v 2.778448 -0.281511 -5.658010
v 2.721116 -0.281511 -5.646606
v 2.672512 -0.281511 -5.614131
v 2.640036 -0.281511 -5.565526
v 2.628632 -0.281511 -5.508193
v 2.640036 -0.281511 -5.450862
v 2.672512 -0.281511 -5.402257
v 2.721116 -0.281511 -5.369781
v 2.778448 -0.281511 -5.358377
v 2.835780 -0.281511 -5.369781
v 2.884384 -0.281511 -5.402257
v 2.916860 -0.281511 -5.450862
v 2.928265 -0.281511 -5.508193
v 3.003365 0.190823 -5.601357
v 3.000533 0.199480 -5.600185
v 2.950592 0.190823 -5.680337
v 2.948425 0.199480 -5.678170
v 2.871612 0.190823 -5.733110
v 2.870439 0.199480 -5.730279
v 2.778448 0.190823 -5.751642
v 2.778448 0.199480 -5.748576
v 2.685285 0.190823 -5.733110
v 2.686457 0.199480 -5.730279
v 2.606304 0.190823 -5.680337
v 2.608472 0.199480 -5.678170
v 2.553531 0.190823 -5.601358
v 2.556363 0.199480 -5.600185
v 2.535000 0.190823 -5.508193
v 2.538065 0.199480 -5.508193
v 2.553531 0.190823 -5.415031
v 2.556363 0.199480 -5.416204
v 2.606304 0.190823 -5.336050
v 2.608472 0.199480 -5.338216
v 2.685284 0.190823 -5.283278
v 2.686457 0.199480 -5.286108
v 2.778448 0.190823 -5.264747
v 2.778448 0.199480 -5.267810
v 2.871612 0.190823 -5.283278
v 2.870439 0.199480 -5.286108
v 2.950592 0.190823 -5.336050
v 2.948424 0.199480 -5.338216
v 3.003365 0.190823 -5.415030
v 3.000533 0.199480 -5.416203
v 3.021896 0.190823 -5.508193
v 3.018831 0.199480 -5.508193
vt 0.321188 0.801560
vt 0.327142 0.816261
vt 0.781953 0.236792
vt 0.759961 0.242922
vt 0.310061 0.790258
vt 0.737733 0.248127
vt 0.295455 0.784073
vt 0.715307 0.252399
vt 0.279595 0.783949
vt 0.692721 0.255728
vt 0.264894 0.789903
vt 0.670017 0.258111
vt 0.253590 0.801029
vt 0.647231 0.259542
vt 0.247404 0.815633
vt 0.624406 0.260020
vt 0.247278 0.831493
vt 0.601582 0.259542
vt 0.253232 0.846193
vt 0.578797 0.258111
vt 0.264359 0.857496
vt 0.556092 0.255728
vt 0.278965 0.863680
vt 0.533507 0.252399
vt 0.294826 0.863805
vt 0.511080 0.248127
vt 0.309527 0.857851
vt 0.488852 0.242922
vt 0.320831 0.846725
vt 0.466860 0.236791
vt 0.327017 0.832121
vt 0.445145 0.229747
vt 0.384471 0.804533
vt 0.850513 0.735294
vt 0.813882 0.735294
vt 0.384470 0.843227
vt 0.369664 0.768785
vt 0.884356 0.749312
vt 0.342304 0.741426
vt 0.910257 0.775214
vt 0.306558 0.726619
vt 0.924275 0.809056
vt 0.267868 0.726619
vt 0.924275 0.845687
vt 0.232122 0.741423
vt 0.910257 0.879529
vt 0.204761 0.768779
vt 0.884356 0.905431
vt 0.189951 0.804526
vt 0.850513 0.919449
vt 0.189949 0.843220
vt 0.813883 0.919449
vt 0.204756 0.878968
vt 0.780040 0.905431
vt 0.232116 0.906328
vt 0.754138 0.879529
vt 0.267862 0.921134
vt 0.740120 0.845687
vt 0.306553 0.921135
vt 0.740120 0.809056
vt 0.342299 0.906331
vt 0.754138 0.775214
vt 0.369660 0.878973
vt 0.780040 0.749312
vt 0.832198 0.827372
vt 0.751177 0.078759
vt 0.497638 0.078759
vt 0.387928 0.843914
vt 0.372592 0.880931
vt 0.344259 0.909262
vt 0.307242 0.924593
vt 0.267175 0.924593
vt 0.230158 0.909260
vt 0.201825 0.880928
vt 0.186491 0.843908
vt 0.186492 0.803840
vt 0.201828 0.766821
vt 0.230162 0.738492
vt 0.267179 0.723161
vt 0.307245 0.723161
vt 0.344262 0.738493
vt 0.372595 0.766825
vt 0.387929 0.803844
vt 0.803669 0.229747
vt 0.735820 0.083741
vt 0.512994 0.083741
vt 0.528546 0.088076
vt 0.544265 0.091757
vt 0.560125 0.094778
vt 0.576096 0.097133
vt 0.592153 0.098818
vt 0.608266 0.099830
vt 0.624406 0.100167
vt 0.640548 0.099830
vt 0.656661 0.098818
vt 0.672717 0.097133
vt 0.688689 0.094778
vt 0.704548 0.091757
vt 0.720268 0.088076
vn 0.703030 0.107183 -0.703037
vn 0.918559 0.107182 -0.380476
vn 0.918559 0.107182 -0.380476
vn 0.703030 0.107183 -0.703037
vn 0.380470 0.107182 -0.918561
vn 0.380470 0.107182 -0.918561
vn 0.000003 0.107182 -0.994239
vn 0.000002 0.107182 -0.994240
vn -0.380470 0.107182 -0.918561
vn -0.380470 0.107182 -0.918561
vn -0.703029 0.107183 -0.703038
vn -0.703029 0.107183 -0.703038
vn -0.918559 0.107182 -0.380476
vn -0.918559 0.107182 -0.380476
vn -0.994240 0.107182 -0.000001
vn -0.994239 0.107182 -0.000001
vn -0.918557 0.107182 0.380481
vn -0.918557 0.107182 0.380481
vn -0.703035 0.107183 0.703032
vn -0.703034 0.107183 0.703032
vn -0.380479 0.107185 0.918557
vn -0.380479 0.107185 0.918557
vn -0.000000 0.107185 0.994239
vn 0.000000 0.107185 0.994239
vn 0.380478 0.107185 0.918558
vn 0.380478 0.107185 0.918558
vn 0.703035 0.107183 0.703031
vn 0.703035 0.107183 0.703031
vn 0.918556 0.107182 0.380482
vn 0.918556 0.107182 0.380482
vn 0.994239 0.107182 0.000004
vn 0.994239 0.107182 0.000004
vn 0.870910 0.333743 -0.360737
vn 0.870907 0.333743 -0.360745
vn 0.942668 0.333732 0.000001
vn 0.942668 0.333732 0.000000
vn 0.666573 0.333723 -0.666566
vn 0.666563 0.333723 -0.666575
vn 0.360745 0.333732 -0.870911
vn 0.360742 0.333732 -0.870913
vn 0.000000 0.333765 -0.942656
vn -0.000000 0.333765 -0.942656
vn -0.360746 0.333744 -0.870906
vn -0.360740 0.333744 -0.870908
vn -0.666565 0.333733 -0.666568
vn -0.666562 0.333733 -0.666571
vn -0.870910 0.333741 -0.360740
vn -0.870908 0.333741 -0.360745
vn -0.942665 0.333740 -0.000000
vn -0.942665 0.333740 -0.000000
vn -0.870903 0.333745 0.360751
vn -0.870911 0.333745 0.360733
vn -0.666577 0.333713 0.666566
vn -0.666570 0.333713 0.666574
vn -0.360758 0.333650 0.870937
vn -0.360747 0.333650 0.870942
vn 0.000000 0.333622 0.942707
vn -0.000000 0.333622 0.942707
vn 0.360758 0.333654 0.870936
vn 0.360745 0.333654 0.870941
vn 0.666577 0.333711 0.666568
vn 0.666567 0.333711 0.666578
vn 0.870913 0.333731 0.360741
vn 0.870910 0.333731 0.360747
vn 0.396775 -0.903083 -0.164348
vn 0.303677 -0.903083 -0.303680
vn 0.303678 -0.903083 -0.303680
vn 0.396775 -0.903083 -0.164349
vn 0.164350 -0.903083 -0.396775
vn 0.164350 -0.903083 -0.396775
vn -0.000000 -0.903084 -0.429465
vn 0.000000 -0.903084 -0.429465
vn -0.164350 -0.903083 -0.396775
vn -0.164350 -0.903083 -0.396775
vn -0.303677 -0.903083 -0.303681
vn -0.303677 -0.903083 -0.303680
vn -0.396775 -0.903083 -0.164349
vn -0.396775 -0.903083 -0.164349
vn -0.429467 -0.903083 -0.000000
vn -0.429467 -0.903083 -0.000000
vn -0.396775 -0.903083 0.164351
vn -0.396775 -0.903083 0.164350
vn -0.303677 -0.903083 0.303679
vn -0.303677 -0.903083 0.303679
vn -0.164348 -0.903083 0.396776
vn -0.164348 -0.903083 0.396776
vn -0.000000 -0.903083 0.429467
vn 0.000000 -0.903083 0.429467
vn 0.164347 -0.903083 0.396776
vn 0.164348 -0.903083 0.396776
vn 0.303677 -0.903083 0.303679
vn 0.303677 -0.903083 0.303679
vn 0.396775 -0.903083 0.164351
vn 0.396775 -0.903083 0.164350
vn 0.429467 -0.903083 0.000001
vn 0.429467 -0.903083 0.000001
vn 0.000000 1.000000 0.000000
vn 0.000000 1.000000 -0.000000
vn 0.000000 1.000000 0.000000
vn 0.000000 1.000000 -0.000000
vn 0.000000 1.000000 0.000000
vn 0.000000 1.000000 -0.000000
vn 0.000000 1.000000 0.000000
vn 0.000000 1.000000 -0.000000
vn 0.000000 1.000000 -0.000000
vn 0.000000 1.000000 0.000000
vn 0.000000 1.000000 0.000000
vn 0.000000 1.000000 0.000000
vn 0.000000 1.000000 0.000000
vn 0.000000 1.000000 0.000000
vn 0.000000 1.000000 0.000000
vn 0.000000 1.000000 -0.000000
vn 0.000000 1.000000 0.000000
s 1
g pCylinder6
usemtl initialShadingGroup
f 2/99/1 1/85/2 18/3/3 19/4/4
f 3/98/5 2/99/1 19/4/4 20/6/6
f 4/97/7 3/98/5 20/6/6 21/8/8
f 5/96/9 4/97/7 21/8/8 22/10/10
f 6/95/11 5/96/9 22/10/10 23/12/12
f 7/94/13 6/95/11 23/12/12 24/14/14
f 8/93/15 7/94/13 24/14/14 25/16/16
f 9/92/17 8/93/15 25/16/16 26/18/18
f 10/91/19 9/92/17 26/18/18 27/20/20
f 11/90/21 10/91/19 27/20/20 28/22/22
f 12/89/23 11/90/21 28/22/22 29/24/24
f 13/88/25 12/89/23 29/24/24 30/26/26
f 14/87/27 13/88/25 30/26/26 31/28/28
f 15/86/29 14/87/27 31/28/28 32/30/30
f 16/67/31 15/86/29 32/30/30 33/32/32
f 1/85/2 16/66/31 33/84/32 18/3/3
s 2
f 34/33/33 35/83/34 65/68/35 64/36/36
f 35/83/34 34/33/33 36/37/37 37/82/38
f 37/82/38 36/37/37 38/39/39 39/81/40
f 39/81/40 38/39/39 40/41/41 41/80/42
f 41/80/42 40/41/41 42/43/43 43/79/44
f 43/79/44 42/43/43 44/45/45 45/78/46
f 45/78/46 44/45/45 46/47/47 47/77/48
f 47/77/48 46/47/47 48/49/49 49/76/50
f 49/76/50 48/49/49 50/51/51 51/75/52
f 51/75/52 50/51/51 52/53/53 53/74/54
f 53/74/54 52/53/53 54/55/55 55/73/56
f 55/73/56 54/55/55 56/57/57 57/72/58
f 57/72/58 56/57/57 58/59/59 59/71/60
f 59/71/60 58/59/59 60/61/61 61/70/62
f 61/70/62 60/61/61 62/63/63 63/69/64
f 63/69/64 62/63/63 64/36/36 65/68/35
s 3
f 1/2/65 2/1/66 36/37/67 34/33/68
f 2/1/66 3/5/69 38/39/70 36/37/67
f 3/5/69 4/7/71 40/41/72 38/39/70
f 4/7/71 5/9/73 42/43/74 40/41/72
f 5/9/73 6/11/75 44/45/76 42/43/74
f 6/11/75 7/13/77 46/47/78 44/45/76
f 7/13/77 8/15/79 48/49/80 46/47/78
f 8/15/79 9/17/81 50/51/82 48/49/80
f 9/17/81 10/19/83 52/53/84 50/51/82
f 10/19/83 11/21/85 54/55/86 52/53/84
f 11/21/85 12/23/87 56/57/88 54/55/86
f 12/23/87 13/25/89 58/59/90 56/57/88
f 13/25/89 14/27/91 60/61/92 58/59/90
f 14/27/91 15/29/93 62/63/94 60/61/92
f 15/29/93 16/31/95 64/36/96 62/63/94
f 16/31/95 1/2/65 34/33/68 64/36/96
s 4
f 35/34/97 37/38/98 17/65/99
f 37/38/98 39/40/100 17/65/99
f 39/40/100 41/42/101 17/65/99
f 41/42/101 43/44/102 17/65/99
f 43/44/102 45/46/103 17/65/99
f 45/46/103 47/48/104 17/65/99
f 47/48/104 49/50/105 17/65/99
f 49/50/105 51/52/106 17/65/99
f 51/52/106 53/54/107 17/65/99
f 53/54/107 55/56/108 17/65/99
f 55/56/108 57/58/109 17/65/99
f 57/58/109 59/60/110 17/65/99
f 59/60/110 61/62/111 17/65/99
f 61/62/111 63/64/112 17/65/99
f 63/64/112 65/35/113 17/65/99
f 65/35/113 35/34/97 17/65/99
g default
v 3.757152 0.216495 -4.835751
v 3.746027 0.216495 -4.808832
v 3.784010 0.216495 -4.846901
v 3.767447 -0.241530 -4.770582
v 3.778776 -0.241530 -4.797995
v 3.806127 -0.241530 -4.809350
v 3.979574 0.216495 -4.835751
v 3.952716 0.216495 -4.846901
v 3.990699 0.216495 -4.808832
v 3.930599 -0.241530 -4.809350
v 3.957950 -0.241530 -4.797995
v 3.969280 -0.241530 -4.770582
v 3.757152 0.216495 -4.429127
v 3.784010 0.216495 -4.417977
v 3.746027 0.216495 -4.456046
v 3.806127 -0.241530 -4.455528
v 3.778776 -0.241530 -4.466883
v 3.767447 -0.241530 -4.494296
v 3.979574 0.216495 -4.429127
v 3.990699 0.216495 -4.456046
v 3.952716 0.216495 -4.417977
v 3.969280 -0.241530 -4.494296
v 3.957950 -0.241530 -4.466883
v 3.930599 -0.241530 -4.455528
v 3.771003 -0.241530 -4.500525
v 3.782333 -0.241530 -4.473115
v 3.809686 -0.241530 -4.461761
v 3.784516 -0.294453 -4.477096
v 3.773391 -0.294453 -4.504012
v 3.811375 -0.294453 -4.465947
v 3.771003 -0.241530 -4.764353
v 3.782333 -0.241530 -4.791764
v 3.809686 -0.241530 -4.803117
v 3.784516 -0.294453 -4.787782
v 3.811375 -0.294453 -4.798931
v 3.773391 -0.294453 -4.760866
v 3.927041 -0.241530 -4.461761
v 3.954394 -0.241530 -4.473115
v 3.965724 -0.241530 -4.500525
v 3.952210 -0.294453 -4.477096
v 3.925351 -0.294453 -4.465947
v 3.963336 -0.294453 -4.504012
v 3.965724 -0.241530 -4.764353
v 3.954394 -0.241530 -4.791764
v 3.927041 -0.241530 -4.803117
v 3.952210 -0.294453 -4.787782
v 3.963336 -0.294453 -4.760866
v 3.925351 -0.294453 -4.798931
vt 0.174774 0.542927
vt 0.186766 0.540242
vt 0.217808 0.715895
vt 0.207444 0.718703
vt 0.198898 0.538398
vt 0.228469 0.714819
vt 0.269524 0.532540
vt 0.281834 0.532164
vt 0.284126 0.708202
vt 0.273513 0.709444
vt 0.294177 0.532650
vt 0.294768 0.708635
vt 0.527542 0.584293
vt 0.537901 0.589114
vt 0.098430 0.759067
vt 0.457311 0.752218
vt 0.039640 0.589522
vt 0.108462 0.753502
vt 0.440874 0.551602
vt 0.452566 0.554782
vt 0.404595 0.728424
vt 0.394066 0.725853
vt 0.463968 0.558758
vt 0.414648 0.732687
vt 0.047096 0.954839
vt 0.465386 0.760116
vt 0.416220 0.912113
vt 0.050640 0.934400
vt 0.111195 0.754035
vt 0.405159 0.914766
vt 0.115553 0.962980
vt 0.402900 0.730542
vt 0.106010 0.941821
vt 0.117374 0.942325
vt 0.414456 0.735327
vt 0.094718 0.940605
vt 0.241692 0.964540
vt 0.285065 0.710715
vt 0.229038 0.944551
vt 0.240373 0.943838
vt 0.296735 0.710413
vt 0.217663 0.944551
vt 0.310161 0.956494
vt 0.307115 0.935985
vt 0.229673 0.717184
vt 0.284683 0.939595
vt 0.298788 0.958693
vt 0.295948 0.938143
vt 0.287316 0.960171
vt 0.272828 0.712016
vt 0.218565 0.965266
vt 0.391644 0.726873
vt 0.092481 0.961228
vt 0.455153 0.753938
vt 0.410867 0.934699
vt 0.205805 0.720777
vt 0.230149 0.965266
vt 0.103981 0.962466
vt 0.035701 0.952853
vt 0.217409 0.718561
vt 0.422131 0.931998
vt 0.039450 0.932450
vt 0.029097 0.593901
vt 0.467343 0.757920
vt 0.101294 0.760116
vn -0.997918 -0.050064 -0.040658
vn -0.693352 -0.091652 -0.714747
vn -0.715153 -0.090891 -0.693033
vn -0.998449 -0.048913 -0.026575
vn -0.070111 -0.084871 -0.993922
vn -0.059380 -0.084413 -0.994660
vn 0.070111 -0.084871 -0.993922
vn 0.693351 -0.091651 -0.714748
vn 0.715153 -0.090890 -0.693033
vn 0.059380 -0.084413 -0.994660
vn 0.997918 -0.050062 -0.040659
vn 0.998450 -0.048911 -0.026575
vn -0.070113 -0.084871 0.993922
vn -0.693352 -0.091652 0.714747
vn -0.715153 -0.090891 0.693033
vn -0.059382 -0.084413 0.994660
vn -0.997918 -0.050064 0.040659
vn -0.998449 -0.048913 0.026575
vn 0.997918 -0.050062 0.040659
vn 0.693352 -0.091651 0.714747
vn 0.715154 -0.090890 0.693033
vn 0.998450 -0.048911 0.026575
vn 0.070113 -0.084871 0.993922
vn 0.059382 -0.084413 0.994660
vn -0.081608 -0.081177 0.993353
vn -0.694288 -0.082428 0.714962
vn -0.715412 -0.081716 0.693907
vn -0.075266 -0.081015 0.993867
vn -0.997792 -0.048040 0.045865
vn -0.998331 -0.047232 0.033227
vn 0.997792 -0.048041 0.045866
vn 0.694290 -0.082435 0.714958
vn 0.715406 -0.081723 0.693913
vn 0.998331 -0.047233 0.033228
vn 0.081611 -0.081178 0.993353
vn 0.075264 -0.081016 0.993867
vn 0.081609 -0.081171 -0.993354
vn 0.694290 -0.082430 -0.714960
vn 0.715401 -0.081718 -0.693919
vn 0.075261 -0.081009 -0.993868
vn 0.997792 -0.048041 -0.045865
vn 0.998331 -0.047232 -0.033229
vn -0.997792 -0.048040 -0.045864
vn -0.998331 -0.047232 -0.033227
vn -0.081605 -0.081170 -0.993354
vn -0.075264 -0.081008 -0.993868
vn 0.000000 -1.000000 0.000000
vn 0.000000 -1.000000 0.000000
vn 0.000000 -1.000000 0.000000
vn 0.000000 -1.000000 0.000000
vn 0.000000 -1.000000 0.000001
vn 0.000000 -1.000000 0.000001
vn 0.000000 -1.000000 0.000002
vn 0.000000 -1.000000 0.000001
vn 0.000000 -1.000000 -0.000000
vn 0.000000 -1.000000 -0.000000
vn 0.000000 -1.000000 -0.000000
vn 0.000000 -1.000000 -0.000000
vn 0.000000 -1.000000 0.000000
vn 0.000000 -1.000000 -0.000000
vn 0.000000 -1.000000 -0.000000
vn 0.000000 -1.000000 0.000000
vn 0.000000 -1.000000 0.000000
vn 0.000000 -1.000000 0.000001
vn 0.000000 -1.000000 0.000000
vn 0.000000 -1.000000 0.000000
vn -0.694287 -0.082423 -0.714963
vn -0.715407 -0.081711 -0.693913
vn 0.000000 -1.000000 -0.000000
vn 0.000000 -1.000000 -0.000001
vn 0.000000 -1.000000 -0.000000
vn 0.000000 -1.000000 -0.000001
s 1
g polySurface1 pCube125
usemtl initialShadingGroup
f 67/100/114 66/101/115 70/102/116 69/103/117
f 66/101/115 68/104/118 71/105/119 70/102/116
f 73/106/120 72/107/121 76/108/122 75/109/123
f 72/107/121 74/110/124 77/111/125 76/108/122
f 79/112/126 78/113/127 82/163/128 81/115/129
f 78/162/127 80/116/130 83/117/131 82/114/128
f 85/118/132 84/119/133 88/120/134 87/121/135
f 84/119/133 86/122/136 89/123/137 88/120/134
s 5
f 92/124/138 91/158/139 93/161/140 95/127/141
f 91/160/139 90/154/142 94/129/143 93/126/140
f 104/130/144 103/157/145 105/132/146 107/133/147
f 103/157/145 102/152/148 106/135/149 105/132/146
f 110/136/150 109/156/151 111/138/152 113/139/153
f 109/156/151 108/150/154 112/141/155 111/138/152
s 1
f 81/115/129 89/123/137 86/122/136 79/112/126
f 71/105/119 68/104/118 73/106/120 75/109/123
f 87/121/135 77/111/125 74/110/124 85/118/132
f 69/103/117 83/117/131 80/116/130 67/100/114
s 5
f 96/142/156 101/143/157 94/129/143 90/154/142
f 92/124/138 95/127/141 106/135/149 102/152/148
f 104/130/144 107/133/147 112/141/155 108/150/154
f 98/148/158 110/136/150 113/139/153 100/145/159
s 8
f 83/117/160 69/103/161 96/155/162 90/128/163
f 89/123/164 81/115/165 92/153/166 102/134/167
f 77/111/168 87/121/169 104/151/170 108/140/171
f 71/105/172 75/109/173 110/149/174 98/144/175
f 69/103/161 70/102/176 97/159/177 96/155/162
f 70/102/176 71/105/172 98/144/175 97/159/177
f 81/115/165 82/163/178 91/125/179 92/153/166
f 82/114/178 83/117/160 90/128/163 91/164/179
s 5
f 96/142/156 97/146/180 99/147/181 101/143/157
f 97/146/180 98/148/158 100/145/159 99/147/181
s 8
f 87/121/169 88/120/182 103/131/183 104/151/170
f 88/120/182 89/123/164 102/134/167 103/131/183
f 75/109/173 76/108/184 109/137/185 110/149/174
f 76/108/184 77/111/168 108/140/171 109/137/185
g default
v 2.455229 -0.298809 -4.724217
v 2.450130 -0.298809 -4.731848
v 2.442499 -0.298809 -4.736947
v 2.433497 -0.298809 -4.738738
v 2.424496 -0.298809 -4.736947
v 2.416864 -0.298809 -4.731848
v 2.411765 -0.298809 -4.724217
v 2.409975 -0.298809 -4.715215
v 2.411765 -0.298809 -4.706213
v 2.416864 -0.298809 -4.698583
v 2.424496 -0.298809 -4.693483
v 2.433497 -0.298809 -4.691693
v 2.442499 -0.298809 -4.693483
v 2.450130 -0.298809 -4.698583
v 2.455229 -0.298809 -4.706213
v 2.457019 -0.298809 -4.715215
v 2.449669 -0.281362 -4.721914
v 2.445874 -0.281362 -4.727592
v 2.440195 -0.281362 -4.731387
v 2.433497 -0.281362 -4.732719
v 2.426799 -0.281362 -4.731387
v 2.421120 -0.281362 -4.727592
v 2.417326 -0.281362 -4.721914
v 2.415993 -0.281362 -4.715215
v 2.417326 -0.281362 -4.708517
v 2.421120 -0.281362 -4.702838
v 2.426799 -0.281362 -4.699044
v 2.433497 -0.281362 -4.697711
v 2.440195 -0.281362 -4.699044
v 2.445874 -0.281362 -4.702838
v 2.449669 -0.281362 -4.708517
v 2.451001 -0.281362 -4.715215
v 2.433497 -0.283386 -4.715215
v 2.451569 -0.291098 -4.733287
v 2.457109 -0.291098 -4.724996
v 2.459054 -0.291098 -4.715215
v 2.457109 -0.291098 -4.705435
v 2.451569 -0.291098 -4.697144
v 2.443277 -0.291098 -4.691604
v 2.433497 -0.291098 -4.689658
v 2.423717 -0.291098 -4.691604
v 2.415425 -0.291098 -4.697144
v 2.409886 -0.291098 -4.705435
v 2.407940 -0.291098 -4.715215
v 2.409886 -0.291098 -4.724996
v 2.415425 -0.291098 -4.733287
v 2.423717 -0.291098 -4.738827
v 2.433497 -0.291098 -4.740772
v 2.443277 -0.291098 -4.738827
v 2.776751 0.049239 -4.589536
v 2.776751 0.010615 -4.585402
v 2.314435 0.049239 -4.589536
v 2.314435 0.010615 -4.585402
v 2.746679 0.049239 -4.281083
v 2.344508 0.049239 -4.281083
v 2.344508 0.010615 -4.288967
v 2.746679 0.010615 -4.288967
v 2.777748 0.049239 -4.437371
v 2.313439 0.049239 -4.437371
v 2.313439 0.010615 -4.437371
v 2.777748 0.010615 -4.437371
v 2.339914 0.049239 -4.310911
v 2.339914 0.010615 -4.310911
v 2.751273 0.010615 -4.310911
v 2.751273 0.049239 -4.310911
v 2.478565 0.010615 -4.288967
v 2.477033 0.010615 -4.310911
v 2.468208 0.010615 -4.437371
v 2.468541 0.010615 -4.635509
v 2.468541 0.049239 -4.639643
v 2.468208 0.049239 -4.437371
v 2.477033 0.049239 -4.310911
v 2.478565 0.049239 -4.267923
v 2.612622 0.010615 -4.288967
v 2.614153 0.010615 -4.310911
v 2.622978 0.010615 -4.437371
v 2.622646 0.010615 -4.635509
v 2.622646 0.049239 -4.639643
v 2.622978 0.049239 -4.437371
v 2.614153 0.049239 -4.310911
v 2.612622 0.049239 -4.267923
v 2.545593 0.010615 -4.288967
v 2.545593 0.010615 -4.310911
v 2.545593 0.010615 -4.437371
v 2.545593 0.010615 -4.635509
v 2.545593 0.049239 -4.639643
v 2.545593 0.049239 -4.437371
v 2.545593 0.049239 -4.310911
v 2.545593 0.049239 -4.275807
v 2.326676 0.010615 -4.374141
v 2.472621 0.010615 -4.374141
v 2.545593 0.010615 -4.374141
v 2.618565 0.010615 -4.374141
v 2.764510 0.010615 -4.374141
v 2.326676 0.049239 -4.374141
v 2.472621 0.049239 -4.374141
v 2.545593 0.049239 -4.374141
v 2.618565 0.049239 -4.374141
v 2.764510 0.049239 -4.374141
v 2.343271 0.010498 -4.257922
v 2.747916 0.010498 -4.257922
v 2.380047 0.402899 -4.186469
v 2.711139 0.402899 -4.186469
v 2.372536 0.416053 -4.224865
v 2.718651 0.416053 -4.224865
v 2.372536 0.023841 -4.281764
v 2.718651 0.023841 -4.281764
v 2.781463 0.023841 -4.281764
v 2.765947 0.010518 -4.256404
v 2.781463 0.385717 -4.225226
v 2.765947 0.393345 -4.204330
v 2.309724 0.023841 -4.281764
v 2.325240 0.010518 -4.256404
v 2.325240 0.393345 -4.204330
v 2.309724 0.385717 -4.225226
v 2.769964 0.019735 -4.598989
v 2.807167 0.019735 -4.598989
v 2.321223 0.019735 -4.598989
v 2.284020 0.019735 -4.598989
v 2.777424 0.253028 -4.337042
v 2.758940 0.021788 -4.440376
v 2.794315 0.021788 -4.440376
v 2.815864 0.253028 -4.337042
v 2.313763 0.253028 -4.337042
v 2.275324 0.253028 -4.337042
v 2.296872 0.021788 -4.440376
v 2.332247 0.021788 -4.440376
v 2.613034 0.457125 -4.224376
v 2.613034 0.023841 -4.281764
v 2.613034 0.010498 -4.257922
v 2.600775 0.443971 -4.185980
v 2.478153 0.457125 -4.224376
v 2.478153 0.023841 -4.281764
v 2.478153 0.010498 -4.257922
v 2.490411 0.443971 -4.185980
v 2.328517 0.290282 -4.281480
v 2.292524 0.275114 -4.281661
v 2.303298 0.022814 -4.361070
v 2.337759 0.022814 -4.361070
v 2.798663 0.275114 -4.281661
v 2.762670 0.290282 -4.281480
v 2.753428 0.022814 -4.361070
v 2.787889 0.022814 -4.361070
v 2.830564 0.243028 -4.602020
v 2.831488 0.235739 -4.615700
v 2.828234 0.219999 -4.620314
v 2.877815 0.243028 -4.602020
v 2.875098 0.219999 -4.620314
v 2.878878 0.235713 -4.615671
v 2.260623 0.243028 -4.602020
v 2.262953 0.219999 -4.620314
v 2.259698 0.235739 -4.615700
v 2.213372 0.243028 -4.602020
v 2.212310 0.235713 -4.615671
v 2.216089 0.219999 -4.620314
v 2.824914 0.118199 -4.598151
v 2.785187 0.118199 -4.598151
v 2.755966 0.137707 -4.390774
v 2.746390 0.157430 -4.327356
v 2.709154 0.221359 -4.263046
v 2.609333 0.241870 -4.262631
v 2.481854 0.241870 -4.262631
v 2.382033 0.221359 -4.263046
v 2.344797 0.157430 -4.327356
v 2.335220 0.137707 -4.390774
v 2.300339 0.137707 -4.390774
v 2.311503 0.149855 -4.327509
v 2.322668 0.206209 -4.263351
v 2.337333 0.203573 -4.241686
v 2.371753 0.208408 -4.233979
v 2.487647 0.228919 -4.233564
v 2.603540 0.228919 -4.233564
v 2.719434 0.208408 -4.233979
v 2.753854 0.203573 -4.241686
v 2.768519 0.206209 -4.263351
v 2.779684 0.149855 -4.327509
v 2.790848 0.137707 -4.390774
v 2.306000 0.118199 -4.598151
v 2.266273 0.118199 -4.598151
v 2.851666 0.219999 -4.620314
v 2.805050 0.118199 -4.598151
v 2.788566 0.019735 -4.598989
v 2.776627 0.021788 -4.440376
v 2.770658 0.022814 -4.361070
v 2.750057 0.023841 -4.281764
v 2.756931 0.010508 -4.257163
v 2.736644 0.205991 -4.237832
v 2.738543 0.398122 -4.195400
v 2.750057 0.400885 -4.225046
v 2.780667 0.282698 -4.281570
v 2.796643 0.253028 -4.337042
v 2.854189 0.243028 -4.602020
v 2.855183 0.235726 -4.615685
v 2.239521 0.219999 -4.620314
v 2.286137 0.118199 -4.598151
v 2.302622 0.019735 -4.598989
v 2.314559 0.021788 -4.440376
v 2.320528 0.022814 -4.361070
v 2.341130 0.023841 -4.281764
v 2.334256 0.010508 -4.257163
v 2.354543 0.205991 -4.237832
v 2.352644 0.398122 -4.195400
v 2.341130 0.400885 -4.225046
v 2.310521 0.282698 -4.281570
v 2.294543 0.253028 -4.337042
v 2.236998 0.243028 -4.602020
v 2.236004 0.235726 -4.615685
v 2.569082 -0.086984 -4.447101
v 2.563571 -0.086984 -4.455349
v 2.555323 -0.086984 -4.460860
v 2.545593 -0.086984 -4.462795
v 2.535864 -0.086984 -4.460860
v 2.527616 -0.086984 -4.455349
v 2.522105 -0.086984 -4.447101
v 2.520169 -0.086984 -4.437371
v 2.522105 -0.086984 -4.427642
v 2.527616 -0.086984 -4.419394
v 2.535864 -0.086984 -4.413882
v 2.545593 -0.086984 -4.411947
v 2.555323 -0.086984 -4.413882
v 2.563571 -0.086984 -4.419394
v 2.569082 -0.086984 -4.427642
v 2.571017 -0.086984 -4.437371
v 2.569082 0.010757 -4.447101
v 2.563571 0.010757 -4.455349
v 2.555323 0.010757 -4.460860
v 2.545593 0.010757 -4.462795
v 2.535864 0.010757 -4.460860
v 2.527616 0.010757 -4.455349
v 2.522105 0.010757 -4.447101
v 2.520169 0.010757 -4.437371
v 2.522105 0.010757 -4.427642
v 2.527616 0.010757 -4.419394
v 2.535864 0.010757 -4.413882
v 2.545593 0.010757 -4.411947
v 2.555323 0.010757 -4.413882
v 2.563571 0.010757 -4.419394
v 2.569082 0.010757 -4.427642
v 2.571017 0.010757 -4.437371
v 2.545593 -0.086984 -4.437371
v 2.575412 -0.069272 -4.449722
v 2.568415 -0.069272 -4.460193
v 2.557945 -0.069272 -4.467190
v 2.545593 -0.069272 -4.469646
v 2.533242 -0.069272 -4.467190
v 2.522772 -0.069272 -4.460193
v 2.515775 -0.069272 -4.449722
v 2.513318 -0.069272 -4.437371
v 2.515775 -0.069272 -4.425020
v 2.522772 -0.069272 -4.414549
v 2.533242 -0.069272 -4.407553
v 2.545593 -0.069272 -4.405096
v 2.557944 -0.069272 -4.407553
v 2.568415 -0.069272 -4.414549
v 2.575412 -0.069272 -4.425020
v 2.577869 -0.069272 -4.437371
v 2.575412 -0.036411 -4.449722
v 2.568415 -0.036411 -4.460193
v 2.557945 -0.036411 -4.467190
v 2.545593 -0.036411 -4.469646
v 2.533242 -0.036411 -4.467190
v 2.522772 -0.036411 -4.460193
v 2.515775 -0.036411 -4.449722
v 2.513318 -0.036411 -4.437371
v 2.515775 -0.036411 -4.425020
v 2.522772 -0.036411 -4.414549
v 2.533242 -0.036411 -4.407553
v 2.545593 -0.036411 -4.405096
v 2.557944 -0.036411 -4.407553
v 2.568415 -0.036411 -4.414549
v 2.575412 -0.036411 -4.425020
v 2.577869 -0.036411 -4.437371
v 2.545593 -0.069272 -4.437371
v 2.545593 -0.036411 -4.437371
v 2.815739 -0.239957 -4.549267
v 2.806358 -0.239957 -4.563309
v 2.821175 -0.235151 -4.570464
v 2.831089 -0.235151 -4.555626
v 2.819034 -0.239957 -4.532706
v 2.834571 -0.235151 -4.538123
v 2.450257 -0.239957 -4.710813
v 2.433695 -0.239957 -4.707518
v 2.427337 -0.235151 -4.722868
v 2.444840 -0.235151 -4.726350
v 2.419655 -0.239957 -4.698136
v 2.412499 -0.235151 -4.712953
v 2.272153 -0.239957 -4.342036
v 2.275448 -0.239957 -4.325474
v 2.260097 -0.235151 -4.319116
v 2.256616 -0.235151 -4.336619
v 2.284829 -0.239957 -4.311433
v 2.270012 -0.235151 -4.304277
v 2.640929 -0.239957 -4.163930
v 2.657491 -0.239957 -4.167224
v 2.663850 -0.235151 -4.151874
v 2.646346 -0.235151 -4.148393
v 2.671532 -0.239957 -4.176606
v 2.678688 -0.235151 -4.161789
v 2.815739 -0.281893 -4.549267
v 2.806358 -0.281893 -4.563309
v 2.821175 -0.281893 -4.570464
v 2.831089 -0.281893 -4.555626
v 2.819034 -0.281893 -4.532706
v 2.834571 -0.281893 -4.538123
v 2.450257 -0.281893 -4.710813
v 2.433695 -0.281893 -4.707518
v 2.427337 -0.281893 -4.722868
v 2.444840 -0.281893 -4.726350
v 2.419655 -0.281893 -4.698136
v 2.412499 -0.281893 -4.712953
v 2.272153 -0.281893 -4.342036
v 2.275448 -0.281893 -4.325474
v 2.260097 -0.281893 -4.319116
v 2.256616 -0.281893 -4.336619
v 2.284829 -0.281893 -4.311433
v 2.270012 -0.281893 -4.304277
v 2.640929 -0.281893 -4.163930
v 2.657491 -0.281893 -4.167224
v 2.663850 -0.281893 -4.151874
v 2.646346 -0.281893 -4.148393
v 2.671532 -0.281893 -4.176606
v 2.678688 -0.281893 -4.161789
v 2.680843 -0.298809 -4.172900
v 2.675744 -0.298809 -4.180531
v 2.668113 -0.298809 -4.185630
v 2.659111 -0.298809 -4.187421
v 2.650110 -0.298809 -4.185630
v 2.642479 -0.298809 -4.180531
v 2.637380 -0.298809 -4.172900
v 2.635589 -0.298809 -4.163898
v 2.637380 -0.298809 -4.154897
v 2.642479 -0.298809 -4.147266
v 2.650110 -0.298809 -4.142167
v 2.659111 -0.298809 -4.140376
v 2.668113 -0.298809 -4.142167
v 2.675744 -0.298809 -4.147266
v 2.680843 -0.298809 -4.154897
v 2.682634 -0.298809 -4.163898
v 2.675283 -0.281362 -4.170597
v 2.671488 -0.281362 -4.176275
v 2.665810 -0.281362 -4.180070
v 2.659111 -0.281362 -4.181402
v 2.652413 -0.281362 -4.180070
v 2.646734 -0.281362 -4.176275
v 2.642940 -0.281362 -4.170597
v 2.641608 -0.281362 -4.163898
v 2.642940 -0.281362 -4.157200
v 2.646734 -0.281362 -4.151522
v 2.652413 -0.281362 -4.147727
v 2.659111 -0.281362 -4.146395
v 2.665810 -0.281362 -4.147727
v 2.671488 -0.281362 -4.151522
v 2.675283 -0.281362 -4.157200
v 2.676615 -0.281362 -4.163898
v 2.659111 -0.283386 -4.163898
v 2.677183 -0.291098 -4.181970
v 2.682723 -0.291098 -4.173679
v 2.684668 -0.291098 -4.163898
v 2.682723 -0.291098 -4.154118
v 2.677183 -0.291098 -4.145827
v 2.668892 -0.291098 -4.140287
v 2.659111 -0.291098 -4.138341
v 2.649331 -0.291098 -4.140287
v 2.641040 -0.291098 -4.145827
v 2.635500 -0.291098 -4.154118
v 2.633554 -0.291098 -4.163898
v 2.635500 -0.291098 -4.173679
v 2.641040 -0.291098 -4.181970
v 2.649331 -0.291098 -4.187510
v 2.659111 -0.291098 -4.189456
v 2.668892 -0.291098 -4.187510
v 2.843185 -0.298809 -4.560147
v 2.838086 -0.298809 -4.567778
v 2.830455 -0.298809 -4.572877
v 2.821453 -0.298809 -4.574668
v 2.812452 -0.298809 -4.572877
v 2.804821 -0.298809 -4.567778
v 2.799722 -0.298809 -4.560147
v 2.797931 -0.298809 -4.551146
v 2.799722 -0.298809 -4.542144
v 2.804821 -0.298809 -4.534513
v 2.812452 -0.298809 -4.529414
v 2.821453 -0.298809 -4.527623
v 2.830455 -0.298809 -4.529414
v 2.838086 -0.298809 -4.534513
v 2.843185 -0.298809 -4.542144
v 2.844976 -0.298809 -4.551146
v 2.837625 -0.281362 -4.557844
v 2.833831 -0.281362 -4.563522
v 2.828152 -0.281362 -4.567317
v 2.821453 -0.281362 -4.568649
v 2.814755 -0.281362 -4.567317
v 2.809076 -0.281362 -4.563522
v 2.805282 -0.281362 -4.557844
v 2.803950 -0.281362 -4.551146
v 2.805282 -0.281362 -4.544447
v 2.809076 -0.281362 -4.538769
v 2.814755 -0.281362 -4.534974
v 2.821453 -0.281362 -4.533642
v 2.828152 -0.281362 -4.534974
v 2.833831 -0.281362 -4.538769
v 2.837625 -0.281362 -4.544447
v 2.838957 -0.281362 -4.551146
v 2.821453 -0.283386 -4.551146
v 2.839525 -0.291098 -4.569217
v 2.845065 -0.291098 -4.560926
v 2.847011 -0.291098 -4.551146
v 2.845065 -0.291098 -4.541365
v 2.839525 -0.291098 -4.533074
v 2.831234 -0.291098 -4.527534
v 2.821453 -0.291098 -4.525589
v 2.811673 -0.291098 -4.527534
v 2.803382 -0.291098 -4.533074
v 2.797842 -0.291098 -4.541365
v 2.795896 -0.291098 -4.551146
v 2.797842 -0.291098 -4.560926
v 2.803382 -0.291098 -4.569217
v 2.811673 -0.291098 -4.574757
v 2.821453 -0.291098 -4.576703
v 2.831234 -0.291098 -4.574757
v 2.294297 -0.298809 -4.333620
v 2.289198 -0.298809 -4.341251
v 2.281567 -0.298809 -4.346350
v 2.272566 -0.298809 -4.348141
v 2.263564 -0.298809 -4.346350
v 2.255933 -0.298809 -4.341251
v 2.250834 -0.298809 -4.333620
v 2.249043 -0.298809 -4.324618
v 2.250834 -0.298809 -4.315617
v 2.255933 -0.298809 -4.307986
v 2.263564 -0.298809 -4.302886
v 2.272566 -0.298809 -4.301096
v 2.281567 -0.298809 -4.302886
v 2.289198 -0.298809 -4.307986
v 2.294297 -0.298809 -4.315617
v 2.296088 -0.298809 -4.324618
v 2.288737 -0.281362 -4.331317
v 2.284943 -0.281362 -4.336995
v 2.279264 -0.281362 -4.340790
v 2.272566 -0.281362 -4.342122
v 2.265867 -0.281362 -4.340790
v 2.260189 -0.281362 -4.336995
v 2.256394 -0.281362 -4.331317
v 2.255062 -0.281362 -4.324618
v 2.256394 -0.281362 -4.317920
v 2.260189 -0.281362 -4.312242
v 2.265867 -0.281362 -4.308447
v 2.272566 -0.281362 -4.307115
v 2.279264 -0.281362 -4.308447
v 2.284943 -0.281362 -4.312242
v 2.288737 -0.281362 -4.317920
v 2.290069 -0.281362 -4.324618
v 2.272566 -0.283386 -4.324618
v 2.290637 -0.291098 -4.342690
v 2.296177 -0.291098 -4.334399
v 2.298123 -0.291098 -4.324618
v 2.296177 -0.291098 -4.314838
v 2.290637 -0.291098 -4.306547
v 2.282346 -0.291098 -4.301007
v 2.272566 -0.291098 -4.299061
v 2.262785 -0.291098 -4.301007
v 2.254494 -0.291098 -4.306547
v 2.248954 -0.291098 -4.314838
v 2.247009 -0.291098 -4.324618
v 2.248954 -0.291098 -4.334399
v 2.254494 -0.291098 -4.342690
v 2.262785 -0.291098 -4.348230
v 2.272566 -0.291098 -4.350175
v 2.282346 -0.291098 -4.348230
vt 0.984410 0.045780
vt 0.934029 0.042524
vt 0.936232 0.044650
vt 0.981938 0.047997
vt 0.936686 0.039745
vt 0.938744 0.042038
vt 0.939685 0.037251
vt 0.941492 0.039764
vt 0.942989 0.035138
vt 0.944485 0.037856
vt 0.946541 0.033456
vt 0.947689 0.036340
vt 0.950281 0.032235
vt 0.951058 0.035241
vt 0.954147 0.031498
vt 0.954539 0.034578
vt 0.958076 0.031255
vt 0.958076 0.034360
vt 0.962005 0.031511
vt 0.961612 0.034591
vt 0.965870 0.032263
vt 0.965091 0.035268
vt 0.969609 0.033500
vt 0.968456 0.036381
vt 0.973160 0.035204
vt 0.971655 0.037915
vt 0.976464 0.037352
vt 0.974635 0.039851
vt 0.979460 0.039907
vt 0.977351 0.042175
vt 0.982095 0.042792
vt 0.979769 0.044882
vt 0.977193 0.050018
vt 0.940168 0.047726
vt 0.873424 0.011613
vt 0.942150 0.045636
vt 0.944396 0.043790
vt 0.946856 0.042229
vt 0.949491 0.040984
vt 0.952260 0.040078
vt 0.955121 0.039529
vt 0.958027 0.039345
vt 0.960933 0.039530
vt 0.963792 0.040079
vt 0.966558 0.040984
vt 0.969185 0.042228
vt 0.971629 0.043788
vt 0.973844 0.045632
vt 0.975761 0.047723
vt 0.933869 0.047606
vt 0.869613 0.005909
vt 0.938564 0.050018
vt 0.931634 0.045292
vt 0.867720 0.007801
vt 0.866696 0.010274
vt 0.866696 0.012951
vt 0.867720 0.015424
vt 0.869612 0.017316
vt 0.872085 0.018341
vt 0.874762 0.018341
vt 0.877234 0.017317
vt 0.879127 0.015424
vt 0.880151 0.012951
vt 0.880151 0.010275
vt 0.879127 0.007802
vt 0.877235 0.005909
vt 0.874762 0.004885
vt 0.872085 0.004885
vt 0.629513 0.413292
vt 0.634915 0.473373
vt 0.616596 0.474340
vt 0.615983 0.414206
vt 0.750518 0.464087
vt 0.751014 0.408728
vt 0.767257 0.407881
vt 0.762530 0.461810
vt 0.492256 0.474310
vt 0.486029 0.420272
vt 0.494672 0.420280
vt 0.501110 0.475400
vt 0.702823 0.413918
vt 0.698805 0.473687
vt 0.553938 0.481413
vt 0.543875 0.421094
vt 0.519388 0.420638
vt 0.527154 0.478595
vt 0.726938 0.411392
vt 0.724776 0.469363
vt 0.492280 0.362947
vt 0.483668 0.363676
vt 0.485372 0.309309
vt 0.494104 0.307486
vt 0.516880 0.360533
vt 0.519791 0.302134
vt 0.613664 0.358907
vt 0.541244 0.358039
vt 0.546247 0.297098
vt 0.609270 0.298940
vt 0.627598 0.298390
vt 0.627252 0.358676
vt 0.691203 0.292614
vt 0.700245 0.351868
vt 0.717462 0.294752
vt 0.724485 0.352340
vt 0.764957 0.352507
vt 0.748697 0.352992
vt 0.743583 0.297836
vt 0.755758 0.299122
vt 0.484289 0.391997
vt 0.492866 0.391639
vt 0.517230 0.390623
vt 0.541017 0.389631
vt 0.614437 0.386569
vt 0.628440 0.385980
vt 0.703009 0.382832
vt 0.726797 0.381824
vt 0.751367 0.380802
vt 0.765678 0.380212
vt 0.784256 0.408061
vt 0.778063 0.463047
vt 0.781994 0.379552
vt 0.781886 0.350947
vt 0.771149 0.296632
vt 0.699588 0.488675
vt 0.636732 0.488675
vt 0.726861 0.484355
vt 0.752915 0.479196
vt 0.761728 0.477597
vt 0.628087 0.283005
vt 0.690649 0.277715
vt 0.718261 0.279514
vt 0.744727 0.282510
vt 0.753650 0.283406
vt 0.223120 0.175699
vt 0.268905 0.192345
vt 0.269898 0.264119
vt 0.218768 0.258578
vt 0.263066 0.275856
vt 0.212272 0.277583
vt 0.264758 0.348904
vt 0.222914 0.364839
vt 0.459878 0.961149
vt 0.501126 0.961149
vt 0.501126 0.971820
vt 0.448449 0.971819
vt 0.377586 0.166592
vt 0.387606 0.161662
vt 0.401090 0.239239
vt 0.391517 0.249108
vt 0.200623 0.161794
vt 0.210751 0.166785
vt 0.196098 0.248251
vt 0.186611 0.238419
vt 0.606481 0.971819
vt 0.595052 0.961149
vt 0.607318 0.961148
vt 0.610005 0.972076
vt 0.428855 0.503047
vt 0.472040 0.489512
vt 0.477163 0.496448
vt 0.435368 0.507498
vt 0.374706 0.278574
vt 0.368841 0.259462
vt 0.380246 0.255580
vt 0.387151 0.265109
vt 0.365387 0.175430
vt 0.371559 0.171244
vt 0.447612 0.961148
vt 0.444925 0.972076
vt 0.441401 0.972334
vt 0.435346 0.961144
vt 0.216866 0.171466
vt 0.207340 0.254740
vt 0.200145 0.264058
vt 0.190673 0.252396
vt 0.103144 0.499270
vt 0.107041 0.491446
vt 0.148717 0.502927
vt 0.142454 0.507786
vt 0.362389 0.367888
vt 0.393368 0.348824
vt 0.376893 0.406400
vt 0.444389 0.262244
vt 0.440691 0.269099
vt 0.396017 0.126897
vt 0.411812 0.180845
vt 0.608628 0.930172
vt 0.615357 0.930171
vt 0.207573 0.402420
vt 0.192357 0.345921
vt 0.432843 0.930169
vt 0.439572 0.930171
vt 0.176243 0.180706
vt 0.191525 0.126926
vt 0.142967 0.260583
vt 0.139491 0.253599
vt 0.617682 0.899194
vt 0.610774 0.899196
vt 0.615067 0.837244
vt 0.622332 0.837242
vt 0.468656 0.269746
vt 0.470827 0.262391
vt 0.578006 0.279530
vt 0.574738 0.288364
vt 0.114125 0.253263
vt 0.116535 0.260611
vt 0.009299 0.277382
vt 0.004883 0.268804
vt 0.437247 0.899194
vt 0.430340 0.899193
vt 0.425333 0.837241
vt 0.432598 0.837242
vt 0.323653 0.276289
vt 0.322568 0.350365
vt 0.553804 0.971820
vt 0.553804 0.961149
vt 0.318148 0.264024
vt 0.319002 0.191113
vt 0.157325 0.151549
vt 0.180193 0.103546
vt 0.197086 0.427359
vt 0.176461 0.378391
vt 0.408509 0.382294
vt 0.387556 0.431393
vt 0.407107 0.103539
vt 0.430351 0.151495
vt 0.477500 0.485501
vt 0.483143 0.493816
vt 0.477879 0.480060
vt 0.488195 0.490130
vt 0.096074 0.485019
vt 0.101088 0.488755
vt 0.097364 0.497800
vt 0.091875 0.495029
vt 0.449879 0.031490
vt 0.383109 0.055683
vt 0.423947 0.004883
vt 0.106828 0.480509
vt 0.155284 0.498552
vt 0.112246 0.484572
vt 0.163036 0.004883
vt 0.203839 0.055522
vt 0.137157 0.031561
vt 0.404663 0.531919
vt 0.411862 0.535338
vt 0.349801 0.457636
vt 0.363553 0.479951
vt 0.333654 0.441233
vt 0.306834 0.428441
vt 0.271606 0.417657
vt 0.249745 0.434909
vt 0.234945 0.452946
vt 0.221021 0.475845
vt 0.218399 0.078851
vt 0.231478 0.096033
vt 0.240340 0.097456
vt 0.242532 0.098755
vt 0.244810 0.099838
vt 0.277136 0.113734
vt 0.312269 0.119645
vt 0.341854 0.101639
vt 0.344102 0.100383
vt 0.346265 0.098939
vt 0.355146 0.096980
vt 0.368375 0.079266
vt 0.171954 0.530965
vt 0.164826 0.533775
vt 0.088502 0.049286
vt 0.088837 0.055189
vt 0.179202 0.527620
vt 0.498580 0.049108
vt 0.493840 0.044338
vt 0.498259 0.055011
vt 0.106495 0.475070
vt 0.093234 0.044507
vt 0.480976 0.504313
vt 0.441564 0.512434
vt 0.418950 0.538227
vt 0.624590 0.899193
vt 0.629597 0.837241
vt 0.622087 0.930169
vt 0.619584 0.961144
vt 0.613529 0.972334
vt 0.396773 0.253544
vt 0.447907 0.255289
vt 0.473262 0.255052
vt 0.582451 0.270967
vt 0.492292 0.500181
vt 0.486775 0.502897
vt 0.444155 0.899196
vt 0.439863 0.837244
vt 0.446302 0.930172
vt 0.146617 0.267468
vt 0.118680 0.267973
vt 0.012536 0.286227
vt 0.055248 0.004885
vt 0.059122 0.004885
vt 0.059122 0.043058
vt 0.055248 0.043058
vt 0.062996 0.004885
vt 0.062996 0.043058
vt 0.066871 0.004885
vt 0.066871 0.043058
vt 0.004883 0.004885
vt 0.008757 0.004885
vt 0.008757 0.043058
vt 0.004883 0.043058
vt 0.012631 0.004885
vt 0.012631 0.043058
vt 0.016506 0.004885
vt 0.016506 0.043058
vt 0.020380 0.004885
vt 0.020380 0.043058
vt 0.024254 0.004885
vt 0.024254 0.043058
vt 0.028128 0.004885
vt 0.028128 0.043058
vt 0.032003 0.004885
vt 0.032003 0.043058
vt 0.035877 0.004885
vt 0.035877 0.043058
vt 0.039751 0.004885
vt 0.039751 0.043058
vt 0.043625 0.004885
vt 0.043625 0.043058
vt 0.047499 0.004885
vt 0.047499 0.043058
vt 0.051374 0.004885
vt 0.051374 0.043058
vt 0.460936 0.009107
vt 0.463675 0.006367
vt 0.469192 0.014623
vt 0.459453 0.012686
vt 0.459453 0.016560
vt 0.460936 0.020140
vt 0.463675 0.022879
vt 0.467255 0.024362
vt 0.471129 0.024362
vt 0.474708 0.022879
vt 0.477448 0.020140
vt 0.478930 0.016561
vt 0.478930 0.012686
vt 0.477448 0.009107
vt 0.474708 0.006368
vt 0.471129 0.004885
vt 0.467255 0.004885
vt 0.543079 0.994659
vt 0.535818 0.995117
vt 0.536543 0.988964
vt 0.543079 0.987965
vt 0.398666 0.991540
vt 0.390754 0.992358
vt 0.390655 0.981218
vt 0.392700 0.980675
vt 0.382855 0.990924
vt 0.389025 0.979899
vt 0.724972 0.912667
vt 0.729938 0.908129
vt 0.734796 0.912681
vt 0.729511 0.916873
vt 0.734144 0.902865
vt 0.738635 0.907131
vt 0.804911 0.087929
vt 0.809829 0.087929
vt 0.809829 0.100763
vt 0.804911 0.100763
vt 0.814747 0.087929
vt 0.814747 0.100763
vt 0.730052 0.700859
vt 0.725515 0.695893
vt 0.730066 0.691036
vt 0.734258 0.696320
vt 0.720251 0.691687
vt 0.724516 0.687196
vt 0.854440 0.655878
vt 0.859358 0.655878
vt 0.859358 0.668712
vt 0.854440 0.668712
vt 0.864276 0.655878
vt 0.864276 0.668712
vt 0.518243 0.695778
vt 0.513277 0.700316
vt 0.508420 0.695764
vt 0.513705 0.691572
vt 0.509072 0.705580
vt 0.504580 0.701314
vt 0.703873 0.990620
vt 0.695964 0.991532
vt 0.695791 0.980416
vt 0.697829 0.979940
vt 0.688065 0.990186
vt 0.694191 0.978991
vt 0.550340 0.995117
vt 0.549615 0.988966
vt 0.617012 0.816011
vt 0.612921 0.813266
vt 0.621608 0.804223
vt 0.621862 0.816873
vt 0.626674 0.815817
vt 0.630651 0.812910
vt 0.633396 0.808819
vt 0.634258 0.803968
vt 0.633202 0.799157
vt 0.630295 0.795179
vt 0.626204 0.792434
vt 0.621353 0.791573
vt 0.616542 0.792629
vt 0.612564 0.795535
vt 0.609819 0.799627
vt 0.608958 0.804477
vt 0.610014 0.809289
vt 0.674420 0.601182
vt 0.678447 0.598343
vt 0.683277 0.610041
vt 0.683279 0.597385
vt 0.688111 0.598344
vt 0.692136 0.601184
vt 0.694975 0.605210
vt 0.695933 0.610043
vt 0.694974 0.614874
vt 0.692134 0.618900
vt 0.688107 0.621739
vt 0.683275 0.622697
vt 0.678444 0.621738
vt 0.674418 0.618897
vt 0.671579 0.614871
vt 0.670621 0.610039
vt 0.671580 0.605207
vt 0.534118 0.904729
vt 0.528914 0.900737
vt 0.522387 0.983796
vt 0.518723 0.989236
vt 0.580511 0.507266
vt 0.585901 0.502922
vt 0.524719 0.895710
vt 0.576162 0.512666
vt 0.567436 0.989218
vt 0.563732 0.983820
vt 0.718137 0.896937
vt 0.713093 0.901114
vt 0.780652 0.502926
vt 0.786053 0.507274
vt 0.263012 0.986506
vt 0.259791 0.981009
vt 0.722107 0.891732
vt 0.697210 0.023145
vt 0.703635 0.021263
vt 0.790397 0.512665
vt 0.714322 0.707694
vt 0.718499 0.712737
vt 0.790392 0.707416
vt 0.786043 0.712816
vt 0.916023 0.021263
vt 0.922447 0.023145
vt 0.709117 0.703723
vt 0.746739 0.591094
vt 0.753164 0.589212
vt 0.780653 0.717160
vt 0.525078 0.711508
vt 0.530122 0.707331
vt 0.585902 0.717155
vt 0.580501 0.712807
vt 0.965552 0.589212
vt 0.971977 0.591094
vt 0.521108 0.716714
vt 0.826344 0.979114
vt 0.823164 0.984659
vt 0.576158 0.707417
vt 0.522721 0.916873
vt 0.517855 0.912397
vt 0.567758 0.494655
vt 0.572783 0.489679
vt 0.513050 0.907729
vt 0.562916 0.499689
vt 0.793629 0.489679
vt 0.798663 0.494522
vt 0.244826 0.985696
vt 0.246863 0.980382
vt 0.697195 0.004890
vt 0.703621 0.004885
vt 0.803639 0.499547
vt 0.803639 0.720392
vt 0.798796 0.725426
vt 0.916036 0.004885
vt 0.922463 0.004890
vt 0.746724 0.572839
vt 0.753151 0.572834
vt 0.793771 0.730403
vt 0.572925 0.730403
vt 0.567891 0.725560
vt 0.965566 0.572834
vt 0.971992 0.572839
vt 0.839308 0.978525
vt 0.841346 0.983840
vt 0.562915 0.720535
vt 0.076425 0.018922
vt 0.078820 0.016155
vt 0.081023 0.018280
vt 0.078660 0.021236
vt 0.081477 0.013376
vt 0.083535 0.015668
vt 0.084476 0.010882
vt 0.086284 0.013395
vt 0.087780 0.008769
vt 0.089276 0.011486
vt 0.091332 0.007086
vt 0.092480 0.009970
vt 0.095072 0.005866
vt 0.095849 0.008872
vt 0.098938 0.005128
vt 0.099330 0.008208
vt 0.102867 0.004885
vt 0.102867 0.007990
vt 0.106796 0.005141
vt 0.106403 0.008221
vt 0.110661 0.005893
vt 0.109882 0.008898
vt 0.114400 0.007130
vt 0.113247 0.010011
vt 0.117951 0.008834
vt 0.116446 0.011545
vt 0.121255 0.010982
vt 0.119427 0.013482
vt 0.124251 0.013537
vt 0.122142 0.015805
vt 0.126886 0.016423
vt 0.124559 0.018512
vt 0.129200 0.019410
vt 0.126729 0.021627
vt 0.384224 0.005909
vt 0.386697 0.004885
vt 0.388035 0.011613
vt 0.389373 0.004885
vt 0.391846 0.005909
vt 0.393738 0.007802
vt 0.394763 0.010275
vt 0.394763 0.012951
vt 0.393738 0.015424
vt 0.391845 0.017317
vt 0.389373 0.018341
vt 0.386696 0.018341
vt 0.384223 0.017316
vt 0.382331 0.015424
vt 0.381307 0.012951
vt 0.381307 0.010274
vt 0.382331 0.007801
vt 0.084959 0.021356
vt 0.083356 0.023649
vt 0.121984 0.023649
vt 0.120552 0.021353
vt 0.118635 0.019262
vt 0.116420 0.017418
vt 0.113976 0.015859
vt 0.111349 0.014614
vt 0.108583 0.013709
vt 0.105724 0.013160
vt 0.102818 0.012975
vt 0.099912 0.013159
vt 0.097051 0.013709
vt 0.094282 0.014614
vt 0.091647 0.015859
vt 0.089187 0.017420
vt 0.086941 0.019266
vt 0.319670 0.018922
vt 0.322065 0.016154
vt 0.324268 0.018280
vt 0.321905 0.021236
vt 0.324721 0.013376
vt 0.326780 0.015668
vt 0.327721 0.010882
vt 0.329528 0.013395
vt 0.331025 0.008769
vt 0.332521 0.011486
vt 0.334577 0.007086
vt 0.335725 0.009970
vt 0.338317 0.005866
vt 0.339094 0.008872
vt 0.342183 0.005128
vt 0.342575 0.008208
vt 0.346112 0.004885
vt 0.346111 0.007990
vt 0.350041 0.005141
vt 0.349648 0.008221
vt 0.353906 0.005893
vt 0.353126 0.008898
vt 0.357644 0.007130
vt 0.356492 0.010011
vt 0.361196 0.008834
vt 0.359691 0.011545
vt 0.364500 0.010982
vt 0.362671 0.013482
vt 0.367495 0.013537
vt 0.365386 0.015805
vt 0.370131 0.016422
vt 0.367804 0.018512
vt 0.372445 0.019410
vt 0.369974 0.021627
vt 0.342399 0.026842
vt 0.344872 0.025818
vt 0.346210 0.032546
vt 0.347548 0.025818
vt 0.350021 0.026842
vt 0.351914 0.028735
vt 0.352938 0.031208
vt 0.352938 0.033884
vt 0.351913 0.036357
vt 0.350021 0.038250
vt 0.347548 0.039274
vt 0.344871 0.039274
vt 0.342399 0.038249
vt 0.340506 0.036357
vt 0.339482 0.033884
vt 0.339482 0.031207
vt 0.340506 0.028735
vt 0.328204 0.021356
vt 0.326600 0.023648
vt 0.365229 0.023648
vt 0.363797 0.021353
vt 0.361880 0.019262
vt 0.359665 0.017418
vt 0.357221 0.015859
vt 0.354593 0.014614
vt 0.351828 0.013709
vt 0.348969 0.013160
vt 0.346063 0.012975
vt 0.343156 0.013159
vt 0.340296 0.013709
vt 0.337527 0.014614
vt 0.334892 0.015859
vt 0.332432 0.017420
vt 0.330186 0.019266
vt 0.931634 0.018922
vt 0.934029 0.016154
vt 0.936232 0.018280
vt 0.933869 0.021236
vt 0.936686 0.013376
vt 0.938744 0.015668
vt 0.939685 0.010882
vt 0.941492 0.013395
vt 0.942989 0.008769
vt 0.944485 0.011486
vt 0.946541 0.007086
vt 0.947689 0.009970
vt 0.950281 0.005866
vt 0.951058 0.008872
vt 0.954147 0.005128
vt 0.954539 0.008208
vt 0.958076 0.004885
vt 0.958075 0.007990
vt 0.962005 0.005141
vt 0.961612 0.008221
vt 0.965870 0.005893
vt 0.965090 0.008898
vt 0.969608 0.007130
vt 0.968456 0.010011
vt 0.973160 0.008834
vt 0.971655 0.011545
vt 0.976464 0.010982
vt 0.974635 0.013482
vt 0.979460 0.013537
vt 0.977351 0.015805
vt 0.982095 0.016422
vt 0.979768 0.018512
vt 0.984409 0.019410
vt 0.981938 0.021627
vt 0.188692 0.012951
vt 0.188692 0.010275
vt 0.195420 0.011613
vt 0.189716 0.007802
vt 0.191609 0.005909
vt 0.194082 0.004885
vt 0.196758 0.004885
vt 0.199231 0.005909
vt 0.201124 0.007802
vt 0.202148 0.010274
vt 0.202148 0.012951
vt 0.201124 0.015424
vt 0.199231 0.017316
vt 0.196759 0.018341
vt 0.194082 0.018341
vt 0.191609 0.017317
vt 0.189717 0.015424
vt 0.940168 0.021356
vt 0.938564 0.023648
vt 0.977193 0.023648
vt 0.975761 0.021353
vt 0.973844 0.019262
vt 0.971629 0.017418
vt 0.969185 0.015859
vt 0.966557 0.014614
vt 0.963792 0.013709
vt 0.960933 0.013160
vt 0.958027 0.012975
vt 0.955120 0.013159
vt 0.952260 0.013709
vt 0.949491 0.014614
vt 0.946856 0.015859
vt 0.944396 0.017420
vt 0.942150 0.019266
vn 0.893307 -0.255133 -0.370014
vn 0.683695 -0.255135 -0.683716
vn 0.678052 0.283641 -0.678081
vn 0.885936 0.283639 -0.366968
vn 0.370027 -0.255122 -0.893304
vn 0.366981 0.283642 -0.885930
vn -0.000000 -0.255122 -0.966909
vn 0.000000 0.283641 -0.958931
vn -0.370027 -0.255123 -0.893304
vn -0.366982 0.283638 -0.885931
vn -0.683695 -0.255138 -0.683715
vn -0.678053 0.283639 -0.678081
vn -0.893305 -0.255141 -0.370013
vn -0.885936 0.283640 -0.366968
vn -0.966907 -0.255129 0.000000
vn -0.958931 0.283638 0.000000
vn -0.893305 -0.255143 0.370012
vn -0.885939 0.283637 0.366964
vn -0.683707 -0.255139 0.683703
vn -0.678066 0.283633 0.678070
vn -0.370005 -0.255125 0.893312
vn -0.366971 0.283638 0.885936
vn 0.000000 -0.255119 0.966910
vn -0.000000 0.283641 0.958931
vn 0.370007 -0.255120 0.893314
vn 0.366970 0.283648 0.885933
vn 0.683708 -0.255132 0.683704
vn 0.678065 0.283639 0.678069
vn 0.893306 -0.255137 0.370013
vn 0.885939 0.283634 0.366965
vn 0.966908 -0.255126 -0.000000
vn 0.958933 0.283634 -0.000000
vn -0.106116 0.993382 0.043952
vn -0.081218 0.993382 0.081213
vn 0.000000 1.000000 -0.000000
vn -0.043951 0.993382 0.106115
vn 0.000000 0.993381 0.114865
vn 0.043950 0.993382 0.106112
vn 0.081217 0.993382 0.081215
vn 0.106115 0.993382 0.043953
vn 0.114862 0.993381 0.000000
vn 0.106116 0.993382 -0.043952
vn 0.081210 0.993383 -0.081213
vn 0.043958 0.993382 -0.106112
vn 0.000000 0.993381 -0.114865
vn -0.043959 0.993382 -0.106115
vn -0.081209 0.993383 -0.081215
vn -0.106115 0.993382 -0.043953
vn -0.114862 0.993381 0.000000
vn 0.544838 0.637402 -0.544858
vn 0.711874 0.637404 -0.294876
vn 0.770532 0.637401 0.000000
vn 0.711883 0.637396 0.294872
vn 0.544848 0.637401 0.544849
vn 0.294885 0.637400 0.711874
vn -0.000000 0.637393 0.770539
vn -0.294889 0.637389 0.711882
vn -0.544851 0.637396 0.544853
vn -0.711879 0.637401 0.294870
vn -0.770528 0.637407 0.000000
vn -0.711870 0.637409 -0.294874
vn -0.544838 0.637402 -0.544858
vn -0.294888 0.637392 -0.711880
vn 0.000000 0.637396 -0.770536
vn 0.294888 0.637395 -0.711877
vn 0.050344 0.970954 -0.233909
vn 0.219109 0.958672 -0.181493
vn 0.235811 -0.956609 -0.171150
vn 0.050992 -0.970987 -0.233631
vn 0.230043 0.972091 0.046030
vn 0.000000 1.000000 0.000000
vn 0.011692 0.471802 0.881627
vn 0.169920 0.559456 0.811256
vn 0.179299 -0.692269 0.699010
vn 0.009446 -0.693769 0.720136
vn 0.000000 -1.000000 0.000000
vn 0.260704 -0.964009 0.052165
vn 0.000000 1.000000 0.000000
vn 0.226103 0.974017 0.012974
vn 0.230004 -0.973100 0.013198
vn 0.000000 -1.000000 -0.000000
vn 0.000000 -1.000000 0.000000
vn 0.254529 -0.965596 0.053286
vn 0.000000 1.000000 -0.000000
vn 0.254529 0.965596 0.053286
vn 0.000000 -1.000000 0.000000
vn -0.009446 -0.693769 0.720135
vn -0.179299 -0.692269 0.699010
vn -0.260704 -0.964009 0.052165
vn 0.000000 -1.000000 0.000000
vn -0.254529 -0.965596 0.053286
vn -0.050992 -0.970987 -0.233631
vn 0.000000 -1.000000 -0.000000
vn -0.230004 -0.973100 0.013198
vn -0.235810 -0.956609 -0.171150
vn -0.219109 0.958672 -0.181493
vn -0.050344 0.970954 -0.233909
vn -0.226103 0.974017 0.012974
vn 0.000000 1.000000 0.000000
vn -0.254530 0.965596 0.053286
vn 0.000000 1.000000 -0.000000
vn -0.011692 0.471801 0.881627
vn 0.000000 1.000000 -0.000000
vn -0.230043 0.972091 0.046030
vn -0.169920 0.559456 0.811256
vn -0.000000 -0.713183 0.700978
vn 0.000000 -1.000000 0.000000
vn 0.000000 -1.000000 0.000000
vn 0.000000 -1.000000 -0.000000
vn 0.000000 -0.982326 -0.187179
vn 0.000000 0.981604 -0.190927
vn 0.000000 1.000000 -0.000000
vn 0.000000 1.000000 -0.000000
vn 0.000000 1.000000 -0.000000
vn -0.000000 0.533884 0.845558
vn -0.000357 -0.163414 0.986558
vn 0.016793 -0.167976 0.985648
vn -0.007829 -0.006101 0.999951
vn -0.031913 -0.072603 0.996850
vn -0.058362 0.369973 -0.927208
vn -0.067091 0.379988 -0.922555
vn -0.013347 0.136082 -0.990608
vn 0.217426 0.160560 -0.962780
vn 0.369508 -0.118059 -0.921697
vn -0.002867 -0.030746 -0.999523
vn 0.004095 -0.236990 0.971503
vn -0.004814 -0.200506 0.979681
vn 0.607069 -0.117886 0.785857
vn 0.878306 -0.117406 0.463458
vn 0.984560 0.121098 0.126402
vn 0.538067 -0.067554 0.840191
vn -0.878307 -0.117406 0.463458
vn -0.607066 -0.117886 0.785858
vn -0.538067 -0.067552 0.840191
vn -0.984560 0.121097 0.126402
vn 0.004815 -0.200506 0.979681
vn -0.369508 -0.118060 -0.921697
vn 0.002129 -0.994936 -0.100490
vn 0.118705 -0.299447 0.946700
vn -0.953768 0.181131 -0.239829
vn -0.903534 0.309838 -0.296018
vn 0.000054 -0.142553 -0.989787
vn 0.000000 -0.112442 -0.993658
vn 0.067091 0.379989 -0.922555
vn 0.031913 -0.072603 0.996850
vn 0.296523 -0.017943 0.954857
vn 0.272982 0.646668 -0.712251
vn 0.000357 -0.163414 0.986557
vn 0.191749 -0.167311 0.967078
vn -0.002129 -0.994936 -0.100490
vn -0.118696 -0.299447 0.946701
vn -0.653730 -0.134383 0.744700
vn -0.960403 -0.101655 0.259406
vn -0.191747 -0.167312 0.967078
vn -0.296526 -0.017946 0.954856
vn -0.272986 0.646669 -0.712249
vn -0.910652 -0.398454 0.109302
vn -0.000054 -0.142553 -0.989787
vn 0.000000 -0.112441 -0.993658
vn -0.969203 -0.243796 0.034767
vn -0.217427 0.160561 -0.962780
vn -0.507707 0.333585 -0.794327
vn -0.900669 0.105533 -0.421494
vn 0.208786 0.605304 -0.768124
vn 0.979213 -0.068502 0.190916
vn 0.935521 -0.111587 0.335186
vn -0.943199 -0.172896 -0.283695
vn 0.000000 -0.999916 0.012942
vn 0.900669 0.105533 -0.421496
vn 0.507705 0.333585 -0.794328
vn -0.982312 -0.148942 0.113489
vn 0.000000 -0.999916 0.012942
vn -0.935522 -0.111586 0.335183
vn -0.979214 -0.068502 0.190915
vn -0.208788 0.605305 -0.768124
vn 0.000000 -0.999916 0.012942
vn -0.991450 -0.069899 -0.110184
vn -0.977837 -0.069889 -0.197359
vn 0.000000 -0.838943 -0.544219
vn -0.835798 0.483458 -0.260210
vn 0.030979 0.994210 -0.102892
vn 0.000024 0.997927 -0.064363
vn -0.869019 0.454081 -0.196513
vn -0.969315 0.018245 0.245143
vn -0.030980 0.994210 -0.102892
vn -0.000024 0.997927 -0.064364
vn -0.964100 -0.140461 0.225347
vn 0.000000 -0.999916 0.012942
vn -0.968674 -0.211966 0.129385
vn -0.972304 -0.232313 0.025601
vn 0.000000 -0.838943 -0.544220
vn 0.058362 0.369973 -0.927208
vn 0.013347 0.136082 -0.990608
vn -0.004095 -0.236990 0.971504
vn 0.002867 -0.030745 -0.999523
vn 0.007829 -0.006101 0.999951
vn -0.016793 -0.167976 0.985648
vn -0.964403 -0.189411 0.184529
vn 0.973632 0.161317 -0.161300
vn 0.835799 0.483457 -0.260211
vn -0.973632 0.161316 -0.161299
vn 0.964403 -0.189412 0.184529
vn 0.969315 0.018248 0.245143
vn -0.923169 0.323546 -0.207549
vn 0.000409 0.622677 -0.782479
vn -0.000406 0.622679 -0.782477
vn -0.922736 -0.335311 0.190064
vn 0.969203 -0.243796 0.034766
vn 0.968674 -0.211966 0.129385
vn 0.972304 -0.232313 0.025600
vn 0.923169 0.323547 -0.207549
vn 0.953768 0.181133 -0.239828
vn 0.903534 0.309840 -0.296017
vn 0.943199 -0.172894 -0.283696
vn 0.991451 -0.069897 -0.110184
vn 0.653734 -0.134383 0.744697
vn 0.960404 -0.101654 0.259406
vn 0.982312 -0.148943 0.113490
vn 0.977837 -0.069886 -0.197358
vn 0.922736 -0.335312 0.190064
vn 0.910652 -0.398455 0.109301
vn 0.964100 -0.140461 0.225347
vn 0.869020 0.454078 -0.196513
vn 0.923882 0.000000 -0.382678
vn 0.707107 0.000000 -0.707107
vn 0.707107 0.000000 -0.707107
vn 0.923882 0.000000 -0.382678
vn 0.382670 0.000000 -0.923885
vn 0.382670 0.000000 -0.923885
vn 0.000016 0.000000 -1.000000
vn 0.000016 0.000000 -1.000000
vn -0.382670 0.000000 -0.923885
vn -0.382670 0.000000 -0.923885
vn -0.707115 0.000000 -0.707099
vn -0.707115 0.000000 -0.707099
vn -0.923882 0.000000 -0.382678
vn -0.923882 0.000000 -0.382678
vn -1.000000 0.000000 0.000000
vn -1.000000 0.000000 0.000000
vn -0.923880 0.000000 0.382684
vn -0.923880 0.000000 0.382684
vn -0.707114 0.000000 0.707099
vn -0.707114 0.000000 0.707099
vn -0.382683 0.000000 0.923880
vn -0.382683 0.000000 0.923880
vn 0.000000 0.000000 1.000000
vn 0.000000 0.000000 1.000000
vn 0.382683 0.000000 0.923880
vn 0.382683 0.000000 0.923880
vn 0.707114 0.000000 0.707099
vn 0.707114 0.000000 0.707099
vn 0.923880 0.000000 0.382684
vn 0.923880 0.000000 0.382684
vn 1.000000 0.000000 0.000000
vn 1.000000 0.000000 0.000000
vn 0.000000 -1.000000 0.000001
vn 0.000000 -1.000000 -0.000000
vn 0.000000 -1.000000 -0.000000
vn 0.000000 -1.000000 0.000000
vn 0.000000 -1.000000 0.000000
vn 0.000000 -1.000000 0.000000
vn 0.000000 -1.000000 0.000000
vn 0.000000 -1.000000 -0.000001
vn 0.000000 -1.000000 0.000000
vn 0.000000 -1.000000 0.000000
vn 0.000000 -1.000000 -0.000001
vn 0.000000 -1.000000 -0.000000
vn 0.000000 -1.000000 0.000000
vn 0.000000 -1.000000 -0.000000
vn 0.000000 -1.000000 -0.000000
vn 0.000000 -1.000000 0.000001
vn 0.000000 -1.000000 0.000000
vn 0.000003 -1.000000 -0.000002
vn 0.000003 -1.000000 -0.000003
vn 0.000003 -1.000000 -0.000003
vn 0.000003 -1.000000 -0.000002
vn 0.555578 0.000000 -0.831465
vn 0.382686 0.000000 -0.923878
vn 0.382686 0.000000 -0.923878
vn 0.555578 0.000000 -0.831465
vn 0.195091 0.000000 -0.980785
vn 0.195091 0.000000 -0.980785
vn -0.000001 -1.000000 -0.000003
vn -0.000001 -1.000000 -0.000003
vn -0.000001 -1.000000 -0.000003
vn -0.000001 -1.000000 -0.000003
vn -0.000002 -1.000000 -0.000002
vn -0.000002 -1.000000 -0.000002
vn -0.831479 0.000000 -0.555556
vn -0.923878 0.000000 -0.382687
vn -0.923878 0.000000 -0.382687
vn -0.831479 0.000000 -0.555556
vn -0.980783 0.000000 -0.195104
vn -0.980783 0.000000 -0.195104
vn -0.000004 -1.000000 0.000000
vn -0.000003 -1.000000 0.000002
vn -0.000003 -1.000000 0.000002
vn -0.000004 -1.000000 0.000000
vn -0.000003 -1.000000 0.000003
vn -0.000003 -1.000000 0.000003
vn -0.555578 0.000000 0.831465
vn -0.382686 0.000000 0.923878
vn -0.382686 0.000000 0.923878
vn -0.555578 0.000000 0.831465
vn -0.195091 0.000000 0.980785
vn -0.195091 0.000000 0.980785
vn 0.000001 -1.000000 0.000003
vn 0.000001 -1.000000 0.000002
vn 0.000001 -1.000000 0.000002
vn 0.000001 -1.000000 0.000003
vn 0.000002 -1.000000 0.000002
vn 0.000002 -1.000000 0.000002
vn 0.831468 0.000000 0.555573
vn 0.923878 0.000000 0.382687
vn 0.923878 0.000000 0.382687
vn 0.831468 0.000000 0.555573
vn 0.980784 0.000000 0.195097
vn 0.980784 0.000000 0.195097
vn 0.000004 -1.000000 0.000000
vn 0.000004 -1.000000 0.000000
vn 0.000000 -1.000000 0.000000
vn 0.000000 -1.000000 0.000000
vn 0.000000 -1.000000 0.000000
vn 0.000000 -1.000000 0.000000
vn 0.000000 -1.000000 0.000000
vn 0.000000 -1.000000 0.000000
vn 0.000000 -1.000000 0.000000
vn 0.000000 -1.000000 0.000000
vn 0.000000 -1.000000 0.000000
vn 0.000000 -1.000000 0.000000
vn 0.000000 -1.000000 0.000000
vn 0.000000 -1.000000 0.000000
vn 0.000000 -1.000000 0.000000
vn 0.000000 -1.000000 0.000000
vn 0.000000 -1.000000 0.000000
vn 0.000000 -1.000000 0.000000
vn 0.000000 -1.000000 0.000000
vn 0.000000 1.000000 0.000000
vn 0.000000 1.000000 0.000000
vn 0.000000 1.000000 0.000000
vn 0.000000 1.000000 0.000000
vn 0.000000 1.000000 0.000000
vn 0.000000 1.000000 0.000000
vn 0.000000 1.000000 0.000000
vn 0.000000 1.000000 0.000000
vn 0.000000 1.000000 0.000000
vn 0.000000 1.000000 0.000000
vn 0.000000 1.000000 0.000000
vn 0.000000 1.000000 0.000000
vn 0.000000 1.000000 0.000000
vn 0.000000 1.000000 0.000000
vn 0.000000 1.000000 0.000000
vn 0.000000 1.000000 0.000000
vn 0.000000 1.000000 0.000000
vn -0.462352 -0.831145 0.308916
vn -0.462352 -0.831145 0.308916
vn -0.462352 -0.831145 0.308916
vn -0.462352 -0.831145 0.308916
vn -0.407155 -0.013319 -0.913262
vn -0.407155 -0.013319 -0.913262
vn -0.407155 -0.013319 -0.913262
vn -0.407155 -0.013319 -0.913262
vn 0.491202 0.806840 -0.328224
vn 0.491202 0.806840 -0.328224
vn 0.491202 0.806839 -0.328224
vn 0.491202 0.806839 -0.328224
vn -0.545359 -0.831153 0.108483
vn -0.545359 -0.831153 0.108483
vn -0.545359 -0.831153 0.108483
vn -0.545359 -0.831153 0.108483
vn 0.579419 0.806839 -0.115257
vn 0.579419 0.806839 -0.115257
vn 0.579419 0.806839 -0.115257
vn 0.579419 0.806839 -0.115257
vn 0.357836 -0.013338 0.933689
vn 0.357836 -0.013338 0.933689
vn 0.357836 -0.013338 0.933689
vn 0.357836 -0.013338 0.933689
vn 0.108498 -0.831148 0.545363
vn 0.108498 -0.831148 0.545363
vn 0.108498 -0.831148 0.545363
vn 0.108498 -0.831148 0.545363
vn -0.115252 0.806836 -0.579424
vn -0.115252 0.806836 -0.579424
vn -0.115252 0.806836 -0.579424
vn -0.115252 0.806836 -0.579424
vn 0.933684 -0.013324 -0.357850
vn 0.933684 -0.013324 -0.357850
vn 0.933684 -0.013324 -0.357850
vn 0.933684 -0.013324 -0.357850
vn 0.308919 -0.831156 0.462331
vn 0.308919 -0.831156 0.462331
vn 0.308919 -0.831156 0.462331
vn 0.308919 -0.831156 0.462331
vn -0.913252 -0.013333 0.407177
vn -0.913252 -0.013333 0.407177
vn -0.913252 -0.013333 0.407177
vn -0.913252 -0.013333 0.407177
vn -0.328220 0.806837 -0.491207
vn -0.328220 0.806837 -0.491207
vn -0.328220 0.806837 -0.491207
vn -0.328220 0.806837 -0.491207
vn 0.545368 -0.831147 -0.108480
vn 0.545368 -0.831147 -0.108480
vn 0.545368 -0.831147 -0.108480
vn 0.545368 -0.831147 -0.108480
vn -0.579416 0.806841 0.115257
vn -0.579416 0.806841 0.115257
vn -0.579416 0.806841 0.115257
vn -0.579416 0.806841 0.115257
vn -0.357836 -0.013338 -0.933689
vn -0.357836 -0.013338 -0.933689
vn -0.357836 -0.013338 -0.933689
vn -0.357836 -0.013338 -0.933689
vn 0.462335 -0.831152 -0.308922
vn 0.462335 -0.831152 -0.308922
vn 0.462335 -0.831152 -0.308922
vn 0.462335 -0.831152 -0.308922
vn 0.407185 -0.013326 0.913248
vn 0.407185 -0.013326 0.913248
vn 0.407185 -0.013326 0.913248
vn 0.407185 -0.013326 0.913248
vn -0.491230 0.806827 0.328212
vn -0.491230 0.806827 0.328212
vn -0.491230 0.806827 0.328212
vn -0.491230 0.806827 0.328212
vn -0.108472 -0.831153 -0.545362
vn -0.108472 -0.831153 -0.545362
vn -0.108472 -0.831153 -0.545362
vn -0.108472 -0.831153 -0.545362
vn 0.115242 0.806833 0.579431
vn 0.115242 0.806833 0.579431
vn 0.115242 0.806833 0.579431
vn 0.115242 0.806833 0.579431
vn -0.933685 -0.013324 0.357846
vn -0.933685 -0.013324 0.357846
vn -0.933685 -0.013324 0.357846
vn -0.933685 -0.013324 0.357846
vn -0.308942 -0.831149 -0.462327
vn -0.308942 -0.831149 -0.462327
vn -0.308942 -0.831149 -0.462327
vn -0.308942 -0.831149 -0.462327
vn 0.913254 -0.013333 -0.407173
vn 0.913254 -0.013333 -0.407173
vn 0.913254 -0.013333 -0.407173
vn 0.913254 -0.013333 -0.407173
vn 0.328217 0.806841 0.491203
vn 0.328217 0.806841 0.491203
vn 0.328217 0.806841 0.491203
vn 0.328217 0.806841 0.491203
vn -0.831480 0.000000 0.555555
vn -0.831480 0.000000 0.555555
vn -0.831480 0.000000 0.555555
vn -0.831480 0.000000 0.555555
vn -0.434866 0.000000 -0.900495
vn -0.434866 0.000000 -0.900495
vn -0.434866 0.000000 -0.900495
vn -0.434866 0.000000 -0.900495
vn 0.831461 0.000000 -0.555583
vn 0.831461 0.000000 -0.555583
vn 0.831461 0.000000 -0.555583
vn 0.831461 0.000000 -0.555583
vn -0.980785 0.000000 0.195092
vn -0.980785 0.000000 0.195092
vn -0.980785 0.000000 0.195092
vn -0.980785 0.000000 0.195092
vn 0.980784 0.000000 -0.195097
vn 0.980784 0.000000 -0.195097
vn 0.980784 0.000000 -0.195097
vn 0.980784 0.000000 -0.195097
vn 0.329200 0.000000 0.944260
vn 0.329200 0.000000 0.944260
vn 0.329200 0.000000 0.944260
vn 0.329200 0.000000 0.944260
vn 0.195103 0.000000 0.980783
vn 0.195103 0.000000 0.980783
vn 0.195103 0.000000 0.980783
vn 0.195103 0.000000 0.980783
vn -0.195090 0.000000 -0.980785
vn -0.195090 0.000000 -0.980785
vn -0.195090 0.000000 -0.980785
vn -0.195090 0.000000 -0.980785
vn 0.944256 0.000000 -0.329213
vn 0.944256 0.000000 -0.329213
vn 0.944256 0.000000 -0.329213
vn 0.944256 0.000000 -0.329213
vn 0.555598 0.000000 0.831451
vn 0.555598 0.000000 0.831451
vn 0.555598 0.000000 0.831451
vn 0.555598 0.000000 0.831451
vn -0.900481 0.000000 0.434896
vn -0.900481 0.000000 0.434896
vn -0.900481 0.000000 0.434896
vn -0.900481 0.000000 0.434896
vn -0.555591 0.000000 -0.831455
vn -0.555591 0.000000 -0.831455
vn -0.555591 0.000000 -0.831455
vn -0.555591 0.000000 -0.831455
vn 0.980787 0.000000 -0.195080
vn 0.980787 0.000000 -0.195080
vn 0.980787 0.000000 -0.195080
vn 0.980787 0.000000 -0.195080
vn -0.980785 0.000000 0.195090
vn -0.980785 0.000000 0.195090
vn -0.980785 0.000000 0.195090
vn -0.980785 0.000000 0.195090
vn -0.329218 0.000000 -0.944254
vn -0.329218 0.000000 -0.944254
vn -0.329218 0.000000 -0.944254
vn -0.329218 0.000000 -0.944254
vn 0.831473 0.000000 -0.555565
vn 0.831473 0.000000 -0.555565
vn 0.831473 0.000000 -0.555565
vn 0.831473 0.000000 -0.555565
vn 0.434882 0.000000 0.900487
vn 0.434882 0.000000 0.900487
vn 0.434882 0.000000 0.900487
vn 0.434882 0.000000 0.900487
vn -0.831467 0.000000 0.555574
vn -0.831467 0.000000 0.555574
vn -0.831467 0.000000 0.555574
vn -0.831467 0.000000 0.555574
vn -0.195065 0.000000 -0.980790
vn -0.195065 0.000000 -0.980790
vn -0.195065 0.000000 -0.980790
vn -0.195065 0.000000 -0.980790
vn 0.195055 0.000000 0.980792
vn 0.195055 0.000000 0.980792
vn 0.195055 0.000000 0.980792
vn 0.195055 0.000000 0.980792
vn -0.944254 0.000000 0.329219
vn -0.944254 0.000000 0.329219
vn -0.944254 0.000000 0.329219
vn -0.944254 0.000000 0.329219
vn -0.555598 0.000000 -0.831451
vn -0.555598 0.000000 -0.831451
vn -0.555598 0.000000 -0.831451
vn -0.555598 0.000000 -0.831451
vn 0.900472 0.000000 -0.434915
vn 0.900472 0.000000 -0.434915
vn 0.900472 0.000000 -0.434915
vn 0.900471 0.000000 -0.434915
vn 0.555591 0.000000 0.831455
vn 0.555591 0.000000 0.831455
vn 0.555591 0.000000 0.831455
vn 0.555591 0.000000 0.831455
vn 0.893311 -0.255118 -0.370015
vn 0.683707 -0.255136 -0.683703
vn 0.678065 0.283637 -0.678069
vn 0.885938 0.283639 -0.366964
vn 0.370048 -0.255122 -0.893296
vn 0.366971 0.283643 -0.885934
vn -0.000000 -0.255107 -0.966913
vn 0.000000 0.283639 -0.958931
vn -0.370049 -0.255118 -0.893296
vn -0.366972 0.283643 -0.885934
vn -0.683708 -0.255129 -0.683705
vn -0.678064 0.283642 -0.678069
vn -0.893306 -0.255137 -0.370013
vn -0.885939 0.283637 -0.366964
vn -0.966899 -0.255159 -0.000000
vn -0.958934 0.283630 -0.000000
vn -0.893306 -0.255136 0.370013
vn -0.885941 0.283634 0.366961
vn -0.683722 -0.255127 0.683692
vn -0.678071 0.283639 0.678063
vn -0.370027 -0.255124 0.893304
vn -0.366961 0.283642 0.885938
vn 0.000000 -0.255107 0.966913
vn -0.000000 0.283642 0.958930
vn 0.370028 -0.255120 0.893305
vn 0.366961 0.283649 0.885936
vn 0.683721 -0.255131 0.683692
vn 0.678071 0.283635 0.678064
vn 0.893308 -0.255127 0.370015
vn 0.885942 0.283631 0.366961
vn 0.966910 -0.255119 -0.000000
vn 0.958932 0.283638 0.000000
vn -0.106114 0.993382 0.043951
vn -0.081221 0.993382 0.081216
vn -0.000000 1.000000 -0.000001
vn -0.043952 0.993382 0.106117
vn -0.000000 0.993382 0.114858
vn 0.043950 0.993383 0.106112
vn 0.081220 0.993382 0.081217
vn 0.106115 0.993382 0.043953
vn 0.114862 0.993381 0.000000
vn 0.106115 0.993382 -0.043951
vn 0.081213 0.993382 -0.081217
vn 0.043959 0.993382 -0.106113
vn 0.000000 0.993382 -0.114858
vn -0.043961 0.993381 -0.106118
vn -0.081214 0.993382 -0.081220
vn -0.106114 0.993382 -0.043953
vn -0.114860 0.993382 0.000000
vn 0.544848 0.637400 -0.544851
vn 0.711886 0.637392 -0.294873
vn 0.770552 0.637377 0.000000
vn 0.711897 0.637381 0.294870
vn 0.544849 0.637398 0.544851
vn 0.294853 0.637406 0.711881
vn -0.000000 0.637391 0.770541
vn -0.294855 0.637401 0.711885
vn -0.544848 0.637401 0.544849
vn -0.711890 0.637390 0.294867
vn -0.770542 0.637389 0.000000
vn -0.711881 0.637398 -0.294871
vn -0.544848 0.637401 -0.544850
vn -0.294854 0.637401 -0.711885
vn 0.000001 0.637385 -0.770545
vn 0.294854 0.637401 -0.711885
vn 0.893303 -0.255151 -0.370011
vn 0.683706 -0.255142 -0.683702
vn 0.678059 0.283637 -0.678075
vn 0.885940 0.283632 -0.366965
vn 0.370027 -0.255122 -0.893304
vn 0.366961 0.283645 -0.885937
vn -0.000000 -0.255110 -0.966912
vn -0.000000 0.283641 -0.958931
vn -0.370027 -0.255126 -0.893303
vn -0.366961 0.283646 -0.885937
vn -0.683706 -0.255141 -0.683702
vn -0.678058 0.283644 -0.678073
vn -0.893307 -0.255132 -0.370013
vn -0.885939 0.283636 -0.366965
vn -0.966906 -0.255133 -0.000000
vn -0.958934 0.283630 0.000000
vn -0.893306 -0.255139 0.370013
vn -0.885942 0.283630 0.366961
vn -0.683707 -0.255137 0.683704
vn -0.678057 0.283646 0.678074
vn -0.370049 -0.255116 0.893297
vn -0.366972 0.283647 0.885933
vn 0.000000 -0.255110 0.966912
vn 0.000000 0.283642 0.958930
vn 0.370049 -0.255118 0.893296
vn 0.366972 0.283644 0.885933
vn 0.683707 -0.255138 0.683703
vn 0.678059 0.283638 0.678075
vn 0.893304 -0.255143 0.370012
vn 0.885941 0.283634 0.366961
vn 0.966900 -0.255156 0.000000
vn 0.958934 0.283629 -0.000000
vn -0.106115 0.993382 0.043951
vn -0.081222 0.993381 0.081218
vn -0.000000 1.000000 -0.000000
vn -0.043951 0.993382 0.106115
vn 0.000000 0.993382 0.114854
vn 0.043951 0.993382 0.106115
vn 0.081222 0.993381 0.081220
vn 0.106115 0.993382 0.043953
vn 0.114862 0.993381 0.000000
vn 0.106115 0.993382 -0.043951
vn 0.081214 0.993382 -0.081218
vn 0.043959 0.993382 -0.106115
vn 0.000000 0.993382 -0.114854
vn -0.043959 0.993382 -0.106115
vn -0.081214 0.993382 -0.081220
vn -0.106115 0.993382 -0.043953
vn -0.114862 0.993381 0.000000
vn 0.544836 0.637406 -0.544855
vn 0.711880 0.637399 -0.294871
vn 0.770548 0.637382 -0.000000
vn 0.711887 0.637394 0.294866
vn 0.544836 0.637404 0.544857
vn 0.294855 0.637401 0.711885
vn -0.000000 0.637391 0.770541
vn -0.294854 0.637404 0.711883
vn -0.544831 0.637412 0.544852
vn -0.711892 0.637388 0.294868
vn -0.770556 0.637372 0.000000
vn -0.711883 0.637396 -0.294873
vn -0.544833 0.637412 -0.544851
vn -0.294853 0.637406 -0.711881
vn 0.000000 0.637391 -0.770541
vn 0.294854 0.637404 -0.711883
vn 0.893307 -0.255132 -0.370014
vn 0.683722 -0.255126 -0.683693
vn 0.678072 0.283630 -0.678065
vn 0.885939 0.283637 -0.366964
vn 0.370028 -0.255117 -0.893306
vn 0.366962 0.283644 -0.885938
vn -0.000000 -0.255114 -0.966911
vn -0.000000 0.283640 -0.958931
vn -0.370027 -0.255126 -0.893303
vn -0.366961 0.283642 -0.885938
vn -0.683721 -0.255131 -0.683692
vn -0.678072 0.283631 -0.678065
vn -0.893303 -0.255147 -0.370012
vn -0.885941 0.283630 -0.366965
vn -0.966898 -0.255163 0.000000
vn -0.958934 0.283629 0.000000
vn -0.893304 -0.255144 0.370012
vn -0.885943 0.283627 0.366962
vn -0.683707 -0.255139 0.683703
vn -0.678066 0.283631 0.678070
vn -0.370048 -0.255128 0.893294
vn -0.366972 0.283641 0.885934
vn 0.000000 -0.255113 0.966911
vn 0.000001 0.283640 0.958931
vn 0.370049 -0.255117 0.893297
vn 0.366971 0.283641 0.885934
vn 0.683707 -0.255137 0.683703
vn 0.678066 0.283630 0.678071
vn 0.893306 -0.255138 0.370013
vn 0.885942 0.283630 0.366961
vn 0.966904 -0.255139 -0.000000
vn 0.958930 0.283644 0.000000
vn -0.106115 0.993382 0.043951
vn -0.081212 0.993383 0.081215
vn 0.000000 1.000000 0.000000
vn -0.043958 0.993382 0.106112
vn 0.000000 0.993382 0.114858
vn 0.043959 0.993382 0.106115
vn 0.081212 0.993382 0.081217
vn 0.106115 0.993382 0.043954
vn 0.114862 0.993381 -0.000000
vn 0.106114 0.993382 -0.043951
vn 0.081219 0.993382 -0.081215
vn 0.043951 0.993382 -0.106115
vn 0.000000 0.993382 -0.114858
vn -0.043950 0.993383 -0.106112
vn -0.081220 0.993382 -0.081217
vn -0.106115 0.993382 -0.043953
vn -0.114862 0.993381 -0.000000
vn 0.544853 0.637392 -0.544856
vn 0.711882 0.637397 -0.294871
vn 0.770539 0.637393 0.000000
vn 0.711893 0.637386 0.294868
vn 0.544853 0.637393 0.544854
vn 0.294855 0.637398 0.711888
vn 0.000001 0.637391 0.770541
vn -0.294854 0.637404 0.711883
vn -0.544852 0.637394 0.544854
vn -0.711893 0.637386 0.294869
vn -0.770541 0.637390 0.000000
vn -0.711882 0.637397 -0.294871
vn -0.544850 0.637395 -0.544853
vn -0.294854 0.637401 -0.711885
vn -0.000001 0.637391 -0.770541
vn 0.294856 0.637399 -0.711887
s 1
g SillaSala
usemtl initialShadingGroup
f 114/217/186 115/166/187 147/167/188 148/214/189
f 115/166/187 116/169/190 162/170/191 147/167/188
f 116/169/190 117/171/192 161/172/193 162/170/191
f 117/171/192 118/173/194 160/174/195 161/172/193
f 118/173/194 119/175/196 159/176/197 160/174/195
f 119/175/196 120/177/198 158/178/199 159/176/197
f 120/177/198 121/179/200 157/180/201 158/178/199
f 121/179/200 122/181/202 156/182/203 157/180/201
f 122/181/202 123/183/204 155/184/205 156/182/203
f 123/183/204 124/185/206 154/186/207 155/184/205
f 124/185/206 125/187/208 153/188/209 154/186/207
f 125/187/208 126/189/210 152/190/211 153/188/209
f 126/189/210 127/191/212 151/192/213 152/190/211
f 127/191/212 128/193/214 150/194/215 151/192/213
f 128/193/214 129/195/216 149/196/217 150/194/215
f 129/195/216 114/165/186 148/168/189 149/196/217
s 2
f 130/215/218 131/232/219 146/199/220
f 131/232/219 132/231/221 146/199/220
f 132/231/221 133/230/222 146/199/220
f 133/230/222 134/229/223 146/199/220
f 134/229/223 135/228/224 146/199/220
f 135/228/224 136/227/225 146/199/220
f 136/227/225 137/226/226 146/199/220
f 137/226/226 138/225/227 146/199/220
f 138/225/227 139/224/228 146/199/220
f 139/224/228 140/223/229 146/199/220
f 140/223/229 141/222/230 146/199/220
f 141/222/230 142/221/231 146/199/220
f 142/221/231 143/220/232 146/199/220
f 143/220/232 144/219/233 146/199/220
f 144/219/233 145/218/234 146/199/220
f 145/218/234 130/215/218 146/199/220
s 1
f 148/214/189 147/167/188 131/198/235 130/216/236
f 149/196/217 148/168/189 130/197/236 145/213/237
f 150/194/215 149/196/217 145/213/237 144/212/238
f 151/192/213 150/194/215 144/212/238 143/211/239
f 152/190/211 151/192/213 143/211/239 142/210/240
f 153/188/209 152/190/211 142/210/240 141/209/241
f 154/186/207 153/188/209 141/209/241 140/208/242
f 155/184/205 154/186/207 140/208/242 139/207/243
f 156/182/203 155/184/205 139/207/243 138/206/244
f 157/180/201 156/182/203 138/206/244 137/205/245
f 158/178/199 157/180/201 137/205/245 136/204/246
f 159/176/197 158/178/199 136/204/246 135/203/247
f 160/174/195 159/176/197 135/203/247 134/202/248
f 161/172/193 160/174/195 134/202/248 133/201/249
f 162/170/191 161/172/193 133/201/249 132/200/250
f 147/167/188 162/170/191 132/200/250 131/198/235
s 3
f 191/233/251 163/234/252 164/235/253 190/236/254
f 178/237/255 193/238/256 194/239/257 167/240/258
f 170/241/259 187/242/260 188/243/261 177/244/262
f 191/233/251 192/245/263 171/246/264 163/234/252
f 174/247/265 189/248/266 190/236/254 164/235/253
f 177/244/262 188/243/261 206/249/267 207/250/268
f 192/245/263 211/251/269 212/252/270 171/246/264
f 180/253/271 179/254/272 169/255/273 176/256/274
f 204/257/275 180/253/271 176/256/274 203/258/276
f 182/259/277 181/260/278 173/261/279 166/262/280
f 165/263/281 183/264/282 182/259/277 166/262/280
f 165/263/281 172/265/283 184/266/284 183/264/282
f 172/265/283 208/267/285 209/268/286 184/266/284
f 186/269/287 185/270/288 175/271/289 168/272/290
f 188/243/261 187/242/260 195/273/291 196/274/292
f 206/249/267 188/243/261 196/274/292 205/275/293
f 190/236/254 189/248/266 197/276/294 198/277/295
f 199/278/296 191/233/251 190/236/254 198/277/295
f 199/278/296 200/279/297 192/245/263 191/233/251
f 200/279/297 210/280/298 211/251/269 192/245/263
f 194/239/257 193/238/256 201/281/299 202/282/300
f 196/274/292 195/273/291 179/254/272 180/253/271
f 205/275/293 196/274/292 180/253/271 204/257/275
f 198/277/295 197/276/294 181/260/278 182/259/277
f 183/264/282 199/278/296 198/277/295 182/259/277
f 183/264/282 184/266/284 200/279/297 199/278/296
f 184/266/284 209/268/286 210/280/298 200/279/297
f 202/282/300 201/281/299 185/270/288 186/269/287
f 181/260/278 204/257/275 203/258/276 173/261/279
f 197/276/294 205/275/293 204/257/275 181/260/278
f 189/248/266 206/249/267 205/275/293 197/276/294
f 207/250/268 206/249/267 189/248/266 174/247/265
f 167/240/258 194/239/257 187/283/260 170/284/259
f 194/239/257 202/282/300 195/285/291 187/283/260
f 202/282/300 186/269/287 179/286/272 195/285/291
f 186/269/287 168/272/290 169/287/273 179/286/272
f 174/288/265 164/289/253 163/234/252 171/246/264
f 208/267/285 175/271/289 185/270/288 209/268/286
f 210/280/298 209/268/286 185/270/288 201/281/299
f 211/251/269 210/280/298 201/281/299 193/238/256
f 212/252/270 211/251/269 193/238/256 178/237/255
f 171/246/264 212/252/270 207/290/268 174/288/265
f 212/252/270 178/237/255 177/291/262 207/290/268
f 178/237/255 167/240/258 170/292/259 177/291/262
f 166/293/280 173/294/279 172/265/283 165/263/281
f 173/294/279 203/295/276 208/267/285 172/265/283
f 203/295/276 176/296/274 175/271/289 208/267/285
f 176/296/274 169/297/273 168/272/290 175/271/289
s 8
f 283/298/301 284/299/302 248/300/303 215/301/304
f 215/301/304 248/300/303 245/302/305 217/303/306
f 217/303/306 245/302/305 275/304/307 276/305/308
f 219/306/309 246/307/310 247/308/311 213/309/312
f 287/310/313 288/311/314 223/312/315 224/313/316
f 281/314/317 282/315/318 227/316/319 228/317/320
f 214/318/321 220/319/322 298/320/323 299/321/324
f 270/322/325 259/323/326 293/324/327 294/325/328
f 218/326/329 216/327/330 301/328/331 302/329/332
f 216/327/330 286/330/333 300/331/334 301/328/331
f 312/332/335 313/333/336 226/334/337 225/335/338
f 314/336/339 315/337/340 227/316/319 282/315/318
f 315/337/340 316/338/341 228/339/320 227/316/319
f 268/340/342 307/341/343 308/342/344 292/343/345
f 273/344/346 218/326/329 254/345/347 272/346/348
f 218/326/329 302/329/332 303/347/349 254/348/347
f 223/312/315 288/311/314 289/349/350 253/350/351
f 298/320/323 220/319/322 255/351/352 297/352/353
f 217/303/306 276/305/308 277/353/354 249/354/355
f 312/332/335 225/335/338 251/355/356 311/356/357
f 281/314/317 228/317/320 250/357/358 280/358/359
f 228/339/320 316/338/341 317/359/360 250/360/358
f 296/361/361 234/362/362 229/363/363 295/364/364
f 233/365/365 304/366/366 305/367/367 257/368/368
f 238/369/369 318/370/370 319/371/371 266/372/372
f 310/373/373 239/374/374 232/375/375 309/376/376
f 241/377/377 218/326/329 273/344/346 274/378/378
f 243/379/379 242/380/380 220/319/322 214/318/321
f 244/381/381 285/382/382 286/330/333 216/327/330
f 241/377/377 244/381/381 216/327/330 218/326/329
f 245/302/305 241/377/377 274/378/378 275/304/307
f 247/308/311 246/307/310 242/380/380 243/379/379
f 248/300/303 284/299/302 285/382/382 244/381/381
f 245/302/305 248/300/303 244/381/381 241/377/377
f 250/360/358 317/359/360 318/370/370 238/369/369
f 280/358/359 250/357/358 238/383/369 279/384/383
f 311/356/357 251/355/356 239/374/374 310/373/373
f 249/354/355 277/353/354 278/385/384 237/386/385
f 254/348/347 303/347/349 304/366/366 233/365/365
f 272/346/348 254/345/347 233/387/365 271/388/386
f 297/352/353 255/351/352 234/362/362 296/361/361
f 253/350/351 289/349/350 290/389/387 236/390/388
f 259/323/326 258/391/389 306/392/390 293/324/327
f 258/391/389 257/393/368 305/394/367 306/392/390
f 319/395/371 320/396/391 267/397/392 266/398/372
f 320/396/391 307/341/343 268/340/342 267/397/392
f 258/391/389 271/388/386 233/387/365 257/393/368
f 269/399/393 290/389/387 235/400/394 230/401/395
f 265/402/396 278/385/384 291/403/397 264/404/398
f 232/405/375 239/406/374 279/384/383 292/407/345
f 229/408/363 270/322/325 294/325/328 295/409/364
f 255/410/352 272/346/348 271/388/386 234/411/362
f 220/412/322 273/344/346 272/346/348 255/410/352
f 274/378/378 273/344/346 220/412/322 242/413/380
f 275/304/307 274/378/378 242/413/380 246/414/310
f 276/305/308 275/304/307 246/414/310 219/415/309
f 277/353/354 276/305/308 219/415/309 252/416/399
f 278/385/384 277/353/354 252/416/399 240/417/400
f 251/418/356 280/358/359 279/384/383 239/406/374
f 225/419/338 281/314/317 280/358/359 251/418/356
f 225/419/338 226/420/337 282/315/318 281/314/317
f 313/421/336 314/336/339 282/315/318 226/420/337
f 213/422/312 247/423/311 284/299/302 283/298/301
f 285/382/382 284/299/302 247/423/311 243/424/379
f 286/330/333 285/382/382 243/424/379 214/425/321
f 300/331/334 286/330/333 214/425/321 299/426/324
f 222/427/401 221/428/402 288/311/314 287/310/313
f 289/349/350 288/311/314 221/428/402 256/429/403
f 290/389/387 289/349/350 256/429/403 235/400/394
f 292/343/345 308/342/344 309/430/376 232/431/375
f 267/432/392 279/384/383 238/383/369 266/433/372
f 291/403/397 278/385/384 240/417/400 231/434/404
f 229/408/363 234/411/362 271/388/386 270/322/325
f 262/435/405 290/389/387 269/399/393 261/436/406
f 260/437/407 236/390/388 290/389/387 262/435/405
f 270/322/325 271/388/386 258/391/389 259/323/326
f 263/438/408 237/386/385 278/385/384 265/402/396
f 292/407/345 279/384/383 267/432/392 268/439/342
f 294/325/328 293/324/327 261/440/406 269/441/393
f 295/409/364 294/325/328 269/441/393 230/442/395
f 235/443/394 296/361/361 295/364/364 230/444/395
f 256/445/403 297/352/353 296/361/361 235/443/394
f 221/446/402 298/320/323 297/352/353 256/445/403
f 299/321/324 298/320/323 221/446/402 222/447/401
f 287/310/313 300/331/334 299/426/324 222/427/401
f 301/328/331 300/331/334 287/310/313 224/313/316
f 302/329/332 301/328/331 224/313/316 223/448/315
f 303/347/349 302/329/332 223/448/315 253/449/351
f 304/366/366 303/347/349 253/449/351 236/450/388
f 305/367/367 304/366/366 236/450/388 260/451/407
f 306/392/390 305/394/367 260/452/407 262/453/405
f 293/324/327 306/392/390 262/453/405 261/440/406
f 307/341/343 264/404/398 291/403/397 308/342/344
f 309/430/376 308/342/344 291/403/397 231/434/404
f 240/454/400 310/373/373 309/376/376 231/455/404
f 252/456/399 311/356/357 310/373/373 240/454/400
f 219/306/309 312/332/335 311/356/357 252/456/399
f 219/306/309 213/309/312 313/333/336 312/332/335
f 213/422/312 283/298/301 314/336/339 313/421/336
f 283/298/301 215/301/304 315/337/340 314/336/339
f 215/301/304 217/303/306 316/338/341 315/337/340
f 317/359/360 316/338/341 217/303/306 249/457/355
f 318/370/370 317/359/360 249/457/355 237/458/385
f 319/371/371 318/370/370 237/458/385 263/459/408
f 263/438/408 265/402/396 320/396/391 319/395/371
f 265/402/396 264/404/398 307/341/343 320/396/391
s 17
f 321/460/409 322/461/410 338/462/411 337/463/412
f 322/461/410 323/464/413 339/465/414 338/462/411
f 323/464/413 324/466/415 340/467/416 339/465/414
f 324/468/415 325/469/417 341/470/418 340/471/416
f 325/469/417 326/472/419 342/473/420 341/470/418
f 326/472/419 327/474/421 343/475/422 342/473/420
f 327/474/421 328/476/423 344/477/424 343/475/422
f 328/476/423 329/478/425 345/479/426 344/477/424
f 329/478/425 330/480/427 346/481/428 345/479/426
f 330/480/427 331/482/429 347/483/430 346/481/428
f 331/482/429 332/484/431 348/485/432 347/483/430
f 332/484/431 333/486/433 349/487/434 348/485/432
f 333/486/433 334/488/435 350/489/436 349/487/434
f 334/488/435 335/490/437 351/491/438 350/489/436
f 335/490/437 336/492/439 352/493/440 351/491/438
f 336/492/439 321/460/409 337/463/412 352/493/440
s 18
f 322/494/441 321/495/442 353/496/443
f 323/497/444 322/494/441 353/496/443
f 324/498/445 323/497/444 353/496/443
f 325/499/446 324/498/445 353/496/443
f 326/500/447 325/499/446 353/496/443
f 327/501/448 326/500/447 353/496/443
f 328/502/449 327/501/448 353/496/443
f 329/503/450 328/502/449 353/496/443
f 330/504/451 329/503/450 353/496/443
f 331/505/452 330/504/451 353/496/443
f 332/506/453 331/505/452 353/496/443
f 333/507/454 332/506/453 353/496/443
f 334/508/455 333/507/454 353/496/443
f 335/509/456 334/508/455 353/496/443
f 336/510/457 335/509/456 353/496/443
f 321/495/442 336/510/457 353/496/443
s 19
f 412/511/458 413/512/459 414/513/460 415/514/461
s 20
f 355/515/462 356/516/463 372/517/464 371/518/465
f 356/516/463 357/519/466 373/520/467 372/517/464
s 21
f 418/521/468 419/522/469 420/523/470 421/524/471
f 419/522/469 422/525/472 423/526/473 420/523/470
s 22
f 359/527/474 360/528/475 376/529/476 375/530/477
f 360/528/475 361/531/478 377/532/479 376/529/476
s 23
f 424/533/480 425/534/481 426/535/482 427/536/483
f 425/534/481 428/537/484 429/538/485 426/535/482
s 24
f 363/539/486 364/540/487 380/541/488 379/542/489
f 364/540/487 365/543/490 381/544/491 380/541/488
s 25
f 430/545/492 431/546/493 432/547/494 433/548/495
f 431/546/493 434/549/496 435/550/497 432/547/494
s 26
f 367/551/498 368/552/499 384/553/500 383/554/501
f 368/552/499 369/555/502 385/556/503 384/553/500
s 19
f 416/557/504 412/511/458 415/514/461 417/558/505
s 27
f 355/559/506 354/560/507 386/561/508
f 356/562/509 355/559/506 386/561/508
f 357/563/510 356/562/509 386/561/508
f 358/564/511 357/563/510 386/561/508
f 359/565/512 358/564/511 386/561/508
f 360/566/513 359/565/512 386/561/508
f 361/567/514 360/566/513 386/561/508
f 362/568/515 361/567/514 386/561/508
f 363/569/516 362/568/515 386/561/508
f 364/570/517 363/569/516 386/561/508
f 365/571/518 364/570/517 386/561/508
f 366/572/519 365/571/518 386/561/508
f 367/573/520 366/572/519 386/561/508
f 368/574/521 367/573/520 386/561/508
f 369/575/522 368/574/521 386/561/508
f 354/560/507 369/575/522 386/561/508
s 28
f 370/576/523 371/577/524 387/578/525
f 371/577/524 372/579/526 387/578/525
f 372/579/526 373/580/527 387/578/525
f 373/580/527 374/581/528 387/578/525
f 374/581/528 375/582/529 387/578/525
f 375/582/529 376/583/530 387/578/525
f 376/583/530 377/584/531 387/578/525
f 377/584/531 378/585/532 387/578/525
f 378/585/532 379/586/533 387/578/525
f 379/586/533 380/587/534 387/578/525
f 380/587/534 381/588/535 387/578/525
f 381/588/535 382/589/536 387/578/525
f 382/589/536 383/590/537 387/578/525
f 383/590/537 384/591/538 387/578/525
f 384/591/538 385/592/539 387/578/525
f 385/592/539 370/576/523 387/578/525
s off
f 354/560/540 355/559/541 389/593/542 388/594/543
f 355/515/544 371/518/545 390/595/546 389/596/547
f 371/577/548 370/576/549 391/597/550 390/598/551
f 369/575/552 354/560/553 388/594/554 392/599/555
f 370/576/556 385/592/557 393/600/558 391/597/559
f 385/556/560 369/555/561 392/601/562 393/602/563
f 357/563/564 358/564/565 395/603/566 394/604/567
f 374/581/568 373/580/569 397/605/570 396/606/571
f 373/520/572 357/519/573 394/607/574 397/608/575
f 358/564/576 359/565/577 398/609/578 395/603/579
f 359/527/580 375/530/581 399/610/582 398/611/583
f 375/582/584 374/581/585 396/606/586 399/612/587
f 361/567/588 362/568/589 401/613/590 400/614/591
f 378/585/592 377/584/593 403/615/594 402/616/595
f 377/532/596 361/531/597 400/617/598 403/618/599
f 362/568/600 363/569/601 404/619/602 401/613/603
f 363/539/604 379/542/605 405/620/606 404/621/607
f 379/586/608 378/585/609 402/616/610 405/622/611
f 365/571/612 366/572/613 407/623/614 406/624/615
f 382/589/616 381/588/617 409/625/618 408/626/619
f 381/544/620 365/543/621 406/627/622 409/628/623
f 366/572/624 367/573/625 410/629/626 407/623/627
f 367/551/628 383/554/629 411/630/630 410/631/631
f 383/590/632 382/589/633 408/626/634 411/632/635
f 388/594/636 389/593/637 413/633/638 412/634/639
f 389/596/640 390/595/641 414/513/642 413/512/643
f 390/598/644 391/597/645 415/635/646 414/636/647
f 392/599/648 388/594/649 412/634/650 416/637/651
f 391/597/652 393/600/653 417/638/654 415/635/655
f 393/602/656 392/601/657 416/557/658 417/558/659
f 394/604/660 395/603/661 419/522/662 418/521/663
f 396/606/664 397/605/665 421/639/666 420/640/667
f 397/608/668 394/607/669 418/641/670 421/642/671
f 395/603/672 398/609/673 422/525/674 419/522/675
f 398/611/676 399/610/677 423/643/678 422/644/679
f 399/612/680 396/606/681 420/640/682 423/645/683
f 400/614/684 401/613/685 425/534/686 424/533/687
f 402/616/688 403/615/689 427/646/690 426/647/691
f 403/618/692 400/617/693 424/648/694 427/649/695
f 401/613/696 404/619/697 428/537/698 425/534/699
f 404/621/700 405/620/701 429/650/702 428/651/703
f 405/622/704 402/616/705 426/647/706 429/652/707
f 406/624/708 407/623/709 431/546/710 430/545/711
f 408/626/712 409/625/713 433/653/714 432/654/715
f 409/628/716 406/627/717 430/655/718 433/656/719
f 407/623/720 410/629/721 434/549/722 431/546/723
f 410/631/724 411/630/725 435/657/726 434/658/727
f 411/632/728 408/626/729 432/654/730 435/659/731
s 29
f 436/660/732 437/661/733 469/662/734 470/663/735
f 437/661/733 438/664/736 484/665/737 469/662/734
f 438/664/736 439/666/738 483/667/739 484/665/737
f 439/666/738 440/668/740 482/669/741 483/667/739
f 440/668/740 441/670/742 481/671/743 482/669/741
f 441/670/742 442/672/744 480/673/745 481/671/743
f 442/672/744 443/674/746 479/675/747 480/673/745
f 443/674/746 444/676/748 478/677/749 479/675/747
f 444/676/748 445/678/750 477/679/751 478/677/749
f 445/678/750 446/680/752 476/681/753 477/679/751
f 446/680/752 447/682/754 475/683/755 476/681/753
f 447/682/754 448/684/756 474/685/757 475/683/755
f 448/684/756 449/686/758 473/687/759 474/685/757
f 449/686/758 450/688/760 472/689/761 473/687/759
f 450/688/760 451/690/762 471/691/763 472/689/761
f 451/690/762 436/692/732 470/693/735 471/691/763
s 30
f 452/694/764 453/695/765 468/696/766
f 453/695/765 454/697/767 468/696/766
f 454/697/767 455/698/768 468/696/766
f 455/698/768 456/699/769 468/696/766
f 456/699/769 457/700/770 468/696/766
f 457/700/770 458/701/771 468/696/766
f 458/701/771 459/702/772 468/696/766
f 459/702/772 460/703/773 468/696/766
f 460/703/773 461/704/774 468/696/766
f 461/704/774 462/705/775 468/696/766
f 462/705/775 463/706/776 468/696/766
f 463/706/776 464/707/777 468/696/766
f 464/707/777 465/708/778 468/696/766
f 465/708/778 466/709/779 468/696/766
f 466/709/779 467/710/780 468/696/766
f 467/710/780 452/694/764 468/696/766
s 29
f 470/663/735 469/662/734 453/711/781 452/712/782
f 471/691/763 470/693/735 452/713/782 467/714/783
f 472/689/761 471/691/763 467/714/783 466/715/784
f 473/687/759 472/689/761 466/715/784 465/716/785
f 474/685/757 473/687/759 465/716/785 464/717/786
f 475/683/755 474/685/757 464/717/786 463/718/787
f 476/681/753 475/683/755 463/718/787 462/719/788
f 477/679/751 476/681/753 462/719/788 461/720/789
f 478/677/749 477/679/751 461/720/789 460/721/790
f 479/675/747 478/677/749 460/721/790 459/722/791
f 480/673/745 479/675/747 459/722/791 458/723/792
f 481/671/743 480/673/745 458/723/792 457/724/793
f 482/669/741 481/671/743 457/724/793 456/725/794
f 483/667/739 482/669/741 456/725/794 455/726/795
f 484/665/737 483/667/739 455/726/795 454/727/796
f 469/662/734 484/665/737 454/727/796 453/711/781
s 31
f 485/728/797 486/729/798 518/730/799 519/731/800
f 486/729/798 487/732/801 533/733/802 518/730/799
f 487/732/801 488/734/803 532/735/804 533/733/802
f 488/734/803 489/736/805 531/737/806 532/735/804
f 489/736/805 490/738/807 530/739/808 531/737/806
f 490/738/807 491/740/809 529/741/810 530/739/808
f 491/740/809 492/742/811 528/743/812 529/741/810
f 492/742/811 493/744/813 527/745/814 528/743/812
f 493/744/813 494/746/815 526/747/816 527/745/814
f 494/746/815 495/748/817 525/749/818 526/747/816
f 495/748/817 496/750/819 524/751/820 525/749/818
f 496/750/819 497/752/821 523/753/822 524/751/820
f 497/752/821 498/754/823 522/755/824 523/753/822
f 498/754/823 499/756/825 521/757/826 522/755/824
f 499/756/825 500/758/827 520/759/828 521/757/826
f 500/758/827 485/760/797 519/761/800 520/759/828
s 32
f 501/762/829 502/763/830 517/764/831
f 502/763/830 503/765/832 517/764/831
f 503/765/832 504/766/833 517/764/831
f 504/766/833 505/767/834 517/764/831
f 505/767/834 506/768/835 517/764/831
f 506/768/835 507/769/836 517/764/831
f 507/769/836 508/770/837 517/764/831
f 508/770/837 509/771/838 517/764/831
f 509/771/838 510/772/839 517/764/831
f 510/772/839 511/773/840 517/764/831
f 511/773/840 512/774/841 517/764/831
f 512/774/841 513/775/842 517/764/831
f 513/775/842 514/776/843 517/764/831
f 514/776/843 515/777/844 517/764/831
f 515/777/844 516/778/845 517/764/831
f 516/778/845 501/762/829 517/764/831
s 31
f 519/731/800 518/730/799 502/779/846 501/780/847
f 520/759/828 519/761/800 501/781/847 516/782/848
f 521/757/826 520/759/828 516/782/848 515/783/849
f 522/755/824 521/757/826 515/783/849 514/784/850
f 523/753/822 522/755/824 514/784/850 513/785/851
f 524/751/820 523/753/822 513/785/851 512/786/852
f 525/749/818 524/751/820 512/786/852 511/787/853
f 526/747/816 525/749/818 511/787/853 510/788/854
f 527/745/814 526/747/816 510/788/854 509/789/855
f 528/743/812 527/745/814 509/789/855 508/790/856
f 529/741/810 528/743/812 508/790/856 507/791/857
f 530/739/808 529/741/810 507/791/857 506/792/858
f 531/737/806 530/739/808 506/792/858 505/793/859
f 532/735/804 531/737/806 505/793/859 504/794/860
f 533/733/802 532/735/804 504/794/860 503/795/861
f 518/730/799 533/733/802 503/795/861 502/779/846
s 33
f 534/796/862 535/797/863 567/798/864 568/799/865
f 535/797/863 536/800/866 582/801/867 567/798/864
f 536/800/866 537/802/868 581/803/869 582/801/867
f 537/802/868 538/804/870 580/805/871 581/803/869
f 538/804/870 539/806/872 579/807/873 580/805/871
f 539/806/872 540/808/874 578/809/875 579/807/873
f 540/808/874 541/810/876 577/811/877 578/809/875
f 541/810/876 542/812/878 576/813/879 577/811/877
f 542/812/878 543/814/880 575/815/881 576/813/879
f 543/814/880 544/816/882 574/817/883 575/815/881
f 544/816/882 545/818/884 573/819/885 574/817/883
f 545/818/884 546/820/886 572/821/887 573/819/885
f 546/820/886 547/822/888 571/823/889 572/821/887
f 547/822/888 548/824/890 570/825/891 571/823/889
f 548/824/890 549/826/892 569/827/893 570/825/891
f 549/826/892 534/828/862 568/829/865 569/827/893
s 34
f 550/830/894 551/831/895 566/832/896
f 551/831/895 552/833/897 566/832/896
f 552/833/897 553/834/898 566/832/896
f 553/834/898 554/835/899 566/832/896
f 554/835/899 555/836/900 566/832/896
f 555/836/900 556/837/901 566/832/896
f 556/837/901 557/838/902 566/832/896
f 557/838/902 558/839/903 566/832/896
f 558/839/903 559/840/904 566/832/896
f 559/840/904 560/841/905 566/832/896
f 560/841/905 561/842/906 566/832/896
f 561/842/906 562/843/907 566/832/896
f 562/843/907 563/844/908 566/832/896
f 563/844/908 564/845/909 566/832/896
f 564/845/909 565/846/910 566/832/896
f 565/846/910 550/830/894 566/832/896
s 33
f 568/799/865 567/798/864 551/847/911 550/848/912
f 569/827/893 568/829/865 550/849/912 565/850/913
f 570/825/891 569/827/893 565/850/913 564/851/914
f 571/823/889 570/825/891 564/851/914 563/852/915
f 572/821/887 571/823/889 563/852/915 562/853/916
f 573/819/885 572/821/887 562/853/916 561/854/917
f 574/817/883 573/819/885 561/854/917 560/855/918
f 575/815/881 574/817/883 560/855/918 559/856/919
f 576/813/879 575/815/881 559/856/919 558/857/920
f 577/811/877 576/813/879 558/857/920 557/858/921
f 578/809/875 577/811/877 557/858/921 556/859/922
f 579/807/873 578/809/875 556/859/922 555/860/923
f 580/805/871 579/807/873 555/860/923 554/861/924
f 581/803/869 580/805/871 554/861/924 553/862/925
f 582/801/867 581/803/869 553/862/925 552/863/926
f 567/798/864 582/801/867 552/863/926 551/847/911
g default
v 3.991014 0.310105 -4.408213
v 4.003283 0.310105 -4.437902
v 4.003283 0.310105 -4.826976
v 3.991014 0.310105 -4.856663
v 3.961393 0.310105 -4.868961
v 3.775333 0.310105 -4.868961
v 3.745712 0.310105 -4.856663
v 3.733444 0.310105 -4.826976
v 3.733444 0.310105 -4.437902
v 3.745712 0.310105 -4.408213
v 3.775333 0.310105 -4.395917
v 3.961393 0.310105 -4.395917
v 4.003283 0.210127 -4.437902
v 3.991014 0.210127 -4.408213
v 4.003283 0.210127 -4.826976
v 3.991014 0.210127 -4.856663
v 3.961393 0.210127 -4.868961
v 3.775333 0.210127 -4.868961
v 3.745712 0.210127 -4.856663
v 3.733444 0.210127 -4.826976
v 3.733444 0.210127 -4.437902
v 3.745712 0.210127 -4.408213
v 3.775333 0.210127 -4.395917
v 3.961393 0.210127 -4.395917
v 3.733444 0.316617 -4.697284
v 3.733444 0.210127 -4.697284
v 4.003283 0.210127 -4.697284
v 4.003283 0.316617 -4.697284
v 3.733444 0.316617 -4.567593
v 3.733444 0.210127 -4.567593
v 4.003283 0.210127 -4.567593
v 4.003283 0.316617 -4.567593
v 3.731572 0.263372 -4.566694
v 3.731572 0.260116 -4.435204
v 3.744012 0.260116 -4.405105
v 3.774044 0.260116 -4.392637
v 3.962683 0.260116 -4.392637
v 3.992714 0.260116 -4.405105
v 4.005154 0.260116 -4.435204
v 4.005154 0.263372 -4.566694
v 4.005154 0.263372 -4.698184
v 4.005154 0.260116 -4.829674
v 3.992714 0.260116 -4.859773
v 3.962683 0.260116 -4.872240
v 3.774044 0.260116 -4.872240
v 3.744012 0.260116 -4.859773
v 3.731572 0.260116 -4.829674
v 3.731572 0.263372 -4.698184
v 3.984365 0.310105 -4.420369
v 3.752361 0.310105 -4.420369
v 3.780377 0.310105 -4.408739
v 3.956350 0.310105 -4.408739
v 3.984365 0.310105 -4.844508
v 3.752361 0.310105 -4.844508
v 3.956350 0.310105 -4.856139
v 3.780377 0.310105 -4.856139
v 3.995969 0.310105 -4.816430
v 3.740757 0.310105 -4.816430
v 3.995969 0.310105 -4.448448
v 3.740757 0.310105 -4.448448
v 3.995969 0.316617 -4.571108
v 3.740757 0.316617 -4.571108
v 3.995969 0.316617 -4.693769
v 3.740757 0.316617 -4.693769
v 3.984365 0.305568 -4.420369
v 3.752361 0.305568 -4.420369
v 3.780377 0.305568 -4.408739
v 3.956350 0.305568 -4.408739
v 3.984365 0.305568 -4.844508
v 3.752361 0.305568 -4.844508
v 3.956350 0.305568 -4.856139
v 3.780377 0.305568 -4.856139
v 3.995969 0.305568 -4.816430
v 3.740757 0.305568 -4.816430
v 3.995969 0.305568 -4.448448
v 3.740757 0.305568 -4.448448
v 3.995969 0.312080 -4.571108
v 3.740757 0.312080 -4.571108
v 3.995969 0.312080 -4.693769
v 3.740757 0.312080 -4.693769
v 3.913155 0.305568 -4.821773
v 3.823571 0.305568 -4.821773
v 3.913290 0.305568 -4.839165
v 3.823436 0.305568 -4.839165
v 3.913155 0.307908 -4.821773
v 3.823571 0.307908 -4.821773
v 3.913290 0.307908 -4.839165
v 3.823436 0.307908 -4.839165
v 3.814543 0.260116 -4.872240
v 3.815278 0.310105 -4.868961
v 3.818156 0.310105 -4.856139
v 3.818156 0.305568 -4.856139
v 3.802170 0.305568 -4.844508
v 3.842727 0.305568 -4.839165
v 3.842727 0.307908 -4.839165
v 3.842803 0.307908 -4.821773
v 3.842803 0.305568 -4.821773
v 3.795548 0.305568 -4.816430
v 3.795548 0.312080 -4.693769
v 3.795548 0.312080 -4.571108
v 3.795548 0.305568 -4.448448
v 3.802170 0.305568 -4.420369
v 3.818156 0.305568 -4.408739
v 3.818156 0.310105 -4.408739
v 3.815278 0.310105 -4.395917
v 3.814543 0.260116 -4.392637
v 3.815278 0.210127 -4.395917
v 3.815278 0.210127 -4.868961
v 3.922185 0.260116 -4.872240
v 3.921449 0.310105 -4.868961
v 3.918571 0.310105 -4.856139
v 3.918571 0.305568 -4.856139
v 3.934557 0.305568 -4.844508
v 3.894000 0.305568 -4.839165
v 3.894000 0.307908 -4.839165
v 3.893923 0.307908 -4.821773
v 3.893923 0.305568 -4.821773
v 3.941178 0.305568 -4.816430
v 3.941178 0.312080 -4.693769
v 3.941178 0.312080 -4.571108
v 3.941178 0.305568 -4.448448
v 3.934557 0.305568 -4.420369
v 3.918571 0.305568 -4.408739
v 3.918571 0.310105 -4.408739
v 3.921449 0.310105 -4.395917
v 3.922185 0.260116 -4.392637
v 3.921449 0.210127 -4.395917
v 3.921449 0.210127 -4.868961
v 3.815061 0.224890 -4.869929
v 3.921666 0.224890 -4.869929
v 3.961774 0.224890 -4.869929
v 3.991516 0.224890 -4.857582
v 4.003835 0.224890 -4.827773
v 4.003835 0.225852 -4.697549
v 4.003835 0.225852 -4.567327
v 4.003835 0.224890 -4.437105
v 3.991516 0.224890 -4.407295
v 3.961774 0.224890 -4.394948
v 3.921666 0.224890 -4.394948
v 3.815061 0.224890 -4.394948
v 3.774953 0.224890 -4.394948
v 3.745210 0.224890 -4.407295
v 3.732891 0.224890 -4.437105
v 3.732891 0.225852 -4.567327
v 3.732891 0.225852 -4.697549
v 3.732891 0.224890 -4.827773
v 3.745210 0.224890 -4.857582
v 3.774953 0.224890 -4.869929
v 3.921666 0.220531 -4.382572
v 3.921449 0.210127 -4.383592
v 3.815061 0.220531 -4.382572
v 3.815278 0.210127 -4.383592
v 3.815278 0.210127 -4.881286
v 3.815061 0.220531 -4.882304
v 3.921666 0.220531 -4.882304
v 3.921449 0.210127 -4.881286
vt 0.967414 0.361640
vt 0.809601 0.134033
vt 0.972817 0.388248
vt 0.805059 0.125522
vt 0.958119 0.346748
vt 0.969712 0.341955
vt 0.687168 0.027017
vt 0.674492 0.026994
vt 0.907394 0.346875
vt 0.623197 0.025693
vt 0.794444 0.342042
vt 0.806036 0.346844
vt 0.520558 0.026994
vt 0.309629 0.022636
vt 0.295428 0.005735
vt 0.296658 0.024424
vt 0.789662 0.314866
vt 0.282391 0.031623
vt 0.794515 0.246229
vt 0.789708 0.257795
vt 0.225532 0.026089
vt 0.184168 0.315257
vt 0.806107 0.241436
vt 0.171493 0.315234
vt 0.958191 0.241340
vt 0.907477 0.241309
vt 0.068853 0.313933
vt 0.017558 0.315234
vt 0.969782 0.246142
vt 0.857392 0.022828
vt 0.974576 0.257715
vt 0.844429 0.024234
vt 0.974518 0.330389
vt 0.791076 0.010607
vt 0.789177 0.031490
vt 0.773958 0.026186
vt 0.975383 0.134033
vt 0.975383 0.114581
vt 0.794568 0.373843
vt 0.979925 0.140276
vt 0.743248 0.005799
vt 0.750759 0.005799
vt 0.750811 0.012591
vt 0.743278 0.012591
vt 0.820567 0.131447
vt 0.820567 0.110049
vt 0.907479 0.356161
vt 0.868539 0.131447
vt 0.298126 0.036996
vt 0.508940 0.046635
vt 0.292882 0.041736
vt 0.521523 0.046514
vt 0.622852 0.046505
vt 0.673527 0.046513
vt 0.756630 0.040710
vt 0.780027 0.047895
vt 0.769282 0.043665
vt 0.856832 0.241309
vt 0.120198 0.313934
vt 0.572198 0.046505
vt 0.856749 0.346875
vt 0.571853 0.025693
vt 0.916444 0.131447
vt 0.916444 0.110049
vt 0.964417 0.110049
vt 0.964417 0.131447
vt 0.018232 0.328985
vt 0.069097 0.328600
vt 0.069199 0.334746
vt 0.018523 0.334754
vt 0.005613 0.329095
vt 0.005939 0.334875
vt 0.843477 0.034225
vt 0.843228 0.036331
vt 0.771702 0.039147
vt 0.786604 0.047063
vt 0.759056 0.035737
vt 0.673819 0.040745
vt 0.622953 0.040360
vt 0.572097 0.040360
vt 0.521231 0.040745
vt 0.508613 0.040855
vt 0.296943 0.034912
vt 0.285696 0.048189
vt 0.210190 0.034552
vt 0.222314 0.038920
vt 0.219327 0.043503
vt 0.207403 0.039183
vt 0.170819 0.328985
vt 0.170528 0.334754
vt 0.119954 0.328600
vt 0.119852 0.334745
vt 0.970664 0.442069
vt 0.965752 0.452574
vt 0.970787 0.373313
vt 0.969522 0.313662
vt 0.966235 0.362898
vt 0.794659 0.328502
vt 0.801170 0.363805
vt 0.795868 0.388557
vt 0.800615 0.453441
vt 0.796062 0.442976
vt 0.811474 0.358836
vt 0.811307 0.457784
vt 0.907396 0.357937
vt 0.955550 0.358584
vt 0.955445 0.457544
vt 0.907847 0.458447
vt 0.859065 0.357935
vt 0.859502 0.458446
vt 0.972356 0.442532
vt 0.809601 0.205189
vt 0.975383 0.205189
vt 0.794334 0.443425
vt 0.964417 0.209721
vt 0.820567 0.209721
vt 0.868539 0.209721
vt 0.916444 0.209721
vt 0.751673 0.005792
vt 0.966504 0.149902
vt 0.750811 0.013505
vt 0.743277 0.013505
vt 0.966504 0.177379
vt 0.715719 0.013505
vt 0.715772 0.005799
vt 0.715719 0.012591
vt 0.789698 0.273395
vt 0.240847 0.030956
vt 0.795827 0.427971
vt 0.979925 0.179493
vt 0.975383 0.185737
vt 0.723253 0.013505
vt 0.723253 0.012591
vt 0.723283 0.005799
vt 0.966504 0.169867
vt 0.964417 0.188323
vt 0.916444 0.188323
vt 0.868539 0.188323
vt 0.820567 0.188323
vt 0.809601 0.185737
vt 0.972826 0.427833
vt 0.969556 0.274440
vt 0.829642 0.010480
vt 0.830703 0.031977
vt 0.842828 0.037201
vt 0.835458 0.047623
vt 0.232327 0.048160
vt 0.238102 0.045411
vt 0.787572 0.056636
vt 0.787237 0.052351
vt 0.842948 0.046263
vt 0.844989 0.041516
vt 0.238467 0.054899
vt 0.238391 0.050647
vt 0.292327 0.049349
vt 0.294792 0.045748
vt 0.284076 0.057649
vt 0.284688 0.053481
vt 0.231905 0.051125
vt 0.234416 0.051675
vt 0.834770 0.052990
vt 0.834422 0.057221
vt 0.781082 0.051997
vt 0.778507 0.050640
vt 0.974528 0.314789
vt 0.776621 0.006551
vt 0.971038 0.388310
vt 0.969511 0.328418
vt 0.805059 0.140276
vt 0.972500 0.372863
vt 0.743248 0.004885
vt 0.723283 0.004885
vt 0.973296 0.149873
vt 0.973296 0.169897
vt 0.794094 0.388526
vt 0.979925 0.125522
vt 0.794670 0.313745
vt 0.796260 0.374307
vt 0.281297 0.010509
vt 0.789650 0.330469
vt 0.974564 0.273319
vt 0.971051 0.427806
vt 0.805059 0.179493
vt 0.714858 0.005792
vt 0.715772 0.004885
vt 0.714805 0.012584
vt 0.973296 0.177431
vt 0.794052 0.428029
vt 0.794704 0.274523
vt 0.242365 0.010041
vt 0.973296 0.142339
vt 0.751725 0.012584
vt 0.966504 0.142391
vt 0.750759 0.004885
vt 0.907958 0.460221
vt 0.859419 0.460222
vt 0.868539 0.110049
vt 0.858954 0.356161
vt 0.810922 0.459512
vt 0.811016 0.357114
vt 0.967000 0.453779
vt 0.955903 0.459266
vt 0.955934 0.356856
vt 0.809601 0.114581
vt 0.799434 0.454697
vt 0.799921 0.362600
vt 0.979925 0.194248
vt 0.805059 0.194248
vt 0.906104 0.244166
vt 0.858208 0.244164
vt 0.906019 0.344020
vt 0.858122 0.344018
vt 0.810227 0.244290
vt 0.810152 0.343983
vt 0.965034 0.248736
vt 0.954074 0.244201
vt 0.953999 0.343894
vt 0.964964 0.339358
vt 0.799262 0.248826
vt 0.799192 0.339448
vt 0.794715 0.259767
vt 0.969567 0.259682
vt 0.622859 0.004885
vt 0.572191 0.004887
vt 0.069192 0.293127
vt 0.119859 0.293125
vt 0.521475 0.007468
vt 0.170575 0.295708
vt 0.686168 0.007401
vt 0.843521 0.005595
vt 0.856309 0.004884
vt 0.018476 0.295708
vt 0.183168 0.295641
vt 0.227911 0.006568
vt 0.308117 0.004884
vt 0.673574 0.007468
vt 0.856735 0.034020
vt 0.857897 0.039342
vt 0.004883 0.315257
vt 0.005882 0.295641
vt 0.183437 0.329095
vt 0.183111 0.334875
vt 0.686437 0.040855
vt 0.686111 0.046635
vt 0.309905 0.033524
vt 0.311690 0.038427
vt 0.212627 0.022927
vt 0.507882 0.027017
vt 0.760917 0.023474
vt 0.215533 0.004884
vt 0.508882 0.007401
vt 0.763943 0.004884
vn 0.000000 1.000000 0.000003
vn 0.000000 1.000000 0.000003
vn 0.000000 1.000000 0.000002
vn 0.000000 1.000000 0.000003
vn 0.996959 0.039913 0.066925
vn 0.714646 0.067610 0.696212
vn 0.697049 0.068104 0.713782
vn 0.995473 0.040932 0.085782
vn 0.999364 0.035664 0.000644
vn 0.999362 0.035701 0.000688
vn 0.714657 0.067622 -0.696198
vn 0.996959 0.039914 -0.066927
vn 0.995473 0.040933 -0.085781
vn 0.697035 0.068116 -0.713794
vn 0.169903 0.068883 -0.983050
vn 0.177608 0.068992 -0.981680
vn -0.000000 0.065466 -0.997855
vn -0.000000 0.065466 -0.997855
vn -0.714654 0.067622 -0.696202
vn -0.169902 0.068882 -0.983051
vn -0.177604 0.068991 -0.981681
vn -0.697030 0.068117 -0.713800
vn -0.996959 0.039921 -0.066927
vn -0.995473 0.040940 -0.085780
vn -0.996959 0.039920 0.066926
vn -0.999363 0.035672 0.000644
vn -0.999362 0.035709 0.000688
vn -0.995473 0.040938 0.085781
vn -0.714643 0.067611 0.696215
vn -0.697044 0.068105 0.713787
vn -0.169891 0.068880 0.983053
vn -0.177592 0.068989 0.981683
vn 0.169892 0.068881 0.983052
vn 0.000000 0.065475 0.997854
vn 0.000000 0.065475 0.997854
vn 0.177596 0.068989 0.981682
vn 0.000000 1.000000 -0.000002
vn 0.000000 1.000000 -0.000002
vn 0.000000 1.000000 -0.000002
vn 0.000000 1.000000 -0.000002
vn 0.000000 1.000000 -0.000000
vn 0.000000 1.000000 0.000000
vn 0.000000 1.000000 0.000000
vn 0.000000 1.000000 -0.000000
vn 0.000000 0.998594 0.053012
vn 0.000000 0.998594 0.053012
vn 0.000000 0.999648 0.026534
vn 0.000000 0.999648 0.026534
vn 0.000000 1.000000 0.000000
vn 0.000000 1.000000 0.000000
vn 0.000000 1.000000 0.000001
vn 0.000000 1.000000 0.000001
vn -0.999363 0.035672 -0.000644
vn -0.999362 0.035709 -0.000688
vn 0.999364 0.035664 -0.000644
vn 0.999362 0.035701 -0.000688
vn 0.000000 0.999648 -0.026533
vn 0.000000 0.999648 -0.026533
vn 0.000000 0.998594 -0.053011
vn 0.000000 0.998594 -0.053011
vn -0.996683 -0.040162 0.070780
vn -0.999364 -0.035655 -0.000217
vn -0.999364 -0.035651 -0.000064
vn -0.997007 -0.039908 0.066220
vn -0.709817 -0.067752 0.701120
vn -0.714644 -0.067604 0.696214
vn -0.172078 -0.068911 0.982670
vn -0.169886 -0.068875 0.983054
vn 0.172081 -0.068912 0.982669
vn 0.000000 -0.065476 0.997854
vn 0.000000 -0.065472 0.997854
vn 0.169884 -0.068878 0.983054
vn 0.709822 -0.067751 0.701115
vn 0.714643 -0.067610 0.696215
vn 0.996683 -0.040155 0.070780
vn 0.997007 -0.039909 0.066221
vn 0.999364 -0.035647 -0.000217
vn 0.999364 -0.035651 -0.000064
vn 0.999364 -0.035647 0.000217
vn 0.999364 -0.035652 0.000064
vn 0.996683 -0.040156 -0.070782
vn 0.997006 -0.039912 -0.066222
vn 0.709823 -0.067763 -0.701113
vn 0.714657 -0.067623 -0.696199
vn 0.172090 -0.068915 -0.982668
vn 0.169902 -0.068868 -0.983052
vn 0.000000 -0.065445 -0.997856
vn 0.000000 -0.065472 -0.997854
vn -0.709817 -0.067763 -0.701119
vn -0.172086 -0.068914 -0.982669
vn -0.169905 -0.068866 -0.983051
vn -0.714659 -0.067617 -0.696197
vn -0.996683 -0.040164 -0.070782
vn -0.997007 -0.039910 -0.066220
vn -0.999364 -0.035655 0.000217
vn -0.999364 -0.035651 0.000064
vn 0.000000 1.000000 0.000000
vn 0.000000 1.000000 0.000000
vn 0.000000 1.000000 0.000000
vn 0.000000 1.000000 0.000000
vn 0.000000 1.000000 -0.000000
vn 0.000000 1.000000 -0.000000
vn 0.000000 1.000000 -0.000000
vn 0.000000 1.000000 -0.000000
vn 0.000000 1.000000 0.000000
vn 0.000000 1.000000 0.000000
vn 0.000000 1.000000 0.000000
vn 0.000000 1.000000 0.000000
vn 0.000000 1.000000 0.000001
vn 0.000000 1.000000 0.000001
vn 0.000000 1.000000 0.000001
vn 0.000000 1.000000 0.000001
vn 0.000000 1.000000 0.000002
vn 0.000000 1.000000 0.000001
vn 0.000000 1.000000 0.000000
vn 0.000000 1.000000 0.000002
vn 0.000000 1.000000 0.000001
vn 0.000000 1.000000 0.000001
vn 0.000000 1.000000 0.000001
vn 0.000000 1.000000 0.000001
vn 0.000000 1.000000 0.000001
vn 0.000000 1.000000 0.000001
vn 0.000000 1.000000 0.000001
vn 0.000000 1.000000 0.000001
vn 0.000000 1.000000 0.000001
vn 0.000000 1.000000 0.000001
vn 0.000000 1.000000 0.000001
vn 0.000000 1.000000 0.000001
vn -0.049478 0.997448 0.051475
vn -0.049478 0.997448 0.051475
vn -0.049478 0.997448 0.051475
vn -0.049478 0.997448 0.051475
vn 0.049478 0.997448 0.051475
vn 0.049478 0.997448 0.051475
vn 0.049478 0.997448 0.051475
vn 0.049478 0.997448 0.051475
vn 0.000000 1.000000 -0.000001
vn 0.000000 1.000000 -0.000001
vn 0.000000 1.000000 -0.000001
vn 0.000000 1.000000 -0.000001
vn 0.000000 1.000000 -0.000001
vn 0.000000 1.000000 -0.000001
vn 0.000000 1.000000 -0.000001
vn 0.000000 1.000000 -0.000001
vn -0.049482 0.997448 -0.051475
vn -0.049482 0.997448 -0.051475
vn -0.049482 0.997448 -0.051475
vn -0.049482 0.997448 -0.051475
vn 0.049482 0.997448 -0.051475
vn 0.049482 0.997448 -0.051475
vn 0.049482 0.997448 -0.051475
vn 0.049482 0.997448 -0.051475
vn 0.000000 1.000000 0.000000
vn 0.000000 1.000000 0.000000
vn 0.000000 1.000000 0.000000
vn 0.000000 1.000000 0.000000
vn 0.000000 1.000000 0.000000
vn 0.000000 1.000000 0.000000
vn 0.000000 1.000000 0.000000
vn 0.000000 1.000000 0.000000
vn 0.383413 0.000000 -0.923577
vn 0.383413 0.000000 -0.923577
vn 0.383413 0.000000 -0.923577
vn 0.383413 0.000000 -0.923577
vn 0.000000 0.000000 -1.000000
vn 0.000000 0.000000 -1.000000
vn 0.000000 0.000000 -1.000000
vn 0.000000 0.000000 -1.000000
vn -0.383419 0.000000 -0.923575
vn -0.383419 0.000000 -0.923575
vn -0.383419 0.000000 -0.923575
vn -0.383419 0.000000 -0.923575
vn -0.383430 0.000000 0.923570
vn -0.383430 0.000000 0.923570
vn -0.383430 0.000000 0.923570
vn -0.383430 0.000000 0.923570
vn 0.000000 0.000000 1.000000
vn 0.000000 0.000000 1.000000
vn 0.000000 0.000000 1.000000
vn 0.000000 0.000000 1.000000
vn 0.383424 0.000000 0.923572
vn 0.383424 0.000000 0.923572
vn 0.383424 0.000000 0.923572
vn 0.383424 0.000000 0.923572
vn -0.924185 0.000000 0.381946
vn -0.924185 0.000000 0.381946
vn -0.924185 0.000000 0.381946
vn -0.924185 0.000000 0.381946
vn 0.924187 0.000000 0.381939
vn 0.924187 0.000000 0.381939
vn 0.924187 0.000000 0.381939
vn 0.924187 0.000000 0.381939
vn -1.000000 0.000000 0.000000
vn -1.000000 0.000000 0.000000
vn -1.000000 0.000000 0.000000
vn -1.000000 0.000000 0.000000
vn 1.000000 0.000000 0.000000
vn 1.000000 0.000000 0.000000
vn 1.000000 0.000000 0.000000
vn 1.000000 0.000000 0.000000
vn -0.924186 0.000000 -0.381942
vn -0.924186 0.000000 -0.381942
vn -0.924186 0.000000 -0.381942
vn -0.924186 0.000000 -0.381942
vn 0.924189 0.000000 -0.381935
vn 0.924189 0.000000 -0.381935
vn 0.924189 0.000000 -0.381935
vn 0.924189 0.000000 -0.381935
vn -1.000000 0.000000 0.000000
vn -1.000000 0.000000 0.000000
vn -1.000000 0.000000 0.000000
vn -1.000000 0.000000 0.000000
vn 1.000000 0.000000 0.000000
vn 1.000000 0.000000 0.000000
vn 1.000000 0.000000 0.000000
vn 1.000000 0.000000 0.000000
vn -1.000000 0.000000 0.000000
vn -1.000000 0.000000 0.000000
vn -1.000000 0.000000 0.000000
vn -1.000000 0.000000 0.000000
vn 1.000000 0.000000 0.000000
vn 1.000000 0.000000 0.000000
vn 1.000000 0.000000 0.000000
vn 1.000000 0.000000 0.000000
vn 0.000000 1.000000 0.000000
vn 0.000000 1.000000 0.000000
vn 0.000000 1.000000 0.000000
vn 0.000000 1.000000 0.000000
vn 0.000000 1.000000 0.000000
vn 0.000000 1.000000 0.000000
vn 0.000000 1.000000 0.000000
vn 0.000000 1.000000 0.000000
vn 0.000000 1.000000 0.000016
vn 0.000000 1.000000 0.000015
vn 0.000000 1.000000 0.000003
vn 0.000000 1.000000 0.000016
vn 0.000000 1.000000 0.000000
vn 0.000000 1.000000 0.000000
vn 0.000000 1.000000 0.000000
vn 0.000000 1.000000 0.000000
vn 0.000000 0.000000 1.000000
vn 0.000000 0.000000 1.000000
vn 0.000000 0.000000 1.000000
vn 0.000000 0.000000 1.000000
vn 0.999970 0.000000 0.007751
vn 0.999970 0.000000 0.007751
vn 0.999970 0.000000 0.007751
vn 0.999970 0.000000 0.007751
vn 0.000000 0.000000 -1.000000
vn 0.000000 0.000000 -1.000000
vn 0.000000 0.000000 -1.000000
vn 0.000000 0.000000 -1.000000
vn -0.999970 0.000000 0.007739
vn -0.999970 0.000000 0.007739
vn -0.999970 0.000000 0.007739
vn -0.999970 0.000000 0.007739
vn 0.000000 0.065466 -0.997855
vn 0.000000 0.065466 -0.997855
vn 0.000000 1.000000 0.000000
vn 0.000000 1.000000 0.000001
vn 0.000000 1.000000 0.000002
vn 0.000000 1.000000 0.000002
vn 0.000000 0.000000 1.000000
vn 0.000000 0.000000 1.000000
vn 0.000000 0.000000 1.000000
vn 0.000000 0.000000 1.000000
vn 0.000000 1.000000 0.000001
vn 0.000000 1.000000 0.000000
vn 0.000000 1.000000 -0.000002
vn 0.000000 1.000000 0.000001
vn 0.000000 1.000000 0.000003
vn 0.000000 1.000000 0.000002
vn 0.000000 1.000000 0.000002
vn 0.000000 1.000000 0.000002
vn 0.000000 0.000000 -1.000000
vn 0.000000 0.000000 -1.000000
vn 0.000000 0.000000 -1.000000
vn 0.000000 0.000000 -1.000000
vn 0.000000 1.000000 0.000000
vn 0.000000 1.000000 -0.000000
vn 0.000000 1.000000 -0.000000
vn 0.000000 1.000000 0.000000
vn 0.000000 0.000000 1.000000
vn 0.000000 0.000000 1.000000
vn 0.000000 0.000000 1.000000
vn 0.000000 0.000000 1.000000
vn 0.000000 1.000000 0.000015
vn 0.000000 1.000000 0.000014
vn 0.000000 1.000000 0.000000
vn 0.000000 1.000000 0.000015
vn 0.000000 0.999648 -0.026533
vn 0.000000 0.999648 -0.026533
vn 0.000000 0.998594 -0.053011
vn 0.000000 0.998594 -0.053011
vn 0.000000 0.999648 0.026534
vn 0.000000 0.999648 0.026534
vn 0.000000 0.998594 0.053011
vn 0.000000 0.998594 0.053012
vn 0.000000 1.000000 0.000001
vn 0.000000 1.000000 0.000001
vn 0.000000 1.000000 0.000000
vn 0.000000 1.000000 0.000000
vn 0.000000 1.000000 0.000002
vn 0.000000 1.000000 0.000000
vn 0.000000 1.000000 -0.000001
vn 0.000000 1.000000 -0.000001
vn 0.000000 0.000000 -1.000000
vn 0.000000 0.000000 -1.000000
vn 0.000000 0.000000 -1.000000
vn 0.000000 0.000000 -1.000000
vn 0.000000 1.000000 -0.000001
vn 0.000000 1.000000 -0.000001
vn 0.000000 1.000000 -0.000000
vn 0.000000 1.000000 -0.000001
vn 0.000000 0.065475 0.997854
vn 0.000000 0.065475 0.997854
vn 0.000000 -0.065472 0.997854
vn 0.000000 -0.065476 0.997854
vn -0.000000 -0.065472 -0.997854
vn 0.000000 -0.065445 -0.997856
vn 0.000000 -0.097531 0.995232
vn 0.000000 -0.097531 0.995232
vn 0.000000 -0.097531 0.995232
vn 0.000000 -0.097531 0.995232
vn 0.000000 -0.097413 -0.995244
vn 0.000000 -0.097413 -0.995244
vn 0.000000 -0.097413 -0.995244
vn 0.000000 -0.097413 -0.995244
vn -0.000000 -0.065476 -0.997854
vn 0.000000 -0.065476 -0.997854
vn 0.177603 -0.068998 -0.981680
vn 0.697034 -0.068116 -0.713796
vn 0.995692 -0.040827 -0.083250
vn 0.999364 -0.035661 0.000294
vn 0.999364 -0.035661 -0.000294
vn 0.995692 -0.040827 0.083252
vn 0.697047 -0.068104 0.713783
vn 0.177600 -0.068991 0.981681
vn 0.000000 -0.065476 0.997854
vn 0.000000 -0.065476 0.997854
vn -0.177597 -0.068991 0.981682
vn -0.697042 -0.068107 0.713788
vn -0.995691 -0.040837 0.083251
vn -0.999363 -0.035672 -0.000295
vn -0.999363 -0.035672 0.000295
vn -0.995692 -0.040838 -0.083249
vn -0.697028 -0.068119 -0.713800
vn -0.177600 -0.068998 -0.981681
vn 0.999850 -0.017037 -0.003007
vn 0.999850 -0.017037 -0.003007
vn 0.999850 -0.017037 -0.003007
vn 0.999850 -0.017037 -0.003007
vn 0.000000 0.943204 0.332216
vn 0.000000 0.943204 0.332216
vn 0.000000 0.943204 0.332216
vn 0.000000 0.943204 0.332216
vn -0.999851 -0.017022 -0.003004
vn -0.999851 -0.017022 -0.003004
vn -0.999851 -0.017022 -0.003004
vn -0.999851 -0.017022 -0.003004
vn -0.999851 -0.017022 0.003004
vn -0.999851 -0.017022 0.003004
vn -0.999851 -0.017022 0.003004
vn -0.999851 -0.017022 0.003004
vn 0.000000 0.943196 -0.332236
vn 0.000000 0.943196 -0.332236
vn 0.000000 0.943196 -0.332236
vn 0.000000 0.943196 -0.332236
vn 0.999850 -0.017038 0.003007
vn 0.999850 -0.017038 0.003007
vn 0.999850 -0.017038 0.003007
vn 0.999850 -0.017038 0.003007
s 1
g pCube125 polySurface2
usemtl initialShadingGroup
f 647/1067/927 704/865/928 705/1032/929 650/867/930
s 2
f 584/1099/931 583/1092/932 620/870/933 621/871/934
f 614/1086/935 584/1099/931 621/871/934 622/873/936
f 586/1114/937 585/1090/938 624/876/939 625/1111/940
f 587/878/941 586/1098/937 625/877/940 626/879/942
f 692/1042/943 587/878/941 626/879/942 691/881/944
f 589/1113/945 588/1097/946 627/884/947 628/1110/948
f 590/1091/949 589/1096/945 628/885/948 629/887/950
f 591/1095/951 611/1088/952 615/890/953 616/891/954
f 592/1103/955 591/1095/951 616/891/954 617/1102/956
f 593/1093/957 592/1094/955 617/893/956 618/895/958
f 594/1029/959 707/897/960 708/898/961 619/899/962
f 583/1115/932 594/1029/959 619/899/962 620/1112/933
s 7
f 695/900/963 651/901/964 653/1039/965 694/903/966
s 8
f 698/904/967 667/905/968 669/906/969 697/907/970
s 9
f 703/908/971 657/909/972 659/1060/973 702/911/974
s 10
f 647/1067/975 657/909/976 703/908/977 704/865/978
s 2
f 607/1089/979 590/1091/949 629/887/950 630/922/980
f 585/1090/938 610/1087/981 623/925/982 624/876/939
s 9
f 701/926/983 661/927/984 655/928/985 700/929/986
s 2
f 611/1088/952 607/1089/979 630/922/980 615/890/953
f 610/1087/981 614/1086/935 622/873/936 623/925/982
s 9
f 702/911/974 659/1060/973 661/927/984 701/926/983
s 11
f 725/930/987 726/931/988 612/932/989 603/933/990
f 724/934/991 725/930/987 603/933/990 604/935/992
f 723/936/993 724/1100/991 604/1101/992 605/937/994
f 720/938/995 721/939/996 709/919/997 606/920/998
f 719/940/999 720/938/995 606/920/998 596/918/1000
f 718/941/1001 719/1106/999 596/1107/1000 595/917/1002
f 717/942/1003 718/941/1001 595/917/1002 613/916/1004
f 716/943/1005 717/942/1003 613/916/1004 609/923/1006
f 715/944/1007 716/943/1005 609/923/1006 597/915/1008
f 714/945/1009 715/944/1007 597/915/1008 598/913/1010
f 713/946/1011 714/1108/1009 598/1109/1010 599/912/1012
f 710/914/1013 712/947/1014 713/946/1011 599/912/1012
f 729/948/1015 730/949/1016 600/950/1017 601/951/1018
f 728/952/1019 729/1104/1015 601/1105/1018 602/953/1020
f 727/954/1021 728/952/1019 602/953/1020 608/955/1022
f 726/931/988 727/954/1021 608/955/1022 612/932/989
s off
f 592/892/1023 593/894/1024 633/1085/1025 632/1078/1026
s 14
f 707/1028/1027 594/896/1028 634/1031/1029 706/959/1030
s off
f 594/896/1031 583/869/1032 631/1081/1033 634/1031/1034
f 586/874/1035 587/1043/1036 637/961/1037 635/1083/1038
s 15
f 587/1043/1039 692/880/1040 693/1040/1041 637/961/1042
s off
f 588/883/1043 589/882/1044 636/1082/1045 638/1084/1046
f 585/875/1047 586/874/1048 635/1083/1049 639/1077/1050
f 589/882/1051 590/886/1052 640/1076/1053 636/1082/1054
f 584/868/1055 614/872/1056 643/1074/1057 641/1080/1058
f 611/889/1059 591/888/1060 642/1079/1061 644/1072/1062
f 583/869/1063 584/868/1064 641/1080/1065 631/1081/1066
f 591/888/1067 592/892/1068 632/1078/1069 642/1079/1070
f 610/924/1071 585/875/1072 639/1077/1073 645/1075/1074
f 590/886/1075 607/921/1076 646/1073/1077 640/1076/1078
f 614/872/1079 610/924/1080 645/1075/1081 643/1074/1082
f 607/921/1083 611/889/1084 644/1072/1085 646/1073/1086
f 632/957/1087 633/956/1088 649/974/1089 648/1064/1090
s 16
f 706/1030/1091 634/958/1092 650/1033/1093 705/866/1094
s off
f 634/958/1095 631/960/1096 647/864/1097 650/1033/1098
f 635/962/1099 637/1041/1100 653/902/1101 651/1069/1102
s 17
f 637/1041/1103 693/963/1104 694/1038/1105 653/902/1106
s off
f 638/965/1107 636/964/1108 652/1068/1109 654/977/1110
f 639/966/1111 635/962/1112 651/1069/1113 655/1063/1114
f 636/964/1115 640/967/1116 656/1062/1117 652/1068/1118
f 641/969/1119 643/968/1120 659/910/1121 657/1066/1122
f 644/971/1123 642/970/1124 658/1065/1125 660/1058/1126
f 631/960/1127 641/969/1128 657/1066/1129 647/864/1130
f 642/970/1131 632/957/1132 648/1064/1133 658/1065/1134
f 645/972/1135 639/966/1136 655/1063/1137 661/1061/1138
f 640/967/1139 646/973/1140 662/1059/1141 656/1062/1142
f 643/968/1143 645/972/1144 661/1061/1145 659/910/1146
f 646/973/1147 644/971/1148 660/1058/1149 662/1059/1150
s 18
f 700/929/1151 655/928/1152 663/1056/1153 699/983/1154
s off
f 655/928/1155 651/901/1156 665/1054/1157 663/1056/1158
s 19
f 651/901/1159 695/900/1160 696/1036/1161 665/1054/1162
s off
f 652/976/1163 656/978/1164 664/986/1165 666/1050/1166
s 20
f 699/1034/1167 663/1057/1168 667/905/1169 698/904/1170
s off
f 663/982/1171 665/1055/1172 669/906/1173 667/905/1174
s 21
f 665/984/1175 696/985/1176 697/907/1177 669/906/1178
s off
f 666/1049/1179 664/1047/1180 668/988/1181 670/989/1182
s 2
f 588/1097/946 672/1053/1183 671/991/1184 627/884/947
s 15
f 673/1052/1185 672/990/1186 588/883/1187 638/1084/1188
s 17
f 674/1051/1189 673/992/1190 638/965/1191 654/977/1192
s 7
f 652/976/1193 675/994/1194 674/993/1195 654/1070/1196
s 19
f 676/1037/1197 675/994/1198 652/976/1199 666/1050/1200
s 21
f 677/996/1201 676/995/1202 666/987/1203 670/989/1204
s 8
f 668/988/1205 678/997/1206 677/996/1207 670/989/1208
s 20
f 664/1048/1209 679/1035/1210 678/997/1211 668/988/1212
s 18
f 656/978/1213 680/999/1214 679/998/1215 664/986/1216
s 9
f 662/981/1217 681/1000/1218 680/999/1219 656/978/1220
f 660/980/1221 682/1001/1222 681/1000/1218 662/981/1217
f 658/979/1223 683/1002/1224 682/1001/1222 660/980/1221
s 10
f 684/1003/1225 683/1002/1226 658/979/1227 648/975/1228
s 1
f 685/1046/1229 684/1003/1230 648/975/1231 649/1071/1232
s 16
f 633/956/1233 686/1045/1234 685/1004/1235 649/974/1236
s 14
f 593/894/1237 687/1044/1238 686/1005/1239 633/1085/1240
s 2
f 688/1007/1241 687/1006/1242 593/1093/957 618/895/958
s 11
f 689/1008/1243 722/1009/1244 723/936/993 605/937/994
f 730/949/1016 711/1011/1245 690/1010/1246 600/950/1017
s 2
f 672/1053/1183 692/1042/943 691/881/944 671/991/1184
s 15
f 693/1040/1041 692/880/1040 672/990/1186 673/1052/1185
s 17
f 694/1038/1105 693/963/1104 673/992/1190 674/1051/1189
s 7
f 675/994/1194 695/900/963 694/903/966 674/993/1195
s 19
f 696/1036/1161 695/900/1160 675/994/1198 676/1037/1197
s 21
f 697/907/1177 696/985/1176 676/995/1202 677/996/1201
s 8
f 678/997/1206 698/904/967 697/907/970 677/996/1207
s 20
f 679/1035/1210 699/1034/1167 698/904/1170 678/997/1211
s 18
f 680/999/1214 700/929/1151 699/983/1154 679/998/1215
s 9
f 681/1000/1218 701/926/983 700/929/986 680/999/1219
f 682/1001/1222 702/911/974 701/926/983 681/1000/1218
f 683/1002/1224 703/908/971 702/911/974 682/1001/1222
s 10
f 704/865/978 703/908/977 683/1002/1226 684/1003/1225
s 1
f 705/1032/929 704/865/928 684/1003/1230 685/1046/1229
s 16
f 686/1045/1234 706/1030/1091 705/866/1094 685/1004/1235
s 14
f 687/1044/1238 707/1028/1027 706/959/1030 686/1005/1239
s 2
f 708/898/961 707/897/960 687/1006/1242 688/1007/1241
s off
f 732/1012/1247 731/1013/1248 733/1024/1249 734/1025/1250
f 735/1016/1251 736/1017/1252 737/1021/1253 738/1020/1254
s 11
f 711/1011/1245 671/991/1255 691/881/1256 712/947/1014
f 713/946/1011 712/947/1014 691/881/1256 626/879/1257
f 626/879/1257 625/877/1258 714/1108/1009 713/946/1011
f 625/1111/1258 624/876/1259 715/944/1007 714/945/1009
f 624/876/1259 623/925/1260 716/943/1005 715/944/1007
f 623/925/1260 622/873/1261 717/942/1003 716/943/1005
f 622/873/1261 621/871/1262 718/941/1001 717/942/1003
f 621/871/1262 620/870/1263 719/1106/999 718/941/1001
f 620/1112/1263 619/899/1264 720/938/995 719/940/999
f 619/899/1264 708/898/1265 721/939/996 720/938/995
f 722/1009/1244 721/939/996 708/898/1265 688/1007/1266
f 723/936/993 722/1009/1244 688/1007/1266 618/895/1267
f 618/895/1267 617/893/1268 724/1100/991 723/936/993
f 617/1102/1268 616/891/1269 725/930/987 724/934/991
f 616/891/1269 615/890/1270 726/931/988 725/930/987
f 615/890/1270 630/922/1271 727/954/1021 726/931/988
f 630/922/1271 629/887/1272 728/952/1019 727/954/1021
f 629/887/1272 628/885/1273 729/1104/1015 728/952/1019
f 628/1110/1273 627/884/1274 730/949/1016 729/948/1015
f 627/884/1274 671/991/1255 711/1011/1245 730/949/1016
s off
f 709/919/1275 721/939/1276 731/1026/1277 732/1027/1278
f 721/939/1279 722/1009/1280 733/1024/1281 731/1013/1282
f 722/1009/1283 689/1008/1284 734/1015/1285 733/1014/1286
f 690/1010/1287 711/1011/1288 736/1023/1289 735/1022/1290
f 711/1011/1291 712/947/1292 737/1021/1293 736/1017/1294
f 712/947/1295 710/914/1296 738/1019/1297 737/1018/1298
