# This file uses centimeters as units for non-parametric coordinates.

mtllib Bola.mtl
g default
v 2.405497 0.236573 -0.251179
v 2.328061 0.110304 -0.335752
v 2.207453 0.010096 -0.402869
v 2.055477 -0.054241 -0.445962
v 1.887011 -0.076411 -0.460810
v 1.718545 -0.054241 -0.445962
v 1.566569 0.010096 -0.402869
v 1.445961 0.110304 -0.335752
v 1.368525 0.236573 -0.251179
v 1.341843 0.376544 -0.157428
v 1.368525 0.516514 -0.063678
v 1.445961 0.642784 0.020895
v 1.566569 0.742992 0.088012
v 1.718545 0.807329 0.131105
v 1.887011 0.829498 0.145953
v 2.055477 0.807329 0.131105
v 2.207453 0.742992 0.088012
v 2.328061 0.642784 0.020895
v 2.405496 0.516514 -0.063678
v 2.432179 0.376544 -0.157428
v 2.386267 0.288632 -0.317676
v 2.311703 0.167046 -0.399112
v 2.195568 0.070555 -0.463741
v 2.049229 0.008603 -0.505235
v 1.887011 -0.012743 -0.519533
v 1.724793 0.008604 -0.505235
v 1.578454 0.070555 -0.463741
v 1.462319 0.167046 -0.399112
v 1.387755 0.288632 -0.317676
v 1.362062 0.423412 -0.227403
v 1.387755 0.558191 -0.137130
v 1.462319 0.679777 -0.055693
v 1.578454 0.776268 0.008935
v 1.724793 0.838220 0.050429
v 1.887011 0.859567 0.064727
v 2.049229 0.838220 0.050429
v 2.195568 0.776268 0.008935
v 2.311703 0.679777 -0.055693
v 2.386266 0.558191 -0.137130
v 2.411959 0.423412 -0.227403
v 1.972238 -0.014584 0.376774
v 1.959552 -0.035355 0.362883
v 1.939764 -0.051847 0.351846
v 1.914813 -0.062446 0.344744
v 1.887141 -0.066115 0.342271
v 1.859456 -0.062494 0.344671
v 1.834468 -0.051938 0.351707
v 1.814623 -0.035480 0.362692
v 1.801864 -0.014731 0.376549
v 1.797440 0.008278 0.391923
v 1.801784 0.031294 0.407309
v 1.814470 0.052065 0.421200
v 1.834257 0.068558 0.432237
v 1.859208 0.079157 0.439340
v 1.886881 0.082826 0.441812
v 1.914566 0.079205 0.439413
v 1.939554 0.068649 0.432377
v 1.959399 0.052191 0.421392
v 1.972157 0.031442 0.407534
v 1.976582 0.008433 0.392160
v 2.055327 -0.025269 0.344212
v 2.030231 -0.066274 0.316767
v 1.991116 -0.098825 0.294974
v 1.941810 -0.119735 0.280966
v 1.887140 -0.126956 0.276115
v 1.832457 -0.119783 0.280894
v 1.783115 -0.098916 0.294838
v 1.743942 -0.066400 0.316579
v 1.718774 -0.025417 0.343992
v 1.710074 0.020022 0.374391
v 1.718694 0.065469 0.404801
v 1.743790 0.106475 0.432246
v 1.782906 0.139025 0.454039
v 1.832212 0.159935 0.468047
v 1.886882 0.167156 0.472898
v 1.941564 0.159983 0.468119
v 1.990907 0.139117 0.454175
v 2.030080 0.106600 0.432434
v 2.055248 0.065617 0.405021
v 2.063947 0.020178 0.374622
v 2.134273 -0.027325 0.301187
v 2.097386 -0.087556 0.260864
v 2.039907 -0.135364 0.228851
v 1.967460 -0.166070 0.208282
v 1.887139 -0.176667 0.201171
v 1.806806 -0.166119 0.208213
v 1.734323 -0.135458 0.228719
v 1.676787 -0.087685 0.260682
v 1.639828 -0.027476 0.300973
v 1.627066 0.039274 0.345649
v 1.639749 0.106032 0.390335
v 1.676636 0.166263 0.430658
v 1.734115 0.214071 0.462671
v 1.806561 0.244777 0.483240
v 1.886882 0.255374 0.490352
v 1.967216 0.244826 0.483310
v 2.039699 0.214164 0.462803
v 2.097235 0.166391 0.430840
v 2.134193 0.106183 0.390549
v 2.146956 0.039433 0.345874
v 2.207131 -0.020703 0.248759
v 2.159363 -0.098676 0.196551
v 2.084936 -0.160566 0.155106
v 1.991134 -0.200312 0.128481
v 1.887139 -0.214025 0.119284
v 1.783132 -0.200363 0.128415
v 1.689294 -0.160662 0.154978
v 1.614809 -0.098809 0.196376
v 1.566970 -0.020859 0.248554
v 1.550458 0.065559 0.306406
v 1.566890 0.151984 0.364268
v 1.614658 0.229958 0.416477
v 1.689086 0.291847 0.457922
v 1.782888 0.331594 0.484546
v 1.886883 0.345307 0.493743
v 1.990889 0.331644 0.484613
v 2.084728 0.291944 0.458049
v 2.159213 0.230091 0.416652
v 2.207052 0.152140 0.364473
v 2.223564 0.065723 0.306622
v 2.272108 -0.005565 0.188219
v 2.214636 -0.099361 0.125410
v 2.125093 -0.173808 0.075553
v 2.012245 -0.221617 0.043529
v 1.887139 -0.238109 0.032472
v 1.762020 -0.221670 0.043465
v 1.649136 -0.173908 0.075432
v 1.559536 -0.099499 0.125244
v 1.501993 -0.005727 0.188024
v 1.482137 0.098230 0.257627
v 1.501914 0.202195 0.327241
v 1.559386 0.295992 0.390050
v 1.648928 0.370438 0.439907
v 1.761776 0.418248 0.471931
v 1.886883 0.434740 0.482988
v 2.012002 0.418300 0.471995
v 2.124886 0.370539 0.440028
v 2.214485 0.296130 0.390216
v 2.272029 0.202357 0.327436
v 2.291884 0.098401 0.257833
v 2.327605 0.017716 0.121058
v 2.261844 -0.089594 0.049194
v 2.159392 -0.174766 -0.007847
v 2.030278 -0.229462 -0.044484
v 1.887139 -0.248328 -0.057128
v 1.743989 -0.229517 -0.044543
v 1.614838 -0.174871 -0.007961
v 1.512329 -0.089739 0.049038
v 1.446497 0.017546 0.120874
v 1.423786 0.136482 0.200516
v 1.446418 0.255427 0.280166
v 1.512179 0.362738 0.352030
v 1.614631 0.447910 0.409072
v 1.743745 0.502606 0.445708
v 1.886883 0.521472 0.458352
v 2.030034 0.502661 0.445767
v 2.159185 0.448015 0.409185
v 2.261693 0.362883 0.352186
v 2.327525 0.255597 0.280350
v 2.350237 0.136661 0.200708
v 2.372252 0.048567 0.048928
v 2.299823 -0.069615 -0.030220
v 2.186985 -0.163415 -0.093042
v 2.044784 -0.223652 -0.133389
v 1.887139 -0.244428 -0.147310
v 1.729481 -0.223710 -0.133444
v 1.587244 -0.163526 -0.093147
v 1.474349 -0.069767 -0.030365
v 1.401849 0.048388 0.048758
v 1.376840 0.179375 0.136476
v 1.401770 0.310371 0.224203
v 1.474199 0.428553 0.303352
v 1.587036 0.522353 0.366174
v 1.729238 0.582590 0.406521
v 1.886883 0.603366 0.420442
v 2.044541 0.582648 0.406576
v 2.186778 0.522464 0.366279
v 2.299673 0.428706 0.303497
v 2.372173 0.310550 0.224374
v 2.397182 0.179563 0.136655
v 2.404952 0.086228 -0.026393
v 2.327640 -0.039916 -0.110877
v 2.207195 -0.140036 -0.177934
v 2.055409 -0.204330 -0.220998
v 1.887139 -0.226506 -0.235854
v 1.718856 -0.204391 -0.221048
v 1.567034 -0.140152 -0.178030
v 1.446533 -0.040077 -0.111010
v 1.369149 0.086040 -0.026549
v 1.342457 0.225851 0.067086
v 1.369070 0.365673 0.160730
v 1.446382 0.491817 0.245214
v 1.566827 0.591937 0.312271
v 1.718613 0.656231 0.355335
v 1.886883 0.678406 0.370191
v 2.055166 0.656292 0.355385
v 2.206988 0.592053 0.312367
v 2.327489 0.491978 0.245347
v 2.404873 0.365861 0.160885
v 2.431565 0.226049 0.067250
v 2.424901 0.129771 -0.103051
v 2.344609 -0.001229 -0.190792
v 2.219524 -0.105204 -0.260432
v 2.061891 -0.171974 -0.305153
v 1.887139 -0.195003 -0.320579
v 1.712375 -0.172038 -0.305199
v 1.554705 -0.105326 -0.260519
v 1.429564 -0.001398 -0.190912
v 1.349201 0.129573 -0.103192
v 1.321482 0.274767 -0.005945
v 1.349122 0.419971 0.091308
v 1.429414 0.550972 0.179049
v 1.554498 0.654946 0.248689
v 1.712132 0.721716 0.293411
v 1.886883 0.744745 0.308836
v 2.061647 0.721781 0.293456
v 2.219317 0.655069 0.248776
v 2.344458 0.551141 0.179169
v 2.424821 0.420170 0.091449
v 2.452540 0.274976 -0.005797
v 2.432054 0.177826 -0.178974
v 2.350652 0.045089 -0.267879
v 2.223866 -0.060251 -0.338435
v 2.064106 -0.127884 -0.383734
v 1.887011 -0.151189 -0.399343
v 1.709916 -0.127884 -0.383734
v 1.550156 -0.060251 -0.338435
v 1.423370 0.045089 -0.267879
v 1.341968 0.177826 -0.178974
v 1.313919 0.324966 -0.080422
v 1.341968 0.472106 0.018130
v 1.423370 0.604843 0.107035
v 1.550156 0.710183 0.177591
v 1.709916 0.777816 0.222890
v 1.887011 0.801121 0.238499
v 2.064106 0.777816 0.222890
v 2.223866 0.710183 0.177591
v 2.350652 0.604843 0.107035
v 2.432053 0.472106 0.018130
v 2.460102 0.324966 -0.080422
v 2.425343 0.229528 -0.252248
v 2.344944 0.098425 -0.340058
v 2.219719 -0.005618 -0.409745
v 2.061926 -0.072419 -0.454487
v 1.887011 -0.095436 -0.469904
v 1.712096 -0.072419 -0.454487
v 1.554303 -0.005618 -0.409745
v 1.429078 0.098425 -0.340058
v 1.348679 0.229528 -0.252248
v 1.320975 0.374856 -0.154909
v 1.348679 0.520185 -0.057570
v 1.429078 0.651287 0.030240
v 1.554303 0.755331 0.099927
v 1.712096 0.822131 0.144669
v 1.887011 0.845149 0.160085
v 2.061926 0.822131 0.144669
v 2.219718 0.755331 0.099927
v 2.344944 0.651287 0.030240
v 2.425343 0.520185 -0.057570
v 2.453047 0.374856 -0.154909
v 2.405377 0.283580 -0.321290
v 2.327960 0.157339 -0.405844
v 2.207379 0.057155 -0.472946
v 2.055438 -0.007168 -0.516029
v 1.887011 -0.029332 -0.530874
v 1.718583 -0.007168 -0.516029
v 1.566643 0.057155 -0.472946
v 1.446062 0.157339 -0.405844
v 1.368645 0.283580 -0.321290
v 1.341968 0.423518 -0.227562
v 1.368645 0.563456 -0.133833
v 1.446062 0.689697 -0.049280
v 1.566643 0.789881 0.017823
v 1.718584 0.854204 0.060905
v 1.887011 0.876368 0.075750
v 2.055438 0.854204 0.060905
v 2.207379 0.789881 0.017823
v 2.327960 0.689697 -0.049280
v 2.405377 0.563456 -0.133833
v 2.432053 0.423518 -0.227562
v 1.887011 0.006045 0.395733
v 2.054376 -0.004469 -0.514182
v 1.887011 -0.026493 -0.528933
v 1.719646 -0.004469 -0.514182
v 1.568664 0.059448 -0.471371
v 1.448844 0.159000 -0.404692
v 1.371915 0.284444 -0.320672
v 1.345407 0.423500 -0.227535
v 1.371915 0.562555 -0.134397
v 1.448844 0.687999 -0.050377
v 1.568664 0.787552 0.016302
v 1.719646 0.851469 0.059112
v 1.887011 0.873493 0.073864
v 2.054376 0.851469 0.059112
v 2.205358 0.787552 0.016302
v 2.325178 0.687999 -0.050377
v 2.402107 0.562555 -0.134397
v 2.428615 0.423500 -0.227535
v 2.402107 0.284444 -0.320672
v 2.325178 0.159000 -0.404692
v 2.205358 0.059447 -0.471371
v 2.050418 0.005583 -0.507302
v 1.887011 -0.015920 -0.521704
v 1.723604 0.005583 -0.507302
v 1.576192 0.067989 -0.465504
v 1.459206 0.165187 -0.400401
v 1.384096 0.287665 -0.318368
v 1.358215 0.423432 -0.227433
v 1.384096 0.559199 -0.136499
v 1.459206 0.681677 -0.054465
v 1.576192 0.778875 0.010637
v 1.723604 0.841280 0.052435
v 1.887011 0.862784 0.066838
v 2.050418 0.841280 0.052435
v 2.197829 0.778875 0.010637
v 2.314816 0.681677 -0.054465
v 2.389926 0.559199 -0.136499
v 2.415807 0.423432 -0.227433
v 2.389926 0.287665 -0.318368
v 2.314816 0.165187 -0.400402
v 2.197830 0.067989 -0.465504
v 1.927559 0.074744 0.436441
v 1.967223 0.151163 0.462227
v 2.004909 0.231865 0.474643
v 2.039688 0.314862 0.473385
v 2.070705 0.398110 0.458483
v 2.097197 0.479561 0.430304
v 2.118510 0.557207 0.389542
v 2.134119 0.629137 0.337201
v 2.143642 0.693580 0.274569
v 2.146723 0.748585 0.202563
v 2.143525 0.793792 0.123791
v 2.134012 0.827459 0.039973
v 2.132453 0.824899 0.038299
v 2.126649 0.815366 0.032062
v 2.124905 0.812502 0.030189
v 2.134068 0.780077 0.110916
v 1.950255 0.061069 0.427318
v 2.012033 0.124140 0.444162
v 2.070729 0.192159 0.448082
v 2.124899 0.263452 0.438981
v 2.173209 0.336264 0.417084
v 2.214471 0.408800 0.382930
v 2.247666 0.479276 0.337360
v 2.271978 0.545955 0.281496
v 2.286810 0.607196 0.216713
v 2.291521 0.661177 0.144019
v 2.286541 0.707461 0.065967
v 2.271723 0.744329 -0.015706
v 2.269296 0.742294 -0.017029
v 2.260256 0.734715 -0.021957
v 2.257540 0.732438 -0.023438
v 2.271812 0.696928 0.055224
v 1.966760 0.042233 0.414743
v 2.044604 0.086932 0.419279
v 2.118565 0.137495 0.411504
v 2.186823 0.192680 0.391610
v 2.247698 0.251125 0.360087
v 2.299690 0.311392 0.317710
v 2.341518 0.371998 0.265523
v 2.372154 0.431449 0.204811
v 2.390843 0.488283 0.137069
v 2.396724 0.540870 0.063440
v 2.390449 0.588635 -0.013620
v 2.371777 0.629911 -0.092341
v 2.368718 0.628598 -0.093181
v 2.357327 0.623707 -0.096308
v 2.353905 0.622237 -0.097248
v 2.371888 0.582484 -0.021429
v 1.975459 0.020082 0.399944
v 2.061749 0.043182 0.390013
v 2.143735 0.073225 0.368491
v 2.219400 0.109471 0.335909
v 2.286880 0.151028 0.293070
v 2.344514 0.196872 0.241027
v 2.390881 0.245874 0.181062
v 2.424840 0.296828 0.114653
v 2.445557 0.348479 0.043433
v 2.452032 0.399442 -0.031287
v 2.445076 0.448948 -0.107181
v 2.424378 0.495404 -0.182432
v 2.420988 0.494940 -0.182703
v 2.408360 0.493209 -0.183713
v 2.404567 0.492690 -0.184017
v 2.424502 0.447946 -0.111540
v 1.975499 -0.003218 0.384373
v 2.061789 -0.002828 0.359229
v 2.143775 0.005639 0.323253
v 2.219440 0.021972 0.277331
v 2.286920 0.045771 0.222593
v 2.344554 0.076449 0.160388
v 2.390921 0.113250 0.092246
v 2.424881 0.155269 0.019846
v 2.445597 0.201470 -0.055029
v 2.452032 0.250735 -0.130889
v 2.445076 0.302072 -0.205556
v 2.424378 0.353975 -0.277158
v 2.420988 0.354403 -0.276832
v 2.408361 0.355996 -0.275617
v 2.404567 0.356475 -0.275251
v 2.424502 0.306485 -0.206289
v 1.966878 -0.025385 0.369552
v 2.044721 -0.046593 0.329941
v 2.118682 -0.058647 0.280219
v 2.186940 -0.061252 0.221610
v 2.247814 -0.054342 0.155557
v 2.299806 -0.038089 0.083686
v 2.341635 -0.012892 0.007768
v 2.372270 0.020628 -0.070328
v 2.390959 0.061646 -0.148680
v 2.396724 0.109306 -0.225616
v 2.390449 0.162384 -0.299116
v 2.371777 0.219469 -0.367249
v 2.368719 0.220745 -0.366354
v 2.357327 0.225499 -0.363022
v 2.353905 0.226927 -0.362021
v 2.371888 0.171947 -0.296400
v 1.950439 -0.044248 0.356932
v 2.012215 -0.083829 0.305015
v 2.070910 -0.113340 0.243600
v 2.125081 -0.132055 0.174199
v 2.173390 -0.139513 0.098521
v 2.214652 -0.135530 0.018430
v 2.247847 -0.120205 -0.064102
v 2.272159 -0.093914 -0.147043
v 2.286991 -0.057306 -0.228351
v 2.291522 -0.011001 -0.306195
v 2.286541 0.043559 -0.378704
v 2.271724 0.105050 -0.443884
v 2.269296 0.107048 -0.442506
v 2.260256 0.114491 -0.437373
v 2.257540 0.116727 -0.435831
v 2.271812 0.057502 -0.373053
v 1.927791 -0.057963 0.347750
v 1.967453 -0.110893 0.286891
v 2.005138 -0.153086 0.216981
v 2.039917 -0.183506 0.139740
v 2.070934 -0.201403 0.057071
v 2.097425 -0.206336 -0.028992
v 2.118738 -0.198183 -0.116329
v 2.134347 -0.177146 -0.202789
v 2.143870 -0.143742 -0.286244
v 2.146723 -0.098408 -0.364739
v 2.143525 -0.042773 -0.436527
v 2.134012 0.021921 -0.499563
v 2.132453 0.024443 -0.497834
v 2.126649 0.033839 -0.491392
v 2.124905 0.036662 -0.489457
v 2.134068 -0.025647 -0.428745
v 1.901151 -0.065186 0.342902
v 1.914817 -0.125133 0.277344
v 1.927802 -0.173995 0.202968
v 1.939786 -0.210569 0.121607
v 1.950474 -0.233954 0.035262
v 1.959602 -0.243575 -0.053940
v 1.966946 -0.239194 -0.143801
v 1.972324 -0.220920 -0.232111
v 1.975606 -0.189202 -0.316693
v 1.976502 -0.144361 -0.395518
v 1.975400 -0.088160 -0.466927
v 1.972121 -0.021783 -0.528836
v 1.971585 -0.018985 -0.526921
v 1.969585 -0.008562 -0.519792
v 1.968984 -0.005431 -0.517650
v 1.972141 -0.069361 -0.458024
v 1.873127 -0.065210 0.342865
v 1.859459 -0.125158 0.277308
v 1.846473 -0.174020 0.202933
v 1.834489 -0.210595 0.121573
v 1.823801 -0.233981 0.035230
v 1.814673 -0.243603 -0.053970
v 1.807329 -0.239224 -0.143829
v 1.801950 -0.220951 -0.232136
v 1.798669 -0.189234 -0.316716
v 1.797520 -0.144361 -0.395518
v 1.798622 -0.088160 -0.466927
v 1.801900 -0.021783 -0.528836
v 1.802437 -0.018985 -0.526921
v 1.804437 -0.008562 -0.519792
v 1.805038 -0.005431 -0.517650
v 1.801881 -0.069361 -0.458024
v 1.846462 -0.058033 0.347642
v 1.806798 -0.110963 0.286786
v 1.769113 -0.153158 0.216879
v 1.734334 -0.183581 0.139642
v 1.703316 -0.201480 0.056977
v 1.676825 -0.206417 -0.029080
v 1.655512 -0.198269 -0.116410
v 1.639903 -0.177236 -0.202864
v 1.630381 -0.143837 -0.286312
v 1.627299 -0.098408 -0.364739
v 1.630497 -0.042773 -0.436527
v 1.640010 0.021921 -0.499563
v 1.641569 0.024443 -0.497834
v 1.647373 0.033839 -0.491392
v 1.649116 0.036662 -0.489457
v 1.639953 -0.025647 -0.428745
v 1.823767 -0.044358 0.356765
v 1.761989 -0.083939 0.304851
v 1.703293 -0.113452 0.243441
v 1.649123 -0.132171 0.174046
v 1.600812 -0.139633 0.098376
v 1.559552 -0.135656 0.018294
v 1.526356 -0.120338 -0.064228
v 1.502043 -0.094054 -0.147159
v 1.487212 -0.057454 -0.228456
v 1.482500 -0.011001 -0.306195
v 1.487481 0.043559 -0.378704
v 1.502299 0.105050 -0.443884
v 1.504725 0.107048 -0.442506
v 1.513766 0.114491 -0.437373
v 1.516482 0.116727 -0.435831
v 1.502210 0.057502 -0.373053
v 1.807262 -0.025523 0.369341
v 1.729418 -0.046731 0.329734
v 1.655457 -0.058789 0.280018
v 1.587198 -0.061398 0.221417
v 1.526324 -0.054495 0.155374
v 1.474333 -0.038249 0.083515
v 1.432504 -0.013060 0.007609
v 1.401868 0.020451 -0.070474
v 1.383179 0.061460 -0.148812
v 1.377298 0.109306 -0.225615
v 1.383573 0.162384 -0.299116
v 1.402245 0.219469 -0.367249
v 1.405303 0.220745 -0.366354
v 1.416694 0.225499 -0.363022
v 1.420117 0.226927 -0.362021
v 1.402133 0.171947 -0.296400
v 1.900894 0.081921 0.441218
v 1.914562 0.165358 0.471705
v 1.927548 0.252727 0.488589
v 1.939533 0.341876 0.491455
v 1.950220 0.430611 0.480231
v 1.959350 0.516747 0.455194
v 1.966693 0.598162 0.416961
v 1.972072 0.672851 0.366473
v 1.975353 0.738977 0.304973
v 1.976502 0.794538 0.233342
v 1.975400 0.839179 0.154190
v 1.972121 0.871163 0.069246
v 1.971585 0.868328 0.067387
v 1.969585 0.857768 0.060462
v 1.968984 0.854595 0.058382
v 1.972141 0.823791 0.140195
v 1.872870 0.081897 0.441181
v 1.859204 0.165334 0.471669
v 1.846220 0.252702 0.488554
v 1.834236 0.341851 0.491421
v 1.823548 0.430584 0.480199
v 1.814421 0.516719 0.455164
v 1.807076 0.598132 0.416933
v 1.801697 0.672820 0.366447
v 1.798417 0.738944 0.304950
v 1.797520 0.794538 0.233342
v 1.798622 0.839179 0.154190
v 1.801900 0.871163 0.069246
v 1.802437 0.868328 0.067387
v 1.804437 0.857768 0.060462
v 1.805038 0.854595 0.058382
v 1.801881 0.823791 0.140195
v 1.846231 0.074674 0.436334
v 1.806568 0.151093 0.462122
v 1.768884 0.231793 0.474541
v 1.734105 0.314788 0.473287
v 1.703088 0.398033 0.458390
v 1.676597 0.479479 0.430217
v 1.655284 0.557121 0.389461
v 1.639675 0.629047 0.337126
v 1.630152 0.693485 0.274502
v 1.627299 0.748585 0.202563
v 1.630497 0.793792 0.123791
v 1.640010 0.827459 0.039973
v 1.641569 0.824899 0.038299
v 1.647373 0.815366 0.032062
v 1.649117 0.812503 0.030189
v 1.639953 0.780077 0.110916
v 1.823583 0.060959 0.427151
v 1.761807 0.124030 0.443998
v 1.703111 0.192047 0.447923
v 1.648941 0.263336 0.438828
v 1.600631 0.336143 0.416939
v 1.559371 0.408674 0.382794
v 1.526175 0.479143 0.337233
v 1.501863 0.545815 0.281380
v 1.487031 0.607049 0.216608
v 1.482500 0.661177 0.144019
v 1.487481 0.707461 0.065967
v 1.502299 0.744329 -0.015705
v 1.504726 0.742294 -0.017029
v 1.513766 0.734715 -0.021957
v 1.516482 0.732438 -0.023438
v 1.502210 0.696928 0.055224
v 1.807144 0.042095 0.414532
v 1.729301 0.086793 0.419072
v 1.655340 0.137354 0.411304
v 1.587082 0.192533 0.391418
v 1.526208 0.250973 0.359904
v 1.474216 0.311233 0.317538
v 1.432387 0.371830 0.265363
v 1.401752 0.431273 0.204665
v 1.383063 0.488097 0.136937
v 1.377298 0.540870 0.063440
v 1.383573 0.588635 -0.013620
v 1.402245 0.629911 -0.092341
v 1.405303 0.628598 -0.093181
v 1.416695 0.623707 -0.096308
v 1.420117 0.622237 -0.097248
v 1.402133 0.582484 -0.021429
v 1.798522 0.019929 0.399711
v 1.712233 0.043028 0.389784
v 1.630246 0.073068 0.368269
v 1.554582 0.109309 0.335696
v 1.487102 0.150859 0.292867
v 1.429469 0.196695 0.240836
v 1.383101 0.245688 0.180886
v 1.349141 0.296632 0.114491
v 1.328425 0.348273 0.043287
v 1.321990 0.399442 -0.031287
v 1.328946 0.448948 -0.107181
v 1.349644 0.495404 -0.182432
v 1.353034 0.494940 -0.182703
v 1.365661 0.493209 -0.183713
v 1.369455 0.492690 -0.184017
v 1.349520 0.447946 -0.111540
v 1.798563 -0.003371 0.384139
v 1.712273 -0.002981 0.359000
v 1.630286 0.005482 0.323031
v 1.554622 0.021810 0.277118
v 1.487142 0.045602 0.222391
v 1.429509 0.076272 0.160197
v 1.383141 0.113064 0.092069
v 1.349181 0.155073 0.019684
v 1.328465 0.201264 -0.055176
v 1.321990 0.250735 -0.130889
v 1.328946 0.302072 -0.205556
v 1.349644 0.353975 -0.277158
v 1.353034 0.354403 -0.276832
v 1.365661 0.355996 -0.275617
v 1.369455 0.356475 -0.275251
v 1.349520 0.306485 -0.206289
v 1.961405 0.076515 0.247083
v 1.950294 0.058398 0.234948
v 1.932989 0.044020 0.225318
v 1.911183 0.034789 0.219135
v 1.887011 0.031608 0.217005
v 1.862839 0.034789 0.219135
v 1.841033 0.044020 0.225318
v 1.823728 0.058398 0.234948
v 1.812617 0.076515 0.247083
v 1.808789 0.096599 0.260535
v 1.812617 0.116682 0.273986
v 1.823728 0.134799 0.286121
v 1.841033 0.149178 0.295751
v 1.862839 0.158409 0.301934
v 1.887011 0.161590 0.304065
v 1.911183 0.158409 0.301934
v 1.932989 0.149178 0.295751
v 1.950294 0.134799 0.286121
v 1.961405 0.116682 0.273986
v 1.965233 0.096599 0.260535
v 2.033966 0.066373 0.219859
v 2.012019 0.030585 0.195888
v 1.977834 0.002183 0.176865
v 1.934759 -0.016053 0.164651
v 1.887011 -0.022336 0.160442
v 1.839262 -0.016053 0.164651
v 1.796188 0.002183 0.176865
v 1.762003 0.030585 0.195888
v 1.740056 0.066373 0.219859
v 1.732493 0.106045 0.246430
v 1.740056 0.145718 0.273002
v 1.762003 0.181506 0.296973
v 1.796188 0.209908 0.315996
v 1.839262 0.228144 0.328210
v 1.887011 0.234427 0.332418
v 1.934759 0.228144 0.328210
v 1.977834 0.209908 0.315996
v 2.012018 0.181506 0.296973
v 2.033966 0.145718 0.273002
v 2.041529 0.106045 0.246430
v 2.102909 0.063247 0.184272
v 2.070665 0.010669 0.149056
v 2.020443 -0.031058 0.121108
v 1.957160 -0.057848 0.103164
v 1.887011 -0.067080 0.096981
v 1.816861 -0.057848 0.103164
v 1.753578 -0.031058 0.121108
v 1.703357 0.010669 0.149056
v 1.671113 0.063247 0.184272
v 1.660002 0.121531 0.223310
v 1.671113 0.179815 0.262347
v 1.703357 0.232394 0.297564
v 1.753578 0.274121 0.325512
v 1.816861 0.300911 0.343455
v 1.887011 0.310142 0.349638
v 1.957160 0.300911 0.343455
v 2.020443 0.274121 0.325512
v 2.070665 0.232394 0.297564
v 2.102909 0.179815 0.262347
v 2.114020 0.121531 0.223310
v 2.166536 0.067214 0.141199
v 2.124789 -0.000860 0.095604
v 2.059767 -0.054884 0.059420
v 1.977834 -0.089569 0.036188
v 1.887011 -0.101521 0.028183
v 1.796188 -0.089569 0.036188
v 1.714255 -0.054884 0.059420
v 1.649232 -0.000860 0.095604
v 1.607486 0.067214 0.141199
v 1.593101 0.142675 0.191742
v 1.607486 0.218136 0.242284
v 1.649233 0.286210 0.287879
v 1.714255 0.340234 0.324064
v 1.796188 0.374920 0.347295
v 1.887011 0.386871 0.355300
v 1.977834 0.374920 0.347295
v 2.059767 0.340234 0.324063
v 2.124789 0.286210 0.287879
v 2.166536 0.218136 0.242284
v 2.180921 0.142675 0.191742
v 2.223280 0.078177 0.091701
v 2.173059 -0.003717 0.036850
v 2.094837 -0.068708 -0.006680
v 1.996271 -0.110434 -0.034628
v 1.887011 -0.124812 -0.044258
v 1.777750 -0.110434 -0.034628
v 1.679185 -0.068708 -0.006680
v 1.600963 -0.003717 0.036850
v 1.550741 0.078177 0.091701
v 1.533436 0.168956 0.152504
v 1.550741 0.259736 0.213306
v 1.600963 0.341629 0.268157
v 1.679185 0.406620 0.311687
v 1.777750 0.448347 0.339635
v 1.887011 0.462725 0.349265
v 1.996271 0.448347 0.339635
v 2.094837 0.406620 0.311687
v 2.173059 0.341629 0.268157
v 2.223280 0.259736 0.213306
v 2.240586 0.168956 0.152504
v 2.271745 0.095864 0.036996
v 2.214285 0.002168 -0.025760
v 2.124789 -0.072189 -0.075564
v 2.012018 -0.119930 -0.107540
v 1.887011 -0.136380 -0.118558
v 1.762003 -0.119930 -0.107540
v 1.649232 -0.072189 -0.075564
v 1.559737 0.002168 -0.025760
v 1.502277 0.095864 0.036996
v 1.482478 0.199727 0.106562
v 1.502277 0.303590 0.176127
v 1.559737 0.397286 0.238884
v 1.649233 0.471644 0.288687
v 1.762003 0.519384 0.320663
v 1.887011 0.535835 0.331681
v 2.012018 0.519384 0.320663
v 2.124789 0.471644 0.288687
v 2.214285 0.397286 0.238884
v 2.271744 0.303590 0.176127
v 2.291544 0.199727 0.106562
v 2.310735 0.119842 -0.021568
v 2.247453 0.016650 -0.090685
v 2.148887 -0.065243 -0.145535
v 2.024687 -0.117822 -0.180752
v 1.887011 -0.135939 -0.192887
v 1.749335 -0.117822 -0.180752
v 1.625135 -0.065243 -0.145535
v 1.526570 0.016650 -0.090685
v 1.463286 0.119842 -0.021568
v 1.441481 0.234231 0.055047
v 1.463286 0.348620 0.131663
v 1.526570 0.451811 0.200779
v 1.625135 0.533705 0.255630
v 1.749335 0.586283 0.290847
v 1.887011 0.604401 0.302981
v 2.024687 0.586283 0.290847
v 2.148887 0.533705 0.255630
v 2.247452 0.451811 0.200779
v 2.310735 0.348620 0.131663
v 2.332541 0.234231 0.055047
v 2.339293 0.149519 -0.082550
v 2.271745 0.039373 -0.156325
v 2.166536 -0.048040 -0.214872
v 2.033966 -0.104162 -0.252462
v 1.887011 -0.123501 -0.265415
v 1.740056 -0.104162 -0.252462
v 1.607486 -0.048040 -0.214872
v 1.502277 0.039373 -0.156325
v 1.434729 0.149519 -0.082550
v 1.411454 0.271617 -0.000771
v 1.434729 0.393715 0.081008
v 1.502277 0.503862 0.154783
v 1.607486 0.591274 0.213330
v 1.740056 0.647397 0.250920
v 1.887011 0.666735 0.263873
v 2.033966 0.647396 0.250920
v 2.166536 0.591274 0.213330
v 2.271744 0.503862 0.154783
v 2.339292 0.393715 0.081008
v 2.362568 0.271617 -0.000771
v 2.356713 0.184165 -0.144449
v 2.286564 0.069776 -0.221064
v 2.177303 -0.021004 -0.281867
v 2.039626 -0.079288 -0.320905
v 1.887011 -0.099371 -0.334356
v 1.734396 -0.079288 -0.320905
v 1.596719 -0.021004 -0.281867
v 1.487458 0.069776 -0.221064
v 1.417309 0.184165 -0.144448
v 1.393137 0.310966 -0.059519
v 1.417309 0.437767 0.025410
v 1.487458 0.552156 0.102026
v 1.596719 0.642935 0.162829
v 1.734396 0.701219 0.201866
v 1.887011 0.721302 0.215318
v 2.039626 0.701219 0.201866
v 2.177303 0.642935 0.162829
v 2.286563 0.552156 0.102026
v 2.356713 0.437767 0.025410
v 2.380885 0.310966 -0.059519
v 2.362568 0.222926 -0.205738
v 2.291544 0.107111 -0.283309
v 2.180921 0.015200 -0.344870
v 2.041529 -0.043810 -0.384394
v 1.887011 -0.064144 -0.398013
v 1.732493 -0.043810 -0.384394
v 1.593101 0.015200 -0.344870
v 1.482478 0.107111 -0.283309
v 1.411454 0.222926 -0.205738
v 1.386981 0.351308 -0.119750
v 1.411454 0.479689 -0.033762
v 1.482478 0.595504 0.043808
v 1.593101 0.687415 0.105369
v 1.732493 0.746426 0.144893
v 1.887011 0.766759 0.158512
v 2.041529 0.746425 0.144893
v 2.180921 0.687415 0.105369
v 2.291544 0.595504 0.043808
v 2.362568 0.479689 -0.033762
v 2.387041 0.351308 -0.119750
v 2.356713 0.264849 -0.264911
v 2.286564 0.150460 -0.341527
v 2.177303 0.059680 -0.402329
v 2.039626 0.001396 -0.441367
v 1.887011 -0.018687 -0.454819
v 1.734396 0.001396 -0.441367
v 1.596719 0.059680 -0.402329
v 1.487458 0.150460 -0.341527
v 1.417309 0.264849 -0.264911
v 1.393137 0.391650 -0.179982
v 1.417309 0.518450 -0.095052
v 1.487458 0.632839 -0.018436
v 1.596719 0.723619 0.042366
v 1.734396 0.781903 0.081404
v 1.887011 0.801986 0.094855
v 2.039626 0.781903 0.081404
v 2.177303 0.723619 0.042366
v 2.286563 0.632839 -0.018436
v 2.356713 0.518450 -0.095052
v 2.380885 0.391650 -0.179982
v 2.339293 0.308900 -0.320509
v 2.271745 0.198754 -0.394284
v 2.166536 0.111341 -0.452831
v 2.033966 0.055219 -0.490421
v 1.887011 0.035880 -0.503374
v 1.740056 0.055219 -0.490421
v 1.607486 0.111341 -0.452831
v 1.502277 0.198754 -0.394284
v 1.434729 0.308900 -0.320509
v 1.411454 0.430998 -0.238730
v 1.434729 0.553096 -0.156950
v 1.502277 0.663243 -0.083176
v 1.607486 0.750655 -0.024629
v 1.740056 0.806778 0.012961
v 1.887011 0.826116 0.025914
v 2.033966 0.806778 0.012961
v 2.166536 0.750655 -0.024629
v 2.271744 0.663243 -0.083176
v 2.339292 0.553096 -0.156950
v 2.362568 0.430998 -0.238730
v 1.887011 0.093424 0.265275
v 2.408879 0.209893 -0.213320
v 2.330938 0.082800 -0.298444
v 2.209543 -0.018061 -0.366000
v 2.056576 -0.082819 -0.409373
v 1.887011 -0.105132 -0.424319
v 1.717446 -0.082819 -0.409373
v 1.564479 -0.018061 -0.366000
v 1.443084 0.082800 -0.298444
v 1.365143 0.209893 -0.213320
v 1.338287 0.350777 -0.118958
v 1.365143 0.491660 -0.024596
v 1.443084 0.618753 0.060529
v 1.564479 0.719615 0.128084
v 1.717446 0.784372 0.171457
v 1.887011 0.806686 0.186403
v 2.056576 0.784372 0.171457
v 2.209543 0.719615 0.128084
v 2.330938 0.618753 0.060529
v 2.408879 0.491660 -0.024596
v 2.435735 0.350777 -0.118958
v 2.402454 0.259396 -0.283478
v 2.325473 0.133868 -0.367554
v 2.205572 0.034248 -0.434278
v 2.054488 -0.029711 -0.477118
v 1.887011 -0.051750 -0.491879
v 1.719533 -0.029711 -0.477118
v 1.568450 0.034249 -0.434278
v 1.448549 0.133868 -0.367554
v 1.371568 0.259397 -0.283478
v 1.345042 0.398546 -0.190278
v 1.371568 0.537695 -0.097078
v 1.448549 0.663223 -0.013001
v 1.568450 0.762843 0.053723
v 1.719533 0.826803 0.096562
v 1.887011 0.848842 0.111324
v 2.054488 0.826803 0.096562
v 2.205572 0.762843 0.053723
v 2.325473 0.663223 -0.013001
v 2.402454 0.537695 -0.097078
v 2.428979 0.398546 -0.190278
v 2.383337 0.303174 -0.337677
v 2.309211 0.182302 -0.418635
v 2.193757 0.086377 -0.482884
v 2.048277 0.024789 -0.524135
v 1.887011 0.003567 -0.538349
v 1.725745 0.024789 -0.524135
v 1.580265 0.086377 -0.482884
v 1.464811 0.182302 -0.418635
v 1.390685 0.303174 -0.337677
v 1.365143 0.437163 -0.247934
v 1.390685 0.571151 -0.158190
v 1.464811 0.692024 -0.077232
v 1.580265 0.787949 -0.012983
v 1.725745 0.849536 0.028268
v 1.887011 0.870758 0.042482
v 2.048277 0.849536 0.028268
v 2.193757 0.787949 -0.012983
v 2.309211 0.692024 -0.077232
v 2.383336 0.571151 -0.158190
v 2.408879 0.437163 -0.247934
v 2.041121 0.046953 -0.517653
v 1.887011 0.026673 -0.531236
v 1.732900 0.046953 -0.517653
v 1.593875 0.105808 -0.478233
v 1.483544 0.197477 -0.416834
v 1.412707 0.312986 -0.339468
v 1.388299 0.441029 -0.253707
v 1.412707 0.569073 -0.167945
v 1.483544 0.684582 -0.090579
v 1.593875 0.776251 -0.029180
v 1.732900 0.835106 0.010240
v 1.887011 0.855386 0.023823
v 2.041121 0.835106 0.010240
v 2.180146 0.776251 -0.029181
v 2.290478 0.684582 -0.090579
v 2.361314 0.569073 -0.167945
v 2.385723 0.441029 -0.253707
v 2.361315 0.312986 -0.339468
v 2.290478 0.197477 -0.416834
v 2.180147 0.105808 -0.478233
v 1.346681 0.422022 -0.071952
v 1.353334 0.469364 -0.144529
v 1.373127 0.505740 -0.204472
v 1.395928 0.506642 -0.212309
v 1.418729 0.493517 -0.199201
v 1.400692 0.456171 -0.138310
v 1.394630 0.416248 -0.076979
v 1.400692 0.374729 -0.016715
v 1.418729 0.332637 0.040996
v 1.448297 0.291008 0.094733
v 1.488667 0.250867 0.143173
v 1.538845 0.213204 0.185125
v 1.597597 0.178944 0.219553
v 1.663475 0.148932 0.245612
v 1.734857 0.123907 0.262658
v 1.809986 0.104485 0.270273
v 1.399572 0.557270 0.018635
v 1.405574 0.602948 -0.055057
v 1.423429 0.634369 -0.118318
v 1.443999 0.629564 -0.129978
v 1.464568 0.610731 -0.120693
v 1.448297 0.577900 -0.056778
v 1.442828 0.539494 0.005570
v 1.448297 0.496458 0.064817
v 1.464568 0.449851 0.119504
v 1.491241 0.400821 0.168284
v 1.527659 0.350576 0.209957
v 1.572926 0.300352 0.243495
v 1.625927 0.251387 0.268074
v 1.685356 0.204885 0.283088
v 1.749751 0.161993 0.288167
v 1.817525 0.123765 0.283187
v 1.500178 0.672319 0.095693
v 1.504940 0.716580 0.021052
v 1.519111 0.743787 -0.045032
v 1.535434 0.734127 -0.059943
v 1.551758 0.710439 -0.053910
v 1.538845 0.681449 0.012577
v 1.534505 0.644334 0.075790
v 1.538845 0.600006 0.134172
v 1.551758 0.549559 0.186287
v 1.572926 0.494234 0.230850
v 1.601828 0.435393 0.266766
v 1.637752 0.374485 0.293148
v 1.679813 0.313010 0.309348
v 1.726977 0.252481 0.314967
v 1.778081 0.194390 0.309866
v 1.831867 0.140166 0.294171
v 1.638649 0.755907 0.151679
v 1.641706 0.799139 0.076349
v 1.650804 0.823284 0.008214
v 1.661285 0.810097 -0.009060
v 1.671766 0.782881 -0.005389
v 1.663475 0.756682 0.062967
v 1.660688 0.720504 0.126808
v 1.663475 0.675239 0.184562
v 1.671766 0.622001 0.234808
v 1.685356 0.562102 0.276308
v 1.703912 0.497016 0.308040
v 1.726977 0.428345 0.329223
v 1.753982 0.357782 0.339336
v 1.784263 0.287062 0.338129
v 1.817073 0.217928 0.325632
v 1.851606 0.152082 0.302152
v 1.801431 0.799852 0.181112
v 1.802485 0.842543 0.105420
v 1.805620 0.865078 0.036207
v 1.809231 0.850037 0.017691
v 1.812842 0.820967 0.020120
v 1.809986 0.796234 0.089458
v 1.809026 0.760549 0.153629
v 1.809986 0.714791 0.211053
v 1.812842 0.660087 0.260317
v 1.817525 0.597783 0.300206
v 1.823920 0.529413 0.329739
v 1.831867 0.456661 0.348189
v 1.841172 0.381320 0.355101
v 1.851606 0.305242 0.350305
v 1.862912 0.230302 0.333920
v 1.874811 0.158346 0.306348
v 1.972591 0.799852 0.181112
v 1.971537 0.842543 0.105420
v 1.968402 0.865078 0.036207
v 1.964791 0.850037 0.017691
v 1.961180 0.820967 0.020120
v 1.964036 0.796234 0.089458
v 1.964996 0.760549 0.153629
v 1.964036 0.714791 0.211053
v 1.961180 0.660087 0.260317
v 1.956496 0.597783 0.300206
v 1.950102 0.529413 0.329739
v 1.942155 0.456661 0.348189
v 1.932850 0.381320 0.355101
v 1.922416 0.305242 0.350305
v 1.911110 0.230302 0.333920
v 1.899211 0.158346 0.306348
v 2.135373 0.755907 0.151679
v 2.132315 0.799139 0.076349
v 2.123217 0.823284 0.008214
v 2.112737 0.810097 -0.009060
v 2.102257 0.782881 -0.005389
v 2.110547 0.756682 0.062967
v 2.113333 0.720504 0.126808
v 2.110547 0.675239 0.184562
v 2.102257 0.622001 0.234808
v 2.088665 0.562102 0.276308
v 2.070109 0.497016 0.308040
v 2.047045 0.428345 0.329223
v 2.020040 0.357782 0.339336
v 1.989759 0.287062 0.338129
v 1.956949 0.217928 0.325632
v 1.922416 0.152082 0.302152
v 2.273844 0.672319 0.095693
v 2.269082 0.716580 0.021052
v 2.254911 0.743787 -0.045032
v 2.238587 0.734127 -0.059943
v 2.222263 0.710439 -0.053910
v 2.235176 0.681449 0.012577
v 2.239516 0.644334 0.075790
v 2.235176 0.600006 0.134172
v 2.222263 0.549559 0.186287
v 2.201096 0.494234 0.230850
v 2.172194 0.435393 0.266766
v 2.136270 0.374485 0.293148
v 2.094209 0.313010 0.309348
v 2.047045 0.252481 0.314967
v 1.995941 0.194390 0.309866
v 1.942155 0.140166 0.294171
v 2.374449 0.557270 0.018635
v 2.368448 0.602948 -0.055057
v 2.350592 0.634369 -0.118318
v 2.330023 0.629564 -0.129978
v 2.309454 0.610731 -0.120693
v 2.325725 0.577900 -0.056778
v 2.331194 0.539494 0.005570
v 2.325725 0.496458 0.064817
v 2.309454 0.449851 0.119504
v 2.282781 0.400821 0.168284
v 2.246362 0.350576 0.209956
v 2.201096 0.300352 0.243495
v 2.148095 0.251387 0.268074
v 2.088666 0.204885 0.283088
v 2.024271 0.161993 0.288167
v 1.956496 0.123765 0.283187
v 2.427340 0.422022 -0.071952
v 2.420688 0.469364 -0.144529
v 2.400895 0.505740 -0.204472
v 2.378094 0.506642 -0.212309
v 2.355293 0.493516 -0.199201
v 2.373329 0.456171 -0.138310
v 2.379391 0.416248 -0.076979
v 2.373329 0.374729 -0.016715
v 2.355293 0.332637 0.040996
v 2.325725 0.291008 0.094733
v 2.285355 0.250867 0.143173
v 2.235176 0.213204 0.185125
v 2.176425 0.178944 0.219553
v 2.110547 0.148932 0.245612
v 2.039165 0.123907 0.262658
v 1.964036 0.104485 0.270273
v 2.427340 0.279813 -0.167201
v 2.420688 0.328907 -0.238606
v 2.400895 0.370492 -0.295059
v 2.378094 0.377395 -0.298877
v 2.355293 0.370270 -0.281749
v 2.373329 0.328178 -0.224038
v 2.379392 0.286659 -0.163775
v 2.373329 0.246735 -0.102443
v 2.355293 0.209390 -0.041553
v 2.325726 0.175543 0.017397
v 2.285355 0.146028 0.072954
v 2.235176 0.121571 0.123750
v 2.176425 0.102774 0.168535
v 2.110547 0.090100 0.206207
v 2.039165 0.083862 0.235837
v 1.964036 0.084213 0.256695
v 2.374449 0.144565 -0.257789
v 2.368448 0.195324 -0.328077
v 2.350593 0.241863 -0.381213
v 2.330023 0.254474 -0.381208
v 2.309454 0.253056 -0.360258
v 2.325726 0.206449 -0.305571
v 2.331194 0.163413 -0.246324
v 2.325726 0.125006 -0.183975
v 2.309454 0.092176 -0.120061
v 2.282781 0.065730 -0.056155
v 2.246363 0.046319 0.006170
v 2.201096 0.034422 0.065380
v 2.148095 0.030331 0.120015
v 2.088666 0.034148 0.168731
v 2.024271 0.045777 0.210328
v 1.956496 0.064933 0.243782
v 2.273844 0.029516 -0.334847
v 2.269082 0.081691 -0.404187
v 2.254911 0.132445 -0.454499
v 2.238588 0.149910 -0.451242
v 2.222264 0.153348 -0.427041
v 2.235177 0.102900 -0.374926
v 2.239516 0.058573 -0.316543
v 2.235177 0.021458 -0.253331
v 2.222264 -0.007532 -0.186844
v 2.201096 -0.027683 -0.118721
v 2.172194 -0.038498 -0.050639
v 2.136270 -0.039711 0.015727
v 2.094209 -0.031292 0.078740
v 2.047045 -0.013448 0.136851
v 1.995941 0.013380 0.188629
v 1.942155 0.048533 0.232797
v 2.135373 -0.054072 -0.390833
v 2.132316 -0.000868 -0.459484
v 2.123217 0.052948 -0.507745
v 2.112737 0.073941 -0.502126
v 2.102257 0.080905 -0.475561
v 2.110547 0.027668 -0.425316
v 2.113333 -0.017597 -0.367561
v 2.110547 -0.053775 -0.303720
v 2.102257 -0.079975 -0.235365
v 2.088666 -0.095551 -0.164178
v 2.070110 -0.100121 -0.091913
v 2.047045 -0.093571 -0.020348
v 2.020040 -0.076064 0.048753
v 1.989759 -0.048029 0.113690
v 1.956949 -0.010158 0.172863
v 1.922416 0.036617 0.224816
v 1.972591 -0.098017 -0.420266
v 1.971537 -0.044272 -0.488555
v 1.968402 0.011154 -0.535738
v 1.964791 0.034001 -0.528877
v 1.961180 0.042820 -0.501070
v 1.964036 -0.011885 -0.451807
v 1.964996 -0.057643 -0.394383
v 1.964036 -0.093327 -0.330212
v 1.961180 -0.118060 -0.260874
v 1.956496 -0.131232 -0.188076
v 1.950102 -0.132518 -0.113612
v 1.942155 -0.121887 -0.039314
v 1.932850 -0.099602 0.032988
v 1.922416 -0.066209 0.101513
v 1.911110 -0.022533 0.164575
v 1.899211 0.030353 0.220620
v 1.801431 -0.098017 -0.420266
v 1.802485 -0.044272 -0.488555
v 1.805620 0.011154 -0.535738
v 1.809231 0.034001 -0.528877
v 1.812842 0.042820 -0.501070
v 1.809986 -0.011885 -0.451807
v 1.809026 -0.057643 -0.394383
v 1.809986 -0.093327 -0.330212
v 1.812842 -0.118060 -0.260874
v 1.817525 -0.131232 -0.188076
v 1.823920 -0.132518 -0.113612
v 1.831867 -0.121887 -0.039314
v 1.841172 -0.099602 0.032988
v 1.851606 -0.066209 0.101513
v 1.862912 -0.022533 0.164575
v 1.874811 0.030353 0.220620
v 1.638649 -0.054072 -0.390833
v 1.641706 -0.000868 -0.459483
v 1.650804 0.052948 -0.507745
v 1.661285 0.073941 -0.502126
v 1.671765 0.080905 -0.475561
v 1.663475 0.027668 -0.425315
v 1.660688 -0.017597 -0.367561
v 1.663475 -0.053775 -0.303720
v 1.671765 -0.079975 -0.235365
v 1.685356 -0.095551 -0.164178
v 1.703912 -0.100121 -0.091913
v 1.726977 -0.093571 -0.020348
v 1.753982 -0.076064 0.048753
v 1.784263 -0.048029 0.113690
v 1.817073 -0.010158 0.172863
v 1.851606 0.036617 0.224816
v 1.500178 0.029516 -0.334847
v 1.504940 0.081691 -0.404187
v 1.519111 0.132445 -0.454499
v 1.535434 0.149910 -0.451242
v 1.551758 0.153348 -0.427041
v 1.538845 0.102900 -0.374926
v 1.534505 0.058573 -0.316543
v 1.538845 0.021458 -0.253331
v 1.551758 -0.007532 -0.186844
v 1.572926 -0.027683 -0.118721
v 1.601828 -0.038497 -0.050639
v 1.637752 -0.039710 0.015727
v 1.679813 -0.031292 0.078741
v 1.726977 -0.013448 0.136851
v 1.778081 0.013380 0.188629
v 1.831867 0.048533 0.232797
v 1.399572 0.144565 -0.257789
v 1.405574 0.195324 -0.328077
v 1.423429 0.241863 -0.381212
v 1.443999 0.254474 -0.381207
v 1.464568 0.253056 -0.360257
v 1.448297 0.206449 -0.305570
v 1.442828 0.163413 -0.246323
v 1.448297 0.125006 -0.183975
v 1.464568 0.092176 -0.120061
v 1.491241 0.065730 -0.056155
v 1.527659 0.046320 0.006170
v 1.572926 0.034422 0.065380
v 1.625927 0.030331 0.120015
v 1.685356 0.034148 0.168731
v 1.749751 0.045777 0.210328
v 1.817525 0.064933 0.243782
v 1.346681 0.279813 -0.167201
v 1.353334 0.328907 -0.238606
v 1.373127 0.370492 -0.295059
v 1.395928 0.377395 -0.298877
v 1.418729 0.370270 -0.281749
v 1.400692 0.328178 -0.224038
v 1.394630 0.286659 -0.163775
v 1.400692 0.246735 -0.102443
v 1.418729 0.209390 -0.041553
v 1.448297 0.175543 0.017397
v 1.488667 0.146028 0.072954
v 1.538845 0.121571 0.123750
v 1.597597 0.102774 0.168535
v 1.663475 0.090100 0.206207
v 1.734857 0.083862 0.235837
v 1.809986 0.084213 0.256695
v 1.992940 0.081693 -0.417229
v 2.003475 0.040673 -0.453798
v 1.992940 0.024204 -0.465941
v 1.991700 -0.019034 0.057041
v 2.001824 0.037717 0.087460
v 1.991700 0.087703 0.057525
v 1.777692 0.081693 -0.417228
v 1.767157 0.040673 -0.453798
v 1.777692 0.024204 -0.465941
v 1.778932 -0.019034 0.057041
v 1.768808 0.037717 0.087460
v 1.778932 0.087703 0.057525
v 1.994745 0.034963 -0.256075
v 1.775887 0.034963 -0.256075
v 1.560845 0.076693 -0.206555
v 1.528618 0.029864 -0.220592
v 1.560345 -0.025214 -0.223474
v 1.775842 -0.065494 -0.273078
v 1.994790 -0.065494 -0.273078
v 2.210287 -0.025214 -0.223474
v 2.242015 0.029864 -0.220592
v 2.209787 0.076693 -0.206555
v 1.993144 0.049887 -0.116166
v 1.777488 0.049887 -0.116166
v 1.569124 0.088582 -0.102549
v 1.538642 0.042541 -0.099357
v 1.568974 -0.017168 -0.109039
v 1.777471 -0.056100 -0.120534
v 1.993161 -0.056100 -0.120534
v 2.201658 -0.017168 -0.109039
v 2.231990 0.042541 -0.099357
v 2.201509 0.088582 -0.102549
v 1.574955 0.011072 0.028327
v 1.608086 0.011890 0.059751
v 1.592051 0.013877 0.055716
v 1.579911 0.013577 0.044201
v 1.578615 0.067524 0.090967
v 1.562451 0.069359 0.086996
v 1.550257 0.069363 0.075560
v 1.545305 0.067535 0.059727
v 2.195678 0.011072 0.028327
v 2.190722 0.013577 0.044201
v 2.178581 0.013877 0.055716
v 2.162546 0.011890 0.059751
v 2.225327 0.067535 0.059727
v 2.220375 0.069363 0.075560
v 2.208181 0.069359 0.086996
v 2.192017 0.067524 0.090967
v 1.557444 0.106118 -0.324797
v 1.582572 0.110089 -0.363673
v 1.569188 0.110921 -0.355112
v 1.560285 0.109503 -0.341293
v 1.525677 0.063657 -0.360709
v 1.529437 0.067269 -0.378956
v 1.540760 0.068748 -0.394274
v 1.557474 0.067816 -0.403747
v 2.213188 0.106118 -0.324797
v 2.210347 0.109503 -0.341293
v 2.201444 0.110921 -0.355112
v 2.188061 0.110089 -0.363673
v 2.213158 0.067816 -0.403747
v 2.229872 0.068748 -0.394274
v 2.241196 0.067269 -0.378956
v 2.244955 0.063657 -0.360709
v 1.561240 0.048285 -0.387111
v 1.573089 0.052093 -0.403337
v 1.590557 0.051712 -0.413962
v 1.557292 0.041022 -0.368407
v 1.579967 0.120132 0.044894
v 1.592266 0.120529 0.056251
v 1.608508 0.118550 0.060228
v 1.574952 0.117468 0.029239
v 2.162124 0.118550 0.060228
v 2.178366 0.120529 0.056251
v 2.190665 0.120132 0.044894
v 2.195681 0.117468 0.029239
v 2.180075 0.051712 -0.413962
v 2.197543 0.052093 -0.403337
v 2.209392 0.048285 -0.387111
v 2.213340 0.041022 -0.368407
v 1.992940 0.076078 0.077979
v 2.003475 0.030182 0.108203
v 1.992940 0.014209 0.120992
v 1.991700 0.508439 0.297391
v 2.001824 0.552440 0.250382
v 1.991700 0.536381 0.194375
v 1.777692 0.076078 0.077979
v 1.767157 0.030182 0.108203
v 1.777692 0.014209 0.120992
v 1.778932 0.508439 0.297391
v 1.768808 0.552440 0.250382
v 1.778932 0.536381 0.194375
v 1.994745 0.219772 0.164615
v 1.775887 0.219772 0.164615
v 1.560845 0.278365 0.137038
v 1.528618 0.252748 0.178677
v 1.560345 0.235785 0.231157
v 1.775842 0.177485 0.257311
v 1.994790 0.177485 0.257311
v 2.210287 0.235785 0.231157
v 2.242015 0.252748 0.178677
v 2.209787 0.278365 0.137038
v 1.993144 0.358808 0.186208
v 1.777488 0.358808 0.186208
v 1.569124 0.381927 0.152322
v 1.538642 0.373160 0.197633
v 1.568974 0.348435 0.252838
v 1.777471 0.327307 0.287500
v 1.993161 0.327307 0.287500
v 2.201658 0.348435 0.252838
v 2.231990 0.373161 0.197633
v 2.201509 0.381927 0.152322
v 1.574955 0.488442 0.260908
v 1.608086 0.519018 0.268206
v 1.592051 0.515629 0.265247
v 1.579911 0.504425 0.262573
v 1.578615 0.563502 0.222482
v 1.562451 0.560137 0.219687
v 1.550257 0.549088 0.216739
v 1.545305 0.533318 0.214431
v 2.195678 0.488442 0.260908
v 2.190722 0.504425 0.262573
v 2.178581 0.515629 0.265247
v 2.162546 0.519018 0.268206
v 2.225327 0.533318 0.214431
v 2.220375 0.549088 0.216739
v 2.208181 0.560137 0.219687
v 2.192017 0.563502 0.222482
v 1.557444 0.171682 0.078169
v 1.582572 0.135138 0.064325
v 1.569188 0.143624 0.065725
v 1.560285 0.156613 0.070652
v 1.525677 0.126050 0.109956
v 1.529437 0.109348 0.101768
v 1.540760 0.094927 0.096396
v 1.557474 0.085533 0.094859
v 2.213188 0.171682 0.078169
v 2.210347 0.156613 0.070652
v 2.201444 0.143624 0.065725
v 2.188061 0.135138 0.064325
v 2.213158 0.085533 0.094859
v 2.229872 0.094927 0.096396
v 2.241196 0.109348 0.101768
v 2.244955 0.126050 0.109956
v 1.561240 0.096581 0.118013
v 1.573089 0.081882 0.110157
v 1.590557 0.071517 0.107790
v 1.557292 0.112785 0.129846
v 1.579967 0.532522 0.159787
v 1.592266 0.543600 0.162327
v 1.608508 0.546933 0.165263
v 1.574951 0.516710 0.158332
v 2.162124 0.546933 0.165263
v 2.178366 0.543600 0.162327
v 2.190665 0.532522 0.159787
v 2.195681 0.516710 0.158332
v 2.180075 0.071517 0.107790
v 2.197543 0.081882 0.110157
v 2.209392 0.096581 0.118013
v 2.213340 0.112785 0.129846
v 1.541783 0.072372 0.015653
v 1.632742 0.120229 0.015653
v 1.456196 0.235042 0.015653
v 1.547156 0.282899 0.015653
v 1.456196 0.235042 -0.261522
v 1.547156 0.282899 -0.261522
v 1.541783 0.072372 -0.261522
v 1.632742 0.120229 -0.261522
v 1.443473 0.243317 -0.122935
v 1.596504 0.205013 -0.281498
v 1.492434 0.150258 -0.281498
v 1.645465 0.111954 -0.122935
v 1.541395 0.057199 -0.122935
v 1.596504 0.205013 0.035629
v 1.492434 0.150258 0.035629
v 1.547543 0.298071 -0.122935
v 1.613849 0.214138 -0.122935
v 1.475089 0.141132 -0.122935
v 1.571526 0.064836 0.046593
v 1.622106 0.091448 0.046593
v 1.466833 0.263823 0.046593
v 1.517412 0.290434 0.046593
v 1.466833 0.263823 -0.292462
v 1.517412 0.290434 -0.292462
v 1.571526 0.064836 -0.292462
v 1.622106 0.091448 -0.292462
v 1.547349 0.290485 -0.192228
v 1.605177 0.209576 -0.202216
v 1.639104 0.116091 -0.192228
v 1.547349 0.290485 -0.053641
v 1.605177 0.209576 -0.043653
v 1.639104 0.116091 -0.053641
v 1.449835 0.239179 -0.192228
v 1.483762 0.145695 -0.202216
v 1.541589 0.064786 -0.192228
v 1.449835 0.239179 -0.053641
v 1.483762 0.145695 -0.043653
v 1.541589 0.064786 -0.053641
v 1.607715 0.063563 0.073701
v 1.602658 0.060902 0.073701
v 1.577928 0.120178 0.071272
v 1.572871 0.117517 0.071272
v 1.490915 0.285560 0.075145
v 1.485858 0.282899 0.075145
v 1.511010 0.235093 0.071272
v 1.516068 0.237754 0.071272
v 1.486678 0.293613 -0.030489
v 1.481621 0.290952 -0.030489
v 1.487134 0.292746 -0.312291
v 1.482077 0.290085 -0.312291
v 1.486678 0.293613 -0.215381
v 1.481621 0.290952 -0.215381
v 1.516068 0.237754 -0.317141
v 1.511010 0.235093 -0.317141
v 1.605267 0.068215 -0.309292
v 1.600210 0.065554 -0.309292
v 1.572871 0.117517 -0.317141
v 1.577928 0.120178 -0.317141
v 1.607317 0.064319 -0.215381
v 1.602260 0.061658 -0.215381
v 1.607317 0.064319 -0.030489
v 1.602260 0.061658 -0.030489
v 1.541940 0.176305 0.084610
v 1.546998 0.178966 0.084610
v 1.477855 0.298110 -0.122935
v 1.482912 0.300771 -0.122935
v 1.541940 0.176305 -0.330479
v 1.546998 0.178966 -0.330479
v 1.606026 0.054500 -0.122935
v 1.611084 0.057161 -0.122935
v 2.210867 -0.332161 -0.366380
v 1.908017 -0.332161 -0.491824
v 1.605167 -0.332161 -0.366380
v 1.479723 -0.332161 -0.063530
v 1.605167 -0.332161 0.239320
v 1.908017 -0.332161 0.364764
v 2.210867 -0.332161 0.239320
v 2.336311 -0.332161 -0.063530
v 2.189893 -0.305713 -0.345407
v 1.908017 -0.305713 -0.462164
v 1.626140 -0.305713 -0.345407
v 1.509383 -0.305713 -0.063530
v 1.626140 -0.305713 0.218347
v 1.908017 -0.305713 0.335104
v 2.189893 -0.305713 0.218347
v 2.306651 -0.305713 -0.063530
v 2.023212 -0.299797 -0.178726
v 1.908017 -0.299797 -0.226441
v 1.792821 -0.299797 -0.178726
v 1.745106 -0.299797 -0.063530
v 1.792821 -0.299797 0.051665
v 1.908017 -0.299797 0.099381
v 2.023212 -0.299797 0.051666
v 2.070928 -0.299797 -0.063530
v 1.977273 -0.234901 -0.132786
v 1.908017 -0.234901 -0.161472
v 1.838761 -0.234901 -0.132786
v 1.810075 -0.234901 -0.063530
v 1.838761 -0.234901 0.005726
v 1.908017 -0.234901 0.034412
v 1.977273 -0.234901 0.005726
v 2.005959 -0.234901 -0.063530
v 2.209853 -0.322392 0.238306
v 1.908017 -0.322392 0.363330
v 1.606181 -0.322392 0.238306
v 1.481157 -0.322392 -0.063530
v 1.606181 -0.322392 -0.365366
v 1.908017 -0.322392 -0.490390
v 2.209853 -0.322392 -0.365366
v 2.334877 -0.322392 -0.063530
v 1.837137 -0.240158 0.007350
v 1.807778 -0.240158 -0.063530
v 1.837137 -0.240158 -0.134410
v 1.908017 -0.240158 -0.163769
v 1.978896 -0.240158 -0.134410
v 2.008256 -0.240158 -0.063530
v 1.978896 -0.240158 0.007350
v 1.908017 -0.240158 0.036709
v 1.745669 -0.332161 -0.455473
v 1.746212 -0.322392 -0.454160
v 1.756912 -0.305713 -0.428330
v 1.846264 -0.299797 -0.212614
v 1.870021 -0.240158 -0.155261
v 1.870891 -0.234901 -0.153160
v 1.516074 -0.332161 -0.225878
v 1.517386 -0.322392 -0.225334
v 1.543217 -0.305713 -0.214635
v 1.758933 -0.299797 -0.125283
v 1.816286 -0.240158 -0.101526
v 1.818388 -0.234901 -0.100656
v 1.516074 -0.332161 0.098818
v 1.517386 -0.322392 0.098274
v 1.543217 -0.305713 0.087575
v 1.758933 -0.299797 -0.001777
v 1.816286 -0.240158 -0.025534
v 1.818388 -0.234901 -0.026404
v 1.745669 -0.332161 0.328412
v 1.746212 -0.322392 0.327100
v 1.756912 -0.305713 0.301270
v 1.846264 -0.299797 0.085554
v 1.870021 -0.240158 0.028201
v 1.870891 -0.234901 0.026099
v 2.070365 -0.332161 0.328412
v 2.069821 -0.322392 0.327100
v 2.059122 -0.305713 0.301270
v 1.969769 -0.299797 0.085554
v 1.946013 -0.240158 0.028201
v 1.945143 -0.234901 0.026099
v 2.299959 -0.332161 0.098818
v 2.298647 -0.322392 0.098274
v 2.272817 -0.305713 0.087575
v 2.057101 -0.299797 -0.001777
v 1.999748 -0.240158 -0.025534
v 1.997646 -0.234901 -0.026404
v 2.299959 -0.332161 -0.225878
v 2.298647 -0.322392 -0.225334
v 2.272817 -0.305713 -0.214635
v 2.057101 -0.299797 -0.125283
v 1.999748 -0.240158 -0.101526
v 1.997646 -0.234901 -0.100656
v 2.070365 -0.332161 -0.455473
v 2.069821 -0.322392 -0.454160
v 2.059122 -0.305713 -0.428330
v 1.969769 -0.299797 -0.212614
v 1.946013 -0.240158 -0.155261
v 1.945143 -0.234901 -0.153160
v 1.805742 -0.274118 -0.105894
v 1.828990 -0.274118 -0.142557
v 1.865653 -0.274118 -0.165805
v 1.908017 -0.274118 -0.175290
v 1.950380 -0.274118 -0.165805
v 1.987043 -0.274118 -0.142557
v 2.010292 -0.274118 -0.105894
v 2.019777 -0.274118 -0.063530
v 2.010292 -0.274118 -0.021166
v 1.987043 -0.274118 0.015497
v 1.950380 -0.274118 0.038745
v 1.908017 -0.274118 0.048230
v 1.865653 -0.274118 0.038745
v 1.828990 -0.274118 0.015497
v 1.805742 -0.274118 -0.021166
v 1.796256 -0.274118 -0.063530
vt 0.468699 0.317305
vt 0.446099 0.321884
vt 0.437865 0.292778
vt 0.460227 0.285889
vt 0.448662 0.255766
vt 0.427374 0.264674
vt 0.413386 0.238060
vt 0.434013 0.226994
vt 0.416728 0.200084
vt 0.397476 0.212867
vt 0.378604 0.189840
vt 0.396849 0.175155
vt 0.374928 0.152465
vt 0.358228 0.168515
vt 0.335594 0.149818
vt 0.351052 0.132200
vt 0.325808 0.114316
vt 0.311915 0.132947
vt 0.286775 0.118890
vt 0.299333 0.099069
vt 0.272187 0.086077
vt 0.261050 0.106605
vt 0.234674 0.096999
vt 0.244547 0.075666
vt 0.216913 0.067082
vt 0.208138 0.088912
vt 0.181697 0.082995
vt 0.189467 0.060727
vt 0.162665 0.055395
vt 0.155460 0.078086
vt 0.129956 0.074383
vt 0.136620 0.051579
vt 0.111817 0.047423
vt 0.104962 0.070782
vt 0.081333 0.066821
vt 0.088079 0.043423
vt 0.065506 0.726431
vt 0.058878 0.061325
vt 0.081455 0.697171
vt 0.088244 0.720559
vt 0.112114 0.716501
vt 0.105218 0.693144
vt 0.130062 0.689557
vt 0.136762 0.712343
vt 0.162937 0.708484
vt 0.155691 0.685791
vt 0.181805 0.680918
vt 0.189603 0.703160
vt 0.217152 0.696762
vt 0.208338 0.674929
vt 0.234795 0.666893
vt 0.244689 0.688193
vt 0.272386 0.677741
vt 0.261211 0.657211
vt 0.286914 0.644973
vt 0.299483 0.664757
vt 0.325961 0.649489
vt 0.312033 0.630859
vt 0.335746 0.614005
vt 0.351207 0.631586
vt 0.375036 0.611339
vt 0.358306 0.595293
vt 0.378754 0.573935
vt 0.396996 0.588587
vt 0.416797 0.563727
vt 0.397519 0.550953
vt 0.413514 0.525666
vt 0.434135 0.536704
vt 0.448699 0.508058
vt 0.427393 0.499162
vt 0.437952 0.470909
vt 0.460308 0.477772
vt 0.468715 0.446530
vt 0.446106 0.441965
vt 0.450553 0.411998
vt 0.473825 0.414321
vt 0.475534 0.381919
vt 0.452478 0.381927
vt 0.450523 0.351666
vt 0.473796 0.349320
vt 0.197036 0.374419
vt 0.195875 0.370778
vt 0.218138 0.362061
vt 0.220225 0.368555
vt 0.194277 0.367301
vt 0.192264 0.364041
vt 0.211734 0.349962
vt 0.215348 0.355824
vt 0.189866 0.361047
vt 0.187121 0.358367
vt 0.202541 0.339615
vt 0.207498 0.344516
vt 0.184071 0.356045
vt 0.180767 0.354120
vt 0.191040 0.331624
vt 0.197081 0.335272
vt 0.177261 0.352630
vt 0.173617 0.351605
vt 0.177860 0.326507
vt 0.184653 0.328655
vt 0.169898 0.351074
vt 0.166177 0.351054
vt 0.163771 0.324696
vt 0.170913 0.325140
vt 0.162528 0.351564
vt 0.159032 0.352608
vt 0.149696 0.326528
vt 0.156707 0.325111
vt 0.155773 0.354186
vt 0.152833 0.356287
vt 0.136736 0.332246
vt 0.143044 0.328861
vt 0.150301 0.358891
vt 0.148258 0.361963
vt 0.126211 0.341960
vt 0.131130 0.336571
vt 0.146788 0.365455
vt 0.148483 0.402108
vt 0.126306 0.421878
vt 0.122414 0.348253
vt 0.150475 0.405170
vt 0.152974 0.407766
vt 0.136789 0.431690
vt 0.131203 0.427321
vt 0.155888 0.409862
vt 0.159130 0.411433
vt 0.149733 0.437461
vt 0.143089 0.435104
vt 0.162614 0.412472
vt 0.166253 0.412974
vt 0.163801 0.439319
vt 0.156740 0.438891
vt 0.169968 0.412949
vt 0.173681 0.412409
vt 0.177885 0.437517
vt 0.170940 0.438879
vt 0.177322 0.411378
vt 0.180822 0.409880
vt 0.191060 0.432403
vt 0.184674 0.435370
vt 0.184124 0.407949
vt 0.187168 0.405619
vt 0.202556 0.424411
vt 0.197097 0.428754
vt 0.189909 0.402932
vt 0.192299 0.399933
vt 0.211744 0.414063
vt 0.207509 0.419510
vt 0.194307 0.396667
vt 0.195898 0.393187
vt 0.218144 0.401964
vt 0.215355 0.408202
vt 0.197051 0.389542
vt 0.197748 0.385788
vt 0.221427 0.388785
vt 0.220228 0.395471
vt 0.197979 0.381979
vt 0.197740 0.378172
vt 0.221425 0.375240
vt 0.221879 0.382013
vt 0.239975 0.354210
vt 0.242788 0.363271
vt 0.231193 0.337277
vt 0.236108 0.345508
vt 0.218548 0.322653
vt 0.225332 0.329625
vt 0.202643 0.311114
vt 0.210974 0.316452
vt 0.184243 0.303314
vt 0.193719 0.306706
vt 0.164259 0.299796
vt 0.174408 0.300984
vt 0.143762 0.301018
vt 0.154028 0.299779
vt 0.124037 0.307418
vt 0.133748 0.303530
vt 0.106714 0.319473
vt 0.115003 0.312687
vt 0.106761 0.444328
vt 0.099688 0.327754
vt 0.124041 0.456467
vt 0.115023 0.451156
vt 0.143757 0.462932
vt 0.133744 0.460391
vt 0.164259 0.464195
vt 0.154024 0.464195
vt 0.184252 0.460695
vt 0.174413 0.463018
vt 0.202659 0.452900
vt 0.193732 0.457306
vt 0.218566 0.441358
vt 0.210991 0.447561
vt 0.231209 0.426729
vt 0.225349 0.434384
vt 0.239986 0.409792
vt 0.236121 0.418496
vt 0.244480 0.391425
vt 0.242795 0.400729
vt 0.244476 0.372574
vt 0.245053 0.382000
vt 0.261564 0.346882
vt 0.265027 0.358342
vt 0.250671 0.325424
vt 0.256744 0.335875
vt 0.234971 0.306768
vt 0.243375 0.315697
vt 0.215180 0.291825
vt 0.225535 0.298795
vt 0.192178 0.281333
vt 0.204027 0.285996
vt 0.166974 0.275868
vt 0.179800 0.277952
vt 0.140692 0.275899
vt 0.153918 0.275174
vt 0.114616 0.281908
vt 0.127576 0.278118
vt 0.090351 0.294596
vt 0.102188 0.287345
vt 0.090360 0.469215
vt 0.079645 0.303756
vt 0.114597 0.481969
vt 0.102180 0.476498
vt 0.140668 0.488037
vt 0.127551 0.485790
vt 0.166961 0.488106
vt 0.153898 0.488784
vt 0.192179 0.482661
vt 0.179794 0.486035
vt 0.215193 0.472174
vt 0.204035 0.478002
vt 0.234990 0.457228
vt 0.225552 0.465202
vt 0.250689 0.438565
vt 0.243394 0.448295
vt 0.261578 0.417099
vt 0.256760 0.428110
vt 0.267150 0.393890
vt 0.265036 0.405637
vt 0.267145 0.370089
vt 0.267836 0.381989
vt 0.283003 0.339899
vt 0.287054 0.353646
vt 0.270185 0.314123
vt 0.277308 0.326694
vt 0.251716 0.291609
vt 0.261581 0.302415
vt 0.228430 0.273381
vt 0.240597 0.281935
vt 0.201324 0.260224
vt 0.215279 0.266161
vt 0.171497 0.252690
vt 0.186684 0.255758
vt 0.140093 0.251155
vt 0.155936 0.251177
vt 0.108305 0.255975
vt 0.124200 0.252756
vt 0.077482 0.267797
vt 0.092724 0.260945
vt 0.077468 0.496038
vt 0.063036 0.276728
vt 0.108275 0.507910
vt 0.092701 0.502914
vt 0.140063 0.512775
vt 0.124169 0.511153
vt 0.171479 0.511272
vt 0.155912 0.512772
vt 0.201323 0.503755
vt 0.186675 0.508215
vt 0.228442 0.490602
vt 0.215285 0.497822
vt 0.251736 0.472369
vt 0.240613 0.482047
vt 0.270204 0.449848
vt 0.261601 0.461560
vt 0.283017 0.424064
vt 0.277325 0.437272
vt 0.289576 0.396239
vt 0.287064 0.410314
vt 0.289571 0.367720
vt 0.290359 0.381979
vt 0.304344 0.333156
vt 0.308942 0.349111
vt 0.289740 0.303212
vt 0.297834 0.317830
vt 0.268719 0.276971
vt 0.279925 0.289590
vt 0.242240 0.255555
vt 0.256055 0.265648
vt 0.211436 0.239778
vt 0.227279 0.246974
vt 0.177505 0.230128
vt 0.194776 0.234217
vt 0.141621 0.226809
vt 0.159743 0.227714
vt 0.104869 0.229894
vt 0.123311 0.227575
vt 0.068253 0.239671
vt 0.086520 0.233916
vt 0.068230 0.524194
vt 0.050373 0.247390
vt 0.104839 0.534002
vt 0.086493 0.529963
vt 0.141595 0.537118
vt 0.123281 0.536337
vt 0.177490 0.533824
vt 0.159721 0.536227
vt 0.211436 0.524186
vt 0.194769 0.529743
vt 0.242253 0.508411
vt 0.227286 0.516993
vt 0.268739 0.486990
vt 0.256072 0.498317
vt 0.289760 0.460741
vt 0.279946 0.474366
vt 0.304359 0.430789
vt 0.297852 0.446118
vt 0.311838 0.398507
vt 0.308953 0.414831
vt 0.311833 0.365433
vt 0.312711 0.381970
vt 0.325629 0.326584
vt 0.330747 0.344690
vt 0.309342 0.292579
vt 0.318352 0.309189
vt 0.285933 0.262709
vt 0.298393 0.277093
vt 0.256502 0.238189
vt 0.271835 0.249779
vt 0.222331 0.219844
vt 0.239884 0.228274
vt 0.184748 0.208077
vt 0.203860 0.213194
vt 0.144984 0.202872
vt 0.165060 0.204727
vt 0.104052 0.203899
vt 0.124618 0.202679
vt 0.062648 0.210808
vt 0.083401 0.206650
vt 0.062626 0.553086
vt 0.041917 0.216543
vt 0.104028 0.560009
vt 0.083378 0.557249
vt 0.144965 0.561054
vt 0.124596 0.561238
vt 0.184739 0.555865
vt 0.165045 0.559207
vt 0.222336 0.544105
vt 0.203858 0.550752
vt 0.256517 0.525760
vt 0.239894 0.535676
vt 0.285954 0.501234
vt 0.271854 0.514168
vt 0.309363 0.471355
vt 0.298415 0.486846
vt 0.325644 0.437343
vt 0.318371 0.454741
vt 0.333994 0.400719
vt 0.330757 0.419234
vt 0.333988 0.363204
vt 0.334954 0.381961
vt 0.346896 0.320128
vt 0.352518 0.340345
vt 0.329002 0.282139
vt 0.338892 0.300700
vt 0.303329 0.248713
vt 0.316981 0.264820
vt 0.271133 0.221153
vt 0.287888 0.234203
vt 0.233866 0.200296
vt 0.252984 0.209928
vt 0.193014 0.186442
vt 0.213760 0.192570
vt 0.149916 0.179336
vt 0.171648 0.182151
vt 0.105580 0.178173
vt 0.127845 0.178135
vt 0.060517 0.181756
vt 0.083133 0.179484
vt 0.060505 0.582164
vt 0.037703 0.184995
vt 0.105570 0.585744
vt 0.083121 0.584433
vt 0.149909 0.584587
vt 0.127836 0.585784
vt 0.193015 0.577487
vt 0.171645 0.581775
vt 0.233877 0.563637
vt 0.213766 0.571362
vt 0.271151 0.542778
vt 0.252999 0.554004
vt 0.303351 0.515212
vt 0.287909 0.529725
vt 0.329023 0.481778
vt 0.317003 0.499101
vt 0.346910 0.443781
vt 0.338910 0.463213
vt 0.356094 0.402892
vt 0.352528 0.423562
vt 0.356089 0.361014
vt 0.357146 0.381953
vt 0.368188 0.313738
vt 0.374313 0.336041
vt 0.348738 0.271810
vt 0.359491 0.292293
vt 0.320890 0.234877
vt 0.335695 0.252674
vt 0.286067 0.204330
vt 0.304176 0.218803
vt 0.245916 0.181011
vt 0.266490 0.191809
vt 0.202114 0.165126
vt 0.224323 0.172226
vt 0.156162 0.156168
vt 0.179288 0.159909
vt 0.109162 0.152849
vt 0.132715 0.153972
vt 0.061601 0.153010
vt 0.085424 0.152695
vt 0.061606 0.610934
vt 0.037557 0.153517
vt 0.109169 0.611076
vt 0.085431 0.611235
vt 0.156170 0.607750
vt 0.132723 0.609946
vt 0.202126 0.598792
vt 0.179299 0.604007
vt 0.245934 0.582905
vt 0.224338 0.591690
vt 0.286090 0.559583
vt 0.266511 0.572104
vt 0.320914 0.529029
vt 0.304199 0.545105
vt 0.348760 0.492089
vt 0.335717 0.511228
vt 0.368202 0.450155
vt 0.359508 0.471602
vt 0.378197 0.405044
vt 0.374322 0.427850
vt 0.378192 0.358845
vt 0.379350 0.381945
vt 0.389613 0.307271
vt 0.396145 0.331752
vt 0.368618 0.261418
vt 0.380143 0.283917
vt 0.338632 0.221005
vt 0.354494 0.240579
vt 0.301265 0.187511
vt 0.320610 0.203485
vt 0.258377 0.161785
vt 0.280249 0.173818
vt 0.211871 0.143937
vt 0.235322 0.152073
vt 0.163471 0.133230
vt 0.187672 0.137953
vt 0.114474 0.127920
vt 0.138840 0.130240
vt 0.065537 0.124914
vt 0.089828 0.126574
vt 0.065565 0.639050
vt 0.040998 0.122929
vt 0.114508 0.636010
vt 0.089998 0.637362
vt 0.163515 0.630682
vt 0.138997 0.633666
vt 0.211935 0.619961
vt 0.187810 0.625932
vt 0.258460 0.602092
vt 0.235437 0.611797
vt 0.301364 0.576337
vt 0.280339 0.590045
vt 0.338735 0.542805
vt 0.320675 0.560377
vt 0.368708 0.502355
vt 0.354536 0.523286
vt 0.389675 0.456471
vt 0.380167 0.479954
vt 0.400458 0.407126
vt 0.396155 0.432124
vt 0.400436 0.356598
vt 0.401587 0.381939
vt 0.411264 0.300803
vt 0.418193 0.327418
vt 0.388723 0.250986
vt 0.401005 0.275460
vt 0.356603 0.207068
vt 0.373502 0.228388
vt 0.316715 0.170625
vt 0.337269 0.188074
vt 0.271157 0.142522
vt 0.294287 0.155763
vt 0.222097 0.122784
vt 0.246717 0.131919
vt 0.171538 0.110468
vt 0.196675 0.116105
vt 0.121096 0.103445
vt 0.145994 0.106822
vt 0.071820 0.097883
vt 0.096013 0.101189
vt 0.071887 0.666101
vt 0.047594 0.093866
vt 0.121159 0.660494
vt 0.096216 0.662745
vt 0.171609 0.653447
vt 0.146180 0.657073
vt 0.222186 0.641113
vt 0.196837 0.647761
vt 0.271266 0.621351
vt 0.246850 0.631928
vt 0.316837 0.593213
vt 0.294388 0.608075
vt 0.356727 0.556728
vt 0.337339 0.575763
vt 0.388830 0.512767
vt 0.373545 0.535456
vt 0.411337 0.462915
vt 0.401028 0.488393
vt 0.422925 0.409300
vt 0.418202 0.436444
vt 0.422900 0.354398
vt 0.424043 0.381932
vt 0.433000 0.294258
vt 0.440950 0.322911
vt 0.408884 0.240441
vt 0.422512 0.266676
vt 0.374599 0.193009
vt 0.393062 0.215744
vt 0.332172 0.153636
vt 0.354376 0.172136
vt 0.283959 0.123210
vt 0.308682 0.137164
vt 0.232420 0.101690
vt 0.258425 0.111273
vt 0.179886 0.087956
vt 0.206037 0.093908
vt 0.128373 0.079571
vt 0.153710 0.083336
vt 0.079607 0.072274
vt 0.103274 0.076297
vt 0.079720 0.691718
vt 0.056432 0.066955
vt 0.128472 0.684372
vt 0.103520 0.687630
vt 0.179988 0.675960
vt 0.153932 0.680543
vt 0.232538 0.662206
vt 0.206228 0.669935
vt 0.284095 0.640657
vt 0.258580 0.652548
vt 0.332320 0.610193
vt 0.308795 0.626646
vt 0.374747 0.570772
vt 0.354451 0.591676
vt 0.409010 0.523291
vt 0.393103 0.548079
vt 0.433086 0.469435
vt 0.422531 0.497163
vt 0.445497 0.411500
vt 0.440956 0.440940
vt 0.445467 0.352170
vt 0.447229 0.381928
vt 0.172253 0.382072
vt 0.445111 0.322081
vt 0.436930 0.293062
vt 0.451470 0.381927
vt 0.449551 0.351763
vt 0.445117 0.441768
vt 0.449581 0.411902
vt 0.426460 0.498778
vt 0.437017 0.470625
vt 0.396672 0.550400
vt 0.412649 0.525209
vt 0.357566 0.594598
vt 0.377984 0.573327
vt 0.311413 0.630050
vt 0.335089 0.613272
vt 0.260707 0.656316
vt 0.286374 0.644144
vt 0.207935 0.673972
vt 0.234363 0.665993
vt 0.155355 0.684787
vt 0.181457 0.679967
vt 0.104895 0.692091
vt 0.129757 0.688564
vt 0.058414 0.062390
vt 0.081125 0.696128
vt 0.104641 0.071835
vt 0.081004 0.067865
vt 0.155126 0.079090
vt 0.129653 0.075377
vt 0.207737 0.089869
vt 0.181350 0.083947
vt 0.260548 0.107501
vt 0.234242 0.097900
vt 0.311296 0.133756
vt 0.286235 0.119720
vt 0.357490 0.169210
vt 0.334937 0.150553
vt 0.396629 0.213420
vt 0.377835 0.190450
vt 0.426441 0.265059
vt 0.412521 0.238518
vt 0.332761 0.152980
vt 0.355030 0.171524
vt 0.284444 0.122468
vt 0.309231 0.136450
vt 0.232808 0.100883
vt 0.258872 0.110482
vt 0.180197 0.087103
vt 0.206396 0.093060
vt 0.128644 0.078678
vt 0.154009 0.082442
vt 0.079903 0.071338
vt 0.103564 0.075355
vt 0.080018 0.692654
vt 0.056855 0.065981
vt 0.128744 0.685264
vt 0.103811 0.688571
vt 0.180300 0.676813
vt 0.154233 0.681436
vt 0.232926 0.663012
vt 0.206588 0.670783
vt 0.284580 0.641400
vt 0.259027 0.653338
vt 0.332910 0.610848
vt 0.309345 0.627359
vt 0.375436 0.571316
vt 0.355104 0.592287
vt 0.409785 0.523700
vt 0.393851 0.548565
vt 0.433923 0.469689
vt 0.423354 0.497501
vt 0.446367 0.411586
vt 0.441828 0.441113
vt 0.446337 0.352083
vt 0.448117 0.381928
vt 0.433838 0.294003
vt 0.441821 0.322738
vt 0.409659 0.240032
vt 0.423335 0.266337
vt 0.375289 0.192464
vt 0.393810 0.215258
vt 0.058694 0.701605
vt 0.057126 0.698015
vt 0.056701 0.697041
vt 0.059160 0.702670
vt 0.147079 0.398632
vt 0.047814 0.670128
vt 0.041170 0.641043
vt 0.037557 0.610430
vt 0.037689 0.578931
vt 0.041896 0.547349
vt 0.050354 0.516463
vt 0.063033 0.487086
vt 0.079677 0.460025
vt 0.099771 0.436008
vt 0.122547 0.415523
vt 0.065183 0.037559
vt 0.752026 0.303678
vt 0.752775 0.283052
vt 0.758861 0.283953
vt 0.755222 0.304361
vt 0.758317 0.305161
vt 0.764880 0.284962
vt 0.770569 0.287507
vt 0.761180 0.306755
vt 0.763903 0.308484
vt 0.776162 0.290199
vt 0.780941 0.294339
vt 0.766139 0.310918
vt 0.768186 0.313498
vt 0.785562 0.298672
vt 0.788860 0.304258
vt 0.769509 0.316619
vt 0.770560 0.332987
vt 0.791852 0.342782
vt 0.788823 0.348608
vt 0.769483 0.336253
vt 0.768162 0.339375
vt 0.785529 0.354196
vt 0.780911 0.358530
vt 0.766116 0.341956
vt 0.763883 0.344390
vt 0.776135 0.362672
vt 0.770545 0.365366
vt 0.761161 0.346120
vt 0.758300 0.347715
vt 0.764859 0.367912
vt 0.758842 0.368923
vt 0.755207 0.348516
vt 0.752012 0.349200
vt 0.752758 0.369826
vt 0.746794 0.369200
vt 0.748840 0.349065
vt 0.745592 0.348835
vt 0.740773 0.368496
vt 0.735279 0.366358
vt 0.742607 0.347821
vt 0.739561 0.346734
vt 0.729731 0.364163
vt 0.725067 0.360711
vt 0.736992 0.344949
vt 0.734372 0.343111
vt 0.720345 0.357218
vt 0.716803 0.352714
vt 0.732406 0.340707
vt 0.730393 0.338268
vt 0.713201 0.348182
vt 0.710999 0.342942
vt 0.729166 0.335431
vt 0.727894 0.332573
vt 0.708734 0.337687
vt 0.708007 0.332066
vt 0.727490 0.329510
vt 0.727042 0.326441
vt 0.707215 0.326441
vt 0.708008 0.320816
vt 0.727491 0.323371
vt 0.727895 0.320308
vt 0.708737 0.315195
vt 0.711003 0.309940
vt 0.729168 0.317451
vt 0.730396 0.314614
vt 0.713206 0.304700
vt 0.716809 0.300168
vt 0.732411 0.312174
vt 0.734378 0.309770
vt 0.720353 0.295664
vt 0.725076 0.292171
vt 0.736999 0.307932
vt 0.739570 0.306147
vt 0.729741 0.288718
vt 0.735291 0.286523
vt 0.742616 0.305058
vt 0.745603 0.304044
vt 0.740786 0.284385
vt 0.746809 0.283679
vt 0.748852 0.303813
vt 0.751679 0.263186
vt 0.760427 0.264002
vt 0.769127 0.264934
vt 0.777563 0.267987
vt 0.785939 0.271201
vt 0.793436 0.276488
vt 0.800818 0.282016
vt 0.806619 0.289478
vt 0.812102 0.355549
vt 0.806577 0.363381
vt 0.800781 0.370846
vt 0.793403 0.376378
vt 0.785910 0.381668
vt 0.777537 0.384885
vt 0.769104 0.387940
vt 0.760406 0.388875
vt 0.751660 0.389692
vt 0.743207 0.388435
vt 0.734704 0.387086
vt 0.727001 0.383807
vt 0.719247 0.380453
vt 0.712743 0.375410
vt 0.706187 0.370307
vt 0.701257 0.363847
vt 0.696278 0.357340
vt 0.693208 0.349884
vt 0.690093 0.342398
vt 0.689063 0.334424
vt 0.687991 0.326440
vt 0.689065 0.318456
vt 0.690095 0.310482
vt 0.693212 0.302997
vt 0.696284 0.295541
vt 0.701264 0.289035
vt 0.706196 0.282575
vt 0.712753 0.277471
vt 0.719259 0.272429
vt 0.727015 0.269075
vt 0.734718 0.265795
vt 0.743223 0.264445
vt 0.749270 0.243932
vt 0.760438 0.244462
vt 0.771560 0.245150
vt 0.782555 0.248384
vt 0.793507 0.251806
vt 0.803681 0.257757
vt 0.813790 0.263974
vt 0.822365 0.272651
vt 0.830692 0.371079
vt 0.822321 0.380202
vt 0.813751 0.388884
vt 0.803647 0.395106
vt 0.793477 0.401061
vt 0.782528 0.404487
vt 0.771536 0.407725
vt 0.760416 0.408416
vt 0.749250 0.408947
vt 0.738559 0.407000
vt 0.727822 0.404904
vt 0.718125 0.400503
vt 0.708394 0.395961
vt 0.700213 0.389403
vt 0.692019 0.382718
vt 0.685808 0.374412
vt 0.679608 0.366004
vt 0.675720 0.356460
vt 0.671864 0.346850
vt 0.670527 0.336656
vt 0.669233 0.326438
vt 0.670529 0.316220
vt 0.671867 0.306026
vt 0.675726 0.296417
vt 0.679615 0.286874
vt 0.685817 0.278467
vt 0.692029 0.270162
vt 0.700225 0.263477
vt 0.708407 0.256920
vt 0.718140 0.252378
vt 0.727839 0.247978
vt 0.738577 0.245881
vt 0.745904 0.225220
vt 0.759259 0.225308
vt 0.772560 0.225668
vt 0.785882 0.228827
vt 0.799153 0.232250
vt 0.811831 0.238454
vt 0.824473 0.244954
vt 0.835845 0.254196
vt 0.847085 0.388953
vt 0.835801 0.398652
vt 0.824435 0.407901
vt 0.811797 0.414407
vt 0.799123 0.420616
vt 0.785855 0.424044
vt 0.772535 0.427207
vt 0.759236 0.427570
vt 0.745882 0.427660
vt 0.733155 0.425018
vt 0.720400 0.422090
vt 0.708861 0.416616
vt 0.697345 0.410856
vt 0.687592 0.402864
vt 0.677924 0.394609
vt 0.670489 0.384557
vt 0.663202 0.374293
vt 0.658510 0.362769
vt 0.654014 0.351106
vt 0.652341 0.338795
vt 0.650892 0.326435
vt 0.652343 0.314076
vt 0.654018 0.301764
vt 0.658516 0.290103
vt 0.663210 0.278580
vt 0.670499 0.268318
vt 0.677936 0.258268
vt 0.687606 0.250015
vt 0.697360 0.242025
vt 0.708878 0.236265
vt 0.720418 0.230792
vt 0.733175 0.227863
vt 0.741829 0.206992
vt 0.757159 0.206508
vt 0.772429 0.206511
vt 0.787840 0.209388
vt 0.803168 0.212690
vt 0.818100 0.218814
vt 0.832990 0.225310
vt 0.846977 0.234546
vt 0.860949 0.408637
vt 0.846935 0.418298
vt 0.832954 0.427542
vt 0.818067 0.434045
vt 0.803138 0.440175
vt 0.787813 0.443483
vt 0.772403 0.446364
vt 0.757134 0.446370
vt 0.741806 0.445889
vt 0.727199 0.442579
vt 0.712613 0.438744
vt 0.699341 0.432258
vt 0.686204 0.425247
vt 0.674943 0.415902
vt 0.663945 0.406080
vt 0.655312 0.394373
vt 0.647060 0.382283
vt 0.641551 0.368868
vt 0.636515 0.355207
vt 0.634462 0.340862
vt 0.632931 0.326431
vt 0.634464 0.312001
vt 0.636520 0.297657
vt 0.641558 0.283997
vt 0.647070 0.270585
vt 0.655324 0.258498
vt 0.663960 0.246794
vt 0.674960 0.236974
vt 0.686223 0.227632
vt 0.699361 0.220623
vt 0.712634 0.214138
vt 0.727221 0.210303
vt 0.737226 0.189185
vt 0.754343 0.188015
vt 0.771409 0.187668
vt 0.788685 0.190091
vt 0.805826 0.193216
vt 0.822734 0.198997
vt 0.839545 0.205313
vt 0.855820 0.214091
vt 0.872148 0.429590
vt 0.855781 0.438750
vt 0.839510 0.447537
vt 0.822702 0.453861
vt 0.805797 0.459649
vt 0.788658 0.462780
vt 0.771382 0.465208
vt 0.754316 0.464865
vt 0.737200 0.463697
vt 0.720832 0.459767
vt 0.704577 0.454951
vt 0.689644 0.447525
vt 0.675032 0.439222
vt 0.662296 0.428609
vt 0.650098 0.417207
vt 0.640264 0.403931
vt 0.631163 0.390028
vt 0.624806 0.374806
vt 0.619330 0.359180
vt 0.616837 0.342873
vt 0.615305 0.326427
vt 0.616840 0.309981
vt 0.619335 0.293676
vt 0.624814 0.278052
vt 0.631175 0.262833
vt 0.640278 0.248934
vt 0.650115 0.235662
vt 0.662316 0.224263
vt 0.675054 0.213654
vt 0.689667 0.205354
vt 0.704601 0.197930
vt 0.720857 0.193115
vt 0.732223 0.171741
vt 0.750970 0.169744
vt 0.769690 0.169115
vt 0.788644 0.170908
vt 0.807371 0.173873
vt 0.825997 0.179087
vt 0.844378 0.185153
vt 0.862556 0.193149
vt 0.880712 0.451310
vt 0.862520 0.459689
vt 0.844346 0.467695
vt 0.825968 0.473770
vt 0.807343 0.478992
vt 0.788616 0.481964
vt 0.769661 0.483762
vt 0.750942 0.483137
vt 0.732194 0.481141
vt 0.714145 0.476689
vt 0.696369 0.470780
vt 0.679804 0.462528
vt 0.663863 0.452851
vt 0.649636 0.441086
vt 0.636386 0.428048
vt 0.625296 0.413313
vt 0.615493 0.397572
vt 0.608199 0.380633
vt 0.602425 0.363049
vt 0.599380 0.344846
vt 0.597979 0.326422
vt 0.599383 0.307998
vt 0.602431 0.289797
vt 0.608209 0.272217
vt 0.615507 0.255282
vt 0.625313 0.239545
vt 0.636406 0.224815
vt 0.649660 0.211782
vt 0.663888 0.200022
vt 0.679832 0.190349
vt 0.696397 0.182100
vt 0.714174 0.176193
vt 0.726917 0.154667
vt 0.747178 0.151511
vt 0.767406 0.150870
vt 0.787951 0.151710
vt 0.807991 0.154712
vt 0.828217 0.159068
vt 0.847714 0.164976
vt 0.867531 0.171961
vt 0.886789 0.473372
vt 0.867499 0.480876
vt 0.847684 0.487872
vt 0.828189 0.493789
vt 0.807963 0.498153
vt 0.787922 0.501162
vt 0.767376 0.502007
vt 0.747147 0.501370
vt 0.726884 0.498215
vt 0.707187 0.493551
vt 0.688059 0.486232
vt 0.669791 0.477471
vt 0.652751 0.466133
vt 0.636866 0.453512
vt 0.622852 0.438605
vt 0.610256 0.422657
vt 0.600088 0.404914
vt 0.591542 0.386438
vt 0.585836 0.366814
vt 0.581883 0.346812
vt 0.580986 0.326416
vt 0.581887 0.306021
vt 0.585844 0.286022
vt 0.591554 0.266402
vt 0.600104 0.247930
vt 0.610277 0.230193
vt 0.622877 0.214251
vt 0.636894 0.199351
vt 0.652782 0.186736
vt 0.669823 0.175403
vt 0.688093 0.166646
vt 0.707220 0.159330
vt 0.721371 0.137406
vt 0.743015 0.133627
vt 0.764812 0.132448
vt 0.786617 0.132769
vt 0.808137 0.135389
vt 0.829407 0.139155
vt 0.850191 0.144694
vt 0.870719 0.150720
vt 0.891078 0.495393
vt 0.870691 0.502116
vt 0.850165 0.508152
vt 0.829380 0.513701
vt 0.808110 0.517475
vt 0.786587 0.520103
vt 0.764780 0.520429
vt 0.742980 0.519254
vt 0.721334 0.515476
vt 0.700070 0.510029
vt 0.679530 0.501873
vt 0.659793 0.492039
vt 0.641411 0.479594
vt 0.624249 0.465610
vt 0.609067 0.449316
vt 0.595475 0.431748
vt 0.584406 0.412369
vt 0.575214 0.392082
vt 0.568953 0.370638
vt 0.564750 0.348722
vt 0.563691 0.326410
vt 0.564754 0.304098
vt 0.568961 0.282185
vt 0.575228 0.260746
vt 0.584425 0.240464
vt 0.595499 0.221092
vt 0.609097 0.203532
vt 0.624282 0.187247
vt 0.641448 0.173269
vt 0.659830 0.160831
vt 0.679569 0.151003
vt 0.700109 0.142852
vt 0.715598 0.120109
vt 0.738658 0.115674
vt 0.761891 0.113973
vt 0.784999 0.113769
vt 0.807805 0.115982
vt 0.830150 0.119210
vt 0.851895 0.124320
vt 0.872986 0.129619
vt 0.893672 0.517143
vt 0.872962 0.523216
vt 0.851872 0.528526
vt 0.830126 0.533645
vt 0.807779 0.536883
vt 0.784970 0.539103
vt 0.761857 0.538905
vt 0.738619 0.537207
vt 0.715555 0.532774
vt 0.692805 0.526585
vt 0.670834 0.517544
vt 0.649668 0.506690
vt 0.629944 0.493083
vt 0.611504 0.477787
vt 0.595174 0.460052
vt 0.580557 0.440905
vt 0.568625 0.419845
vt 0.558741 0.397772
vt 0.551972 0.374472
vt 0.547464 0.350648
vt 0.546299 0.326403
vt 0.547469 0.302159
vt 0.551981 0.278337
vt 0.558756 0.255043
vt 0.568647 0.232977
vt 0.580587 0.211922
vt 0.595207 0.192788
vt 0.611544 0.175061
vt 0.629986 0.159777
vt 0.649712 0.146173
vt 0.670881 0.135331
vt 0.692852 0.126296
vt 0.709604 0.102320
vt 0.734220 0.097732
vt 0.758790 0.095031
vt 0.783251 0.094826
vt 0.807309 0.096167
vt 0.830725 0.099404
vt 0.853481 0.103659
vt 0.875163 0.108878
vt 0.895560 0.538336
vt 0.875144 0.543957
vt 0.853462 0.549186
vt 0.830704 0.553451
vt 0.807284 0.556697
vt 0.783221 0.558046
vt 0.758755 0.557847
vt 0.734177 0.555149
vt 0.709554 0.550562
vt 0.685492 0.543158
vt 0.661843 0.533701
vt 0.639500 0.521379
vt 0.618101 0.507021
vt 0.598709 0.490007
vt 0.580815 0.471165
vt 0.565582 0.450099
vt 0.552300 0.427595
vt 0.542203 0.403489
vt 0.534396 0.378446
vt 0.530108 0.352583
vt 0.528293 0.326395
vt 0.530112 0.300208
vt 0.534406 0.274348
vt 0.542219 0.249310
vt 0.552324 0.225219
vt 0.565623 0.202702
vt 0.580845 0.181674
vt 0.598768 0.162823
vt 0.618142 0.145844
vt 0.639558 0.131476
vt 0.661902 0.119172
vt 0.685547 0.109721
vt 0.748623 0.326439
vt 0.770588 0.319885
vt 0.692916 0.048702
vt 0.722113 0.042268
vt 0.726842 0.065467
vt 0.699458 0.070783
vt 0.751142 0.038818
vt 0.779848 0.037560
vt 0.780859 0.061302
vt 0.753882 0.061808
vt 0.807766 0.038636
vt 0.834870 0.041392
vt 0.832689 0.065160
vt 0.807110 0.061937
vt 0.860838 0.045650
vt 0.885669 0.050998
vt 0.881069 0.074451
vt 0.857370 0.068865
vt 0.909127 0.596072
vt 0.885671 0.601832
vt 0.881060 0.578381
vt 0.903963 0.572826
vt 0.860838 0.607190
vt 0.834867 0.611460
vt 0.832676 0.587693
vt 0.857361 0.583978
vt 0.807756 0.614227
vt 0.779829 0.615312
vt 0.780833 0.591570
vt 0.807093 0.590926
vt 0.751111 0.614060
vt 0.722067 0.610613
vt 0.726795 0.587414
vt 0.753846 0.591070
vt 0.692853 0.604177
vt 0.663949 0.595240
vt 0.672726 0.573315
vt 0.699399 0.582098
vt 0.635700 0.582948
vt 0.608466 0.568089
vt 0.621334 0.548334
vt 0.646229 0.562568
vt 0.582821 0.549842
vt 0.558894 0.529205
vt 0.575563 0.512574
vt 0.597209 0.532059
vt 0.537479 0.505490
vt 0.518402 0.479776
vt 0.538258 0.467157
vt 0.555281 0.491200
vt 0.502650 0.451604
vt 0.489722 0.421998
vt 0.511874 0.414112
vt 0.523128 0.441589
vt 0.480722 0.390808
vt 0.474853 0.358867
vt 0.498208 0.356187
vt 0.502908 0.385648
vt 0.473237 0.326376
vt 0.474860 0.293884
vt 0.498214 0.296578
vt 0.496009 0.326382
vt 0.480738 0.261940
vt 0.489751 0.230746
vt 0.511897 0.238653
vt 0.502921 0.267116
vt 0.502697 0.201141
vt 0.518466 0.172975
vt 0.538305 0.185623
vt 0.523164 0.211180
vt 0.537566 0.147272
vt 0.558996 0.123579
vt 0.575638 0.140237
vt 0.555345 0.161590
vt 0.582934 0.102966
vt 0.608576 0.084750
vt 0.621420 0.104518
vt 0.597296 0.120770
vt 0.635797 0.069910
vt 0.664030 0.057633
vt 0.672798 0.079561
vt 0.646311 0.090298
vt 0.731047 0.084300
vt 0.705222 0.089008
vt 0.782129 0.080791
vt 0.756594 0.080956
vt 0.831396 0.084953
vt 0.807078 0.081585
vt 0.877508 0.094203
vt 0.854954 0.088696
vt 0.877492 0.558630
vt 0.899403 0.552966
vt 0.831378 0.567901
vt 0.854938 0.564148
vt 0.782100 0.572080
vt 0.807055 0.571278
vt 0.731002 0.568581
vt 0.756558 0.571922
vt 0.680110 0.555662
vt 0.705167 0.563873
vt 0.631909 0.532521
vt 0.655180 0.545855
vt 0.589099 0.499314
vt 0.609228 0.517541
vt 0.554269 0.457126
vt 0.570013 0.479569
vt 0.529668 0.407855
vt 0.539987 0.433455
vt 0.516934 0.354064
vt 0.521123 0.381465
vt 0.516939 0.298716
vt 0.514689 0.326389
vt 0.529686 0.244928
vt 0.521133 0.271315
vt 0.554304 0.195677
vt 0.540017 0.219330
vt 0.589155 0.153515
vt 0.570068 0.173234
vt 0.631980 0.120342
vt 0.609303 0.135296
vt 0.680172 0.097216
vt 0.655249 0.107016
vt 0.707202 0.095090
vt 0.732456 0.090355
vt 0.658274 0.112576
vt 0.682582 0.102866
vt 0.613335 0.140114
vt 0.635392 0.125389
vt 0.574990 0.177090
vt 0.593495 0.157741
vt 0.545635 0.222027
vt 0.559423 0.198871
vt 0.527196 0.272704
vt 0.535367 0.246918
vt 0.520905 0.326392
vt 0.522912 0.299393
vt 0.527187 0.380082
vt 0.522907 0.353391
vt 0.545605 0.430761
vt 0.535350 0.405871
vt 0.574934 0.475714
vt 0.559394 0.453943
vt 0.613261 0.512722
vt 0.593448 0.495098
vt 0.658208 0.540296
vt 0.635327 0.527478
vt 0.707150 0.557792
vt 0.682522 0.550012
vt 0.757535 0.565503
vt 0.732412 0.562526
vt 0.807128 0.564646
vt 0.782578 0.565773
vt 0.854218 0.557378
vt 0.831042 0.561434
vt 0.897472 0.546383
vt 0.876384 0.552094
vt 0.854235 0.095467
vt 0.876402 0.100740
vt 0.807151 0.088217
vt 0.831061 0.091420
vt 0.757571 0.087375
vt 0.782606 0.087099
vt 0.909127 0.056746
vt 0.903974 0.079995
vt 0.899420 0.099857
vt 0.897491 0.106440
vt 0.895582 0.114488
vt 0.893699 0.135682
vt 0.891109 0.157432
vt 0.886826 0.179453
vt 0.880753 0.201517
vt 0.872193 0.223241
vt 0.860997 0.244198
vt 0.847136 0.263888
vt 0.830742 0.281769
vt 0.812150 0.297307
vt 0.791892 0.310082
vt 0.698397 0.929890
vt 0.754317 0.930416
vt 0.756414 0.945404
vt 0.696167 0.944840
vt 0.712322 0.614856
vt 0.709795 0.609588
vt 0.767435 0.615911
vt 0.763709 0.620653
vt 0.703541 0.765068
vt 0.701388 0.715087
vt 0.763263 0.717539
vt 0.758476 0.765105
vt 0.699921 0.782622
vt 0.761487 0.783041
vt 0.701839 0.798983
vt 0.758988 0.799450
vt 0.698615 0.846020
vt 0.759302 0.848492
vt 0.698438 0.884022
vt 0.757061 0.885595
vt 0.764328 0.675934
vt 0.703624 0.672618
vt 0.641316 0.843002
vt 0.639385 0.871806
vt 0.623688 0.874191
vt 0.626558 0.843579
vt 0.645556 0.681733
vt 0.643138 0.711318
vt 0.625110 0.713412
vt 0.628818 0.679887
vt 0.821668 0.718490
vt 0.821547 0.688891
vt 0.839478 0.721937
vt 0.838355 0.688281
vt 0.816611 0.848626
vt 0.831310 0.850094
vt 0.832352 0.880805
vt 0.816851 0.877458
vt 0.626405 0.800324
vt 0.627185 0.795895
vt 0.643887 0.802378
vt 0.642779 0.806730
vt 0.639081 0.785947
vt 0.643101 0.783856
vt 0.650657 0.799151
vt 0.646967 0.801752
vt 0.647634 0.782760
vt 0.655140 0.798363
vt 0.813638 0.786770
vt 0.818108 0.788144
vt 0.809676 0.802876
vt 0.805250 0.801874
vt 0.821993 0.790487
vt 0.813225 0.805664
vt 0.833498 0.802473
vt 0.834002 0.806941
vt 0.817263 0.812328
vt 0.816413 0.807914
vt 0.638634 0.904912
vt 0.639188 0.909485
vt 0.623295 0.916865
vt 0.622868 0.911774
vt 0.638559 0.912943
vt 0.641450 0.916336
vt 0.633721 0.931542
vt 0.629652 0.928152
vt 0.645245 0.918320
vt 0.638586 0.933935
vt 0.808116 0.922320
vt 0.812032 0.920558
vt 0.818842 0.936203
vt 0.813846 0.938297
vt 0.815120 0.917340
vt 0.823104 0.933065
vt 0.814557 0.915068
vt 0.815412 0.910541
vt 0.830721 0.918362
vt 0.829982 0.923418
vt 0.637432 0.748425
vt 0.620387 0.757130
vt 0.657911 0.767694
vt 0.840855 0.765882
vt 0.824513 0.755925
vt 0.652633 0.607156
vt 0.661922 0.610724
vt 0.823891 0.619959
vt 0.814317 0.622414
vt 0.804245 0.771062
vt 0.629143 0.640474
vt 0.639870 0.639760
vt 0.830204 0.647447
vt 0.840855 0.648954
vt 0.653424 0.767039
vt 0.823837 0.760462
vt 0.640438 0.634210
vt 0.819719 0.623953
vt 0.637761 0.752996
vt 0.620804 0.761591
vt 0.649851 0.764290
vt 0.643159 0.781828
vt 0.639461 0.779222
vt 0.808790 0.770650
vt 0.818151 0.786124
vt 0.812519 0.768111
vt 0.822004 0.783765
vt 0.840105 0.770298
vt 0.647536 0.607515
vt 0.656355 0.611517
vt 0.630083 0.635430
vt 0.642738 0.609390
vt 0.651783 0.614532
vt 0.840286 0.643853
vt 0.830030 0.641867
vt 0.828882 0.620988
vt 0.833407 0.623431
vt 0.823819 0.627565
vt 0.479893 0.878272
vt 0.534935 0.878314
vt 0.536567 0.893354
vt 0.477755 0.893252
vt 0.493069 0.562270
vt 0.490953 0.556924
vt 0.546413 0.564346
vt 0.542650 0.569078
vt 0.483759 0.713698
vt 0.479482 0.663507
vt 0.542754 0.664830
vt 0.538320 0.712059
vt 0.480466 0.731501
vt 0.541541 0.730106
vt 0.482531 0.747927
vt 0.539347 0.746708
vt 0.479557 0.794531
vt 0.541537 0.795987
vt 0.480211 0.832428
vt 0.538996 0.833502
vt 0.543055 0.623525
vt 0.482319 0.620233
vt 0.422341 0.791943
vt 0.420695 0.820864
vt 0.405021 0.823008
vt 0.407476 0.792239
vt 0.425055 0.626496
vt 0.420648 0.655362
vt 0.402392 0.656036
vt 0.408423 0.623508
vt 0.601043 0.665184
vt 0.600548 0.635589
vt 0.618928 0.668818
vt 0.617385 0.635160
vt 0.599808 0.800261
vt 0.614511 0.802821
vt 0.613298 0.832889
vt 0.598054 0.828617
vt 0.408574 0.748156
vt 0.409939 0.743685
vt 0.425603 0.751604
vt 0.424389 0.755852
vt 0.412317 0.739739
vt 0.428496 0.748211
vt 0.424870 0.731796
vt 0.429393 0.731916
vt 0.435403 0.747465
vt 0.430693 0.748043
vt 0.592566 0.733028
vt 0.597094 0.733256
vt 0.590473 0.748884
vt 0.585798 0.748245
vt 0.617988 0.750442
vt 0.619669 0.754737
vt 0.602895 0.759911
vt 0.600582 0.756112
vt 0.620266 0.759377
vt 0.603378 0.764337
vt 0.419611 0.853980
vt 0.420102 0.858579
vt 0.403835 0.865458
vt 0.403627 0.860344
vt 0.420081 0.861450
vt 0.423004 0.864830
vt 0.415153 0.879918
vt 0.411140 0.876454
vt 0.426815 0.866808
vt 0.420012 0.882385
vt 0.588851 0.873571
vt 0.592943 0.872109
vt 0.598689 0.888171
vt 0.593559 0.889926
vt 0.596293 0.869141
vt 0.603145 0.885320
vt 0.594217 0.866182
vt 0.595257 0.861674
vt 0.610312 0.870004
vt 0.609432 0.875045
vt 0.411800 0.691726
vt 0.394180 0.699384
vt 0.438307 0.717034
vt 0.619694 0.713190
vt 0.603691 0.702525
vt 0.434429 0.550988
vt 0.443348 0.555133
vt 0.602680 0.567383
vt 0.593236 0.570002
vt 0.584342 0.717673
vt 0.410271 0.584440
vt 0.421025 0.584222
vt 0.609603 0.594249
vt 0.620266 0.596044
vt 0.433657 0.716704
vt 0.602970 0.707015
vt 0.421838 0.578677
vt 0.598652 0.571495
vt 0.411711 0.696301
vt 0.394422 0.703925
vt 0.413799 0.700261
vt 0.396414 0.708004
vt 0.589040 0.717420
vt 0.600216 0.710551
vt 0.618628 0.717619
vt 0.615895 0.721259
vt 0.429323 0.550895
vt 0.437708 0.555544
vt 0.411459 0.579446
vt 0.424360 0.552319
vt 0.432925 0.558222
vt 0.619831 0.590931
vt 0.609522 0.588624
vt 0.607708 0.568346
vt 0.612265 0.570725
vt 0.602772 0.575081
vt 0.882126 0.751590
vt 0.901013 0.750463
vt 0.900893 0.778020
vt 0.879713 0.778231
vt 0.919887 0.751789
vt 0.938816 0.753892
vt 0.942897 0.779131
vt 0.922054 0.778486
vt 0.938077 0.804311
vt 0.919360 0.804923
vt 0.900755 0.805240
vt 0.882158 0.804603
vt 0.918187 0.892545
vt 0.899323 0.893303
vt 0.899819 0.865840
vt 0.920917 0.865939
vt 0.880493 0.891875
vt 0.861623 0.889694
vt 0.858020 0.864390
vt 0.878710 0.865214
vt 0.862902 0.839251
vt 0.881736 0.838897
vt 0.900351 0.838663
vt 0.918954 0.839433
vt 0.858892 0.778670
vt 0.863366 0.803916
vt 0.863179 0.753504
vt 0.941595 0.865904
vt 0.937710 0.840565
vt 0.937147 0.891090
vt 0.844821 0.906808
vt 0.844929 0.905275
vt 0.873233 0.907613
vt 0.873124 0.909147
vt 0.841019 0.899943
vt 0.839484 0.899956
vt 0.839218 0.882457
vt 0.840759 0.882407
vt 0.837361 0.863598
vt 0.838884 0.863649
vt 0.841313 0.830041
vt 0.842846 0.830125
vt 0.842013 0.844939
vt 0.840479 0.844802
vt 0.847524 0.822219
vt 0.847541 0.820638
vt 0.875907 0.820912
vt 0.875887 0.822474
vt 0.900651 0.821243
vt 0.900633 0.822659
vt 0.951528 0.821830
vt 0.951510 0.823413
vt 0.925457 0.823056
vt 0.925474 0.821478
vt 0.956840 0.830451
vt 0.958371 0.830314
vt 0.960069 0.847278
vt 0.958534 0.847417
vt 0.962398 0.866017
vt 0.960872 0.866003
vt 0.957379 0.900673
vt 0.955852 0.900481
vt 0.958164 0.884485
vt 0.959691 0.884663
vt 0.950439 0.906706
vt 0.950528 0.908241
vt 0.924957 0.910062
vt 0.924881 0.908526
vt 0.899006 0.911887
vt 0.899030 0.910356
vt 0.850931 0.894893
vt 0.842787 0.742813
vt 0.852663 0.748017
vt 0.842274 0.760294
vt 0.842806 0.797822
vt 0.853252 0.809853
vt 0.843021 0.812550
vt 0.852938 0.833154
vt 0.854903 0.830032
vt 0.855106 0.812967
vt 0.946329 0.813261
vt 0.946121 0.831839
vt 0.948252 0.835077
vt 0.956620 0.815232
vt 0.948278 0.810206
vt 0.958992 0.798299
vt 0.959679 0.760858
vt 0.949371 0.748482
vt 0.957520 0.744755
vt 0.947684 0.896702
vt 0.945634 0.899166
vt 0.952722 0.738858
vt 0.947611 0.746190
vt 0.927181 0.736087
vt 0.874972 0.735823
vt 0.854466 0.745715
vt 0.846604 0.737806
vt 0.852852 0.897443
vt 0.962398 0.779632
vt 0.901092 0.733238
vt 0.839434 0.779070
vt 0.366355 0.922412
vt 0.332988 0.946418
vt 0.331701 0.944081
vt 0.364437 0.920562
vt 0.294493 0.961734
vt 0.252633 0.962441
vt 0.252917 0.959790
vt 0.293962 0.959123
vt 0.211140 0.952075
vt 0.174829 0.927290
vt 0.176323 0.925066
vt 0.212191 0.949627
vt 0.183069 0.715488
vt 0.220904 0.695760
vt 0.221814 0.698267
vt 0.184666 0.717614
vt 0.261667 0.686622
vt 0.302655 0.692441
vt 0.301969 0.695019
vt 0.261780 0.689284
vt 0.340705 0.707893
vt 0.370945 0.735536
vt 0.368929 0.737283
vt 0.339291 0.710151
vt 0.393727 0.769475
vt 0.403366 0.809192
vt 0.400718 0.809516
vt 0.391291 0.770556
vt 0.403366 0.850050
vt 0.389225 0.888422
vt 0.386847 0.887212
vt 0.400742 0.849589
vt 0.358076 0.914411
vt 0.327467 0.936363
vt 0.296348 0.879456
vt 0.310609 0.868350
vt 0.292212 0.950452
vt 0.253893 0.951051
vt 0.261673 0.887248
vt 0.279566 0.885916
vt 0.215706 0.941538
vt 0.182198 0.918437
vt 0.229802 0.874268
vt 0.244436 0.883443
vt 0.189979 0.724654
vt 0.224832 0.706524
vt 0.247340 0.766702
vt 0.231454 0.774412
vt 0.262149 0.698122
vt 0.299701 0.703525
vt 0.282890 0.766177
vt 0.265067 0.763823
vt 0.334586 0.717645
vt 0.362270 0.743039
vt 0.313002 0.785507
vt 0.299362 0.773641
vt 0.383199 0.774136
vt 0.391981 0.810575
vt 0.327368 0.818334
vt 0.322594 0.800870
vt 0.392028 0.848048
vt 0.379005 0.883214
vt 0.321094 0.853613
vt 0.326818 0.836437
vt 0.288599 0.865537
vt 0.299089 0.857256
vt 0.263097 0.871456
vt 0.276199 0.870272
vt 0.239628 0.863434
vt 0.250583 0.868937
vt 0.252379 0.781721
vt 0.240770 0.787080
vt 0.278596 0.781520
vt 0.265420 0.779817
vt 0.300894 0.795863
vt 0.290745 0.787116
vt 0.311549 0.820210
vt 0.307946 0.807281
vt 0.306903 0.846375
vt 0.311079 0.833626
vt 0.245593 0.795405
vt 0.255109 0.791281
vt 0.255519 0.792779
vt 0.246338 0.796764
vt 0.253372 0.859717
vt 0.243789 0.855212
vt 0.244479 0.853844
vt 0.253788 0.858223
vt 0.274017 0.860955
vt 0.263561 0.861519
vt 0.263618 0.859967
vt 0.273656 0.859446
vt 0.292210 0.850666
vt 0.283706 0.856902
vt 0.282938 0.855552
vt 0.291091 0.849595
vt 0.301711 0.831946
vt 0.298071 0.841872
vt 0.296689 0.841167
vt 0.300187 0.831671
vt 0.299220 0.811080
vt 0.301705 0.821362
vt 0.300163 0.821540
vt 0.297799 0.811696
vt 0.285571 0.795116
vt 0.293339 0.802281
vt 0.292154 0.803284
vt 0.284727 0.796415
vt 0.265440 0.789383
vt 0.275822 0.791049
vt 0.275383 0.792538
vt 0.265433 0.790934
vt 0.153546 0.747946
vt 0.155507 0.749755
vt 0.162754 0.754839
vt 0.219291 0.786698
vt 0.231348 0.794949
vt 0.238262 0.803164
vt 0.237278 0.801989
vn -0.925071 0.120545 0.360157
vn -0.925075 0.120534 0.360150
vn -0.866696 0.237795 0.438510
vn -0.866695 0.237797 0.438511
vn -0.786913 0.345840 0.511040
vn -0.786920 0.345832 0.511035
vn -0.687812 0.442349 0.575536
vn -0.687810 0.442351 0.575537
vn -0.571727 0.524636 0.630782
vn -0.571734 0.524632 0.630779
vn -0.441601 0.590967 0.675090
vn -0.441600 0.590968 0.675090
vn -0.300575 0.639431 0.707660
vn -0.300579 0.639430 0.707659
vn -0.152165 0.669099 0.727429
vn -0.152164 0.669099 0.727429
vn -0.000000 0.678987 0.734151
vn -0.000000 0.678987 0.734151
vn 0.152165 0.669099 0.727428
vn 0.152164 0.669099 0.727428
vn 0.300575 0.639432 0.707660
vn 0.300579 0.639430 0.707659
vn 0.441601 0.590967 0.675090
vn 0.441600 0.590967 0.675090
vn 0.571727 0.524636 0.630781
vn 0.571734 0.524632 0.630778
vn 0.687812 0.442349 0.575537
vn 0.687811 0.442350 0.575537
vn 0.786913 0.345839 0.511042
vn 0.786920 0.345831 0.511036
vn 0.866695 0.237795 0.438513
vn 0.866694 0.237797 0.438514
vn 0.925070 0.120543 0.360159
vn 0.925075 0.120532 0.360152
vn 0.960743 -0.002676 0.277429
vn 0.960742 -0.002674 0.277430
vn 0.972674 -0.129198 0.192907
vn 0.972674 -0.129210 0.192899
vn 0.960746 -0.255521 0.108056
vn 0.960746 -0.255519 0.108057
vn 0.925067 -0.378938 0.025655
vn 0.925062 -0.378949 0.025648
vn 0.866704 -0.495995 -0.053030
vn 0.866706 -0.495994 -0.053029
vn 0.786907 -0.604233 -0.125224
vn 0.786899 -0.604241 -0.125230
vn 0.687822 -0.700556 -0.190059
vn 0.687823 -0.700555 -0.190058
vn 0.571720 -0.783026 -0.244963
vn 0.571713 -0.783030 -0.244966
vn 0.441610 -0.849178 -0.289615
vn 0.441611 -0.849178 -0.289615
vn 0.300571 -0.897817 -0.321840
vn 0.300566 -0.897819 -0.321841
vn 0.152169 -0.927314 -0.341956
vn 0.152169 -0.927314 -0.341956
vn -0.000000 -0.937372 -0.348330
vn -0.000000 -0.937372 -0.348330
vn -0.152169 -0.927313 -0.341957
vn -0.152170 -0.927313 -0.341957
vn -0.300571 -0.897817 -0.321840
vn -0.300566 -0.897819 -0.321840
vn -0.441610 -0.849178 -0.289615
vn -0.441611 -0.849178 -0.289615
vn -0.571721 -0.783026 -0.244963
vn -0.571713 -0.783030 -0.244966
vn -0.687823 -0.700554 -0.190059
vn -0.687825 -0.700553 -0.190058
vn -0.786908 -0.604230 -0.125226
vn -0.786901 -0.604238 -0.125231
vn -0.866704 -0.495996 -0.053031
vn -0.866705 -0.495994 -0.053030
vn -0.925066 -0.378939 0.025655
vn -0.925061 -0.378951 0.025647
vn -0.960746 -0.255522 0.108055
vn -0.960746 -0.255520 0.108056
vn -0.972674 -0.129199 0.192905
vn -0.972674 -0.129211 0.192897
vn -0.960743 -0.002674 0.277426
vn -0.960743 -0.002671 0.277428
vn 0.156720 -0.590543 0.791643
vn 0.147054 -0.610532 0.778219
vn 0.296265 -0.649825 0.699967
vn 0.316159 -0.609727 0.726827
vn 0.133347 -0.628870 0.765990
vn 0.116692 -0.645391 0.754887
vn 0.235191 -0.719868 0.653050
vn 0.269052 -0.686846 0.675170
vn 0.096829 -0.659300 0.745619
vn 0.074825 -0.670720 0.737927
vn 0.151011 -0.770772 0.618955
vn 0.195517 -0.748076 0.634157
vn 0.050767 -0.678830 0.732539
vn 0.025588 -0.684020 0.729014
vn 0.052005 -0.797527 0.601037
vn 0.102776 -0.787392 0.607825
vn -0.000299 -0.685539 0.728036
vn -0.026176 -0.683993 0.729019
vn -0.052085 -0.797512 0.601051
vn -0.000045 -0.800928 0.598761
vn -0.051331 -0.678781 0.732545
vn -0.075354 -0.670659 0.737929
vn -0.151025 -0.770746 0.618985
vn -0.102829 -0.787366 0.607849
vn -0.097314 -0.659244 0.745605
vn -0.117131 -0.645355 0.754849
vn -0.235109 -0.719895 0.653051
vn -0.195483 -0.748068 0.634177
vn -0.133748 -0.628870 0.765920
vn -0.147428 -0.610586 0.778107
vn -0.296122 -0.649973 0.699891
vn -0.268932 -0.686925 0.675137
vn -0.157089 -0.590660 0.791482
vn -0.163311 -0.569774 0.805411
vn -0.328127 -0.567857 0.754898
vn -0.316014 -0.609955 0.726698
vn -0.165090 -0.548359 0.819785
vn -0.163263 -0.526911 0.834093
vn -0.328045 -0.481583 0.812689
vn -0.332169 -0.524712 0.783799
vn -0.157002 -0.506101 0.848064
vn -0.147318 -0.486177 0.861354
vn -0.295927 -0.399579 0.867620
vn -0.315863 -0.439529 0.840860
vn -0.133638 -0.467993 0.873569
vn -0.117046 -0.451524 0.884549
vn -0.234937 -0.329829 0.914340
vn -0.268729 -0.362712 0.892314
vn -0.097282 -0.437736 0.893825
vn -0.075399 -0.426320 0.901425
vn -0.151033 -0.279121 0.948304
vn -0.195382 -0.301737 0.933156
vn -0.051474 -0.418266 0.906865
vn -0.026425 -0.413010 0.910343
vn -0.052390 -0.252390 0.966206
vn -0.102977 -0.262536 0.959412
vn -0.000657 -0.411482 0.911418
vn 0.025127 -0.412903 0.910428
vn 0.051389 -0.252249 0.966297
vn -0.000510 -0.248931 0.968521
vn 0.050228 -0.418058 0.907031
vn 0.074233 -0.426024 0.901662
vn 0.150190 -0.278733 0.948552
vn 0.102038 -0.262264 0.959586
vn 0.096219 -0.437376 0.894117
vn 0.116100 -0.451124 0.884878
vn 0.234360 -0.329292 0.914681
vn 0.194662 -0.301259 0.933461
vn 0.132815 -0.467576 0.873918
vn 0.146617 -0.485769 0.861703
vn 0.295648 -0.399018 0.867973
vn 0.268301 -0.362146 0.892673
vn 0.156412 -0.505727 0.848396
vn 0.162765 -0.526589 0.834393
vn 0.328016 -0.481112 0.812981
vn 0.315720 -0.439000 0.841189
vn 0.164661 -0.548102 0.820043
vn 0.162925 -0.569585 0.805623
vn 0.328244 -0.567541 0.755085
vn 0.332227 -0.524313 0.784041
vn 0.419057 -0.668199 0.614737
vn 0.447237 -0.611521 0.652703
vn 0.332644 -0.767181 0.548435
vn 0.380544 -0.720516 0.579693
vn 0.213616 -0.839116 0.500253
vn 0.276540 -0.807043 0.521735
vn 0.073651 -0.876940 0.474922
vn 0.145426 -0.862607 0.484520
vn -0.073517 -0.876952 0.474922
vn 0.000065 -0.881761 0.471696
vn -0.213453 -0.839163 0.500243
vn -0.145280 -0.862634 0.484517
vn -0.332447 -0.767299 0.548391
vn -0.276358 -0.807120 0.521712
vn -0.418857 -0.668422 0.614631
vn -0.380338 -0.720683 0.579620
vn -0.464251 -0.552230 0.692469
vn -0.447058 -0.611806 0.652559
vn -0.464221 -0.430097 0.774284
vn -0.470018 -0.491159 0.733379
vn -0.418798 -0.313965 0.852077
vn -0.447005 -0.370545 0.814176
vn -0.332441 -0.215176 0.918250
vn -0.380293 -0.261749 0.887054
vn -0.213595 -0.143372 0.966345
vn -0.276416 -0.175391 0.944898
vn -0.073869 -0.105562 0.991665
vn -0.145522 -0.119902 0.982063
vn 0.073095 -0.105447 0.991735
vn -0.000395 -0.100703 0.994916
vn 0.212939 -0.143052 0.966537
vn 0.144794 -0.119679 0.982197
vn 0.331989 -0.214722 0.918520
vn 0.275855 -0.174994 0.945136
vn 0.418582 -0.313469 0.852365
vn 0.379959 -0.261261 0.887341
vn 0.464215 -0.429645 0.774538
vn 0.446901 -0.370062 0.814453
vn 0.464389 -0.551883 0.692653
vn 0.470094 -0.490754 0.733602
vn 0.534414 -0.671284 0.513595
vn 0.570375 -0.599023 0.562000
vn 0.424195 -0.797470 0.429069
vn 0.485285 -0.737981 0.468918
vn 0.272415 -0.889171 0.367647
vn 0.352650 -0.848285 0.395032
vn 0.093952 -0.937397 0.335351
vn 0.185468 -0.919121 0.347589
vn -0.093702 -0.937424 0.335345
vn 0.000124 -0.943548 0.331236
vn -0.272157 -0.889262 0.367619
vn -0.185214 -0.919178 0.347574
vn -0.423935 -0.797642 0.429005
vn -0.352389 -0.848414 0.394989
vn -0.534186 -0.671554 0.513479
vn -0.485035 -0.738201 0.468829
vn -0.592134 -0.523352 0.612764
vn -0.570180 -0.599345 0.561855
vn -0.592133 -0.367545 0.717139
vn -0.599512 -0.445446 0.664953
vn -0.534203 -0.219374 0.816396
vn -0.570183 -0.291565 0.768038
vn -0.424023 -0.093325 0.900830
vn -0.485080 -0.152748 0.861026
vn -0.272373 -0.001715 0.962190
vn -0.352534 -0.042565 0.934830
vn -0.094079 0.046498 0.994478
vn -0.185509 0.028218 0.982237
vn 0.093430 0.046600 0.994535
vn -0.000331 0.052677 0.998612
vn 0.271819 -0.001432 0.962347
vn 0.184896 0.028415 0.982347
vn 0.423638 -0.092913 0.901054
vn 0.352060 -0.042208 0.935025
vn 0.534018 -0.218911 0.816641
vn 0.484794 -0.152301 0.861266
vn 0.592136 -0.367100 0.717365
vn 0.570096 -0.291102 0.768277
vn 0.592280 -0.522982 0.612939
vn 0.599593 -0.445033 0.665157
vn 0.637763 -0.658418 0.399680
vn 0.680693 -0.572195 0.457439
vn 0.506213 -0.808983 0.298823
vn 0.579122 -0.738001 0.346370
vn 0.325088 -0.918396 0.225537
vn 0.420834 -0.869612 0.258212
vn 0.112127 -0.975940 0.187001
vn 0.221332 -0.954132 0.201603
vn -0.111804 -0.975979 0.186989
vn 0.000162 -0.983282 0.182089
vn -0.324771 -0.918518 0.225495
vn -0.221012 -0.954212 0.201577
vn -0.505922 -0.809194 0.298743
vn -0.420527 -0.869779 0.258152
vn -0.637527 -0.658723 0.399554
vn -0.578854 -0.738260 0.346268
vn -0.706718 -0.481842 0.518052
vn -0.680501 -0.572543 0.457289
vn -0.706738 -0.295867 0.642638
vn -0.715535 -0.388854 0.580346
vn -0.637599 -0.118996 0.761122
vn -0.680544 -0.205170 0.703396
vn -0.506077 0.031472 0.861914
vn -0.578963 -0.039463 0.814399
vn -0.325041 0.140821 0.935157
vn -0.420736 0.092064 0.902499
vn -0.112200 0.198356 0.973687
vn -0.221345 0.176545 0.959082
vn 0.111629 0.198447 0.973734
vn -0.000291 0.205718 0.978611
vn 0.324550 0.141078 0.935288
vn 0.220805 0.176723 0.959174
vn 0.505728 0.031850 0.862105
vn 0.420311 0.092388 0.902665
vn 0.637424 -0.118557 0.761338
vn 0.578699 -0.039046 0.814606
vn 0.706733 -0.295430 0.642845
vn 0.680456 -0.204725 0.703610
vn 0.706855 -0.481456 0.518224
vn 0.715606 -0.388437 0.580538
vn 0.726061 -0.629792 0.276039
vn 0.774945 -0.531638 0.341790
vn 0.576286 -0.801186 0.161231
vn 0.659293 -0.720386 0.215354
vn 0.370086 -0.925734 0.077809
vn 0.479086 -0.870202 0.115003
vn 0.127650 -0.991238 0.033942
vn 0.251970 -0.966413 0.050564
vn -0.127276 -0.991287 0.033925
vn 0.000188 -0.999598 0.028349
vn -0.369730 -0.925880 0.077756
vn -0.251603 -0.966511 0.050530
vn -0.575976 -0.801428 0.161139
vn -0.478749 -0.870397 0.114931
vn -0.725825 -0.630122 0.275906
vn -0.659015 -0.720673 0.215242
vn -0.804619 -0.428738 0.410819
vn -0.774761 -0.532005 0.341638
vn -0.804656 -0.216988 0.552671
vn -0.814666 -0.322864 0.481745
vn -0.725942 -0.015596 0.687579
vn -0.774836 -0.113717 0.621850
vn -0.576185 0.155734 0.802345
vn -0.659177 0.074964 0.748242
vn -0.370044 0.280238 0.885739
vn -0.479010 0.224725 0.848556
vn -0.127687 0.345739 0.929603
vn -0.251968 0.320911 0.912978
vn 0.127171 0.345821 0.929642
vn -0.000263 0.354111 0.935203
vn 0.369596 0.280474 0.885852
vn 0.251478 0.321073 0.913056
vn 0.575859 0.156085 0.802511
vn 0.478618 0.225023 0.848699
vn 0.725768 -0.015177 0.687772
vn 0.658924 0.075357 0.748425
vn 0.804640 -0.216556 0.552863
vn 0.774742 -0.113287 0.622045
vn 0.804745 -0.428340 0.410988
vn 0.814725 -0.322443 0.481928
vn 0.797010 -0.586102 0.145807
vn 0.850681 -0.478359 0.217979
vn 0.632591 -0.774234 0.019788
vn 0.723713 -0.685542 0.079196
vn 0.406241 -0.910943 -0.071779
vn 0.525891 -0.849988 -0.030953
vn 0.140120 -0.982844 -0.119930
vn 0.276586 -0.955595 -0.101684
vn -0.139713 -0.982900 -0.119953
vn 0.000206 -0.992021 -0.126070
vn -0.405862 -0.911106 -0.071845
vn -0.276189 -0.955705 -0.101727
vn -0.632272 -0.774496 0.019681
vn -0.525539 -0.850203 -0.031040
vn -0.796782 -0.586448 0.145661
vn -0.723435 -0.685850 0.079069
vn -0.883294 -0.365371 0.293761
vn -0.850510 -0.478737 0.217817
vn -0.883345 -0.132907 0.449485
vn -0.894330 -0.249141 0.371623
vn -0.796937 0.088190 0.597591
vn -0.850612 -0.019533 0.525431
vn -0.632528 0.276286 0.723585
vn -0.723640 0.187613 0.664189
vn -0.406213 0.412971 0.815135
vn -0.525844 0.352027 0.774316
vn -0.140137 0.484871 0.863285
vn -0.276580 0.457619 0.845037
vn 0.139657 0.484946 0.863321
vn -0.000244 0.494055 0.869431
vn 0.405790 0.413187 0.815237
vn 0.276122 0.457767 0.845107
vn 0.632211 0.276614 0.723736
vn 0.525469 0.352303 0.774445
vn 0.796757 0.088588 0.597772
vn 0.723389 0.187982 0.664358
vn 0.883313 -0.132485 0.449673
vn 0.850506 -0.019119 0.525618
vn 0.883403 -0.364968 0.293936
vn 0.894370 -0.248722 0.371806
vn 0.848888 -0.528432 0.012181
vn 0.906058 -0.413678 0.089048
vn 0.673761 -0.728803 -0.122033
vn 0.770815 -0.634344 -0.058762
vn 0.432677 -0.874406 -0.219557
vn 0.560116 -0.809486 -0.176075
vn 0.149238 -0.950985 -0.270844
vn 0.294584 -0.921962 -0.251408
vn -0.148808 -0.951044 -0.270873
vn 0.000217 -0.960759 -0.277386
vn -0.432285 -0.874578 -0.219642
vn -0.294169 -0.922079 -0.251466
vn -0.673441 -0.729076 -0.122167
vn -0.559755 -0.809712 -0.176186
vn -0.848673 -0.528781 0.012008
vn -0.770545 -0.634657 -0.058917
vn -0.940829 -0.293302 0.169749
vn -0.905904 -0.414055 0.088861
vn -0.940891 -0.045690 0.335614
vn -0.952588 -0.169498 0.252680
vn -0.848855 0.189821 0.493369
vn -0.906027 0.075075 0.416507
vn -0.673732 0.390178 0.627572
vn -0.770783 0.295724 0.564306
vn -0.432663 0.535769 0.725089
vn -0.560093 0.470854 0.681610
vn -0.149243 0.612346 0.776375
vn -0.294580 0.583324 0.756939
vn 0.148787 0.612414 0.776410
vn -0.000232 0.622124 0.782919
vn 0.432255 0.535964 0.725188
vn 0.294142 0.583457 0.757007
vn 0.673417 0.390477 0.627724
vn 0.559727 0.471105 0.681738
vn 0.848663 0.190191 0.493556
vn 0.770526 0.296064 0.564478
vn 0.940838 -0.045285 0.335817
vn 0.905904 0.075467 0.416705
vn 0.940916 -0.292907 0.169946
vn 0.952606 -0.169092 0.252883
vn 0.880499 -0.458169 -0.121663
vn 0.939773 -0.339217 -0.041930
vn 0.698844 -0.666005 -0.260871
vn 0.799477 -0.568088 -0.195227
vn 0.448775 -0.817030 -0.362025
vn 0.580927 -0.749734 -0.316895
vn 0.154773 -0.896457 -0.415222
vn 0.305517 -0.866381 -0.395022
vn -0.154380 -0.896510 -0.415254
vn 0.000204 -0.906612 -0.421965
vn -0.448421 -0.817184 -0.362117
vn -0.305129 -0.866489 -0.395086
vn -0.698561 -0.666246 -0.261015
vn -0.580596 -0.749939 -0.317017
vn -0.880316 -0.458473 -0.121845
vn -0.799234 -0.568370 -0.195397
vn -0.975895 -0.214207 0.041768
vn -0.939643 -0.339552 -0.042130
vn -0.975945 0.042640 0.213806
vn -0.988077 -0.085882 0.127783
vn -0.880465 0.286928 0.377430
vn -0.939791 0.167814 0.297709
vn -0.698804 0.494745 0.516624
vn -0.799510 0.396697 0.451016
vn -0.448744 0.645751 0.617766
vn -0.580963 0.578362 0.572695
vn -0.154762 0.725167 0.670956
vn -0.305541 0.695025 0.650834
vn 0.154368 0.725221 0.670988
vn -0.000208 0.735264 0.677781
vn 0.448388 0.645909 0.617859
vn 0.305147 0.695137 0.650900
vn 0.698523 0.494990 0.516769
vn 0.580629 0.578574 0.572820
vn 0.880287 0.287235 0.377613
vn 0.799269 0.396987 0.451188
vn 0.975886 0.042982 0.214008
vn 0.939667 0.168152 0.297911
vn 0.975961 -0.213867 0.041969
vn 0.988081 -0.085525 0.127993
vn 0.891003 -0.377015 -0.252928
vn 0.951074 -0.256889 -0.171660
vn 0.707105 -0.587313 -0.393784
vn 0.809047 -0.488516 -0.326797
vn 0.453996 -0.740102 -0.496121
vn 0.587818 -0.672342 -0.449918
vn 0.156451 -0.820430 -0.549925
vn 0.309047 -0.790368 -0.528969
vn -0.156407 -0.820436 -0.549929
vn 0.000019 -0.831042 -0.556210
vn -0.453957 -0.740119 -0.496132
vn -0.309011 -0.790378 -0.528975
vn -0.707074 -0.587339 -0.393801
vn -0.587788 -0.672361 -0.449929
vn -0.890982 -0.377050 -0.252951
vn -0.809024 -0.488542 -0.326813
vn -0.987680 -0.129832 -0.087366
vn -0.951062 -0.256919 -0.171679
vn -0.987697 0.130115 0.086745
vn -1.000000 -0.000167 0.000287
vn -0.891031 0.377346 0.252339
vn -0.951050 0.256581 0.172249
vn -0.707140 0.587659 0.393205
vn -0.809009 0.488191 0.327375
vn -0.454025 0.740465 0.495553
vn -0.587781 0.671996 0.450482
vn -0.156463 0.820804 0.549363
vn -0.309022 0.790008 0.529522
vn 0.156416 0.820811 0.549367
vn -0.000018 0.830674 0.556759
vn 0.453983 0.740483 0.495564
vn 0.308989 0.790017 0.529527
vn 0.707107 0.587688 0.393222
vn 0.587752 0.672015 0.450493
vn 0.891009 0.377381 0.252360
vn 0.808987 0.488217 0.327389
vn 0.987690 0.130154 0.086768
vn 0.951039 0.256610 0.172266
vn 0.987687 -0.129792 -0.087341
vn 1.000000 -0.000135 0.000305
vn 0.880268 -0.286516 -0.378202
vn 0.939850 -0.168545 -0.297112
vn 0.698584 -0.494280 -0.517365
vn 0.799484 -0.397433 -0.450414
vn 0.448518 -0.645231 -0.618472
vn 0.580859 -0.579080 -0.572075
vn 0.154549 -0.724590 -0.671628
vn 0.305376 -0.695704 -0.650186
vn -0.154549 -0.724590 -0.671628
vn -0.000000 -0.735890 -0.677101
vn -0.448519 -0.645231 -0.618473
vn -0.305376 -0.695704 -0.650186
vn -0.698585 -0.494280 -0.517365
vn -0.580859 -0.579080 -0.572074
vn -0.880268 -0.286514 -0.378203
vn -0.799484 -0.397432 -0.450414
vn -0.975785 -0.042271 -0.214608
vn -0.939849 -0.168545 -0.297112
vn -0.975786 0.214542 -0.042594
vn -0.988216 0.085180 -0.127177
vn -0.880269 0.458786 0.121002
vn -0.939848 0.338905 0.042759
vn -0.698586 0.666553 0.260164
vn -0.799483 0.567792 0.196060
vn -0.448520 0.817504 0.361271
vn -0.580859 0.749438 0.317720
vn -0.154549 0.896864 0.414428
vn -0.305375 0.866063 0.395830
vn 0.154549 0.896864 0.414428
vn 0.000000 0.906248 0.422747
vn 0.448520 0.817503 0.361272
vn 0.305375 0.866062 0.395831
vn 0.698586 0.666552 0.260165
vn 0.580858 0.749438 0.317721
vn 0.880269 0.458786 0.121001
vn 0.799483 0.567792 0.196060
vn 0.975786 0.214542 -0.042594
vn 0.939849 0.338905 0.042758
vn 0.975786 -0.042269 -0.214606
vn 0.988216 0.085180 -0.127176
vn 0.859012 -0.215867 -0.464219
vn 0.917313 -0.100706 -0.385222
vn 0.681718 -0.418621 -0.600015
vn 0.780313 -0.324102 -0.534855
vn 0.437690 -0.565932 -0.698676
vn 0.566931 -0.501388 -0.653605
vn 0.150818 -0.643378 -0.750545
vn 0.298053 -0.615213 -0.729848
vn -0.150818 -0.643378 -0.750546
vn 0.000000 -0.654434 -0.756119
vn -0.437690 -0.565931 -0.698677
vn -0.298053 -0.615213 -0.729847
vn -0.681718 -0.418621 -0.600014
vn -0.566931 -0.501388 -0.653605
vn -0.859013 -0.215865 -0.464218
vn -0.780314 -0.324100 -0.534855
vn -0.952220 0.022487 -0.304583
vn -0.917313 -0.100706 -0.385221
vn -0.952218 0.273104 -0.136733
vn -0.964519 0.146928 -0.219352
vn -0.859005 0.511455 0.022901
vn -0.917311 0.394563 -0.053483
vn -0.681709 0.714205 0.158693
vn -0.780311 0.617956 0.096150
vn -0.437683 0.861512 0.257351
vn -0.566929 0.795242 0.214898
vn -0.150815 0.938956 0.309219
vn -0.298052 0.909067 0.291140
vn 0.150815 0.938956 0.309219
vn -0.000000 0.948288 0.317410
vn 0.437684 0.861513 0.257349
vn 0.298052 0.909067 0.291139
vn 0.681708 0.714206 0.158692
vn 0.566928 0.795244 0.214897
vn 0.859006 0.511453 0.022899
vn 0.780311 0.617956 0.096149
vn 0.952218 0.273104 -0.136733
vn 0.917311 0.394562 -0.053485
vn 0.952220 0.022491 -0.304583
vn 0.964518 0.146932 -0.219351
vn -0.000617 -0.555627 0.831432
vn -0.010660 0.560973 -0.827766
vn 0.002736 0.582542 -0.812796
vn 0.002593 0.582273 -0.812990
vn -0.010637 0.560957 -0.827777
vn -0.011811 0.558009 -0.829751
vn -0.007183 0.581958 -0.813187
vn -0.007225 0.581661 -0.813399
vn -0.011792 0.558002 -0.829756
vn -0.011811 0.554895 -0.831837
vn -0.016411 0.578858 -0.815263
vn -0.016337 0.578571 -0.815468
vn -0.011793 0.554898 -0.831835
vn -0.010656 0.551938 -0.833817
vn -0.024050 0.573547 -0.818819
vn -0.023862 0.573297 -0.819000
vn -0.010639 0.551951 -0.833809
vn -0.008457 0.549415 -0.835507
vn -0.029337 0.566537 -0.823514
vn -0.029066 0.566349 -0.823653
vn -0.008443 0.549436 -0.835493
vn -0.005429 0.547597 -0.836725
vn -0.031775 0.558516 -0.828885
vn -0.031441 0.558400 -0.828976
vn -0.005421 0.547613 -0.836714
vn -0.001871 0.546641 -0.837365
vn -0.031109 0.550251 -0.834419
vn -0.030745 0.550221 -0.834453
vn -0.001868 0.546652 -0.837358
vn 0.001872 0.546633 -0.837370
vn -0.027397 0.542542 -0.839582
vn -0.027039 0.542612 -0.839548
vn 0.001868 0.546653 -0.837358
vn 0.005436 0.547582 -0.836735
vn -0.020988 0.536148 -0.843863
vn -0.020678 0.536322 -0.843760
vn 0.005421 0.547608 -0.836717
vn 0.008458 0.549417 -0.835505
vn -0.012521 0.531737 -0.846817
vn -0.012280 0.531978 -0.846669
vn 0.008443 0.549436 -0.835493
vn 0.010663 0.551933 -0.833820
vn -0.002810 0.529716 -0.848171
vn -0.002667 0.530005 -0.847990
vn 0.010640 0.551947 -0.833811
vn 0.011814 0.554891 -0.831839
vn 0.007173 0.530294 -0.847784
vn 0.007210 0.530606 -0.847588
vn 0.011794 0.554898 -0.831835
vn 0.011818 0.558009 -0.829751
vn 0.016459 0.533421 -0.845690
vn 0.016377 0.533720 -0.845503
vn 0.011792 0.558004 -0.829755
vn 0.010656 0.560956 -0.827777
vn 0.024118 0.538774 -0.842105
vn 0.023932 0.539039 -0.841941
vn 0.010638 0.560954 -0.827779
vn 0.008452 0.563474 -0.826091
vn 0.029389 0.545834 -0.837378
vn 0.029126 0.546041 -0.837252
vn 0.008441 0.563465 -0.826097
vn 0.005430 0.565300 -0.824868
vn 0.031792 0.553898 -0.831978
vn 0.031454 0.554023 -0.831907
vn 0.005418 0.565285 -0.824878
vn 0.001872 0.566271 -0.824217
vn 0.031063 0.562183 -0.826429
vn 0.030700 0.562212 -0.826423
vn 0.001868 0.566246 -0.824234
vn -0.001873 0.566270 -0.824218
vn 0.027293 0.569861 -0.821288
vn 0.026938 0.569795 -0.821345
vn -0.001867 0.566246 -0.824234
vn -0.005432 0.565307 -0.824863
vn 0.020861 0.576188 -0.817051
vn 0.020548 0.576038 -0.817164
vn -0.005419 0.565290 -0.824875
vn -0.008467 0.563475 -0.826090
vn 0.012391 0.580545 -0.814134
vn 0.012160 0.580331 -0.814290
vn -0.008441 0.563462 -0.826099
vn -0.001865 0.566238 -0.824240
vn 0.026744 0.569765 -0.821373
vn 0.001865 0.566236 -0.824241
vn 0.030502 0.562231 -0.826417
vn 0.005413 0.565283 -0.824879
vn 0.031274 0.554097 -0.831864
vn 0.008431 0.563460 -0.826100
vn 0.028979 0.546154 -0.837183
vn 0.010626 0.560951 -0.827781
vn 0.023830 0.539187 -0.841849
vn 0.011781 0.558005 -0.829754
vn 0.016334 0.533888 -0.845398
vn 0.011783 0.554905 -0.831830
vn 0.007231 0.530774 -0.847483
vn 0.010630 0.551956 -0.833806
vn -0.002588 0.530162 -0.847893
vn 0.008438 0.549446 -0.835487
vn -0.012146 0.532106 -0.846590
vn 0.005417 0.547621 -0.836709
vn -0.020507 0.536414 -0.843706
vn 0.001867 0.546660 -0.837353
vn -0.026845 0.542649 -0.839531
vn -0.001867 0.546659 -0.837353
vn -0.030548 0.550204 -0.834471
vn -0.005419 0.547620 -0.836710
vn -0.031260 0.558334 -0.829027
vn -0.008438 0.549444 -0.835488
vn -0.028921 0.566238 -0.823734
vn -0.010630 0.551955 -0.833806
vn -0.023762 0.573155 -0.819102
vn -0.011784 0.554906 -0.831830
vn -0.016298 0.578416 -0.815579
vn -0.011783 0.558008 -0.829752
vn -0.007248 0.581503 -0.813512
vn -0.010626 0.560949 -0.827782
vn 0.002512 0.582121 -0.813098
vn -0.008430 0.563460 -0.826100
vn 0.012029 0.580217 -0.814373
vn -0.005413 0.565281 -0.824881
vn 0.020377 0.575958 -0.817226
vn 0.020504 0.536411 -0.843708
vn 0.020678 0.536326 -0.843758
vn 0.020996 0.536167 -0.843851
vn 0.012146 0.532108 -0.846589
vn 0.012280 0.531978 -0.846669
vn 0.012522 0.531734 -0.846819
vn 0.002587 0.530166 -0.847890
vn 0.002668 0.530012 -0.847986
vn 0.002821 0.529725 -0.848165
vn -0.007231 0.530775 -0.847482
vn -0.007210 0.530603 -0.847590
vn -0.007172 0.530298 -0.847781
vn -0.016337 0.533890 -0.845396
vn -0.016377 0.533718 -0.845504
vn -0.016457 0.533422 -0.845689
vn -0.023831 0.539181 -0.841853
vn -0.023931 0.539042 -0.841939
vn -0.024122 0.538792 -0.842093
vn -0.028976 0.546151 -0.837186
vn -0.029126 0.546037 -0.837255
vn -0.029411 0.545836 -0.837376
vn -0.031275 0.554097 -0.831864
vn -0.031457 0.554028 -0.831904
vn -0.031793 0.553901 -0.831975
vn -0.030502 0.562231 -0.826417
vn -0.030700 0.562211 -0.826424
vn -0.031063 0.562181 -0.826430
vn -0.026745 0.569761 -0.821375
vn -0.026938 0.569793 -0.821346
vn -0.027293 0.569862 -0.821287
vn -0.020376 0.575962 -0.817223
vn -0.020549 0.576035 -0.817167
vn -0.020862 0.576178 -0.817058
vn -0.012029 0.580213 -0.814376
vn -0.012159 0.580334 -0.814288
vn -0.012401 0.580544 -0.814134
vn -0.002511 0.582118 -0.813101
vn -0.002591 0.582270 -0.812991
vn -0.002742 0.582529 -0.812805
vn 0.026845 0.542648 -0.839531
vn 0.027039 0.542611 -0.839549
vn 0.027397 0.542546 -0.839579
vn 0.030548 0.550206 -0.834470
vn 0.030745 0.550221 -0.834453
vn 0.031109 0.550241 -0.834426
vn 0.031260 0.558333 -0.829028
vn 0.031441 0.558395 -0.828979
vn 0.031780 0.558503 -0.828893
vn 0.028920 0.566243 -0.823731
vn 0.029066 0.566349 -0.823653
vn 0.029336 0.566537 -0.823514
vn 0.023762 0.573159 -0.819099
vn 0.023863 0.573296 -0.819001
vn 0.024052 0.573545 -0.818821
vn 0.016297 0.578415 -0.815580
vn 0.016338 0.578568 -0.815470
vn 0.016416 0.578853 -0.815266
vn 0.007246 0.581501 -0.813514
vn 0.007225 0.581663 -0.813398
vn 0.007195 0.581959 -0.813186
vn -0.150340 0.590213 -0.793124
vn -0.306115 0.609508 -0.731296
vn -0.265777 0.643664 -0.717676
vn -0.126161 0.604294 -0.786710
vn -0.127595 0.626675 -0.768764
vn -0.260371 0.684050 -0.681383
vn -0.210958 0.706417 -0.675627
vn -0.100179 0.634117 -0.766720
vn -0.092536 0.655494 -0.749510
vn -0.189154 0.743195 -0.641781
vn -0.135461 0.752023 -0.645067
vn -0.064345 0.655807 -0.752182
vn -0.048593 0.673942 -0.737185
vn -0.099439 0.781162 -0.616359
vn -0.046679 0.776004 -0.628998
vn -0.022177 0.667216 -0.744534
vn 0.000000 0.680287 -0.732946
vn 0.000000 0.794244 -0.607599
vn 0.046680 0.776004 -0.628999
vn 0.022177 0.667213 -0.744537
vn 0.048593 0.673940 -0.737186
vn 0.099439 0.781161 -0.616359
vn 0.135460 0.752023 -0.645067
vn 0.064345 0.655807 -0.752182
vn 0.092536 0.655494 -0.749510
vn 0.189155 0.743194 -0.641782
vn 0.210959 0.706417 -0.675627
vn 0.100180 0.634118 -0.766719
vn 0.127595 0.626675 -0.768764
vn 0.260370 0.684050 -0.681383
vn 0.265776 0.643665 -0.717676
vn 0.126160 0.604295 -0.786709
vn 0.150339 0.590214 -0.793124
vn 0.306115 0.609509 -0.731295
vn 0.294556 0.569922 -0.767089
vn 0.139755 0.569277 -0.810181
vn 0.158476 0.549602 -0.820258
vn 0.321905 0.526862 -0.786635
vn 0.294492 0.492418 -0.819023
vn 0.139650 0.532513 -0.834822
vn 0.151103 0.508782 -0.847531
vn 0.306184 0.444196 -0.841987
vn 0.265610 0.418737 -0.868395
vn 0.125887 0.497595 -0.858226
vn 0.128829 0.471782 -0.872253
vn 0.260482 0.369607 -0.891931
vn 0.210754 0.356085 -0.910377
vn 0.099843 0.467937 -0.878104
vn 0.093770 0.442298 -0.891953
vn 0.189267 0.310401 -0.931574
vn 0.135294 0.310578 -0.940870
vn 0.064070 0.446414 -0.892530
vn 0.049355 0.423313 -0.904638
vn 0.099508 0.272385 -0.957029
vn 0.046616 0.286659 -0.956898
vn 0.022073 0.435106 -0.900109
vn 0.000000 0.416759 -0.909017
vn -0.000000 0.259285 -0.965801
vn -0.046616 0.286660 -0.956898
vn -0.022073 0.435105 -0.900109
vn -0.049356 0.423310 -0.904639
vn -0.099508 0.272384 -0.957029
vn -0.135293 0.310579 -0.940870
vn -0.064071 0.446413 -0.892530
vn -0.093770 0.442298 -0.891953
vn -0.189266 0.310402 -0.931573
vn -0.210754 0.356085 -0.910377
vn -0.099843 0.467936 -0.878104
vn -0.128829 0.471782 -0.872253
vn -0.260483 0.369607 -0.891930
vn -0.265610 0.418737 -0.868396
vn -0.125887 0.497596 -0.858226
vn -0.151102 0.508783 -0.847531
vn -0.306184 0.444196 -0.841986
vn -0.294492 0.492417 -0.819024
vn -0.139650 0.532512 -0.834822
vn -0.158476 0.549600 -0.820259
vn -0.321905 0.526862 -0.786635
vn -0.294556 0.569922 -0.767089
vn -0.139755 0.569276 -0.810181
vn -0.427513 0.612503 -0.664886
vn -0.388049 0.665217 -0.637891
vn -0.363655 0.716617 -0.595160
vn -0.307969 0.756814 -0.576531
vn -0.264205 0.799238 -0.539829
vn -0.197735 0.823367 -0.531948
vn -0.138899 0.852281 -0.504306
vn -0.068136 0.858358 -0.508507
vn 0.000000 0.870558 -0.492065
vn 0.068136 0.858358 -0.508507
vn 0.138899 0.852281 -0.504305
vn 0.197735 0.823367 -0.531947
vn 0.264206 0.799237 -0.539829
vn 0.307970 0.756814 -0.576531
vn 0.363654 0.716617 -0.595160
vn 0.388048 0.665218 -0.637890
vn 0.427512 0.612504 -0.664885
vn 0.430133 0.557549 -0.710017
vn 0.449525 0.497088 -0.742180
vn 0.430111 0.444352 -0.785847
vn 0.427535 0.381666 -0.819478
vn 0.387989 0.336705 -0.857959
vn 0.363691 0.277537 -0.889214
vn 0.307898 0.245145 -0.919295
vn 0.264242 0.194897 -0.944559
vn 0.197676 0.178627 -0.963855
vn 0.138922 0.141837 -0.980093
vn 0.068113 0.143658 -0.987281
vn -0.000000 0.123554 -0.992338
vn -0.068114 0.143658 -0.987281
vn -0.138922 0.141837 -0.980093
vn -0.197675 0.178627 -0.963855
vn -0.264242 0.194897 -0.944559
vn -0.307898 0.245146 -0.919295
vn -0.363692 0.277538 -0.889214
vn -0.387989 0.336706 -0.857959
vn -0.427535 0.381668 -0.819477
vn -0.430112 0.444352 -0.785847
vn -0.449525 0.497088 -0.742179
vn -0.430133 0.557550 -0.710017
vn -0.546391 0.602986 -0.581261
vn -0.504392 0.672268 -0.541890
vn -0.464788 0.736053 -0.492137
vn -0.400290 0.791320 -0.462148
vn -0.337688 0.841655 -0.421408
vn -0.257003 0.877817 -0.404212
vn -0.177533 0.909455 -0.375997
vn -0.088558 0.923291 -0.373753
vn 0.000000 0.932817 -0.360349
vn 0.088558 0.923291 -0.373752
vn 0.177533 0.909455 -0.375997
vn 0.257004 0.877817 -0.404212
vn 0.337688 0.841655 -0.421407
vn 0.400290 0.791320 -0.462148
vn 0.464787 0.736053 -0.492137
vn 0.504391 0.672268 -0.541890
vn 0.546391 0.602987 -0.581261
vn 0.559118 0.532317 -0.635630
vn 0.574510 0.455482 -0.680055
vn 0.559114 0.385166 -0.734193
vn 0.546391 0.307977 -0.778850
vn 0.504379 0.245218 -0.827931
vn 0.464787 0.174911 -0.867974
vn 0.400275 0.126176 -0.907667
vn 0.337688 0.069309 -0.938703
vn 0.256991 0.039686 -0.965599
vn 0.177533 0.001509 -0.984114
vn 0.088553 -0.005784 -0.996055
vn -0.000000 -0.021853 -0.999761
vn -0.088553 -0.005784 -0.996055
vn -0.177533 0.001509 -0.984114
vn -0.256991 0.039686 -0.965599
vn -0.337688 0.069310 -0.938703
vn -0.400276 0.126176 -0.907667
vn -0.464788 0.174911 -0.867974
vn -0.504380 0.245219 -0.827930
vn -0.546392 0.307979 -0.778849
vn -0.559114 0.385165 -0.734193
vn -0.574510 0.455482 -0.680055
vn -0.559118 0.532316 -0.635631
vn -0.657140 0.579684 -0.481803
vn -0.611360 0.663642 -0.431067
vn -0.559001 0.739721 -0.374608
vn -0.485178 0.807939 -0.334421
vn -0.406139 0.866729 -0.289537
vn -0.311502 0.912778 -0.264203
vn -0.213521 0.948273 -0.234918
vn -0.107336 0.967894 -0.227288
vn 0.000000 0.976372 -0.216097
vn 0.107336 0.967894 -0.227288
vn 0.213521 0.948274 -0.234918
vn 0.311503 0.912777 -0.264204
vn 0.406139 0.866729 -0.289537
vn 0.485177 0.807939 -0.334421
vn 0.559001 0.739721 -0.374607
vn 0.611361 0.663641 -0.431067
vn 0.657141 0.579684 -0.481801
vn 0.677702 0.494007 -0.544681
vn 0.690953 0.402285 -0.600625
vn 0.677704 0.315642 -0.664144
vn 0.657132 0.224886 -0.719447
vn 0.611368 0.146005 -0.777761
vn 0.558986 0.064856 -0.826637
vn 0.485186 0.001703 -0.874409
vn 0.406125 -0.062144 -0.911702
vn 0.311509 -0.103139 -0.944629
vn 0.213512 -0.143681 -0.966317
vn 0.107339 -0.158258 -0.981546
vn -0.000000 -0.171777 -0.985136
vn -0.107339 -0.158258 -0.981546
vn -0.213512 -0.143681 -0.966317
vn -0.311509 -0.103140 -0.944629
vn -0.406125 -0.062144 -0.911702
vn -0.485186 0.001702 -0.874409
vn -0.558985 0.064855 -0.826637
vn -0.611368 0.146006 -0.777761
vn -0.657131 0.224888 -0.719447
vn -0.677704 0.315642 -0.664145
vn -0.690953 0.402285 -0.600626
vn -0.677700 0.494007 -0.544683
vn -0.755503 0.541978 -0.368070
vn -0.705588 0.638527 -0.307294
vn -0.642673 0.725968 -0.244829
vn -0.559956 0.805065 -0.195754
vn -0.466932 0.871986 -0.147022
vn -0.359512 0.926062 -0.114717
vn -0.245481 0.965735 -0.084227
vn -0.123879 0.989674 -0.072113
vn 0.000000 0.998039 -0.062589
vn 0.123879 0.989673 -0.072113
vn 0.245481 0.965735 -0.084227
vn 0.359512 0.926062 -0.114717
vn 0.466932 0.871985 -0.147023
vn 0.559956 0.805065 -0.195755
vn 0.642674 0.725968 -0.244828
vn 0.705589 0.638526 -0.307293
vn 0.755503 0.541978 -0.368069
vn 0.782156 0.442745 -0.438417
vn 0.794378 0.338025 -0.504681
vn 0.782160 0.236887 -0.576290
vn 0.755493 0.134075 -0.641291
vn 0.705601 0.041101 -0.707416
vn 0.642657 -0.049909 -0.764527
vn 0.559971 -0.125446 -0.818960
vn 0.466915 -0.195917 -0.862327
vn 0.359525 -0.246449 -0.900003
vn 0.245471 -0.289659 -0.925117
vn 0.123884 -0.310065 -0.942609
vn 0.000000 -0.321960 -0.946753
vn -0.123884 -0.310066 -0.942609
vn -0.245472 -0.289659 -0.925117
vn -0.359525 -0.246449 -0.900003
vn -0.466915 -0.195917 -0.862326
vn -0.559971 -0.125445 -0.818961
vn -0.642656 -0.049909 -0.764527
vn -0.705601 0.041101 -0.707416
vn -0.755493 0.134076 -0.641291
vn -0.782160 0.236888 -0.576291
vn -0.794377 0.338025 -0.504682
vn -0.782155 0.442744 -0.438419
vn -0.837484 0.489804 -0.242305
vn -0.783653 0.596571 -0.173179
vn -0.712409 0.693760 -0.105691
vn -0.621908 0.781537 -0.049299
vn -0.517597 0.855620 0.002726
vn -0.399288 0.915921 0.040703
vn -0.272117 0.959542 0.072335
vn -0.137585 0.986571 0.088021
vn 0.000000 0.995350 0.096321
vn 0.137585 0.986571 0.088021
vn 0.272118 0.959541 0.072335
vn 0.399289 0.915921 0.040704
vn 0.517598 0.855620 0.002726
vn 0.621909 0.781536 -0.049300
vn 0.712410 0.693759 -0.105692
vn 0.783652 0.596572 -0.173178
vn 0.837484 0.489805 -0.242305
vn 0.868689 0.379129 -0.318809
vn 0.880579 0.263721 -0.393741
vn 0.868694 0.150497 -0.471935
vn 0.837477 0.037640 -0.545175
vn 0.783662 -0.066950 -0.617569
vn 0.712397 -0.166310 -0.681786
vn 0.621921 -0.251920 -0.741452
vn 0.517585 -0.328163 -0.790199
vn 0.399299 -0.386311 -0.831459
vn 0.272110 -0.432080 -0.859804
vn 0.137589 -0.456965 -0.878779
vn 0.000000 -0.467887 -0.883789
vn -0.137589 -0.456965 -0.878779
vn -0.272110 -0.432079 -0.859805
vn -0.399299 -0.386311 -0.831459
vn -0.517585 -0.328164 -0.790199
vn -0.621921 -0.251920 -0.741452
vn -0.712397 -0.166310 -0.681786
vn -0.783663 -0.066950 -0.617568
vn -0.837477 0.037640 -0.545175
vn -0.868693 0.150498 -0.471935
vn -0.880579 0.263720 -0.393742
vn -0.868690 0.379127 -0.318811
vn -0.899338 0.423799 -0.107642
vn -0.842277 0.538084 -0.032179
vn -0.765022 0.642818 0.039060
vn -0.668433 0.736887 0.100970
vn -0.555822 0.816631 0.155483
vn -0.429160 0.881325 0.197707
vn -0.292214 0.928227 0.230231
vn -0.147879 0.957260 0.248565
vn 0.000000 0.966680 0.255987
vn 0.147878 0.957260 0.248565
vn 0.292214 0.928227 0.230231
vn 0.429161 0.881325 0.197708
vn 0.555823 0.816631 0.155483
vn 0.668434 0.736886 0.100969
vn 0.765024 0.642817 0.039059
vn 0.842277 0.538084 -0.032179
vn 0.899337 0.423799 -0.107642
vn 0.933673 0.304376 -0.188705
vn 0.945617 0.181017 -0.270261
vn 0.933675 0.058641 -0.353287
vn 0.899334 -0.061763 -0.432879
vn 0.842282 -0.175070 -0.509816
vn 0.765017 -0.280778 -0.579580
vn 0.668440 -0.373875 -0.642966
vn 0.555817 -0.454590 -0.696000
vn 0.429165 -0.518317 -0.739706
vn 0.292210 -0.566182 -0.770747
vn 0.147880 -0.594254 -0.790565
vn 0.000000 -0.604635 -0.796503
vn -0.147881 -0.594254 -0.790565
vn -0.292210 -0.566182 -0.770747
vn -0.429165 -0.518317 -0.739706
vn -0.555817 -0.454588 -0.696000
vn -0.668440 -0.373874 -0.642966
vn -0.765017 -0.280779 -0.579579
vn -0.842282 -0.175069 -0.509815
vn -0.899334 -0.061763 -0.432879
vn -0.933676 0.058640 -0.353286
vn -0.945618 0.181014 -0.270260
vn -0.933674 0.304373 -0.188705
vn -0.937905 0.345422 0.031896
vn -0.878688 0.464201 0.111465
vn -0.797830 0.573833 0.184887
vn -0.697329 0.671599 0.250372
vn -0.579657 0.755101 0.306300
vn -0.447713 0.822281 0.351294
vn -0.304744 0.871482 0.384252
vn -0.154272 0.901499 0.404352
vn 0.000000 0.911584 0.411113
vn 0.154272 0.901498 0.404352
vn 0.304745 0.871482 0.384253
vn 0.447714 0.822280 0.351294
vn 0.579658 0.755101 0.306300
vn 0.697330 0.671599 0.250372
vn 0.797830 0.573833 0.184886
vn 0.878688 0.464202 0.111465
vn 0.937905 0.345421 0.031897
vn 0.974033 0.220393 -0.051830
vn 0.986172 0.092227 -0.137694
vn 0.974034 -0.035963 -0.223529
vn 0.937905 -0.160968 -0.307284
vn 0.878689 -0.279773 -0.386825
vn 0.797829 -0.389379 -0.460274
vn 0.697331 -0.487170 -0.525733
vn 0.579657 -0.570647 -0.581688
vn 0.447714 -0.637852 -0.626655
vn 0.304744 -0.687028 -0.659639
vn 0.154272 -0.717071 -0.679712
vn -0.000000 -0.727130 -0.686500
vn -0.154272 -0.717071 -0.679713
vn -0.304744 -0.687028 -0.659638
vn -0.447714 -0.637853 -0.626654
vn -0.579658 -0.570646 -0.581688
vn -0.697332 -0.487169 -0.525732
vn -0.797829 -0.389379 -0.460275
vn -0.878689 -0.279772 -0.386825
vn -0.937905 -0.160968 -0.307285
vn -0.974034 -0.035962 -0.223529
vn -0.986172 0.092224 -0.137694
vn -0.974034 0.220390 -0.051831
vn -0.951056 0.256978 0.171622
vn -0.891007 0.376969 0.252984
vn -0.809016 0.488593 0.326755
vn -0.707107 0.587273 0.393841
vn -0.587784 0.672406 0.449868
vn -0.453991 0.740066 0.496180
vn -0.309017 0.790419 0.528911
vn -0.156434 0.820395 0.549983
vn 0.000001 0.831083 0.556149
vn 0.156435 0.820394 0.549983
vn 0.309017 0.790418 0.528912
vn 0.453991 0.740066 0.496180
vn 0.587785 0.672405 0.449868
vn 0.707107 0.587273 0.393841
vn 0.809016 0.488594 0.326754
vn 0.891007 0.376970 0.252984
vn 0.951056 0.256979 0.171622
vn 0.987688 0.129744 0.087396
vn 1.000000 0.000232 -0.000343
vn 0.987688 -0.130204 -0.086713
vn 0.951057 -0.256516 -0.172308
vn 0.891006 -0.377429 -0.252300
vn 0.809018 -0.488132 -0.327441
vn 0.707106 -0.587732 -0.393158
vn 0.587786 -0.671944 -0.450555
vn 0.453990 -0.740525 -0.495496
vn 0.309018 -0.789958 -0.529599
vn 0.156434 -0.820853 -0.549299
vn -0.000000 -0.830623 -0.556836
vn -0.156435 -0.820853 -0.549299
vn -0.309018 -0.789958 -0.529598
vn -0.453990 -0.740525 -0.495496
vn -0.587786 -0.671943 -0.450556
vn -0.707107 -0.587731 -0.393157
vn -0.809017 -0.488133 -0.327441
vn -0.891006 -0.377429 -0.252301
vn -0.951057 -0.256516 -0.172308
vn -0.987689 -0.130202 -0.086712
vn -1.000000 0.000231 -0.000344
vn -0.987689 0.129742 0.087395
vn -0.938040 0.161481 0.306602
vn -0.878562 0.279243 0.387495
vn -0.797944 0.389928 0.459610
vn -0.697230 0.486607 0.526388
vn -0.579740 0.571225 0.581036
vn -0.447649 0.637264 0.627299
vn -0.304788 0.687624 0.658997
vn -0.154249 0.716470 0.680351
vn 0.000001 0.727733 0.685860
vn 0.154249 0.716470 0.680351
vn 0.304788 0.687625 0.658997
vn 0.447649 0.637265 0.627299
vn 0.579741 0.571225 0.581036
vn 0.697230 0.486607 0.526388
vn 0.797945 0.389927 0.459610
vn 0.878561 0.279244 0.387496
vn 0.938040 0.161481 0.306602
vn 0.973893 0.035473 0.224218
vn 0.986313 -0.091755 0.136994
vn 0.973894 -0.220841 0.052538
vn 0.938040 -0.344990 -0.032615
vn 0.878563 -0.464612 -0.110740
vn 0.797944 -0.573438 -0.185621
vn 0.697231 -0.671976 -0.249633
vn 0.579739 -0.754734 -0.307048
vn 0.447650 -0.822635 -0.350545
vn 0.304788 -0.871133 -0.385009
vn 0.154250 -0.901841 -0.403597
vn -0.000000 -0.911242 -0.411872
vn -0.154250 -0.901841 -0.403597
vn -0.304788 -0.871133 -0.385008
vn -0.447650 -0.822635 -0.350545
vn -0.579741 -0.754733 -0.307048
vn -0.697232 -0.671975 -0.249633
vn -0.797943 -0.573438 -0.185622
vn -0.878563 -0.464612 -0.110740
vn -0.938040 -0.344990 -0.032614
vn -0.973893 -0.220842 0.052538
vn -0.986313 -0.091757 0.136993
vn -0.973894 0.035472 0.224217
vn -0.949510 0.288080 0.124262
vn -0.889012 0.413573 0.196506
vn -0.807706 0.519283 0.279208
vn -0.705519 0.623443 0.336989
vn -0.586836 0.702768 0.402171
vn -0.452970 0.775917 0.439056
vn -0.308520 0.820572 0.481121
vn -0.156083 0.856077 0.492718
vn 0.000000 0.861165 0.508326
vn 0.156083 0.856077 0.492717
vn 0.308519 0.820572 0.481121
vn 0.452971 0.775916 0.439057
vn 0.586837 0.702766 0.402172
vn 0.705521 0.623441 0.336989
vn 0.807707 0.519282 0.279207
vn 0.889011 0.413575 0.196506
vn 0.949510 0.288080 0.124264
vn 0.985482 0.166859 0.031354
vn 0.998366 0.031796 -0.047490
vn 0.985487 -0.092553 -0.142298
vn 0.949495 -0.224484 -0.219240
vn 0.889025 -0.339274 -0.307453
vn 0.807683 -0.455675 -0.374177
vn 0.705537 -0.549147 -0.447944
vn 0.586812 -0.639147 -0.497135
vn 0.452984 -0.701631 -0.550017
vn 0.308505 -0.756942 -0.576076
vn 0.156088 -0.781797 -0.603680
vn -0.000000 -0.797531 -0.603278
vn -0.156089 -0.781797 -0.603680
vn -0.308505 -0.756942 -0.576076
vn -0.452984 -0.701632 -0.550016
vn -0.586813 -0.639147 -0.497133
vn -0.705537 -0.549148 -0.447944
vn -0.807682 -0.455676 -0.374177
vn -0.889026 -0.339274 -0.307452
vn -0.949495 -0.224483 -0.219241
vn -0.985487 -0.092552 -0.142301
vn -0.998365 0.031794 -0.047493
vn -0.985482 0.166859 0.031351
vn -0.000000 0.556492 -0.830853
vn 0.948152 -0.212514 -0.236316
vn 0.888300 -0.332720 -0.316575
vn 0.878286 -0.278118 -0.388926
vn 0.937814 -0.160632 -0.307739
vn 0.806546 -0.443424 -0.390972
vn 0.704959 -0.542381 -0.457008
vn 0.697012 -0.485416 -0.527774
vn 0.797752 -0.389021 -0.460711
vn 0.585990 -0.626675 -0.513706
vn 0.452611 -0.694709 -0.559037
vn 0.447509 -0.636029 -0.628652
vn 0.579601 -0.570273 -0.582110
vn 0.308073 -0.744330 -0.592507
vn 0.155960 -0.774791 -0.612679
vn 0.154201 -0.715209 -0.681687
vn 0.304714 -0.686644 -0.660052
vn 0.000000 -0.784870 -0.619660
vn -0.155959 -0.774791 -0.612679
vn -0.154201 -0.715209 -0.681687
vn -0.000000 -0.726743 -0.686910
vn -0.308073 -0.744328 -0.592508
vn -0.452612 -0.694708 -0.559039
vn -0.447509 -0.636028 -0.628652
vn -0.304714 -0.686644 -0.660053
vn -0.585990 -0.626675 -0.513707
vn -0.704959 -0.542380 -0.457008
vn -0.697012 -0.485416 -0.527774
vn -0.579601 -0.570273 -0.582110
vn -0.806546 -0.443423 -0.390972
vn -0.888301 -0.332718 -0.316576
vn -0.878287 -0.278116 -0.388926
vn -0.797752 -0.389021 -0.460711
vn -0.948152 -0.212511 -0.236319
vn -0.984689 -0.086245 -0.151488
vn -0.973588 -0.034421 -0.225702
vn -0.937814 -0.160629 -0.307740
vn -0.996946 0.043455 -0.064883
vn -0.984690 0.172910 0.022096
vn -0.973588 0.221815 -0.054077
vn -0.986075 0.092543 -0.138170
vn -0.948153 0.299421 0.106553
vn -0.888302 0.419382 0.187187
vn -0.878286 0.465510 0.109148
vn -0.937813 0.345717 0.031399
vn -0.806547 0.530332 0.261210
vn -0.704961 0.629043 0.327620
vn -0.697012 0.672809 0.247996
vn -0.797751 0.574108 0.184372
vn -0.585992 0.713583 0.383944
vn -0.452613 0.781372 0.429650
vn -0.447509 0.823421 0.348874
vn -0.579601 0.755359 0.305770
vn -0.308073 0.831239 0.462745
vn -0.155960 0.861455 0.483292
vn -0.154201 0.902602 0.401910
vn -0.304714 0.871731 0.383712
vn 0.000000 0.871779 0.489899
vn 0.155960 0.861455 0.483292
vn 0.154202 0.902602 0.401910
vn 0.000000 0.911829 0.410570
vn 0.308074 0.831239 0.462745
vn 0.452613 0.781372 0.429651
vn 0.447510 0.823421 0.348874
vn 0.304714 0.871731 0.383713
vn 0.585991 0.713583 0.383945
vn 0.704960 0.629044 0.327620
vn 0.697012 0.672808 0.247997
vn 0.579601 0.755359 0.305770
vn 0.806547 0.530331 0.261210
vn 0.888302 0.419381 0.187186
vn 0.878287 0.465509 0.109147
vn 0.797752 0.574107 0.184372
vn 0.948153 0.299418 0.106555
vn 0.984690 0.172908 0.022099
vn 0.973588 0.221815 -0.054077
vn 0.937814 0.345716 0.031399
vn 0.996947 0.043453 -0.064879
vn 0.984690 -0.086249 -0.151483
vn 0.973589 -0.034424 -0.225699
vn 0.986076 0.092543 -0.138168
vn 0.782038 -0.064391 -0.619896
vn 0.840177 0.033960 -0.541248
vn 0.620656 -0.249035 -0.743483
vn 0.714667 -0.170592 -0.678343
vn 0.398498 -0.383197 -0.833282
vn 0.519218 -0.332912 -0.787135
vn 0.137316 -0.453733 -0.880495
vn 0.272963 -0.437123 -0.856980
vn -0.137316 -0.453733 -0.880494
vn -0.000000 -0.473030 -0.881046
vn -0.398498 -0.383197 -0.833282
vn -0.272963 -0.437123 -0.856980
vn -0.620656 -0.249034 -0.743484
vn -0.519218 -0.332911 -0.787136
vn -0.782038 -0.064390 -0.619896
vn -0.714666 -0.170591 -0.678344
vn -0.866850 0.152651 -0.474624
vn -0.840177 0.033962 -0.541247
vn -0.866803 0.380839 -0.321892
vn -0.883457 0.260728 -0.389261
vn -0.781914 0.597834 -0.176651
vn -0.840257 0.487519 -0.237262
vn -0.620503 0.782404 -0.053113
vn -0.714796 0.692128 -0.100126
vn -0.398375 0.916491 0.036636
vn -0.519347 0.854519 0.008712
vn -0.137268 0.986981 0.083816
vn -0.273043 0.958786 0.078594
vn 0.137269 0.986981 0.083816
vn -0.000000 0.994715 0.102674
vn 0.398375 0.916491 0.036634
vn 0.273043 0.958786 0.078594
vn 0.620503 0.782403 -0.053113
vn 0.519348 0.854518 0.008711
vn 0.781914 0.597833 -0.176654
vn 0.714797 0.692127 -0.100128
vn 0.866803 0.380840 -0.321892
vn 0.840256 0.487521 -0.237262
vn 0.866851 0.152650 -0.474623
vn 0.883457 0.260730 -0.389260
vn -0.185131 0.595830 -0.781481
vn -0.183635 0.622283 -0.760948
vn -0.194397 0.545881 -0.814999
vn -0.203813 0.571333 -0.795009
vn -0.184635 0.496067 -0.848426
vn -0.204078 0.517628 -0.830912
vn -0.156869 0.451241 -0.878507
vn -0.184331 0.466416 -0.865146
vn -0.113863 0.415747 -0.902324
vn -0.146439 0.422755 -0.894334
vn -0.059824 0.392992 -0.917594
vn -0.094091 0.390976 -0.915579
vn -0.000000 0.385158 -0.922851
vn -0.032435 0.374248 -0.926761
vn 0.059824 0.392994 -0.917593
vn 0.032435 0.374250 -0.926761
vn 0.113862 0.415747 -0.902325
vn 0.094092 0.390977 -0.915578
vn 0.156869 0.451242 -0.878506
vn 0.146439 0.422756 -0.894334
vn 0.184634 0.496066 -0.848427
vn 0.184331 0.466416 -0.865146
vn 0.194396 0.545880 -0.815000
vn 0.204079 0.517625 -0.830913
vn 0.185131 0.595829 -0.781482
vn 0.203813 0.571333 -0.795009
vn 0.157671 0.641004 -0.751168
vn 0.183634 0.622282 -0.760949
vn 0.114665 0.676931 -0.727060
vn 0.145578 0.665522 -0.732044
vn 0.060320 0.700035 -0.711556
vn 0.093396 0.696881 -0.711079
vn 0.000000 0.708003 -0.706209
vn 0.032169 0.713348 -0.700071
vn -0.060320 0.700035 -0.711556
vn -0.032169 0.713348 -0.700071
vn -0.114665 0.676932 -0.727059
vn -0.093395 0.696881 -0.711079
vn -0.157671 0.641004 -0.751169
vn -0.145578 0.665522 -0.732044
vn 0.031857 0.996471 -0.077664
vn -0.031857 0.996471 -0.077664
vn 0.060321 0.635774 -0.769515
vn -0.060320 0.635774 -0.769515
vn -0.079779 -0.850329 -0.520170
vn 0.079778 -0.850329 -0.520170
vn -0.049162 -0.896527 0.440253
vn -0.067277 -0.989154 0.130569
vn 0.067277 -0.989154 0.130569
vn 0.049162 -0.896527 0.440253
vn 0.004738 -0.026941 0.999626
vn -0.004738 -0.026940 0.999626
vn 0.060005 0.987244 0.147473
vn -0.060005 0.987244 0.147474
vn 0.065232 0.984987 -0.159830
vn -0.065232 0.984987 -0.159830
vn 0.075224 0.993433 0.086213
vn -0.075224 0.993433 0.086213
vn 0.081886 -0.975731 -0.203084
vn -0.081886 -0.975731 -0.203084
vn -0.112669 0.983527 -0.141348
vn -0.088261 0.995882 0.020726
vn -0.996043 -0.086406 0.020809
vn -0.997828 -0.026491 0.060311
vn -0.359422 -0.928411 -0.094178
vn -0.377640 -0.916802 0.129853
vn 0.377640 -0.916802 0.129853
vn 0.359421 -0.928411 -0.094178
vn 0.997828 -0.026489 0.060311
vn 0.996043 -0.086406 0.020809
vn 0.112669 0.983527 -0.141349
vn 0.088261 0.995882 0.020726
vn -0.996280 0.043060 0.074652
vn -0.832609 0.017312 0.553590
vn 0.051169 0.987753 -0.147393
vn -0.128644 0.972224 -0.195530
vn -0.502678 0.018132 0.864283
vn 0.104894 0.991191 -0.080853
vn -0.010018 0.043820 0.998989
vn 0.170782 0.973835 0.149927
vn 0.010017 0.043820 0.998989
vn 0.502677 0.018130 0.864284
vn -0.104894 0.991191 -0.080853
vn -0.170782 0.973835 0.149927
vn 0.832606 0.017310 0.553594
vn -0.051169 0.987754 -0.147393
vn 0.996279 0.043064 0.074652
vn 0.128644 0.972224 -0.195530
vn -0.060743 0.969619 0.236958
vn 0.114273 0.974931 0.190924
vn -0.893456 0.225282 -0.388566
vn -0.991513 -0.107255 -0.073473
vn 0.125239 0.976594 0.174872
vn -0.635082 0.398178 -0.661910
vn 0.132274 0.990748 -0.030356
vn -0.130843 0.658618 -0.741015
vn -0.132274 0.990748 -0.030357
vn -0.125240 0.976593 0.174873
vn 0.635083 0.398178 -0.661909
vn 0.130843 0.658618 -0.741015
vn -0.114271 0.974931 0.190924
vn 0.893458 0.225280 -0.388564
vn 0.060742 0.969619 0.236957
vn 0.991513 -0.107256 -0.073473
vn -0.412146 -0.888996 0.199552
vn -0.151958 -0.877084 0.455666
vn 0.412146 -0.888997 0.199551
vn -0.263664 -0.815457 -0.515278
vn 0.263664 -0.815457 -0.515277
vn 0.151958 -0.877084 0.455667
vn -0.359230 -0.855708 -0.372448
vn 0.359229 -0.855709 -0.372448
vn -0.212496 -0.933627 0.288419
vn 0.249080 -0.936451 0.247018
vn -0.279388 -0.872518 -0.400817
vn 0.258588 -0.869647 -0.420532
vn -0.249080 -0.936452 0.247017
vn 0.212497 -0.933627 0.288419
vn -0.258587 -0.869647 -0.420532
vn 0.279389 -0.872518 -0.400817
vn 0.031857 0.181449 -0.982884
vn -0.031857 0.181448 -0.982884
vn 0.060321 -0.579935 -0.812427
vn -0.060320 -0.579935 -0.812427
vn -0.079778 -0.721520 0.687782
vn 0.079778 -0.721520 0.687782
vn -0.049162 0.194648 0.979640
vn -0.067277 -0.128443 0.989432
vn 0.067277 -0.128443 0.989432
vn 0.049162 0.194648 0.979640
vn 0.004738 0.959008 0.283340
vn -0.004738 0.959008 0.283341
vn 0.060005 0.396625 -0.916017
vn -0.060005 0.396625 -0.916017
vn 0.065232 0.099095 -0.992938
vn -0.065232 0.099095 -0.992938
vn 0.075224 0.339022 -0.937766
vn -0.075224 0.339022 -0.937766
vn 0.081886 -0.447398 0.890578
vn -0.081886 -0.447398 0.890578
vn -0.112669 0.116578 -0.986770
vn -0.088261 0.276372 -0.956989
vn -0.996043 -0.002133 0.088850
vn -0.997828 0.051460 0.041122
vn -0.359422 -0.329982 0.872885
vn -0.377640 -0.110512 0.919334
vn 0.377640 -0.110511 0.919334
vn 0.359422 -0.329982 0.872885
vn 0.997828 0.051461 0.041121
vn 0.996043 -0.002134 0.088850
vn 0.112669 0.116579 -0.986770
vn 0.088261 0.276372 -0.956989
vn -0.996280 0.083220 -0.022394
vn -0.832607 0.539396 0.125768
vn 0.051171 0.111825 -0.992410
vn -0.128646 0.061313 -0.989793
vn -0.502680 0.839827 0.204949
vn 0.104894 0.177007 -0.978604
vn -0.010017 0.976607 0.214800
vn 0.170782 0.395545 -0.902429
vn 0.010017 0.976607 0.214800
vn 0.502674 0.839829 0.204953
vn -0.104895 0.177008 -0.978604
vn -0.170782 0.395545 -0.902429
vn 0.832606 0.539397 0.125772
vn -0.051170 0.111825 -0.992410
vn 0.996280 0.083220 -0.022395
vn 0.128644 0.061313 -0.989794
vn -0.060743 0.478557 -0.875953
vn 0.114273 0.435442 -0.892934
vn -0.893458 -0.317485 -0.317706
vn -0.991513 -0.098606 0.084729
vn 0.125239 0.420359 -0.898673
vn -0.635083 -0.537114 -0.555138
vn 0.132274 0.225689 -0.965178
vn -0.130843 -0.546515 -0.827165
vn -0.132274 0.225688 -0.965178
vn -0.125240 0.420359 -0.898673
vn 0.635083 -0.537114 -0.555138
vn 0.130843 -0.546516 -0.827164
vn -0.114271 0.435443 -0.892934
vn 0.893459 -0.317483 -0.317705
vn 0.060742 0.478557 -0.875953
vn 0.991513 -0.098607 0.084730
vn -0.412146 -0.036004 0.910406
vn -0.151958 0.214547 0.964820
vn 0.412146 -0.036004 0.910406
vn -0.263664 -0.707817 0.655344
vn 0.263664 -0.707817 0.655345
vn 0.151958 0.214548 0.964820
vn -0.359230 -0.580160 0.731005
vn 0.359229 -0.580162 0.731004
vn -0.212496 0.038380 0.976408
vn 0.249079 -0.002351 0.968480
vn -0.279388 -0.611900 0.739946
vn 0.258587 -0.630211 0.732097
vn -0.249080 -0.002352 0.968480
vn 0.212496 0.038381 0.976408
vn -0.258587 -0.630212 0.732097
vn 0.279389 -0.611899 0.739947
vn 0.995247 0.017170 0.095856
vn 0.999515 -0.031126 0.000000
vn 0.884985 0.465619 -0.000000
vn 0.880818 0.463427 0.096926
vn 0.995247 0.017170 -0.095856
vn 0.928536 0.112338 -0.353837
vn 0.786355 0.413727 -0.458776
vn 0.880818 0.463427 -0.096926
vn 0.618501 0.701610 -0.353837
vn 0.577855 0.810491 -0.095856
vn 0.540469 0.841364 -0.000000
vn 0.577854 0.810491 0.095856
vn -0.577855 -0.810491 -0.095856
vn -0.540469 -0.841364 -0.000000
vn -0.884985 -0.465620 -0.000000
vn -0.880818 -0.463427 -0.096927
vn -0.577854 -0.810491 0.095856
vn -0.618500 -0.701611 0.353837
vn -0.786355 -0.413727 0.458777
vn -0.880818 -0.463427 0.096927
vn -0.928536 -0.112338 0.353837
vn -0.995247 -0.017170 0.095856
vn -0.999516 0.031126 0.000000
vn -0.995247 -0.017170 -0.095856
vn 0.786355 0.413727 0.458777
vn 0.618501 0.701610 0.353837
vn 0.928536 0.112337 0.353837
vn -0.786355 -0.413727 -0.458776
vn -0.928536 -0.112338 -0.353837
vn -0.618501 -0.701610 -0.353837
vn 0.812741 -0.327664 0.481755
vn -0.190299 -0.855393 0.481756
vn -0.033934 -0.997530 0.061505
vn 0.841317 -0.537031 0.061506
vn 0.649133 0.197720 0.734529
vn -0.530614 -0.422984 0.734529
vn 0.595141 0.313123 0.740109
vn -0.595141 -0.313123 0.740109
vn 0.129685 0.825454 0.549371
vn -0.753738 0.360656 0.549369
vn -0.651479 -0.199402 0.731993
vn 0.533329 0.423964 0.731993
vn 0.025101 0.997137 0.071332
vn -0.835991 0.544087 0.071332
vn 0.012195 0.999926 -0.000000
vn -0.830980 0.556302 0.000000
vn 0.107239 0.868038 -0.484778
vn -0.776119 0.403273 -0.484779
vn -0.841382 0.536657 -0.063837
vn 0.034278 0.997372 -0.063837
vn 0.524239 0.428010 -0.736194
vn -0.649665 -0.189619 -0.736193
vn 0.595140 0.313123 -0.740109
vn -0.595141 -0.313123 -0.740109
vn 0.732129 -0.457102 -0.505020
vn -0.037965 -0.862271 -0.505022
vn -0.522238 -0.430515 -0.736155
vn 0.650595 0.186552 -0.736155
vn 0.840037 -0.538315 -0.067494
vn -0.032151 -0.997202 -0.067494
vn 0.830979 -0.556304 0.000000
vn -0.012195 -0.999926 -0.000000
vn -0.467656 -0.708884 0.527998
vn 0.849093 -0.016100 0.527998
vn 0.433921 0.719152 0.542709
vn -0.838448 0.049717 0.542709
vn 0.457147 0.703240 -0.544491
vn -0.838490 0.021563 -0.544491
vn 0.831155 -0.031191 -0.555166
vn -0.445058 -0.702648 -0.555167
vn 0.699611 0.145221 -0.699611
vn 0.378702 0.143868 -0.914268
vn 0.263071 0.726242 -0.635112
vn 0.486714 0.725410 -0.486714
vn 0.000000 0.145209 -0.989401
vn -0.378703 0.143861 -0.914269
vn -0.263072 0.726241 -0.635112
vn -0.000000 0.725407 -0.688321
vn -0.699612 0.145211 -0.699612
vn -0.914269 0.143863 -0.378703
vn -0.635111 0.726242 -0.263072
vn -0.486715 0.725408 -0.486715
vn -0.989402 0.145205 -0.000000
vn -0.914270 0.143858 0.378703
vn -0.635111 0.726242 0.263072
vn -0.688318 0.725409 -0.000000
vn -0.699611 0.145208 0.699613
vn -0.378702 0.143862 0.914269
vn -0.263072 0.726241 0.635112
vn -0.486716 0.725408 0.486715
vn 0.000000 0.145208 0.989401
vn 0.378702 0.143867 0.914268
vn 0.263071 0.726242 0.635112
vn -0.000000 0.725407 0.688321
vn 0.699611 0.145222 0.699610
vn 0.914268 0.143875 0.378701
vn 0.635112 0.726241 0.263072
vn 0.486714 0.725410 0.486713
vn 0.989398 0.145226 0.000000
vn 0.914268 0.143878 -0.378700
vn 0.635112 0.726241 -0.263072
vn 0.688323 0.725405 0.000000
vn 0.091617 0.991571 -0.091617
vn 0.048188 0.992040 -0.116336
vn 0.024284 0.997985 -0.058627
vn 0.043064 0.998144 -0.043064
vn -0.000000 0.991571 -0.129567
vn -0.048188 0.992040 -0.116336
vn -0.024284 0.997985 -0.058627
vn -0.000000 0.998144 -0.060902
vn -0.091617 0.991571 -0.091618
vn -0.116336 0.992040 -0.048188
vn -0.058627 0.997985 -0.024284
vn -0.043064 0.998144 -0.043064
vn -0.129567 0.991571 -0.000000
vn -0.116336 0.992040 0.048188
vn -0.058627 0.997985 0.024284
vn -0.060902 0.998144 -0.000000
vn -0.091618 0.991571 0.091618
vn -0.048188 0.992040 0.116337
vn -0.024284 0.997985 0.058627
vn -0.043064 0.998144 0.043064
vn -0.000000 0.991571 0.129567
vn 0.048188 0.992040 0.116336
vn 0.024284 0.997985 0.058627
vn -0.000000 0.998144 0.060902
vn 0.091617 0.991571 0.091617
vn 0.116336 0.992040 0.048188
vn 0.058627 0.997985 0.024284
vn 0.043064 0.998144 0.043064
vn 0.129567 0.991571 0.000000
vn 0.116336 0.992040 -0.048188
vn 0.058627 0.997985 -0.024284
vn 0.060902 0.998144 0.000000
vn 0.245131 0.767910 -0.591798
vn 0.447236 0.774571 -0.447236
vn -0.245130 0.767910 -0.591798
vn 0.000000 0.774572 -0.632486
vn -0.591797 0.767911 -0.245130
vn -0.447235 0.774572 -0.447235
vn -0.591797 0.767911 0.245131
vn -0.632485 0.774572 0.000000
vn -0.245131 0.767910 0.591798
vn -0.447235 0.774572 0.447235
vn 0.245131 0.767910 0.591798
vn -0.000000 0.774572 0.632485
vn 0.591798 0.767910 0.245131
vn 0.447235 0.774571 0.447236
vn 0.591798 0.767910 -0.245131
vn 0.632485 0.774572 0.000000
vn -0.943694 0.330818 -0.000000
vn -0.872701 0.328210 0.361484
vn -0.847913 0.397103 0.351217
vn -0.916389 0.400288 -0.000000
vn -0.667292 0.330819 -0.667293
vn -0.872700 0.328213 -0.361484
vn -0.847913 0.397103 -0.351217
vn -0.647980 0.400303 -0.647981
vn 0.000000 0.330818 -0.943695
vn -0.361484 0.328212 -0.872701
vn -0.351216 0.397111 -0.847909
vn 0.000000 0.400300 -0.916384
vn 0.667294 0.330815 -0.667293
vn 0.361485 0.328209 -0.872701
vn 0.351216 0.397099 -0.847915
vn 0.647984 0.400289 -0.647986
vn 0.943696 0.330814 0.000000
vn 0.872702 0.328207 -0.361485
vn 0.847916 0.397096 -0.351219
vn 0.916389 0.400288 0.000000
vn 0.667294 0.330815 0.667293
vn 0.872702 0.328208 0.361484
vn 0.847913 0.397103 0.351216
vn 0.647982 0.400296 0.647983
vn -0.000000 0.330818 0.943695
vn 0.361485 0.328210 0.872701
vn 0.351215 0.397101 0.847914
vn -0.000000 0.400300 0.916384
vn -0.667293 0.330817 0.667293
vn -0.361484 0.328211 0.872701
vn -0.351217 0.397103 0.847913
vn -0.647982 0.400297 0.647983
s 1
g Bola1
usemtl initialShadingGroup
f 1/1/1 21/2/2 416/3/3 417/4/4
f 2/5/5 22/6/6 432/7/7 433/8/8
f 3/9/9 23/10/10 448/11/11 449/12/12
f 4/13/13 24/14/14 464/15/15 465/16/16
f 5/17/17 25/18/18 480/19/19 481/20/20
f 6/21/21 26/22/22 496/23/23 497/24/24
f 7/25/25 27/26/26 512/27/27 513/28/28
f 8/29/29 28/30/30 528/31/31 529/32/32
f 9/33/33 29/34/34 640/35/35 641/36/36
f 10/37/37 30/645/38 624/39/39 625/40/40
f 11/41/41 31/42/42 608/43/43 609/44/44
f 12/45/45 32/46/46 592/47/47 593/48/48
f 13/49/49 33/50/50 576/51/51 577/52/52
f 14/53/53 34/54/54 560/55/55 561/56/56
f 15/57/57 35/58/58 544/59/59 545/60/60
f 16/61/61 36/62/62 336/63/63 337/64/64
f 17/65/65 37/66/66 352/67/67 353/68/68
f 18/69/69 38/70/70 368/71/71 369/72/72
f 19/73/73 39/74/74 384/75/75 385/76/76
f 20/77/77 40/78/78 400/79/79 401/80/80
s 2
f 41/81/81 402/82/82 403/83/83 61/84/84
f 42/85/85 418/86/86 419/87/87 62/88/88
f 43/89/89 434/90/90 435/91/91 63/92/92
f 44/93/93 450/94/94 451/95/95 64/96/96
f 45/97/97 466/98/98 467/99/99 65/100/100
f 46/101/101 482/102/102 483/103/103 66/104/104
f 47/105/105 498/106/106 499/107/107 67/108/108
f 48/109/109 514/110/110 515/111/111 68/112/112
f 49/113/113 626/114/114 627/115/115 69/116/116
f 50/646/117 610/118/118 611/119/119 70/656/120
f 51/121/121 594/122/122 595/123/123 71/124/124
f 52/125/125 578/126/126 579/127/127 72/128/128
f 53/129/129 562/130/130 563/131/131 73/132/132
f 54/133/133 546/134/134 547/135/135 74/136/136
f 55/137/137 530/138/138 531/139/139 75/140/140
f 56/141/141 322/142/142 323/143/143 76/144/144
f 57/145/145 338/146/146 339/147/147 77/148/148
f 58/149/149 354/150/150 355/151/151 78/152/152
f 59/153/153 370/154/154 371/155/155 79/156/156
f 60/157/157 386/158/158 387/159/159 80/160/160
f 61/84/84 403/83/83 404/161/161 81/162/162
f 62/88/88 419/87/87 420/163/163 82/164/164
f 63/92/92 435/91/91 436/165/165 83/166/166
f 64/96/96 451/95/95 452/167/167 84/168/168
f 65/100/100 467/99/99 468/169/169 85/170/170
f 66/104/104 483/103/103 484/171/171 86/172/172
f 67/108/108 499/107/107 500/173/173 87/174/174
f 68/112/112 515/111/111 516/175/175 88/176/176
f 69/116/116 627/115/115 628/177/177 89/178/178
f 70/656/120 611/119/119 612/179/179 90/655/180
f 71/124/124 595/123/123 596/181/181 91/182/182
f 72/128/128 579/127/127 580/183/183 92/184/184
f 73/132/132 563/131/131 564/185/185 93/186/186
f 74/136/136 547/135/135 548/187/187 94/188/188
f 75/140/140 531/139/139 532/189/189 95/190/190
f 76/144/144 323/143/143 324/191/191 96/192/192
f 77/148/148 339/147/147 340/193/193 97/194/194
f 78/152/152 355/151/151 356/195/195 98/196/196
f 79/156/156 371/155/155 372/197/197 99/198/198
f 80/160/160 387/159/159 388/199/199 100/200/200
f 81/162/162 404/161/161 405/201/201 101/202/202
f 82/164/164 420/163/163 421/203/203 102/204/204
f 83/166/166 436/165/165 437/205/205 103/206/206
f 84/168/168 452/167/167 453/207/207 104/208/208
f 85/170/170 468/169/169 469/209/209 105/210/210
f 86/172/172 484/171/171 485/211/211 106/212/212
f 87/174/174 500/173/173 501/213/213 107/214/214
f 88/176/176 516/175/175 517/215/215 108/216/216
f 89/178/178 628/177/177 629/217/217 109/218/218
f 90/655/180 612/179/179 613/219/219 110/654/220
f 91/182/182 596/181/181 597/221/221 111/222/222
f 92/184/184 580/183/183 581/223/223 112/224/224
f 93/186/186 564/185/185 565/225/225 113/226/226
f 94/188/188 548/187/187 549/227/227 114/228/228
f 95/190/190 532/189/189 533/229/229 115/230/230
f 96/192/192 324/191/191 325/231/231 116/232/232
f 97/194/194 340/193/193 341/233/233 117/234/234
f 98/196/196 356/195/195 357/235/235 118/236/236
f 99/198/198 372/197/197 373/237/237 119/238/238
f 100/200/200 388/199/199 389/239/239 120/240/240
f 101/202/202 405/201/201 406/241/241 121/242/242
f 102/204/204 421/203/203 422/243/243 122/244/244
f 103/206/206 437/205/205 438/245/245 123/246/246
f 104/208/208 453/207/207 454/247/247 124/248/248
f 105/210/210 469/209/209 470/249/249 125/250/250
f 106/212/212 485/211/211 486/251/251 126/252/252
f 107/214/214 501/213/213 502/253/253 127/254/254
f 108/216/216 517/215/215 518/255/255 128/256/256
f 109/218/218 629/217/217 630/257/257 129/258/258
f 110/654/220 613/219/219 614/259/259 130/653/260
f 111/222/222 597/221/221 598/261/261 131/262/262
f 112/224/224 581/223/223 582/263/263 132/264/264
f 113/226/226 565/225/225 566/265/265 133/266/266
f 114/228/228 549/227/227 550/267/267 134/268/268
f 115/230/230 533/229/229 534/269/269 135/270/270
f 116/232/232 325/231/231 326/271/271 136/272/272
f 117/234/234 341/233/233 342/273/273 137/274/274
f 118/236/236 357/235/235 358/275/275 138/276/276
f 119/238/238 373/237/237 374/277/277 139/278/278
f 120/240/240 389/239/239 390/279/279 140/280/280
f 121/242/242 406/241/241 407/281/281 141/282/282
f 122/244/244 422/243/243 423/283/283 142/284/284
f 123/246/246 438/245/245 439/285/285 143/286/286
f 124/248/248 454/247/247 455/287/287 144/288/288
f 125/250/250 470/249/249 471/289/289 145/290/290
f 126/252/252 486/251/251 487/291/291 146/292/292
f 127/254/254 502/253/253 503/293/293 147/294/294
f 128/256/256 518/255/255 519/295/295 148/296/296
f 129/258/258 630/257/257 631/297/297 149/298/298
f 130/653/260 614/259/259 615/299/299 150/652/300
f 131/262/262 598/261/261 599/301/301 151/302/302
f 132/264/264 582/263/263 583/303/303 152/304/304
f 133/266/266 566/265/265 567/305/305 153/306/306
f 134/268/268 550/267/267 551/307/307 154/308/308
f 135/270/270 534/269/269 535/309/309 155/310/310
f 136/272/272 326/271/271 327/311/311 156/312/312
f 137/274/274 342/273/273 343/313/313 157/314/314
f 138/276/276 358/275/275 359/315/315 158/316/316
f 139/278/278 374/277/277 375/317/317 159/318/318
f 140/280/280 390/279/279 391/319/319 160/320/320
f 141/282/282 407/281/281 408/321/321 161/322/322
f 142/284/284 423/283/283 424/323/323 162/324/324
f 143/286/286 439/285/285 440/325/325 163/326/326
f 144/288/288 455/287/287 456/327/327 164/328/328
f 145/290/290 471/289/289 472/329/329 165/330/330
f 146/292/292 487/291/291 488/331/331 166/332/332
f 147/294/294 503/293/293 504/333/333 167/334/334
f 148/296/296 519/295/295 520/335/335 168/336/336
f 149/298/298 631/297/297 632/337/337 169/338/338
f 150/652/300 615/299/299 616/339/339 170/651/340
f 151/302/302 599/301/301 600/341/341 171/342/342
f 152/304/304 583/303/303 584/343/343 172/344/344
f 153/306/306 567/305/305 568/345/345 173/346/346
f 154/308/308 551/307/307 552/347/347 174/348/348
f 155/310/310 535/309/309 536/349/349 175/350/350
f 156/312/312 327/311/311 328/351/351 176/352/352
f 157/314/314 343/313/313 344/353/353 177/354/354
f 158/316/316 359/315/315 360/355/355 178/356/356
f 159/318/318 375/317/317 376/357/357 179/358/358
f 160/320/320 391/319/319 392/359/359 180/360/360
f 161/322/322 408/321/321 409/361/361 181/362/362
f 162/324/324 424/323/323 425/363/363 182/364/364
f 163/326/326 440/325/325 441/365/365 183/366/366
f 164/328/328 456/327/327 457/367/367 184/368/368
f 165/330/330 472/329/329 473/369/369 185/370/370
f 166/332/332 488/331/331 489/371/371 186/372/372
f 167/334/334 504/333/333 505/373/373 187/374/374
f 168/336/336 520/335/335 521/375/375 188/376/376
f 169/338/338 632/337/337 633/377/377 189/378/378
f 170/651/340 616/339/339 617/379/379 190/650/380
f 171/342/342 600/341/341 601/381/381 191/382/382
f 172/344/344 584/343/343 585/383/383 192/384/384
f 173/346/346 568/345/345 569/385/385 193/386/386
f 174/348/348 552/347/347 553/387/387 194/388/388
f 175/350/350 536/349/349 537/389/389 195/390/390
f 176/352/352 328/351/351 329/391/391 196/392/392
f 177/354/354 344/353/353 345/393/393 197/394/394
f 178/356/356 360/355/355 361/395/395 198/396/396
f 179/358/358 376/357/357 377/397/397 199/398/398
f 180/360/360 392/359/359 393/399/399 200/400/400
f 181/362/362 409/361/361 410/401/401 201/402/402
f 182/364/364 425/363/363 426/403/403 202/404/404
f 183/366/366 441/365/365 442/405/405 203/406/406
f 184/368/368 457/367/367 458/407/407 204/408/408
f 185/370/370 473/369/369 474/409/409 205/410/410
f 186/372/372 489/371/371 490/411/411 206/412/412
f 187/374/374 505/373/373 506/413/413 207/414/414
f 188/376/376 521/375/375 522/415/415 208/416/416
f 189/378/378 633/377/377 634/417/417 209/418/418
f 190/650/380 617/379/379 618/419/419 210/649/420
f 191/382/382 601/381/381 602/421/421 211/422/422
f 192/384/384 585/383/383 586/423/423 212/424/424
f 193/386/386 569/385/385 570/425/425 213/426/426
f 194/388/388 553/387/387 554/427/427 214/428/428
f 195/390/390 537/389/389 538/429/429 215/430/430
f 196/392/392 329/391/391 330/431/431 216/432/432
f 197/394/394 345/393/393 346/433/433 217/434/434
f 198/396/396 361/395/395 362/435/435 218/436/436
f 199/398/398 377/397/397 378/437/437 219/438/438
f 200/400/400 393/399/399 394/439/439 220/440/440
f 201/402/402 410/401/401 411/441/441 221/442/442
f 202/404/404 426/403/403 427/443/443 222/444/444
f 203/406/406 442/405/405 443/445/445 223/446/446
f 204/408/408 458/407/407 459/447/447 224/448/448
f 205/410/410 474/409/409 475/449/449 225/450/450
f 206/412/412 490/411/411 491/451/451 226/452/452
f 207/414/414 506/413/413 507/453/453 227/454/454
f 208/416/416 522/415/415 523/455/455 228/456/456
f 209/418/418 634/417/417 635/457/457 229/458/458
f 210/649/420 618/419/419 619/459/459 230/648/460
f 211/422/422 602/421/421 603/461/461 231/462/462
f 212/424/424 586/423/423 587/463/463 232/464/464
f 213/426/426 570/425/425 571/465/465 233/466/466
f 214/428/428 554/427/427 555/467/467 234/468/468
f 215/430/430 538/429/429 539/469/469 235/470/470
f 216/432/432 330/431/431 331/471/471 236/472/472
f 217/434/434 346/433/433 347/473/473 237/474/474
f 218/436/436 362/435/435 363/475/475 238/476/476
f 219/438/438 378/437/437 379/477/477 239/478/478
f 220/440/440 394/439/439 395/479/479 240/480/480
f 221/442/442 411/441/441 412/481/481 241/482/482
f 222/444/444 427/443/443 428/483/483 242/484/484
f 223/446/446 443/445/445 444/485/485 243/486/486
f 224/448/448 459/447/447 460/487/487 244/488/488
f 225/450/450 475/449/449 476/489/489 245/490/490
f 226/452/452 491/451/451 492/491/491 246/492/492
f 227/454/454 507/453/453 508/493/493 247/494/494
f 228/456/456 523/455/455 524/495/495 248/496/496
f 229/458/458 635/457/457 636/497/497 249/498/498
f 230/648/460 619/459/459 620/499/499 250/647/500
f 231/462/462 603/461/461 604/501/501 251/502/502
f 232/464/464 587/463/463 588/503/503 252/504/504
f 233/466/466 571/465/465 572/505/505 253/506/506
f 234/468/468 555/467/467 556/507/507 254/508/508
f 235/470/470 539/469/469 540/509/509 255/510/510
f 236/472/472 331/471/471 332/511/511 256/512/512
f 237/474/474 347/473/473 348/513/513 257/514/514
f 238/476/476 363/475/475 364/515/515 258/516/516
f 239/478/478 379/477/477 380/517/517 259/518/518
f 240/480/480 395/479/479 396/519/519 260/520/520
f 241/482/482 412/481/481 413/521/521 261/522/522
f 242/484/484 428/483/483 429/523/523 262/524/524
f 243/486/486 444/485/485 445/525/525 263/526/526
f 244/488/488 460/487/487 461/527/527 264/528/528
f 245/490/490 476/489/489 477/529/529 265/530/530
f 246/492/492 492/491/491 493/531/531 266/532/532
f 247/494/494 508/493/493 509/533/533 267/534/534
f 248/496/496 524/495/495 525/535/535 268/536/536
f 249/498/498 636/497/497 637/537/537 269/538/538
f 250/647/500 620/499/499 621/539/539 270/644/540
f 251/502/502 604/501/501 605/541/541 271/542/542
f 252/504/504 588/503/503 589/543/543 272/544/544
f 253/506/506 572/505/505 573/545/545 273/546/546
f 254/508/508 556/507/507 557/547/547 274/548/548
f 255/510/510 540/509/509 541/549/549 275/550/550
f 256/512/512 332/511/511 333/551/551 276/552/552
f 257/514/514 348/513/513 349/553/553 277/554/554
f 258/516/516 364/515/515 365/555/555 278/556/556
f 259/518/518 380/517/517 381/557/557 279/558/558
f 260/520/520 396/519/519 397/559/559 280/560/560
f 42/85/85 402/82/82 41/81/81 281/561/561
f 43/89/89 418/86/86 42/85/85 281/561/561
f 44/93/93 434/90/90 43/89/89 281/561/561
f 45/97/97 450/94/94 44/93/93 281/561/561
f 46/101/101 466/98/98 45/97/97 281/561/561
f 47/105/105 482/102/102 46/101/101 281/561/561
f 48/109/109 498/106/106 47/105/105 281/561/561
f 49/113/113 514/110/110 48/109/109 281/561/561
f 50/117/117 626/114/114 49/113/113 281/561/561
f 51/121/121 610/118/118 50/646/117 281/561/561
f 52/125/125 594/122/122 51/121/121 281/561/561
f 53/129/129 578/126/126 52/125/125 281/561/561
f 54/133/133 562/130/130 53/129/129 281/561/561
f 55/137/137 546/134/134 54/133/133 281/561/561
f 56/141/141 530/138/138 55/137/137 281/561/561
f 57/145/145 322/142/142 56/141/141 281/561/561
f 58/149/149 338/146/146 57/145/145 281/561/561
f 59/153/153 354/150/150 58/149/149 281/561/561
f 60/157/157 370/154/154 59/153/153 281/561/561
f 41/81/81 386/158/158 60/157/157 281/561/561
f 416/3/562 21/2/563 319/562/564 415/563/565
f 400/79/566 40/78/567 318/564/568 399/565/569
f 384/75/570 39/74/571 317/566/572 383/567/573
f 368/71/574 38/70/575 316/568/576 367/569/577
f 352/67/578 37/66/579 315/570/580 351/571/581
f 336/63/582 36/62/583 314/572/584 335/573/585
f 544/59/586 35/58/587 313/574/588 543/575/589
f 560/55/590 34/54/591 312/576/592 559/577/593
f 576/51/594 33/50/595 311/578/596 575/579/597
f 592/47/598 32/46/599 310/580/600 591/581/601
f 608/43/602 31/42/603 309/582/604 607/583/605
f 624/39/606 30/645/607 308/642/608 623/585/609
f 640/35/610 29/34/611 307/586/612 639/587/613
f 528/31/614 28/30/615 306/588/616 527/589/617
f 512/27/618 27/26/619 305/590/620 511/591/621
f 496/23/622 26/22/623 304/592/624 495/593/625
f 480/19/626 25/18/627 303/594/628 479/595/629
f 464/15/630 24/14/631 302/596/632 463/597/633
f 448/11/634 23/10/635 321/598/636 447/599/637
f 432/7/638 22/6/639 320/600/640 431/601/641
f 462/602/642 282/603/643 264/528/528 461/527/527
f 478/604/644 283/605/645 265/530/530 477/529/529
f 494/606/646 284/607/647 266/532/532 493/531/531
f 510/608/648 285/609/649 267/534/534 509/533/533
f 526/610/650 286/611/651 268/536/536 525/535/535
f 638/612/652 287/613/653 269/538/538 637/537/537
f 622/614/654 288/643/655 270/644/540 621/539/539
f 606/616/656 289/617/657 271/542/542 605/541/541
f 590/618/658 290/619/659 272/544/544 589/543/543
f 574/620/660 291/621/661 273/546/546 573/545/545
f 558/622/662 292/623/663 274/548/548 557/547/547
f 542/624/664 293/625/665 275/550/550 541/549/549
f 334/626/666 294/627/667 276/552/552 333/551/551
f 350/628/668 295/629/669 277/554/554 349/553/553
f 366/630/670 296/631/671 278/556/556 365/555/555
f 382/632/672 297/633/673 279/558/558 381/557/557
f 398/634/674 298/635/675 280/560/560 397/559/559
f 414/636/676 299/637/677 261/522/522 413/521/521
f 430/638/678 300/639/679 262/524/524 429/523/523
f 446/640/680 301/641/681 263/526/526 445/525/525
f 463/597/633 302/596/632 282/603/643 462/602/642
f 479/595/629 303/594/628 283/605/645 478/604/644
f 495/593/625 304/592/624 284/607/647 494/606/646
f 511/591/621 305/590/620 285/609/649 510/608/648
f 527/589/617 306/588/616 286/611/651 526/610/650
f 639/587/613 307/586/612 287/613/653 638/612/652
f 623/585/609 308/642/608 288/643/655 622/614/654
f 607/583/605 309/582/604 289/617/657 606/616/656
f 591/581/601 310/580/600 290/619/659 590/618/658
f 575/579/597 311/578/596 291/621/661 574/620/660
f 559/577/593 312/576/592 292/623/663 558/622/662
f 543/575/589 313/574/588 293/625/665 542/624/664
f 335/573/585 314/572/584 294/627/667 334/626/666
f 351/571/581 315/570/580 295/629/669 350/628/668
f 367/569/577 316/568/576 296/631/671 366/630/670
f 383/567/573 317/566/572 297/633/673 382/632/672
f 399/565/569 318/564/568 298/635/675 398/634/674
f 415/563/565 319/562/564 299/637/677 414/636/676
f 431/601/641 320/600/640 300/639/679 430/638/678
f 447/599/637 321/598/636 301/641/681 446/640/680
f 322/142/142 57/145/145 77/148/148 323/143/143
f 324/191/191 323/143/143 77/148/148 97/194/194
f 325/231/231 324/191/191 97/194/194 117/234/234
f 326/271/271 325/231/231 117/234/234 137/274/274
f 327/311/311 326/271/271 137/274/274 157/314/314
f 328/351/351 327/311/311 157/314/314 177/354/354
f 329/391/391 328/351/351 177/354/354 197/394/394
f 330/431/431 329/391/391 197/394/394 217/434/434
f 331/471/471 330/431/431 217/434/434 237/474/474
f 332/511/511 331/471/471 237/474/474 257/514/514
f 333/551/551 332/511/511 257/514/514 277/554/554
f 295/629/682 334/626/666 333/551/551 277/554/554
f 315/570/683 335/573/585 334/626/666 295/629/682
f 37/66/684 336/63/582 335/573/585 315/570/683
s 1
f 337/64/64 336/63/63 37/66/66 17/65/65
s 2
f 338/146/146 58/149/149 78/152/152 339/147/147
f 340/193/193 339/147/147 78/152/152 98/196/196
f 341/233/233 340/193/193 98/196/196 118/236/236
f 342/273/273 341/233/233 118/236/236 138/276/276
f 343/313/313 342/273/273 138/276/276 158/316/316
f 344/353/353 343/313/313 158/316/316 178/356/356
f 345/393/393 344/353/353 178/356/356 198/396/396
f 346/433/433 345/393/393 198/396/396 218/436/436
f 347/473/473 346/433/433 218/436/436 238/476/476
f 348/513/513 347/473/473 238/476/476 258/516/516
f 349/553/553 348/513/513 258/516/516 278/556/556
f 296/631/685 350/628/668 349/553/553 278/556/556
f 316/568/686 351/571/581 350/628/668 296/631/685
f 38/70/687 352/67/578 351/571/581 316/568/686
s 1
f 353/68/68 352/67/67 38/70/70 18/69/69
s 2
f 354/150/150 59/153/153 79/156/156 355/151/151
f 356/195/195 355/151/151 79/156/156 99/198/198
f 357/235/235 356/195/195 99/198/198 119/238/238
f 358/275/275 357/235/235 119/238/238 139/278/278
f 359/315/315 358/275/275 139/278/278 159/318/318
f 360/355/355 359/315/315 159/318/318 179/358/358
f 361/395/395 360/355/355 179/358/358 199/398/398
f 362/435/435 361/395/395 199/398/398 219/438/438
f 363/475/475 362/435/435 219/438/438 239/478/478
f 364/515/515 363/475/475 239/478/478 259/518/518
f 365/555/555 364/515/515 259/518/518 279/558/558
f 297/633/688 366/630/670 365/555/555 279/558/558
f 317/566/689 367/569/577 366/630/670 297/633/688
f 39/74/690 368/71/574 367/569/577 317/566/689
s 1
f 369/72/72 368/71/71 39/74/74 19/73/73
s 2
f 370/154/154 60/157/157 80/160/160 371/155/155
f 372/197/197 371/155/155 80/160/160 100/200/200
f 373/237/237 372/197/197 100/200/200 120/240/240
f 374/277/277 373/237/237 120/240/240 140/280/280
f 375/317/317 374/277/277 140/280/280 160/320/320
f 376/357/357 375/317/317 160/320/320 180/360/360
f 377/397/397 376/357/357 180/360/360 200/400/400
f 378/437/437 377/397/397 200/400/400 220/440/440
f 379/477/477 378/437/437 220/440/440 240/480/480
f 380/517/517 379/477/477 240/480/480 260/520/520
f 381/557/557 380/517/517 260/520/520 280/560/560
f 298/635/691 382/632/672 381/557/557 280/560/560
f 318/564/692 383/567/573 382/632/672 298/635/691
f 40/78/693 384/75/570 383/567/573 318/564/692
s 1
f 385/76/76 384/75/75 40/78/78 20/77/77
s 2
f 386/158/158 41/81/81 61/84/84 387/159/159
f 388/199/199 387/159/159 61/84/84 81/162/162
f 389/239/239 388/199/199 81/162/162 101/202/202
f 390/279/279 389/239/239 101/202/202 121/242/242
f 391/319/319 390/279/279 121/242/242 141/282/282
f 392/359/359 391/319/319 141/282/282 161/322/322
f 393/399/399 392/359/359 161/322/322 181/362/362
f 394/439/439 393/399/399 181/362/362 201/402/402
f 395/479/479 394/439/439 201/402/402 221/442/442
f 396/519/519 395/479/479 221/442/442 241/482/482
f 397/559/559 396/519/519 241/482/482 261/522/522
f 299/637/694 398/634/674 397/559/559 261/522/522
f 319/562/695 399/565/569 398/634/674 299/637/694
f 21/2/696 400/79/566 399/565/569 319/562/695
s 1
f 401/80/80 400/79/79 21/2/2 1/1/1
s 2
f 402/82/82 42/85/85 62/88/88 403/83/83
f 404/161/161 403/83/83 62/88/88 82/164/164
f 405/201/201 404/161/161 82/164/164 102/204/204
f 406/241/241 405/201/201 102/204/204 122/244/244
f 407/281/281 406/241/241 122/244/244 142/284/284
f 408/321/321 407/281/281 142/284/284 162/324/324
f 409/361/361 408/321/321 162/324/324 182/364/364
f 410/401/401 409/361/361 182/364/364 202/404/404
f 411/441/441 410/401/401 202/404/404 222/444/444
f 412/481/481 411/441/441 222/444/444 242/484/484
f 413/521/521 412/481/481 242/484/484 262/524/524
f 300/639/697 414/636/676 413/521/521 262/524/524
f 320/600/698 415/563/565 414/636/676 300/639/697
f 22/6/699 416/3/562 415/563/565 320/600/698
s 1
f 417/4/4 416/3/3 22/6/6 2/5/5
s 2
f 418/86/86 43/89/89 63/92/92 419/87/87
f 420/163/163 419/87/87 63/92/92 83/166/166
f 421/203/203 420/163/163 83/166/166 103/206/206
f 422/243/243 421/203/203 103/206/206 123/246/246
f 423/283/283 422/243/243 123/246/246 143/286/286
f 424/323/323 423/283/283 143/286/286 163/326/326
f 425/363/363 424/323/323 163/326/326 183/366/366
f 426/403/403 425/363/363 183/366/366 203/406/406
f 427/443/443 426/403/403 203/406/406 223/446/446
f 428/483/483 427/443/443 223/446/446 243/486/486
f 429/523/523 428/483/483 243/486/486 263/526/526
f 301/641/700 430/638/678 429/523/523 263/526/526
f 321/598/701 431/601/641 430/638/678 301/641/700
f 23/10/702 432/7/638 431/601/641 321/598/701
s 1
f 433/8/8 432/7/7 23/10/10 3/9/9
s 2
f 434/90/90 44/93/93 64/96/96 435/91/91
f 436/165/165 435/91/91 64/96/96 84/168/168
f 437/205/205 436/165/165 84/168/168 104/208/208
f 438/245/245 437/205/205 104/208/208 124/248/248
f 439/285/285 438/245/245 124/248/248 144/288/288
f 440/325/325 439/285/285 144/288/288 164/328/328
f 441/365/365 440/325/325 164/328/328 184/368/368
f 442/405/405 441/365/365 184/368/368 204/408/408
f 443/445/445 442/405/405 204/408/408 224/448/448
f 444/485/485 443/445/445 224/448/448 244/488/488
f 445/525/525 444/485/485 244/488/488 264/528/528
f 282/603/703 446/640/680 445/525/525 264/528/528
f 302/596/704 447/599/637 446/640/680 282/603/703
f 24/14/705 448/11/634 447/599/637 302/596/704
s 1
f 449/12/12 448/11/11 24/14/14 4/13/13
s 2
f 450/94/94 45/97/97 65/100/100 451/95/95
f 452/167/167 451/95/95 65/100/100 85/170/170
f 453/207/207 452/167/167 85/170/170 105/210/210
f 454/247/247 453/207/207 105/210/210 125/250/250
f 455/287/287 454/247/247 125/250/250 145/290/290
f 456/327/327 455/287/287 145/290/290 165/330/330
f 457/367/367 456/327/327 165/330/330 185/370/370
f 458/407/407 457/367/367 185/370/370 205/410/410
f 459/447/447 458/407/407 205/410/410 225/450/450
f 460/487/487 459/447/447 225/450/450 245/490/490
f 461/527/527 460/487/487 245/490/490 265/530/530
f 283/605/706 462/602/642 461/527/527 265/530/530
f 303/594/707 463/597/633 462/602/642 283/605/706
f 25/18/708 464/15/630 463/597/633 303/594/707
s 1
f 465/16/16 464/15/15 25/18/18 5/17/17
s 2
f 466/98/98 46/101/101 66/104/104 467/99/99
f 468/169/169 467/99/99 66/104/104 86/172/172
f 469/209/209 468/169/169 86/172/172 106/212/212
f 470/249/249 469/209/209 106/212/212 126/252/252
f 471/289/289 470/249/249 126/252/252 146/292/292
f 472/329/329 471/289/289 146/292/292 166/332/332
f 473/369/369 472/329/329 166/332/332 186/372/372
f 474/409/409 473/369/369 186/372/372 206/412/412
f 475/449/449 474/409/409 206/412/412 226/452/452
f 476/489/489 475/449/449 226/452/452 246/492/492
f 477/529/529 476/489/489 246/492/492 266/532/532
f 284/607/709 478/604/644 477/529/529 266/532/532
f 304/592/710 479/595/629 478/604/644 284/607/709
f 26/22/711 480/19/626 479/595/629 304/592/710
s 1
f 481/20/20 480/19/19 26/22/22 6/21/21
s 2
f 482/102/102 47/105/105 67/108/108 483/103/103
f 484/171/171 483/103/103 67/108/108 87/174/174
f 485/211/211 484/171/171 87/174/174 107/214/214
f 486/251/251 485/211/211 107/214/214 127/254/254
f 487/291/291 486/251/251 127/254/254 147/294/294
f 488/331/331 487/291/291 147/294/294 167/334/334
f 489/371/371 488/331/331 167/334/334 187/374/374
f 490/411/411 489/371/371 187/374/374 207/414/414
f 491/451/451 490/411/411 207/414/414 227/454/454
f 492/491/491 491/451/451 227/454/454 247/494/494
f 493/531/531 492/491/491 247/494/494 267/534/534
f 285/609/712 494/606/646 493/531/531 267/534/534
f 305/590/713 495/593/625 494/606/646 285/609/712
f 27/26/714 496/23/622 495/593/625 305/590/713
s 1
f 497/24/24 496/23/23 27/26/26 7/25/25
s 2
f 498/106/106 48/109/109 68/112/112 499/107/107
f 500/173/173 499/107/107 68/112/112 88/176/176
f 501/213/213 500/173/173 88/176/176 108/216/216
f 502/253/253 501/213/213 108/216/216 128/256/256
f 503/293/293 502/253/253 128/256/256 148/296/296
f 504/333/333 503/293/293 148/296/296 168/336/336
f 505/373/373 504/333/333 168/336/336 188/376/376
f 506/413/413 505/373/373 188/376/376 208/416/416
f 507/453/453 506/413/413 208/416/416 228/456/456
f 508/493/493 507/453/453 228/456/456 248/496/496
f 509/533/533 508/493/493 248/496/496 268/536/536
f 286/611/715 510/608/648 509/533/533 268/536/536
f 306/588/716 511/591/621 510/608/648 286/611/715
f 28/30/717 512/27/618 511/591/621 306/588/716
s 1
f 513/28/28 512/27/27 28/30/30 8/29/29
s 2
f 514/110/110 49/113/113 69/116/116 515/111/111
f 516/175/175 515/111/111 69/116/116 89/178/178
f 517/215/215 516/175/175 89/178/178 109/218/218
f 518/255/255 517/215/215 109/218/218 129/258/258
f 519/295/295 518/255/255 129/258/258 149/298/298
f 520/335/335 519/295/295 149/298/298 169/338/338
f 521/375/375 520/335/335 169/338/338 189/378/378
f 522/415/415 521/375/375 189/378/378 209/418/418
f 523/455/455 522/415/415 209/418/418 229/458/458
f 524/495/495 523/455/455 229/458/458 249/498/498
f 525/535/535 524/495/495 249/498/498 269/538/538
f 287/613/718 526/610/650 525/535/535 269/538/538
f 307/586/719 527/589/617 526/610/650 287/613/718
f 29/34/720 528/31/614 527/589/617 307/586/719
s 1
f 529/32/32 528/31/31 29/34/34 9/33/33
s 2
f 530/138/138 56/141/141 76/144/144 531/139/139
f 532/189/189 531/139/139 76/144/144 96/192/192
f 533/229/229 532/189/189 96/192/192 116/232/232
f 534/269/269 533/229/229 116/232/232 136/272/272
f 535/309/309 534/269/269 136/272/272 156/312/312
f 536/349/349 535/309/309 156/312/312 176/352/352
f 537/389/389 536/349/349 176/352/352 196/392/392
f 538/429/429 537/389/389 196/392/392 216/432/432
f 539/469/469 538/429/429 216/432/432 236/472/472
f 540/509/509 539/469/469 236/472/472 256/512/512
f 541/549/549 540/509/509 256/512/512 276/552/552
f 294/627/721 542/624/664 541/549/549 276/552/552
f 314/572/722 543/575/589 542/624/664 294/627/721
f 36/62/723 544/59/586 543/575/589 314/572/722
s 1
f 545/60/60 544/59/59 36/62/62 16/61/61
s 2
f 546/134/134 55/137/137 75/140/140 547/135/135
f 548/187/187 547/135/135 75/140/140 95/190/190
f 549/227/227 548/187/187 95/190/190 115/230/230
f 550/267/267 549/227/227 115/230/230 135/270/270
f 551/307/307 550/267/267 135/270/270 155/310/310
f 552/347/347 551/307/307 155/310/310 175/350/350
f 553/387/387 552/347/347 175/350/350 195/390/390
f 554/427/427 553/387/387 195/390/390 215/430/430
f 555/467/467 554/427/427 215/430/430 235/470/470
f 556/507/507 555/467/467 235/470/470 255/510/510
f 557/547/547 556/507/507 255/510/510 275/550/550
f 293/625/724 558/622/662 557/547/547 275/550/550
f 313/574/725 559/577/593 558/622/662 293/625/724
f 35/58/726 560/55/590 559/577/593 313/574/725
s 1
f 561/56/56 560/55/55 35/58/58 15/57/57
s 2
f 562/130/130 54/133/133 74/136/136 563/131/131
f 564/185/185 563/131/131 74/136/136 94/188/188
f 565/225/225 564/185/185 94/188/188 114/228/228
f 566/265/265 565/225/225 114/228/228 134/268/268
f 567/305/305 566/265/265 134/268/268 154/308/308
f 568/345/345 567/305/305 154/308/308 174/348/348
f 569/385/385 568/345/345 174/348/348 194/388/388
f 570/425/425 569/385/385 194/388/388 214/428/428
f 571/465/465 570/425/425 214/428/428 234/468/468
f 572/505/505 571/465/465 234/468/468 254/508/508
f 573/545/545 572/505/505 254/508/508 274/548/548
f 292/623/727 574/620/660 573/545/545 274/548/548
f 312/576/728 575/579/597 574/620/660 292/623/727
f 34/54/729 576/51/594 575/579/597 312/576/728
s 1
f 577/52/52 576/51/51 34/54/54 14/53/53
s 2
f 578/126/126 53/129/129 73/132/132 579/127/127
f 580/183/183 579/127/127 73/132/132 93/186/186
f 581/223/223 580/183/183 93/186/186 113/226/226
f 582/263/263 581/223/223 113/226/226 133/266/266
f 583/303/303 582/263/263 133/266/266 153/306/306
f 584/343/343 583/303/303 153/306/306 173/346/346
f 585/383/383 584/343/343 173/346/346 193/386/386
f 586/423/423 585/383/383 193/386/386 213/426/426
f 587/463/463 586/423/423 213/426/426 233/466/466
f 588/503/503 587/463/463 233/466/466 253/506/506
f 589/543/543 588/503/503 253/506/506 273/546/546
f 291/621/730 590/618/658 589/543/543 273/546/546
f 311/578/731 591/581/601 590/618/658 291/621/730
f 33/50/732 592/47/598 591/581/601 311/578/731
s 1
f 593/48/48 592/47/47 33/50/50 13/49/49
s 2
f 594/122/122 52/125/125 72/128/128 595/123/123
f 596/181/181 595/123/123 72/128/128 92/184/184
f 597/221/221 596/181/181 92/184/184 112/224/224
f 598/261/261 597/221/221 112/224/224 132/264/264
f 599/301/301 598/261/261 132/264/264 152/304/304
f 600/341/341 599/301/301 152/304/304 172/344/344
f 601/381/381 600/341/341 172/344/344 192/384/384
f 602/421/421 601/381/381 192/384/384 212/424/424
f 603/461/461 602/421/421 212/424/424 232/464/464
f 604/501/501 603/461/461 232/464/464 252/504/504
f 605/541/541 604/501/501 252/504/504 272/544/544
f 290/619/733 606/616/656 605/541/541 272/544/544
f 310/580/734 607/583/605 606/616/656 290/619/733
f 32/46/735 608/43/602 607/583/605 310/580/734
s 1
f 609/44/44 608/43/43 32/46/46 12/45/45
s 2
f 610/118/118 51/121/121 71/124/124 611/119/119
f 612/179/179 611/119/119 71/124/124 91/182/182
f 613/219/219 612/179/179 91/182/182 111/222/222
f 614/259/259 613/219/219 111/222/222 131/262/262
f 615/299/299 614/259/259 131/262/262 151/302/302
f 616/339/339 615/299/299 151/302/302 171/342/342
f 617/379/379 616/339/339 171/342/342 191/382/382
f 618/419/419 617/379/379 191/382/382 211/422/422
f 619/459/459 618/419/419 211/422/422 231/462/462
f 620/499/499 619/459/459 231/462/462 251/502/502
f 621/539/539 620/499/499 251/502/502 271/542/542
f 289/617/736 622/614/654 621/539/539 271/542/542
f 309/582/737 623/585/609 622/614/654 289/617/736
f 31/42/738 624/39/606 623/585/609 309/582/737
s 1
f 625/40/40 624/39/39 31/42/42 11/41/41
s 2
f 626/114/114 50/117/117 70/120/120 627/115/115
f 628/177/177 627/115/115 70/120/120 90/180/180
f 629/217/217 628/177/177 90/180/180 110/220/220
f 630/257/257 629/217/217 110/220/220 130/260/260
f 631/297/297 630/257/257 130/260/260 150/300/300
f 632/337/337 631/297/297 150/300/300 170/340/340
f 633/377/377 632/337/337 170/340/340 190/380/380
f 634/417/417 633/377/377 190/380/380 210/420/420
f 635/457/457 634/417/417 210/420/420 230/460/460
f 636/497/497 635/457/457 230/460/460 250/500/500
f 637/537/537 636/497/497 250/500/500 270/540/540
f 288/615/739 638/612/652 637/537/537 270/540/540
f 308/584/740 639/587/613 638/612/652 288/615/739
f 30/38/741 640/35/610 639/587/613 308/584/740
s 1
f 641/36/36 640/35/35 30/38/38 10/657/37
s 42
f 642/658/742 662/659/743 1153/660/744 1154/661/745
f 643/662/746 663/663/747 1169/664/748 1170/665/749
f 644/666/750 664/667/751 1185/668/752 1186/669/753
f 645/670/754 665/671/755 1201/672/756 1202/673/757
f 646/674/758 666/675/759 1217/676/760 1218/677/761
f 647/678/762 667/679/763 1233/680/764 1234/681/765
f 648/682/766 668/683/767 1249/684/768 1250/685/769
f 649/686/770 669/687/771 1265/688/772 1266/689/773
f 650/690/774 670/691/775 1281/692/776 1282/693/777
f 651/694/778 671/695/779 977/696/780 978/697/781
f 652/698/782 672/699/783 993/700/784 994/701/785
f 653/702/786 673/703/787 1009/704/788 1010/705/789
f 654/706/790 674/707/791 1025/708/792 1026/709/793
f 655/710/794 675/711/795 1041/712/796 1042/713/797
f 656/714/798 676/715/799 1057/716/800 1058/717/801
f 657/718/802 677/719/803 1073/720/804 1074/721/805
f 658/722/806 678/723/807 1089/724/808 1090/725/809
f 659/726/810 679/727/811 1105/728/812 1106/729/813
f 660/730/814 680/731/815 1121/732/816 1122/733/817
f 661/734/818 681/735/819 1137/736/820 1138/737/821
f 662/659/743 682/738/822 1152/739/823 1153/660/744
f 663/663/747 683/740/824 1168/741/825 1169/664/748
f 664/667/751 684/742/826 1184/743/827 1185/668/752
f 665/671/755 685/744/828 1200/745/829 1201/672/756
f 666/675/759 686/746/830 1216/747/831 1217/676/760
f 667/679/763 687/748/832 1232/749/833 1233/680/764
f 668/683/767 688/750/834 1248/751/835 1249/684/768
f 669/687/771 689/752/836 1264/753/837 1265/688/772
f 670/691/775 690/754/838 1280/755/839 1281/692/776
f 671/695/779 691/756/840 976/757/841 977/696/780
f 672/699/783 692/758/842 992/759/843 993/700/784
f 673/703/787 693/760/844 1008/761/845 1009/704/788
f 674/707/791 694/762/846 1024/763/847 1025/708/792
f 675/711/795 695/764/848 1040/765/849 1041/712/796
f 676/715/799 696/766/850 1056/767/851 1057/716/800
f 677/719/803 697/768/852 1072/769/853 1073/720/804
f 678/723/807 698/770/854 1088/771/855 1089/724/808
f 679/727/811 699/772/856 1104/773/857 1105/728/812
f 680/731/815 700/774/858 1120/775/859 1121/732/816
f 681/735/819 701/776/860 1136/777/861 1137/736/820
f 682/738/822 702/778/862 1151/779/863 1152/739/823
f 683/740/824 703/780/864 1167/781/865 1168/741/825
f 684/742/826 704/782/866 1183/783/867 1184/743/827
f 685/744/828 705/784/868 1199/785/869 1200/745/829
f 686/746/830 706/786/870 1215/787/871 1216/747/831
f 687/748/832 707/788/872 1231/789/873 1232/749/833
f 688/750/834 708/790/874 1247/791/875 1248/751/835
f 689/752/836 709/792/876 1263/793/877 1264/753/837
f 690/754/838 710/794/878 1279/795/879 1280/755/839
f 691/756/840 711/796/880 975/797/881 976/757/841
f 692/758/842 712/798/882 991/799/883 992/759/843
f 693/760/844 713/800/884 1007/801/885 1008/761/845
f 694/762/846 714/802/886 1023/803/887 1024/763/847
f 695/764/848 715/804/888 1039/805/889 1040/765/849
f 696/766/850 716/806/890 1055/807/891 1056/767/851
f 697/768/852 717/808/892 1071/809/893 1072/769/853
f 698/770/854 718/810/894 1087/811/895 1088/771/855
f 699/772/856 719/812/896 1103/813/897 1104/773/857
f 700/774/858 720/814/898 1119/815/899 1120/775/859
f 701/776/860 721/816/900 1135/817/901 1136/777/861
f 702/778/862 722/818/902 1150/819/903 1151/779/863
f 703/780/864 723/820/904 1166/821/905 1167/781/865
f 704/782/866 724/822/906 1182/823/907 1183/783/867
f 705/784/868 725/824/908 1198/825/909 1199/785/869
f 706/786/870 726/826/910 1214/827/911 1215/787/871
f 707/788/872 727/828/912 1230/829/913 1231/789/873
f 708/790/874 728/830/914 1246/831/915 1247/791/875
f 709/792/876 729/832/916 1262/833/917 1263/793/877
f 710/794/878 730/834/918 1278/835/919 1279/795/879
f 711/796/880 731/836/920 974/837/921 975/797/881
f 712/798/882 732/838/922 990/839/923 991/799/883
f 713/800/884 733/840/924 1006/841/925 1007/801/885
f 714/802/886 734/842/926 1022/843/927 1023/803/887
f 715/804/888 735/844/928 1038/845/929 1039/805/889
f 716/806/890 736/846/930 1054/847/931 1055/807/891
f 717/808/892 737/848/932 1070/849/933 1071/809/893
f 718/810/894 738/850/934 1086/851/935 1087/811/895
f 719/812/896 739/852/936 1102/853/937 1103/813/897
f 720/814/898 740/854/938 1118/855/939 1119/815/899
f 721/816/900 741/856/940 1134/857/941 1135/817/901
f 722/818/902 742/858/942 1149/859/943 1150/819/903
f 723/820/904 743/860/944 1165/861/945 1166/821/905
f 724/822/906 744/862/946 1181/863/947 1182/823/907
f 725/824/908 745/864/948 1197/865/949 1198/825/909
f 726/826/910 746/866/950 1213/867/951 1214/827/911
f 727/828/912 747/868/952 1229/869/953 1230/829/913
f 728/830/914 748/870/954 1245/871/955 1246/831/915
f 729/832/916 749/872/956 1261/873/957 1262/833/917
f 730/834/918 750/874/958 1277/875/959 1278/835/919
f 731/836/920 751/876/960 973/877/961 974/837/921
f 732/838/922 752/878/962 989/879/963 990/839/923
f 733/840/924 753/880/964 1005/881/965 1006/841/925
f 734/842/926 754/882/966 1021/883/967 1022/843/927
f 735/844/928 755/884/968 1037/885/969 1038/845/929
f 736/846/930 756/886/970 1053/887/971 1054/847/931
f 737/848/932 757/888/972 1069/889/973 1070/849/933
f 738/850/934 758/890/974 1085/891/975 1086/851/935
f 739/852/936 759/892/976 1101/893/977 1102/853/937
f 740/854/938 760/894/978 1117/895/979 1118/855/939
f 741/856/940 761/896/980 1133/897/981 1134/857/941
f 742/858/942 762/898/982 1148/899/983 1149/859/943
f 743/860/944 763/900/984 1164/901/985 1165/861/945
f 744/862/946 764/902/986 1180/903/987 1181/863/947
f 745/864/948 765/904/988 1196/905/989 1197/865/949
f 746/866/950 766/906/990 1212/907/991 1213/867/951
f 747/868/952 767/908/992 1228/909/993 1229/869/953
f 748/870/954 768/910/994 1244/911/995 1245/871/955
f 749/872/956 769/912/996 1260/913/997 1261/873/957
f 750/874/958 770/914/998 1276/915/999 1277/875/959
f 751/876/960 771/916/1000 972/917/1001 973/877/961
f 752/878/962 772/918/1002 988/919/1003 989/879/963
f 753/880/964 773/920/1004 1004/921/1005 1005/881/965
f 754/882/966 774/922/1006 1020/923/1007 1021/883/967
f 755/884/968 775/924/1008 1036/925/1009 1037/885/969
f 756/886/970 776/926/1010 1052/927/1011 1053/887/971
f 757/888/972 777/928/1012 1068/929/1013 1069/889/973
f 758/890/974 778/930/1014 1084/931/1015 1085/891/975
f 759/892/976 779/932/1016 1100/933/1017 1101/893/977
f 760/894/978 780/934/1018 1116/935/1019 1117/895/979
f 761/896/980 781/936/1020 1132/937/1021 1133/897/981
f 762/898/982 782/938/1022 1147/939/1023 1148/899/983
f 763/900/984 783/940/1024 1163/941/1025 1164/901/985
f 764/902/986 784/942/1026 1179/943/1027 1180/903/987
f 765/904/988 785/944/1028 1195/945/1029 1196/905/989
f 766/906/990 786/946/1030 1211/947/1031 1212/907/991
f 767/908/992 787/948/1032 1227/949/1033 1228/909/993
f 768/910/994 788/950/1034 1243/951/1035 1244/911/995
f 769/912/996 789/952/1036 1259/953/1037 1260/913/997
f 770/914/998 790/954/1038 1275/955/1039 1276/915/999
f 771/916/1000 791/956/1040 971/957/1041 972/917/1001
f 772/918/1002 792/958/1042 987/959/1043 988/919/1003
f 773/920/1004 793/960/1044 1003/961/1045 1004/921/1005
f 774/922/1006 794/962/1046 1019/963/1047 1020/923/1007
f 775/924/1008 795/964/1048 1035/965/1049 1036/925/1009
f 776/926/1010 796/966/1050 1051/967/1051 1052/927/1011
f 777/928/1012 797/968/1052 1067/969/1053 1068/929/1013
f 778/930/1014 798/970/1054 1083/971/1055 1084/931/1015
f 779/932/1016 799/972/1056 1099/973/1057 1100/933/1017
f 780/934/1018 800/974/1058 1115/975/1059 1116/935/1019
f 781/936/1020 801/976/1060 1131/977/1061 1132/937/1021
f 782/938/1022 802/978/1062 1146/979/1063 1147/939/1023
f 783/940/1024 803/980/1064 1162/981/1065 1163/941/1025
f 784/942/1026 804/982/1066 1178/983/1067 1179/943/1027
f 785/944/1028 805/984/1068 1194/985/1069 1195/945/1029
f 786/946/1030 806/986/1070 1210/987/1071 1211/947/1031
f 787/948/1032 807/988/1072 1226/989/1073 1227/949/1033
f 788/950/1034 808/990/1074 1242/991/1075 1243/951/1035
f 789/952/1036 809/992/1076 1258/993/1077 1259/953/1037
f 790/954/1038 810/994/1078 1274/995/1079 1275/955/1039
f 791/956/1040 811/996/1080 970/997/1081 971/957/1041
f 792/958/1042 812/998/1082 986/999/1083 987/959/1043
f 793/960/1044 813/1000/1084 1002/1001/1085 1003/961/1045
f 794/962/1046 814/1002/1086 1018/1003/1087 1019/963/1047
f 795/964/1048 815/1004/1088 1034/1005/1089 1035/965/1049
f 796/966/1050 816/1006/1090 1050/1007/1091 1051/967/1051
f 797/968/1052 817/1008/1092 1066/1009/1093 1067/969/1053
f 798/970/1054 818/1010/1094 1082/1011/1095 1083/971/1055
f 799/972/1056 819/1012/1096 1098/1013/1097 1099/973/1057
f 800/974/1058 820/1014/1098 1114/1015/1099 1115/975/1059
f 801/976/1060 821/1016/1100 1130/1017/1101 1131/977/1061
f 802/978/1062 822/1018/1102 1145/1019/1103 1146/979/1063
f 803/980/1064 823/1020/1104 1161/1021/1105 1162/981/1065
f 804/982/1066 824/1022/1106 1177/1023/1107 1178/983/1067
f 805/984/1068 825/1024/1108 1193/1025/1109 1194/985/1069
f 806/986/1070 826/1026/1110 1209/1027/1111 1210/987/1071
f 807/988/1072 827/1028/1112 1225/1029/1113 1226/989/1073
f 808/990/1074 828/1030/1114 1241/1031/1115 1242/991/1075
f 809/992/1076 829/1032/1116 1257/1033/1117 1258/993/1077
f 810/994/1078 830/1034/1118 1273/1035/1119 1274/995/1079
f 811/996/1080 831/1036/1120 969/1037/1121 970/997/1081
f 812/998/1082 832/1038/1122 985/1039/1123 986/999/1083
f 813/1000/1084 833/1040/1124 1001/1041/1125 1002/1001/1085
f 814/1002/1086 834/1042/1126 1017/1043/1127 1018/1003/1087
f 815/1004/1088 835/1044/1128 1033/1045/1129 1034/1005/1089
f 816/1006/1090 836/1046/1130 1049/1047/1131 1050/1007/1091
f 817/1008/1092 837/1048/1132 1065/1049/1133 1066/1009/1093
f 818/1010/1094 838/1050/1134 1081/1051/1135 1082/1011/1095
f 819/1012/1096 839/1052/1136 1097/1053/1137 1098/1013/1097
f 820/1014/1098 840/1054/1138 1113/1055/1139 1114/1015/1099
f 821/1016/1100 841/1056/1140 1129/1057/1141 1130/1017/1101
f 822/1018/1102 842/1058/1142 1144/1059/1143 1145/1019/1103
f 823/1020/1104 843/1060/1144 1160/1061/1145 1161/1021/1105
f 824/1022/1106 844/1062/1146 1176/1063/1147 1177/1023/1107
f 825/1024/1108 845/1064/1148 1192/1065/1149 1193/1025/1109
f 826/1026/1110 846/1066/1150 1208/1067/1151 1209/1027/1111
f 827/1028/1112 847/1068/1152 1224/1069/1153 1225/1029/1113
f 828/1030/1114 848/1070/1154 1240/1071/1155 1241/1031/1115
f 829/1032/1116 849/1072/1156 1256/1073/1157 1257/1033/1117
f 830/1034/1118 850/1074/1158 1272/1075/1159 1273/1035/1119
f 831/1036/1120 851/1076/1160 968/1077/1161 969/1037/1121
f 832/1038/1122 852/1078/1162 984/1079/1163 985/1039/1123
f 833/1040/1124 853/1080/1164 1000/1081/1165 1001/1041/1125
f 834/1042/1126 854/1082/1166 1016/1083/1167 1017/1043/1127
f 835/1044/1128 855/1084/1168 1032/1085/1169 1033/1045/1129
f 836/1046/1130 856/1086/1170 1048/1087/1171 1049/1047/1131
f 837/1048/1132 857/1088/1172 1064/1089/1173 1065/1049/1133
f 838/1050/1134 858/1090/1174 1080/1091/1175 1081/1051/1135
f 839/1052/1136 859/1092/1176 1096/1093/1177 1097/1053/1137
f 840/1054/1138 860/1094/1178 1112/1095/1179 1113/1055/1139
f 841/1056/1140 861/1096/1180 1128/1097/1181 1129/1057/1141
f 842/1058/1142 862/1098/1182 1143/1099/1183 1144/1059/1143
f 843/1060/1144 863/1100/1184 1159/1101/1185 1160/1061/1145
f 844/1062/1146 864/1102/1186 1175/1103/1187 1176/1063/1147
f 845/1064/1148 865/1104/1188 1191/1105/1189 1192/1065/1149
f 846/1066/1150 866/1106/1190 1207/1107/1191 1208/1067/1151
f 847/1068/1152 867/1108/1192 1223/1109/1193 1224/1069/1153
f 848/1070/1154 868/1110/1194 1239/1111/1195 1240/1071/1155
f 849/1072/1156 869/1112/1196 1255/1113/1197 1256/1073/1157
f 850/1074/1158 870/1114/1198 1271/1115/1199 1272/1075/1159
f 851/1076/1160 871/1116/1200 967/1117/1201 968/1077/1161
f 852/1078/1162 872/1118/1202 983/1119/1203 984/1079/1163
f 853/1080/1164 873/1120/1204 999/1121/1205 1000/1081/1165
f 854/1082/1166 874/1122/1206 1015/1123/1207 1016/1083/1167
f 855/1084/1168 875/1124/1208 1031/1125/1209 1032/1085/1169
f 856/1086/1170 876/1126/1210 1047/1127/1211 1048/1087/1171
f 857/1088/1172 877/1128/1212 1063/1129/1213 1064/1089/1173
f 858/1090/1174 878/1130/1214 1079/1131/1215 1080/1091/1175
f 859/1092/1176 879/1132/1216 1095/1133/1217 1096/1093/1177
f 860/1094/1178 880/1134/1218 1111/1135/1219 1112/1095/1179
f 861/1096/1180 881/1136/1220 1127/1137/1221 1128/1097/1181
f 643/662/746 882/1138/1222 642/658/742 1154/661/745
f 644/666/750 882/1138/1222 643/662/746 1170/665/749
f 645/670/754 882/1138/1222 644/666/750 1186/669/753
f 646/1139/758 882/1138/1222 645/670/754 1202/673/757
f 647/678/762 882/1138/1222 646/674/758 1218/677/761
f 648/682/766 882/1138/1222 647/678/762 1234/681/765
f 649/686/770 882/1138/1222 648/682/766 1250/685/769
f 650/690/774 882/1138/1222 649/686/770 1266/689/773
f 651/694/778 882/1138/1222 650/690/774 1282/693/777
f 652/698/782 882/1138/1222 651/694/778 978/697/781
f 653/702/786 882/1138/1222 652/698/782 994/701/785
f 654/706/790 882/1138/1222 653/702/786 1010/705/789
f 655/710/794 882/1138/1222 654/706/790 1026/709/793
f 656/714/798 882/1138/1222 655/710/794 1042/713/797
f 657/718/802 882/1138/1222 656/714/798 1058/717/801
f 658/722/806 882/1138/1222 657/718/802 1074/721/805
f 659/726/810 882/1138/1222 658/722/806 1090/725/809
f 660/730/814 882/1138/1222 659/726/810 1106/729/813
f 661/734/818 882/1138/1222 660/730/814 1122/733/817
f 642/658/742 882/1138/1222 661/734/818 1138/737/821
f 883/1140/1223 1139/1141/1224 1140/1142/1225 903/1143/1226
f 884/1144/1227 1155/1145/1228 1156/1146/1229 904/1147/1230
f 885/1148/1231 1171/1149/1232 1172/1150/1233 905/1151/1234
f 886/1152/1235 1187/1153/1236 1188/1154/1237 906/1155/1238
f 887/1156/1239 1203/1157/1240 1204/1158/1241 907/1159/1242
f 888/1160/1243 1219/1161/1244 1220/1162/1245 908/1163/1246
f 889/1164/1247 1235/1165/1248 1236/1166/1249 909/1167/1250
f 890/1168/1251 1251/1169/1252 1252/1170/1253 910/1171/1254
f 891/1172/1255 1267/1173/1256 1268/1174/1257 911/1175/1258
f 892/1176/1259 963/1177/1260 964/1178/1261 912/1179/1262
f 893/1180/1263 979/1181/1264 980/1182/1265 913/1183/1266
f 894/1184/1267 995/1185/1268 996/1186/1269 914/1187/1270
f 895/1188/1271 1011/1189/1272 1012/1190/1273 915/1191/1274
f 896/1192/1275 1027/1193/1276 1028/1194/1277 916/1195/1278
f 897/1196/1279 1043/1197/1280 1044/1198/1281 917/1199/1282
f 898/1200/1283 1059/1201/1284 1060/1202/1285 918/1203/1286
f 899/1204/1287 1075/1205/1288 1076/1206/1289 919/1207/1290
f 900/1208/1291 1091/1209/1292 1092/1210/1293 920/1211/1294
f 901/1212/1295 1107/1213/1296 1108/1214/1297 921/1215/1298
f 902/1216/1299 1123/1217/1300 1124/1218/1301 922/1219/1302
f 903/1143/1226 1140/1142/1225 1141/1220/1303 923/1221/1304
f 904/1147/1230 1156/1146/1229 1157/1222/1305 924/1223/1306
f 905/1151/1234 1172/1150/1233 1173/1224/1307 925/1225/1308
f 906/1155/1238 1188/1154/1237 1189/1226/1309 926/1227/1310
f 907/1159/1242 1204/1158/1241 1205/1228/1311 927/1229/1312
f 908/1163/1246 1220/1162/1245 1221/1230/1313 928/1231/1314
f 909/1167/1250 1236/1166/1249 1237/1232/1315 929/1233/1316
f 910/1171/1254 1252/1170/1253 1253/1234/1317 930/1235/1318
f 911/1175/1258 1268/1174/1257 1269/1236/1319 931/1237/1320
f 912/1179/1262 964/1178/1261 965/1238/1321 932/1239/1322
f 913/1183/1266 980/1182/1265 981/1240/1323 933/1241/1324
f 914/1187/1270 996/1186/1269 997/1242/1325 934/1243/1326
f 915/1191/1274 1012/1190/1273 1013/1244/1327 935/1245/1328
f 916/1195/1278 1028/1194/1277 1029/1246/1329 936/1247/1330
f 917/1199/1282 1044/1198/1281 1045/1248/1331 937/1249/1332
f 918/1203/1286 1060/1202/1285 1061/1250/1333 938/1251/1334
f 919/1207/1290 1076/1206/1289 1077/1252/1335 939/1253/1336
f 920/1211/1294 1092/1210/1293 1093/1254/1337 940/1255/1338
f 921/1215/1298 1108/1214/1297 1109/1256/1339 941/1257/1340
f 922/1219/1302 1124/1218/1301 1125/1258/1341 942/1259/1342
f 1143/1099/1183 862/1098/1182 960/1260/1343 1142/1261/1344
f 1127/1137/1221 881/1136/1220 959/1262/1345 1126/1263/1346
f 1111/1135/1219 880/1134/1218 958/1264/1347 1110/1265/1348
f 1095/1133/1217 879/1132/1216 957/1266/1349 1094/1267/1350
f 1079/1131/1215 878/1130/1214 956/1268/1351 1078/1269/1352
f 1063/1129/1213 877/1128/1212 955/1270/1353 1062/1271/1354
f 1047/1127/1211 876/1126/1210 954/1272/1355 1046/1273/1356
f 1031/1125/1209 875/1124/1208 953/1274/1357 1030/1275/1358
f 1015/1123/1207 874/1122/1206 952/1276/1359 1014/1277/1360
f 999/1121/1205 873/1120/1204 951/1278/1361 998/1279/1362
f 983/1119/1203 872/1118/1202 950/1280/1363 982/1281/1364
f 967/1117/1201 871/1116/1200 949/1282/1365 966/1283/1366
f 1271/1115/1199 870/1114/1198 948/1284/1367 1270/1285/1368
f 1255/1113/1197 869/1112/1196 947/1286/1369 1254/1287/1370
f 1239/1111/1195 868/1110/1194 946/1288/1371 1238/1289/1372
f 1223/1109/1193 867/1108/1192 945/1290/1373 1222/1291/1374
f 1207/1107/1191 866/1106/1190 944/1292/1375 1206/1293/1376
f 1191/1105/1189 865/1104/1188 943/1294/1377 1190/1295/1378
f 1175/1103/1187 864/1102/1186 962/1296/1379 1174/1297/1380
f 1159/1101/1185 863/1100/1184 961/1298/1381 1158/1299/1382
f 1190/1295/1378 943/1294/1377 926/1227/1310 1189/1226/1309
f 1206/1293/1376 944/1292/1375 927/1229/1312 1205/1228/1311
f 1222/1291/1374 945/1290/1373 928/1231/1314 1221/1230/1313
f 1238/1289/1372 946/1288/1371 929/1233/1316 1237/1232/1315
f 1254/1287/1370 947/1286/1369 930/1235/1318 1253/1234/1317
f 1270/1285/1368 948/1284/1367 931/1237/1320 1269/1236/1319
f 966/1283/1366 949/1282/1365 932/1239/1322 965/1238/1321
f 982/1281/1364 950/1280/1363 933/1241/1324 981/1240/1323
f 998/1279/1362 951/1278/1361 934/1243/1326 997/1242/1325
f 1014/1277/1360 952/1276/1359 935/1245/1328 1013/1244/1327
f 1030/1275/1358 953/1274/1357 936/1247/1330 1029/1246/1329
f 1046/1273/1356 954/1272/1355 937/1249/1332 1045/1248/1331
f 1062/1271/1354 955/1270/1353 938/1251/1334 1061/1250/1333
f 1078/1269/1352 956/1268/1351 939/1253/1336 1077/1252/1335
f 1094/1267/1350 957/1266/1349 940/1255/1338 1093/1254/1337
f 1110/1265/1348 958/1264/1347 941/1257/1340 1109/1256/1339
f 1126/1263/1346 959/1262/1345 942/1259/1342 1125/1258/1341
f 1142/1261/1344 960/1260/1343 923/1221/1304 1141/1220/1303
f 1158/1299/1382 961/1298/1381 924/1223/1306 1157/1222/1305
f 1174/1297/1380 962/1296/1379 925/1225/1308 1173/1224/1307
f 964/1178/1261 963/1177/1260 893/1180/1263 913/1183/1266
f 965/1238/1321 964/1178/1261 913/1183/1266 933/1241/1324
f 950/1280/1363 966/1283/1366 965/1238/1321 933/1241/1324
f 872/1118/1202 967/1117/1201 966/1283/1366 950/1280/1363
f 968/1077/1161 967/1117/1201 872/1118/1202 852/1078/1162
f 969/1037/1121 968/1077/1161 852/1078/1162 832/1038/1122
f 970/997/1081 969/1037/1121 832/1038/1122 812/998/1082
f 971/957/1041 970/997/1081 812/998/1082 792/958/1042
f 972/917/1001 971/957/1041 792/958/1042 772/918/1002
f 973/877/961 972/917/1001 772/918/1002 752/878/962
f 974/837/921 973/877/961 752/878/962 732/838/922
f 975/797/881 974/837/921 732/838/922 712/798/882
f 976/757/841 975/797/881 712/798/882 692/758/842
f 977/696/780 976/757/841 692/758/842 672/699/783
f 978/697/781 977/696/780 672/699/783 652/698/782
f 980/1182/1265 979/1181/1264 894/1184/1267 914/1187/1270
f 981/1240/1323 980/1182/1265 914/1187/1270 934/1243/1326
f 951/1278/1361 982/1281/1364 981/1240/1323 934/1243/1326
f 873/1120/1204 983/1119/1203 982/1281/1364 951/1278/1361
f 984/1079/1163 983/1119/1203 873/1120/1204 853/1080/1164
f 985/1039/1123 984/1079/1163 853/1080/1164 833/1040/1124
f 986/999/1083 985/1039/1123 833/1040/1124 813/1000/1084
f 987/959/1043 986/999/1083 813/1000/1084 793/960/1044
f 988/919/1003 987/959/1043 793/960/1044 773/920/1004
f 989/879/963 988/919/1003 773/920/1004 753/880/964
f 990/839/923 989/879/963 753/880/964 733/840/924
f 991/799/883 990/839/923 733/840/924 713/800/884
f 992/759/843 991/799/883 713/800/884 693/760/844
f 993/700/784 992/759/843 693/760/844 673/703/787
f 994/701/785 993/700/784 673/703/787 653/702/786
f 996/1186/1269 995/1185/1268 895/1188/1271 915/1191/1274
f 997/1242/1325 996/1186/1269 915/1191/1274 935/1245/1328
f 952/1276/1359 998/1279/1362 997/1242/1325 935/1245/1328
f 874/1122/1206 999/1121/1205 998/1279/1362 952/1276/1359
f 1000/1081/1165 999/1121/1205 874/1122/1206 854/1082/1166
f 1001/1041/1125 1000/1081/1165 854/1082/1166 834/1042/1126
f 1002/1001/1085 1001/1041/1125 834/1042/1126 814/1002/1086
f 1003/961/1045 1002/1001/1085 814/1002/1086 794/962/1046
f 1004/921/1005 1003/961/1045 794/962/1046 774/922/1006
f 1005/881/965 1004/921/1005 774/922/1006 754/882/966
f 1006/841/925 1005/881/965 754/882/966 734/842/926
f 1007/801/885 1006/841/925 734/842/926 714/802/886
f 1008/761/845 1007/801/885 714/802/886 694/762/846
f 1009/704/788 1008/761/845 694/762/846 674/707/791
f 1010/705/789 1009/704/788 674/707/791 654/706/790
f 1012/1190/1273 1011/1189/1272 896/1192/1275 916/1195/1278
f 1013/1244/1327 1012/1190/1273 916/1195/1278 936/1247/1330
f 953/1274/1357 1014/1277/1360 1013/1244/1327 936/1247/1330
f 875/1124/1208 1015/1123/1207 1014/1277/1360 953/1274/1357
f 1016/1083/1167 1015/1123/1207 875/1124/1208 855/1084/1168
f 1017/1043/1127 1016/1083/1167 855/1084/1168 835/1044/1128
f 1018/1003/1087 1017/1043/1127 835/1044/1128 815/1004/1088
f 1019/963/1047 1018/1003/1087 815/1004/1088 795/964/1048
f 1020/923/1007 1019/963/1047 795/964/1048 775/924/1008
f 1021/883/967 1020/923/1007 775/924/1008 755/884/968
f 1022/843/927 1021/883/967 755/884/968 735/844/928
f 1023/803/887 1022/843/927 735/844/928 715/804/888
f 1024/763/847 1023/803/887 715/804/888 695/764/848
f 1025/708/792 1024/763/847 695/764/848 675/711/795
f 1026/709/793 1025/708/792 675/711/795 655/710/794
f 1028/1194/1277 1027/1193/1276 897/1196/1279 917/1199/1282
f 1029/1246/1329 1028/1194/1277 917/1199/1282 937/1249/1332
f 954/1272/1355 1030/1275/1358 1029/1246/1329 937/1249/1332
f 876/1126/1210 1031/1125/1209 1030/1275/1358 954/1272/1355
f 1032/1085/1169 1031/1125/1209 876/1126/1210 856/1086/1170
f 1033/1045/1129 1032/1085/1169 856/1086/1170 836/1046/1130
f 1034/1005/1089 1033/1045/1129 836/1046/1130 816/1006/1090
f 1035/965/1049 1034/1005/1089 816/1006/1090 796/966/1050
f 1036/925/1009 1035/965/1049 796/966/1050 776/926/1010
f 1037/885/969 1036/925/1009 776/926/1010 756/886/970
f 1038/845/929 1037/885/969 756/886/970 736/846/930
f 1039/805/889 1038/845/929 736/846/930 716/806/890
f 1040/765/849 1039/805/889 716/806/890 696/766/850
f 1041/712/796 1040/765/849 696/766/850 676/715/799
f 1042/713/797 1041/712/796 676/715/799 656/714/798
f 1044/1198/1281 1043/1197/1280 898/1200/1283 918/1203/1286
f 1045/1248/1331 1044/1198/1281 918/1203/1286 938/1251/1334
f 955/1270/1353 1046/1273/1356 1045/1248/1331 938/1251/1334
f 877/1128/1212 1047/1127/1211 1046/1273/1356 955/1270/1353
f 1048/1087/1171 1047/1127/1211 877/1128/1212 857/1088/1172
f 1049/1047/1131 1048/1087/1171 857/1088/1172 837/1048/1132
f 1050/1007/1091 1049/1047/1131 837/1048/1132 817/1008/1092
f 1051/967/1051 1050/1007/1091 817/1008/1092 797/968/1052
f 1052/927/1011 1051/967/1051 797/968/1052 777/928/1012
f 1053/887/971 1052/927/1011 777/928/1012 757/888/972
f 1054/847/931 1053/887/971 757/888/972 737/848/932
f 1055/807/891 1054/847/931 737/848/932 717/808/892
f 1056/767/851 1055/807/891 717/808/892 697/768/852
f 1057/716/800 1056/767/851 697/768/852 677/719/803
f 1058/717/801 1057/716/800 677/719/803 657/718/802
f 1060/1202/1285 1059/1201/1284 899/1204/1287 919/1207/1290
f 1061/1250/1333 1060/1202/1285 919/1207/1290 939/1253/1336
f 956/1268/1351 1062/1271/1354 1061/1250/1333 939/1253/1336
f 878/1130/1214 1063/1129/1213 1062/1271/1354 956/1268/1351
f 1064/1089/1173 1063/1129/1213 878/1130/1214 858/1090/1174
f 1065/1049/1133 1064/1089/1173 858/1090/1174 838/1050/1134
f 1066/1009/1093 1065/1049/1133 838/1050/1134 818/1010/1094
f 1067/969/1053 1066/1009/1093 818/1010/1094 798/970/1054
f 1068/929/1013 1067/969/1053 798/970/1054 778/930/1014
f 1069/889/973 1068/929/1013 778/930/1014 758/890/974
f 1070/849/933 1069/889/973 758/890/974 738/850/934
f 1071/809/893 1070/849/933 738/850/934 718/810/894
f 1072/769/853 1071/809/893 718/810/894 698/770/854
f 1073/720/804 1072/769/853 698/770/854 678/723/807
f 1074/721/805 1073/720/804 678/723/807 658/722/806
f 1076/1206/1289 1075/1205/1288 900/1208/1291 920/1211/1294
f 1077/1252/1335 1076/1206/1289 920/1211/1294 940/1255/1338
f 957/1266/1349 1078/1269/1352 1077/1252/1335 940/1255/1338
f 879/1132/1216 1079/1131/1215 1078/1269/1352 957/1266/1349
f 1080/1091/1175 1079/1131/1215 879/1132/1216 859/1092/1176
f 1081/1051/1135 1080/1091/1175 859/1092/1176 839/1052/1136
f 1082/1011/1095 1081/1051/1135 839/1052/1136 819/1012/1096
f 1083/971/1055 1082/1011/1095 819/1012/1096 799/972/1056
f 1084/931/1015 1083/971/1055 799/972/1056 779/932/1016
f 1085/891/975 1084/931/1015 779/932/1016 759/892/976
f 1086/851/935 1085/891/975 759/892/976 739/852/936
f 1087/811/895 1086/851/935 739/852/936 719/812/896
f 1088/771/855 1087/811/895 719/812/896 699/772/856
f 1089/724/808 1088/771/855 699/772/856 679/727/811
f 1090/725/809 1089/724/808 679/727/811 659/726/810
f 1092/1210/1293 1091/1209/1292 901/1212/1295 921/1215/1298
f 1093/1254/1337 1092/1210/1293 921/1215/1298 941/1257/1340
f 958/1264/1347 1094/1267/1350 1093/1254/1337 941/1257/1340
f 880/1134/1218 1095/1133/1217 1094/1267/1350 958/1264/1347
f 1096/1093/1177 1095/1133/1217 880/1134/1218 860/1094/1178
f 1097/1053/1137 1096/1093/1177 860/1094/1178 840/1054/1138
f 1098/1013/1097 1097/1053/1137 840/1054/1138 820/1014/1098
f 1099/973/1057 1098/1013/1097 820/1014/1098 800/974/1058
f 1100/933/1017 1099/973/1057 800/974/1058 780/934/1018
f 1101/893/977 1100/933/1017 780/934/1018 760/894/978
f 1102/853/937 1101/893/977 760/894/978 740/854/938
f 1103/813/897 1102/853/937 740/854/938 720/814/898
f 1104/773/857 1103/813/897 720/814/898 700/774/858
f 1105/728/812 1104/773/857 700/774/858 680/731/815
f 1106/729/813 1105/728/812 680/731/815 660/730/814
f 1108/1214/1297 1107/1213/1296 902/1216/1299 922/1219/1302
f 1109/1256/1339 1108/1214/1297 922/1219/1302 942/1259/1342
f 959/1262/1345 1110/1265/1348 1109/1256/1339 942/1259/1342
f 881/1136/1220 1111/1135/1219 1110/1265/1348 959/1262/1345
f 1112/1095/1179 1111/1135/1219 881/1136/1220 861/1096/1180
f 1113/1055/1139 1112/1095/1179 861/1096/1180 841/1056/1140
f 1114/1015/1099 1113/1055/1139 841/1056/1140 821/1016/1100
f 1115/975/1059 1114/1015/1099 821/1016/1100 801/976/1060
f 1116/935/1019 1115/975/1059 801/976/1060 781/936/1020
f 1117/895/979 1116/935/1019 781/936/1020 761/896/980
f 1118/855/939 1117/895/979 761/896/980 741/856/940
f 1119/815/899 1118/855/939 741/856/940 721/816/900
f 1120/775/859 1119/815/899 721/816/900 701/776/860
f 1121/732/816 1120/775/859 701/776/860 681/735/819
f 1122/733/817 1121/732/816 681/735/819 661/734/818
f 1124/1218/1301 1123/1217/1300 883/1140/1223 903/1143/1226
f 1125/1258/1341 1124/1218/1301 903/1143/1226 923/1221/1304
f 960/1260/1343 1126/1263/1346 1125/1258/1341 923/1221/1304
f 862/1098/1182 1127/1137/1221 1126/1263/1346 960/1260/1343
f 1128/1097/1181 1127/1137/1221 862/1098/1182 842/1058/1142
f 1129/1057/1141 1128/1097/1181 842/1058/1142 822/1018/1102
f 1130/1017/1101 1129/1057/1141 822/1018/1102 802/978/1062
f 1131/977/1061 1130/1017/1101 802/978/1062 782/938/1022
f 1132/937/1021 1131/977/1061 782/938/1022 762/898/982
f 1133/897/981 1132/937/1021 762/898/982 742/858/942
f 1134/857/941 1133/897/981 742/858/942 722/818/902
f 1135/817/901 1134/857/941 722/818/902 702/778/862
f 1136/777/861 1135/817/901 702/778/862 682/738/822
f 1137/736/820 1136/777/861 682/738/822 662/659/743
f 1138/737/821 1137/736/820 662/659/743 642/658/742
f 1140/1142/1225 1139/1141/1224 884/1144/1227 904/1147/1230
f 1141/1220/1303 1140/1142/1225 904/1147/1230 924/1223/1306
f 961/1298/1381 1142/1261/1344 1141/1220/1303 924/1223/1306
f 863/1100/1184 1143/1099/1183 1142/1261/1344 961/1298/1381
f 1144/1059/1143 1143/1099/1183 863/1100/1184 843/1060/1144
f 1145/1019/1103 1144/1059/1143 843/1060/1144 823/1020/1104
f 1146/979/1063 1145/1019/1103 823/1020/1104 803/980/1064
f 1147/939/1023 1146/979/1063 803/980/1064 783/940/1024
f 1148/899/983 1147/939/1023 783/940/1024 763/900/984
f 1149/859/943 1148/899/983 763/900/984 743/860/944
f 1150/819/903 1149/859/943 743/860/944 723/820/904
f 1151/779/863 1150/819/903 723/820/904 703/780/864
f 1152/739/823 1151/779/863 703/780/864 683/740/824
f 1153/660/744 1152/739/823 683/740/824 663/663/747
f 1154/661/745 1153/660/744 663/663/747 643/662/746
f 1156/1146/1229 1155/1145/1228 885/1148/1231 905/1151/1234
f 1157/1222/1305 1156/1146/1229 905/1151/1234 925/1225/1308
f 962/1296/1379 1158/1299/1382 1157/1222/1305 925/1225/1308
f 864/1102/1186 1159/1101/1185 1158/1299/1382 962/1296/1379
f 1160/1061/1145 1159/1101/1185 864/1102/1186 844/1062/1146
f 1161/1021/1105 1160/1061/1145 844/1062/1146 824/1022/1106
f 1162/981/1065 1161/1021/1105 824/1022/1106 804/982/1066
f 1163/941/1025 1162/981/1065 804/982/1066 784/942/1026
f 1164/901/985 1163/941/1025 784/942/1026 764/902/986
f 1165/861/945 1164/901/985 764/902/986 744/862/946
f 1166/821/905 1165/861/945 744/862/946 724/822/906
f 1167/781/865 1166/821/905 724/822/906 704/782/866
f 1168/741/825 1167/781/865 704/782/866 684/742/826
f 1169/664/748 1168/741/825 684/742/826 664/667/751
f 1170/665/749 1169/664/748 664/667/751 644/666/750
f 1172/1150/1233 1171/1149/1232 886/1152/1235 906/1155/1238
f 1173/1224/1307 1172/1150/1233 906/1155/1238 926/1227/1310
f 943/1294/1377 1174/1297/1380 1173/1224/1307 926/1227/1310
f 865/1104/1188 1175/1103/1187 1174/1297/1380 943/1294/1377
f 1176/1063/1147 1175/1103/1187 865/1104/1188 845/1064/1148
f 1177/1023/1107 1176/1063/1147 845/1064/1148 825/1024/1108
f 1178/983/1067 1177/1023/1107 825/1024/1108 805/984/1068
f 1179/943/1027 1178/983/1067 805/984/1068 785/944/1028
f 1180/903/987 1179/943/1027 785/944/1028 765/904/988
f 1181/863/947 1180/903/987 765/904/988 745/864/948
f 1182/823/907 1181/863/947 745/864/948 725/824/908
f 1183/783/867 1182/823/907 725/824/908 705/784/868
f 1184/743/827 1183/783/867 705/784/868 685/744/828
f 1185/668/752 1184/743/827 685/744/828 665/671/755
f 1186/669/753 1185/668/752 665/671/755 645/670/754
f 1188/1154/1237 1187/1153/1236 887/1300/1239 907/1301/1242
f 1189/1226/1309 1188/1154/1237 907/1301/1242 927/1302/1312
f 944/1303/1375 1190/1295/1378 1189/1226/1309 927/1302/1312
f 866/1304/1190 1191/1105/1189 1190/1295/1378 944/1303/1375
f 1192/1065/1149 1191/1105/1189 866/1304/1190 846/1305/1150
f 1193/1025/1109 1192/1065/1149 846/1305/1150 826/1306/1110
f 1194/985/1069 1193/1025/1109 826/1306/1110 806/1307/1070
f 1195/945/1029 1194/985/1069 806/1307/1070 786/1308/1030
f 1196/905/989 1195/945/1029 786/1308/1030 766/1309/990
f 1197/865/949 1196/905/989 766/1309/990 746/1310/950
f 1198/825/909 1197/865/949 746/1310/950 726/1311/910
f 1199/785/869 1198/825/909 726/1311/910 706/1312/870
f 1200/745/829 1199/785/869 706/1312/870 686/1313/830
f 1201/672/756 1200/745/829 686/1313/830 666/1314/759
f 1202/673/757 1201/672/756 666/1314/759 646/1139/758
f 1204/1158/1241 1203/1157/1240 888/1160/1243 908/1163/1246
f 1205/1228/1311 1204/1158/1241 908/1163/1246 928/1231/1314
f 945/1290/1373 1206/1293/1376 1205/1228/1311 928/1231/1314
f 867/1108/1192 1207/1107/1191 1206/1293/1376 945/1290/1373
f 1208/1067/1151 1207/1107/1191 867/1108/1192 847/1068/1152
f 1209/1027/1111 1208/1067/1151 847/1068/1152 827/1028/1112
f 1210/987/1071 1209/1027/1111 827/1028/1112 807/988/1072
f 1211/947/1031 1210/987/1071 807/988/1072 787/948/1032
f 1212/907/991 1211/947/1031 787/948/1032 767/908/992
f 1213/867/951 1212/907/991 767/908/992 747/868/952
f 1214/827/911 1213/867/951 747/868/952 727/828/912
f 1215/787/871 1214/827/911 727/828/912 707/788/872
f 1216/747/831 1215/787/871 707/788/872 687/748/832
f 1217/676/760 1216/747/831 687/748/832 667/679/763
f 1218/677/761 1217/676/760 667/679/763 647/678/762
f 1220/1162/1245 1219/1161/1244 889/1164/1247 909/1167/1250
f 1221/1230/1313 1220/1162/1245 909/1167/1250 929/1233/1316
f 946/1288/1371 1222/1291/1374 1221/1230/1313 929/1233/1316
f 868/1110/1194 1223/1109/1193 1222/1291/1374 946/1288/1371
f 1224/1069/1153 1223/1109/1193 868/1110/1194 848/1070/1154
f 1225/1029/1113 1224/1069/1153 848/1070/1154 828/1030/1114
f 1226/989/1073 1225/1029/1113 828/1030/1114 808/990/1074
f 1227/949/1033 1226/989/1073 808/990/1074 788/950/1034
f 1228/909/993 1227/949/1033 788/950/1034 768/910/994
f 1229/869/953 1228/909/993 768/910/994 748/870/954
f 1230/829/913 1229/869/953 748/870/954 728/830/914
f 1231/789/873 1230/829/913 728/830/914 708/790/874
f 1232/749/833 1231/789/873 708/790/874 688/750/834
f 1233/680/764 1232/749/833 688/750/834 668/683/767
f 1234/681/765 1233/680/764 668/683/767 648/682/766
f 1236/1166/1249 1235/1165/1248 890/1168/1251 910/1171/1254
f 1237/1232/1315 1236/1166/1249 910/1171/1254 930/1235/1318
f 947/1286/1369 1238/1289/1372 1237/1232/1315 930/1235/1318
f 869/1112/1196 1239/1111/1195 1238/1289/1372 947/1286/1369
f 1240/1071/1155 1239/1111/1195 869/1112/1196 849/1072/1156
f 1241/1031/1115 1240/1071/1155 849/1072/1156 829/1032/1116
f 1242/991/1075 1241/1031/1115 829/1032/1116 809/992/1076
f 1243/951/1035 1242/991/1075 809/992/1076 789/952/1036
f 1244/911/995 1243/951/1035 789/952/1036 769/912/996
f 1245/871/955 1244/911/995 769/912/996 749/872/956
f 1246/831/915 1245/871/955 749/872/956 729/832/916
f 1247/791/875 1246/831/915 729/832/916 709/792/876
f 1248/751/835 1247/791/875 709/792/876 689/752/836
f 1249/684/768 1248/751/835 689/752/836 669/687/771
f 1250/685/769 1249/684/768 669/687/771 649/686/770
f 1252/1170/1253 1251/1169/1252 891/1172/1255 911/1175/1258
f 1253/1234/1317 1252/1170/1253 911/1175/1258 931/1237/1320
f 948/1284/1367 1254/1287/1370 1253/1234/1317 931/1237/1320
f 870/1114/1198 1255/1113/1197 1254/1287/1370 948/1284/1367
f 1256/1073/1157 1255/1113/1197 870/1114/1198 850/1074/1158
f 1257/1033/1117 1256/1073/1157 850/1074/1158 830/1034/1118
f 1258/993/1077 1257/1033/1117 830/1034/1118 810/994/1078
f 1259/953/1037 1258/993/1077 810/994/1078 790/954/1038
f 1260/913/997 1259/953/1037 790/954/1038 770/914/998
f 1261/873/957 1260/913/997 770/914/998 750/874/958
f 1262/833/917 1261/873/957 750/874/958 730/834/918
f 1263/793/877 1262/833/917 730/834/918 710/794/878
f 1264/753/837 1263/793/877 710/794/878 690/754/838
f 1265/688/772 1264/753/837 690/754/838 670/691/775
f 1266/689/773 1265/688/772 670/691/775 650/690/774
f 1268/1174/1257 1267/1173/1256 892/1176/1259 912/1179/1262
f 1269/1236/1319 1268/1174/1257 912/1179/1262 932/1239/1322
f 949/1282/1365 1270/1285/1368 1269/1236/1319 932/1239/1322
f 871/1116/1200 1271/1115/1199 1270/1285/1368 949/1282/1365
f 1272/1075/1159 1271/1115/1199 871/1116/1200 851/1076/1160
f 1273/1035/1119 1272/1075/1159 851/1076/1160 831/1036/1120
f 1274/995/1079 1273/1035/1119 831/1036/1120 811/996/1080
f 1275/955/1039 1274/995/1079 811/996/1080 791/956/1040
f 1276/915/999 1275/955/1039 791/956/1040 771/916/1000
f 1277/875/959 1276/915/999 771/916/1000 751/876/960
f 1278/835/919 1277/875/959 751/876/960 731/836/920
f 1279/795/879 1278/835/919 731/836/920 711/796/880
f 1280/755/839 1279/795/879 711/796/880 691/756/840
f 1281/692/776 1280/755/839 691/756/840 671/695/779
f 1282/693/777 1281/692/776 671/695/779 651/694/778
s 62
f 1289/1315/1383 1283/1316/1384 1284/1317/1385 1290/1318/1386
f 1291/1319/1387 1290/1320/1386 1284/1321/1385 1285/1322/1388
f 1292/1323/1389 1310/1324/1390 1311/1325/1391 1286/1326/1392
f 1293/1327/1393 1292/1323/1389 1286/1326/1392 1287/1328/1394
f 1294/1329/1395 1293/1327/1393 1287/1328/1394 1288/1330/1396
f 1306/1331/1397 1294/1329/1395 1288/1330/1396 1305/1332/1398
f 1289/1315/1383 1296/1333/1399 1295/1334/1400 1283/1316/1384
f 1301/1335/1401 1300/1336/1402 1291/1319/1387 1285/1322/1388
f 1296/1333/1399 1306/1331/1397 1305/1332/1398 1295/1334/1400
f 1307/1337/1403 1306/1331/1397 1296/1333/1399 1297/1338/1404
f 1298/1339/1405 1308/1340/1406 1307/1337/1403 1297/1338/1404
f 1299/1341/1407 1309/1342/1408 1308/1343/1406 1298/1344/1405
f 1299/1341/1407 1300/1336/1402 1310/1324/1390 1309/1342/1408
f 1311/1325/1391 1310/1324/1390 1300/1336/1402 1301/1335/1401
f 1312/1345/1409 1311/1325/1391 1301/1335/1401 1302/1346/1410
f 1313/1347/1411 1312/1345/1409 1302/1346/1410 1303/1348/1412
f 1314/1349/1413 1313/1350/1411 1303/1351/1412 1304/1352/1414
f 1304/1352/1414 1295/1334/1400 1305/1332/1398 1314/1349/1413
f 1322/1353/1415 1321/1354/1416 1351/1355/1417 1354/1356/1418
f 1321/1357/1416 1320/1358/1419 1352/1359/1420 1351/1360/1417
f 1320/1358/1419 1319/1361/1421 1353/1362/1422 1352/1359/1420
f 1330/1363/1423 1329/1364/1424 1356/1365/1425 1355/1366/1426
f 1329/1364/1424 1328/1367/1427 1357/1368/1428 1356/1365/1425
f 1328/1369/1427 1327/1370/1429 1358/1371/1430 1357/1372/1428
f 1331/1373/1431 1334/1374/1432 1336/1375/1433 1335/1376/1434
f 1334/1377/1432 1333/1378/1435 1337/1379/1436 1336/1380/1433
f 1333/1378/1435 1332/1381/1437 1338/1382/1438 1337/1379/1436
f 1342/1383/1439 1341/1384/1440 1344/1385/1441 1343/1386/1442
f 1341/1384/1440 1340/1387/1443 1345/1388/1444 1344/1385/1441
f 1340/1389/1443 1339/1390/1445 1346/1391/1446 1345/1392/1444
f 1319/1361/1421 1293/1327/1393 1294/1329/1395 1353/1362/1422
f 1338/1382/1438 1332/1381/1437 1289/1315/1383 1290/1318/1386
f 1327/1370/1429 1313/1350/1411 1314/1349/1413 1358/1371/1430
f 1308/1340/1406 1322/1353/1415 1354/1356/1418 1307/1337/1403
f 1309/1342/1408 1315/1393/1447 1322/1394/1415 1308/1343/1406
f 1319/1361/1421 1316/1395/1448 1292/1323/1389 1293/1327/1393
f 1327/1396/1429 1323/1397/1449 1312/1345/1409 1313/1347/1411
f 1338/1398/1438 1290/1320/1386 1291/1319/1387 1349/1399/1450
f 1283/1316/1384 1342/1383/1439 1343/1386/1442 1284/1317/1385
f 1285/1322/1388 1284/1321/1385 1343/1400/1442 1359/1401/1451
f 1287/1328/1394 1286/1326/1392 1326/1402/1452 1330/1363/1423
f 1288/1330/1396 1287/1328/1394 1330/1363/1423 1355/1366/1426
f 1335/1376/1434 1298/1339/1405 1297/1338/1404 1331/1373/1431
f 1335/1403/1434 1350/1404/1453 1299/1341/1407 1298/1344/1405
f 1303/1348/1412 1302/1346/1410 1362/1405/1454 1346/1406/1446
f 1304/1352/1414 1303/1351/1412 1346/1391/1446 1339/1390/1445
f 1317/1407/1455 1310/1324/1390 1292/1323/1389 1316/1395/1448
f 1324/1408/1456 1311/1325/1391 1312/1345/1409 1323/1397/1449
f 1333/1378/1435 1296/1333/1399 1289/1315/1383 1332/1381/1437
f 1340/1389/1443 1295/1334/1400 1304/1352/1414 1339/1390/1445
f 1347/1409/1457 1300/1336/1402 1299/1341/1407 1350/1404/1453
f 1306/1331/1397 1352/1359/1420 1353/1362/1422 1294/1329/1395
f 1356/1365/1425 1305/1332/1398 1288/1330/1396 1355/1366/1426
f 1360/1410/1458 1301/1335/1401 1285/1322/1388 1359/1401/1451
f 1315/1393/1447 1318/1411/1459 1321/1412/1416 1322/1394/1415
f 1318/1413/1459 1317/1407/1455 1320/1414/1419 1321/1415/1416
f 1317/1407/1455 1316/1395/1448 1319/1361/1421 1320/1414/1419
f 1326/1402/1452 1325/1416/1460 1329/1417/1424 1330/1363/1423
f 1325/1416/1460 1324/1418/1456 1328/1419/1427 1329/1417/1424
f 1324/1408/1456 1323/1397/1449 1327/1396/1429 1328/1420/1427
f 1337/1421/1436 1338/1398/1438 1349/1399/1450 1348/1422/1461
f 1335/1403/1434 1336/1423/1433 1347/1409/1457 1350/1404/1453
f 1336/1424/1433 1337/1421/1436 1348/1422/1461 1347/1425/1457
f 1345/1426/1444 1346/1406/1446 1362/1405/1454 1361/1427/1462
f 1343/1400/1442 1344/1428/1441 1360/1410/1458 1359/1401/1451
f 1344/1428/1441 1345/1429/1444 1361/1430/1462 1360/1410/1458
f 1351/1360/1417 1352/1359/1420 1306/1331/1397
f 1351/1355/1417 1306/1331/1397 1307/1337/1403 1354/1356/1418
f 1315/1393/1447 1309/1342/1408 1310/1324/1390 1318/1411/1459
f 1318/1413/1459 1310/1324/1390 1317/1407/1455
f 1314/1349/1413 1305/1332/1398 1357/1372/1428 1358/1371/1430
f 1357/1368/1428 1305/1332/1398 1356/1365/1425
f 1286/1326/1392 1311/1325/1391 1325/1416/1460 1326/1402/1452
f 1325/1416/1460 1311/1325/1391 1324/1418/1456
f 1302/1346/1410 1301/1335/1401 1361/1427/1462 1362/1405/1454
f 1361/1430/1462 1301/1335/1401 1360/1410/1458
f 1300/1336/1402 1348/1422/1461 1349/1399/1450 1291/1319/1387
f 1347/1425/1457 1348/1422/1461 1300/1336/1402
f 1331/1373/1431 1297/1338/1404 1296/1333/1399 1334/1374/1432
f 1334/1377/1432 1296/1333/1399 1333/1378/1435
f 1283/1316/1384 1295/1334/1400 1341/1384/1440 1342/1383/1439
f 1341/1384/1440 1295/1334/1400 1340/1387/1443
s 66
f 1369/1431/1463 1363/1432/1464 1364/1433/1465 1370/1434/1466
f 1371/1435/1467 1370/1436/1466 1364/1437/1465 1365/1438/1468
f 1372/1439/1469 1390/1440/1470 1391/1441/1471 1366/1442/1472
f 1373/1443/1473 1372/1439/1469 1366/1442/1472 1367/1444/1474
f 1374/1445/1475 1373/1443/1473 1367/1444/1474 1368/1446/1476
f 1386/1447/1477 1374/1445/1475 1368/1446/1476 1385/1448/1478
f 1369/1431/1463 1376/1449/1479 1375/1450/1480 1363/1432/1464
f 1381/1451/1481 1380/1452/1482 1371/1435/1467 1365/1438/1468
f 1376/1449/1479 1386/1447/1477 1385/1448/1478 1375/1450/1480
f 1387/1453/1483 1386/1447/1477 1376/1449/1479 1377/1454/1484
f 1378/1455/1485 1388/1456/1486 1387/1453/1483 1377/1454/1484
f 1379/1457/1487 1389/1458/1488 1388/1459/1486 1378/1460/1485
f 1379/1457/1487 1380/1452/1482 1390/1440/1470 1389/1458/1488
f 1391/1441/1471 1390/1440/1470 1380/1452/1482 1381/1451/1481
f 1392/1461/1489 1391/1441/1471 1381/1451/1481 1382/1462/1490
f 1393/1463/1491 1392/1461/1489 1382/1462/1490 1383/1464/1492
f 1394/1465/1493 1393/1466/1491 1383/1467/1492 1384/1468/1494
f 1384/1468/1494 1375/1450/1480 1385/1448/1478 1394/1465/1493
f 1402/1469/1495 1401/1470/1496 1431/1471/1497 1434/1472/1498
f 1401/1470/1496 1400/1473/1499 1432/1474/1500 1431/1471/1497
f 1400/1475/1499 1399/1476/1501 1433/1477/1502 1432/1478/1500
f 1410/1479/1503 1409/1480/1504 1436/1481/1505 1435/1482/1506
f 1409/1483/1504 1408/1484/1507 1437/1485/1508 1436/1486/1505
f 1408/1484/1507 1407/1487/1509 1438/1488/1510 1437/1485/1508
f 1411/1489/1511 1414/1490/1512 1416/1491/1513 1415/1492/1514
f 1414/1493/1512 1413/1494/1515 1417/1495/1516 1416/1496/1513
f 1413/1494/1515 1412/1497/1517 1418/1498/1518 1417/1495/1516
f 1422/1499/1519 1421/1500/1520 1424/1501/1521 1423/1502/1522
f 1421/1500/1520 1420/1503/1523 1425/1504/1524 1424/1501/1521
f 1420/1505/1523 1419/1506/1525 1426/1507/1526 1425/1508/1524
f 1399/1476/1501 1373/1443/1473 1374/1445/1475 1433/1477/1502
f 1418/1498/1518 1412/1497/1517 1369/1431/1463 1370/1434/1466
f 1407/1487/1509 1393/1466/1491 1394/1465/1493 1438/1488/1510
f 1388/1456/1486 1402/1469/1495 1434/1472/1498 1387/1453/1483
f 1389/1458/1488 1395/1509/1527 1402/1510/1495 1388/1459/1486
f 1399/1476/1501 1396/1511/1528 1372/1439/1469 1373/1443/1473
f 1407/1512/1509 1403/1513/1529 1392/1461/1489 1393/1463/1491
f 1418/1514/1518 1370/1436/1466 1371/1435/1467 1429/1515/1530
f 1363/1432/1464 1422/1499/1519 1423/1502/1522 1364/1433/1465
f 1365/1438/1468 1364/1437/1465 1423/1516/1522 1439/1517/1531
f 1367/1444/1474 1366/1442/1472 1406/1518/1532 1410/1479/1503
f 1368/1446/1476 1367/1444/1474 1410/1479/1503 1435/1482/1506
f 1415/1492/1514 1378/1455/1485 1377/1454/1484 1411/1489/1511
f 1415/1519/1514 1430/1520/1533 1379/1457/1487 1378/1460/1485
f 1383/1464/1492 1382/1462/1490 1442/1521/1534 1426/1522/1526
f 1384/1468/1494 1383/1467/1492 1426/1507/1526 1419/1506/1525
f 1397/1523/1535 1390/1440/1470 1372/1439/1469 1396/1511/1528
f 1404/1524/1536 1391/1441/1471 1392/1461/1489 1403/1513/1529
f 1413/1494/1515 1376/1449/1479 1369/1431/1463 1412/1497/1517
f 1420/1505/1523 1375/1450/1480 1384/1468/1494 1419/1506/1525
f 1427/1525/1537 1380/1452/1482 1379/1457/1487 1430/1520/1533
f 1386/1447/1477 1432/1478/1500 1433/1477/1502 1374/1445/1475
f 1436/1481/1505 1385/1448/1478 1368/1446/1476 1435/1482/1506
f 1440/1526/1538 1381/1451/1481 1365/1438/1468 1439/1517/1531
f 1395/1509/1527 1398/1527/1539 1401/1528/1496 1402/1510/1495
f 1398/1527/1539 1397/1529/1535 1400/1530/1499 1401/1528/1496
f 1397/1523/1535 1396/1511/1528 1399/1476/1501 1400/1475/1499
f 1406/1518/1532 1405/1531/1540 1409/1480/1504 1410/1479/1503
f 1405/1532/1540 1404/1524/1536 1408/1533/1507 1409/1534/1504
f 1404/1524/1536 1403/1513/1529 1407/1512/1509 1408/1533/1507
f 1417/1535/1516 1418/1514/1518 1429/1515/1530 1428/1536/1541
f 1415/1519/1514 1416/1537/1513 1427/1525/1537 1430/1520/1533
f 1416/1538/1513 1417/1535/1516 1428/1536/1541 1427/1539/1537
f 1425/1540/1524 1426/1522/1526 1442/1521/1534 1441/1541/1542
f 1423/1516/1522 1424/1542/1521 1440/1526/1538 1439/1517/1531
f 1424/1542/1521 1425/1543/1524 1441/1544/1542 1440/1526/1538
f 1431/1471/1497 1432/1474/1500 1386/1447/1477
f 1431/1471/1497 1386/1447/1477 1387/1453/1483 1434/1472/1498
f 1395/1509/1527 1389/1458/1488 1390/1440/1470 1398/1527/1539
f 1398/1527/1539 1390/1440/1470 1397/1529/1535
f 1394/1465/1493 1385/1448/1478 1437/1485/1508 1438/1488/1510
f 1437/1485/1508 1385/1448/1478 1436/1486/1505
f 1366/1442/1472 1391/1441/1471 1405/1531/1540 1406/1518/1532
f 1405/1532/1540 1391/1441/1471 1404/1524/1536
f 1382/1462/1490 1381/1451/1481 1441/1541/1542 1442/1521/1534
f 1441/1544/1542 1381/1451/1481 1440/1526/1538
f 1380/1452/1482 1428/1536/1541 1429/1515/1530 1371/1435/1467
f 1427/1539/1537 1428/1536/1541 1380/1452/1482
f 1411/1489/1511 1377/1454/1484 1376/1449/1479 1414/1490/1512
f 1414/1493/1512 1376/1449/1479 1413/1494/1515
f 1363/1432/1464 1375/1450/1480 1421/1500/1520 1422/1499/1519
f 1421/1500/1520 1375/1450/1480 1420/1503/1523
s 70
f 1474/1545/1543 1454/1546/1544 1459/1547/1545 1473/1548/1546
f 1471/1549/1547 1450/1550/1548 1452/1551/1549 1470/1552/1550
f 1470/1552/1550 1452/1551/1549 1448/1553/1551 1469/1554/1552
f 1473/1548/1546 1459/1547/1545 1458/1555/1553 1472/1556/1554
f 1477/1557/1555 1455/1558/1556 1460/1559/1557 1476/1560/1558
f 1480/1561/1559 1443/1562/1560 1457/1563/1561 1479/1564/1562
f 1479/1564/1562 1457/1563/1561 1445/1565/1563 1478/1566/1564
f 1476/1560/1558 1460/1559/1557 1451/1567/1565 1475/1568/1566
f 1459/1547/1545 1470/1552/1550 1469/1554/1552 1458/1555/1553
f 1454/1546/1544 1471/1549/1547 1470/1552/1550 1459/1547/1545
f 1456/1569/1567 1473/1548/1546 1472/1556/1554 1446/1570/1568
f 1444/1571/1569 1474/1545/1543 1473/1548/1546 1456/1569/1567
f 1453/1572/1570 1476/1560/1558 1475/1568/1566 1447/1573/1571
f 1449/1574/1572 1477/1557/1555 1476/1560/1558 1453/1572/1570
f 1460/1559/1557 1479/1564/1562 1478/1566/1564 1451/1567/1565
f 1455/1558/1556 1480/1561/1559 1479/1564/1562 1460/1559/1557
f 1481/1575/1573 1482/1576/1574 1504/1577/1575 1503/1578/1576
f 1482/1579/1574 1481/1580/1573 1483/1581/1577 1484/1582/1578
f 1484/1582/1578 1483/1581/1577 1506/1583/1579 1505/1584/1580
f 1485/1585/1581 1486/1586/1582 1487/1587/1583 1488/1588/1584
f 1486/1589/1582 1485/1590/1581 1489/1591/1585 1490/1592/1586
f 1488/1588/1584 1487/1587/1583 1505/1584/1580 1506/1583/1579
f 1490/1592/1586 1489/1591/1585 1508/1593/1587 1507/1594/1588
f 1491/1595/1589 1492/1596/1590 1494/1597/1591 1493/1598/1592
f 1492/1599/1590 1491/1600/1589 1495/1601/1593 1496/1602/1594
f 1493/1598/1592 1494/1597/1591 1507/1594/1588 1508/1593/1587
f 1496/1602/1594 1495/1601/1593 1510/1603/1595 1509/1604/1596
f 1497/1605/1597 1498/1606/1598 1499/1607/1599 1500/1608/1600
f 1498/1609/1598 1497/1610/1597 1501/1611/1601 1502/1612/1602
f 1500/1608/1600 1499/1607/1599 1509/1604/1596 1510/1603/1595
f 1502/1612/1602 1501/1611/1601 1512/1613/1603 1511/1614/1604
f 1503/1578/1576 1504/1577/1575 1511/1614/1604 1512/1613/1603
f 1484/1582/1578 1461/1615/1605 1482/1579/1574
f 1481/1616/1573 1462/1617/1606 1483/1618/1577
f 1488/1619/1584 1464/1620/1607 1485/1621/1581
f 1463/1622/1608 1487/1587/1583 1486/1586/1582
f 1490/1592/1586 1463/1623/1608 1486/1589/1582
f 1485/1590/1581 1464/1624/1607 1489/1591/1585
f 1493/1598/1592 1466/1625/1609 1491/1595/1589
f 1465/1626/1610 1494/1597/1591 1492/1596/1590
f 1496/1602/1594 1465/1627/1610 1492/1599/1590
f 1491/1628/1589 1466/1629/1609 1495/1630/1593
f 1500/1631/1600 1468/1632/1611 1497/1633/1597
f 1467/1634/1612 1499/1607/1599 1498/1606/1598
f 1502/1612/1602 1467/1635/1612 1498/1609/1598
f 1497/1636/1597 1468/1637/1611 1501/1638/1601
f 1503/1639/1576 1462/1640/1606 1481/1641/1573
f 1461/1642/1605 1504/1577/1575 1482/1576/1574
f 1453/1572/1570 1509/1604/1596 1499/1607/1599 1467/1634/1612 1449/1574/1572
f 1510/1643/1595 1452/1551/1549 1450/1550/1548 1468/1632/1611 1500/1631/1600
f 1501/1638/1601 1468/1637/1611 1450/1550/1548 1471/1549/1547
f 1449/1574/1572 1467/1635/1612 1502/1612/1602 1477/1557/1555
f 1455/1558/1556 1511/1614/1604 1504/1577/1575 1480/1561/1559
f 1512/1644/1603 1454/1546/1544 1474/1545/1543 1503/1639/1576
f 1483/1618/1577 1462/1617/1606 1444/1571/1569 1456/1569/1567 1506/1645/1579
f 1443/1562/1560 1461/1615/1605 1484/1582/1578 1505/1584/1580 1457/1563/1561
f 1457/1563/1561 1505/1584/1580 1487/1587/1583 1463/1622/1608 1445/1565/1563
f 1506/1645/1579 1456/1569/1567 1446/1570/1568 1464/1620/1607 1488/1619/1584
f 1489/1591/1585 1464/1624/1607 1446/1570/1568 1472/1556/1554
f 1445/1565/1563 1463/1623/1608 1490/1592/1586 1478/1566/1564
f 1451/1567/1565 1507/1594/1588 1494/1597/1591 1475/1568/1566
f 1508/1593/1587 1458/1555/1553 1469/1554/1552 1493/1598/1592
f 1495/1630/1593 1466/1629/1609 1448/1553/1551 1452/1551/1549 1510/1643/1595
f 1447/1573/1571 1465/1627/1610 1496/1602/1594 1509/1604/1596 1453/1572/1570
f 1493/1598/1592 1469/1554/1552 1448/1553/1551 1466/1625/1609
f 1475/1568/1566 1494/1597/1591 1465/1626/1610 1447/1573/1571
f 1489/1591/1585 1472/1556/1554 1458/1555/1553 1508/1593/1587
f 1478/1566/1564 1490/1592/1586 1507/1594/1588 1451/1567/1565
f 1501/1638/1601 1471/1549/1547 1454/1546/1544 1512/1644/1603
f 1477/1557/1555 1502/1612/1602 1511/1614/1604 1455/1558/1556
f 1503/1639/1576 1474/1545/1543 1444/1571/1569 1462/1640/1606
f 1480/1561/1559 1504/1577/1575 1461/1642/1605 1443/1562/1560
s 78
f 1513/1646/1613 1603/1647/1614 1604/1648/1615 1551/1649/1616
f 1514/1650/1617 1561/1651/1618 1562/1652/1619 1550/1653/1620
f 1515/1654/1621 1567/1655/1622 1568/1656/1623 1549/1657/1624
f 1516/1658/1625 1573/1659/1626 1574/1660/1627 1548/1661/1628
f 1517/1662/1629 1579/1663/1630 1580/1664/1631 1547/1665/1632
f 1518/1666/1633 1585/1667/1634 1586/1668/1635 1546/1669/1636
f 1519/1670/1637 1591/1671/1638 1592/1672/1639 1545/1673/1640
f 1520/1674/1641 1597/1675/1642 1598/1676/1643 1552/1677/1644
f 1521/1678/1645 1605/1679/1646 1606/1680/1647 1529/1681/1648
f 1522/1682/1649 1563/1683/1650 1564/1684/1651 1530/1685/1652
f 1523/1686/1653 1569/1687/1654 1570/1688/1655 1531/1689/1656
f 1524/1690/1657 1575/1691/1658 1576/1692/1659 1532/1693/1660
f 1525/1694/1661 1581/1695/1662 1582/1696/1663 1533/1697/1664
f 1526/1698/1665 1587/1699/1666 1588/1700/1667 1534/1701/1668
f 1527/1702/1669 1593/1703/1670 1594/1704/1671 1535/1705/1672
f 1528/1706/1673 1599/1707/1674 1600/1708/1675 1536/1709/1676
f 1529/1681/1648 1606/1680/1647 1613/1710/1677 1614/1711/1678
f 1530/1685/1652 1564/1684/1651 1611/1712/1679 1612/1713/1680
f 1531/1689/1656 1570/1688/1655 1609/1714/1681 1610/1715/1682
f 1532/1693/1660 1576/1692/1659 1623/1716/1683 1624/1717/1684
f 1533/1697/1664 1582/1696/1663 1621/1718/1685 1622/1719/1686
f 1534/1701/1668 1588/1700/1667 1619/1720/1687 1620/1721/1688
f 1535/1705/1672 1594/1704/1671 1617/1722/1689 1618/1723/1690
f 1536/1709/1676 1600/1708/1675 1615/1724/1691 1616/1725/1692
f 1546/1669/1636 1586/1668/1635 1587/1699/1666 1526/1698/1665
f 1547/1665/1632 1580/1664/1631 1581/1695/1662 1525/1694/1661
f 1548/1661/1628 1574/1660/1627 1575/1691/1658 1524/1690/1657
f 1549/1657/1624 1568/1656/1623 1569/1687/1654 1523/1686/1653
f 1550/1653/1620 1562/1652/1619 1563/1683/1650 1522/1682/1649
f 1551/1649/1616 1604/1648/1615 1605/1679/1646 1521/1678/1645
f 1552/1677/1644 1598/1676/1643 1599/1707/1674 1528/1706/1673
f 1545/1673/1640 1592/1672/1639 1593/1703/1670 1527/1702/1669
f 1554/1726/1693 1577/1727/1694 1578/1728/1695 1540/1729/1696
f 1555/1730/1697 1571/1731/1698 1572/1732/1699 1539/1733/1700
f 1556/1734/1701 1565/1735/1702 1566/1736/1703 1538/1737/1704
f 1557/1738/1705 1607/1739/1706 1608/1740/1707 1537/1741/1708
f 1558/1742/1709 1601/1743/1710 1602/1744/1711 1544/1745/1712
f 1559/1746/1713 1595/1747/1714 1596/1748/1715 1543/1749/1716
f 1560/1750/1717 1589/1751/1718 1590/1752/1719 1542/1753/1720
f 1553/1754/1721 1583/1755/1722 1584/1756/1723 1541/1757/1724
f 1561/1651/1618 1515/1654/1621 1549/1657/1624 1562/1652/1619
f 1563/1683/1650 1562/1652/1619 1549/1657/1624 1523/1686/1653
f 1564/1684/1651 1563/1683/1650 1523/1686/1653 1531/1689/1656
f 1611/1712/1679 1564/1684/1651 1531/1689/1656 1610/1715/1682
f 1566/1736/1703 1565/1735/1702 1555/1730/1697 1539/1733/1700
f 1567/1758/1622 1516/1658/1625 1548/1661/1628 1568/1759/1623
f 1569/1760/1654 1568/1759/1623 1548/1661/1628 1524/1690/1657
f 1570/1761/1655 1569/1760/1654 1524/1690/1657 1532/1693/1660
f 1624/1717/1684 1609/1762/1681 1570/1761/1655 1532/1693/1660
f 1572/1763/1699 1571/1764/1698 1554/1726/1693 1540/1729/1696
f 1573/1659/1626 1517/1662/1629 1547/1665/1632 1574/1660/1627
f 1575/1691/1658 1574/1660/1627 1547/1665/1632 1525/1694/1661
f 1576/1692/1659 1575/1691/1658 1525/1694/1661 1533/1697/1664
f 1623/1716/1683 1576/1692/1659 1533/1697/1664 1622/1719/1686
f 1578/1728/1695 1577/1727/1694 1553/1754/1721 1541/1757/1724
f 1579/1663/1630 1518/1666/1633 1546/1669/1636 1580/1664/1631
f 1581/1695/1662 1580/1664/1631 1546/1669/1636 1526/1698/1665
f 1582/1696/1663 1581/1695/1662 1526/1698/1665 1534/1701/1668
f 1621/1718/1685 1582/1696/1663 1534/1701/1668 1620/1721/1688
f 1584/1756/1723 1583/1755/1722 1560/1750/1717 1542/1753/1720
f 1585/1667/1634 1519/1670/1637 1545/1673/1640 1586/1668/1635
f 1587/1699/1666 1586/1668/1635 1545/1673/1640 1527/1702/1669
f 1588/1700/1667 1587/1699/1666 1527/1702/1669 1535/1705/1672
f 1619/1720/1687 1588/1700/1667 1535/1705/1672 1618/1723/1690
f 1590/1752/1719 1589/1751/1718 1559/1746/1713 1543/1749/1716
f 1591/1671/1638 1520/1674/1641 1552/1677/1644 1592/1672/1639
f 1593/1703/1670 1592/1672/1639 1552/1677/1644 1528/1706/1673
f 1594/1704/1671 1593/1703/1670 1528/1706/1673 1536/1709/1676
f 1617/1722/1689 1594/1704/1671 1536/1709/1676 1616/1725/1692
f 1596/1748/1715 1595/1747/1714 1558/1742/1709 1544/1745/1712
f 1597/1675/1642 1513/1646/1613 1551/1649/1616 1598/1676/1643
f 1599/1707/1674 1598/1676/1643 1551/1649/1616 1521/1678/1645
f 1600/1708/1675 1599/1707/1674 1521/1678/1645 1529/1681/1648
f 1615/1724/1691 1600/1708/1675 1529/1681/1648 1614/1711/1678
f 1602/1744/1711 1601/1743/1710 1557/1738/1705 1537/1741/1708
f 1603/1647/1614 1514/1650/1617 1550/1653/1620 1604/1648/1615
f 1605/1679/1646 1604/1648/1615 1550/1653/1620 1522/1682/1649
f 1606/1680/1647 1605/1679/1646 1522/1682/1649 1530/1685/1652
f 1613/1710/1677 1606/1680/1647 1530/1685/1652 1612/1713/1680
f 1608/1740/1707 1607/1739/1706 1556/1734/1701 1538/1737/1704
f 1610/1715/1682 1609/1714/1681 1571/1731/1698 1555/1730/1697
f 1565/1735/1702 1611/1712/1679 1610/1715/1682 1555/1730/1697
f 1612/1713/1680 1611/1712/1679 1565/1735/1702 1556/1734/1701
f 1607/1739/1706 1613/1710/1677 1612/1713/1680 1556/1734/1701
f 1614/1711/1678 1613/1710/1677 1607/1739/1706 1557/1738/1705
f 1601/1743/1710 1615/1724/1691 1614/1711/1678 1557/1738/1705
f 1616/1725/1692 1615/1724/1691 1601/1743/1710 1558/1742/1709
f 1595/1747/1714 1617/1722/1689 1616/1725/1692 1558/1742/1709
f 1618/1723/1690 1617/1722/1689 1595/1747/1714 1559/1746/1713
f 1589/1751/1718 1619/1720/1687 1618/1723/1690 1559/1746/1713
f 1620/1721/1688 1619/1720/1687 1589/1751/1718 1560/1750/1717
f 1583/1755/1722 1621/1718/1685 1620/1721/1688 1560/1750/1717
f 1622/1719/1686 1621/1718/1685 1583/1755/1722 1553/1754/1721
f 1577/1727/1694 1623/1716/1683 1622/1719/1686 1553/1754/1721
f 1624/1717/1684 1623/1716/1683 1577/1727/1694 1554/1726/1693
f 1571/1764/1698 1609/1762/1681 1624/1717/1684 1554/1726/1693
