# This file uses centimeters as units for non-parametric coordinates.

mtllib Futbolito.mtl
g default
v -3.012724 0.932350 -0.341426
v -3.014417 0.929816 -0.341426
v -3.016951 0.928123 -0.341426
v -3.019940 0.927529 -0.341426
v -3.022928 0.928123 -0.341426
v -3.025462 0.929816 -0.341426
v -3.027155 0.932350 -0.341426
v -3.027749 0.935338 -0.341426
v -3.027155 0.938327 -0.341426
v -3.025462 0.940861 -0.341426
v -3.022928 0.942554 -0.341426
v -3.019940 0.943148 -0.341426
v -3.016951 0.942554 -0.341426
v -3.014417 0.940861 -0.341426
v -3.012724 0.938327 -0.341426
v -3.012130 0.935338 -0.341426
v -3.019940 0.943148 -0.790608
v -3.022928 0.942554 -0.790608
v -3.025462 0.940861 -0.790608
v -3.027155 0.938327 -0.790608
v -3.027749 0.935338 -0.790608
v -3.027155 0.932350 -0.790608
v -3.025462 0.929816 -0.790608
v -3.022928 0.928123 -0.790608
v -3.019940 0.927529 -0.790608
v -3.016951 0.928123 -0.790608
v -3.014417 0.929816 -0.790608
v -3.012724 0.932350 -0.790608
v -3.012130 0.935338 -0.790608
v -3.012724 0.938327 -0.790608
v -3.014417 0.940861 -0.790608
v -3.016951 0.942554 -0.790608
vt 0.999892 0.255593
vt 0.998946 0.255593
vt 0.998000 0.255593
vt 0.997054 0.255593
vt 0.996108 0.255593
vt 0.995162 0.255593
vt 0.994216 0.255593
vt 0.993269 0.255593
vt 0.992323 0.255593
vt 0.991377 0.255593
vt 0.990431 0.255593
vt 0.989485 0.255593
vt 0.988539 0.255593
vt 0.987593 0.255593
vt 0.986647 0.255593
vt 0.985701 0.255593
vt 0.984755 0.255593
vt 0.989485 0.116132
vt 0.990431 0.116132
vt 0.991377 0.116132
vt 0.992323 0.116132
vt 0.993269 0.116132
vt 0.994215 0.116132
vt 0.995162 0.116132
vt 0.996108 0.116132
vt 0.997054 0.116132
vt 0.998000 0.116132
vt 0.998946 0.116132
vt 0.984755 0.116132
vt 0.999892 0.116132
vt 0.985701 0.116132
vt 0.986647 0.116132
vt 0.987593 0.116132
vt 0.988539 0.116132
vn 0.923876 -0.382692 0.000000
vn 0.707142 -0.707072 0.000000
vn 0.707140 -0.707073 0.000000
vn 0.923873 -0.382699 0.000000
vn 0.382700 -0.923873 0.000000
vn 0.382701 -0.923872 0.000000
vn 0.000000 -1.000000 0.000000
vn 0.000000 -1.000000 0.000000
vn -0.382678 -0.923882 0.000000
vn -0.382679 -0.923881 0.000000
vn -0.707099 -0.707115 0.000000
vn -0.707098 -0.707116 0.000000
vn -0.923877 -0.382689 0.000000
vn -0.923874 -0.382696 0.000000
vn -1.000000 -0.000000 0.000000
vn -1.000000 -0.000003 0.000000
vn -0.923877 0.382688 0.000000
vn -0.923875 0.382694 0.000000
vn -0.707119 0.707095 0.000000
vn -0.707117 0.707096 0.000000
vn -0.382704 0.923871 0.000000
vn -0.382704 0.923871 0.000000
vn 0.000004 1.000000 0.000000
vn 0.000005 1.000000 0.000000
vn 0.382666 0.923887 0.000000
vn 0.382666 0.923887 0.000000
vn 0.707123 0.707090 0.000000
vn 0.707121 0.707092 0.000000
vn 0.923893 0.382652 0.000000
vn 0.923891 0.382657 0.000000
vn 1.000000 -0.000000 0.000000
vn 1.000000 -0.000002 0.000000
s 1
g TuboGoles
usemtl initialShadingGroup
f 1/1/1 2/2/2 27/28/3 28/30/4
f 2/2/2 3/3/5 26/27/6 27/28/3
f 3/3/5 4/4/7 25/26/8 26/27/6
f 4/4/7 5/5/9 24/25/10 25/26/8
f 5/5/9 6/6/11 23/24/12 24/25/10
f 6/6/11 7/7/13 22/23/14 23/24/12
f 7/7/13 8/8/15 21/22/16 22/23/14
f 8/8/15 9/9/17 20/21/18 21/22/16
f 9/9/17 10/10/19 19/20/20 20/21/18
f 10/10/19 11/11/21 18/19/22 19/20/20
f 11/11/21 12/12/23 17/18/24 18/19/22
f 12/12/23 13/13/25 32/34/26 17/18/24
f 13/13/25 14/14/27 31/33/28 32/34/26
f 14/14/27 15/15/29 30/32/30 31/33/28
f 15/15/29 16/16/31 29/31/32 30/32/30
f 16/16/31 1/17/1 28/29/4 29/31/32
g default
v -3.000674 0.653625 -0.501069
v -3.000674 0.660028 -0.501069
v -3.000674 0.660028 -0.636214
v -3.000674 0.653625 -0.636214
v -2.927397 0.653625 -0.514582
v -2.931355 0.653625 -0.505027
v -2.940910 0.653625 -0.501069
v -2.927397 0.660028 -0.514582
v -2.940910 0.660028 -0.501069
v -2.931355 0.660028 -0.505027
v -2.931355 0.660028 -0.632256
v -2.940910 0.660028 -0.636214
v -2.927397 0.660028 -0.622701
v -2.927397 0.653625 -0.622701
v -2.940910 0.653625 -0.636214
v -2.931355 0.653625 -0.632256
v -2.942155 0.660028 -0.632578
v -2.933113 0.660028 -0.628833
v -2.998703 0.660028 -0.632578
v -2.998703 0.660028 -0.504705
v -2.942155 0.660028 -0.504705
v -2.933113 0.660028 -0.508450
v -2.929368 0.660028 -0.517491
v -2.929368 0.660028 -0.619792
v -2.940910 0.673792 -0.636214
v -2.931355 0.673792 -0.632256
v -2.942155 0.673792 -0.632578
v -2.933113 0.673792 -0.628833
v -3.000674 0.673792 -0.636214
v -2.998703 0.673792 -0.632578
v -3.000674 0.673792 -0.501069
v -2.998703 0.673792 -0.504705
v -2.940910 0.673792 -0.501069
v -2.942155 0.673792 -0.504705
v -2.931355 0.673792 -0.505027
v -2.933113 0.673792 -0.508450
v -2.927397 0.673792 -0.514582
v -2.929368 0.673792 -0.517491
v -2.927397 0.673792 -0.622701
v -2.929368 0.673792 -0.619792
v -3.000674 0.702643 -0.501069
v -3.000674 0.702643 -0.636214
v -2.998703 0.702643 -0.504705
v -2.998703 0.702643 -0.632578
vt 0.481755 0.051465
vt 0.498898 0.058566
vt 0.591884 0.189618
vt 0.594795 0.169848
vt 0.634416 0.170277
vt 0.637577 0.188862
vt 0.635682 0.188780
vt 0.497811 0.012700
vt 0.596673 0.195968
vt 0.504380 0.056295
vt 0.517225 0.025282
vt 0.632843 0.195044
vt 0.502109 0.058566
vt 0.593484 0.193368
vt 0.635991 0.192476
vt 0.634718 0.191599
vt 0.633093 0.121703
vt 0.634387 0.124640
vt 0.635335 0.143128
vt 0.630250 0.120862
vt 0.637720 0.200001
vt 0.641764 0.189312
vt 0.637816 0.203454
vt 0.633703 0.117018
vt 0.636502 0.166644
vt 0.639690 0.148662
vt 0.636447 0.157395
vt 0.592566 0.157245
vt 0.593743 0.156617
vt 0.635271 0.156760
vt 0.587979 0.149269
vt 0.587979 0.190183
vt 0.591669 0.204557
vt 0.593724 0.147403
vt 0.590537 0.195577
vt 0.592872 0.201669
vt 0.594870 0.199837
vt 0.595934 0.200438
vt 0.634630 0.198740
vt 0.633564 0.199398
vt 0.593691 0.143004
vt 0.598625 0.121430
vt 0.594518 0.125039
vt 0.595789 0.122208
vt 0.637421 0.120585
vt 0.636622 0.200562
vt 0.630488 0.116467
vt 0.598221 0.117098
vt 0.591378 0.120926
vt 0.595110 0.117702
vt 0.590288 0.124144
vt 0.589275 0.142591
vt 0.639846 0.142700
vt 0.638542 0.123707
vt 0.639105 0.194541
vt 0.591776 0.201105
vt 0.590508 0.204158
vt 0.590478 0.223262
vt 0.591641 0.222633
vt 0.638949 0.222162
vt 0.637788 0.221530
vt 0.638979 0.203058
vt 0.635296 0.147528
vt 0.589124 0.148609
vt 0.640851 0.149294
vt 0.592536 0.166441
vt 0.632232 0.193174
vt 0.517225 0.022071
vt 0.514955 0.019800
vt 0.594644 0.192462
vt 0.597272 0.194230
vt 0.593770 0.189481
vt 0.633518 0.171974
vt 0.595791 0.171421
vn 0.000000 0.000000 1.000000
vn 0.057004 0.000000 0.998374
vn 0.057004 0.000000 0.998374
vn 0.000000 0.000000 1.000000
vn 0.000000 0.000000 -1.000000
vn 0.057004 0.000000 -0.998374
vn 0.057004 0.000000 -0.998374
vn 0.000000 0.000000 -1.000000
vn 0.999435 0.000000 0.033614
vn 0.999435 0.000000 0.033614
vn 0.999435 0.000000 -0.033614
vn 0.999435 0.000000 -0.033614
vn -1.000000 0.000000 0.000000
vn -1.000000 0.000000 0.000000
vn -1.000000 0.000000 0.000000
vn -1.000000 0.000000 0.000000
vn 0.382680 0.000000 0.923881
vn 0.382680 0.000000 0.923881
vn 0.923884 0.000000 0.382672
vn 0.923884 0.000000 0.382672
vn 0.382677 0.000000 -0.923882
vn 0.382677 0.000000 -0.923882
vn 0.923885 0.000000 -0.382671
vn 0.923885 0.000000 -0.382671
vn 0.000000 1.000000 0.000001
vn 0.000000 1.000000 0.000001
vn 0.000000 1.000000 0.000001
vn 0.000000 1.000000 0.000001
vn 0.000000 -1.000000 0.000000
vn 0.000000 -1.000000 0.000000
vn 0.000000 -1.000000 0.000000
vn 0.000000 -1.000000 0.000000
vn 0.000000 1.000000 0.000003
vn 0.000000 1.000000 0.000003
vn 0.000000 1.000000 0.000003
vn 0.000000 1.000000 0.000003
vn 0.000000 1.000000 0.000011
vn 0.000000 1.000000 0.000011
vn 0.000000 1.000000 0.000011
vn 0.000000 1.000000 0.000011
vn 0.000000 1.000000 0.000000
vn 0.000000 1.000000 0.000000
vn 0.000000 1.000000 0.000000
vn 0.000000 1.000000 0.000000
vn 0.000000 1.000000 -0.000015
vn 0.000000 1.000000 -0.000015
vn 0.000000 1.000000 -0.000015
vn 0.000000 1.000000 -0.000015
vn 0.000000 1.000000 -0.000002
vn 0.000000 1.000000 -0.000002
vn 0.000000 1.000000 -0.000002
vn 0.000000 1.000000 -0.000002
vn 0.000000 1.000000 -0.000004
vn 0.000000 1.000000 -0.000004
vn 0.000000 1.000000 -0.000004
vn 0.000000 1.000000 -0.000004
vn 0.000000 1.000000 0.000000
vn 0.000000 1.000000 0.000000
vn 0.000000 1.000000 0.000000
vn 0.000000 1.000000 0.000000
vn 0.000000 1.000000 0.000008
vn 0.000000 1.000000 0.000008
vn 0.000000 1.000000 0.000008
vn 0.000000 1.000000 0.000008
vn 0.000000 1.000000 0.000000
vn 0.000000 1.000000 0.000000
vn 0.000000 1.000000 0.000000
vn 0.000000 1.000000 0.000000
vn 0.000000 1.000000 0.000002
vn 0.000000 1.000000 0.000002
vn 0.000000 1.000000 0.000002
vn 0.000000 1.000000 0.000002
vn 0.000000 -1.000000 0.000000
vn 0.000000 -1.000000 0.000000
vn 0.000000 -1.000000 0.000000
vn 0.000000 -1.000000 0.000000
vn 0.000000 -1.000000 0.000000
vn 0.000000 -1.000000 0.000000
vn 0.000000 -1.000000 0.000000
vn 0.000000 -1.000000 0.000000
vn 0.382682 0.000000 -0.923880
vn 0.382682 0.000000 -0.923880
vn 0.382682 0.000000 -0.923880
vn 0.382682 0.000000 -0.923880
vn -0.382672 0.000000 0.923884
vn -0.382672 0.000000 0.923884
vn -0.382672 0.000000 0.923884
vn -0.382672 0.000000 0.923884
vn 0.000000 0.000000 -1.000000
vn 0.000000 0.000000 -1.000000
vn 0.000000 0.000000 -1.000000
vn 0.000000 0.000000 -1.000000
vn 0.000000 0.000000 1.000000
vn 0.000000 0.000000 1.000000
vn 0.000000 0.000000 1.000000
vn 0.000000 0.000000 1.000000
vn -1.000000 0.000000 0.000000
vn -1.000000 0.000000 0.000000
vn -1.000000 0.000000 0.000000
vn -1.000000 0.000000 0.000000
vn 1.000000 0.000000 0.000000
vn 1.000000 0.000000 0.000000
vn 1.000000 0.000000 0.000000
vn 1.000000 0.000000 0.000000
vn 0.000000 0.000000 1.000000
vn 0.000000 0.000000 1.000000
vn 0.000000 0.000000 1.000000
vn 0.000000 0.000000 1.000000
vn 0.000000 0.000000 -1.000000
vn 0.000000 0.000000 -1.000000
vn 0.000000 0.000000 -1.000000
vn 0.000000 0.000000 -1.000000
vn 0.382682 0.000000 0.923880
vn 0.382682 0.000000 0.923880
vn 0.382682 0.000000 0.923880
vn 0.382682 0.000000 0.923880
vn -0.382669 0.000000 -0.923886
vn -0.382669 0.000000 -0.923886
vn -0.382669 0.000000 -0.923886
vn -0.382669 0.000000 -0.923886
vn 0.923885 0.000000 0.382670
vn 0.923885 0.000000 0.382670
vn 0.923885 0.000000 0.382670
vn 0.923885 0.000000 0.382670
vn -0.923875 0.000000 -0.382695
vn -0.923875 0.000000 -0.382695
vn -0.923875 0.000000 -0.382695
vn -0.923875 0.000000 -0.382695
vn 1.000000 0.000000 0.000000
vn 1.000000 0.000000 0.000000
vn 1.000000 0.000000 0.000000
vn 1.000000 0.000000 0.000000
vn -1.000000 0.000000 0.000000
vn -1.000000 0.000000 0.000000
vn -1.000000 0.000000 0.000000
vn -1.000000 0.000000 0.000000
vn 0.923886 0.000000 -0.382668
vn 0.923886 0.000000 -0.382668
vn 0.923886 0.000000 -0.382668
vn 0.923886 0.000000 -0.382668
vn -0.923875 0.000000 0.382695
vn -0.923875 0.000000 0.382695
vn -0.923875 0.000000 0.382695
vn -0.923875 0.000000 0.382695
vn -1.000000 0.000000 0.000000
vn -1.000000 0.000000 0.000000
vn -1.000000 0.000000 0.000000
vn -1.000000 0.000000 0.000000
vn 0.879106 0.000000 0.476627
vn 0.879106 0.000000 0.476627
vn 0.879106 0.000000 0.476627
vn 0.879106 0.000000 0.476627
vn 1.000000 0.000000 0.000000
vn 1.000000 0.000000 0.000000
vn 1.000000 0.000000 0.000000
vn 1.000000 0.000000 0.000000
vn 0.879110 0.000000 -0.476620
vn 0.879110 0.000000 -0.476620
vn 0.879110 0.000000 -0.476620
vn 0.879110 0.000000 -0.476620
s 1
g Cosita
usemtl initialShadingGroup
f 33/108/33 39/106/34 41/37/35 34/38/36
s 2
f 35/39/37 44/40/38 47/41/39 36/107/40
s 3
f 40/43/41 37/105/42 46/101/43 45/46/44
s off
f 36/107/45 33/108/46 34/38/47 35/39/48
s 1
f 39/106/34 38/104/49 42/48/50 41/37/35
s 3
f 38/104/51 37/105/42 40/43/41 42/48/52
s 2
f 44/40/38 43/49/53 48/50/54 47/41/39
s 3
f 43/49/55 45/46/44 46/101/43 48/50/56
s off
f 50/51/57 49/52/58 51/53/59 56/54/60
f 33/35/61 37/44/62 38/47/63 39/36/64
f 58/55/65 57/96/66 59/57/67 60/80/68
f 57/96/69 61/94/70 62/95/71 59/57/72
f 74/61/73 73/62/74 75/63/75 76/64/76
f 63/92/77 65/91/78 66/67/79 64/93/80
f 65/91/81 67/90/82 68/70/83 66/67/84
f 67/90/85 69/71/86 70/72/87 68/70/88
f 69/71/89 71/73/90 72/74/91 70/72/92
f 71/73/93 58/55/94 60/80/95 72/74/96
f 56/54/97 51/53/98 52/75/99 55/76/100
f 55/76/101 52/75/102 53/77/103 54/78/104
f 46/45/105 37/44/106 33/35/107 36/42/108
f 46/45/109 36/42/110 47/103/111 48/102/112
f 43/49/113 44/40/114 57/56/115 58/89/116
f 49/52/117 50/51/118 60/79/119 59/88/120
f 44/40/121 35/39/122 61/59/123 57/56/124
f 51/53/125 49/52/126 59/88/127 62/87/128
f 35/39/129 34/38/130 63/100/131 61/59/132
f 52/75/133 51/53/134 62/97/135 64/68/136
f 34/38/137 41/37/138 65/66/139 63/100/140
f 53/77/141 52/75/142 64/86/143 66/85/144
f 41/37/145 42/48/146 67/69/147 65/66/148
f 54/78/149 53/77/150 66/85/151 68/83/152
f 42/48/153 40/43/154 69/71/155 67/69/156
f 55/76/157 54/78/158 68/84/159 70/82/160
f 40/43/161 45/46/162 71/73/163 69/71/164
f 56/54/165 55/76/166 70/82/167 72/81/168
f 45/46/169 43/49/170 58/89/171 71/73/172
f 50/51/173 56/54/174 72/81/175 60/58/176
f 61/59/177 63/100/178 73/62/179 74/61/180
f 63/65/181 64/98/182 75/63/183 73/62/184
f 64/68/185 62/97/186 76/64/187 75/63/188
f 62/60/189 61/99/190 74/61/191 76/64/192
g default
v -3.159649 0.897790 -0.138192
v -3.170123 0.913466 -0.138192
v -3.185798 0.923940 -0.138192
v -3.204289 0.927618 -0.138192
v -3.222779 0.923940 -0.138192
v -3.238455 0.913466 -0.138192
v -3.248929 0.897790 -0.138192
v -3.252607 0.879300 -0.138192
v -3.248929 0.860810 -0.138192
v -3.238455 0.845134 -0.138192
v -3.222779 0.834660 -0.138192
v -3.204289 0.830982 -0.138192
v -3.185798 0.834660 -0.138192
v -3.170123 0.845134 -0.138192
v -3.159649 0.860810 -0.138192
v -3.155971 0.879300 -0.138192
v -3.159649 0.897790 -0.127653
v -3.170123 0.913466 -0.127653
v -3.185798 0.923940 -0.127653
v -3.204289 0.927618 -0.127653
v -3.222779 0.923940 -0.127653
v -3.238455 0.913466 -0.127653
v -3.248929 0.897790 -0.127653
v -3.252607 0.879300 -0.127653
v -3.248929 0.860810 -0.127653
v -3.238455 0.845134 -0.127653
v -3.222779 0.834660 -0.127653
v -3.204289 0.830982 -0.127653
v -3.185798 0.834660 -0.127653
v -3.170123 0.845134 -0.127653
v -3.159649 0.860810 -0.127653
v -3.155971 0.879300 -0.127653
v -3.204289 0.879300 -0.127653
vt 0.455035 0.053552
vt 0.455035 0.059405
vt 0.619905 0.246945
vt 0.619905 0.241091
vt 0.455035 0.065258
vt 0.617665 0.252352
vt 0.455035 0.071112
vt 0.613526 0.256491
vt 0.455035 0.076965
vt 0.608118 0.258731
vt 0.455035 0.082818
vt 0.602265 0.258731
vt 0.455035 0.088672
vt 0.596857 0.256491
vt 0.455035 0.094525
vt 0.592718 0.252352
vt 0.455035 0.100378
vt 0.590478 0.246945
vt 0.455035 0.106232
vt 0.590478 0.241091
vt 0.455035 0.112085
vt 0.592718 0.235684
vt 0.455035 0.117938
vt 0.596857 0.231545
vt 0.455035 0.030138
vt 0.602265 0.229305
vt 0.455035 0.035992
vt 0.608118 0.229305
vt 0.455035 0.041845
vt 0.613526 0.231545
vt 0.455035 0.047698
vt 0.617665 0.235684
vt 0.605191 0.244018
vt 0.455035 0.024285
vt 0.451762 0.024285
vt 0.451762 0.117938
vt 0.451762 0.047698
vt 0.451762 0.053552
vt 0.451762 0.041845
vt 0.451762 0.035992
vt 0.451762 0.030138
vt 0.451762 0.112085
vt 0.451762 0.106232
vt 0.451762 0.100378
vt 0.451762 0.094525
vt 0.451762 0.088672
vt 0.451762 0.082818
vt 0.451762 0.076965
vt 0.451762 0.071112
vt 0.451762 0.065258
vt 0.451762 0.059405
vn 0.923880 0.382683 0.000000
vn 0.707105 0.707108 0.000000
vn 0.707105 0.707108 0.000000
vn 0.923880 0.382683 0.000000
vn 0.382684 0.923879 0.000000
vn 0.382684 0.923879 0.000000
vn 0.000002 1.000000 0.000000
vn 0.000002 1.000000 0.000000
vn -0.382683 0.923880 0.000000
vn -0.382683 0.923880 0.000000
vn -0.707106 0.707107 0.000000
vn -0.707106 0.707107 0.000000
vn -0.923880 0.382683 0.000000
vn -0.923880 0.382683 0.000000
vn -1.000000 0.000000 0.000000
vn -1.000000 0.000000 0.000000
vn -0.923880 -0.382683 0.000000
vn -0.923880 -0.382683 0.000000
vn -0.707106 -0.707108 0.000000
vn -0.707106 -0.707108 0.000000
vn -0.382684 -0.923879 0.000000
vn -0.382684 -0.923879 0.000000
vn 0.000000 -1.000000 0.000000
vn 0.000000 -1.000000 0.000000
vn 0.382684 -0.923879 0.000000
vn 0.382684 -0.923879 0.000000
vn 0.707106 -0.707108 0.000000
vn 0.707106 -0.707108 0.000000
vn 0.923880 -0.382683 0.000000
vn 0.923880 -0.382683 0.000000
vn 1.000000 0.000000 0.000000
vn 1.000000 0.000000 0.000000
vn 0.000000 0.000000 1.000000
vn 0.000000 0.000000 1.000000
vn 0.000000 0.000000 1.000000
vn -0.000001 0.000000 1.000000
vn -0.000001 0.000000 1.000000
vn 0.000000 0.000000 1.000000
vn 0.000000 0.000000 1.000000
vn 0.000000 0.000000 1.000000
vn 0.000000 0.000000 1.000000
vn -0.000000 0.000000 1.000000
vn 0.000000 0.000000 1.000000
vn 0.000001 0.000000 1.000000
vn 0.000000 0.000000 1.000000
vn 0.000000 0.000000 1.000000
vn 0.000001 0.000000 1.000000
vn 0.000001 0.000000 1.000000
vn 0.000000 0.000000 1.000000
s 1
g Cilidro
usemtl initialShadingGroup
f 77/109/193 78/110/194 94/159/195 93/146/196
f 78/110/194 79/113/197 95/158/198 94/159/195
f 79/113/197 80/115/199 96/157/200 95/158/198
f 80/115/199 81/117/201 97/156/202 96/157/200
f 81/117/201 82/119/203 98/155/204 97/156/202
f 82/119/203 83/121/205 99/154/206 98/155/204
f 83/121/205 84/123/207 100/153/208 99/154/206
f 84/123/207 85/125/209 101/152/210 100/153/208
f 85/125/209 86/127/211 102/151/212 101/152/210
f 86/127/211 87/129/213 103/150/214 102/151/212
f 87/129/213 88/131/215 104/144/216 103/150/214
f 88/142/215 89/133/217 105/149/218 104/143/216
f 89/133/217 90/135/219 106/148/220 105/149/218
f 90/135/219 91/137/221 107/147/222 106/148/220
f 91/137/221 92/139/223 108/145/224 107/147/222
f 92/139/223 77/109/193 93/146/196 108/145/224
s 2
f 93/112/225 94/111/226 109/141/227
f 94/111/226 95/114/228 109/141/227
f 95/114/228 96/116/229 109/141/227
f 96/116/229 97/118/230 109/141/227
f 97/118/230 98/120/231 109/141/227
f 98/120/231 99/122/232 109/141/227
f 99/122/232 100/124/233 109/141/227
f 100/124/233 101/126/234 109/141/227
f 101/126/234 102/128/235 109/141/227
f 102/128/235 103/130/236 109/141/227
f 103/130/236 104/132/237 109/141/227
f 104/132/237 105/134/238 109/141/227
f 105/134/238 106/136/239 109/141/227
f 106/136/239 107/138/240 109/141/227
f 107/138/240 108/140/241 109/141/227
f 108/140/241 93/112/225 109/141/227
g default
v -3.197365 0.908263 -0.549906
v -3.194677 0.933731 -0.549906
v -3.191687 0.937773 -0.561455
v -3.194376 0.906651 -0.561455
v -3.205907 0.906651 -0.546712
v -3.205907 0.936620 -0.546712
v -3.194376 0.921027 -0.548443
v -3.205907 0.921027 -0.544533
v -3.205907 0.941816 -0.561455
v -3.190531 0.921027 -0.561455
v -3.194594 0.904207 -0.561455
v -3.205907 0.904207 -0.546159
v -3.197527 0.904921 -0.550125
v -3.193690 0.901341 -0.561455
v -3.205907 0.901341 -0.544937
v -3.196857 0.901341 -0.549219
v -3.188756 0.896872 -0.561455
v -3.205907 0.896872 -0.533346
v -3.193209 0.896872 -0.540644
v -3.192093 0.862899 -0.561455
v -3.205907 0.862899 -0.542779
v -3.195680 0.862899 -0.547628
v -3.187932 0.856436 -0.560313
v -3.205907 0.857991 -0.542779
v -3.191001 0.856436 -0.548478
v -3.191729 0.838363 -0.561455
v -3.205907 0.838363 -0.542285
v -3.190770 0.839636 -0.548165
v -3.205907 0.810409 -0.546439
v -3.197685 0.810409 -0.550338
v -3.190927 0.862899 -0.561455
v -3.190927 0.857991 -0.561455
v -3.205907 0.862899 -0.541202
v -3.205907 0.857991 -0.541202
v -3.194817 0.862899 -0.546460
v -3.194817 0.857991 -0.546460
v -3.194801 0.802152 -0.561455
v -3.205907 0.802152 -0.546439
v -3.197685 0.802152 -0.550338
v -3.193743 0.802152 -0.561455
v -3.205907 0.802152 -0.542402
v -3.194083 0.802152 -0.544416
v -3.205907 0.786939 -0.561455
v -3.196602 0.786939 -0.561455
v -3.205907 0.786939 -0.542402
v -3.196861 0.786939 -0.544416
v -3.190102 0.899088 -0.561455
v -3.194204 0.899088 -0.543214
v -3.205907 0.899088 -0.536820
v -3.188067 0.839636 -0.558588
v -3.195275 0.810409 -0.559628
v -3.195276 0.802152 -0.559626
v -3.197365 0.908263 -0.573005
v -3.194677 0.933731 -0.573005
v -3.205907 0.906651 -0.576198
v -3.205907 0.936620 -0.576198
v -3.194376 0.921027 -0.574467
v -3.205907 0.921027 -0.578378
v -3.205907 0.904207 -0.576751
v -3.197527 0.904921 -0.572786
v -3.205907 0.901341 -0.577974
v -3.196857 0.901341 -0.573691
v -3.205907 0.896872 -0.589564
v -3.193209 0.896872 -0.582266
v -3.205907 0.862899 -0.580132
v -3.195680 0.862899 -0.575283
v -3.205907 0.857991 -0.580132
v -3.191001 0.856436 -0.574432
v -3.205907 0.838363 -0.580626
v -3.190770 0.839636 -0.574746
v -3.205907 0.810409 -0.576471
v -3.197685 0.810409 -0.572573
v -3.205907 0.862899 -0.581709
v -3.205907 0.857991 -0.581709
v -3.194817 0.862899 -0.576450
v -3.194817 0.857991 -0.576450
v -3.205907 0.802152 -0.576471
v -3.197685 0.802152 -0.572573
v -3.205907 0.802152 -0.580508
v -3.194083 0.802152 -0.578495
v -3.205907 0.786939 -0.580508
v -3.196861 0.786939 -0.578495
v -3.194204 0.899088 -0.579697
v -3.205907 0.899088 -0.586091
v -3.188067 0.839636 -0.564322
v -3.195275 0.810409 -0.563282
v -3.195276 0.802152 -0.563285
v -3.194764 0.838363 -0.559440
v -3.198172 0.810409 -0.559628
v -3.194242 0.838363 -0.561455
v -3.197697 0.810409 -0.561455
v -3.198172 0.802152 -0.559626
v -3.197697 0.802152 -0.561455
v -3.198172 0.810409 -0.563282
v -3.194764 0.838363 -0.563470
v -3.198172 0.802152 -0.563285
v -3.214263 0.908263 -0.548373
v -3.214263 0.936175 -0.548373
v -3.215734 0.940218 -0.561455
v -3.217440 0.906651 -0.561455
v -3.215734 0.921027 -0.546571
v -3.217221 0.904207 -0.561455
v -3.214289 0.904921 -0.550125
v -3.218126 0.901341 -0.561455
v -3.214957 0.901341 -0.549219
v -3.223058 0.896872 -0.561455
v -3.218606 0.896872 -0.540644
v -3.219721 0.862899 -0.561455
v -3.216135 0.862899 -0.547628
v -3.219721 0.857991 -0.561455
v -3.216135 0.857991 -0.547628
v -3.220087 0.838363 -0.561455
v -3.216405 0.838363 -0.547262
v -3.214130 0.810409 -0.550338
v -3.220888 0.862899 -0.561455
v -3.220888 0.857991 -0.561455
v -3.216998 0.862899 -0.546460
v -3.216998 0.857991 -0.546460
v -3.217015 0.802152 -0.561455
v -3.214130 0.802152 -0.550338
v -3.218071 0.802152 -0.561455
v -3.217733 0.802152 -0.544416
v -3.215212 0.786939 -0.561455
v -3.214954 0.786939 -0.544416
v -3.221713 0.899088 -0.561455
v -3.217612 0.899088 -0.543214
v -3.219564 0.838363 -0.559440
v -3.216540 0.810409 -0.559628
v -3.216539 0.802152 -0.559626
v -3.214263 0.908263 -0.574538
v -3.214263 0.936175 -0.574538
v -3.215734 0.921027 -0.576339
v -3.214289 0.904921 -0.572786
v -3.214957 0.901341 -0.573691
v -3.218606 0.896872 -0.582266
v -3.216135 0.862899 -0.575283
v -3.216135 0.857991 -0.575283
v -3.216405 0.838363 -0.575648
v -3.214130 0.810409 -0.572573
v -3.216998 0.862899 -0.576450
v -3.216998 0.857991 -0.576450
v -3.214130 0.802152 -0.572573
v -3.217733 0.802152 -0.578495
v -3.214954 0.786939 -0.578495
v -3.217612 0.899088 -0.579697
v -3.219564 0.838363 -0.563470
v -3.216540 0.810409 -0.563282
v -3.216539 0.802152 -0.563285
v -3.217050 0.838363 -0.559440
v -3.213644 0.810409 -0.559628
v -3.217573 0.838363 -0.561455
v -3.214118 0.810409 -0.561455
v -3.213644 0.802152 -0.559626
v -3.214118 0.802152 -0.561455
v -3.213644 0.810409 -0.563282
v -3.217050 0.838363 -0.563470
v -3.213644 0.802152 -0.563285
v -3.196419 0.837588 -0.548625
v -3.193564 0.837588 -0.559629
v -3.195854 0.837588 -0.559629
v -3.195380 0.837588 -0.561455
v -3.195854 0.837588 -0.563282
v -3.193564 0.837588 -0.563282
v -3.196419 0.837588 -0.574285
v -3.205907 0.837588 -0.578785
v -3.215397 0.837588 -0.574285
v -3.218251 0.837588 -0.563282
v -3.215961 0.837588 -0.563282
v -3.216434 0.837588 -0.561455
v -3.215961 0.837588 -0.559629
v -3.218251 0.837588 -0.559629
v -3.215397 0.837588 -0.548625
v -3.205907 0.837588 -0.544126
v -3.194427 0.864954 -0.545826
v -3.190402 0.864954 -0.561455
v -3.194427 0.864954 -0.577085
v -3.205907 0.864954 -0.582566
v -3.217388 0.864954 -0.577085
v -3.221413 0.864954 -0.561455
v -3.217388 0.864954 -0.545826
v -3.205907 0.864954 -0.540345
v -3.205907 0.810409 -0.545226
v -3.205907 0.802152 -0.545226
v -3.197020 0.802152 -0.549440
v -3.197020 0.810409 -0.549440
v -3.194417 0.802152 -0.559478
v -3.194416 0.810409 -0.559480
v -3.197033 0.802152 -0.561455
v -3.197546 0.802152 -0.559478
v -3.197033 0.810409 -0.561455
v -3.197546 0.810409 -0.559480
v -3.197020 0.810409 -0.573471
v -3.205907 0.810409 -0.577684
v -3.197020 0.802152 -0.573471
v -3.205907 0.802152 -0.577684
v -3.194416 0.810409 -0.563430
v -3.194417 0.802152 -0.563432
v -3.197546 0.810409 -0.563430
v -3.197546 0.802152 -0.563432
v -3.214794 0.810409 -0.549440
v -3.214794 0.802152 -0.549440
v -3.217399 0.810409 -0.559480
v -3.217398 0.802152 -0.559478
v -3.214269 0.810409 -0.559480
v -3.214268 0.802152 -0.559478
v -3.214782 0.810409 -0.561455
v -3.214782 0.802152 -0.561455
v -3.214794 0.802152 -0.573471
v -3.214794 0.810409 -0.573471
v -3.217398 0.802152 -0.563432
v -3.217399 0.810409 -0.563430
v -3.214268 0.802152 -0.563432
v -3.214269 0.810409 -0.563430
v -3.221142 0.846088 -0.560338
v -3.217401 0.846088 -0.545916
v -3.205907 0.846088 -0.540466
v -3.189918 0.846248 -0.547013
v -3.186716 0.846248 -0.559356
v -3.186716 0.846248 -0.563554
v -3.189918 0.846248 -0.575898
v -3.205907 0.846088 -0.582444
v -3.217401 0.846088 -0.576995
v -3.221142 0.846088 -0.562573
v -3.221223 0.907270 -0.561455
v -3.218233 0.908666 -0.551106
v -3.221223 0.919713 -0.547954
v -3.225067 0.919713 -0.561455
v -3.218233 0.929708 -0.548373
v -3.221223 0.933207 -0.561455
v -3.221223 0.919713 -0.573169
v -3.218233 0.908666 -0.570272
v -3.218233 0.929708 -0.573005
v -3.217996 0.880913 -0.543235
v -3.205907 0.880912 -0.536845
v -3.193818 0.880913 -0.543235
v -3.193818 0.880913 -0.579676
v -3.205907 0.880912 -0.586065
v -3.217996 0.880913 -0.579676
v -3.188005 0.889310 -0.555278
v -3.188636 0.883598 -0.553791
v -3.187674 0.892301 -0.560383
v -3.187838 0.890820 -0.566117
v -3.188400 0.885734 -0.569120
v -3.189200 0.878512 -0.556794
v -3.189363 0.877031 -0.562527
v -3.189032 0.880023 -0.567633
v -3.224149 0.892376 -0.561455
v -3.223900 0.890118 -0.555983
v -3.223296 0.884666 -0.553716
v -3.223900 0.890118 -0.566927
v -3.223296 0.884666 -0.569194
v -3.222444 0.876957 -0.561455
v -3.222693 0.879215 -0.555983
v -3.222693 0.879215 -0.566927
v -3.189811 0.888842 -0.555901
v -3.190378 0.883706 -0.554564
v -3.189513 0.891531 -0.560491
v -3.189660 0.890200 -0.565647
v -3.190167 0.885626 -0.568347
v -3.190885 0.879133 -0.557264
v -3.191032 0.877801 -0.562419
v -3.190735 0.880491 -0.567010
v -3.222310 0.891598 -0.561455
v -3.222086 0.889568 -0.556535
v -3.221543 0.884666 -0.554497
v -3.222086 0.889568 -0.566376
v -3.221543 0.884666 -0.568414
v -3.220777 0.877734 -0.561455
v -3.221001 0.879765 -0.556535
v -3.221001 0.879765 -0.566376
v -3.188475 0.887848 -0.557223
v -3.189090 0.883935 -0.556204
v -3.188983 0.884617 -0.561455
v -3.188152 0.889898 -0.560721
v -3.188312 0.888883 -0.564649
v -3.188860 0.885398 -0.566707
v -3.189638 0.880450 -0.558261
v -3.189797 0.879435 -0.562190
v -3.189476 0.881485 -0.565688
v -3.223671 0.889948 -0.561455
v -3.223428 0.888401 -0.557706
v -3.222832 0.884617 -0.561455
v -3.222840 0.884666 -0.556153
v -3.223428 0.888401 -0.565205
v -3.222840 0.884666 -0.566758
v -3.222010 0.879384 -0.561455
v -3.222253 0.880931 -0.557706
v -3.222253 0.880931 -0.565205
v -3.214764 0.823998 -0.573429
v -3.217395 0.823998 -0.563282
v -3.214802 0.823998 -0.563282
v -3.215276 0.823998 -0.561455
v -3.214802 0.823998 -0.559628
v -3.217395 0.823998 -0.559628
v -3.214764 0.823998 -0.549482
v -3.205907 0.823998 -0.545283
v -3.197052 0.823998 -0.549482
v -3.194419 0.823998 -0.559628
v -3.197013 0.823998 -0.559628
v -3.196538 0.823998 -0.561455
v -3.197013 0.823998 -0.563282
v -3.194419 0.823998 -0.563282
v -3.197052 0.823998 -0.573429
v -3.205907 0.823998 -0.577628
v -3.216239 0.831652 -0.575424
v -3.219329 0.831652 -0.563513
v -3.216578 0.831652 -0.563513
v -3.217112 0.831652 -0.561455
v -3.216578 0.831652 -0.559398
v -3.219329 0.831652 -0.559398
v -3.216239 0.831652 -0.547486
v -3.205907 0.831652 -0.542588
v -3.195576 0.831652 -0.547486
v -3.192486 0.831652 -0.559398
v -3.195236 0.831652 -0.559398
v -3.194702 0.831652 -0.561455
v -3.195236 0.831652 -0.563513
v -3.192486 0.831652 -0.563513
v -3.195576 0.831652 -0.575424
v -3.205907 0.831652 -0.580323
v -3.215526 0.816345 -0.574460
v -3.218365 0.816345 -0.563513
v -3.215274 0.816345 -0.563513
v -3.215807 0.816345 -0.561455
v -3.215274 0.816345 -0.559397
v -3.218365 0.816345 -0.559397
v -3.215526 0.816345 -0.548451
v -3.205907 0.816345 -0.543891
v -3.196290 0.816345 -0.548451
v -3.193449 0.816345 -0.559397
v -3.196542 0.816345 -0.559397
v -3.196007 0.816345 -0.561455
v -3.196542 0.816345 -0.563513
v -3.193449 0.816345 -0.563513
v -3.196290 0.816345 -0.574460
v -3.205907 0.816345 -0.579020
v -3.215940 0.828000 -0.575020
v -3.218931 0.828000 -0.563486
v -3.216138 0.828000 -0.563486
v -3.216665 0.828000 -0.561455
v -3.216138 0.828000 -0.559424
v -3.218931 0.828000 -0.559424
v -3.215940 0.828000 -0.547891
v -3.205907 0.828000 -0.543134
v -3.195876 0.828000 -0.547891
v -3.192883 0.828000 -0.559424
v -3.195677 0.828000 -0.559424
v -3.195150 0.828000 -0.561455
v -3.195677 0.828000 -0.563486
v -3.192883 0.828000 -0.563486
v -3.195876 0.828000 -0.575020
v -3.205907 0.828000 -0.579776
v -3.216271 0.835105 -0.575467
v -3.219378 0.835105 -0.563486
v -3.216743 0.835105 -0.563486
v -3.217270 0.835105 -0.561455
v -3.216743 0.835105 -0.559424
v -3.219378 0.835105 -0.559424
v -3.216271 0.835105 -0.547443
v -3.205907 0.835105 -0.542529
v -3.195545 0.835105 -0.547443
v -3.192436 0.835105 -0.559424
v -3.195071 0.835105 -0.559424
v -3.194544 0.835105 -0.561455
v -3.195071 0.835105 -0.563486
v -3.192436 0.835105 -0.563486
v -3.195545 0.835105 -0.575467
v -3.205907 0.835105 -0.580381
v -3.215567 0.819997 -0.574515
v -3.218428 0.819997 -0.563486
v -3.215456 0.819997 -0.563486
v -3.215982 0.819997 -0.561455
v -3.215456 0.819997 -0.559424
v -3.218428 0.819997 -0.559424
v -3.215567 0.819997 -0.548395
v -3.205907 0.819997 -0.543815
v -3.196249 0.819997 -0.548395
v -3.193387 0.819997 -0.559424
v -3.196360 0.819997 -0.559424
v -3.195832 0.819997 -0.561455
v -3.196360 0.819997 -0.563486
v -3.193387 0.819997 -0.563486
v -3.196249 0.819997 -0.574515
v -3.205907 0.819997 -0.579095
v -3.215236 0.812891 -0.574068
v -3.217980 0.812891 -0.563487
v -3.214850 0.812891 -0.563487
v -3.215377 0.812891 -0.561455
v -3.214850 0.812891 -0.559424
v -3.217980 0.812891 -0.559424
v -3.215236 0.812891 -0.548843
v -3.205907 0.812891 -0.544420
v -3.196579 0.812891 -0.548843
v -3.193834 0.812891 -0.559424
v -3.196966 0.812891 -0.559424
v -3.196438 0.812891 -0.561455
v -3.196966 0.812891 -0.563487
v -3.193834 0.812891 -0.563487
v -3.196579 0.812891 -0.574068
v -3.205907 0.812891 -0.578490
vt 0.979115 0.103981
vt 0.979421 0.108119
vt 0.974641 0.008194
vt 0.975353 0.013346
vt 0.980079 0.111810
vt 0.976893 0.002554
vt 0.983232 0.112288
vt 0.982538 0.000000
vt 0.983622 0.061520
vt 0.979023 0.060649
vt 0.977396 0.058590
vt 0.983615 0.058548
vt 0.983312 0.103173
vt 0.983274 0.107448
vt 0.975272 0.014012
vt 0.979083 0.102884
vt 0.983319 0.102407
vt 0.974946 0.014774
vt 0.978875 0.101658
vt 0.983328 0.101457
vt 0.973051 0.016666
vt 0.977613 0.100013
vt 0.983340 0.100177
vt 0.972258 0.017791
vt 0.973018 0.094667
vt 0.977382 0.094129
vt 0.977084 0.099123
vt 0.982294 0.096037
vt 0.981991 0.094940
vt 0.983384 0.095083
vt 0.983190 0.096602
vt 0.973978 0.030160
vt 0.974145 0.031722
vt 0.977806 0.085940
vt 0.977922 0.087550
vt 0.983490 0.086145
vt 0.983466 0.087616
vt 0.974442 0.032146
vt 0.973514 0.081916
vt 0.978873 0.082020
vt 0.979112 0.085200
vt 0.982196 0.079968
vt 0.983537 0.079109
vt 0.983120 0.085062
vt 0.982421 0.081969
vt 0.974215 0.079137
vt 0.974537 0.078544
vt 0.978062 0.078653
vt 0.979079 0.079964
vt 0.982356 0.078146
vt 0.974215 0.088487
vt 0.978104 0.087958
vt 0.983461 0.087949
vt 0.975535 0.048601
vt 0.975725 0.051423
vt 0.979081 0.066586
vt 0.978637 0.069098
vt 0.982473 0.066887
vt 0.981963 0.069390
vt 0.975913 0.065470
vt 0.975337 0.053135
vt 0.978735 0.064817
vt 0.979286 0.066331
vt 0.983612 0.066595
vt 0.982736 0.066842
vt 0.983347 0.099343
vt 0.982987 0.077847
vt 0.983544 0.077889
vt 0.983541 0.078296
vt 0.982852 0.078109
vt 0.983337 0.067113
vt 0.983614 0.067250
vt 0.983600 0.069615
vt 0.982883 0.069710
vt 0.983611 0.066766
vt 0.987493 0.104059
vt 0.990473 0.012972
vt 0.990823 0.007746
vt 0.987116 0.108187
vt 0.988316 0.002223
vt 0.986394 0.111865
vt 0.989826 0.058548
vt 0.988212 0.060631
vt 0.987544 0.102963
vt 0.990589 0.013649
vt 0.987773 0.101744
vt 0.990950 0.014412
vt 0.989064 0.100125
vt 0.992922 0.016252
vt 0.993759 0.017352
vt 0.989609 0.099248
vt 0.989407 0.094244
vt 0.993681 0.022992
vt 0.984187 0.096327
vt 0.984755 0.095366
vt 0.992502 0.029822
vt 0.988981 0.087661
vt 0.989124 0.086052
vt 0.992392 0.031394
vt 0.992110 0.031830
vt 0.987835 0.085287
vt 0.988081 0.082119
vt 0.992439 0.035667
vt 0.984807 0.080013
vt 0.984457 0.082021
vt 0.992116 0.038137
vt 0.987923 0.080057
vt 0.988975 0.078756
vt 0.991837 0.038689
vt 0.984719 0.078175
vt 0.992305 0.029358
vt 0.988793 0.088065
vt 0.991552 0.048425
vt 0.988587 0.069139
vt 0.988153 0.066605
vt 0.991414 0.051292
vt 0.985267 0.069384
vt 0.984742 0.066903
vt 0.991205 0.051627
vt 0.987949 0.066348
vt 0.988507 0.064828
vt 0.991827 0.053016
vt 0.984485 0.066853
vt 0.984100 0.077857
vt 0.984231 0.078122
vt 0.983895 0.067117
vt 0.984319 0.069715
vt 0.983615 0.067095
vt 0.983499 0.067100
vt 0.983732 0.067101
vt 0.978006 0.013339
vt 0.977611 0.008905
vt 0.978691 0.004150
vt 0.982648 0.003160
vt 0.983600 0.055577
vt 0.979020 0.056503
vt 0.982921 0.013287
vt 0.979468 0.012889
vt 0.979179 0.009421
vt 0.982905 0.009713
vt 0.979065 0.006456
vt 0.982757 0.005695
vt 0.978466 0.014581
vt 0.982946 0.014426
vt 0.982960 0.015128
vt 0.978305 0.015851
vt 0.982978 0.016019
vt 0.977044 0.017566
vt 0.983003 0.017242
vt 0.976521 0.018482
vt 0.976970 0.023466
vt 0.982098 0.021206
vt 0.983071 0.020760
vt 0.983100 0.022282
vt 0.981671 0.022254
vt 0.977941 0.029866
vt 0.978077 0.031402
vt 0.983239 0.029823
vt 0.983267 0.031419
vt 0.978251 0.031787
vt 0.978234 0.035636
vt 0.982572 0.038222
vt 0.982837 0.035594
vt 0.983274 0.031776
vt 0.983384 0.038052
vt 0.978347 0.038060
vt 0.978485 0.038584
vt 0.982423 0.038740
vt 0.978075 0.029479
vt 0.983232 0.029472
vt 0.978666 0.048067
vt 0.979080 0.050569
vt 0.981924 0.047715
vt 0.982428 0.050223
vt 0.979281 0.050821
vt 0.978732 0.052339
vt 0.982686 0.050266
vt 0.983555 0.050504
vt 0.983019 0.018059
vt 0.982916 0.039107
vt 0.982837 0.038836
vt 0.983394 0.038658
vt 0.983401 0.039079
vt 0.983274 0.049989
vt 0.982821 0.047386
vt 0.983524 0.047476
vt 0.983553 0.049851
vt 0.983554 0.050335
vt 0.987830 0.013094
vt 0.987865 0.008627
vt 0.986628 0.003924
vt 0.988186 0.056458
vt 0.986192 0.009348
vt 0.985874 0.012850
vt 0.986135 0.006256
vt 0.987424 0.014366
vt 0.987638 0.015637
vt 0.988967 0.017307
vt 0.989267 0.023222
vt 0.989527 0.018204
vt 0.984060 0.021166
vt 0.984526 0.022196
vt 0.988453 0.031216
vt 0.988533 0.029673
vt 0.988446 0.035465
vt 0.988293 0.031608
vt 0.984200 0.038197
vt 0.983844 0.035577
vt 0.988298 0.038427
vt 0.988417 0.037897
vt 0.984366 0.038711
vt 0.988385 0.029290
vt 0.988040 0.050492
vt 0.988411 0.047966
vt 0.984670 0.050192
vt 0.985156 0.047701
vt 0.988421 0.052264
vt 0.987844 0.050747
vt 0.984418 0.050244
vt 0.983887 0.039093
vt 0.983956 0.038820
vt 0.983839 0.049981
vt 0.984226 0.047371
vt 0.983437 0.050003
vt 0.983555 0.050008
vt 0.983673 0.050000
vt 0.978002 0.077742
vt 0.982093 0.077367
vt 0.982865 0.077232
vt 0.983548 0.077192
vt 0.984231 0.077246
vt 0.985000 0.077399
vt 0.989055 0.077840
vt 0.992065 0.039607
vt 0.988460 0.039329
vt 0.984698 0.039542
vt 0.984029 0.039714
vt 0.983414 0.039778
vt 0.982796 0.039731
vt 0.982118 0.039576
vt 0.978354 0.039487
vt 0.974389 0.077576
vt 0.977906 0.088878
vt 0.983450 0.088722
vt 0.988974 0.088990
vt 0.992755 0.028392
vt 0.988627 0.028389
vt 0.983218 0.028666
vt 0.977801 0.028591
vt 0.973861 0.089442
vt 0.978729 0.069410
vt 0.975627 0.069044
vt 0.982136 0.069557
vt 0.983600 0.069775
vt 0.983035 0.069792
vt 0.991383 0.048026
vt 0.988490 0.069451
vt 0.985085 0.069553
vt 0.984164 0.069795
vt 0.978761 0.047754
vt 0.982093 0.047546
vt 0.982968 0.047301
vt 0.983523 0.047314
vt 0.988307 0.047654
vt 0.984975 0.047532
vt 0.984076 0.047291
vt 0.983127 0.023760
vt 0.982081 0.023329
vt 0.982514 0.093911
vt 0.983592 0.093622
vt 0.984534 0.094226
vt 0.984156 0.023288
vt 0.980922 0.094853
vt 0.981458 0.096749
vt 0.983039 0.097805
vt 0.984807 0.097270
vt 0.985799 0.095596
vt 0.981835 0.093020
vt 0.983758 0.092521
vt 0.985425 0.093573
vt 0.983048 0.019550
vt 0.981322 0.020405
vt 0.980575 0.022229
vt 0.985619 0.022127
vt 0.984805 0.020332
vt 0.981295 0.024122
vt 0.983148 0.024881
vt 0.984971 0.024049
vt 0.981439 0.094832
vt 0.981832 0.096366
vt 0.983104 0.097233
vt 0.984539 0.096789
vt 0.985309 0.095423
vt 0.982187 0.093420
vt 0.983671 0.093058
vt 0.984974 0.093845
vt 0.983059 0.020124
vt 0.981666 0.020824
vt 0.981101 0.022302
vt 0.985097 0.022221
vt 0.984477 0.020766
vt 0.981699 0.023775
vt 0.983138 0.024333
vt 0.984555 0.023719
vt 0.984922 0.043122
vt 0.988422 0.043065
vt 0.988531 0.044426
vt 0.985069 0.044394
vt 0.984073 0.043202
vt 0.984162 0.044406
vt 0.983489 0.044425
vt 0.983471 0.043201
vt 0.982814 0.044418
vt 0.982868 0.043216
vt 0.981904 0.044426
vt 0.982016 0.043157
vt 0.978511 0.043196
vt 0.978444 0.044553
vt 0.975121 0.073793
vt 0.974992 0.072402
vt 0.978375 0.073984
vt 0.978345 0.072625
vt 0.982046 0.073908
vt 0.981939 0.072656
vt 0.982885 0.072652
vt 0.982943 0.073839
vt 0.983586 0.072640
vt 0.983576 0.073849
vt 0.984288 0.072656
vt 0.984209 0.073845
vt 0.985103 0.073925
vt 0.985232 0.072670
vt 0.988766 0.074059
vt 0.988820 0.072691
vt 0.991630 0.043281
vt 0.991848 0.044665
vt 0.984856 0.040635
vt 0.988514 0.040447
vt 0.988522 0.041633
vt 0.984936 0.041791
vt 0.984067 0.040786
vt 0.984117 0.041955
vt 0.983451 0.041931
vt 0.983433 0.040803
vt 0.982786 0.041973
vt 0.982799 0.040806
vt 0.981962 0.041833
vt 0.982008 0.040682
vt 0.978333 0.040593
vt 0.978365 0.041775
vt 0.974486 0.076437
vt 0.974669 0.075227
vt 0.978062 0.076613
vt 0.978158 0.075420
vt 0.982002 0.076322
vt 0.981976 0.075204
vt 0.982856 0.075058
vt 0.982867 0.076195
vt 0.983565 0.075094
vt 0.983555 0.076195
vt 0.984273 0.075066
vt 0.984241 0.076205
vt 0.985099 0.076342
vt 0.985149 0.075224
vt 0.989027 0.076710
vt 0.988955 0.075507
vt 0.992058 0.040700
vt 0.991966 0.041876
vt 0.985099 0.045535
vt 0.988524 0.045596
vt 0.988471 0.046706
vt 0.985094 0.046632
vt 0.984177 0.045569
vt 0.984208 0.046647
vt 0.983517 0.046567
vt 0.983505 0.045544
vt 0.982827 0.046652
vt 0.982833 0.045578
vt 0.981941 0.046656
vt 0.981908 0.045565
vt 0.978482 0.045714
vt 0.978568 0.046816
vt 0.975080 0.071200
vt 0.975251 0.070048
vt 0.978412 0.071458
vt 0.978517 0.070352
vt 0.981942 0.071528
vt 0.981979 0.070443
vt 0.982891 0.070438
vt 0.982900 0.071504
vt 0.983599 0.070517
vt 0.983594 0.071532
vt 0.984307 0.070434
vt 0.984288 0.071503
vt 0.985240 0.071535
vt 0.985219 0.070446
vt 0.988775 0.071518
vt 0.988687 0.070403
vt 0.991824 0.045864
vt 0.991709 0.047017
vt 0.991958 0.070147
vt 0.991595 0.069122
vt 0.975342 0.047219
vt 0.975694 0.048204
vt 0.992177 0.072529
vt 0.992110 0.071314
vt 0.975136 0.044895
vt 0.975195 0.046082
vt 0.992674 0.077746
vt 0.992602 0.076602
vt 0.974758 0.039887
vt 0.974800 0.040972
vt 0.992444 0.075383
vt 0.992023 0.073930
vt 0.974930 0.042136
vt 0.975312 0.043517
vt 0.993759 0.094867
vt 0.993006 0.089626
vt 0.972550 0.023401
vt 0.973674 0.028745
vt 0.993462 0.082097
vt 0.992815 0.079309
vt 0.974250 0.035981
vt 0.974658 0.038427
vt 0.991756 0.068722
vt 0.991545 0.065833
vt 0.991327 0.065492
vt 0.975470 0.068648
vt 0.975696 0.065805
vt 0.975938 0.051751
vt 0.974158 0.029691
vt 0.992668 0.088665
vt 0.974955 0.038966
vt 0.992505 0.078711
vt 0.992902 0.101407
vt 0.993751 0.100374
vt 0.991925 0.064098
vt 0.992916 0.088277
vt 0.993065 0.086764
vt 0.992921 0.086287
vt 0.990942 0.103115
vt 0.990561 0.103837
vt 0.990399 0.104482
vt 0.988545 0.114559
vt 0.983194 0.116783
vt 0.990689 0.109259
vt 0.973750 0.101223
vt 0.972921 0.100172
vt 0.975317 0.064090
vt 0.973974 0.088095
vt 0.973849 0.086581
vt 0.974002 0.086107
vt 0.975682 0.102972
vt 0.976051 0.103703
vt 0.976201 0.104351
vt 0.977881 0.114466
vt 0.975829 0.109128
vn 0.735947 -0.206411 0.644807
vn 0.747220 -0.056070 0.662208
vn 0.082351 -0.003984 0.996595
vn 0.079439 -0.147941 0.985801
vn 0.653391 0.451431 0.607692
vn 0.101638 0.620126 0.777890
vn 0.770083 0.637944 -0.000003
vn 0.116345 0.993209 -0.000003
vn 0.774670 -0.632366 0.000000
vn 0.696589 -0.573725 0.430817
vn -0.000001 -0.674875 0.737932
vn -0.000000 -1.000000 0.000000
vn 0.973937 -0.226817 -0.000000
vn 0.995733 -0.092282 0.000000
vn 0.010708 0.191226 0.981488
vn 0.795361 0.163578 0.583647
vn 0.992393 0.123110 -0.000001
vn -0.000000 0.897367 0.441286
vn 0.480875 0.820239 0.309785
vn 0.701230 0.712935 0.000001
vn 0.000000 0.904118 0.427283
vn 0.462808 0.835361 0.296615
vn 0.683361 0.730081 0.000003
vn -0.000000 -0.038996 0.999239
vn -0.000000 -0.196981 0.980407
vn 0.684935 -0.158187 0.711225
vn 0.684744 0.048056 0.727197
vn 0.970425 0.050856 0.235987
vn 0.950167 -0.163512 0.265419
vn 0.987862 -0.155335 -0.000016
vn 0.982845 0.179362 0.042945
vn 0.000000 0.216468 0.976290
vn 0.017558 -0.182348 0.983077
vn 0.784357 0.012612 0.620182
vn 0.788938 0.192515 0.583537
vn 0.890413 0.455042 -0.010072
vn 0.982165 0.188020 -0.000000
vn 0.021565 0.066441 0.997557
vn 0.027390 0.024241 0.999331
vn 0.675898 0.026356 0.736524
vn 0.679186 0.330509 0.655340
vn 0.842288 -0.518246 -0.148226
vn 0.728120 -0.684628 0.033546
vn 0.932573 0.360112 0.025053
vn 0.994990 -0.005873 -0.099803
vn 0.028675 -0.356015 0.934040
vn 0.061924 -0.258107 0.964130
vn 0.643388 -0.554186 0.528137
vn 0.630491 -0.478066 0.611502
vn 0.731685 -0.681217 -0.024100
vn 0.000001 -0.354458 0.935072
vn 0.796714 -0.284436 0.533238
vn 0.971399 -0.237453 -0.000002
vn -0.000000 0.101055 0.994881
vn -0.000000 -0.101056 0.994881
vn 0.775173 -0.092316 0.624967
vn 0.775173 0.092318 0.624967
vn 0.993827 -0.097996 -0.052003
vn 0.993840 0.097824 -0.052081
vn -0.000000 1.000000 0.000000
vn -0.000001 0.281163 0.959660
vn 0.892048 0.014100 0.451720
vn -0.000009 1.000000 -0.000008
vn 0.992620 -0.121264 -0.000000
vn -0.000002 1.000000 -0.000013
vn 0.926383 0.376583 -0.000115
vn 0.780976 -0.042154 -0.623137
vn 0.993255 -0.115953 0.000000
vn 0.192487 -0.981300 -0.000006
vn 0.271995 -0.848876 -0.453242
vn 0.602440 -0.017117 -0.797980
vn 0.997900 -0.064773 0.000000
vn 0.997901 0.064755 0.000000
vn 0.602593 0.016586 -0.797877
vn 0.000000 1.000000 -0.000006
vn 0.735952 -0.206403 -0.644804
vn 0.079438 -0.147931 -0.985802
vn 0.082348 -0.003983 -0.996596
vn 0.747220 -0.056075 -0.662206
vn 0.101636 0.620127 -0.777890
vn 0.653391 0.451433 -0.607692
vn -0.000001 -0.674873 -0.737934
vn 0.696589 -0.573728 -0.430814
vn 0.795357 0.163615 -0.583642
vn 0.010707 0.191243 -0.981484
vn 0.480883 0.820235 -0.309783
vn -0.000001 0.897369 -0.441280
vn 0.462796 0.835370 -0.296609
vn 0.000001 0.904117 -0.427284
vn -0.000001 -0.038984 -0.999240
vn 0.688956 0.047370 -0.723254
vn 0.681973 -0.149367 -0.715962
vn -0.000001 -0.196975 -0.980408
vn 0.976586 0.114105 -0.182374
vn 0.957142 -0.088061 -0.275905
vn 0.000000 0.216465 -0.976291
vn 0.788939 0.192516 -0.583535
vn 0.786934 0.012252 -0.616916
vn 0.017558 -0.182344 -0.983078
vn 0.021565 0.066446 -0.997557
vn 0.698603 0.331444 -0.634113
vn 0.688820 0.036170 -0.724030
vn 0.027391 0.024242 -0.999331
vn 0.843069 -0.520029 0.137131
vn 0.997810 -0.011732 0.065105
vn 0.028675 -0.356020 -0.934038
vn 0.630492 -0.478066 -0.611500
vn 0.643384 -0.554196 -0.528132
vn 0.061913 -0.258092 -0.964135
vn 0.731655 -0.681249 0.024100
vn 0.000001 -0.354475 -0.935066
vn 0.796695 -0.284505 -0.533229
vn 0.000001 0.101054 -0.994881
vn 0.775174 0.092318 -0.624966
vn 0.775174 -0.092316 -0.624966
vn 0.000001 -0.101056 -0.994881
vn 0.993840 0.097829 0.052080
vn 0.993828 -0.097990 0.052005
vn 0.000000 1.000000 0.000000
vn -0.000009 1.000000 0.000006
vn 0.892049 0.014102 -0.451718
vn -0.000001 0.281160 -0.959661
vn -0.000002 1.000000 0.000011
vn 0.780988 -0.042192 0.623119
vn 0.271989 -0.848908 0.453185
vn 0.602451 -0.017123 0.797972
vn 0.602600 0.016579 0.797871
vn 0.000000 1.000000 0.000000
vn 0.000000 1.000000 0.000022
vn 0.000000 1.000000 -0.000020
vn -0.342046 -0.255971 0.904148
vn -0.240030 -0.017575 0.970606
vn -0.406606 0.629907 0.661732
vn -0.479685 0.877441 0.000000
vn -0.774660 -0.632378 -0.000000
vn -0.696577 -0.573732 0.430828
vn -0.873924 -0.486061 0.001193
vn -0.741218 -0.495890 0.452426
vn -0.870381 -0.014813 0.492156
vn -0.999999 0.000652 0.001171
vn -0.797170 0.345166 0.495359
vn -0.910251 0.414055 0.000988
vn -0.827038 0.094882 0.554081
vn -0.692856 -0.721076 -0.000002
vn -0.994610 0.103682 0.000000
vn -0.480856 0.820238 0.309818
vn -0.701209 0.712956 0.000003
vn -0.462864 0.835328 0.296621
vn -0.683410 0.730035 0.000003
vn -0.686492 0.047463 0.725587
vn -0.683654 -0.153833 0.713409
vn -0.973727 0.084185 0.211586
vn -0.983199 0.182536 0.000003
vn -0.987865 -0.155313 0.000000
vn -0.953600 -0.126524 0.273200
vn -0.788933 0.192546 0.583534
vn -0.788935 -0.192546 0.583531
vn -0.982158 0.188060 0.000002
vn -0.982158 -0.188055 -0.000001
vn -0.804760 0.028368 0.592922
vn -0.786556 0.025152 0.617007
vn -0.947233 -0.282475 0.151519
vn -0.985270 0.022777 0.169484
vn -0.999756 0.022094 0.000001
vn -0.960805 -0.277225 -0.000000
vn -0.753965 -0.307687 0.580401
vn -0.798280 -0.114937 0.591218
vn -0.997170 -0.072091 -0.021322
vn -0.796652 -0.284546 0.533272
vn -0.971403 -0.237436 0.000007
vn -0.775173 0.092303 0.624969
vn -0.775175 -0.092302 0.624968
vn -0.993845 0.097784 -0.052067
vn -0.993834 -0.097950 -0.051970
vn 0.000009 1.000000 -0.000009
vn -0.892057 0.014078 0.451703
vn 0.000002 1.000000 -0.000017
vn -0.992617 -0.121293 -0.000000
vn -0.926243 0.376927 -0.000000
vn -0.833116 -0.094385 -0.544985
vn -0.237549 -0.888141 -0.393417
vn -0.163597 -0.986527 -0.000000
vn -0.993267 -0.115849 0.000001
vn -0.602519 -0.017124 -0.797921
vn -0.602646 0.016542 -0.797837
vn -0.997906 0.064678 -0.000000
vn -0.997900 -0.064780 -0.000000
vn 0.000000 1.000000 0.000006
vn -0.406364 -0.234310 -0.883158
vn -0.339540 -0.015191 -0.940469
vn -0.403577 0.616251 -0.676284
vn -0.696578 -0.573732 -0.430826
vn -0.867212 -0.020700 -0.497509
vn -0.750447 -0.478536 -0.455886
vn -0.816362 0.327749 -0.475535
vn -0.827037 0.094912 -0.554077
vn -0.480855 0.820240 -0.309814
vn -0.462855 0.835335 -0.296616
vn -0.683656 -0.153826 -0.713408
vn -0.686493 0.047471 -0.725585
vn -0.973729 0.084173 -0.211582
vn -0.953603 -0.126507 -0.273198
vn -0.788938 -0.192541 -0.583529
vn -0.788936 0.192538 -0.583532
vn -0.786556 0.025154 -0.617006
vn -0.804761 0.028368 -0.592921
vn -0.947237 -0.282461 -0.151516
vn -0.985270 0.022779 -0.169482
vn -0.798284 -0.114912 -0.591217
vn -0.753967 -0.307683 -0.580400
vn -0.997172 -0.072074 0.021315
vn -0.796670 -0.284503 -0.533268
vn -0.775177 -0.092289 -0.624967
vn -0.775174 0.092303 -0.624968
vn -0.993838 -0.097902 0.051971
vn -0.993844 0.097789 0.052066
vn -0.892058 0.014066 -0.451702
vn 0.000009 1.000000 0.000008
vn 0.000002 1.000000 0.000013
vn -0.833144 -0.094326 0.544953
vn -0.237537 -0.888161 0.393378
vn -0.602534 -0.017155 0.797909
vn -0.602655 0.016542 0.797830
vn 0.000000 1.000000 0.000000
vn 0.000000 1.000000 0.000000
vn 0.000000 1.000000 -0.000002
vn 0.756188 0.202513 0.622229
vn 0.982541 0.176101 0.060014
vn 0.654162 0.033424 -0.755616
vn 0.994569 0.104082 0.000001
vn 0.654175 0.033417 0.755605
vn 0.982554 0.176026 -0.060016
vn 0.756193 0.202468 -0.622237
vn -0.000001 0.222225 -0.974995
vn -0.756188 0.202493 -0.622235
vn -0.982551 0.176077 -0.059929
vn -0.654220 0.033448 0.755564
vn -0.994564 0.104125 -0.000001
vn -0.654193 0.033461 -0.755587
vn -0.982556 0.176048 0.059926
vn -0.756192 0.202480 0.622234
vn 0.000002 0.222230 0.974994
vn 0.711213 -0.262893 0.651969
vn 0.965782 -0.259353 0.000697
vn 0.710096 -0.263683 -0.652867
vn 0.000000 -0.269073 -0.963120
vn -0.710537 -0.263326 -0.652531
vn -0.965564 -0.260165 -0.000000
vn -0.710534 -0.263330 0.652532
vn 0.000001 -0.269066 0.963122
vn 0.000000 -1.000000 -0.000020
vn 0.000002 -1.000000 0.000000
vn 0.774923 -0.248624 0.581102
vn 0.000001 -0.281452 0.959575
vn -0.000007 -1.000000 0.000000
vn 0.963541 -0.235910 -0.126233
vn 0.000000 -1.000000 0.000046
vn 0.000000 -1.000000 0.000000
vn 0.976291 -0.216461 -0.000000
vn 0.744641 -0.120005 -0.656588
vn -0.000006 -0.281452 -0.959575
vn 0.774938 -0.248603 -0.581092
vn 0.000002 -1.000000 0.000000
vn 0.000000 -1.000000 0.000022
vn 0.963550 -0.235886 0.126212
vn -0.000007 -1.000000 0.000000
vn 0.744680 -0.119979 0.656549
vn 0.000000 -1.000000 -0.000046
vn -0.774887 -0.248806 0.581073
vn -0.000002 -1.000000 -0.000009
vn -0.963507 -0.236103 -0.126135
vn 0.000007 -1.000000 0.000020
vn -0.744625 -0.119952 -0.656617
vn -0.976282 -0.216505 0.000001
vn 0.000000 -1.000000 0.000000
vn 0.000000 -1.000000 0.000000
vn -0.000002 -1.000000 0.000011
vn -0.774890 -0.248778 -0.581081
vn 0.000007 -1.000000 -0.000020
vn -0.963513 -0.236071 0.126146
vn 0.000000 -1.000000 0.000000
vn -0.744655 -0.119908 0.656591
vn -0.932848 -0.360269 -0.000001
vn -0.937922 -0.299940 0.174177
vn 0.936148 -0.319720 0.146312
vn 0.932944 -0.358546 -0.032561
vn 0.939914 -0.276748 -0.199930
vn -0.937924 -0.299933 -0.174182
vn 0.940919 -0.101756 0.322982
vn 0.962415 0.036157 0.269166
vn 0.979855 0.193204 0.050558
vn 0.967465 0.063605 -0.244880
vn 0.940620 -0.080387 -0.329807
vn 0.965779 -0.111747 0.234059
vn 0.992621 -0.118604 -0.025235
vn 0.958182 -0.117434 -0.260954
vn -0.980520 0.196419 -0.000001
vn -0.964963 0.051297 0.257322
vn -0.940233 -0.091334 0.328056
vn -0.940234 -0.091334 -0.328053
vn -0.964965 0.051267 -0.257321
vn -0.962154 -0.115905 0.246629
vn -0.993045 -0.117733 -0.000001
vn -0.962155 -0.115904 -0.246626
vn 0.879340 -0.016599 -0.475906
vn 0.870890 -0.347922 -0.347132
vn 0.868284 -0.492822 -0.056662
vn 0.869351 -0.423730 0.254325
vn 0.875627 -0.148502 0.459592
vn 0.890061 0.332503 -0.311822
vn 0.893589 0.442882 0.073175
vn 0.886564 0.223947 0.404787
vn -0.868268 -0.496096 0.000004
vn -0.870072 -0.389102 -0.302614
vn -0.877522 -0.083765 -0.472163
vn -0.877527 -0.083736 0.472160
vn -0.870060 -0.389129 0.302613
vn -0.888550 0.281183 -0.362511
vn -0.894007 0.448053 -0.000009
vn -0.888546 0.281224 0.362490
vn -0.996761 -0.069441 0.040562
vn -0.791723 -0.085041 -0.604932
vn -0.763761 0.150524 -0.627703
vn -0.992229 0.123922 -0.011147
vn -0.722834 -0.062527 0.688187
vn -0.610814 0.011348 0.791693
vn -0.997890 0.064928 0.000000
vn -0.996125 -0.087951 0.000002
vn -0.610793 0.011375 -0.791708
vn -0.722806 -0.062525 -0.688217
vn -0.992225 0.123959 0.011148
vn -0.996764 -0.069402 -0.040556
vn -0.791729 -0.085016 0.604928
vn -0.763758 0.150544 0.627702
vn 0.000003 -0.096405 0.995342
vn -0.000003 0.166597 0.986025
vn 0.791729 -0.085075 0.604919
vn 0.763756 0.150528 0.627709
vn 0.996759 -0.069503 -0.040511
vn 0.992226 0.123942 0.011190
vn 0.610825 0.011335 -0.791685
vn 0.722790 -0.062564 -0.688230
vn 0.997892 0.064899 -0.000001
vn 0.996120 -0.088006 0.000002
vn 0.610847 0.011355 0.791667
vn 0.722822 -0.062557 0.688197
vn 0.996762 -0.069460 0.040512
vn 0.992221 0.123981 -0.011190
vn 0.791729 -0.085049 -0.604923
vn 0.763753 0.150546 -0.627707
vn 0.000001 -0.096403 -0.995342
vn -0.000003 0.166595 -0.986025
vn -0.997475 -0.061879 -0.034843
vn -0.776785 -0.073962 -0.625407
vn -0.742739 -0.282504 -0.607067
vn -0.970446 -0.238750 -0.035112
vn -0.668465 -0.056904 0.741564
vn -0.633483 -0.120786 0.764271
vn -0.974008 -0.226513 0.000000
vn -0.996431 -0.084413 -0.000001
vn -0.633455 -0.120810 -0.764291
vn -0.668441 -0.056875 -0.741587
vn -0.970443 -0.238764 0.035114
vn -0.997473 -0.061919 0.034843
vn -0.776784 -0.073967 0.625409
vn -0.742740 -0.282506 0.607065
vn -0.000000 -0.082763 0.996569
vn 0.000001 -0.311300 0.950312
vn 0.776790 -0.073945 0.625403
vn 0.742737 -0.282515 0.607065
vn 0.997474 -0.061867 0.034909
vn 0.970436 -0.238784 0.035175
vn 0.633446 -0.120803 -0.764299
vn 0.668442 -0.056881 -0.741586
vn 0.974005 -0.226527 0.000001
vn 0.996432 -0.084396 0.000001
vn 0.633477 -0.120811 0.764272
vn 0.668466 -0.056872 0.741565
vn 0.997470 -0.061924 -0.034909
vn 0.970436 -0.238780 -0.035176
vn 0.776787 -0.073975 -0.625403
vn 0.742741 -0.282494 -0.607069
vn -0.000001 -0.082780 -0.996568
vn -0.000001 -0.311289 -0.950315
vn -0.997962 -0.061968 0.015234
vn -0.775091 -0.073972 -0.627505
vn -0.729978 -0.326007 -0.600709
vn -0.959302 -0.282250 0.008631
vn -0.616450 -0.052414 0.785648
vn -0.580326 -0.121689 0.805241
vn -0.965273 -0.261242 0.000000
vn -0.996432 -0.084404 -0.000000
vn -0.580299 -0.121685 -0.805261
vn -0.616421 -0.052407 -0.785671
vn -0.959303 -0.282245 -0.008636
vn -0.997965 -0.061920 -0.015237
vn -0.775094 -0.073943 0.627505
vn -0.729981 -0.326002 0.600708
vn -0.000002 -0.082669 0.996577
vn -0.000002 -0.356360 0.934349
vn 0.775094 -0.073893 0.627510
vn 0.729999 -0.325956 0.600712
vn 0.997971 -0.061832 -0.015223
vn 0.959320 -0.282187 -0.008659
vn 0.580355 -0.121727 -0.805215
vn 0.616455 -0.052409 -0.785644
vn 0.965274 -0.261240 -0.000001
vn 0.996432 -0.084398 -0.000002
vn 0.580389 -0.121712 0.805193
vn 0.616486 -0.052410 0.785620
vn 0.997972 -0.061815 0.015221
vn 0.959326 -0.282168 0.008648
vn 0.775095 -0.073881 -0.627511
vn 0.730006 -0.325947 -0.600708
vn -0.000001 -0.082669 -0.996577
vn -0.000003 -0.356360 -0.934349
s 1
g Jugador
usemtl initialShadingGroup
f 110/160/242 116/161/243 117/616/244 114/614/245
f 116/161/243 111/164/246 115/615/247 117/616/244
f 111/164/246 112/166/248 118/604/249 115/615/247
f 153/168/250 155/169/251 154/170/252 152/171/253
f 113/172/254 119/173/255 116/161/243 110/160/242
f 119/173/255 112/166/248 111/164/246 116/161/243
f 114/614/245 121/613/256 122/175/257 110/160/242
f 110/160/242 122/175/257 120/176/258 113/172/254
f 121/613/256 124/612/259 125/178/260 122/175/257
f 122/175/257 125/178/260 123/179/261 120/176/258
f 124/612/259 158/606/262 157/181/263 125/178/260
f 125/178/260 157/181/263 156/182/264 123/179/261
f 127/607/265 343/184/266 344/185/267 128/186/268
f 380/187/269 381/188/270 382/189/271 383/190/272
f 142/609/273 143/610/274 145/193/275 144/194/276
f 144/194/276 145/193/275 141/195/277 140/196/278
f 133/611/279 325/198/280 326/199/281 134/200/282
f 159/201/283 135/202/284 132/203/285 327/204/286
f 136/205/287 282/206/288 267/207/289 137/208/290
f 137/208/290 267/207/289 268/209/291 159/201/283
f 130/210/292 142/609/273 144/194/276 131/211/293
f 134/200/282 145/193/275 143/610/274 133/611/279
f 131/211/293 144/194/276 140/196/278 129/212/294
f 132/203/285 141/195/277 145/193/275 134/200/282
f 291/587/295 292/588/296 293/215/297 294/216/298
f 294/216/298 293/215/297 295/217/299 296/218/300
f 147/219/301 150/608/302 151/221/303 148/222/304
f 148/222/304 151/221/303 149/223/305 161/224/306
f 150/608/302 154/170/252 155/169/251 151/221/303
f 151/221/303 155/169/251 153/168/250 149/223/305
f 157/181/263 128/186/268 126/225/307 156/182/264
f 158/606/262 127/607/265 128/186/268 157/181/263
f 269/226/308 270/227/309 199/228/310 197/229/311
f 298/230/312 297/231/313 299/232/314 300/233/315
f 149/223/305 146/234/316 161/224/306
f 134/200/282 326/199/281 327/204/286 132/203/285
f 162/235/317 164/602/318 167/605/319 166/238/320
f 166/238/320 167/605/319 165/603/321 163/240/322
f 163/240/322 165/603/321 118/604/249 112/166/248
f 153/168/250 152/171/253 190/241/323 191/242/324
f 113/172/254 162/235/317 166/238/320 119/173/255
f 119/173/255 166/238/320 163/240/322 112/166/248
f 164/602/318 162/235/317 169/243/325 168/601/326
f 162/235/317 113/172/254 120/176/258 169/243/325
f 168/601/326 169/243/325 171/245/327 170/600/328
f 169/243/325 120/176/258 123/179/261 171/245/327
f 170/600/328 171/245/327 192/247/329 193/594/330
f 171/245/327 123/179/261 156/182/264 192/247/329
f 172/595/331 173/250/332 345/251/333 346/576/334
f 384/253/335 383/190/272 382/189/271 385/254/336
f 182/597/337 184/256/338 185/257/339 183/598/340
f 184/256/338 140/196/278 141/195/277 185/257/339
f 176/599/341 177/260/342 329/261/343 330/580/344
f 194/263/345 328/264/346 132/203/285 135/202/284
f 178/581/347 179/266/348 273/267/349 274/593/350
f 179/266/348 194/263/345 272/269/351 273/267/349
f 174/591/352 175/271/353 184/256/338 182/597/337
f 177/260/342 176/599/341 183/598/340 185/257/339
f 175/271/353 129/212/294 140/196/278 184/256/338
f 132/203/285 177/260/342 185/257/339 141/195/277
f 302/584/354 301/273/355 303/274/356 304/585/357
f 301/273/355 305/276/358 306/277/359 303/274/356
f 186/586/360 187/279/361 189/280/362 188/596/363
f 187/279/361 196/282/364 149/223/305 189/280/362
f 188/596/363 189/280/362 191/242/324 190/241/323
f 189/280/362 149/223/305 153/168/250 191/242/324
f 192/247/329 156/182/264 126/225/307 173/250/332
f 193/594/330 192/247/329 173/250/332 172/595/331
f 271/283/365 204/284/366 199/228/310 270/227/309
f 308/285/367 307/286/368 299/232/314 297/231/313
f 149/223/305 196/282/364 146/234/316
f 177/260/342 132/203/285 328/264/346 329/261/343
f 268/209/291 269/226/308 197/229/311 159/201/283
f 159/201/283 197/229/311 199/228/310 135/202/284
f 295/217/299 298/230/312 300/233/315 296/218/300
f 146/234/316 202/287/369 201/288/370 161/224/306
f 135/202/284 199/228/310 204/284/366 194/263/345
f 194/263/345 204/284/366 271/283/365 272/269/351
f 196/282/364 205/289/371 202/287/369 146/234/316
f 305/276/358 307/286/368 308/285/367 306/277/359
f 206/290/372 114/163/245 117/162/244 210/291/373
f 210/291/373 117/162/244 115/165/247 207/292/374
f 207/292/374 115/165/247 118/167/249 208/293/375
f 232/294/376 152/171/253 154/170/252 233/295/377
f 333/296/378 334/297/379 335/298/380 336/299/381
f 336/299/381 335/298/380 337/300/382 338/301/383
f 114/163/245 206/290/372 212/302/384 121/174/256
f 206/290/372 209/303/385 211/304/386 212/302/384
f 121/174/256 212/302/384 214/305/387 124/177/259
f 212/302/384 211/304/386 213/306/388 214/305/387
f 124/177/259 214/305/387 235/307/389 158/180/262
f 214/305/387 213/306/388 234/308/390 235/307/389
f 127/183/265 216/309/391 342/310/392 343/578/266
f 390/311/393 389/312/394 391/313/395 392/314/396
f 142/191/273 226/315/397 227/316/398 143/192/274
f 226/315/397 224/317/399 225/318/400 227/316/398
f 133/197/279 220/319/401 324/320/402 325/582/280
f 236/321/403 323/322/404 219/323/405 221/324/406
f 136/583/287 222/325/407 281/326/408 282/592/288
f 222/325/407 236/321/403 280/327/409 281/326/408
f 130/590/292 218/328/410 226/315/397 142/191/273
f 220/319/401 133/197/279 143/192/274 227/316/398
f 218/328/410 217/329/411 224/317/399 226/315/397
f 219/323/405 220/319/401 227/316/398 225/318/400
f 291/213/295 309/330/412 310/331/413 292/214/296
f 309/330/412 311/332/414 312/333/415 310/331/413
f 147/589/301 229/334/416 231/335/417 150/220/302
f 229/334/416 238/336/418 230/337/419 231/335/417
f 150/220/302 231/335/417 233/295/377 154/170/252
f 231/335/417 230/337/419 232/294/376 233/295/377
f 235/307/389 234/308/390 215/338/420 216/309/391
f 158/180/262 235/307/389 216/309/391 127/183/265
f 279/339/421 258/340/422 260/341/423 278/342/424
f 314/343/425 313/344/426 315/345/427 316/346/428
f 230/337/419 238/336/418 228/347/429
f 220/319/401 219/323/405 323/322/404 324/320/402
f 239/348/430 241/349/431 167/237/319 164/236/318
f 241/349/431 240/350/432 165/239/321 167/237/319
f 240/350/432 208/293/375 118/167/249 165/239/321
f 232/294/376 253/351/433 190/241/323 152/171/253
f 333/296/378 336/299/381 339/352/434 340/353/435
f 336/299/381 338/301/383 341/354/436 339/352/434
f 164/236/318 168/244/326 242/355/437 239/348/430
f 239/348/430 242/355/437 211/304/386 209/303/385
f 168/244/326 170/246/328 243/356/438 242/355/437
f 242/355/437 243/356/438 213/306/388 211/304/386
f 170/246/328 193/248/330 254/357/439 243/356/438
f 243/356/438 254/357/439 234/308/390 213/306/388
f 172/249/331 346/252/334 347/358/440 244/359/441
f 393/360/442 394/361/443 391/313/395 389/312/394
f 182/255/337 183/258/340 250/362/444 249/363/445
f 249/363/445 250/362/444 225/318/400 224/317/399
f 176/259/341 330/262/344 331/364/446 246/365/447
f 255/366/448 221/324/406 219/323/405 332/367/449
f 178/265/347 274/268/350 275/368/450 247/369/451
f 247/369/451 275/368/450 276/370/452 255/366/448
f 174/270/352 182/255/337 249/363/445 245/371/453
f 246/365/447 250/362/444 183/258/340 176/259/341
f 245/371/453 249/363/445 224/317/399 217/329/411
f 219/323/405 225/318/400 250/362/444 246/365/447
f 302/272/354 304/275/357 317/372/454 318/373/455
f 318/373/455 317/372/454 319/374/456 320/375/457
f 186/278/360 188/281/363 252/376/458 251/377/459
f 251/377/459 252/376/458 230/337/419 257/378/460
f 188/281/363 190/241/323 253/351/433 252/376/458
f 252/376/458 253/351/433 232/294/376 230/337/419
f 254/357/439 244/359/441 215/338/420 234/308/390
f 193/248/330 172/249/331 244/359/441 254/357/439
f 277/379/461 278/342/424 260/341/423 265/380/462
f 321/381/463 316/346/428 315/345/427 322/382/464
f 230/337/419 228/347/429 257/378/460
f 246/365/447 331/364/446 332/367/449 219/323/405
f 280/327/409 236/321/403 258/340/422 279/339/421
f 236/321/403 221/324/406 260/341/423 258/340/422
f 312/333/415 311/332/414 313/344/426 314/343/425
f 228/347/429 238/336/418 262/383/465 263/384/466
f 221/324/406 255/366/448 265/380/462 260/341/423
f 255/366/448 276/370/452 277/379/461 265/380/462
f 257/378/460 228/347/429 263/384/466 266/385/467
f 320/375/457 319/374/456 321/381/463 322/382/464
f 267/207/289 470/386/468 471/387/469 268/209/291
f 471/387/469 472/388/470 269/226/308 268/209/291
f 472/388/470 473/389/471 270/227/309 269/226/308
f 474/390/472 271/283/365 270/227/309 473/389/471
f 272/269/351 271/283/365 474/390/472 475/391/473
f 273/267/349 272/269/351 475/391/473 476/392/474
f 274/593/350 273/267/349 476/392/474 477/568/475
f 275/368/450 274/268/350 477/393/475 462/394/476
f 276/370/452 275/368/450 462/394/476 463/395/477
f 277/379/461 276/370/452 463/395/477 464/396/478
f 464/396/478 465/397/479 278/342/424 277/379/461
f 466/398/480 279/339/421 278/342/424 465/397/479
f 467/399/481 280/327/409 279/339/421 466/398/480
f 281/326/408 280/327/409 467/399/481 468/400/482
f 282/592/288 281/326/408 468/400/482 469/570/483
f 267/207/289 282/206/288 469/401/483 470/386/468
f 283/402/484 131/211/293 129/212/294 284/403/485
f 285/404/486 284/403/485 129/212/294 175/271/353
f 286/577/487 285/404/486 175/271/353 174/591/352
f 287/406/488 286/405/487 174/270/352 245/371/453
f 288/407/489 287/406/488 245/371/453 217/329/411
f 289/408/490 288/407/489 217/329/411 218/328/410
f 290/579/491 289/408/490 218/328/410 130/590/292
f 283/402/484 290/409/491 130/210/292 131/211/293
f 147/219/492 148/222/493 293/215/297 292/588/296
f 139/410/494 138/411/495 291/587/295 294/216/298
f 148/222/493 161/224/496 295/217/299 293/215/297
f 160/412/497 139/410/494 294/216/298 296/218/300
f 201/288/498 202/287/499 297/231/313 298/230/312
f 200/413/500 198/414/501 300/233/315 299/232/314
f 180/561/502 181/416/503 301/273/355 302/584/354
f 187/279/504 186/586/505 304/585/357 303/274/356
f 181/416/503 195/417/506 305/276/358 301/273/355
f 196/282/507 187/279/504 303/274/356 306/277/359
f 203/418/508 200/413/500 299/232/314 307/286/368
f 202/287/499 205/289/509 308/285/367 297/231/313
f 161/224/306 201/288/370 298/230/312 295/217/299
f 198/414/501 160/412/497 296/218/300 300/233/315
f 195/417/506 203/418/508 307/286/368 305/276/358
f 205/289/371 196/282/364 306/277/359 308/285/367
f 138/563/495 223/419/510 309/330/412 291/213/295
f 229/334/511 147/589/492 292/214/296 310/331/413
f 223/419/510 237/420/512 311/332/414 309/330/412
f 238/336/513 229/334/511 310/331/413 312/333/415
f 259/421/514 261/422/515 315/345/427 313/344/426
f 263/384/516 262/383/517 314/343/425 316/346/428
f 186/278/505 251/377/518 317/372/454 304/275/357
f 248/423/519 180/415/502 302/272/354 318/373/455
f 251/377/518 257/378/520 319/374/456 317/372/454
f 256/424/521 248/423/519 318/373/455 320/375/457
f 266/385/522 263/384/516 316/346/428 321/381/463
f 261/422/515 264/425/523 322/382/464 315/345/427
f 237/420/512 259/421/514 313/344/426 311/332/414
f 262/383/465 238/336/418 312/333/415 314/343/425
f 257/378/460 266/385/467 321/381/463 319/374/456
f 264/425/523 256/424/521 320/375/457 322/382/464
f 324/320/402 323/322/404 236/321/403 222/325/407
f 325/582/280 324/320/402 222/325/407 136/583/287
f 326/199/281 325/198/280 136/205/287 137/208/290
f 327/204/286 326/199/281 137/208/290 159/201/283
f 329/261/343 328/264/346 194/263/345 179/266/348
f 330/580/344 329/261/343 179/266/348 178/581/347
f 331/364/446 330/262/344 178/265/347 247/369/451
f 332/367/449 331/364/446 247/369/451 255/366/448
f 209/303/385 206/290/372 334/297/379 333/296/378
f 206/290/372 210/291/373 335/298/380 334/297/379
f 210/291/373 207/292/374 337/300/382 335/298/380
f 207/292/374 208/293/375 338/301/383 337/300/382
f 241/349/431 239/348/430 340/353/435 339/352/434
f 239/348/430 209/303/385 333/296/378 340/353/435
f 208/293/375 240/350/432 341/354/436 338/301/383
f 240/350/432 241/349/431 339/352/434 341/354/436
f 392/314/396 391/313/395 395/426/524 396/427/525
f 343/578/266 342/310/392 289/408/490 290/579/491
f 344/185/267 343/184/266 290/409/491 283/402/484
f 382/189/271 381/188/270 386/428/526 387/429/527
f 385/254/336 382/189/271 387/429/527 388/430/528
f 346/576/334 345/251/333 285/404/486 286/577/487
f 347/358/440 346/252/334 286/405/487 287/406/488
f 391/313/395 394/361/443 397/431/529 395/426/524
f 128/186/268 344/185/267 349/432/530 348/433/531
f 126/225/307 128/186/268 348/433/531 350/434/532
f 173/250/332 126/225/307 350/434/532 351/435/533
f 345/251/333 173/250/332 351/435/533 352/436/534
f 344/185/267 283/402/484 353/437/535 349/432/530
f 283/402/484 284/403/485 354/438/536 353/437/535
f 284/403/485 285/404/486 355/439/537 354/438/536
f 285/404/486 345/251/333 352/436/534 355/439/537
f 216/309/391 215/338/420 356/440/538 357/441/539
f 342/310/392 216/309/391 357/441/539 358/442/540
f 244/359/441 347/358/440 360/443/541 359/444/542
f 215/338/420 244/359/441 359/444/542 356/440/538
f 288/407/489 289/408/490 362/445/543 361/446/544
f 289/408/490 342/310/392 358/442/540 362/445/543
f 347/358/440 287/406/488 363/447/545 360/443/541
f 287/406/488 288/407/489 361/446/544 363/447/545
f 348/433/531 349/432/530 365/448/546 364/449/547
f 350/434/532 348/433/531 364/449/547 366/450/548
f 351/435/533 350/434/532 366/450/548 367/451/549
f 352/436/534 351/435/533 367/451/549 368/452/550
f 349/432/530 353/437/535 369/453/551 365/448/546
f 353/437/535 354/438/536 370/454/552 369/453/551
f 354/438/536 355/439/537 371/455/553 370/454/552
f 355/439/537 352/436/534 368/452/550 371/455/553
f 357/441/539 356/440/538 372/456/554 373/457/555
f 358/442/540 357/441/539 373/457/555 374/458/556
f 359/444/542 360/443/541 376/459/557 375/460/558
f 356/440/538 359/444/542 375/460/558 372/456/554
f 361/446/544 362/445/543 378/461/559 377/462/560
f 362/445/543 358/442/540 374/458/556 378/461/559
f 360/443/541 363/447/545 379/463/561 376/459/557
f 363/447/545 361/446/544 377/462/560 379/463/561
f 364/449/547 365/448/546 381/188/270 380/187/269
f 366/450/548 364/449/547 380/187/269 383/190/272
f 367/451/549 366/450/548 383/190/272 384/253/335
f 368/452/550 367/451/549 384/253/335 385/254/336
f 365/448/546 369/453/551 386/428/526 381/188/270
f 369/453/551 370/454/552 387/429/527 386/428/526
f 370/454/552 371/455/553 388/430/528 387/429/527
f 371/455/553 368/452/550 385/254/336 388/430/528
f 373/457/555 372/456/554 389/312/394 390/311/393
f 374/458/556 373/457/555 390/311/393 392/314/396
f 375/460/558 376/459/557 394/361/443 393/360/442
f 372/456/554 375/460/558 393/360/442 389/312/394
f 377/462/560 378/461/559 396/427/525 395/426/524
f 378/461/559 374/458/556 392/314/396 396/427/525
f 376/459/557 379/463/561 397/431/529 394/361/443
f 379/463/561 377/462/560 395/426/524 397/431/529
f 399/464/562 398/465/563 478/466/564 479/467/565
f 400/468/566 399/464/562 479/467/565 480/469/567
f 480/469/567 481/470/568 401/471/569 400/468/566
f 482/472/570 402/473/571 401/471/569 481/470/568
f 483/474/572 403/475/573 402/473/571 482/472/570
f 404/476/574 403/475/573 483/474/572 484/477/575
f 405/575/576 404/476/574 484/477/575 485/566/577
f 406/480/578 405/478/576 485/479/577 486/481/579
f 407/482/580 406/480/578 486/481/579 487/483/581
f 487/483/581 488/484/582 408/485/583 407/482/580
f 488/484/582 489/486/584 409/487/585 408/485/583
f 490/488/586 410/489/587 409/487/585 489/486/584
f 411/490/588 410/489/587 490/488/586 491/491/589
f 412/492/590 411/490/588 491/491/589 492/493/591
f 413/573/592 412/492/590 492/493/591 493/564/593
f 398/465/563 413/494/592 493/495/593 478/466/564
f 415/496/594 414/497/595 446/498/596 447/499/597
f 416/500/598 415/496/594 447/499/597 448/501/599
f 448/501/599 449/502/600 417/503/601 416/500/598
f 450/504/602 418/505/603 417/503/601 449/502/600
f 451/506/604 419/507/605 418/505/603 450/504/602
f 420/508/606 419/507/605 451/506/604 452/509/607
f 421/571/608 420/508/606 452/509/607 453/574/609
f 422/512/610 421/510/608 453/511/609 454/513/611
f 423/514/612 422/512/610 454/513/611 455/515/613
f 455/515/613 456/516/614 424/517/615 423/514/612
f 456/516/614 457/518/616 425/519/617 424/517/615
f 458/520/618 426/521/619 425/519/617 457/518/616
f 427/522/620 426/521/619 458/520/618 459/523/621
f 428/524/622 427/522/620 459/523/621 460/525/623
f 429/569/624 428/524/622 460/525/623 461/572/625
f 414/497/595 429/526/624 461/527/625 446/498/596
f 431/528/626 430/529/627 494/530/628 495/531/629
f 432/532/630 431/528/626 495/531/629 496/533/631
f 496/533/631 497/534/632 433/535/633 432/532/630
f 498/536/634 434/537/635 433/535/633 497/534/632
f 499/538/636 435/539/637 434/537/635 498/536/634
f 436/540/638 435/539/637 499/538/636 500/541/639
f 437/567/640 436/540/638 500/541/639 501/562/641
f 438/544/642 437/542/640 501/543/641 502/545/643
f 439/546/644 438/544/642 502/545/643 503/547/645
f 503/547/645 504/548/646 440/549/647 439/546/644
f 504/548/646 505/550/648 441/551/649 440/549/647
f 506/552/650 442/553/651 441/551/649 505/550/648
f 443/554/652 442/553/651 506/552/650 507/555/653
f 444/556/654 443/554/652 507/555/653 508/557/655
f 445/565/656 444/556/654 508/557/655 509/560/657
f 430/529/627 445/558/656 509/559/657 494/530/628
f 447/499/597 446/498/596 398/465/563 399/464/562
f 448/501/599 447/499/597 399/464/562 400/468/566
f 400/468/566 401/471/569 449/502/600 448/501/599
f 402/473/571 450/504/602 449/502/600 401/471/569
f 403/475/573 451/506/604 450/504/602 402/473/571
f 452/509/607 451/506/604 403/475/573 404/476/574
f 453/574/609 452/509/607 404/476/574 405/575/576
f 454/513/611 453/511/609 405/478/576 406/480/578
f 455/515/613 454/513/611 406/480/578 407/482/580
f 407/482/580 408/485/583 456/516/614 455/515/613
f 408/485/583 409/487/585 457/518/616 456/516/614
f 410/489/587 458/520/618 457/518/616 409/487/585
f 459/523/621 458/520/618 410/489/587 411/490/588
f 460/525/623 459/523/621 411/490/588 412/492/590
f 461/572/625 460/525/623 412/492/590 413/573/592
f 446/498/596 461/527/625 413/494/592 398/465/563
f 463/395/477 462/394/476 414/497/595 415/496/594
f 464/396/478 463/395/477 415/496/594 416/500/598
f 416/500/598 417/503/601 465/397/479 464/396/478
f 418/505/603 466/398/480 465/397/479 417/503/601
f 419/507/605 467/399/481 466/398/480 418/505/603
f 468/400/482 467/399/481 419/507/605 420/508/606
f 469/570/483 468/400/482 420/508/606 421/571/608
f 470/386/468 469/401/483 421/510/608 422/512/610
f 471/387/469 470/386/468 422/512/610 423/514/612
f 423/514/612 424/517/615 472/388/470 471/387/469
f 424/517/615 425/519/617 473/389/471 472/388/470
f 426/521/619 474/390/472 473/389/471 425/519/617
f 475/391/473 474/390/472 426/521/619 427/522/620
f 476/392/474 475/391/473 427/522/620 428/524/622
f 477/568/475 476/392/474 428/524/622 429/569/624
f 462/394/476 477/393/475 429/526/624 414/497/595
f 479/467/565 478/466/564 430/529/627 431/528/626
f 480/469/567 479/467/565 431/528/626 432/532/630
f 432/532/630 433/535/633 481/470/568 480/469/567
f 434/537/635 482/472/570 481/470/568 433/535/633
f 435/539/637 483/474/572 482/472/570 434/537/635
f 484/477/575 483/474/572 435/539/637 436/540/638
f 485/566/577 484/477/575 436/540/638 437/567/640
f 486/481/579 485/479/577 437/542/640 438/544/642
f 487/483/581 486/481/579 438/544/642 439/546/644
f 439/546/644 440/549/647 488/484/582 487/483/581
f 440/549/647 441/551/649 489/486/584 488/484/582
f 442/553/651 490/488/586 489/486/584 441/551/649
f 491/491/589 490/488/586 442/553/651 443/554/652
f 492/493/591 491/491/589 443/554/652 444/556/654
f 493/564/593 492/493/591 444/556/654 445/565/656
f 478/466/564 493/495/593 445/558/656 430/529/627
f 495/531/629 494/530/628 248/423/519 256/424/521
f 496/533/631 495/531/629 256/424/521 264/425/523
f 264/425/523 261/422/515 497/534/632 496/533/631
f 259/421/514 498/536/634 497/534/632 261/422/515
f 237/420/512 499/538/636 498/536/634 259/421/514
f 500/541/639 499/538/636 237/420/512 223/419/510
f 501/562/641 500/541/639 223/419/510 138/563/495
f 502/545/643 501/543/641 138/411/495 139/410/494
f 503/547/645 502/545/643 139/410/494 160/412/497
f 160/412/497 198/414/501 504/548/646 503/547/645
f 198/414/501 200/413/500 505/550/648 504/548/646
f 203/418/508 506/552/650 505/550/648 200/413/500
f 507/555/653 506/552/650 203/418/508 195/417/506
f 508/557/655 507/555/653 195/417/506 181/416/503
f 509/560/657 508/557/655 181/416/503 180/561/502
f 494/530/628 509/559/657 180/415/502 248/423/519
g default
v -3.760829 0.897478 -0.184530
v -3.771126 0.912888 -0.184530
v -3.786536 0.923185 -0.184530
v -3.804713 0.926801 -0.184530
v -3.822891 0.923185 -0.184530
v -3.838301 0.912888 -0.184530
v -3.848598 0.897478 -0.184530
v -3.852214 0.879300 -0.184530
v -3.848598 0.861123 -0.184530
v -3.838301 0.845712 -0.184530
v -3.822891 0.835415 -0.184530
v -3.804713 0.831800 -0.184530
v -3.786536 0.835415 -0.184530
v -3.771126 0.845712 -0.184530
v -3.760829 0.861123 -0.184530
v -3.757213 0.879300 -0.184530
v -3.760829 0.897478 -0.131776
v -3.771126 0.912888 -0.131776
v -3.786536 0.923185 -0.131776
v -3.804713 0.926801 -0.131776
v -3.822891 0.923185 -0.131776
v -3.838301 0.912888 -0.131776
v -3.848598 0.897478 -0.131776
v -3.852214 0.879300 -0.131776
v -3.848598 0.861123 -0.131776
v -3.838301 0.845712 -0.131776
v -3.822891 0.835415 -0.131776
v -3.804713 0.831800 -0.131776
v -3.786536 0.835415 -0.131776
v -3.771126 0.845712 -0.131776
v -3.760829 0.861123 -0.131776
v -3.757213 0.879300 -0.131776
v -3.773952 0.892042 -0.184530
v -3.781169 0.902844 -0.184530
v -3.791972 0.910062 -0.184530
v -3.804713 0.912596 -0.184530
v -3.817455 0.910062 -0.184530
v -3.828257 0.902844 -0.184530
v -3.835475 0.892042 -0.184530
v -3.838010 0.879300 -0.184530
v -3.835475 0.866558 -0.184530
v -3.828258 0.855756 -0.184530
v -3.817455 0.848539 -0.184530
v -3.804713 0.846004 -0.184530
v -3.791972 0.848539 -0.184530
v -3.781169 0.855756 -0.184530
v -3.773952 0.866558 -0.184530
v -3.771417 0.879300 -0.184530
v -3.773952 0.892042 -0.131776
v -3.781169 0.902844 -0.131776
v -3.791972 0.910062 -0.131776
v -3.804713 0.912596 -0.131776
v -3.817455 0.910062 -0.131776
v -3.828257 0.902844 -0.131776
v -3.835475 0.892042 -0.131776
v -3.838010 0.879300 -0.131776
v -3.835475 0.866558 -0.131776
v -3.828258 0.855756 -0.131776
v -3.817455 0.848539 -0.131776
v -3.804713 0.846004 -0.131776
v -3.791972 0.848539 -0.131776
v -3.781169 0.855756 -0.131776
v -3.773952 0.866558 -0.131776
v -3.771417 0.879300 -0.131776
vt 0.540052 0.269998
vt 0.540052 0.264243
vt 0.501914 0.277264
vt 0.505982 0.273195
vt 0.537850 0.258927
vt 0.496597 0.279466
vt 0.533781 0.254858
vt 0.490843 0.279466
vt 0.528464 0.252656
vt 0.485527 0.277264
vt 0.522710 0.252656
vt 0.481458 0.273195
vt 0.517394 0.254858
vt 0.479256 0.267879
vt 0.513325 0.258927
vt 0.479256 0.262124
vt 0.511123 0.264243
vt 0.481458 0.256808
vt 0.511123 0.269997
vt 0.485527 0.252739
vt 0.513325 0.275314
vt 0.490843 0.250537
vt 0.517394 0.279383
vt 0.496597 0.250537
vt 0.522710 0.281585
vt 0.501913 0.252739
vt 0.528464 0.281585
vt 0.505982 0.256808
vt 0.533781 0.279383
vt 0.508184 0.262124
vt 0.537849 0.275314
vt 0.508184 0.267879
vt 0.519378 0.225595
vt 0.519378 0.221562
vt 0.519378 0.217528
vt 0.519378 0.213494
vt 0.519378 0.209461
vt 0.519378 0.205427
vt 0.519378 0.201394
vt 0.519378 0.197360
vt 0.519378 0.193327
vt 0.519378 0.189293
vt 0.519378 0.249796
vt 0.519378 0.245763
vt 0.519378 0.241729
vt 0.519378 0.237696
vt 0.519378 0.233662
vt 0.519378 0.229629
vt 0.503000 0.221562
vt 0.503000 0.225595
vt 0.503000 0.217528
vt 0.503000 0.213494
vt 0.503000 0.209461
vt 0.503000 0.205427
vt 0.503000 0.201394
vt 0.503000 0.197360
vt 0.503000 0.193327
vt 0.503000 0.253830
vt 0.503000 0.249796
vt 0.503000 0.245763
vt 0.503000 0.241729
vt 0.503000 0.237696
vt 0.503000 0.233662
vt 0.503000 0.229629
vt 0.515448 0.269137
vt 0.519378 0.253830
vt 0.487977 0.256406
vt 0.503000 0.189293
vt 0.503859 0.267018
vt 0.502316 0.270745
vt 0.503859 0.262985
vt 0.502316 0.259258
vt 0.499463 0.256406
vt 0.495737 0.254862
vt 0.491703 0.254862
vt 0.485125 0.259258
vt 0.483581 0.262985
vt 0.483581 0.267018
vt 0.485125 0.270745
vt 0.487977 0.273597
vt 0.491703 0.275141
vt 0.495737 0.275140
vt 0.499463 0.273597
vt 0.534183 0.272864
vt 0.535726 0.269137
vt 0.531330 0.275716
vt 0.527604 0.277260
vt 0.523570 0.277259
vt 0.519844 0.275716
vt 0.516992 0.272864
vt 0.515448 0.265104
vt 0.516992 0.261377
vt 0.519844 0.258525
vt 0.523570 0.256981
vt 0.527604 0.256981
vt 0.531330 0.258525
vt 0.534183 0.261377
vt 0.535726 0.265104
vt 0.345160 0.023942
vt 0.344978 0.029261
vt 0.343289 0.018957
vt 0.339652 0.015068
vt 0.334802 0.012868
vt 0.329481 0.012693
vt 0.324501 0.014568
vt 0.320622 0.018204
vt 0.318436 0.023045
vt 0.318275 0.028348
vt 0.320159 0.033301
vt 0.323805 0.037155
vt 0.328619 0.039371
vt 0.333911 0.039571
vt 0.338885 0.037721
vt 0.342773 0.034101
vt 0.357843 0.020947
vt 0.357843 0.031356
vt 0.353854 0.011330
vt 0.346485 0.003975
vt 0.336861 0.000002
vt 0.326449 0.000018
vt 0.316838 0.004023
vt 0.309498 0.011403
vt 0.305549 0.021026
vt 0.305588 0.031417
vt 0.309592 0.040989
vt 0.316934 0.048302
vt 0.326513 0.052272
vt 0.336893 0.052283
vt 0.346498 0.048317
vt 0.353857 0.040969
vn 0.923881 0.382680 0.000000
vn 0.707111 0.707103 0.000000
vn 0.707111 0.707103 0.000000
vn 0.923881 0.382680 0.000000
vn 0.382685 0.923879 0.000000
vn 0.382685 0.923879 0.000000
vn -0.000000 1.000000 0.000000
vn -0.000000 1.000000 0.000000
vn -0.382691 0.923877 0.000000
vn -0.382691 0.923877 0.000000
vn -0.707102 0.707111 0.000000
vn -0.707102 0.707111 0.000000
vn -0.923878 0.382687 0.000000
vn -0.923878 0.382687 0.000000
vn -1.000000 0.000000 0.000000
vn -1.000000 0.000000 0.000000
vn -0.923882 -0.382679 0.000000
vn -0.923882 -0.382679 0.000000
vn -0.707110 -0.707104 0.000000
vn -0.707110 -0.707104 0.000000
vn -0.382684 -0.923880 0.000000
vn -0.382684 -0.923880 0.000000
vn 0.000000 -1.000000 0.000000
vn 0.000000 -1.000000 0.000000
vn 0.382681 -0.923881 0.000000
vn 0.382681 -0.923881 0.000000
vn 0.707113 -0.707100 0.000000
vn 0.707113 -0.707100 0.000000
vn 0.923882 -0.382679 0.000000
vn 0.923882 -0.382679 0.000000
vn 1.000000 0.000000 0.000000
vn 1.000000 0.000000 0.000000
vn -0.000002 -0.000001 -1.000000
vn -0.000002 -0.000001 -1.000000
vn -0.000002 -0.000001 -1.000000
vn -0.000002 -0.000001 -1.000000
vn -0.000001 -0.000002 -1.000000
vn -0.000001 -0.000002 -1.000000
vn -0.000001 -0.000002 -1.000000
vn -0.000001 -0.000002 -1.000000
vn 0.000000 -0.000002 -1.000000
vn 0.000000 -0.000002 -1.000000
vn 0.000000 -0.000002 -1.000000
vn 0.000000 -0.000002 -1.000000
vn 0.000001 -0.000002 -1.000000
vn 0.000001 -0.000002 -1.000000
vn 0.000001 -0.000002 -1.000000
vn 0.000001 -0.000002 -1.000000
vn 0.000002 -0.000002 -1.000000
vn 0.000002 -0.000002 -1.000000
vn 0.000002 -0.000002 -1.000000
vn 0.000002 -0.000002 -1.000000
vn 0.000001 -0.000001 -1.000000
vn 0.000001 -0.000001 -1.000000
vn 0.000001 -0.000001 -1.000000
vn 0.000001 -0.000001 -1.000000
vn 0.000002 -0.000000 -1.000000
vn 0.000002 -0.000000 -1.000000
vn 0.000002 -0.000000 -1.000000
vn 0.000002 -0.000000 -1.000000
vn 0.000002 0.000000 -1.000000
vn 0.000002 0.000000 -1.000000
vn 0.000002 0.000000 -1.000000
vn 0.000002 0.000000 -1.000000
vn 0.000001 0.000001 -1.000000
vn 0.000001 0.000001 -1.000000
vn 0.000001 0.000001 -1.000000
vn 0.000001 0.000001 -1.000000
vn 0.000001 0.000002 -1.000000
vn 0.000001 0.000002 -1.000000
vn 0.000001 0.000002 -1.000000
vn 0.000001 0.000002 -1.000000
vn 0.000000 0.000002 -1.000000
vn 0.000000 0.000002 -1.000000
vn 0.000000 0.000002 -1.000000
vn 0.000000 0.000002 -1.000000
vn -0.000001 0.000002 -1.000000
vn -0.000001 0.000002 -1.000000
vn -0.000001 0.000002 -1.000000
vn -0.000001 0.000002 -1.000000
vn -0.000002 0.000002 -1.000000
vn -0.000002 0.000002 -1.000000
vn -0.000002 0.000002 -1.000000
vn -0.000002 0.000002 -1.000000
vn -0.000002 0.000001 -1.000000
vn -0.000002 0.000001 -1.000000
vn -0.000002 0.000001 -1.000000
vn -0.000002 0.000001 -1.000000
vn -0.000002 0.000000 -1.000000
vn -0.000002 0.000000 -1.000000
vn -0.000002 0.000000 -1.000000
vn -0.000002 0.000000 -1.000000
vn -0.000002 -0.000000 -1.000000
vn -0.000002 -0.000000 -1.000000
vn -0.000002 -0.000000 -1.000000
vn -0.000002 -0.000000 -1.000000
vn -0.000003 -0.000002 1.000000
vn -0.000003 -0.000002 1.000000
vn -0.000003 -0.000002 1.000000
vn -0.000003 -0.000002 1.000000
vn -0.000002 -0.000003 1.000000
vn -0.000002 -0.000003 1.000000
vn -0.000002 -0.000003 1.000000
vn -0.000002 -0.000003 1.000000
vn -0.000001 -0.000003 1.000000
vn -0.000001 -0.000003 1.000000
vn -0.000001 -0.000003 1.000000
vn -0.000001 -0.000003 1.000000
vn 0.000001 -0.000003 1.000000
vn 0.000001 -0.000003 1.000000
vn 0.000001 -0.000003 1.000000
vn 0.000001 -0.000003 1.000000
vn 0.000002 -0.000003 1.000000
vn 0.000002 -0.000003 1.000000
vn 0.000002 -0.000003 1.000000
vn 0.000002 -0.000003 1.000000
vn 0.000002 -0.000002 1.000000
vn 0.000002 -0.000002 1.000000
vn 0.000002 -0.000002 1.000000
vn 0.000002 -0.000002 1.000000
vn 0.000003 -0.000001 1.000000
vn 0.000003 -0.000001 1.000000
vn 0.000003 -0.000001 1.000000
vn 0.000003 -0.000001 1.000000
vn 0.000004 0.000001 1.000000
vn 0.000004 0.000001 1.000000
vn 0.000004 0.000001 1.000000
vn 0.000004 0.000001 1.000000
vn 0.000003 0.000002 1.000000
vn 0.000003 0.000002 1.000000
vn 0.000003 0.000002 1.000000
vn 0.000003 0.000002 1.000000
vn 0.000002 0.000003 1.000000
vn 0.000002 0.000003 1.000000
vn 0.000002 0.000003 1.000000
vn 0.000002 0.000003 1.000000
vn 0.000001 0.000003 1.000000
vn 0.000001 0.000003 1.000000
vn 0.000001 0.000003 1.000000
vn 0.000001 0.000003 1.000000
vn 0.000000 0.000003 1.000000
vn 0.000000 0.000003 1.000000
vn 0.000000 0.000003 1.000000
vn 0.000000 0.000003 1.000000
vn -0.000002 0.000003 1.000000
vn -0.000002 0.000003 1.000000
vn -0.000002 0.000003 1.000000
vn -0.000002 0.000003 1.000000
vn -0.000003 0.000002 1.000000
vn -0.000003 0.000002 1.000000
vn -0.000003 0.000002 1.000000
vn -0.000003 0.000002 1.000000
vn -0.000004 0.000001 1.000000
vn -0.000004 0.000001 1.000000
vn -0.000004 0.000001 1.000000
vn -0.000004 0.000001 1.000000
vn -0.000004 -0.000001 1.000000
vn -0.000004 -0.000001 1.000000
vn -0.000004 -0.000001 1.000000
vn -0.000004 -0.000001 1.000000
vn 0.923876 -0.382692 0.000000
vn 0.707103 -0.707110 0.000000
vn 0.707103 -0.707110 0.000000
vn 0.923876 -0.382692 0.000000
vn 0.382685 -0.923879 0.000000
vn 0.382685 -0.923879 0.000000
vn 0.000000 -1.000000 0.000000
vn 0.000000 -1.000000 0.000000
vn -0.382677 -0.923882 0.000000
vn -0.382677 -0.923882 0.000000
vn -0.707105 -0.707109 0.000000
vn -0.707105 -0.707109 0.000000
vn -0.923884 -0.382674 0.000000
vn -0.923884 -0.382674 0.000000
vn -1.000000 0.000000 0.000000
vn -1.000000 0.000000 0.000000
vn -0.923884 0.382673 0.000000
vn -0.923884 0.382673 0.000000
vn -0.707107 0.707107 0.000000
vn -0.707107 0.707107 0.000000
vn -0.382681 0.923880 0.000000
vn -0.382681 0.923880 0.000000
vn 0.000000 1.000000 0.000000
vn 0.000000 1.000000 0.000000
vn 0.382685 0.923879 0.000000
vn 0.382685 0.923879 0.000000
vn 0.707107 0.707107 0.000000
vn 0.707107 0.707107 0.000000
vn 0.923880 0.382682 0.000000
vn 0.923880 0.382682 0.000000
vn 1.000000 0.000000 0.000000
vn 1.000000 0.000000 0.000000
s 1
g Metegol
usemtl initialShadingGroup
f 510/732/658 511/746/659 527/730/660 526/716/661
f 511/746/659 512/745/662 528/729/663 527/730/660
f 512/745/662 513/744/664 529/728/665 528/729/663
f 513/744/664 514/743/666 530/727/667 529/728/665
f 514/743/666 515/742/668 531/726/669 530/727/667
f 515/742/668 516/741/670 532/725/671 531/726/669
f 516/741/670 517/740/672 533/724/673 532/725/671
f 517/740/672 518/739/674 534/723/675 533/724/673
f 518/739/674 519/738/676 535/722/677 534/723/675
f 519/738/676 520/737/678 536/721/679 535/722/677
f 520/737/678 521/736/680 537/720/681 536/721/679
f 521/736/680 522/735/682 538/719/683 537/720/681
f 522/735/682 523/734/684 539/718/685 538/719/683
f 523/734/684 524/733/686 540/717/687 539/718/685
f 524/733/686 525/731/688 541/715/689 540/717/687
f 525/731/688 510/732/658 526/716/661 541/715/689
s off
f 511/618/690 510/617/691 542/701/692 543/714/693
f 512/621/694 511/618/695 543/714/696 544/713/697
f 513/623/698 512/621/699 544/713/700 545/712/701
f 514/625/702 513/623/703 545/712/704 546/711/705
f 515/627/706 514/625/707 546/711/708 547/710/709
f 516/629/710 515/627/711 547/710/712 548/709/713
f 517/631/714 516/629/715 548/709/716 549/708/717
f 518/633/718 517/631/719 549/708/720 550/707/721
f 519/635/722 518/633/723 550/707/724 551/681/725
f 520/637/726 519/635/727 551/681/728 552/706/729
f 521/639/730 520/637/731 552/706/732 553/705/733
f 522/641/734 521/639/735 553/705/736 554/704/737
f 523/643/738 522/641/739 554/704/740 555/703/741
f 524/645/742 523/643/743 555/703/744 556/702/745
f 525/647/746 524/645/747 556/702/748 557/700/749
f 510/617/750 525/647/751 557/700/752 542/701/753
f 526/620/754 527/619/755 559/699/756 558/686/757
f 527/619/758 528/622/759 560/698/760 559/699/761
f 528/622/762 529/624/763 561/697/764 560/698/765
f 529/624/766 530/626/767 562/696/768 561/697/769
f 530/626/770 531/628/771 563/695/772 562/696/773
f 531/628/774 532/630/775 564/694/776 563/695/777
f 532/630/778 533/632/779 565/693/780 564/694/781
f 533/632/782 534/634/783 566/692/784 565/693/785
f 534/634/786 535/636/787 567/683/788 566/692/789
f 535/636/790 536/638/791 568/691/792 567/683/793
f 536/638/794 537/640/795 569/690/796 568/691/797
f 537/640/798 538/642/799 570/689/800 569/690/801
f 538/642/802 539/644/803 571/688/804 570/689/805
f 539/644/806 540/646/807 572/687/808 571/688/809
f 540/646/810 541/648/811 573/685/812 572/687/813
f 541/648/814 526/620/815 558/686/816 573/685/817
s 2
f 548/655/818 547/654/819 563/670/820 564/671/821
f 547/654/819 546/653/822 562/669/823 563/670/820
f 546/653/822 545/652/824 561/668/825 562/669/823
f 545/652/824 544/651/826 560/667/827 561/668/825
f 544/651/826 543/650/828 559/665/829 560/667/827
f 543/650/828 542/649/830 558/666/831 559/665/829
f 542/649/830 557/664/832 573/680/833 558/666/831
f 557/664/832 556/663/834 572/679/835 573/680/833
f 556/663/834 555/662/836 571/678/837 572/679/835
f 555/662/836 554/661/838 570/677/839 571/678/837
f 554/661/838 553/660/840 569/676/841 570/677/839
f 553/660/840 552/659/842 568/675/843 569/676/841
f 552/659/842 551/682/844 567/674/845 568/675/843
f 551/658/844 550/657/846 566/673/847 567/684/845
f 550/657/846 549/656/848 565/672/849 566/673/847
f 549/656/848 548/655/818 564/671/821 565/672/849
g default
v -3.185540 0.872492 -0.293726
v -3.189904 0.865960 -0.293726
v -3.196437 0.861595 -0.293726
v -3.204142 0.860063 -0.293726
v -3.211847 0.861595 -0.293726
v -3.218379 0.865960 -0.293726
v -3.222744 0.872492 -0.293726
v -3.224277 0.880197 -0.293726
v -3.222744 0.887903 -0.293726
v -3.218379 0.894435 -0.293726
v -3.211847 0.898799 -0.293726
v -3.204142 0.900332 -0.293726
v -3.196437 0.898799 -0.293726
v -3.189904 0.894435 -0.293726
v -3.185540 0.887903 -0.293726
v -3.184007 0.880197 -0.293726
v -3.204142 0.880197 -0.293726
v -3.204142 0.900332 -0.340047
v -3.211847 0.898799 -0.340047
v -3.218379 0.894435 -0.340047
v -3.222744 0.887903 -0.340047
v -3.224277 0.880197 -0.340047
v -3.222744 0.872492 -0.340047
v -3.218379 0.865960 -0.340047
v -3.211847 0.861595 -0.340047
v -3.204142 0.860063 -0.340047
v -3.196437 0.861595 -0.340047
v -3.189904 0.865960 -0.340047
v -3.185540 0.872492 -0.340047
v -3.184007 0.880197 -0.340047
v -3.185540 0.887903 -0.340047
v -3.189904 0.894435 -0.340047
v -3.196437 0.898799 -0.340047
v -3.204143 0.880197 -0.340047
v -3.187861 0.896478 -0.324606
v -3.195331 0.901469 -0.324606
v -3.204142 0.903222 -0.324606
v -3.212953 0.901469 -0.324606
v -3.220423 0.896478 -0.324606
v -3.225414 0.889009 -0.324606
v -3.227167 0.880197 -0.324606
v -3.225414 0.871386 -0.324606
v -3.220423 0.863917 -0.324606
v -3.212953 0.858925 -0.324606
v -3.204142 0.857173 -0.324606
v -3.195331 0.858925 -0.324606
v -3.187861 0.863917 -0.324606
v -3.182870 0.871386 -0.324606
v -3.181117 0.880197 -0.324606
v -3.182870 0.889009 -0.324606
v -3.187861 0.896478 -0.309166
v -3.195331 0.901469 -0.309166
v -3.204142 0.903222 -0.309166
v -3.212953 0.901469 -0.309166
v -3.220423 0.896478 -0.309166
v -3.225414 0.889009 -0.309166
v -3.227167 0.880197 -0.309166
v -3.225414 0.871386 -0.309166
v -3.220423 0.863917 -0.309166
v -3.212953 0.858925 -0.309166
v -3.204142 0.857173 -0.309166
v -3.195331 0.858925 -0.309166
v -3.187861 0.863917 -0.309166
v -3.182870 0.871386 -0.309166
v -3.181117 0.880197 -0.309166
v -3.182870 0.889009 -0.309166
vt 0.199557 0.011331
vt 0.201282 0.009606
vt 0.574878 0.053469
vt 0.574863 0.050729
vt 0.202215 0.007353
vt 0.574946 0.056249
vt 0.202215 0.004914
vt 0.574869 0.015826
vt 0.201282 0.002660
vt 0.574790 0.018545
vt 0.199557 0.000935
vt 0.574761 0.021242
vt 0.197303 0.000002
vt 0.574757 0.023925
vt 0.194864 0.000002
vt 0.574767 0.026600
vt 0.192611 0.000935
vt 0.574783 0.029270
vt 0.190886 0.002660
vt 0.574801 0.031940
vt 0.189953 0.004914
vt 0.574820 0.034609
vt 0.189953 0.007353
vt 0.574837 0.037280
vt 0.190886 0.009606
vt 0.574851 0.039954
vt 0.192611 0.011331
vt 0.574860 0.042632
vt 0.194864 0.012264
vt 0.574865 0.045318
vt 0.197304 0.012264
vt 0.574864 0.048015
vt 0.196084 0.006133
vt 0.565043 0.016191
vt 0.057514 0.006225
vt 0.564859 0.055341
vt 0.565184 0.034650
vt 0.565203 0.037304
vt 0.565224 0.039950
vt 0.565245 0.042587
vt 0.565259 0.045209
vt 0.565258 0.047810
vt 0.565223 0.050379
vt 0.565115 0.052898
vt 0.565114 0.018765
vt 0.565137 0.021382
vt 0.565144 0.024022
vt 0.565148 0.026676
vt 0.565156 0.029334
vt 0.565167 0.031993
vt 0.570085 0.039969
vt 0.570101 0.042639
vt 0.570067 0.037300
vt 0.570048 0.034630
vt 0.570031 0.031959
vt 0.570017 0.029286
vt 0.570008 0.026607
vt 0.570004 0.023921
vt 0.570004 0.021224
vt 0.570005 0.018510
vt 0.569990 0.015770
vt 0.569824 0.056162
vt 0.569999 0.053413
vt 0.570078 0.050694
vt 0.570108 0.047997
vt 0.570111 0.045314
vt 0.575044 0.013077
vt 0.569922 0.012991
vt 0.058055 0.000001
vt 0.058906 0.000059
vt 0.564859 0.013692
vt 0.052590 0.010193
vt 0.054411 0.011745
vt 0.051474 0.008062
vt 0.051237 0.005652
vt 0.051933 0.003317
vt 0.053470 0.001415
vt 0.055623 0.000246
vt 0.061136 0.001046
vt 0.062824 0.002795
vt 0.063728 0.005038
vt 0.063728 0.007443
vt 0.062839 0.009662
vt 0.061197 0.011387
vt 0.059040 0.012381
vt 0.056667 0.012507
vt 0.580009 0.055548
vt 0.580009 0.013898
vt 0.579731 0.047858
vt 0.579754 0.050474
vt 0.579724 0.045217
vt 0.579720 0.042564
vt 0.579713 0.039905
vt 0.579701 0.037246
vt 0.579684 0.034589
vt 0.579665 0.031936
vt 0.579644 0.029289
vt 0.579623 0.026652
vt 0.579609 0.024030
vt 0.579610 0.021429
vt 0.579645 0.018861
vt 0.579753 0.016341
vt 0.579825 0.053048
vn 0.908107 -0.376156 0.183980
vn 0.695042 -0.695031 0.183981
vn 0.704293 -0.704293 0.089119
vn 0.920200 -0.381170 0.089119
vn 0.376151 -0.908109 0.183979
vn 0.381162 -0.920203 0.089119
vn 0.000000 -0.982930 0.183978
vn -0.000000 -0.996021 0.089120
vn -0.376148 -0.908111 0.183977
vn -0.381156 -0.920205 0.089118
vn -0.695050 -0.695024 0.183977
vn -0.704300 -0.704287 0.089117
vn -0.908107 -0.376156 0.183979
vn -0.920202 -0.381164 0.089119
vn -0.982929 -0.000000 0.183985
vn -0.996021 -0.000000 0.089122
vn -0.908107 0.376156 0.183978
vn -0.920202 0.381164 0.089118
vn -0.695054 0.695020 0.183976
vn -0.704304 0.704283 0.089116
vn -0.376148 0.908112 0.183973
vn -0.381157 0.920205 0.089116
vn 0.000000 0.982932 0.183972
vn -0.000000 0.996021 0.089116
vn 0.376151 0.908109 0.183977
vn 0.381162 0.920203 0.089118
vn 0.695046 0.695027 0.183982
vn 0.704296 0.704290 0.089120
vn 0.908107 0.376156 0.183982
vn 0.920199 0.381170 0.089120
vn 0.982929 0.000000 0.183985
vn 0.996021 0.000000 0.089122
vn 0.000000 0.000000 1.000000
vn 0.000000 0.000000 1.000000
vn 0.000000 0.000000 1.000000
vn -0.000003 0.000000 1.000000
vn 0.000000 0.000000 1.000000
vn 0.000003 0.000000 1.000000
vn 0.000000 0.000000 1.000000
vn 0.000000 0.000000 1.000000
vn 0.000000 0.000000 1.000000
vn 0.000000 0.000000 1.000000
vn 0.000003 0.000000 1.000000
vn 0.000003 0.000000 1.000000
vn 0.000000 0.000000 1.000000
vn -0.000003 0.000000 1.000000
vn -0.000003 0.000000 1.000000
vn 0.000000 0.000000 1.000000
vn 0.000000 0.000000 1.000000
vn 0.000000 0.000000 -1.000000
vn -0.000000 0.000000 -1.000000
vn 0.000000 0.000000 -1.000000
vn 0.000000 0.000000 -1.000000
vn 0.000000 0.000000 -1.000000
vn 0.000000 0.000000 -1.000000
vn -0.000002 0.000000 -1.000000
vn -0.000001 0.000000 -1.000000
vn 0.000000 0.000000 -1.000000
vn -0.000003 0.000000 -1.000000
vn -0.000003 0.000000 -1.000000
vn 0.000000 0.000000 -1.000000
vn 0.000002 0.000000 -1.000000
vn 0.000002 0.000000 -1.000000
vn 0.000000 0.000000 -1.000000
vn 0.000002 0.000000 -1.000000
vn 0.000002 0.000000 -1.000000
vn 0.381162 0.920203 -0.089119
vn 0.704297 0.704290 -0.089119
vn 0.695046 0.695027 -0.183981
vn 0.376151 0.908109 -0.183979
vn -0.000000 0.996021 -0.089117
vn 0.000000 0.982931 -0.183973
vn -0.381157 0.920205 -0.089116
vn -0.376148 0.908112 -0.183973
vn -0.704304 0.704283 -0.089116
vn -0.695054 0.695020 -0.183975
vn -0.920202 0.381164 -0.089118
vn -0.908108 0.376156 -0.183977
vn -0.996021 0.000000 -0.089122
vn -0.982929 0.000000 -0.183985
vn -0.920202 -0.381164 -0.089119
vn -0.908107 -0.376156 -0.183979
vn -0.704300 -0.704286 -0.089117
vn -0.695051 -0.695023 -0.183977
vn -0.381157 -0.920205 -0.089118
vn -0.376149 -0.908110 -0.183977
vn -0.000000 -0.996021 -0.089120
vn 0.000000 -0.982930 -0.183978
vn 0.381162 -0.920203 -0.089119
vn 0.376152 -0.908109 -0.183979
vn 0.704293 -0.704293 -0.089119
vn 0.695043 -0.695030 -0.183980
vn 0.920200 -0.381170 -0.089118
vn 0.908107 -0.376156 -0.183978
vn 0.996021 -0.000000 -0.089121
vn 0.982929 -0.000000 -0.183984
vn 0.920200 0.381170 -0.089120
vn 0.908107 0.376156 -0.183981
s 1
g Barril
usemtl initialShadingGroup
f 574/836/850 575/849/851 636/749/852 637/750/853
f 575/849/851 576/833/854 635/752/855 636/749/852
f 576/834/854 577/848/856 634/754/857 635/813/855
f 577/848/856 578/847/858 633/756/859 634/754/857
f 578/847/858 579/846/860 632/758/861 633/756/859
f 579/846/860 580/845/862 631/760/863 632/758/861
f 580/845/862 581/844/864 630/762/865 631/760/863
f 581/844/864 582/843/866 629/764/867 630/762/865
f 582/843/866 583/842/868 628/766/869 629/764/867
f 583/842/868 584/841/870 627/768/871 628/766/869
f 584/841/870 585/840/872 626/770/873 627/768/871
f 585/840/872 586/839/874 625/772/875 626/770/873
f 586/839/874 587/838/876 624/774/877 625/772/875
f 587/838/876 588/837/878 639/776/879 624/774/877
f 588/837/878 589/835/880 638/778/881 639/776/879
f 589/835/880 574/836/850 637/750/853 638/778/881
s 2
f 575/748/882 574/747/883 590/779/884
f 576/751/885 575/748/882 590/779/884
f 577/753/886 576/751/885 590/779/884
f 578/755/887 577/753/886 590/779/884
f 579/757/888 578/755/887 590/779/884
f 580/759/889 579/757/888 590/779/884
f 581/761/890 580/759/889 590/779/884
f 582/763/891 581/761/890 590/779/884
f 583/765/892 582/763/891 590/779/884
f 584/767/893 583/765/892 590/779/884
f 585/769/894 584/767/893 590/779/884
f 586/771/895 585/769/894 590/779/884
f 587/773/896 586/771/895 590/779/884
f 588/775/897 587/773/896 590/779/884
f 589/777/898 588/775/897 590/779/884
f 574/747/883 589/777/898 590/779/884
s 3
f 599/825/899 607/781/900 600/816/901
f 592/832/902 591/819/903 607/781/900
f 607/781/900 591/819/903 606/818/904
f 607/781/900 606/818/904 605/820/905
f 607/781/900 605/820/905 604/821/906
f 607/781/900 604/821/906 603/822/907
f 607/781/900 603/822/907 602/823/908
f 607/781/900 602/823/908 601/824/909
f 607/781/900 601/824/909 600/815/901
f 598/826/910 607/781/900 599/825/899
f 597/827/911 607/781/900 598/826/910
f 596/828/912 607/781/900 597/827/911
f 595/829/913 607/781/900 596/828/912
f 594/830/914 607/781/900 595/829/913
f 593/831/915 607/781/900 594/830/914
f 592/832/902 607/781/900 593/831/915
s 1
f 609/797/916 608/798/917 605/786/918 606/785/919
f 610/799/920 609/797/916 606/785/919 591/784/921
f 611/800/922 610/799/920 591/784/921 592/783/923
f 612/801/924 611/800/922 592/783/923 593/796/925
f 613/802/926 612/801/924 593/796/925 594/795/927
f 614/803/928 613/802/926 594/795/927 595/794/929
f 615/804/930 614/803/928 595/794/929 596/793/931
f 616/805/932 615/804/930 596/793/931 597/792/933
f 617/806/934 616/805/932 597/792/933 598/791/935
f 618/807/936 617/806/934 598/791/935 599/780/937
f 619/814/938 618/807/936 599/780/937 600/817/939
f 620/809/940 619/808/938 600/782/939 601/790/941
f 621/810/942 620/809/940 601/790/941 602/789/943
f 622/811/944 621/810/942 602/789/943 603/788/945
f 623/812/946 622/811/944 603/788/945 604/787/947
f 608/798/917 623/812/946 604/787/947 605/786/918
f 625/772/875 624/774/877 608/798/917 609/797/916
f 626/770/873 625/772/875 609/797/916 610/799/920
f 627/768/871 626/770/873 610/799/920 611/800/922
f 628/766/869 627/768/871 611/800/922 612/801/924
f 629/764/867 628/766/869 612/801/924 613/802/926
f 630/762/865 629/764/867 613/802/926 614/803/928
f 631/760/863 630/762/865 614/803/928 615/804/930
f 632/758/861 631/760/863 615/804/930 616/805/932
f 633/756/859 632/758/861 616/805/932 617/806/934
f 634/754/857 633/756/859 617/806/934 618/807/936
f 635/813/855 634/754/857 618/807/936 619/814/938
f 636/749/852 635/752/855 619/808/938 620/809/940
f 637/750/853 636/749/852 620/809/940 621/810/942
f 638/778/881 637/750/853 621/810/942 622/811/944
f 639/776/879 638/778/881 622/811/944 623/812/946
f 624/774/877 639/776/879 623/812/946 608/798/917
g default
v -2.955221 0.661351 -0.581687
v -2.960884 0.661351 -0.584033
v -2.966548 0.661351 -0.581687
v -2.968894 0.661351 -0.576024
v -2.966548 0.661351 -0.570360
v -2.960884 0.661351 -0.568014
v -2.955221 0.661351 -0.570360
v -2.952875 0.661351 -0.576024
v -2.950420 0.665888 -0.586488
v -2.960884 0.665888 -0.590823
v -2.971349 0.665888 -0.586488
v -2.975684 0.665888 -0.576024
v -2.971349 0.665888 -0.565559
v -2.960884 0.665888 -0.561224
v -2.950420 0.665888 -0.565559
v -2.946085 0.665888 -0.576024
v -2.947212 0.672678 -0.589696
v -2.960884 0.672678 -0.595360
v -2.974557 0.672678 -0.589696
v -2.980221 0.672678 -0.576024
v -2.974557 0.672678 -0.562351
v -2.960884 0.672678 -0.556687
v -2.947212 0.672678 -0.562351
v -2.941548 0.672678 -0.576024
v -2.946085 0.680688 -0.590823
v -2.960884 0.680688 -0.596953
v -2.975684 0.680688 -0.590823
v -2.981814 0.680688 -0.576024
v -2.975684 0.680688 -0.561224
v -2.960884 0.680688 -0.555094
v -2.946085 0.680688 -0.561224
v -2.939955 0.680688 -0.576024
v -2.947212 0.688697 -0.589696
v -2.960884 0.688697 -0.595360
v -2.974557 0.688697 -0.589696
v -2.980221 0.688697 -0.576024
v -2.974557 0.688697 -0.562351
v -2.960884 0.688697 -0.556687
v -2.947212 0.688697 -0.562351
v -2.941548 0.688697 -0.576024
v -2.950420 0.695487 -0.586488
v -2.960884 0.695487 -0.590823
v -2.971349 0.695487 -0.586488
v -2.975684 0.695487 -0.576024
v -2.971349 0.695487 -0.565559
v -2.960884 0.695487 -0.561224
v -2.950420 0.695487 -0.565559
v -2.946085 0.695487 -0.576024
v -2.955221 0.700024 -0.581687
v -2.960884 0.700024 -0.584033
v -2.966548 0.700024 -0.581687
v -2.968894 0.700024 -0.576024
v -2.966548 0.700024 -0.570360
v -2.960884 0.700024 -0.568014
v -2.955221 0.700024 -0.570360
v -2.952875 0.700024 -0.576024
v -2.960884 0.659758 -0.576024
v -2.960884 0.701617 -0.576024
vt 0.534623 0.031998
vt 0.535495 0.033677
vt 0.533047 0.036461
vt 0.532271 0.033587
vt 0.537214 0.034680
vt 0.535721 0.017612
vt 0.535623 0.022896
vt 0.533555 0.019882
vt 0.534726 0.024478
vt 0.532545 0.022540
vt 0.534291 0.026310
vt 0.532078 0.025264
vt 0.534147 0.028212
vt 0.531902 0.028004
vt 0.534238 0.030124
vt 0.531950 0.030772
vt 0.530074 0.037907
vt 0.529750 0.034365
vt 0.532576 0.014378
vt 0.530815 0.018041
vt 0.530085 0.021435
vt 0.529762 0.024677
vt 0.529626 0.027861
vt 0.529617 0.031061
vt 0.526888 0.038235
vt 0.527120 0.034527
vt 0.528328 0.012867
vt 0.527702 0.017282
vt 0.527469 0.020991
vt 0.527366 0.024428
vt 0.527293 0.027761
vt 0.527220 0.031093
vt 0.523773 0.037475
vt 0.524502 0.034082
vt 0.523749 0.013428
vt 0.524517 0.017608
vt 0.524841 0.021155
vt 0.524969 0.024458
vt 0.524960 0.027660
vt 0.524822 0.030842
vt 0.521032 0.035633
vt 0.522041 0.032976
vt 0.519754 0.016144
vt 0.521545 0.019052
vt 0.522320 0.021928
vt 0.522637 0.024745
vt 0.522684 0.027513
vt 0.522505 0.030251
vt 0.518962 0.032618
vt 0.519859 0.031037
vt 0.517378 0.020826
vt 0.519095 0.021833
vt 0.519967 0.023514
vt 0.520349 0.025389
vt 0.520438 0.027302
vt 0.520293 0.029205
vt 0.536818 0.028192
vt 0.517768 0.027318
vt 0.517371 0.033442
vt 0.537214 0.022070
vt 0.518866 0.037902
vt 0.522013 0.041138
vt 0.526265 0.042648
vt 0.530846 0.042084
vt 0.534841 0.039365
vn 0.350877 -0.868196 -0.350887
vn 0.000000 -0.868195 -0.496224
vn 0.000000 -0.654267 -0.756263
vn 0.534759 -0.654265 -0.534762
vn -0.350880 -0.868196 -0.350884
vn -0.534759 -0.654264 -0.534763
vn -0.496215 -0.868200 0.000000
vn -0.756274 -0.654255 0.000001
vn -0.350876 -0.868198 0.350883
vn -0.534762 -0.654261 0.534763
vn -0.000000 -0.868196 0.496221
vn -0.000000 -0.654268 0.756263
vn 0.350880 -0.868196 0.350883
vn 0.534764 -0.654260 0.534764
vn 0.496219 -0.868198 -0.000001
vn 0.756267 -0.654263 0.000001
vn -0.000000 -0.349902 -0.936786
vn 0.662411 -0.349895 -0.662408
vn -0.662410 -0.349897 -0.662409
vn -0.936790 -0.349892 0.000000
vn -0.662410 -0.349898 0.662408
vn 0.000000 -0.349902 0.936786
vn 0.662412 -0.349895 0.662408
vn 0.936791 -0.349890 0.000001
vn -0.000000 0.000000 -1.000000
vn 0.707107 0.000000 -0.707106
vn -0.707108 0.000000 -0.707106
vn -1.000000 0.000000 -0.000000
vn -0.707107 0.000000 0.707106
vn -0.000000 0.000000 1.000000
vn 0.707107 0.000000 0.707106
vn 1.000000 0.000000 -0.000001
vn 0.000000 0.349900 -0.936787
vn 0.662411 0.349891 -0.662411
vn -0.662409 0.349896 -0.662409
vn -0.936789 0.349896 -0.000000
vn -0.662408 0.349901 0.662408
vn -0.000000 0.349900 0.936787
vn 0.662410 0.349894 0.662410
vn 0.936792 0.349886 -0.000000
vn 0.000000 0.654269 -0.756262
vn 0.534761 0.654261 -0.534764
vn -0.534758 0.654264 -0.534763
vn -0.756274 0.654255 -0.000000
vn -0.534761 0.654262 0.534763
vn 0.000000 0.654267 0.756264
vn 0.534762 0.654260 0.534765
vn 0.756270 0.654260 0.000001
vn 0.000000 0.868200 -0.496214
vn 0.350877 0.868198 -0.350882
vn -0.350875 0.868199 -0.350881
vn -0.496220 0.868197 0.000001
vn -0.350880 0.868195 0.350885
vn 0.000001 0.868198 0.496219
vn 0.350878 0.868196 0.350885
vn 0.496219 0.868198 -0.000000
vn -0.000000 -1.000000 -0.000004
vn 0.000000 1.000000 0.000004
s 1
g Pelota
usemtl initialShadingGroup
f 640/850/948 641/851/949 649/852/950 648/853/951
f 641/851/949 642/854/952 650/914/953 649/852/950
f 642/909/952 643/856/954 651/857/955 650/855/953
f 643/856/954 644/858/956 652/859/957 651/857/955
f 644/858/956 645/860/958 653/861/959 652/859/957
f 645/860/958 646/862/960 654/863/961 653/861/959
f 646/862/960 647/864/962 655/865/963 654/863/961
f 647/864/962 640/850/948 648/853/951 655/865/963
f 648/853/951 649/852/950 657/866/964 656/867/965
f 649/852/950 650/914/953 658/913/966 657/866/964
f 650/855/953 651/857/955 659/869/967 658/868/966
f 651/857/955 652/859/957 660/870/968 659/869/967
f 652/859/957 653/861/959 661/871/969 660/870/968
f 653/861/959 654/863/961 662/872/970 661/871/969
f 654/863/961 655/865/963 663/873/971 662/872/970
f 655/865/963 648/853/951 656/867/965 663/873/971
f 656/867/965 657/866/964 665/874/972 664/875/973
f 657/866/964 658/913/966 666/912/974 665/874/972
f 658/868/966 659/869/967 667/877/975 666/876/974
f 659/869/967 660/870/968 668/878/976 667/877/975
f 660/870/968 661/871/969 669/879/977 668/878/976
f 661/871/969 662/872/970 670/880/978 669/879/977
f 662/872/970 663/873/971 671/881/979 670/880/978
f 663/873/971 656/867/965 664/875/973 671/881/979
f 664/875/973 665/874/972 673/882/980 672/883/981
f 665/874/972 666/912/974 674/911/982 673/882/980
f 666/876/974 667/877/975 675/885/983 674/884/982
f 667/877/975 668/878/976 676/886/984 675/885/983
f 668/878/976 669/879/977 677/887/985 676/886/984
f 669/879/977 670/880/978 678/888/986 677/887/985
f 670/880/978 671/881/979 679/889/987 678/888/986
f 671/881/979 664/875/973 672/883/981 679/889/987
f 672/883/981 673/882/980 681/890/988 680/891/989
f 673/882/980 674/911/982 682/910/990 681/890/988
f 674/884/982 675/885/983 683/893/991 682/892/990
f 675/885/983 676/886/984 684/894/992 683/893/991
f 676/886/984 677/887/985 685/895/993 684/894/992
f 677/887/985 678/888/986 686/896/994 685/895/993
f 678/888/986 679/889/987 687/897/995 686/896/994
f 679/889/987 672/883/981 680/891/989 687/897/995
f 680/891/989 681/890/988 689/898/996 688/899/997
f 681/890/988 682/910/990 690/908/998 689/898/996
f 682/892/990 683/893/991 691/901/999 690/900/998
f 683/893/991 684/894/992 692/902/1000 691/901/999
f 684/894/992 685/895/993 693/903/1001 692/902/1000
f 685/895/993 686/896/994 694/904/1002 693/903/1001
f 686/896/994 687/897/995 695/905/1003 694/904/1002
f 687/897/995 680/891/989 688/899/997 695/905/1003
f 641/851/949 640/850/948 696/906/1004
f 642/854/952 641/851/949 696/906/1004
f 643/856/954 642/909/952 696/906/1004
f 644/858/956 643/856/954 696/906/1004
f 645/860/958 644/858/956 696/906/1004
f 646/862/960 645/860/958 696/906/1004
f 647/864/962 646/862/960 696/906/1004
f 640/850/948 647/864/962 696/906/1004
f 688/899/997 689/898/996 697/907/1005
f 689/898/996 690/908/998 697/907/1005
f 690/900/998 691/901/999 697/907/1005
f 691/901/999 692/902/1000 697/907/1005
f 692/902/1000 693/903/1001 697/907/1005
f 693/903/1001 694/904/1002 697/907/1005
f 694/904/1002 695/905/1003 697/907/1005
f 695/905/1003 688/899/997 697/907/1005
g default
v -3.000223 0.929536 -0.372557
v -3.004551 0.923059 -0.372557
v -3.011028 0.918731 -0.372557
v -3.018669 0.917211 -0.372557
v -3.026309 0.918731 -0.372557
v -3.032786 0.923059 -0.372557
v -3.037114 0.929536 -0.372557
v -3.038634 0.937176 -0.372557
v -3.037114 0.944817 -0.372557
v -3.032786 0.951294 -0.372557
v -3.026309 0.955622 -0.372557
v -3.018669 0.957142 -0.372557
v -3.011028 0.955622 -0.372557
v -3.004551 0.951294 -0.372557
v -3.000223 0.944817 -0.372557
v -2.998703 0.937176 -0.372557
v -3.000223 0.929536 -0.392343
v -3.004551 0.923059 -0.392343
v -3.011028 0.918731 -0.392343
v -3.018669 0.917211 -0.392343
v -3.026309 0.918731 -0.392343
v -3.032786 0.923059 -0.392343
v -3.037114 0.929536 -0.392343
v -3.038634 0.937176 -0.392343
v -3.037114 0.944817 -0.392343
v -3.032786 0.951294 -0.392343
v -3.026309 0.955622 -0.392343
v -3.018669 0.957142 -0.392343
v -3.011028 0.955622 -0.392343
v -3.004551 0.951294 -0.392343
v -3.000223 0.944817 -0.392343
v -2.998703 0.937176 -0.392343
v -3.018669 0.937176 -0.372557
v -3.018669 0.937176 -0.392343
vt 0.222235 0.012161
vt 0.224470 0.011236
vt 0.226180 0.009525
vt 0.227106 0.007291
vt 0.227106 0.004872
vt 0.226180 0.002638
vt 0.224470 0.000927
vt 0.222235 0.000002
vt 0.219817 0.000002
vt 0.217582 0.000928
vt 0.215872 0.002638
vt 0.214946 0.004872
vt 0.214946 0.007291
vt 0.215872 0.009526
vt 0.217582 0.011236
vt 0.219817 0.012161
vt 0.487898 0.054055
vt 0.487898 0.056474
vt 0.487898 0.058893
vt 0.487898 0.061311
vt 0.487898 0.063730
vt 0.487898 0.066149
vt 0.487898 0.068567
vt 0.487898 0.070986
vt 0.487898 0.073405
vt 0.487898 0.075823
vt 0.487898 0.078242
vt 0.487898 0.080661
vt 0.487898 0.083079
vt 0.487898 0.085498
vt 0.487898 0.087917
vt 0.487898 0.090335
vt 0.487898 0.092754
vt 0.481755 0.054055
vt 0.481755 0.056474
vt 0.481755 0.058893
vt 0.481755 0.061311
vt 0.481755 0.063730
vt 0.481755 0.066149
vt 0.481755 0.068567
vt 0.481755 0.070986
vt 0.481755 0.073405
vt 0.481755 0.075823
vt 0.481755 0.078242
vt 0.481755 0.080661
vt 0.481755 0.083079
vt 0.481755 0.085498
vt 0.481755 0.087917
vt 0.481755 0.090335
vt 0.481755 0.092754
vt 0.230079 0.000927
vt 0.228369 0.002638
vt 0.227443 0.004872
vt 0.227443 0.007291
vt 0.228369 0.009525
vt 0.230079 0.011236
vt 0.232314 0.012161
vt 0.234732 0.012161
vt 0.236967 0.011236
vt 0.238677 0.009526
vt 0.239603 0.007291
vt 0.239603 0.004872
vt 0.238677 0.002638
vt 0.236967 0.000928
vt 0.234732 0.000002
vt 0.232314 0.000002
vt 0.221026 0.006082
vt 0.233523 0.006082
vn 0.923877 -0.382690 0.000000
vn 0.707104 -0.707109 0.000000
vn 0.707104 -0.707109 0.000000
vn 0.923877 -0.382690 0.000000
vn 0.382685 -0.923879 0.000000
vn 0.382685 -0.923879 0.000000
vn 0.000000 -1.000000 0.000000
vn 0.000000 -1.000000 0.000000
vn -0.382681 -0.923880 0.000000
vn -0.382681 -0.923880 0.000000
vn -0.707104 -0.707110 0.000000
vn -0.707104 -0.707110 0.000000
vn -0.923882 -0.382678 0.000000
vn -0.923882 -0.382678 0.000000
vn -1.000000 0.000000 0.000000
vn -1.000000 0.000000 0.000000
vn -0.923882 0.382678 0.000000
vn -0.923882 0.382678 0.000000
vn -0.707104 0.707110 0.000000
vn -0.707104 0.707110 0.000000
vn -0.382681 0.923880 0.000000
vn -0.382681 0.923880 0.000000
vn 0.000000 1.000000 0.000000
vn 0.000000 1.000000 0.000000
vn 0.382681 0.923880 0.000000
vn 0.382681 0.923880 0.000000
vn 0.707104 0.707110 0.000000
vn 0.707104 0.707110 0.000000
vn 0.923877 0.382689 0.000000
vn 0.923877 0.382689 0.000000
vn 1.000000 0.000000 0.000000
vn 1.000000 0.000000 0.000000
vn 0.000000 0.000000 1.000000
vn 0.000000 0.000000 1.000000
vn -0.000000 0.000000 1.000000
vn 0.000000 0.000000 1.000000
vn 0.000000 0.000000 1.000000
vn -0.000003 0.000000 1.000000
vn -0.000003 0.000000 1.000000
vn 0.000000 0.000000 1.000000
vn 0.000000 0.000000 1.000000
vn 0.000000 0.000000 1.000000
vn -0.000003 0.000000 1.000000
vn -0.000003 0.000000 1.000000
vn 0.000000 0.000000 1.000000
vn 0.000003 0.000000 1.000000
vn 0.000003 0.000000 1.000000
vn 0.000000 0.000000 1.000000
vn 0.000000 0.000000 1.000000
vn 0.000002 0.000000 -1.000000
vn 0.000002 0.000000 -1.000000
vn 0.000000 0.000000 -1.000000
vn 0.000003 0.000000 -1.000000
vn 0.000003 0.000000 -1.000000
vn 0.000000 0.000000 -1.000000
vn 0.000000 0.000000 -1.000000
vn 0.000000 0.000000 -1.000000
vn 0.000000 0.000000 -1.000000
vn 0.000000 0.000000 -1.000000
vn 0.000000 0.000000 -1.000000
vn -0.000003 0.000000 -1.000000
vn -0.000003 0.000000 -1.000000
vn 0.000000 0.000000 -1.000000
vn 0.000000 0.000000 -1.000000
vn 0.000000 0.000000 -1.000000
vn 0.000000 0.000000 -1.000000
s 1
g Goles
usemtl initialShadingGroup
f 698/931/1006 699/932/1007 715/949/1008 714/948/1009
f 699/932/1007 700/933/1010 716/950/1011 715/949/1008
f 700/933/1010 701/934/1012 717/951/1013 716/950/1011
f 701/934/1012 702/935/1014 718/952/1015 717/951/1013
f 702/935/1014 703/936/1016 719/953/1017 718/952/1015
f 703/936/1016 704/937/1018 720/954/1019 719/953/1017
f 704/937/1018 705/938/1020 721/955/1021 720/954/1019
f 705/938/1020 706/939/1022 722/956/1023 721/955/1021
f 706/939/1022 707/940/1024 723/957/1025 722/956/1023
f 707/940/1024 708/941/1026 724/958/1027 723/957/1025
f 708/941/1026 709/942/1028 725/959/1029 724/958/1027
f 709/942/1028 710/943/1030 726/960/1031 725/959/1029
f 710/943/1030 711/944/1032 727/961/1033 726/960/1031
f 711/944/1032 712/945/1034 728/962/1035 727/961/1033
f 712/945/1034 713/946/1036 729/963/1037 728/962/1035
f 713/946/1036 698/947/1006 714/964/1009 729/963/1037
s 2
f 699/916/1038 698/915/1039 730/981/1040
f 700/917/1041 699/916/1038 730/981/1040
f 701/918/1042 700/917/1041 730/981/1040
f 702/919/1043 701/918/1042 730/981/1040
f 703/920/1044 702/919/1043 730/981/1040
f 704/921/1045 703/920/1044 730/981/1040
f 705/922/1046 704/921/1045 730/981/1040
f 706/923/1047 705/922/1046 730/981/1040
f 707/924/1048 706/923/1047 730/981/1040
f 708/925/1049 707/924/1048 730/981/1040
f 709/926/1050 708/925/1049 730/981/1040
f 710/927/1051 709/926/1050 730/981/1040
f 711/928/1052 710/927/1051 730/981/1040
f 712/929/1053 711/928/1052 730/981/1040
f 713/930/1054 712/929/1053 730/981/1040
f 698/915/1039 713/930/1054 730/981/1040
s 3
f 714/979/1055 715/978/1056 731/982/1057
f 715/978/1056 716/977/1058 731/982/1057
f 716/977/1058 717/976/1059 731/982/1057
f 717/976/1059 718/975/1060 731/982/1057
f 718/975/1060 719/974/1061 731/982/1057
f 719/974/1061 720/973/1062 731/982/1057
f 720/973/1062 721/972/1063 731/982/1057
f 721/972/1063 722/971/1064 731/982/1057
f 722/971/1064 723/970/1065 731/982/1057
f 723/970/1065 724/969/1066 731/982/1057
f 724/969/1066 725/968/1067 731/982/1057
f 725/968/1067 726/967/1068 731/982/1057
f 726/967/1068 727/966/1069 731/982/1057
f 727/966/1069 728/965/1070 731/982/1057
f 728/965/1070 729/980/1071 731/982/1057
f 729/980/1071 714/979/1055 731/982/1057
g default
v -3.000000 0.621100 -0.137281
v -4.610419 0.621100 -0.137281
v -3.000000 0.976834 -0.137281
v -4.610419 0.976834 -0.137281
v -4.572904 0.976834 -0.180540
v -3.037516 0.976834 -0.180540
v -4.572904 0.769611 -0.180540
v -3.037516 0.769611 -0.180540
v -4.610419 0.621100 -0.372200
v -3.000000 0.621100 -0.372202
v -3.037516 0.769611 -0.372204
v -4.572904 0.769611 -0.372204
v -4.572904 0.897010 -0.372204
v -4.572904 0.897010 -0.180540
v -3.037516 0.897010 -0.180540
v -3.037516 0.897010 -0.372204
v -4.610419 0.897010 -0.372200
v -4.610419 0.897010 -0.137281
v -3.000000 0.897010 -0.137281
v -3.000000 0.897010 -0.372202
v -3.000000 0.960871 -0.339634
v -3.000000 0.972526 -0.328854
v -3.000000 0.976834 -0.313574
v -3.037516 0.960871 -0.339636
v -3.037516 0.976834 -0.313576
v -3.037516 0.972526 -0.328856
v -4.610419 0.972526 -0.328852
v -4.610419 0.960871 -0.339632
v -4.610419 0.976834 -0.313572
v -4.572904 0.960871 -0.339636
v -4.572904 0.972526 -0.328856
v -4.572904 0.976834 -0.313576
v -3.037516 0.897010 -0.568642
v -3.037516 0.769611 -0.568642
v -4.572904 0.769611 -0.568642
v -4.572904 0.897010 -0.568642
v -4.610419 0.897010 -0.568642
v -4.610419 0.621100 -0.568642
v -3.000000 0.621100 -0.568642
v -3.000000 0.897010 -0.568642
v -3.805210 0.769611 -0.568642
v -3.805210 0.769611 -0.372204
v -3.805210 0.769611 -0.180540
v -3.805210 0.976834 -0.180540
v -3.805210 0.976834 -0.137281
v -3.805210 0.621100 -0.137281
v -3.805210 0.621100 -0.372200
v -3.805210 0.621100 -0.568642
v -3.135388 0.769611 -0.568642
v -3.135388 0.769611 -0.372204
v -3.135388 0.769611 -0.180540
v -3.135388 0.897010 -0.180540
v -3.135388 0.976834 -0.180540
v -3.102655 0.976834 -0.137281
v -3.102655 0.897010 -0.137281
v -3.102655 0.621100 -0.137281
v -3.102655 0.621100 -0.372200
v -3.102655 0.621100 -0.568642
v -4.475030 0.769611 -0.568642
v -4.475030 0.769611 -0.372204
v -4.475030 0.769611 -0.180540
v -4.475030 0.897010 -0.180540
v -4.475030 0.976834 -0.180540
v -4.507765 0.976834 -0.137281
v -4.507765 0.897010 -0.137281
v -4.507765 0.621100 -0.137281
v -4.507765 0.621100 -0.372200
v -4.507765 0.621100 -0.568642
v -3.052529 0.769611 -0.568642
v -3.120376 0.769611 -0.568642
v -3.120376 0.769611 -0.483335
v -3.052529 0.769611 -0.483335
v -4.490045 0.769611 -0.568642
v -4.557890 0.769611 -0.568642
v -4.557890 0.769611 -0.483335
v -4.490045 0.769611 -0.483335
v -3.052529 0.687431 -0.568642
v -3.120376 0.687431 -0.568642
v -3.120376 0.687431 -0.483335
v -3.052529 0.687431 -0.483335
v -4.490045 0.687431 -0.568642
v -4.557890 0.687431 -0.568642
v -4.557890 0.687431 -0.483335
v -4.490045 0.687431 -0.483335
v -3.909773 0.897010 -0.137281
v -3.909773 0.976834 -0.137281
v -3.904902 0.976834 -0.180540
v -3.904902 0.897010 -0.180540
v -3.904902 0.769611 -0.180540
v -3.904902 0.769611 -0.372204
v -3.904902 0.769611 -0.568642
v -3.909773 0.621100 -0.568642
v -3.909773 0.621100 -0.372200
v -3.909773 0.621100 -0.137281
v -3.700647 0.897010 -0.137281
v -3.700647 0.976834 -0.137281
v -3.705519 0.976834 -0.180540
v -3.705519 0.897010 -0.180540
v -3.705519 0.769611 -0.180540
v -3.705519 0.769611 -0.372204
v -3.705519 0.769611 -0.568642
v -3.700647 0.621100 -0.568642
v -3.700647 0.621100 -0.372200
v -3.700647 0.621100 -0.137281
v -3.762748 0.882600 -0.137281
v -3.777464 0.911973 -0.137281
v -3.808639 0.922338 -0.137281
v -3.773113 0.851425 -0.137281
v -3.802486 0.836709 -0.137281
v -3.838012 0.907623 -0.137281
v -3.848377 0.876447 -0.137281
v -3.833661 0.847074 -0.137281
v -3.762748 0.882600 -0.180538
v -3.777464 0.911973 -0.180538
v -3.808639 0.922338 -0.180538
v -3.773113 0.851425 -0.180538
v -3.802486 0.836709 -0.180538
v -3.838012 0.907623 -0.180538
v -3.848377 0.876447 -0.180538
v -3.833661 0.847074 -0.180538
v -3.000000 0.621100 -1.000002
v -4.610419 0.621100 -1.000002
v -3.000000 0.976834 -1.000002
v -4.610419 0.976834 -1.000002
v -4.572904 0.976834 -0.956743
v -3.037516 0.976834 -0.956743
v -4.572904 0.769611 -0.956743
v -3.037516 0.769611 -0.956743
v -4.610419 0.621100 -0.765083
v -3.000000 0.621100 -0.765081
v -3.037516 0.769611 -0.765079
v -4.572904 0.769611 -0.765079
v -4.572904 0.897010 -0.765079
v -4.572904 0.897010 -0.956743
v -3.037516 0.897010 -0.956743
v -3.037516 0.897010 -0.765079
v -4.610419 0.897010 -0.765083
v -4.610419 0.897010 -1.000002
v -3.000000 0.897010 -1.000002
v -3.000000 0.897010 -0.765081
v -3.000000 0.960871 -0.797649
v -3.000000 0.972526 -0.808430
v -3.000000 0.976834 -0.823709
v -3.037516 0.960871 -0.797647
v -3.037516 0.976834 -0.823708
v -3.037516 0.972526 -0.808428
v -4.610419 0.972526 -0.808432
v -4.610419 0.960871 -0.797651
v -4.610419 0.976834 -0.823711
v -4.572904 0.960871 -0.797647
v -4.572904 0.972526 -0.808428
v -4.572904 0.976834 -0.823708
v -3.805210 0.769611 -0.765079
v -3.805210 0.769611 -0.956743
v -3.805210 0.976834 -0.956743
v -3.805210 0.976834 -1.000002
v -3.805210 0.621100 -1.000002
v -3.805210 0.621100 -0.765083
v -3.135388 0.769611 -0.765079
v -3.135388 0.769611 -0.956743
v -3.135388 0.897010 -0.956743
v -3.135388 0.976834 -0.956743
v -3.102655 0.976834 -1.000002
v -3.102655 0.897010 -1.000002
v -3.102655 0.621100 -1.000002
v -3.102655 0.621100 -0.765083
v -4.475030 0.769611 -0.765079
v -4.475030 0.769611 -0.956743
v -4.475030 0.897010 -0.956743
v -4.475030 0.976834 -0.956743
v -4.507765 0.976834 -1.000002
v -4.507765 0.897010 -1.000002
v -4.507765 0.621100 -1.000002
v -4.507765 0.621100 -0.765083
v -3.120376 0.769611 -0.653948
v -3.052529 0.769611 -0.653948
v -4.557890 0.769611 -0.653948
v -4.490045 0.769611 -0.653948
v -3.120376 0.687431 -0.653948
v -3.052529 0.687431 -0.653948
v -4.557890 0.687431 -0.653948
v -4.490045 0.687431 -0.653948
v -3.909773 0.897010 -1.000002
v -3.909773 0.976834 -1.000002
v -3.904902 0.976834 -0.956743
v -3.904902 0.897010 -0.956743
v -3.904902 0.769611 -0.956743
v -3.904902 0.769611 -0.765079
v -3.909773 0.621100 -0.765083
v -3.909773 0.621100 -1.000002
v -3.700647 0.897010 -1.000002
v -3.700647 0.976834 -1.000002
v -3.705519 0.976834 -0.956743
v -3.705519 0.897010 -0.956743
v -3.705519 0.769611 -0.956743
v -3.705519 0.769611 -0.765079
v -3.700647 0.621100 -0.765083
v -3.700647 0.621100 -1.000002
v -3.766881 0.916242 -1.000002
v -3.780176 0.942780 -1.000002
v -3.808342 0.952144 -1.000002
v -3.776245 0.888076 -1.000002
v -3.802783 0.874781 -1.000002
v -3.834880 0.938849 -1.000002
v -3.844244 0.910683 -1.000002
v -3.830949 0.884145 -1.000002
v -3.766881 0.916242 -0.956745
v -3.780176 0.942780 -0.956745
v -3.808342 0.952144 -0.956745
v -3.776245 0.888076 -0.956745
v -3.802783 0.874781 -0.956745
v -3.834880 0.938849 -0.956745
v -3.844244 0.910683 -0.956745
v -3.830949 0.884145 -0.956745
vt 0.245414 0.848454
vt 0.988979 0.531873
vt 0.964195 0.531873
vt 0.964195 0.500001
vt 0.123845 0.064340
vt 0.123845 0.094727
vt 0.064338 0.094727
vt 0.064338 0.064340
vt 0.878531 0.500001
vt 0.878531 0.531873
vt 0.859753 0.031874
vt 0.859752 0.000002
vt 0.105643 0.605382
vt 0.424500 0.503924
vt 0.988979 1.000000
vt 0.383714 0.490942
vt 0.383829 0.013663
vt 0.385458 0.044103
vt 0.245414 0.793719
vt 0.424729 0.011731
vt 0.123845 0.580598
vt 0.064338 0.580598
vt 0.064338 0.541044
vt 0.123845 0.541044
vt 0.024784 0.094727
vt 0.024784 0.064340
vt 0.123845 0.024786
vt 0.798762 0.031874
vt 0.798762 0.000002
vt 0.517340 0.012835
vt 0.184835 0.064340
vt 0.558952 0.395443
vt 0.537887 0.395443
vt 0.537887 0.368958
vt 0.558952 0.368958
vt 0.184835 0.580598
vt 0.184835 0.541044
vt 0.110033 0.605382
vt 0.456719 0.503307
vt 0.024369 0.678319
vt 0.878531 1.000000
vt 0.456833 0.000728
vt 0.220630 0.714526
vt 0.517266 0.503471
vt 0.024369 0.739309
vt 0.113734 0.004958
vt 0.434496 0.000002
vt 0.129860 0.668207
vt 0.434484 0.492364
vt 0.244076 0.788975
vt 0.110387 0.001339
vt 0.133479 0.664860
vt 0.110387 0.604044
vt 0.184835 0.333644
vt 0.184835 0.510656
vt 0.123845 0.510656
vt 0.123845 0.333644
vt 0.064338 0.333644
vt 0.064338 0.510656
vt 0.024784 0.510656
vt 0.024784 0.333644
vt 0.384913 0.460526
vt 0.000000 0.333644
vt 0.988979 0.968128
vt 0.988979 0.782465
vt 0.964195 0.782465
vt 0.964195 0.968128
vt 0.878531 0.782465
vt 0.932690 0.468129
vt 0.859753 0.282466
vt 0.859753 0.468129
vt 0.798762 0.282466
vt 0.798762 0.468129
vt 0.184835 0.271740
vt 0.184835 0.302692
vt 0.123845 0.302692
vt 0.123845 0.271740
vt 0.064338 0.271740
vt 0.064338 0.302692
vt 0.988979 0.750001
vt 0.988979 0.717536
vt 0.000000 0.271740
vt 0.000000 0.302692
vt 0.859753 0.217537
vt 0.878531 0.717536
vt 0.878531 0.750001
vt 0.859753 0.250002
vt 0.798762 0.217537
vt 0.798762 0.250002
vt 0.822011 0.552002
vt 0.800947 0.552002
vt 0.800947 0.525516
vt 0.822011 0.525516
vt 0.184835 0.094727
vt 0.537887 0.343443
vt 0.512372 0.395443
vt 0.584467 0.368958
vt 0.184835 0.069002
vt 0.800947 0.500001
vt 0.775432 0.552002
vt 0.847526 0.525516
vt 0.184835 0.515318
vt 0.964195 0.717536
vt 0.024784 0.271740
vt 0.409582 0.200996
vt 0.409582 0.190796
vt 0.409582 0.129595
vt 0.409582 0.180596
vt 0.409582 0.170395
vt 0.409582 0.139795
vt 0.409582 0.149995
vt 0.409582 0.160195
vt 0.020138 0.294077
vt 0.029258 0.289509
vt 0.016920 0.303757
vt 0.038937 0.292726
vt 0.043506 0.301846
vt 0.021489 0.312876
vt 0.031168 0.316094
vt 0.040288 0.311525
vt 0.664758 0.002509
vt 0.689618 0.500001
vt 0.689618 0.531873
vt 0.664834 0.531873
vt 0.245825 0.064340
vt 0.305332 0.064340
vt 0.305332 0.094727
vt 0.245825 0.094727
vt 0.664834 0.000002
vt 0.737772 0.000002
vt 0.737771 0.031874
vt 0.664834 0.031874
vt 0.609938 0.492964
vt 0.369670 0.541044
vt 0.664758 0.502062
vt 0.134816 0.818503
vt 0.649786 0.044135
vt 0.305332 0.000002
vt 0.264027 0.000002
vt 0.610207 0.000746
vt 0.577976 0.492257
vt 0.245825 0.541044
vt 0.305332 0.541044
vt 0.305332 0.580598
vt 0.344886 0.094727
vt 0.344886 0.064340
vt 0.578010 0.013013
vt 0.558952 0.421929
vt 0.537887 0.421929
vt 0.110033 0.873237
vt 0.024369 0.873237
vt 0.737771 0.500001
vt 0.110033 0.800300
vt 0.577969 0.001332
vt 0.240458 0.643424
vt 0.600213 0.012292
vt 0.255936 0.600426
vt 0.600143 0.504695
vt 0.259283 0.001339
vt 0.244076 0.640077
vt 0.259283 0.604044
vt 0.133479 0.813759
vt 0.245825 0.333644
vt 0.245825 0.510656
vt 0.305332 0.333644
vt 0.305332 0.510656
vt 0.344886 0.510656
vt 0.344886 0.333644
vt 0.369670 0.510656
vt 0.369670 0.333644
vt 0.663228 0.470083
vt 0.664834 0.782465
vt 0.689618 0.782465
vt 0.689618 0.968128
vt 0.775282 0.782465
vt 0.664834 0.468129
vt 0.737771 0.282466
vt 0.737771 0.468129
vt 0.245825 0.271740
vt 0.245825 0.302692
vt 0.305332 0.271740
vt 0.305332 0.302692
vt 0.664834 0.750001
vt 0.369670 0.302692
vt 0.369670 0.271740
vt 0.664834 0.717536
vt 0.737771 0.217537
vt 0.737771 0.250002
vt 0.775282 0.750001
vt 0.775282 0.717536
vt 0.822011 0.578487
vt 0.800947 0.578487
vt 0.512372 0.421929
vt 0.558952 0.447444
vt 0.775432 0.578487
vt 0.822011 0.604002
vt 0.689618 0.717536
vt 0.344886 0.271740
vt 0.633901 0.218191
vt 0.633901 0.208976
vt 0.633901 0.199760
vt 0.633901 0.227407
vt 0.633901 0.236622
vt 0.633901 0.264269
vt 0.633901 0.255053
vt 0.633901 0.245838
vt 0.350857 0.290792
vt 0.359097 0.294920
vt 0.362004 0.303664
vt 0.342113 0.293699
vt 0.337985 0.301938
vt 0.357877 0.311904
vt 0.349131 0.314811
vt 0.340892 0.310683
vt 0.641405 0.220989
vt 0.639926 0.251880
vt 0.654899 0.220007
vt 0.653293 0.252344
vt 0.638476 0.282955
vt 0.649213 0.460589
vt 0.652004 0.284175
vt 0.664834 0.968128
vt 0.134816 0.873237
vt 0.650836 0.491039
vt 0.663672 0.034468
vt 0.369670 0.094727
vt 0.110033 0.739309
vt 0.577837 0.503933
vt 0.517341 0.491822
vt 0.245825 0.580598
vt 0.264027 0.605382
vt 0.605057 0.493149
vt 0.605168 0.504695
vt 0.610201 0.504611
vt 0.600159 0.493120
vt 0.129860 0.810412
vt 0.255936 0.004958
vt 0.605121 0.012254
vt 0.605219 0.000695
vt 0.600223 0.000708
vt 0.610019 0.012380
vt 0.245414 0.635333
vt 0.650987 0.013724
vt 0.245825 0.024786
vt 0.664834 0.500001
vt 0.220630 0.653536
vt 0.517413 0.001185
vt 0.184835 0.024786
vt 0.396224 0.221714
vt 0.394774 0.252786
vt 0.393295 0.283674
vt 0.000000 0.510656
vt 0.064338 0.605382
vt 0.000000 0.094727
vt 0.110033 0.678319
vt 0.456686 0.491632
vt 0.424679 0.492280
vt 0.429577 0.492405
vt 0.429502 0.503967
vt 0.113734 0.600426
vt 0.434495 0.503945
vt 0.434509 0.011570
vt 0.429611 0.011544
vt 0.429467 0.000009
vt 0.240458 0.785628
vt 0.105643 0.000002
vt 0.424452 0.000100
vt 0.000000 0.064340
vt 0.456693 0.012417
vt 0.220630 0.775516
vt 0.382696 0.220497
vt 0.381407 0.252326
vt 0.379800 0.284659
vt 0.371027 0.470196
vt 0.369942 0.502156
vt 0.371441 0.034616
vt 0.369908 0.002639
vt 0.134816 0.660116
vt 0.932690 0.217537
vt 0.932690 0.031874
vt 0.932690 0.282466
vt 0.932690 0.250002
vt 0.878531 0.968128
vt 0.134966 0.848454
vt 0.220630 0.848454
vt 0.988979 0.500001
vt 0.964195 1.000000
vt 0.932690 0.500001
vt 0.134816 0.605382
vt 0.664834 0.217537
vt 0.775282 0.531873
vt 0.664834 0.282466
vt 0.664834 0.250002
vt 0.775282 0.968128
vt 0.134966 0.580598
vt 0.775282 0.500001
vt 0.220630 0.580598
vt 0.245414 0.580598
vt 0.689618 1.000000
vt 0.775282 1.000000
vt 0.134966 0.653536
vt 0.134966 0.714526
vt 0.664834 1.000000
vt 0.134966 0.775516
vt 0.932690 0.000002
vt 0.798762 0.500001
vt 0.024369 0.800300
vt 0.664834 0.500001
vt 0.859753 0.500001
vt 0.024369 0.605382
vt 0.305332 0.024786
vt 0.344886 0.541044
vt 0.369670 0.064340
vt 0.305332 0.605382
vt 0.064338 0.024786
vt 0.024784 0.541044
vt 0.064338 0.000002
vt 0.000000 0.541044
vt 0.211321 0.515318
vt 0.847526 0.578487
vt 0.211321 0.536382
vt 0.800947 0.604002
vt 0.847526 0.552002
vt 0.184835 0.536382
vt 0.158349 0.515318
vt 0.822011 0.500001
vt 0.158349 0.536382
vt 0.775432 0.525516
vt 0.396151 0.160195
vt 0.396151 0.170395
vt 0.396151 0.149995
vt 0.396151 0.139795
vt 0.396151 0.129595
vt 0.396151 0.211196
vt 0.396151 0.180596
vt 0.396151 0.190796
vt 0.396151 0.200996
vt 0.972059 0.751065
vt 0.409582 0.211196
vt 0.948691 0.758834
vt 0.945473 0.749155
vt 0.957811 0.763403
vt 0.967490 0.760185
vt 0.950042 0.740035
vt 0.959721 0.736817
vt 0.968841 0.741386
vt 0.211321 0.069002
vt 0.584467 0.421929
vt 0.211321 0.090066
vt 0.537887 0.447444
vt 0.584467 0.395443
vt 0.184835 0.090066
vt 0.158349 0.069002
vt 0.558952 0.343443
vt 0.158349 0.090066
vt 0.512372 0.368958
vt 0.620470 0.245838
vt 0.620470 0.236622
vt 0.620470 0.255053
vt 0.620470 0.264269
vt 0.620471 0.199760
vt 0.620470 0.273484
vt 0.620470 0.227407
vt 0.620470 0.218191
vt 0.620471 0.208976
vt 0.672500 0.750973
vt 0.633901 0.273484
vt 0.693612 0.757992
vt 0.696520 0.749247
vt 0.685373 0.762120
vt 0.676628 0.759212
vt 0.692392 0.741008
vt 0.683647 0.738100
vt 0.675408 0.742228
vn 0.000000 0.000000 1.000000
vn 0.000000 0.000000 1.000000
vn 0.000000 0.000000 1.000000
vn 0.000000 0.000000 1.000000
vn 0.000000 1.000000 0.000000
vn 0.000000 1.000000 0.000000
vn 0.000000 1.000000 0.000000
vn 0.000000 1.000000 0.000000
vn 0.000000 -1.000000 0.000000
vn 0.000000 -1.000000 0.000000
vn 0.000000 -1.000000 0.000000
vn 0.000000 -1.000000 0.000000
vn -0.000003 0.999679 -0.025344
vn -0.000003 0.999679 -0.025338
vn 0.000000 1.000000 0.000000
vn 0.000000 1.000000 0.000000
vn 0.000000 1.000000 -0.000002
vn 0.000000 1.000000 0.000000
vn 0.000000 1.000000 0.000000
vn 0.000000 1.000000 -0.000002
vn 0.000000 1.000000 0.000000
vn 0.000001 0.999679 -0.025339
vn 0.000001 0.999679 -0.025342
vn 0.000000 1.000000 0.000000
vn 1.000000 0.000000 0.000000
vn 1.000000 0.000000 0.000000
vn 1.000000 0.000000 0.000000
vn 1.000000 0.000000 0.000000
vn 0.000000 0.000000 -1.000000
vn 0.000000 0.000000 -1.000000
vn 0.000000 0.000000 -1.000000
vn 0.000000 0.000000 -1.000000
vn -1.000000 0.000000 0.000000
vn -1.000000 0.000000 0.000000
vn -1.000000 0.000000 0.000000
vn -1.000000 0.000000 0.000000
vn 0.000000 -1.000000 0.000000
vn 0.000000 -1.000000 0.000000
vn 0.000000 -1.000000 0.000000
vn 0.000000 -1.000000 0.000000
vn -1.000000 0.000000 0.000000
vn -1.000000 0.000000 0.000000
vn -1.000000 0.000000 0.000000
vn -1.000000 0.000000 0.000000
vn 0.000000 1.000000 0.000000
vn 0.000000 1.000000 0.000000
vn 0.000000 1.000000 0.000000
vn 0.000000 1.000000 0.000000
vn 1.000000 0.000000 0.000000
vn 1.000000 0.000000 0.000000
vn 1.000000 0.000000 0.000000
vn 1.000000 0.000000 0.000000
vn 0.000000 0.000000 -1.000000
vn 0.000000 0.000000 -1.000000
vn -1.000000 0.000000 0.000000
vn -1.000000 0.000001 0.000000
vn -1.000000 0.000000 0.000000
vn -1.000000 0.000000 0.000000
vn 0.000000 0.000000 1.000000
vn 0.000000 0.000000 1.000000
vn 1.000000 0.000000 0.000000
vn 1.000000 0.000000 0.000000
vn 1.000000 0.000000 0.000000
vn 1.000000 0.000000 0.000000
vn 1.000000 0.000000 0.000000
vn 1.000000 0.000000 0.000000
vn 1.000000 0.000000 0.000000
vn 1.000000 0.000000 0.000000
vn -1.000000 0.000000 0.000000
vn -1.000000 0.000000 0.000000
vn -1.000000 0.000000 0.000000
vn -1.000000 0.000000 0.000000
vn 0.000000 1.000000 0.000000
vn 0.000000 1.000000 0.000000
vn 0.000000 1.000000 0.000000
vn 0.000000 1.000000 0.000000
vn 0.000046 0.454314 -0.890842
vn 0.000044 0.497835 -0.867272
vn 0.000044 0.497837 -0.867271
vn 0.000046 0.454314 -0.890842
vn 0.000000 1.000000 0.000000
vn 0.000000 1.000000 0.000000
vn 0.000000 1.000000 0.000000
vn 0.000000 1.000000 0.000000
vn -0.000091 0.454315 -0.890841
vn -0.000088 0.497840 -0.867269
vn -0.000088 0.497835 -0.867272
vn -0.000091 0.454315 -0.890841
vn 0.000014 0.962480 -0.271353
vn 0.000014 0.962480 -0.271353
vn 0.000038 0.679011 -0.734128
vn 0.000038 0.679011 -0.734128
vn -0.000075 0.679012 -0.734127
vn -0.000075 0.679012 -0.734127
vn -0.000028 0.962481 -0.271351
vn -0.000028 0.962481 -0.271351
vn 1.000000 0.000000 0.000000
vn 1.000000 0.000000 0.000000
vn 1.000000 0.000000 0.000000
vn 1.000000 0.000000 0.000000
vn -1.000000 0.000002 0.000000
vn -1.000000 0.000002 0.000000
vn -1.000000 0.000007 0.000000
vn -1.000000 0.000007 0.000000
vn 1.000000 0.000000 0.000000
vn 1.000000 0.000000 0.000000
vn 1.000000 0.000000 0.000000
vn 1.000000 0.000000 0.000000
vn -1.000000 -0.000002 0.000000
vn -1.000000 -0.000002 0.000000
vn -1.000000 -0.000002 0.000000
vn -1.000000 -0.000002 0.000000
vn 1.000000 0.000001 0.000000
vn 1.000000 0.000001 0.000000
vn 1.000000 0.000000 0.000000
vn 1.000000 0.000000 0.000000
vn -1.000000 0.000003 0.000000
vn -1.000000 0.000003 0.000000
vn -1.000000 0.000003 0.000000
vn -1.000000 0.000003 0.000000
vn 0.000000 1.000000 0.000000
vn 0.000000 1.000000 0.000000
vn 0.000000 1.000000 0.000000
vn 0.000000 1.000000 0.000000
vn 0.000000 1.000000 0.000000
vn 0.000000 1.000000 0.000000
vn 0.000000 1.000000 0.000000
vn 0.000000 1.000000 0.000000
vn 0.000000 0.000000 -1.000000
vn 0.000000 0.000000 -1.000000
vn 0.000000 0.000000 -1.000000
vn 0.000000 0.000000 -1.000000
vn 0.000000 0.000000 -1.000000
vn 0.000000 0.000000 -1.000000
vn 0.000000 1.000000 -0.000001
vn 0.000000 1.000000 -0.000001
vn 0.000000 1.000000 -0.000001
vn 0.000000 1.000000 -0.000001
vn 0.000000 0.000000 1.000000
vn 0.000000 0.000000 1.000000
vn 0.000000 0.000000 1.000000
vn 0.000000 0.000000 1.000000
vn 0.000000 0.000000 1.000000
vn 0.000000 0.000000 1.000000
vn 0.000000 -1.000000 0.000000
vn 0.000000 -1.000000 0.000000
vn 0.000000 -1.000000 0.000000
vn 0.000000 -1.000000 0.000000
vn 0.000000 -1.000000 0.000000
vn 0.000000 -1.000000 0.000000
vn 0.000000 -1.000000 0.000000
vn 0.000000 -1.000000 0.000000
vn 0.000000 1.000000 0.000000
vn 0.000000 1.000000 0.000000
vn 0.000000 1.000000 0.000000
vn 0.000000 1.000000 0.000000
vn 0.000000 1.000000 0.000000
vn 0.000000 1.000000 0.000000
vn 0.000000 1.000000 0.000000
vn 0.000000 1.000000 0.000000
vn 0.000000 1.000000 0.000002
vn 0.000000 1.000000 -0.000002
vn 0.000000 1.000000 -0.000002
vn 0.000000 1.000000 0.000002
vn 0.000000 -1.000000 0.000000
vn 0.000000 -1.000000 0.000000
vn 0.000000 -1.000000 0.000000
vn 0.000000 -1.000000 0.000000
vn 0.000000 -1.000000 0.000000
vn 0.000000 -1.000000 0.000000
vn 0.000000 -1.000000 0.000000
vn 0.000000 -1.000000 0.000000
vn 0.000000 1.000000 0.000000
vn 0.000000 1.000000 0.000000
vn 0.000000 1.000000 0.000000
vn 0.000000 1.000000 0.000000
vn 0.000000 1.000000 0.000000
vn 0.000000 1.000000 0.000000
vn 0.000000 0.000000 -1.000000
vn 0.000000 0.000000 -1.000000
vn 0.000000 0.000000 -1.000000
vn 0.000000 1.000000 0.000001
vn 0.000000 1.000000 0.000001
vn 0.000000 0.000000 1.000000
vn 0.000000 0.000000 1.000000
vn 0.000000 0.000000 1.000000
vn 0.000000 -1.000000 0.000000
vn 0.000000 -1.000000 0.000000
vn 0.000000 -1.000000 0.000000
vn 0.000000 -1.000000 0.000000
vn 0.000000 1.000000 0.000000
vn 0.000000 1.000000 0.000000
vn 0.000000 1.000000 0.000000
vn 0.000000 1.000000 0.000000
vn 0.000000 1.000000 -0.000000
vn 0.000000 1.000000 -0.000000
vn 0.000000 1.000000 -0.000000
vn 0.000000 1.000000 -0.000000
vn 0.000000 1.000000 0.000000
vn 0.000000 1.000000 0.000000
vn 0.000000 1.000000 0.000000
vn 0.000000 1.000000 0.000000
vn 0.000000 1.000000 0.000000
vn 0.000000 1.000000 0.000000
vn 0.000000 1.000000 0.000000
vn 0.000000 1.000000 0.000000
vn 0.000000 1.000000 -0.000000
vn 0.000000 1.000000 -0.000000
vn 0.000000 1.000000 -0.000000
vn 0.000000 1.000000 -0.000000
vn 0.000000 1.000000 0.000000
vn 0.000000 1.000000 0.000000
vn 0.000000 1.000000 0.000000
vn 0.000000 1.000000 0.000000
vn 1.000000 0.000000 0.000000
vn 1.000000 0.000000 0.000000
vn 1.000000 0.000000 0.000000
vn 1.000000 0.000000 0.000000
vn 0.000000 0.000000 -1.000000
vn 0.000000 0.000000 -1.000000
vn 0.000000 0.000000 -1.000000
vn 0.000000 0.000000 -1.000000
vn -1.000000 0.000000 0.000000
vn -1.000000 0.000000 0.000000
vn -1.000000 0.000000 0.000000
vn -1.000000 0.000000 0.000000
vn 1.000000 0.000000 0.000000
vn 1.000000 0.000000 0.000000
vn 1.000000 0.000000 0.000000
vn 1.000000 0.000000 0.000000
vn 0.000000 0.000000 -1.000000
vn 0.000000 0.000000 -1.000000
vn 0.000000 0.000000 -1.000000
vn 0.000000 0.000000 -1.000000
vn -1.000000 0.000000 0.000000
vn -1.000000 0.000000 0.000000
vn -1.000000 0.000000 0.000000
vn -1.000000 0.000000 0.000000
vn 0.000000 0.000000 1.000000
vn 0.000000 0.000000 1.000000
vn 0.000000 0.000000 -1.000000
vn 0.000000 0.000000 -1.000000
vn 0.000000 0.000000 -1.000000
vn 0.000000 1.000000 0.000000
vn 0.000000 1.000000 0.000000
vn 0.000000 0.000000 1.000000
vn 0.000000 0.000000 1.000000
vn 0.000000 0.000000 1.000000
vn 0.000000 0.000000 1.000000
vn 0.000000 0.000000 1.000000
vn 0.000000 0.000000 1.000000
vn 0.000000 0.000000 1.000000
vn 0.000000 0.000000 1.000000
vn 0.000000 0.000000 1.000000
vn -0.000000 0.000000 1.000000
vn -0.000000 0.000000 1.000000
vn -0.000000 0.000000 1.000000
vn -0.000000 0.000000 1.000000
vn 0.000000 0.000000 1.000000
vn 0.000000 0.000000 1.000000
vn 0.000000 0.000000 1.000000
vn 0.000000 0.000000 1.000000
vn 0.000000 0.000000 1.000000
vn 0.000000 0.000000 1.000000
vn 0.000000 0.000000 1.000000
vn 0.000000 0.000000 1.000000
vn 0.000000 0.000000 1.000000
vn 0.000000 0.000000 1.000000
vn 0.000000 0.000000 1.000000
vn 0.000000 0.000000 1.000000
vn 0.000000 0.000000 1.000000
vn 0.000000 0.000000 1.000000
vn 0.000000 0.000000 1.000000
vn 0.000000 0.000000 1.000000
vn 0.000000 0.000000 1.000000
vn 0.000000 0.000000 1.000000
vn 0.000000 0.000000 1.000000
vn 0.000000 0.000000 1.000000
vn -0.997428 -0.071677 0.000000
vn -0.654609 -0.755967 0.000000
vn -0.654609 -0.755967 0.000000
vn -0.997428 -0.071677 0.000000
vn 0.071667 -0.997429 0.000000
vn 0.071667 -0.997429 0.000000
vn -0.755968 0.654609 0.000000
vn -0.755968 0.654609 0.000000
vn -0.071675 0.997428 0.000000
vn -0.071675 0.997428 0.000000
vn 0.755970 -0.654606 0.000000
vn 0.755970 -0.654606 0.000000
vn 0.997428 0.071677 0.000000
vn 0.997428 0.071677 0.000000
vn 0.654606 0.755970 0.000000
vn 0.654606 0.755970 0.000000
vn 0.000004 -0.000029 -1.000000
vn 0.000004 -0.000029 -1.000000
vn 0.000004 -0.000029 -1.000000
vn 0.000004 -0.000029 -1.000000
vn -0.000002 -0.000030 -1.000000
vn -0.000002 -0.000030 -1.000000
vn -0.000002 -0.000030 -1.000000
vn -0.000002 -0.000030 -1.000000
vn -0.000027 -0.000004 -1.000000
vn -0.000027 -0.000004 -1.000000
vn -0.000027 -0.000004 -1.000000
vn -0.000027 -0.000004 -1.000000
vn -0.000029 0.000002 -1.000000
vn -0.000029 0.000002 -1.000000
vn -0.000029 0.000002 -1.000000
vn -0.000029 0.000002 -1.000000
vn -0.000003 0.000024 -1.000000
vn -0.000003 0.000024 -1.000000
vn -0.000003 0.000024 -1.000000
vn -0.000003 0.000024 -1.000000
vn 0.000029 -0.000003 -1.000000
vn 0.000029 -0.000003 -1.000000
vn 0.000029 -0.000003 -1.000000
vn 0.000029 -0.000003 -1.000000
vn 0.000029 0.000003 -1.000000
vn 0.000029 0.000003 -1.000000
vn 0.000029 0.000003 -1.000000
vn 0.000029 0.000003 -1.000000
vn 0.000002 0.000025 -1.000000
vn 0.000002 0.000025 -1.000000
vn 0.000002 0.000025 -1.000000
vn 0.000002 0.000025 -1.000000
vn 0.000000 0.000000 -1.000000
vn 0.000000 0.000000 -1.000000
vn 0.000000 0.000000 -1.000000
vn 0.000000 0.000000 -1.000000
vn 0.000000 1.000000 0.000000
vn 0.000000 1.000000 0.000000
vn 0.000000 1.000000 0.000000
vn 0.000000 1.000000 0.000000
vn 0.000000 -1.000000 0.000000
vn 0.000000 -1.000000 0.000000
vn 0.000000 -1.000000 0.000000
vn 0.000000 -1.000000 0.000000
vn -0.000003 0.999679 0.025343
vn 0.000000 1.000000 0.000000
vn 0.000000 1.000000 0.000000
vn -0.000003 0.999679 0.025338
vn 0.000000 1.000000 0.000002
vn 0.000000 1.000000 0.000002
vn 0.000000 1.000000 0.000002
vn 0.000000 1.000000 0.000002
vn 0.000000 1.000000 0.000000
vn 0.000000 1.000000 0.000000
vn 0.000001 0.999679 0.025342
vn 0.000001 0.999679 0.025339
vn 1.000000 0.000000 0.000000
vn 1.000000 0.000000 0.000000
vn 1.000000 0.000000 0.000000
vn 1.000000 0.000000 0.000000
vn 0.000000 0.000000 1.000000
vn 0.000000 0.000000 1.000000
vn 0.000000 0.000000 1.000000
vn 0.000000 0.000000 1.000000
vn -1.000000 0.000000 0.000000
vn -1.000000 0.000000 0.000000
vn -1.000000 0.000000 0.000000
vn -1.000000 0.000001 0.000000
vn 0.000000 -1.000000 0.000000
vn 0.000000 -1.000000 0.000000
vn 0.000000 -1.000000 0.000000
vn 0.000000 -1.000000 0.000000
vn -1.000000 0.000000 0.000000
vn -1.000000 0.000000 0.000000
vn -1.000000 0.000000 0.000000
vn -1.000000 0.000000 0.000000
vn 0.000000 1.000000 0.000000
vn 0.000000 1.000000 0.000000
vn 0.000000 1.000000 0.000000
vn 0.000000 1.000000 0.000000
vn 1.000000 0.000000 0.000000
vn 1.000000 0.000000 0.000000
vn 1.000000 0.000000 0.000000
vn 1.000000 0.000000 0.000000
vn 0.000000 0.000000 1.000000
vn 0.000000 0.000000 1.000000
vn -1.000000 0.000000 0.000000
vn -1.000000 0.000000 0.000000
vn -1.000000 0.000000 0.000000
vn -1.000000 0.000001 0.000000
vn 0.000000 0.000000 -1.000000
vn 0.000000 0.000000 -1.000000
vn 1.000000 0.000000 0.000000
vn 1.000000 0.000000 0.000000
vn 1.000000 0.000000 0.000000
vn 1.000000 0.000000 0.000000
vn 1.000000 0.000000 0.000000
vn 1.000000 0.000000 0.000000
vn 1.000000 0.000000 0.000000
vn 1.000000 0.000000 0.000000
vn -1.000000 0.000000 0.000000
vn -1.000000 0.000000 0.000000
vn -1.000000 0.000000 0.000000
vn -1.000000 0.000000 0.000000
vn 0.000000 1.000000 0.000000
vn 0.000000 1.000000 0.000000
vn 0.000000 1.000000 0.000000
vn 0.000000 1.000000 0.000000
vn 0.000046 0.454313 0.890842
vn 0.000046 0.454313 0.890842
vn 0.000044 0.497837 0.867271
vn 0.000044 0.497835 0.867272
vn 0.000000 1.000000 0.000000
vn 0.000000 1.000000 0.000000
vn 0.000000 1.000000 0.000000
vn 0.000000 1.000000 0.000000
vn -0.000091 0.454313 0.890842
vn -0.000091 0.454313 0.890842
vn -0.000089 0.497833 0.867273
vn -0.000089 0.497838 0.867270
vn 0.000014 0.962480 0.271352
vn 0.000014 0.962480 0.271352
vn 0.000038 0.679012 0.734127
vn 0.000038 0.679012 0.734127
vn -0.000075 0.679012 0.734127
vn -0.000075 0.679012 0.734127
vn -0.000028 0.962481 0.271351
vn -0.000028 0.962481 0.271351
vn 1.000000 0.000000 0.000000
vn 1.000000 0.000000 0.000000
vn 1.000000 0.000000 0.000000
vn 1.000000 0.000000 0.000000
vn -1.000000 0.000004 0.000000
vn -1.000000 0.000004 0.000000
vn -1.000000 0.000007 0.000000
vn -1.000000 0.000007 0.000000
vn 1.000000 0.000000 0.000000
vn 1.000000 0.000000 0.000000
vn 1.000000 0.000000 0.000000
vn 1.000000 0.000000 0.000000
vn -1.000000 0.000000 0.000000
vn -1.000000 0.000000 0.000000
vn -1.000000 0.000000 0.000000
vn -1.000000 0.000000 0.000000
vn 1.000000 0.000000 0.000000
vn 1.000000 0.000000 0.000000
vn 1.000000 0.000000 0.000000
vn 1.000000 0.000000 0.000000
vn -1.000000 0.000005 0.000000
vn -1.000000 0.000005 0.000000
vn -1.000000 0.000005 0.000000
vn -1.000000 0.000005 0.000000
vn 0.000000 1.000000 0.000000
vn 0.000000 1.000000 0.000000
vn 0.000000 1.000000 0.000000
vn 0.000000 1.000000 0.000000
vn 0.000000 1.000000 0.000000
vn 0.000000 1.000000 0.000000
vn 0.000000 1.000000 0.000000
vn 0.000000 1.000000 0.000000
vn 0.000000 0.000000 1.000000
vn 0.000000 0.000000 1.000000
vn 0.000000 0.000000 1.000000
vn 0.000000 0.000000 1.000000
vn 0.000000 0.000000 1.000000
vn 0.000000 0.000000 1.000000
vn 0.000000 1.000000 0.000002
vn 0.000000 1.000000 0.000002
vn 0.000000 1.000000 0.000002
vn 0.000000 1.000000 0.000002
vn 0.000000 0.000000 -1.000000
vn 0.000000 0.000000 -1.000000
vn 0.000000 0.000000 -1.000000
vn 0.000000 0.000000 -1.000000
vn 0.000000 0.000000 -1.000000
vn 0.000000 0.000000 -1.000000
vn 0.000000 -1.000000 0.000000
vn 0.000000 -1.000000 0.000000
vn 0.000000 -1.000000 0.000000
vn 0.000000 -1.000000 0.000000
vn 0.000000 -1.000000 0.000000
vn 0.000000 -1.000000 0.000000
vn 0.000000 -1.000000 0.000000
vn 0.000000 -1.000000 0.000000
vn 0.000000 1.000000 0.000000
vn 0.000000 1.000000 0.000000
vn 0.000000 1.000000 0.000000
vn 0.000000 1.000000 0.000000
vn 0.000000 1.000000 0.000000
vn 0.000000 1.000000 0.000000
vn 0.000000 1.000000 0.000000
vn 0.000000 1.000000 0.000000
vn 0.000000 1.000000 -0.000001
vn 0.000000 1.000000 -0.000001
vn 0.000000 1.000000 0.000001
vn 0.000000 1.000000 0.000001
vn 0.000000 -1.000000 0.000000
vn 0.000000 -1.000000 0.000000
vn 0.000000 -1.000000 0.000000
vn 0.000000 -1.000000 0.000000
vn 0.000000 -1.000000 0.000000
vn 0.000000 -1.000000 0.000000
vn 0.000000 -1.000000 0.000000
vn 0.000000 -1.000000 0.000000
vn 0.000000 1.000000 0.000000
vn 0.000000 1.000000 0.000000
vn 0.000000 1.000000 0.000000
vn 0.000000 1.000000 0.000000
vn 0.000000 1.000000 0.000000
vn 0.000000 1.000000 0.000000
vn 0.000000 0.000000 1.000000
vn 0.000000 0.000000 1.000000
vn 0.000000 0.000000 1.000000
vn 0.000000 1.000000 0.000002
vn 0.000000 1.000000 0.000002
vn 0.000000 0.000000 -1.000000
vn 0.000000 0.000000 -1.000000
vn 0.000000 0.000000 -1.000000
vn 0.000000 -1.000000 0.000000
vn 0.000000 -1.000000 0.000000
vn 0.000000 -1.000000 0.000000
vn 0.000000 -1.000000 0.000000
vn 0.000000 1.000000 0.000000
vn 0.000000 1.000000 0.000000
vn 0.000000 1.000000 0.000000
vn 0.000000 1.000000 0.000000
vn 0.000000 1.000000 0.000000
vn 0.000000 1.000000 0.000000
vn 0.000000 1.000000 0.000000
vn 0.000000 1.000000 0.000000
vn 0.000000 1.000000 0.000000
vn 0.000000 1.000000 0.000000
vn 0.000000 1.000000 0.000000
vn 0.000000 1.000000 0.000000
vn 0.000000 1.000000 0.000000
vn 0.000000 1.000000 0.000000
vn 0.000000 1.000000 0.000000
vn 0.000000 1.000000 0.000000
vn 0.000000 1.000000 0.000000
vn 0.000000 1.000000 0.000000
vn 0.000000 1.000000 0.000000
vn 0.000000 1.000000 0.000000
vn 0.000000 1.000000 0.000000
vn 0.000000 1.000000 0.000000
vn 0.000000 1.000000 0.000000
vn 0.000000 1.000000 0.000000
vn 1.000000 0.000000 0.000000
vn 1.000000 0.000000 0.000000
vn 1.000000 0.000000 0.000000
vn 1.000000 0.000000 0.000000
vn 0.000000 0.000000 1.000000
vn 0.000000 0.000000 1.000000
vn 0.000000 0.000000 1.000000
vn 0.000000 0.000000 1.000000
vn -1.000000 0.000000 0.000000
vn -1.000000 0.000000 0.000000
vn -1.000000 0.000000 0.000000
vn -1.000000 0.000000 0.000000
vn 1.000000 0.000000 0.000000
vn 1.000000 0.000000 0.000000
vn 1.000000 0.000000 0.000000
vn 1.000000 0.000000 0.000000
vn 0.000000 0.000000 1.000000
vn 0.000000 0.000000 1.000000
vn 0.000000 0.000000 1.000000
vn 0.000000 0.000000 1.000000
vn -1.000000 0.000000 0.000000
vn -1.000000 0.000000 0.000000
vn -1.000000 0.000000 0.000000
vn -1.000000 0.000000 0.000000
vn 0.000000 0.000000 -1.000000
vn 0.000000 0.000000 -1.000000
vn 0.000000 0.000000 1.000000
vn 0.000000 0.000000 1.000000
vn 0.000000 0.000000 1.000000
vn 0.000000 1.000000 0.000000
vn 0.000000 1.000000 0.000000
vn 0.000000 0.000000 -1.000000
vn 0.000000 0.000000 -1.000000
vn 0.000000 0.000000 -1.000000
vn 0.000000 0.000000 -1.000000
vn 0.000000 0.000000 -1.000000
vn 0.000001 0.000000 -1.000000
vn 0.000001 0.000000 -1.000000
vn 0.000001 0.000000 -1.000000
vn 0.000001 0.000000 -1.000000
vn 0.000000 0.000000 -1.000000
vn 0.000000 0.000000 -1.000000
vn 0.000000 0.000000 -1.000000
vn 0.000000 0.000000 -1.000000
vn 0.000000 0.000000 -1.000000
vn 0.000000 0.000000 -1.000000
vn 0.000000 0.000000 -1.000000
vn 0.000000 0.000000 -1.000000
vn 0.000000 0.000000 -1.000000
vn 0.000000 0.000000 -1.000000
vn 0.000000 0.000000 -1.000000
vn 0.000000 0.000000 -1.000000
vn 0.000000 0.000000 -1.000000
vn 0.000000 0.000000 -1.000000
vn 0.000000 0.000000 -1.000000
vn 0.000000 0.000000 -1.000000
vn 0.000000 0.000000 -1.000000
vn 0.000000 0.000000 -1.000000
vn 0.000000 0.000000 -1.000000
vn 0.000000 0.000000 -1.000000
vn 0.000000 0.000000 -1.000000
vn 0.000000 0.000000 -1.000000
vn 0.000000 0.000000 -1.000000
vn 0.000000 0.000000 -1.000000
vn -0.894072 -0.447923 0.000000
vn -0.894072 -0.447923 0.000000
vn -0.894072 -0.447923 0.000000
vn -0.894072 -0.447923 0.000000
vn -0.315485 -0.948931 0.000000
vn -0.315485 -0.948931 0.000000
vn -0.315485 -0.948931 0.000000
vn -0.315485 -0.948931 0.000000
vn -0.948932 0.315482 0.000000
vn -0.948932 0.315482 0.000000
vn -0.948932 0.315482 0.000000
vn -0.948932 0.315482 0.000000
vn -0.447914 0.894076 0.000000
vn -0.447914 0.894076 0.000000
vn -0.447914 0.894076 0.000000
vn -0.447914 0.894076 0.000000
vn 0.447908 -0.894080 0.000000
vn 0.447908 -0.894080 0.000000
vn 0.447908 -0.894080 0.000000
vn 0.447908 -0.894080 0.000000
vn 0.948933 -0.315477 0.000000
vn 0.948933 -0.315477 0.000000
vn 0.948933 -0.315477 0.000000
vn 0.948933 -0.315477 0.000000
vn 0.894072 0.447923 0.000000
vn 0.894072 0.447923 0.000000
vn 0.894072 0.447923 0.000000
vn 0.894072 0.447923 0.000000
vn 0.315478 0.948933 0.000000
vn 0.315478 0.948933 0.000000
vn 0.315478 0.948933 0.000000
vn 0.315478 0.948933 0.000000
vn 0.000006 -0.000055 1.000000
vn 0.000006 -0.000055 1.000000
vn 0.000006 -0.000055 1.000000
vn 0.000006 -0.000055 1.000000
vn -0.000004 -0.000059 1.000000
vn -0.000004 -0.000059 1.000000
vn -0.000004 -0.000059 1.000000
vn -0.000004 -0.000059 1.000000
vn -0.000028 -0.000003 1.000000
vn -0.000028 -0.000003 1.000000
vn -0.000028 -0.000003 1.000000
vn -0.000028 -0.000003 1.000000
vn -0.000027 0.000002 1.000000
vn -0.000027 0.000002 1.000000
vn -0.000027 0.000002 1.000000
vn -0.000027 0.000002 1.000000
vn -0.000001 0.000017 1.000000
vn -0.000001 0.000017 1.000000
vn -0.000001 0.000017 1.000000
vn -0.000001 0.000017 1.000000
vn 0.000029 -0.000002 1.000000
vn 0.000029 -0.000002 1.000000
vn 0.000029 -0.000002 1.000000
vn 0.000029 -0.000002 1.000000
vn 0.000027 0.000002 1.000000
vn 0.000027 0.000002 1.000000
vn 0.000027 0.000002 1.000000
vn 0.000027 0.000002 1.000000
vn 0.000001 0.000017 1.000000
vn 0.000001 0.000017 1.000000
vn 0.000001 0.000017 1.000000
vn 0.000001 0.000017 1.000000
s 1
g Mesa
usemtl initialShadingGroup
f 734/1268/1072 785/984/1073 786/985/1074 750/986/1075
s 2
f 742/987/1076 781/988/1077 782/989/1078 739/990/1079
s 3
f 732/1287/1080 787/1262/1081 788/993/1082 741/994/1083
s 4
f 763/1239/1084 760/996/1085 735/1257/1086 736/998/1087
s 5
f 785/1258/1088 734/1259/1089 737/999/1090 784/1000/1091
s 6
f 734/1259/1092 754/1249/1093 756/1002/1094 737/999/1095
s 7
f 744/1003/1096 745/1004/1097 738/1005/1098 743/1006/1099
s 8
f 783/1007/1100 746/1008/1101 739/990/1102 782/989/1103
s 9
f 746/1297/1104 747/1009/1105 742/987/1106 739/990/1107
s 10
f 741/994/1108 788/993/1109 789/1010/1110 770/1011/1111
s off
f 742/987/1112 747/1009/1113 764/1230/1114 765/1013/1115
f 808/1014/1116 809/1015/1117 810/1016/1118 811/1017/1119
f 767/1018/1120 744/1003/1121 743/1006/1122 766/1019/1123
s 8
f 784/1236/1124 737/1250/1125 746/1008/1101 783/1007/1100
s 11
f 749/1020/1126 748/1237/1127 740/1022/1128 733/1292/1129
s 1
f 750/986/1075 786/985/1074 787/992/1130 732/991/1131
s 12
f 751/1252/1132 750/1267/1133 732/1266/1134 741/1286/1135
s off
f 771/1025/1136 751/1252/1137 741/1286/1138 770/1284/1139
f 748/1237/1140 768/1209/1141 769/1027/1142 740/1022/1143
f 771/1229/1144 764/1012/1145 747/1251/1146 751/1024/1147
s 13
f 747/1251/1148 755/1244/1149 752/1029/1150 751/1024/1151
s off
f 744/1238/1152 767/1211/1153 768/1026/1154 748/1021/1155
s 14
f 748/1021/1156 759/1243/1157 761/1031/1158 744/1238/1159
s 6
f 754/1249/1093 753/1246/1160 757/1245/1161 756/1002/1094
s 13
f 753/1246/1162 752/1029/1150 755/1244/1149 757/1245/1163
s 14
f 759/1243/1157 758/1241/1164 762/1240/1165 761/1031/1158
s 4
f 758/1241/1166 760/996/1085 763/1239/1084 762/1240/1167
s off
f 734/983/1168 750/1267/1169 753/1032/1170 754/1001/1171
s 9
f 755/1028/1172 747/1009/1105 746/1297/1104 757/1033/1173
s 11
f 758/1034/1174 759/1030/1175 748/1237/1127 749/1020/1126
s off
f 736/1235/1176 745/1004/1177 762/1035/1178 763/995/1179
f 758/1034/1180 749/1020/1181 735/1271/1182 760/1260/1183
s 7
f 762/1035/1184 745/1004/1097 744/1003/1096 761/1242/1185
s 12
f 753/1032/1186 750/1267/1133 751/1252/1132 752/1247/1187
s off
f 757/1033/1188 746/1297/1189 737/1299/1190 756/1248/1191
s 15
f 822/1036/1192 790/1037/1193 791/1038/1194 821/1039/1195
s 2
f 820/1040/1196 821/1039/1197 791/1038/1198 792/1041/1199
s 17
f 793/1042/1200 819/1043/1201 820/1040/1202 792/1041/1203
f 794/1234/1204 818/1045/1205 819/1043/1201 793/1042/1200
s 5
f 795/1256/1206 817/1255/1207 818/1233/1208 794/1044/1209
s 19
f 816/1048/1210 817/1047/1211 795/1046/1212 796/1049/1213
f 825/1050/1214 816/1048/1210 796/1049/1213 797/1265/1215
s 3
f 824/1052/1216 825/1263/1217 797/1051/1218 798/1053/1219
s 10
f 823/1054/1220 824/1052/1221 798/1053/1222 799/1055/1223
s 15
f 832/1056/1224 772/1057/1225 773/1058/1226 831/1059/1227
s 2
f 830/1060/1228 831/1059/1229 773/1058/1230 774/1061/1231
s 5
f 776/1254/1232 827/1253/1233 828/1231/1234 775/1232/1235
s 3
f 834/1066/1236 835/1261/1237 777/1264/1238 778/1069/1239
s 10
f 833/1070/1240 834/1066/1241 778/1069/1242 779/1071/1243
s off
f 812/1072/1244 813/1073/1245 814/1074/1246 815/1075/1247
s 2
f 792/1041/1199 791/1038/1198 743/1006/1248 738/1005/1249
s 17
f 745/1298/1250 793/1042/1200 792/1041/1203 738/1005/1251
f 736/1300/1252 794/1234/1204 793/1042/1200 745/1298/1250
s 5
f 735/1257/1253 795/1256/1206 794/1044/1209 736/998/1254
s 19
f 796/1049/1213 795/1046/1212 735/997/1255 749/1269/1256
f 797/1265/1215 796/1049/1213 749/1269/1256 733/1023/1257
s 3
f 798/1053/1219 797/1051/1218 733/1270/1258 740/1291/1259
s 10
f 799/1055/1223 798/1053/1222 740/1291/1260 769/1288/1261
s off
f 780/1076/1262 781/988/1263 802/1337/1264 801/1334/1265
f 781/988/1266 742/987/1267 803/1335/1268 802/1337/1269
f 742/987/1270 765/1013/1271 800/1080/1272 803/1335/1273
f 766/1019/1274 743/1006/1275 806/1309/1276 805/1306/1277
f 743/1006/1278 791/1038/1279 807/1307/1280 806/1309/1281
f 791/1038/1282 790/1037/1283 804/1084/1284 807/1307/1285
f 801/1078/1286 802/1338/1287 810/1016/1288 809/1015/1289
f 802/1077/1290 803/1336/1291 811/1017/1292 810/1016/1293
f 803/1079/1294 800/1333/1295 808/1014/1296 811/1017/1297
f 805/1082/1298 806/1310/1299 814/1074/1300 813/1073/1301
f 806/1081/1302 807/1308/1303 815/1075/1304 814/1074/1305
f 807/1083/1306 804/1305/1307 812/1072/1308 815/1075/1309
s 5
f 818/1233/1208 817/1255/1207 776/1254/1232 775/1232/1235
s 2
f 774/1061/1231 773/1058/1230 821/1039/1197 820/1040/1196
s 15
f 772/1057/1225 822/1036/1192 821/1039/1195 773/1058/1226
s 10
f 779/1071/1243 778/1069/1242 824/1052/1221 823/1054/1220
s 3
f 778/1069/1239 777/1264/1238 825/1263/1217 824/1052/1216
s 1
f 786/985/1074 785/984/1073 827/1063/1310 826/1085/1311
s 5
f 828/1231/1234 827/1253/1233 785/1258/1088 784/1000/1091
s 8
f 829/1086/1312 828/1064/1313 784/1236/1124 783/1007/1100
f 830/1060/1314 829/1086/1312 783/1007/1100 782/989/1103
s 2
f 782/989/1078 781/988/1077 831/1059/1229 830/1060/1228
s 15
f 780/1076/1315 832/1056/1224 831/1059/1227 781/988/1316
s 10
f 789/1010/1110 788/993/1109 834/1066/1241 833/1070/1240
s 3
f 788/993/1082 787/1262/1081 835/1261/1237 834/1066/1236
s 1
f 787/992/1130 786/985/1074 826/1085/1311 835/1067/1317
s off
f 826/1085/1318 827/1063/1319 837/1328/1320 836/1327/1321
f 827/1063/1322 776/1062/1323 838/1320/1324 837/1328/1325
f 835/1067/1326 826/1085/1327 836/1327/1328 839/1326/1329
f 777/1068/1330 835/1067/1331 839/1326/1332 840/1323/1333
f 776/1062/1334 817/1047/1335 841/1325/1336 838/1320/1337
f 817/1047/1338 816/1048/1339 842/1324/1340 841/1325/1341
f 816/1048/1342 825/1050/1343 843/1322/1344 842/1324/1345
f 825/1050/1346 777/1068/1347 840/1323/1348 843/1322/1349
s 22
f 836/1088/1350 837/1087/1351 845/1319/1352 844/1318/1353
f 837/1087/1351 838/1321/1354 846/1316/1355 845/1319/1352
f 839/1090/1356 836/1088/1350 844/1318/1353 847/1317/1357
f 840/1091/1358 839/1090/1356 847/1317/1357 848/1312/1359
f 838/1089/1354 841/1092/1360 849/1314/1361 846/1315/1355
f 841/1092/1360 842/1093/1362 850/1313/1363 849/1314/1361
f 842/1093/1362 843/1094/1364 851/1311/1365 850/1313/1363
f 843/1094/1364 840/1091/1358 848/1312/1359 851/1311/1365
s off
f 818/1045/1366 775/1065/1367 846/1097/1368 849/1100/1369
f 775/1065/1370 828/1064/1371 845/1095/1372 846/1097/1373
f 828/1064/1374 829/1086/1375 844/1096/1376 845/1095/1377
f 829/1086/1378 830/1060/1379 847/1098/1380 844/1096/1381
f 830/1060/1382 774/1061/1383 848/1099/1384 847/1098/1385
f 819/1043/1386 818/1045/1387 849/1100/1388 850/1101/1389
f 820/1040/1390 819/1043/1391 850/1101/1392 851/1102/1393
f 774/1061/1394 820/1040/1395 851/1102/1396 848/1099/1397
s 23
f 854/1227/1398 870/1104/1399 895/1105/1400 894/1106/1401
s 24
f 862/1107/1402 859/1108/1403 891/1109/1404 890/1110/1405
s 25
f 852/1111/1406 861/1112/1407 897/1113/1408 896/1114/1409
s 26
f 883/1115/1410 856/1206/1411 855/1117/1412 880/1216/1413
s 27
f 894/1207/1414 893/1119/1415 857/1225/1416 854/1103/1417
s 28
f 854/1103/1418 857/1225/1419 876/1223/1420 874/1122/1421
s 29
f 864/1212/1422 863/1124/1423 858/1125/1424 865/1126/1425
s 30
f 892/1127/1426 891/1109/1427 859/1108/1428 866/1128/1429
s 31
f 866/1293/1430 859/1108/1431 862/1107/1432 867/1226/1433
s 32
f 861/1112/1434 770/1011/1435 789/1010/1436 897/1113/1437
s off
f 862/1107/1438 765/1013/1439 764/1230/1440 867/1226/1441
f 808/1014/1442 911/1130/1443 910/1131/1444 809/1015/1445
f 767/1018/1446 766/1019/1447 863/1124/1448 864/1212/1449
s 30
f 893/1208/1450 892/1127/1426 866/1128/1429 857/1295/1451
s 33
f 869/1132/1452 853/1133/1453 860/1289/1454 868/1135/1455
s 23
f 870/1104/1399 852/1278/1456 896/1273/1457 895/1105/1400
s 34
f 871/1228/1458 861/1283/1459 852/1277/1460 870/1279/1461
s off
f 771/1025/1462 770/1284/1463 861/1283/1464 871/1228/1465
f 868/1135/1466 860/1289/1467 769/1027/1468 768/1209/1469
f 771/1229/1470 871/1136/1471 867/1129/1472 764/1012/1473
s 35
f 867/1129/1474 871/1136/1475 872/1222/1476 875/1138/1477
s off
f 864/1123/1478 868/1210/1479 768/1026/1480 767/1211/1481
s 36
f 868/1210/1482 864/1123/1483 881/1217/1484 879/1140/1485
s 28
f 874/1122/1421 876/1223/1420 877/1220/1486 873/1221/1487
s 35
f 873/1221/1488 877/1220/1489 875/1138/1477 872/1222/1476
s 36
f 879/1140/1485 881/1217/1484 882/1214/1490 878/1215/1491
s 26
f 878/1215/1492 882/1214/1493 883/1115/1410 880/1216/1413
s off
f 854/1280/1494 874/1224/1495 873/1142/1496 870/1279/1497
s 31
f 875/1219/1498 877/1141/1499 866/1293/1430 867/1226/1433
s 33
f 878/1144/1500 869/1132/1452 868/1135/1455 879/1218/1501
s off
f 856/1296/1502 883/1213/1503 882/1143/1504 865/1126/1505
f 878/1144/1506 880/1118/1507 855/1205/1508 869/1132/1509
s 29
f 882/1143/1510 881/1139/1511 864/1212/1422 865/1126/1425
s 34
f 873/1142/1512 872/1137/1513 871/1228/1458 870/1279/1461
s off
f 877/1141/1514 876/1121/1515 857/1120/1516 866/1293/1517
s 37
f 822/1036/1518 919/1145/1519 898/1146/1520 790/1037/1521
s 24
f 918/1147/1522 899/1148/1523 898/1146/1524 919/1145/1525
s 39
f 900/1149/1526 899/1148/1527 918/1147/1528 917/1150/1529
f 901/1151/1530 900/1149/1526 917/1150/1529 916/1152/1531
s 27
f 902/1153/1532 901/1202/1533 916/1201/1534 915/1203/1535
s 41
f 914/1155/1536 903/1156/1537 902/1204/1538 915/1154/1539
f 921/1157/1540 904/1276/1541 903/1156/1537 914/1155/1536
s 25
f 920/1159/1542 905/1160/1543 904/1158/1544 921/1274/1545
s 32
f 823/1054/1546 799/1055/1547 905/1160/1548 920/1159/1549
s 37
f 832/1056/1550 927/1161/1551 884/1162/1552 772/1057/1553
s 24
f 926/1163/1554 885/1164/1555 884/1162/1556 927/1161/1557
s 27
f 887/1200/1558 886/1198/1559 924/1197/1560 923/1199/1561
s 25
f 928/1169/1562 889/1170/1563 888/1275/1564 929/1272/1565
s 32
f 833/1070/1566 779/1071/1567 889/1170/1568 928/1169/1569
s off
f 812/1072/1570 913/1173/1571 912/1174/1572 813/1073/1573
s 24
f 899/1148/1523 858/1125/1574 863/1124/1575 898/1146/1524
s 39
f 865/1294/1576 858/1125/1577 899/1148/1527 900/1149/1526
f 856/1116/1578 865/1294/1576 900/1149/1526 901/1151/1530
s 27
f 855/1117/1579 856/1206/1580 901/1202/1533 902/1153/1532
s 41
f 903/1156/1537 869/1281/1581 855/1285/1582 902/1204/1538
f 904/1276/1541 853/1282/1583 869/1281/1581 903/1156/1537
s 25
f 905/1160/1543 860/1134/1584 853/1290/1585 904/1158/1544
s 32
f 799/1055/1547 769/1288/1586 860/1134/1587 905/1160/1548
s off
f 780/1076/1588 801/1334/1589 906/1331/1590 890/1110/1591
f 890/1110/1592 906/1331/1593 907/1329/1594 862/1107/1595
f 862/1107/1596 907/1329/1597 800/1080/1598 765/1013/1599
f 766/1019/1600 805/1306/1601 908/1303/1602 863/1124/1603
f 863/1124/1604 908/1303/1605 909/1301/1606 898/1146/1607
f 898/1146/1608 909/1301/1609 804/1084/1610 790/1037/1611
f 801/1078/1612 809/1015/1613 910/1131/1614 906/1175/1615
f 906/1332/1616 910/1131/1617 911/1130/1618 907/1176/1619
f 907/1330/1620 911/1130/1621 808/1014/1622 800/1333/1623
f 805/1082/1624 813/1073/1625 912/1174/1626 908/1177/1627
f 908/1304/1628 912/1174/1629 913/1173/1630 909/1178/1631
f 909/1302/1632 913/1173/1633 812/1072/1634 804/1305/1635
s 27
f 916/1201/1534 886/1198/1559 887/1200/1558 915/1203/1535
s 24
f 885/1164/1555 918/1147/1522 919/1145/1525 884/1162/1556
s 37
f 772/1057/1553 884/1162/1552 919/1145/1519 822/1036/1518
s 32
f 779/1071/1567 823/1054/1546 920/1159/1549 889/1170/1568
s 25
f 889/1170/1563 920/1159/1542 921/1274/1545 888/1275/1564
s 23
f 895/1105/1400 922/1179/1636 923/1168/1637 894/1106/1401
s 27
f 924/1197/1560 893/1119/1415 894/1207/1414 923/1199/1561
s 30
f 925/1180/1638 892/1127/1426 893/1208/1450 924/1167/1639
f 926/1163/1640 891/1109/1427 892/1127/1426 925/1180/1638
s 24
f 891/1109/1404 926/1163/1554 927/1161/1557 890/1110/1405
s 37
f 780/1076/1641 890/1110/1642 927/1161/1551 832/1056/1550
s 32
f 789/1010/1436 833/1070/1566 928/1169/1569 897/1113/1437
s 25
f 897/1113/1408 928/1169/1562 929/1272/1565 896/1114/1409
s 23
f 896/1273/1457 929/1172/1643 922/1179/1636 895/1105/1400
s off
f 922/1179/1644 930/1355/1645 931/1356/1646 923/1168/1647
f 923/1168/1648 931/1356/1649 932/1348/1650 887/1165/1651
f 929/1172/1652 933/1354/1653 930/1355/1654 922/1179/1655
f 888/1171/1656 934/1351/1657 933/1354/1658 929/1172/1659
f 887/1165/1660 932/1348/1661 935/1353/1662 915/1154/1663
f 915/1154/1664 935/1353/1665 936/1352/1666 914/1155/1667
f 914/1155/1668 936/1352/1669 937/1350/1670 921/1157/1671
f 921/1157/1672 937/1350/1673 934/1351/1674 888/1171/1675
f 930/1181/1676 938/1346/1677 939/1347/1678 931/1182/1679
f 931/1182/1680 939/1347/1681 940/1343/1682 932/1183/1683
f 933/1184/1684 941/1345/1685 938/1346/1686 930/1181/1687
f 934/1185/1688 942/1340/1689 941/1345/1690 933/1184/1691
f 932/1349/1692 940/1344/1693 943/1342/1694 935/1186/1695
f 935/1186/1696 943/1342/1697 944/1341/1698 936/1187/1699
f 936/1187/1700 944/1341/1701 945/1339/1702 937/1188/1703
f 937/1188/1704 945/1339/1705 942/1340/1706 934/1185/1707
f 916/1152/1708 943/1194/1709 940/1191/1710 886/1166/1711
f 886/1166/1712 940/1191/1713 939/1190/1714 924/1167/1715
f 924/1167/1716 939/1190/1717 938/1189/1718 925/1180/1719
f 925/1180/1720 938/1189/1721 941/1192/1722 926/1163/1723
f 926/1163/1724 941/1192/1725 942/1193/1726 885/1164/1727
f 917/1150/1728 944/1195/1729 943/1194/1730 916/1152/1731
f 918/1147/1732 945/1196/1733 944/1195/1734 917/1150/1735
f 885/1164/1736 942/1193/1737 945/1196/1738 918/1147/1739
g default
v -3.186486 0.874461 -0.258966
v -3.189123 0.869286 -0.258966
v -3.193230 0.865179 -0.258966
v -3.198405 0.862542 -0.258966
v -3.204142 0.861633 -0.258966
v -3.209878 0.862542 -0.258966
v -3.215053 0.865179 -0.258966
v -3.219160 0.869286 -0.258966
v -3.221797 0.874461 -0.258966
v -3.222706 0.880197 -0.258966
v -3.221797 0.885934 -0.258966
v -3.219160 0.891109 -0.258966
v -3.215053 0.895216 -0.258966
v -3.209878 0.897853 -0.258966
v -3.204142 0.898762 -0.258966
v -3.198405 0.897853 -0.258966
v -3.193230 0.895216 -0.258966
v -3.189123 0.891109 -0.258966
v -3.186486 0.885934 -0.258966
v -3.185577 0.880197 -0.258966
v -3.186486 0.874461 -0.291990
v -3.189123 0.869286 -0.291990
v -3.193230 0.865179 -0.291990
v -3.198405 0.862542 -0.291990
v -3.204142 0.861633 -0.291990
v -3.209878 0.862542 -0.291990
v -3.215053 0.865179 -0.291990
v -3.219160 0.869286 -0.291990
v -3.221797 0.874461 -0.291990
v -3.222706 0.880197 -0.291990
v -3.221797 0.885934 -0.291990
v -3.219160 0.891109 -0.291990
v -3.215053 0.895216 -0.291990
v -3.209878 0.897853 -0.291990
v -3.204142 0.898762 -0.291990
v -3.198405 0.897853 -0.291990
v -3.193230 0.895216 -0.291990
v -3.189123 0.891109 -0.291990
v -3.186486 0.885934 -0.291990
v -3.185577 0.880197 -0.291990
v -3.204142 0.880197 -0.258966
v -3.204142 0.880197 -0.291990
v -3.189123 0.891109 -0.285386
v -3.193230 0.895216 -0.285386
v -3.198405 0.897853 -0.285386
v -3.204142 0.898762 -0.285386
v -3.209878 0.897853 -0.285386
v -3.215053 0.895216 -0.285386
v -3.219160 0.891109 -0.285386
v -3.221797 0.885934 -0.285386
v -3.222706 0.880197 -0.285386
v -3.221797 0.874461 -0.285386
v -3.219160 0.869286 -0.285386
v -3.215053 0.865179 -0.285386
v -3.209878 0.862542 -0.285386
v -3.204142 0.861633 -0.285386
v -3.198405 0.862542 -0.285386
v -3.193230 0.865179 -0.285386
v -3.189123 0.869286 -0.285386
v -3.186486 0.874461 -0.285386
v -3.185577 0.880197 -0.285386
v -3.186486 0.885934 -0.285386
v -3.189123 0.891109 -0.278781
v -3.193230 0.895216 -0.278781
v -3.198405 0.897853 -0.278781
v -3.204142 0.898762 -0.278781
v -3.209878 0.897853 -0.278781
v -3.215053 0.895216 -0.278781
v -3.219160 0.891109 -0.278781
v -3.221797 0.885934 -0.278781
v -3.222706 0.880197 -0.278781
v -3.221797 0.874461 -0.278781
v -3.219160 0.869286 -0.278781
v -3.215053 0.865179 -0.278781
v -3.209878 0.862542 -0.278781
v -3.204142 0.861633 -0.278781
v -3.198405 0.862542 -0.278781
v -3.193230 0.865179 -0.278781
v -3.189123 0.869286 -0.278781
v -3.186486 0.874461 -0.278781
v -3.185577 0.880197 -0.278781
v -3.186486 0.885934 -0.278781
v -3.189123 0.891109 -0.272176
v -3.193230 0.895216 -0.272176
v -3.198405 0.897853 -0.272176
v -3.204142 0.898762 -0.272176
v -3.209878 0.897853 -0.272176
v -3.215053 0.895216 -0.272176
v -3.219160 0.891109 -0.272176
v -3.221797 0.885934 -0.272176
v -3.222706 0.880197 -0.272176
v -3.221797 0.874461 -0.272176
v -3.219160 0.869286 -0.272176
v -3.215053 0.865179 -0.272176
v -3.209878 0.862542 -0.272176
v -3.204142 0.861633 -0.272176
v -3.198405 0.862542 -0.272176
v -3.193230 0.865179 -0.272176
v -3.189123 0.869286 -0.272176
v -3.186486 0.874461 -0.272176
v -3.185577 0.880197 -0.272176
v -3.186486 0.885934 -0.272176
v -3.189123 0.891109 -0.265571
v -3.193230 0.895216 -0.265571
v -3.198405 0.897853 -0.265571
v -3.204142 0.898762 -0.265571
v -3.209878 0.897853 -0.265571
v -3.215053 0.895216 -0.265571
v -3.219160 0.891109 -0.265571
v -3.221797 0.885934 -0.265571
v -3.222706 0.880197 -0.265571
v -3.221797 0.874461 -0.265571
v -3.219160 0.869286 -0.265571
v -3.215053 0.865179 -0.265571
v -3.209878 0.862542 -0.265571
v -3.204142 0.861633 -0.265571
v -3.198405 0.862542 -0.265571
v -3.193230 0.865179 -0.265571
v -3.189123 0.869286 -0.265571
v -3.186486 0.874461 -0.265571
v -3.185577 0.880197 -0.265571
v -3.186486 0.885934 -0.265571
v -3.192911 0.888357 -0.278781
v -3.195982 0.891428 -0.278781
v -3.192911 0.888357 -0.285386
v -3.195982 0.891428 -0.285386
v -3.199852 0.893399 -0.278781
v -3.199852 0.893399 -0.285386
v -3.204142 0.894079 -0.278781
v -3.204142 0.894079 -0.285386
v -3.208431 0.893399 -0.278781
v -3.208431 0.893399 -0.285386
v -3.212301 0.891428 -0.278781
v -3.212301 0.891428 -0.285386
v -3.215372 0.888357 -0.278781
v -3.215372 0.888357 -0.285386
v -3.217344 0.884487 -0.278781
v -3.217344 0.884487 -0.285386
v -3.218023 0.880197 -0.278781
v -3.218023 0.880197 -0.285386
v -3.217344 0.875908 -0.278781
v -3.217344 0.875908 -0.285386
v -3.215372 0.872038 -0.278781
v -3.215372 0.872038 -0.285386
v -3.212301 0.868967 -0.278781
v -3.212301 0.868967 -0.285386
v -3.208431 0.866995 -0.278781
v -3.208431 0.866995 -0.285386
v -3.204142 0.866316 -0.278781
v -3.204142 0.866316 -0.285386
v -3.199852 0.866995 -0.278781
v -3.199852 0.866995 -0.285386
v -3.195982 0.868967 -0.278781
v -3.195982 0.868967 -0.285386
v -3.192911 0.872038 -0.278781
v -3.192911 0.872038 -0.285386
v -3.190940 0.875908 -0.278781
v -3.190940 0.875908 -0.285386
v -3.190260 0.880197 -0.278781
v -3.190260 0.880197 -0.285386
v -3.190940 0.884487 -0.278781
v -3.190940 0.884487 -0.285386
v -3.192911 0.888357 -0.265571
v -3.195982 0.891428 -0.265571
v -3.192911 0.888357 -0.272176
v -3.195982 0.891428 -0.272176
v -3.199852 0.893399 -0.265571
v -3.199852 0.893399 -0.272176
v -3.204142 0.894079 -0.265571
v -3.204142 0.894079 -0.272176
v -3.208431 0.893399 -0.265571
v -3.208431 0.893399 -0.272176
v -3.212301 0.891428 -0.265571
v -3.212301 0.891428 -0.272176
v -3.215372 0.888357 -0.265571
v -3.215372 0.888357 -0.272176
v -3.217344 0.884487 -0.265571
v -3.217344 0.884487 -0.272176
v -3.218023 0.880197 -0.265571
v -3.218023 0.880197 -0.272176
v -3.217344 0.875908 -0.265571
v -3.217344 0.875908 -0.272176
v -3.215372 0.872038 -0.265571
v -3.215372 0.872038 -0.272176
v -3.212301 0.868967 -0.265571
v -3.212301 0.868967 -0.272176
v -3.208431 0.866995 -0.265571
v -3.208431 0.866995 -0.272176
v -3.204142 0.866316 -0.265571
v -3.204142 0.866316 -0.272176
v -3.199852 0.866995 -0.265571
v -3.199852 0.866995 -0.272176
v -3.195982 0.868967 -0.265571
v -3.195982 0.868967 -0.272176
v -3.192911 0.872038 -0.265571
v -3.192911 0.872038 -0.272176
v -3.190940 0.875908 -0.265571
v -3.190940 0.875908 -0.272176
v -3.190260 0.880197 -0.265571
v -3.190260 0.880197 -0.272176
v -3.190940 0.884487 -0.265571
v -3.190940 0.884487 -0.272176
vt 0.240911 0.010942
vt 0.239108 0.010942
vt 0.354864 0.010830
vt 0.356579 0.011388
vt 0.237393 0.011499
vt 0.353405 0.009771
vt 0.235934 0.012559
vt 0.352345 0.008312
vt 0.234874 0.014018
vt 0.351787 0.006597
vt 0.234317 0.015733
vt 0.351787 0.004793
vt 0.234317 0.017536
vt 0.352345 0.003078
vt 0.234874 0.019251
vt 0.353404 0.001619
vt 0.235934 0.020710
vt 0.354863 0.000559
vt 0.237393 0.021770
vt 0.356578 0.000002
vt 0.239108 0.022327
vt 0.358382 0.000002
vt 0.240911 0.022327
vt 0.360097 0.000559
vt 0.242626 0.021770
vt 0.361556 0.001619
vt 0.244085 0.020710
vt 0.362616 0.003078
vt 0.245145 0.019251
vt 0.363173 0.004793
vt 0.245702 0.017536
vt 0.363173 0.006596
vt 0.245702 0.015733
vt 0.362616 0.008311
vt 0.245145 0.014018
vt 0.361556 0.009770
vt 0.244085 0.012559
vt 0.360097 0.010830
vt 0.242626 0.011499
vt 0.358382 0.011388
vt 0.240009 0.016635
vt 0.058735 0.014200
vt 0.058735 0.016004
vt 0.947958 0.005695
vt 0.058735 0.017807
vt 0.058735 0.019610
vt 0.058735 0.021413
vt 0.058735 0.023217
vt 0.058735 0.025020
vt 0.058735 0.026823
vt 0.058735 0.028627
vt 0.058735 0.030430
vt 0.058735 0.032233
vt 0.058735 0.034037
vt 0.058735 0.035840
vt 0.058735 0.037643
vt 0.058735 0.039446
vt 0.058735 0.041250
vt 0.058735 0.043053
vt 0.058735 0.044856
vt 0.058735 0.046660
vt 0.058735 0.048463
vt 0.233205 0.015733
vt 0.232648 0.014018
vt 0.233205 0.017536
vt 0.232648 0.019251
vt 0.231588 0.020710
vt 0.230129 0.021770
vt 0.228414 0.022327
vt 0.226611 0.022327
vt 0.224896 0.021770
vt 0.223437 0.020710
vt 0.222377 0.019251
vt 0.221820 0.017536
vt 0.221820 0.015733
vt 0.222377 0.014018
vt 0.223437 0.012559
vt 0.224896 0.011499
vt 0.226611 0.010942
vt 0.228414 0.010942
vt 0.230129 0.011499
vt 0.231588 0.012559
vt 0.391329 0.036329
vt 0.203193 0.020891
vt 0.389278 0.037677
vt 0.231769 0.015960
vt 0.391329 0.034980
vt 0.231769 0.017309
vt 0.391329 0.033632
vt 0.231353 0.018591
vt 0.391329 0.032284
vt 0.230560 0.019682
vt 0.391329 0.030935
vt 0.229469 0.020475
vt 0.391329 0.029587
vt 0.228187 0.020891
vt 0.391329 0.028238
vt 0.226838 0.020891
vt 0.391329 0.026890
vt 0.225556 0.020475
vt 0.391329 0.025541
vt 0.224465 0.019682
vt 0.391329 0.024193
vt 0.223672 0.018591
vt 0.391329 0.022845
vt 0.223256 0.017309
vt 0.391329 0.021496
vt 0.223256 0.015960
vt 0.391329 0.020148
vt 0.223672 0.014678
vt 0.391329 0.018799
vt 0.224465 0.013587
vt 0.391329 0.017451
vt 0.225556 0.012795
vt 0.391329 0.016103
vt 0.226838 0.012378
vt 0.391329 0.014754
vt 0.228187 0.012378
vt 0.391329 0.040374
vt 0.229469 0.012795
vt 0.391329 0.039026
vt 0.230560 0.013587
vt 0.962399 0.012813
vt 0.961841 0.011098
vt 0.203420 0.022327
vt 0.205135 0.021770
vt 0.962399 0.014616
vt 0.206594 0.020710
vt 0.961841 0.016331
vt 0.207654 0.019251
vt 0.960781 0.017790
vt 0.208212 0.017536
vt 0.959323 0.018850
vt 0.208212 0.015733
vt 0.957608 0.019407
vt 0.207654 0.014018
vt 0.955804 0.019407
vt 0.206594 0.012559
vt 0.954089 0.018850
vt 0.205135 0.011499
vt 0.952630 0.017790
vt 0.203420 0.010942
vt 0.951570 0.016331
vt 0.201617 0.010942
vt 0.951013 0.014616
vt 0.199902 0.011499
vt 0.951013 0.012813
vt 0.198443 0.012559
vt 0.951570 0.011098
vt 0.197383 0.014018
vt 0.952630 0.009639
vt 0.196826 0.015733
vt 0.954089 0.008579
vt 0.196826 0.017536
vt 0.955804 0.008021
vt 0.197383 0.019251
vt 0.957608 0.008022
vt 0.198443 0.020710
vt 0.959323 0.008579
vt 0.199902 0.021770
vt 0.960782 0.009639
vt 0.201617 0.022327
vt 0.388829 0.036447
vt 0.360528 0.008742
vt 0.386779 0.037795
vt 0.960963 0.013040
vt 0.388829 0.035098
vt 0.960963 0.014389
vt 0.388829 0.033750
vt 0.960546 0.015671
vt 0.388829 0.032402
vt 0.959753 0.016762
vt 0.388829 0.031053
vt 0.958663 0.017554
vt 0.388829 0.029705
vt 0.957380 0.017971
vt 0.388829 0.028356
vt 0.956032 0.017971
vt 0.388829 0.027008
vt 0.954749 0.017554
vt 0.388829 0.025660
vt 0.953658 0.016762
vt 0.388829 0.024311
vt 0.952866 0.015671
vt 0.388829 0.022963
vt 0.952449 0.014389
vt 0.388829 0.021614
vt 0.952449 0.013040
vt 0.388829 0.020266
vt 0.952866 0.011758
vt 0.388829 0.018917
vt 0.953658 0.010667
vt 0.388829 0.017569
vt 0.954749 0.009874
vt 0.388829 0.016221
vt 0.956032 0.009458
vt 0.388829 0.014872
vt 0.957380 0.009458
vt 0.388829 0.040492
vt 0.958663 0.009874
vt 0.388829 0.039144
vt 0.959754 0.010667
vt 0.386779 0.039144
vt 0.960546 0.011758
vt 0.359437 0.009535
vt 0.388829 0.037795
vt 0.386779 0.013524
vt 0.386779 0.040492
vt 0.388829 0.013524
vt 0.358155 0.009952
vt 0.386779 0.014872
vt 0.356806 0.009952
vt 0.386779 0.016221
vt 0.355524 0.009535
vt 0.386779 0.017569
vt 0.354433 0.008742
vt 0.386779 0.018917
vt 0.353640 0.007651
vt 0.386779 0.020266
vt 0.353223 0.006369
vt 0.386779 0.021614
vt 0.353223 0.005021
vt 0.386779 0.022963
vt 0.353640 0.003738
vt 0.386779 0.024311
vt 0.354433 0.002647
vt 0.386779 0.025660
vt 0.355523 0.001855
vt 0.386779 0.027008
vt 0.356806 0.001438
vt 0.386779 0.028356
vt 0.358154 0.001438
vt 0.386779 0.029705
vt 0.359437 0.001855
vt 0.386779 0.031053
vt 0.360528 0.002647
vt 0.386779 0.032402
vt 0.361320 0.003738
vt 0.386779 0.033750
vt 0.361737 0.005020
vt 0.386779 0.035098
vt 0.361737 0.006369
vt 0.386779 0.036447
vt 0.361320 0.007651
vt 0.389278 0.039026
vt 0.231353 0.014678
vt 0.201845 0.020891
vt 0.391329 0.037677
vt 0.389278 0.013406
vt 0.389278 0.040374
vt 0.391329 0.013406
vt 0.200562 0.020475
vt 0.389278 0.014754
vt 0.199471 0.019682
vt 0.389278 0.016103
vt 0.198679 0.018591
vt 0.389278 0.017451
vt 0.198262 0.017309
vt 0.389278 0.018799
vt 0.198262 0.015960
vt 0.389278 0.020148
vt 0.198679 0.014678
vt 0.389278 0.021496
vt 0.199471 0.013587
vt 0.389278 0.022845
vt 0.200562 0.012795
vt 0.389278 0.024193
vt 0.201845 0.012378
vt 0.389278 0.025541
vt 0.203193 0.012378
vt 0.389278 0.026890
vt 0.204475 0.012795
vt 0.389278 0.028238
vt 0.205566 0.013587
vt 0.389278 0.029587
vt 0.206359 0.014678
vt 0.389278 0.030935
vt 0.206776 0.015960
vt 0.389278 0.032284
vt 0.206776 0.017309
vt 0.389278 0.033632
vt 0.206359 0.018591
vt 0.389278 0.034980
vt 0.205566 0.019682
vt 0.389278 0.036329
vt 0.204475 0.020475
vt 0.581105 0.047175
vt 0.581105 0.045371
vt 0.581105 0.012912
vt 0.581105 0.048978
vt 0.581105 0.014715
vt 0.581105 0.016519
vt 0.581105 0.018322
vt 0.581105 0.020125
vt 0.581105 0.021929
vt 0.581105 0.023732
vt 0.581105 0.025535
vt 0.581105 0.027338
vt 0.581105 0.029142
vt 0.581105 0.030945
vt 0.581105 0.032748
vt 0.581105 0.034552
vt 0.581105 0.036355
vt 0.581105 0.038158
vt 0.581105 0.039962
vt 0.581105 0.041765
vt 0.581105 0.043568
vt 0.063285 0.045605
vt 0.063285 0.043802
vt 0.063285 0.047409
vt 0.063285 0.011343
vt 0.063285 0.013146
vt 0.061235 0.011343
vt 0.061235 0.047409
vt 0.063285 0.014949
vt 0.063285 0.016753
vt 0.063285 0.018556
vt 0.063285 0.020359
vt 0.063285 0.022162
vt 0.063285 0.023966
vt 0.063285 0.025769
vt 0.063285 0.027572
vt 0.063285 0.029376
vt 0.063285 0.031179
vt 0.063285 0.032982
vt 0.063285 0.034786
vt 0.063285 0.036589
vt 0.063285 0.038392
vt 0.063285 0.040195
vt 0.063285 0.041999
vt 0.061235 0.045605
vt 0.061235 0.043802
vt 0.061235 0.013146
vt 0.061235 0.014949
vt 0.061235 0.016753
vt 0.061235 0.018556
vt 0.061235 0.020359
vt 0.061235 0.022162
vt 0.061235 0.023966
vt 0.061235 0.025769
vt 0.061235 0.027572
vt 0.061235 0.029376
vt 0.061235 0.031179
vt 0.061235 0.032982
vt 0.061235 0.034786
vt 0.061235 0.036589
vt 0.061235 0.038392
vt 0.061235 0.040195
vt 0.061235 0.041999
vt 0.060786 0.046660
vt 0.060786 0.044856
vt 0.060786 0.048463
vt 0.060786 0.012397
vt 0.060786 0.014200
vt 0.950575 0.000559
vt 0.058735 0.012397
vt 0.060786 0.016004
vt 0.060786 0.017807
vt 0.060786 0.019610
vt 0.060786 0.021413
vt 0.060786 0.023217
vt 0.060786 0.025020
vt 0.060786 0.026823
vt 0.060786 0.028627
vt 0.060786 0.030430
vt 0.060786 0.032233
vt 0.060786 0.034037
vt 0.060786 0.035840
vt 0.060786 0.037643
vt 0.060786 0.039446
vt 0.060786 0.041250
vt 0.060786 0.043053
vt 0.583156 0.048978
vt 0.583156 0.012912
vt 0.952034 0.001619
vt 0.948860 0.000002
vt 0.947056 0.000002
vt 0.945341 0.000559
vt 0.943882 0.001619
vt 0.942823 0.003078
vt 0.942265 0.004793
vt 0.942265 0.006596
vt 0.942823 0.008311
vt 0.943882 0.009770
vt 0.945341 0.010830
vt 0.947056 0.011388
vt 0.948860 0.011388
vt 0.950575 0.010830
vt 0.952034 0.009770
vt 0.953094 0.008311
vt 0.953651 0.006596
vt 0.953651 0.004793
vt 0.953094 0.003078
vt 0.583156 0.014715
vt 0.583156 0.047175
vt 0.583156 0.045371
vt 0.583156 0.043568
vt 0.583156 0.041765
vt 0.583156 0.039962
vt 0.583156 0.038158
vt 0.583156 0.036355
vt 0.583156 0.034552
vt 0.583156 0.032748
vt 0.583156 0.030945
vt 0.583156 0.029142
vt 0.583156 0.027338
vt 0.583156 0.025535
vt 0.583156 0.023732
vt 0.583156 0.021929
vt 0.583156 0.020125
vt 0.583156 0.018322
vt 0.583156 0.016519
vn 0.951063 -0.308997 0.000000
vn 0.809016 -0.587787 0.000000
vn 0.809016 -0.587787 0.000000
vn 0.951063 -0.308997 0.000000
vn 0.587777 -0.809023 0.000000
vn 0.587777 -0.809023 0.000000
vn 0.309025 -0.951054 0.000000
vn 0.309025 -0.951054 0.000000
vn 0.000000 -1.000000 0.000000
vn 0.000000 -1.000000 0.000000
vn -0.309025 -0.951054 0.000000
vn -0.309025 -0.951054 0.000000
vn -0.587777 -0.809023 0.000000
vn -0.587777 -0.809023 0.000000
vn -0.809016 -0.587787 0.000000
vn -0.809016 -0.587787 0.000000
vn -0.951063 -0.308997 0.000000
vn -0.951063 -0.308997 0.000000
vn -1.000000 0.000000 0.000000
vn -1.000000 0.000000 0.000000
vn -0.951062 0.308999 0.000000
vn -0.951062 0.308999 0.000000
vn -0.809016 0.587787 0.000000
vn -0.809016 0.587787 0.000000
vn -0.587777 0.809023 0.000000
vn -0.587777 0.809023 0.000000
vn -0.309025 0.951054 0.000000
vn -0.309025 0.951054 0.000000
vn 0.000000 1.000000 0.000000
vn 0.000000 1.000000 0.000000
vn 0.309025 0.951054 0.000000
vn 0.309025 0.951054 0.000000
vn 0.587777 0.809023 0.000000
vn 0.587777 0.809023 0.000000
vn 0.809016 0.587787 0.000000
vn 0.809016 0.587787 0.000000
vn 0.951062 0.308999 0.000000
vn 0.951062 0.308999 0.000000
vn 1.000000 -0.000000 0.000000
vn 1.000000 -0.000000 0.000000
vn 0.000000 0.000000 1.000000
vn -0.000002 0.000000 1.000000
vn 0.000000 0.000000 1.000000
vn 0.000002 0.000000 1.000000
vn 0.000000 0.000000 1.000000
vn 0.000000 0.000000 1.000000
vn 0.000000 0.000000 1.000000
vn -0.000002 0.000000 1.000000
vn -0.000001 0.000000 1.000000
vn 0.000001 0.000000 1.000000
vn 0.000000 0.000000 1.000000
vn 0.000002 0.000000 1.000000
vn 0.000000 0.000000 1.000000
vn -0.000002 0.000000 1.000000
vn 0.000000 0.000000 1.000000
vn 0.000000 0.000000 1.000000
vn 0.000000 0.000000 1.000000
vn 0.000002 0.000000 1.000000
vn 0.000001 0.000000 1.000000
vn -0.000001 0.000000 1.000000
vn 0.000000 0.000000 1.000000
vn 0.000000 0.000000 -1.000000
vn 0.000002 0.000000 -1.000000
vn 0.000000 0.000000 -1.000000
vn 0.000002 0.000000 -1.000000
vn 0.000000 0.000000 -1.000000
vn 0.000000 0.000000 -1.000000
vn 0.000000 0.000000 -1.000000
vn 0.000000 0.000000 -1.000000
vn 0.000000 0.000000 -1.000000
vn 0.000000 0.000000 -1.000000
vn 0.000000 0.000000 -1.000000
vn 0.000000 0.000000 -1.000000
vn -0.000004 0.000000 -1.000000
vn -0.000004 0.000000 -1.000000
vn 0.000000 0.000000 -1.000000
vn 0.000000 0.000000 -1.000000
vn 0.000000 0.000000 -1.000000
vn 0.000004 0.000000 -1.000000
vn 0.000004 0.000000 -1.000000
vn 0.000000 0.000000 -1.000000
vn 0.000000 0.000000 -1.000000
vn 0.587777 0.809023 0.000000
vn 0.809015 0.587788 0.000000
vn 0.809015 0.587788 0.000000
vn 0.587777 0.809023 0.000000
vn 0.309025 0.951054 0.000000
vn 0.309025 0.951054 0.000000
vn 0.000000 1.000000 0.000000
vn 0.000000 1.000000 0.000000
vn -0.309025 0.951054 0.000000
vn -0.309025 0.951054 0.000000
vn -0.587777 0.809023 0.000000
vn -0.587777 0.809023 0.000000
vn -0.809015 0.587788 0.000000
vn -0.809015 0.587788 0.000000
vn -0.951062 0.308999 0.000000
vn -0.951062 0.308999 0.000000
vn -1.000000 0.000000 0.000000
vn -1.000000 0.000000 0.000000
vn -0.951063 -0.308998 0.000000
vn -0.951063 -0.308998 0.000000
vn -0.809015 -0.587788 0.000000
vn -0.809015 -0.587788 0.000000
vn -0.587777 -0.809023 0.000000
vn -0.587777 -0.809023 0.000000
vn -0.309025 -0.951054 0.000000
vn -0.309025 -0.951054 0.000000
vn 0.000000 -1.000000 0.000000
vn 0.000000 -1.000000 0.000000
vn 0.309025 -0.951054 0.000000
vn 0.309025 -0.951054 0.000000
vn 0.587777 -0.809023 0.000000
vn 0.587777 -0.809023 0.000000
vn 0.809015 -0.587788 0.000000
vn 0.809015 -0.587788 0.000000
vn 0.951063 -0.308998 0.000000
vn 0.951063 -0.308998 0.000000
vn 1.000000 -0.000000 0.000000
vn 1.000000 -0.000000 0.000000
vn 0.951062 0.308999 0.000000
vn 0.951062 0.308999 0.000000
vn 0.587771 0.809027 0.000000
vn 0.809018 0.587784 0.000000
vn 0.809018 0.587784 0.000000
vn 0.587771 0.809027 0.000000
vn 0.309024 0.951054 0.000000
vn 0.309024 0.951054 0.000000
vn 0.000000 1.000000 0.000000
vn 0.000000 1.000000 0.000000
vn -0.309024 0.951054 0.000000
vn -0.309024 0.951054 0.000000
vn -0.587787 0.809016 0.000000
vn -0.587787 0.809016 0.000000
vn -0.809003 0.587805 0.000000
vn -0.809003 0.587805 0.000000
vn -0.951053 0.309028 0.000000
vn -0.951053 0.309028 0.000000
vn -1.000000 -0.000000 0.000000
vn -1.000000 -0.000000 0.000000
vn -0.951054 -0.309027 0.000000
vn -0.951054 -0.309027 0.000000
vn -0.809000 -0.587809 0.000000
vn -0.809000 -0.587809 0.000000
vn -0.587786 -0.809017 0.000000
vn -0.587786 -0.809017 0.000000
vn -0.309024 -0.951054 0.000000
vn -0.309024 -0.951054 0.000000
vn 0.000000 -1.000000 0.000000
vn 0.000000 -1.000000 0.000000
vn 0.309024 -0.951054 0.000000
vn 0.309024 -0.951054 0.000000
vn 0.587770 -0.809028 0.000000
vn 0.587770 -0.809028 0.000000
vn 0.809015 -0.587788 0.000000
vn 0.809015 -0.587788 0.000000
vn 0.951054 -0.309027 0.000000
vn 0.951054 -0.309027 0.000000
vn 1.000000 0.000000 0.000000
vn 1.000000 0.000000 0.000000
vn 0.951053 0.309028 0.000000
vn 0.951053 0.309028 0.000000
vn 0.587767 0.809030 0.000000
vn 0.809017 0.587786 0.000000
vn 0.809017 0.587786 0.000000
vn 0.587767 0.809030 0.000000
vn 0.309026 0.951054 0.000000
vn 0.309026 0.951054 0.000000
vn 0.000000 1.000000 0.000000
vn 0.000000 1.000000 0.000000
vn -0.309026 0.951054 0.000000
vn -0.309026 0.951054 0.000000
vn -0.587791 0.809013 0.000000
vn -0.587791 0.809013 0.000000
vn -0.809005 0.587802 0.000000
vn -0.809005 0.587802 0.000000
vn -0.951056 0.309020 0.000000
vn -0.951056 0.309020 0.000000
vn -1.000000 -0.000000 0.000000
vn -1.000000 -0.000000 0.000000
vn -0.951056 -0.309018 0.000000
vn -0.951056 -0.309018 0.000000
vn -0.809005 -0.587802 0.000000
vn -0.809005 -0.587802 0.000000
vn -0.587791 -0.809013 0.000000
vn -0.587791 -0.809013 0.000000
vn -0.309026 -0.951054 0.000000
vn -0.309026 -0.951054 0.000000
vn 0.000000 -1.000000 0.000000
vn 0.000000 -1.000000 0.000000
vn 0.309026 -0.951054 0.000000
vn 0.309026 -0.951054 0.000000
vn 0.587767 -0.809030 0.000000
vn 0.587767 -0.809030 0.000000
vn 0.809017 -0.587786 0.000000
vn 0.809017 -0.587786 0.000000
vn 0.951063 -0.308996 0.000000
vn 0.951063 -0.308996 0.000000
vn 1.000000 0.000000 0.000000
vn 1.000000 0.000000 0.000000
vn 0.951063 0.308998 0.000000
vn 0.951063 0.308998 0.000000
vn 0.587769 0.809029 0.000000
vn 0.809017 0.587786 0.000000
vn 0.809017 0.587786 0.000000
vn 0.587769 0.809029 0.000000
vn 0.309023 0.951055 0.000000
vn 0.309023 0.951055 0.000000
vn 0.000000 1.000000 0.000000
vn 0.000000 1.000000 0.000000
vn -0.309023 0.951055 0.000000
vn -0.309023 0.951055 0.000000
vn -0.587800 0.809006 0.000000
vn -0.587800 0.809006 0.000000
vn -0.809001 0.587807 0.000000
vn -0.809001 0.587807 0.000000
vn -0.951052 0.309030 0.000000
vn -0.951052 0.309030 0.000000
vn -1.000000 0.000000 0.000000
vn -1.000000 0.000000 0.000000
vn -0.951053 -0.309028 0.000000
vn -0.951053 -0.309028 0.000000
vn -0.808999 -0.587811 0.000000
vn -0.808999 -0.587811 0.000000
vn -0.587800 -0.809006 0.000000
vn -0.587800 -0.809006 0.000000
vn -0.309023 -0.951055 0.000000
vn -0.309023 -0.951055 0.000000
vn -0.000000 -1.000000 0.000000
vn -0.000000 -1.000000 0.000000
vn 0.309023 -0.951055 0.000000
vn 0.309023 -0.951055 0.000000
vn 0.587769 -0.809029 0.000000
vn 0.587769 -0.809029 0.000000
vn 0.809014 -0.587789 0.000000
vn 0.809014 -0.587789 0.000000
vn 0.951053 -0.309028 0.000000
vn 0.951053 -0.309028 0.000000
vn 1.000000 0.000000 0.000000
vn 1.000000 0.000000 0.000000
vn 0.951052 0.309030 0.000000
vn 0.951052 0.309030 0.000000
vn -0.000005 0.000000 -1.000000
vn -0.000005 0.000000 -1.000000
vn -0.000005 0.000000 -1.000000
vn -0.000005 0.000000 -1.000000
vn -0.000002 0.000000 1.000000
vn -0.000002 0.000000 1.000000
vn -0.000002 0.000000 1.000000
vn -0.000002 0.000000 1.000000
vn 0.000005 0.000000 -1.000000
vn 0.000005 0.000000 -1.000000
vn 0.000005 0.000000 -1.000000
vn 0.000005 0.000000 -1.000000
vn 0.000000 0.000000 1.000000
vn 0.000000 0.000000 1.000000
vn 0.000000 0.000000 1.000000
vn 0.000000 0.000000 1.000000
vn 0.000000 0.000000 -1.000000
vn 0.000000 0.000000 -1.000000
vn 0.000000 0.000000 -1.000000
vn 0.000000 0.000000 -1.000000
vn 0.000000 0.000000 1.000000
vn 0.000000 0.000000 1.000000
vn 0.000000 0.000000 1.000000
vn 0.000000 0.000000 1.000000
vn 0.000000 0.000000 -1.000000
vn 0.000000 0.000000 -1.000000
vn 0.000000 0.000000 -1.000000
vn 0.000000 0.000000 -1.000000
vn 0.000000 0.000000 1.000000
vn 0.000000 0.000000 1.000000
vn 0.000000 0.000000 1.000000
vn 0.000000 0.000000 1.000000
vn 0.000000 0.000000 -1.000000
vn 0.000000 0.000000 -1.000000
vn 0.000000 0.000000 -1.000000
vn 0.000000 0.000000 -1.000000
vn 0.000000 0.000000 1.000000
vn 0.000000 0.000000 1.000000
vn 0.000000 0.000000 1.000000
vn 0.000000 0.000000 1.000000
vn 0.000002 0.000000 -1.000000
vn 0.000002 0.000000 -1.000000
vn 0.000002 0.000000 -1.000000
vn 0.000002 0.000000 -1.000000
vn 0.000005 0.000000 1.000000
vn 0.000005 0.000000 1.000000
vn 0.000005 0.000000 1.000000
vn 0.000005 0.000000 1.000000
vn 0.000004 0.000000 -1.000000
vn 0.000004 0.000000 -1.000000
vn 0.000004 0.000000 -1.000000
vn 0.000004 0.000000 -1.000000
vn 0.000002 0.000000 1.000000
vn 0.000002 0.000000 1.000000
vn 0.000002 0.000000 1.000000
vn 0.000002 0.000000 1.000000
vn 0.000005 0.000000 -1.000000
vn 0.000005 0.000000 -1.000000
vn 0.000005 0.000000 -1.000000
vn 0.000005 0.000000 -1.000000
vn 0.000001 0.000000 1.000000
vn 0.000001 0.000000 1.000000
vn 0.000001 0.000000 1.000000
vn 0.000001 0.000000 1.000000
vn -0.000001 0.000000 -1.000000
vn -0.000001 0.000000 -1.000000
vn -0.000001 0.000000 -1.000000
vn -0.000001 0.000000 -1.000000
vn 0.000000 0.000000 1.000000
vn 0.000000 0.000000 1.000000
vn 0.000000 0.000000 1.000000
vn 0.000000 0.000000 1.000000
vn 0.000002 0.000000 -1.000000
vn 0.000002 0.000000 -1.000000
vn 0.000002 0.000000 -1.000000
vn 0.000002 0.000000 -1.000000
vn 0.000001 0.000000 1.000000
vn 0.000001 0.000000 1.000000
vn 0.000001 0.000000 1.000000
vn 0.000001 0.000000 1.000000
vn 0.000005 0.000000 -1.000000
vn 0.000005 0.000000 -1.000000
vn 0.000005 0.000000 -1.000000
vn 0.000005 0.000000 -1.000000
vn 0.000000 0.000000 1.000000
vn 0.000000 0.000000 1.000000
vn 0.000000 0.000000 1.000000
vn 0.000000 0.000000 1.000000
vn 0.000000 0.000000 -1.000000
vn 0.000000 0.000000 -1.000000
vn 0.000000 0.000000 -1.000000
vn 0.000000 0.000000 -1.000000
vn 0.000000 0.000000 1.000000
vn 0.000000 0.000000 1.000000
vn 0.000000 0.000000 1.000000
vn 0.000000 0.000000 1.000000
vn -0.000005 0.000000 -1.000000
vn -0.000005 0.000000 -1.000000
vn -0.000005 0.000000 -1.000000
vn -0.000005 0.000000 -1.000000
vn 0.000000 0.000000 1.000000
vn 0.000000 0.000000 1.000000
vn 0.000000 0.000000 1.000000
vn 0.000000 0.000000 1.000000
vn 0.000005 0.000000 -1.000000
vn 0.000005 0.000000 -1.000000
vn 0.000005 0.000000 -1.000000
vn 0.000005 0.000000 -1.000000
vn 0.000000 0.000000 1.000000
vn 0.000000 0.000000 1.000000
vn 0.000000 0.000000 1.000000
vn 0.000000 0.000000 1.000000
vn 0.000000 0.000000 -1.000000
vn 0.000000 0.000000 -1.000000
vn 0.000000 0.000000 -1.000000
vn 0.000000 0.000000 -1.000000
vn 0.000000 0.000000 1.000000
vn 0.000000 0.000000 1.000000
vn 0.000000 0.000000 1.000000
vn 0.000000 0.000000 1.000000
vn 0.000000 0.000000 -1.000000
vn 0.000000 0.000000 -1.000000
vn 0.000000 0.000000 -1.000000
vn 0.000000 0.000000 -1.000000
vn 0.000000 0.000000 1.000000
vn 0.000000 0.000000 1.000000
vn 0.000000 0.000000 1.000000
vn 0.000000 0.000000 1.000000
vn -0.000004 0.000000 -1.000000
vn -0.000004 0.000000 -1.000000
vn -0.000004 0.000000 -1.000000
vn -0.000004 0.000000 -1.000000
vn -0.000002 0.000000 1.000000
vn -0.000002 0.000000 1.000000
vn -0.000002 0.000000 1.000000
vn -0.000002 0.000000 1.000000
vn 0.000000 0.000000 -1.000000
vn 0.000000 0.000000 -1.000000
vn 0.000000 0.000000 -1.000000
vn 0.000000 0.000000 -1.000000
vn -0.000001 0.000000 1.000000
vn -0.000001 0.000000 1.000000
vn -0.000001 0.000000 1.000000
vn -0.000001 0.000000 1.000000
vn -0.000004 0.000000 -1.000000
vn -0.000004 0.000000 -1.000000
vn -0.000004 0.000000 -1.000000
vn -0.000004 0.000000 -1.000000
vn 0.000000 0.000000 1.000000
vn 0.000000 0.000000 1.000000
vn 0.000000 0.000000 1.000000
vn 0.000000 0.000000 1.000000
vn -0.000002 0.000000 -1.000000
vn -0.000002 0.000000 -1.000000
vn -0.000002 0.000000 -1.000000
vn -0.000002 0.000000 -1.000000
vn -0.000001 0.000000 1.000000
vn -0.000001 0.000000 1.000000
vn -0.000001 0.000000 1.000000
vn -0.000001 0.000000 1.000000
vn 0.000005 0.000000 -1.000000
vn 0.000005 0.000000 -1.000000
vn 0.000005 0.000000 -1.000000
vn 0.000005 0.000000 -1.000000
vn 0.000000 0.000000 1.000000
vn 0.000000 0.000000 1.000000
vn 0.000000 0.000000 1.000000
vn 0.000000 0.000000 1.000000
vn 0.000005 0.000000 -1.000000
vn 0.000005 0.000000 -1.000000
vn 0.000005 0.000000 -1.000000
vn 0.000005 0.000000 -1.000000
vn 0.000005 0.000000 1.000000
vn 0.000005 0.000000 1.000000
vn 0.000005 0.000000 1.000000
vn 0.000005 0.000000 1.000000
vn 0.000005 0.000000 -1.000000
vn 0.000005 0.000000 -1.000000
vn 0.000005 0.000000 -1.000000
vn 0.000005 0.000000 -1.000000
vn 0.000000 0.000000 1.000000
vn 0.000000 0.000000 1.000000
vn 0.000000 0.000000 1.000000
vn 0.000000 0.000000 1.000000
vn -0.000005 0.000000 -1.000000
vn -0.000005 0.000000 -1.000000
vn -0.000005 0.000000 -1.000000
vn -0.000005 0.000000 -1.000000
vn 0.000000 0.000000 1.000000
vn 0.000000 0.000000 1.000000
vn 0.000000 0.000000 1.000000
vn 0.000000 0.000000 1.000000
vn 0.000000 0.000000 -1.000000
vn 0.000000 0.000000 -1.000000
vn 0.000000 0.000000 -1.000000
vn 0.000000 0.000000 -1.000000
vn -0.000005 0.000000 1.000000
vn -0.000005 0.000000 1.000000
vn -0.000005 0.000000 1.000000
vn -0.000005 0.000000 1.000000
vn -0.000002 0.000000 -1.000000
vn -0.000002 0.000000 -1.000000
vn -0.000002 0.000000 -1.000000
vn -0.000002 0.000000 -1.000000
vn 0.000005 0.000000 1.000000
vn 0.000005 0.000000 1.000000
vn 0.000005 0.000000 1.000000
vn 0.000005 0.000000 1.000000
vn 0.000001 0.000000 -1.000000
vn 0.000001 0.000000 -1.000000
vn 0.000001 0.000000 -1.000000
vn 0.000001 0.000000 -1.000000
vn 0.000002 0.000000 1.000000
vn 0.000002 0.000000 1.000000
vn 0.000002 0.000000 1.000000
vn 0.000002 0.000000 1.000000
vn 0.000000 0.000000 -1.000000
vn 0.000000 0.000000 -1.000000
vn 0.000000 0.000000 -1.000000
vn 0.000000 0.000000 -1.000000
vn 0.000000 0.000000 1.000000
vn 0.000000 0.000000 1.000000
vn 0.000000 0.000000 1.000000
vn 0.000000 0.000000 1.000000
vn -0.000001 0.000000 -1.000000
vn -0.000001 0.000000 -1.000000
vn -0.000001 0.000000 -1.000000
vn -0.000001 0.000000 -1.000000
vn 0.000000 0.000000 1.000000
vn 0.000000 0.000000 1.000000
vn 0.000000 0.000000 1.000000
vn 0.000000 0.000000 1.000000
vn 0.000000 0.000000 -1.000000
vn 0.000000 0.000000 -1.000000
vn 0.000000 0.000000 -1.000000
vn 0.000000 0.000000 -1.000000
vn 0.000002 0.000000 1.000000
vn 0.000002 0.000000 1.000000
vn 0.000002 0.000000 1.000000
vn 0.000002 0.000000 1.000000
vn -0.000005 0.000000 -1.000000
vn -0.000005 0.000000 -1.000000
vn -0.000005 0.000000 -1.000000
vn -0.000005 0.000000 -1.000000
vn -0.000002 0.000000 1.000000
vn -0.000002 0.000000 1.000000
vn -0.000002 0.000000 1.000000
vn -0.000002 0.000000 1.000000
vn -0.000005 0.000000 -1.000000
vn -0.000005 0.000000 -1.000000
vn -0.000005 0.000000 -1.000000
vn -0.000005 0.000000 -1.000000
vn 0.000000 0.000000 1.000000
vn 0.000000 0.000000 1.000000
vn 0.000000 0.000000 1.000000
vn 0.000000 0.000000 1.000000
vn -0.000005 0.000000 -1.000000
vn -0.000005 0.000000 -1.000000
vn -0.000005 0.000000 -1.000000
vn -0.000005 0.000000 -1.000000
vn 0.000000 0.000000 1.000000
vn 0.000000 0.000000 1.000000
vn 0.000000 0.000000 1.000000
vn 0.000000 0.000000 1.000000
vn 0.000005 0.000000 -1.000000
vn 0.000005 0.000000 -1.000000
vn 0.000005 0.000000 -1.000000
vn 0.000005 0.000000 -1.000000
vn 0.000000 0.000000 1.000000
vn 0.000000 0.000000 1.000000
vn 0.000000 0.000000 1.000000
vn 0.000000 0.000000 1.000000
vn 0.000000 0.000000 -1.000000
vn 0.000000 0.000000 -1.000000
vn 0.000000 0.000000 -1.000000
vn 0.000000 0.000000 -1.000000
vn 0.000000 0.000000 1.000000
vn 0.000000 0.000000 1.000000
vn 0.000000 0.000000 1.000000
vn 0.000000 0.000000 1.000000
vn 0.000002 0.000000 -1.000000
vn 0.000002 0.000000 -1.000000
vn 0.000002 0.000000 -1.000000
vn 0.000002 0.000000 -1.000000
vn 0.000000 0.000000 1.000000
vn 0.000000 0.000000 1.000000
vn 0.000000 0.000000 1.000000
vn 0.000000 0.000000 1.000000
vn -0.000001 0.000000 -1.000000
vn -0.000001 0.000000 -1.000000
vn -0.000001 0.000000 -1.000000
vn -0.000001 0.000000 -1.000000
vn -0.000002 0.000000 1.000000
vn -0.000002 0.000000 1.000000
vn -0.000002 0.000000 1.000000
vn -0.000002 0.000000 1.000000
vn 0.000000 0.000000 -1.000000
vn 0.000000 0.000000 -1.000000
vn 0.000000 0.000000 -1.000000
vn 0.000000 0.000000 -1.000000
vn 0.000000 0.000000 1.000000
vn 0.000000 0.000000 1.000000
vn 0.000000 0.000000 1.000000
vn 0.000000 0.000000 1.000000
vn 0.000001 0.000000 -1.000000
vn 0.000001 0.000000 -1.000000
vn 0.000001 0.000000 -1.000000
vn 0.000001 0.000000 -1.000000
vn 0.000000 0.000000 1.000000
vn 0.000000 0.000000 1.000000
vn 0.000000 0.000000 1.000000
vn 0.000000 0.000000 1.000000
vn 0.000000 0.000000 -1.000000
vn 0.000000 0.000000 -1.000000
vn 0.000000 0.000000 -1.000000
vn 0.000000 0.000000 -1.000000
vn -0.000002 0.000000 1.000000
vn -0.000002 0.000000 1.000000
vn -0.000002 0.000000 1.000000
vn -0.000002 0.000000 1.000000
s 1
g Resorte
usemtl initialShadingGroup
f 946/1750/1740 947/1768/1741 1064/1648/1742 1065/1647/1743
f 947/1768/1741 948/1767/1744 1063/1649/1745 1064/1648/1742
f 948/1767/1744 949/1766/1746 1062/1650/1747 1063/1649/1745
f 949/1766/1746 950/1765/1748 1061/1651/1749 1062/1650/1747
f 950/1765/1748 951/1764/1750 1060/1652/1751 1061/1651/1749
f 951/1764/1750 952/1763/1752 1059/1653/1753 1060/1652/1751
f 952/1763/1752 953/1762/1754 1058/1654/1755 1059/1653/1753
f 953/1762/1754 954/1761/1756 1057/1655/1757 1058/1654/1755
f 954/1761/1756 955/1760/1758 1056/1656/1759 1057/1655/1757
f 955/1760/1758 956/1759/1760 1055/1657/1761 1056/1656/1759
f 956/1759/1760 957/1758/1762 1054/1658/1763 1055/1657/1761
f 957/1758/1762 958/1757/1764 1053/1659/1765 1054/1658/1763
f 958/1757/1764 959/1756/1766 1052/1660/1767 1053/1659/1765
f 959/1756/1766 960/1755/1768 1051/1661/1769 1052/1660/1767
f 960/1755/1768 961/1754/1770 1050/1662/1771 1051/1661/1769
f 961/1754/1770 962/1753/1772 1049/1663/1773 1050/1662/1771
f 962/1753/1772 963/1752/1774 1048/1644/1775 1049/1663/1773
f 963/1752/1774 964/1751/1776 1067/1643/1777 1048/1644/1775
f 964/1751/1776 965/1729/1778 1066/1646/1779 1067/1643/1777
f 965/1730/1778 946/1750/1740 1065/1647/1743 1066/1645/1779
s 2
f 947/1358/1780 946/1357/1781 986/1397/1782
f 948/1361/1783 947/1358/1780 986/1397/1782
f 949/1363/1784 948/1361/1783 986/1397/1782
f 950/1365/1785 949/1363/1784 986/1397/1782
f 951/1367/1786 950/1365/1785 986/1397/1782
f 952/1369/1787 951/1367/1786 986/1397/1782
f 953/1371/1788 952/1369/1787 986/1397/1782
f 954/1373/1789 953/1371/1788 986/1397/1782
f 955/1375/1790 954/1373/1789 986/1397/1782
f 956/1377/1791 955/1375/1790 986/1397/1782
f 957/1379/1792 956/1377/1791 986/1397/1782
f 958/1381/1793 957/1379/1792 986/1397/1782
f 959/1383/1794 958/1381/1793 986/1397/1782
f 960/1385/1795 959/1383/1794 986/1397/1782
f 961/1387/1796 960/1385/1795 986/1397/1782
f 962/1389/1797 961/1387/1796 986/1397/1782
f 963/1391/1798 962/1389/1797 986/1397/1782
f 964/1393/1799 963/1391/1798 986/1397/1782
f 965/1395/1800 964/1393/1799 986/1397/1782
f 946/1357/1781 965/1395/1800 986/1397/1782
s 3
f 966/1731/1801 967/1749/1802 987/1400/1803
f 967/1749/1802 968/1748/1804 987/1400/1803
f 968/1748/1804 969/1747/1805 987/1400/1803
f 969/1747/1805 970/1746/1806 987/1400/1803
f 970/1746/1806 971/1745/1807 987/1400/1803
f 971/1745/1807 972/1744/1808 987/1400/1803
f 972/1744/1808 973/1743/1809 987/1400/1803
f 973/1743/1809 974/1742/1810 987/1400/1803
f 974/1742/1810 975/1741/1811 987/1400/1803
f 975/1741/1811 976/1740/1812 987/1400/1803
f 976/1740/1812 977/1739/1813 987/1400/1803
f 977/1739/1813 978/1738/1814 987/1400/1803
f 978/1738/1814 979/1737/1815 987/1400/1803
f 979/1737/1815 980/1736/1816 987/1400/1803
f 980/1736/1816 981/1735/1817 987/1400/1803
f 981/1735/1817 982/1734/1818 987/1400/1803
f 982/1734/1818 983/1733/1819 987/1400/1803
f 983/1733/1819 984/1732/1820 987/1400/1803
f 984/1732/1820 985/1711/1821 987/1400/1803
f 985/1711/1821 966/1731/1801 987/1400/1803
s 4
f 989/1728/1822 988/1707/1823 983/1416/1824 982/1415/1825
f 990/1727/1826 989/1728/1822 982/1415/1825 981/1414/1827
f 991/1726/1828 990/1727/1826 981/1414/1827 980/1413/1829
f 992/1725/1830 991/1726/1828 980/1413/1829 979/1412/1831
f 993/1724/1832 992/1725/1830 979/1412/1831 978/1411/1833
f 994/1723/1834 993/1724/1832 978/1411/1833 977/1410/1835
f 995/1722/1836 994/1723/1834 977/1410/1835 976/1409/1837
f 996/1721/1838 995/1722/1836 976/1409/1837 975/1408/1839
f 997/1720/1840 996/1721/1838 975/1408/1839 974/1407/1841
f 998/1719/1842 997/1720/1840 974/1407/1841 973/1406/1843
f 999/1718/1844 998/1719/1842 973/1406/1843 972/1405/1845
f 1000/1717/1846 999/1718/1844 972/1405/1845 971/1404/1847
f 1001/1716/1848 1000/1717/1846 971/1404/1847 970/1403/1849
f 1002/1715/1850 1001/1716/1848 970/1403/1849 969/1402/1851
f 1003/1714/1852 1002/1715/1850 969/1402/1851 968/1401/1853
f 1004/1713/1854 1003/1714/1852 968/1401/1853 967/1399/1855
f 1005/1710/1856 1004/1713/1854 967/1399/1855 966/1398/1857
f 1006/1709/1858 1005/1710/1856 966/1398/1857 985/1712/1859
f 1007/1706/1860 1006/1708/1858 985/1418/1859 984/1417/1861
f 988/1707/1823 1007/1706/1860 984/1417/1861 983/1416/1824
s 5
f 1069/1439/1862 1068/1604/1863 1070/1441/1864 1071/1641/1865
f 1072/1443/1866 1069/1439/1862 1071/1641/1865 1073/1639/1867
f 1074/1445/1868 1072/1443/1866 1073/1639/1867 1075/1637/1869
f 1076/1447/1870 1074/1445/1868 1075/1637/1869 1077/1635/1871
f 1078/1449/1872 1076/1447/1870 1077/1635/1871 1079/1633/1873
f 1080/1451/1874 1078/1449/1872 1079/1633/1873 1081/1631/1875
f 1082/1453/1876 1080/1451/1874 1081/1631/1875 1083/1629/1877
f 1084/1455/1878 1082/1453/1876 1083/1629/1877 1085/1627/1879
f 1086/1457/1880 1084/1455/1878 1085/1627/1879 1087/1625/1881
f 1088/1459/1882 1086/1457/1880 1087/1625/1881 1089/1623/1883
f 1090/1461/1884 1088/1459/1882 1089/1623/1883 1091/1621/1885
f 1092/1463/1886 1090/1461/1884 1091/1621/1885 1093/1619/1887
f 1094/1465/1888 1092/1463/1886 1093/1619/1887 1095/1617/1889
f 1096/1467/1890 1094/1465/1888 1095/1617/1889 1097/1615/1891
f 1098/1469/1892 1096/1467/1890 1097/1615/1891 1099/1613/1893
f 1100/1471/1894 1098/1469/1892 1099/1613/1893 1101/1611/1895
f 1102/1473/1896 1100/1471/1894 1101/1611/1895 1103/1609/1897
f 1104/1607/1898 1102/1473/1896 1103/1609/1897 1105/1605/1899
f 1106/1477/1900 1104/1475/1898 1105/1606/1899 1107/1601/1901
f 1068/1604/1863 1106/1477/1900 1107/1601/1901 1070/1441/1864
s 6
f 1029/1686/1902 1028/1665/1903 1008/1688/1904 1009/1705/1905
f 1030/1685/1906 1029/1686/1902 1009/1705/1905 1010/1704/1907
f 1031/1684/1908 1030/1685/1906 1010/1704/1907 1011/1703/1909
f 1032/1683/1910 1031/1684/1908 1011/1703/1909 1012/1702/1911
f 1033/1682/1912 1032/1683/1910 1012/1702/1911 1013/1701/1913
f 1034/1681/1914 1033/1682/1912 1013/1701/1913 1014/1700/1915
f 1035/1680/1916 1034/1681/1914 1014/1700/1915 1015/1699/1917
f 1036/1679/1918 1035/1680/1916 1015/1699/1917 1016/1698/1919
f 1037/1678/1920 1036/1679/1918 1016/1698/1919 1017/1697/1921
f 1038/1677/1922 1037/1678/1920 1017/1697/1921 1018/1696/1923
f 1039/1676/1924 1038/1677/1922 1018/1696/1923 1019/1695/1925
f 1040/1675/1926 1039/1676/1924 1019/1695/1925 1020/1694/1927
f 1041/1674/1928 1040/1675/1926 1020/1694/1927 1021/1693/1929
f 1042/1673/1930 1041/1674/1928 1021/1693/1929 1022/1692/1931
f 1043/1672/1932 1042/1673/1930 1022/1692/1931 1023/1691/1933
f 1044/1671/1934 1043/1672/1932 1023/1691/1933 1024/1690/1935
f 1045/1668/1936 1044/1671/1934 1024/1690/1935 1025/1689/1937
f 1046/1667/1938 1045/1668/1936 1025/1689/1937 1026/1669/1939
f 1047/1664/1940 1046/1666/1938 1026/1670/1939 1027/1687/1941
f 1028/1665/1903 1047/1664/1940 1027/1687/1941 1008/1688/1904
s 7
f 1109/1519/1942 1108/1562/1943 1110/1521/1944 1111/1599/1945
f 1112/1523/1946 1109/1519/1942 1111/1599/1945 1113/1597/1947
f 1114/1525/1948 1112/1523/1946 1113/1597/1947 1115/1595/1949
f 1116/1527/1950 1114/1525/1948 1115/1595/1949 1117/1593/1951
f 1118/1529/1952 1116/1527/1950 1117/1593/1951 1119/1591/1953
f 1120/1531/1954 1118/1529/1952 1119/1591/1953 1121/1589/1955
f 1122/1533/1956 1120/1531/1954 1121/1589/1955 1123/1587/1957
f 1124/1535/1958 1122/1533/1956 1123/1587/1957 1125/1585/1959
f 1126/1537/1960 1124/1535/1958 1125/1585/1959 1127/1583/1961
f 1128/1539/1962 1126/1537/1960 1127/1583/1961 1129/1581/1963
f 1130/1541/1964 1128/1539/1962 1129/1581/1963 1131/1579/1965
f 1132/1543/1966 1130/1541/1964 1131/1579/1965 1133/1577/1967
f 1134/1545/1968 1132/1543/1966 1133/1577/1967 1135/1575/1969
f 1136/1547/1970 1134/1545/1968 1135/1575/1969 1137/1573/1971
f 1138/1549/1972 1136/1547/1970 1137/1573/1971 1139/1571/1973
f 1140/1551/1974 1138/1549/1972 1139/1571/1973 1141/1569/1975
f 1142/1553/1976 1140/1551/1974 1141/1569/1975 1143/1567/1977
f 1144/1565/1978 1142/1553/1976 1143/1567/1977 1145/1563/1979
f 1146/1557/1980 1144/1555/1978 1145/1564/1979 1147/1559/1981
f 1108/1562/1943 1146/1557/1980 1147/1559/1981 1110/1521/1944
s off
f 1009/1482/1982 1008/1481/1983 1068/1440/1984 1069/1642/1985
f 988/1420/1986 989/1419/1987 1071/1442/1988 1070/1602/1989
f 1010/1484/1990 1009/1482/1991 1069/1642/1992 1072/1640/1993
f 989/1419/1994 990/1421/1995 1073/1444/1996 1071/1442/1997
f 1011/1486/1998 1010/1484/1999 1072/1640/2000 1074/1638/2001
f 990/1421/2002 991/1422/2003 1075/1446/2004 1073/1444/2005
f 1012/1488/2006 1011/1486/2007 1074/1638/2008 1076/1636/2009
f 991/1422/2010 992/1423/2011 1077/1448/2012 1075/1446/2013
f 1013/1490/2014 1012/1488/2015 1076/1636/2016 1078/1634/2017
f 992/1423/2018 993/1424/2019 1079/1450/2020 1077/1448/2021
f 1014/1492/2022 1013/1490/2023 1078/1634/2024 1080/1632/2025
f 993/1424/2026 994/1425/2027 1081/1452/2028 1079/1450/2029
f 1015/1494/2030 1014/1492/2031 1080/1632/2032 1082/1630/2033
f 994/1425/2034 995/1426/2035 1083/1454/2036 1081/1452/2037
f 1016/1496/2038 1015/1494/2039 1082/1630/2040 1084/1628/2041
f 995/1426/2042 996/1427/2043 1085/1456/2044 1083/1454/2045
f 1017/1498/2046 1016/1496/2047 1084/1628/2048 1086/1626/2049
f 996/1427/2050 997/1428/2051 1087/1458/2052 1085/1456/2053
f 1018/1500/2054 1017/1498/2055 1086/1626/2056 1088/1624/2057
f 997/1428/2058 998/1429/2059 1089/1460/2060 1087/1458/2061
f 1019/1502/2062 1018/1500/2063 1088/1624/2064 1090/1622/2065
f 998/1429/2066 999/1430/2067 1091/1462/2068 1089/1460/2069
f 1020/1504/2070 1019/1502/2071 1090/1622/2072 1092/1620/2073
f 999/1430/2074 1000/1431/2075 1093/1464/2076 1091/1462/2077
f 1021/1506/2078 1020/1504/2079 1092/1620/2080 1094/1618/2081
f 1000/1431/2082 1001/1432/2083 1095/1466/2084 1093/1464/2085
f 1022/1508/2086 1021/1506/2087 1094/1618/2088 1096/1616/2089
f 1001/1432/2090 1002/1433/2091 1097/1468/2092 1095/1466/2093
f 1023/1510/2094 1022/1508/2095 1096/1616/2096 1098/1614/2097
f 1002/1433/2098 1003/1434/2099 1099/1470/2100 1097/1468/2101
f 1024/1512/2102 1023/1510/2103 1098/1614/2104 1100/1612/2105
f 1003/1434/2106 1004/1435/2107 1101/1472/2108 1099/1470/2109
f 1025/1514/2110 1024/1512/2111 1100/1612/2112 1102/1610/2113
f 1004/1435/2114 1005/1436/2115 1103/1474/2116 1101/1472/2117
f 1026/1516/2118 1025/1514/2119 1102/1610/2120 1104/1608/2121
f 1005/1436/2122 1006/1437/2123 1105/1476/2124 1103/1474/2125
f 1027/1518/2126 1026/1516/2127 1104/1608/2128 1106/1603/2129
f 1006/1437/2130 1007/1438/2131 1107/1478/2132 1105/1476/2133
f 1008/1481/2134 1027/1518/2135 1106/1603/2136 1068/1440/2137
f 1007/1438/2138 988/1420/2139 1070/1602/2140 1107/1478/2141
f 1049/1390/2142 1048/1392/2143 1108/1520/2144 1109/1600/2145
f 1028/1480/2146 1029/1479/2147 1111/1522/2148 1110/1560/2149
f 1050/1388/2150 1049/1390/2151 1109/1600/2152 1112/1598/2153
f 1029/1479/2154 1030/1483/2155 1113/1524/2156 1111/1522/2157
f 1051/1386/2158 1050/1388/2159 1112/1598/2160 1114/1596/2161
f 1030/1483/2162 1031/1485/2163 1115/1526/2164 1113/1524/2165
f 1052/1384/2166 1051/1386/2167 1114/1596/2168 1116/1594/2169
f 1031/1485/2170 1032/1487/2171 1117/1528/2172 1115/1526/2173
f 1053/1382/2174 1052/1384/2175 1116/1594/2176 1118/1592/2177
f 1032/1487/2178 1033/1489/2179 1119/1530/2180 1117/1528/2181
f 1054/1380/2182 1053/1382/2183 1118/1592/2184 1120/1590/2185
f 1033/1489/2186 1034/1491/2187 1121/1532/2188 1119/1530/2189
f 1055/1378/2190 1054/1380/2191 1120/1590/2192 1122/1588/2193
f 1034/1491/2194 1035/1493/2195 1123/1534/2196 1121/1532/2197
f 1056/1376/2198 1055/1378/2199 1122/1588/2200 1124/1586/2201
f 1035/1493/2202 1036/1495/2203 1125/1536/2204 1123/1534/2205
f 1057/1374/2206 1056/1376/2207 1124/1586/2208 1126/1584/2209
f 1036/1495/2210 1037/1497/2211 1127/1538/2212 1125/1536/2213
f 1058/1372/2214 1057/1374/2215 1126/1584/2216 1128/1582/2217
f 1037/1497/2218 1038/1499/2219 1129/1540/2220 1127/1538/2221
f 1059/1370/2222 1058/1372/2223 1128/1582/2224 1130/1580/2225
f 1038/1499/2226 1039/1501/2227 1131/1542/2228 1129/1540/2229
f 1060/1368/2230 1059/1370/2231 1130/1580/2232 1132/1578/2233
f 1039/1501/2234 1040/1503/2235 1133/1544/2236 1131/1542/2237
f 1061/1366/2238 1060/1368/2239 1132/1578/2240 1134/1576/2241
f 1040/1503/2242 1041/1505/2243 1135/1546/2244 1133/1544/2245
f 1062/1364/2246 1061/1366/2247 1134/1576/2248 1136/1574/2249
f 1041/1505/2250 1042/1507/2251 1137/1548/2252 1135/1546/2253
f 1063/1362/2254 1062/1364/2255 1136/1574/2256 1138/1572/2257
f 1042/1507/2258 1043/1509/2259 1139/1550/2260 1137/1548/2261
f 1064/1359/2262 1063/1362/2263 1138/1572/2264 1140/1570/2265
f 1043/1509/2266 1044/1511/2267 1141/1552/2268 1139/1550/2269
f 1065/1360/2270 1064/1359/2271 1140/1570/2272 1142/1568/2273
f 1044/1511/2274 1045/1513/2275 1143/1554/2276 1141/1552/2277
f 1066/1396/2278 1065/1360/2279 1142/1568/2280 1144/1566/2281
f 1045/1513/2282 1046/1515/2283 1145/1556/2284 1143/1554/2285
f 1067/1394/2286 1066/1396/2287 1144/1566/2288 1146/1561/2289
f 1046/1515/2290 1047/1517/2291 1147/1558/2292 1145/1556/2293
f 1048/1392/2294 1067/1394/2295 1146/1561/2296 1108/1520/2297
f 1047/1517/2298 1028/1480/2299 1110/1560/2300 1147/1558/2301
g default
v -3.000223 0.929536 -0.418480
v -3.004551 0.923059 -0.418480
v -3.011028 0.918731 -0.418480
v -3.018669 0.917211 -0.418480
v -3.026309 0.918731 -0.418480
v -3.032786 0.923059 -0.418480
v -3.037114 0.929536 -0.418480
v -3.038634 0.937176 -0.418480
v -3.037114 0.944817 -0.418480
v -3.032786 0.951294 -0.418480
v -3.026309 0.955622 -0.418480
v -3.018669 0.957142 -0.418480
v -3.011028 0.955622 -0.418480
v -3.004551 0.951294 -0.418480
v -3.000223 0.944817 -0.418480
v -2.998703 0.937176 -0.418480
v -3.000223 0.929536 -0.438267
v -3.004551 0.923059 -0.438267
v -3.011028 0.918731 -0.438267
v -3.018669 0.917211 -0.438267
v -3.026309 0.918731 -0.438267
v -3.032786 0.923059 -0.438267
v -3.037114 0.929536 -0.438267
v -3.038634 0.937176 -0.438267
v -3.037114 0.944817 -0.438267
v -3.032786 0.951294 -0.438267
v -3.026309 0.955622 -0.438267
v -3.018669 0.957142 -0.438267
v -3.011028 0.955622 -0.438267
v -3.004551 0.951294 -0.438267
v -3.000223 0.944817 -0.438267
v -2.998703 0.937176 -0.438267
v -3.018669 0.937176 -0.418480
v -3.018669 0.937176 -0.438267
vt 0.209739 0.012161
vt 0.211973 0.011236
vt 0.213683 0.009525
vt 0.214609 0.007291
vt 0.214609 0.004872
vt 0.213683 0.002638
vt 0.211973 0.000927
vt 0.209739 0.000002
vt 0.207320 0.000002
vt 0.205085 0.000928
vt 0.203375 0.002638
vt 0.202450 0.004872
vt 0.202450 0.007291
vt 0.203375 0.009526
vt 0.205085 0.011236
vt 0.207320 0.012161
vt 0.647858 0.013625
vt 0.647858 0.016043
vt 0.647858 0.018462
vt 0.647858 0.020881
vt 0.647858 0.023299
vt 0.647858 0.025718
vt 0.647858 0.028137
vt 0.647858 0.030555
vt 0.647858 0.032974
vt 0.647858 0.035393
vt 0.647858 0.037811
vt 0.647858 0.040230
vt 0.647858 0.042648
vt 0.647858 0.045067
vt 0.647858 0.047486
vt 0.647858 0.049904
vt 0.647858 0.052323
vt 0.641715 0.013625
vt 0.641715 0.016043
vt 0.641715 0.018462
vt 0.641715 0.020881
vt 0.641715 0.023299
vt 0.641715 0.025718
vt 0.641715 0.028137
vt 0.641715 0.030555
vt 0.641715 0.032974
vt 0.641715 0.035393
vt 0.641715 0.037811
vt 0.641715 0.040230
vt 0.641715 0.042648
vt 0.641715 0.045067
vt 0.641715 0.047486
vt 0.641715 0.049904
vt 0.641715 0.052323
vt 0.242576 0.000927
vt 0.240866 0.002638
vt 0.239940 0.004872
vt 0.239940 0.007291
vt 0.240866 0.009525
vt 0.242576 0.011236
vt 0.244811 0.012161
vt 0.247229 0.012161
vt 0.249464 0.011236
vt 0.251174 0.009526
vt 0.252100 0.007291
vt 0.252100 0.004872
vt 0.251174 0.002638
vt 0.249464 0.000928
vt 0.247229 0.000002
vt 0.244811 0.000002
vt 0.208529 0.006082
vt 0.246020 0.006082
vn 0.923877 -0.382690 0.000000
vn 0.707104 -0.707109 0.000000
vn 0.707104 -0.707109 0.000000
vn 0.923877 -0.382690 0.000000
vn 0.382685 -0.923879 0.000000
vn 0.382685 -0.923879 0.000000
vn 0.000000 -1.000000 0.000000
vn 0.000000 -1.000000 0.000000
vn -0.382681 -0.923880 0.000000
vn -0.382681 -0.923880 0.000000
vn -0.707104 -0.707110 0.000000
vn -0.707104 -0.707110 0.000000
vn -0.923882 -0.382678 0.000000
vn -0.923882 -0.382678 0.000000
vn -1.000000 0.000000 0.000000
vn -1.000000 0.000000 0.000000
vn -0.923882 0.382678 0.000000
vn -0.923882 0.382678 0.000000
vn -0.707104 0.707110 0.000000
vn -0.707104 0.707110 0.000000
vn -0.382681 0.923880 0.000000
vn -0.382681 0.923880 0.000000
vn 0.000000 1.000000 0.000000
vn 0.000000 1.000000 0.000000
vn 0.382681 0.923880 0.000000
vn 0.382681 0.923880 0.000000
vn 0.707104 0.707110 0.000000
vn 0.707104 0.707110 0.000000
vn 0.923877 0.382689 0.000000
vn 0.923877 0.382689 0.000000
vn 1.000000 0.000000 0.000000
vn 1.000000 0.000000 0.000000
vn 0.000000 0.000000 1.000000
vn 0.000000 0.000000 1.000000
vn -0.000000 0.000000 1.000000
vn 0.000000 0.000000 1.000000
vn 0.000000 0.000000 1.000000
vn -0.000003 0.000000 1.000000
vn -0.000003 0.000000 1.000000
vn 0.000000 0.000000 1.000000
vn 0.000000 0.000000 1.000000
vn 0.000000 0.000000 1.000000
vn -0.000003 0.000000 1.000000
vn -0.000003 0.000000 1.000000
vn 0.000000 0.000000 1.000000
vn 0.000003 0.000000 1.000000
vn 0.000003 0.000000 1.000000
vn 0.000000 0.000000 1.000000
vn 0.000000 0.000000 1.000000
vn 0.000002 0.000000 -1.000000
vn 0.000002 0.000000 -1.000000
vn 0.000000 0.000000 -1.000000
vn 0.000003 0.000000 -1.000000
vn 0.000003 0.000000 -1.000000
vn 0.000000 0.000000 -1.000000
vn 0.000000 0.000000 -1.000000
vn 0.000000 0.000000 -1.000000
vn 0.000000 0.000000 -1.000000
vn 0.000000 0.000000 -1.000000
vn 0.000000 0.000000 -1.000000
vn -0.000003 0.000000 -1.000000
vn -0.000003 0.000000 -1.000000
vn 0.000000 0.000000 -1.000000
vn 0.000000 0.000000 -1.000000
vn 0.000000 0.000000 -1.000000
vn 0.000000 0.000000 -1.000000
s 1
g Goles1
usemtl initialShadingGroup
f 1148/1785/2302 1149/1786/2303 1165/1803/2304 1164/1802/2305
f 1149/1786/2303 1150/1787/2306 1166/1804/2307 1165/1803/2304
f 1150/1787/2306 1151/1788/2308 1167/1805/2309 1166/1804/2307
f 1151/1788/2308 1152/1789/2310 1168/1806/2311 1167/1805/2309
f 1152/1789/2310 1153/1790/2312 1169/1807/2313 1168/1806/2311
f 1153/1790/2312 1154/1791/2314 1170/1808/2315 1169/1807/2313
f 1154/1791/2314 1155/1792/2316 1171/1809/2317 1170/1808/2315
f 1155/1792/2316 1156/1793/2318 1172/1810/2319 1171/1809/2317
f 1156/1793/2318 1157/1794/2320 1173/1811/2321 1172/1810/2319
f 1157/1794/2320 1158/1795/2322 1174/1812/2323 1173/1811/2321
f 1158/1795/2322 1159/1796/2324 1175/1813/2325 1174/1812/2323
f 1159/1796/2324 1160/1797/2326 1176/1814/2327 1175/1813/2325
f 1160/1797/2326 1161/1798/2328 1177/1815/2329 1176/1814/2327
f 1161/1798/2328 1162/1799/2330 1178/1816/2331 1177/1815/2329
f 1162/1799/2330 1163/1800/2332 1179/1817/2333 1178/1816/2331
f 1163/1800/2332 1148/1801/2302 1164/1818/2305 1179/1817/2333
s 2
f 1149/1770/2334 1148/1769/2335 1180/1835/2336
f 1150/1771/2337 1149/1770/2334 1180/1835/2336
f 1151/1772/2338 1150/1771/2337 1180/1835/2336
f 1152/1773/2339 1151/1772/2338 1180/1835/2336
f 1153/1774/2340 1152/1773/2339 1180/1835/2336
f 1154/1775/2341 1153/1774/2340 1180/1835/2336
f 1155/1776/2342 1154/1775/2341 1180/1835/2336
f 1156/1777/2343 1155/1776/2342 1180/1835/2336
f 1157/1778/2344 1156/1777/2343 1180/1835/2336
f 1158/1779/2345 1157/1778/2344 1180/1835/2336
f 1159/1780/2346 1158/1779/2345 1180/1835/2336
f 1160/1781/2347 1159/1780/2346 1180/1835/2336
f 1161/1782/2348 1160/1781/2347 1180/1835/2336
f 1162/1783/2349 1161/1782/2348 1180/1835/2336
f 1163/1784/2350 1162/1783/2349 1180/1835/2336
f 1148/1769/2335 1163/1784/2350 1180/1835/2336
s 3
f 1164/1833/2351 1165/1832/2352 1181/1836/2353
f 1165/1832/2352 1166/1831/2354 1181/1836/2353
f 1166/1831/2354 1167/1830/2355 1181/1836/2353
f 1167/1830/2355 1168/1829/2356 1181/1836/2353
f 1168/1829/2356 1169/1828/2357 1181/1836/2353
f 1169/1828/2357 1170/1827/2358 1181/1836/2353
f 1170/1827/2358 1171/1826/2359 1181/1836/2353
f 1171/1826/2359 1172/1825/2360 1181/1836/2353
f 1172/1825/2360 1173/1824/2361 1181/1836/2353
f 1173/1824/2361 1174/1823/2362 1181/1836/2353
f 1174/1823/2362 1175/1822/2363 1181/1836/2353
f 1175/1822/2363 1176/1821/2364 1181/1836/2353
f 1176/1821/2364 1177/1820/2365 1181/1836/2353
f 1177/1820/2365 1178/1819/2366 1181/1836/2353
f 1178/1819/2366 1179/1834/2367 1181/1836/2353
f 1179/1834/2367 1164/1833/2351 1181/1836/2353
g default
v -3.305519 0.908263 -0.549906
v -3.302830 0.933731 -0.549906
v -3.299840 0.937773 -0.561455
v -3.302529 0.906651 -0.561455
v -3.314061 0.906651 -0.546712
v -3.314061 0.936620 -0.546712
v -3.302529 0.921027 -0.548443
v -3.314061 0.921027 -0.544533
v -3.314061 0.941816 -0.561455
v -3.298685 0.921027 -0.561455
v -3.302747 0.904207 -0.561455
v -3.314061 0.904207 -0.546159
v -3.305680 0.904921 -0.550125
v -3.301843 0.901341 -0.561455
v -3.314061 0.901341 -0.544937
v -3.305011 0.901341 -0.549219
v -3.296910 0.896872 -0.561455
v -3.314061 0.896872 -0.533346
v -3.301362 0.896872 -0.540644
v -3.300247 0.862899 -0.561455
v -3.314061 0.862899 -0.542779
v -3.303833 0.862899 -0.547628
v -3.296086 0.856436 -0.560313
v -3.314061 0.857991 -0.542779
v -3.299155 0.856436 -0.548478
v -3.299883 0.838363 -0.561455
v -3.314061 0.838363 -0.542285
v -3.298923 0.839636 -0.548165
v -3.314061 0.810409 -0.546439
v -3.305839 0.810409 -0.550338
v -3.299081 0.862899 -0.561455
v -3.299081 0.857991 -0.561455
v -3.314061 0.862899 -0.541202
v -3.314061 0.857991 -0.541202
v -3.302970 0.862899 -0.546460
v -3.302970 0.857991 -0.546460
v -3.302955 0.802152 -0.561455
v -3.314061 0.802152 -0.546439
v -3.305839 0.802152 -0.550338
v -3.301897 0.802152 -0.561455
v -3.314061 0.802152 -0.542402
v -3.302236 0.802152 -0.544416
v -3.314061 0.786939 -0.561455
v -3.304756 0.786939 -0.561455
v -3.314061 0.786939 -0.542402
v -3.305015 0.786939 -0.544416
v -3.298255 0.899088 -0.561455
v -3.302357 0.899088 -0.543214
v -3.314061 0.899088 -0.536820
v -3.296220 0.839636 -0.558588
v -3.303428 0.810409 -0.559628
v -3.303429 0.802152 -0.559626
v -3.305519 0.908263 -0.573005
v -3.302830 0.933731 -0.573005
v -3.314061 0.906651 -0.576198
v -3.314061 0.936620 -0.576198
v -3.302529 0.921027 -0.574467
v -3.314061 0.921027 -0.578378
v -3.314061 0.904207 -0.576751
v -3.305680 0.904921 -0.572786
v -3.314061 0.901341 -0.577974
v -3.305011 0.901341 -0.573691
v -3.314061 0.896872 -0.589564
v -3.301362 0.896872 -0.582266
v -3.314061 0.862899 -0.580132
v -3.303833 0.862899 -0.575283
v -3.314061 0.857991 -0.580132
v -3.299155 0.856436 -0.574432
v -3.314061 0.838363 -0.580626
v -3.298923 0.839636 -0.574746
v -3.314061 0.810409 -0.576471
v -3.305839 0.810409 -0.572573
v -3.314061 0.862899 -0.581709
v -3.314061 0.857991 -0.581709
v -3.302970 0.862899 -0.576450
v -3.302970 0.857991 -0.576450
v -3.314061 0.802152 -0.576471
v -3.305839 0.802152 -0.572573
v -3.314061 0.802152 -0.580508
v -3.302236 0.802152 -0.578495
v -3.314061 0.786939 -0.580508
v -3.305015 0.786939 -0.578495
v -3.302357 0.899088 -0.579697
v -3.314061 0.899088 -0.586091
v -3.296220 0.839636 -0.564322
v -3.303428 0.810409 -0.563282
v -3.303429 0.802152 -0.563285
v -3.302918 0.838363 -0.559440
v -3.306325 0.810409 -0.559628
v -3.302395 0.838363 -0.561455
v -3.305850 0.810409 -0.561455
v -3.306325 0.802152 -0.559626
v -3.305850 0.802152 -0.561455
v -3.306325 0.810409 -0.563282
v -3.302918 0.838363 -0.563470
v -3.306325 0.802152 -0.563285
v -3.322417 0.908263 -0.548373
v -3.322417 0.936175 -0.548373
v -3.323888 0.940218 -0.561455
v -3.325593 0.906651 -0.561455
v -3.323888 0.921027 -0.546571
v -3.325374 0.904207 -0.561455
v -3.322442 0.904921 -0.550125
v -3.326280 0.901341 -0.561455
v -3.323111 0.901341 -0.549219
v -3.331212 0.896872 -0.561455
v -3.326759 0.896872 -0.540644
v -3.327875 0.862899 -0.561455
v -3.324288 0.862899 -0.547628
v -3.327875 0.857991 -0.561455
v -3.324288 0.857991 -0.547628
v -3.328240 0.838363 -0.561455
v -3.324558 0.838363 -0.547262
v -3.322284 0.810409 -0.550338
v -3.329041 0.862899 -0.561455
v -3.329041 0.857991 -0.561455
v -3.325152 0.862899 -0.546460
v -3.325152 0.857991 -0.546460
v -3.325168 0.802152 -0.561455
v -3.322284 0.802152 -0.550338
v -3.326225 0.802152 -0.561455
v -3.325887 0.802152 -0.544416
v -3.323366 0.786939 -0.561455
v -3.323107 0.786939 -0.544416
v -3.329866 0.899088 -0.561455
v -3.325765 0.899088 -0.543214
v -3.327717 0.838363 -0.559440
v -3.324693 0.810409 -0.559628
v -3.324693 0.802152 -0.559626
v -3.322417 0.908263 -0.574538
v -3.322417 0.936175 -0.574538
v -3.323888 0.921027 -0.576339
v -3.322442 0.904921 -0.572786
v -3.323111 0.901341 -0.573691
v -3.326759 0.896872 -0.582266
v -3.324288 0.862899 -0.575283
v -3.324288 0.857991 -0.575283
v -3.324558 0.838363 -0.575648
v -3.322284 0.810409 -0.572573
v -3.325152 0.862899 -0.576450
v -3.325152 0.857991 -0.576450
v -3.322284 0.802152 -0.572573
v -3.325887 0.802152 -0.578495
v -3.323107 0.786939 -0.578495
v -3.325765 0.899088 -0.579697
v -3.327717 0.838363 -0.563470
v -3.324693 0.810409 -0.563282
v -3.324693 0.802152 -0.563285
v -3.325204 0.838363 -0.559440
v -3.321798 0.810409 -0.559628
v -3.325726 0.838363 -0.561455
v -3.322271 0.810409 -0.561455
v -3.321797 0.802152 -0.559626
v -3.322271 0.802152 -0.561455
v -3.321798 0.810409 -0.563282
v -3.325204 0.838363 -0.563470
v -3.321797 0.802152 -0.563285
v -3.304573 0.837588 -0.548625
v -3.301717 0.837588 -0.559629
v -3.304007 0.837588 -0.559629
v -3.303534 0.837588 -0.561455
v -3.304007 0.837588 -0.563282
v -3.301717 0.837588 -0.563282
v -3.304573 0.837588 -0.574285
v -3.314061 0.837588 -0.578785
v -3.323550 0.837588 -0.574285
v -3.326404 0.837588 -0.563282
v -3.324114 0.837588 -0.563282
v -3.324588 0.837588 -0.561455
v -3.324114 0.837588 -0.559629
v -3.326404 0.837588 -0.559629
v -3.323550 0.837588 -0.548625
v -3.314061 0.837588 -0.544126
v -3.302581 0.864954 -0.545826
v -3.298555 0.864954 -0.561455
v -3.302581 0.864954 -0.577085
v -3.314061 0.864954 -0.582566
v -3.325542 0.864954 -0.577085
v -3.329566 0.864954 -0.561455
v -3.325542 0.864954 -0.545826
v -3.314061 0.864954 -0.540345
v -3.314061 0.810409 -0.545226
v -3.314061 0.802152 -0.545226
v -3.305174 0.802152 -0.549440
v -3.305174 0.810409 -0.549440
v -3.302570 0.802152 -0.559478
v -3.302569 0.810409 -0.559480
v -3.305186 0.802152 -0.561455
v -3.305700 0.802152 -0.559478
v -3.305186 0.810409 -0.561455
v -3.305699 0.810409 -0.559480
v -3.305174 0.810409 -0.573471
v -3.314061 0.810409 -0.577684
v -3.305174 0.802152 -0.573471
v -3.314061 0.802152 -0.577684
v -3.302569 0.810409 -0.563430
v -3.302570 0.802152 -0.563432
v -3.305699 0.810409 -0.563430
v -3.305700 0.802152 -0.563432
v -3.322948 0.810409 -0.549440
v -3.322948 0.802152 -0.549440
v -3.325552 0.810409 -0.559480
v -3.325552 0.802152 -0.559478
v -3.322423 0.810409 -0.559480
v -3.322422 0.802152 -0.559478
v -3.322936 0.810409 -0.561455
v -3.322936 0.802152 -0.561455
v -3.322948 0.802152 -0.573471
v -3.322948 0.810409 -0.573471
v -3.325552 0.802152 -0.563432
v -3.325552 0.810409 -0.563430
v -3.322422 0.802152 -0.563432
v -3.322423 0.810409 -0.563430
v -3.329295 0.846088 -0.560338
v -3.325555 0.846088 -0.545916
v -3.314061 0.846088 -0.540466
v -3.298071 0.846248 -0.547013
v -3.294869 0.846248 -0.559356
v -3.294869 0.846248 -0.563554
v -3.298071 0.846248 -0.575898
v -3.314061 0.846088 -0.582444
v -3.325555 0.846088 -0.576995
v -3.329295 0.846088 -0.562573
v -3.329376 0.907270 -0.561455
v -3.326387 0.908666 -0.551106
v -3.329376 0.919713 -0.547954
v -3.333220 0.919713 -0.561455
v -3.326387 0.929708 -0.548373
v -3.329376 0.933207 -0.561455
v -3.329376 0.919713 -0.573169
v -3.326387 0.908666 -0.570272
v -3.326387 0.929708 -0.573005
v -3.326150 0.880913 -0.543235
v -3.314061 0.880912 -0.536845
v -3.301972 0.880913 -0.543235
v -3.301972 0.880913 -0.579676
v -3.314061 0.880912 -0.586065
v -3.326150 0.880913 -0.579676
v -3.296159 0.889310 -0.555278
v -3.296790 0.883598 -0.553791
v -3.295828 0.892301 -0.560383
v -3.295991 0.890820 -0.566117
v -3.296554 0.885734 -0.569120
v -3.297354 0.878512 -0.556794
v -3.297517 0.877031 -0.562527
v -3.297186 0.880023 -0.567633
v -3.332303 0.892376 -0.561455
v -3.332054 0.890118 -0.555983
v -3.331450 0.884666 -0.553716
v -3.332054 0.890118 -0.566927
v -3.331450 0.884666 -0.569194
v -3.330597 0.876957 -0.561455
v -3.330847 0.879215 -0.555983
v -3.330847 0.879215 -0.566927
v -3.297964 0.888842 -0.555901
v -3.298532 0.883706 -0.554564
v -3.297666 0.891531 -0.560491
v -3.297814 0.890200 -0.565647
v -3.298320 0.885626 -0.568347
v -3.299039 0.879133 -0.557264
v -3.299185 0.877801 -0.562419
v -3.298888 0.880491 -0.567010
v -3.330464 0.891598 -0.561455
v -3.330240 0.889568 -0.556535
v -3.329697 0.884666 -0.554497
v -3.330240 0.889568 -0.566376
v -3.329697 0.884666 -0.568414
v -3.328930 0.877734 -0.561455
v -3.329155 0.879765 -0.556535
v -3.329155 0.879765 -0.566376
v -3.296628 0.887848 -0.557223
v -3.297243 0.883935 -0.556204
v -3.297137 0.884617 -0.561455
v -3.296306 0.889898 -0.560721
v -3.296466 0.888883 -0.564649
v -3.297014 0.885398 -0.566707
v -3.297792 0.880450 -0.558261
v -3.297951 0.879435 -0.562190
v -3.297629 0.881485 -0.565688
v -3.331824 0.889948 -0.561455
v -3.331582 0.888401 -0.557706
v -3.330986 0.884617 -0.561455
v -3.330994 0.884666 -0.556153
v -3.331582 0.888401 -0.565205
v -3.330994 0.884666 -0.566758
v -3.330164 0.879384 -0.561455
v -3.330407 0.880931 -0.557706
v -3.330407 0.880931 -0.565205
v -3.322917 0.823998 -0.573429
v -3.325549 0.823998 -0.563282
v -3.322956 0.823998 -0.563282
v -3.323430 0.823998 -0.561455
v -3.322956 0.823998 -0.559628
v -3.325549 0.823998 -0.559628
v -3.322917 0.823998 -0.549482
v -3.314061 0.823998 -0.545283
v -3.305206 0.823998 -0.549482
v -3.302573 0.823998 -0.559628
v -3.305166 0.823998 -0.559628
v -3.304692 0.823998 -0.561455
v -3.305166 0.823998 -0.563282
v -3.302573 0.823998 -0.563282
v -3.305206 0.823998 -0.573429
v -3.314061 0.823998 -0.577628
v -3.324393 0.831652 -0.575424
v -3.327482 0.831652 -0.563513
v -3.324732 0.831652 -0.563513
v -3.325266 0.831652 -0.561455
v -3.324732 0.831652 -0.559398
v -3.327482 0.831652 -0.559398
v -3.324393 0.831652 -0.547486
v -3.314061 0.831652 -0.542588
v -3.303730 0.831652 -0.547486
v -3.300640 0.831652 -0.559398
v -3.303390 0.831652 -0.559398
v -3.302856 0.831652 -0.561455
v -3.303390 0.831652 -0.563513
v -3.300640 0.831652 -0.563513
v -3.303730 0.831652 -0.575424
v -3.314061 0.831652 -0.580323
v -3.323680 0.816345 -0.574460
v -3.326519 0.816345 -0.563513
v -3.323428 0.816345 -0.563513
v -3.323961 0.816345 -0.561455
v -3.323428 0.816345 -0.559397
v -3.326519 0.816345 -0.559397
v -3.323680 0.816345 -0.548451
v -3.314061 0.816345 -0.543891
v -3.304443 0.816345 -0.548451
v -3.301603 0.816345 -0.559397
v -3.304695 0.816345 -0.559397
v -3.304161 0.816345 -0.561455
v -3.304695 0.816345 -0.563513
v -3.301603 0.816345 -0.563513
v -3.304443 0.816345 -0.574460
v -3.314061 0.816345 -0.579020
v -3.324094 0.828000 -0.575020
v -3.327085 0.828000 -0.563486
v -3.324291 0.828000 -0.563486
v -3.324818 0.828000 -0.561455
v -3.324291 0.828000 -0.559424
v -3.327085 0.828000 -0.559424
v -3.324094 0.828000 -0.547891
v -3.314061 0.828000 -0.543134
v -3.304029 0.828000 -0.547891
v -3.301037 0.828000 -0.559424
v -3.303831 0.828000 -0.559424
v -3.303304 0.828000 -0.561455
v -3.303831 0.828000 -0.563486
v -3.301037 0.828000 -0.563486
v -3.304029 0.828000 -0.575020
v -3.314061 0.828000 -0.579776
v -3.324425 0.835105 -0.575467
v -3.327532 0.835105 -0.563486
v -3.324897 0.835105 -0.563486
v -3.325424 0.835105 -0.561455
v -3.324897 0.835105 -0.559424
v -3.327532 0.835105 -0.559424
v -3.324425 0.835105 -0.547443
v -3.314061 0.835105 -0.542529
v -3.303698 0.835105 -0.547443
v -3.300590 0.835105 -0.559424
v -3.303225 0.835105 -0.559424
v -3.302698 0.835105 -0.561455
v -3.303225 0.835105 -0.563486
v -3.300590 0.835105 -0.563486
v -3.303698 0.835105 -0.575467
v -3.314061 0.835105 -0.580381
v -3.323721 0.819997 -0.574515
v -3.326581 0.819997 -0.563486
v -3.323609 0.819997 -0.563486
v -3.324136 0.819997 -0.561455
v -3.323609 0.819997 -0.559424
v -3.326581 0.819997 -0.559424
v -3.323721 0.819997 -0.548395
v -3.314061 0.819997 -0.543815
v -3.304402 0.819997 -0.548395
v -3.301541 0.819997 -0.559424
v -3.304513 0.819997 -0.559424
v -3.303986 0.819997 -0.561455
v -3.304513 0.819997 -0.563486
v -3.301541 0.819997 -0.563486
v -3.304402 0.819997 -0.574515
v -3.314061 0.819997 -0.579095
v -3.323389 0.812891 -0.574068
v -3.326134 0.812891 -0.563487
v -3.323004 0.812891 -0.563487
v -3.323530 0.812891 -0.561455
v -3.323004 0.812891 -0.559424
v -3.326134 0.812891 -0.559424
v -3.323389 0.812891 -0.548843
v -3.314061 0.812891 -0.544420
v -3.304733 0.812891 -0.548843
v -3.301988 0.812891 -0.559424
v -3.305119 0.812891 -0.559424
v -3.304591 0.812891 -0.561455
v -3.305119 0.812891 -0.563487
v -3.301988 0.812891 -0.563487
v -3.304733 0.812891 -0.574068
v -3.314061 0.812891 -0.578490
vt 0.398634 0.116795
vt 0.398940 0.120932
vt 0.394160 0.021007
vt 0.394873 0.026159
vt 0.399599 0.124623
vt 0.396413 0.015367
vt 0.402752 0.125102
vt 0.402058 0.012813
vt 0.403141 0.074333
vt 0.398543 0.073462
vt 0.396915 0.071403
vt 0.403134 0.071361
vt 0.402832 0.115986
vt 0.402794 0.120261
vt 0.394791 0.026825
vt 0.398603 0.115697
vt 0.402839 0.115221
vt 0.394466 0.027587
vt 0.398395 0.114472
vt 0.402847 0.114270
vt 0.392571 0.029480
vt 0.397132 0.112826
vt 0.402859 0.112991
vt 0.391777 0.030604
vt 0.392538 0.107481
vt 0.396902 0.106943
vt 0.396603 0.111936
vt 0.401813 0.108851
vt 0.401511 0.107753
vt 0.402904 0.107896
vt 0.402709 0.109415
vt 0.393498 0.042973
vt 0.393665 0.044535
vt 0.397326 0.098753
vt 0.397441 0.100364
vt 0.403010 0.098959
vt 0.402986 0.100429
vt 0.393961 0.044959
vt 0.393034 0.094730
vt 0.398392 0.094834
vt 0.398632 0.098013
vt 0.401715 0.092782
vt 0.403057 0.091922
vt 0.402639 0.097875
vt 0.401940 0.094782
vt 0.393735 0.091950
vt 0.394056 0.091357
vt 0.397581 0.091466
vt 0.398598 0.092778
vt 0.401876 0.090960
vt 0.393735 0.101300
vt 0.397624 0.100771
vt 0.402981 0.100762
vt 0.395054 0.061415
vt 0.395245 0.064237
vt 0.398600 0.079399
vt 0.398157 0.081912
vt 0.401993 0.079700
vt 0.401483 0.082204
vt 0.395433 0.078283
vt 0.394857 0.065948
vt 0.398255 0.077630
vt 0.398805 0.079144
vt 0.403131 0.079408
vt 0.402255 0.079656
vt 0.402867 0.112156
vt 0.402507 0.090660
vt 0.403063 0.090702
vt 0.403061 0.091110
vt 0.402372 0.090922
vt 0.402857 0.079927
vt 0.403133 0.080063
vt 0.403120 0.082428
vt 0.402402 0.082523
vt 0.403131 0.079579
vt 0.407013 0.116872
vt 0.409993 0.025785
vt 0.410343 0.020559
vt 0.406635 0.121001
vt 0.407835 0.015036
vt 0.405913 0.124678
vt 0.409346 0.071361
vt 0.407732 0.073444
vt 0.407064 0.115777
vt 0.410108 0.026463
vt 0.407293 0.114557
vt 0.410470 0.027225
vt 0.408584 0.112939
vt 0.412442 0.029065
vt 0.413279 0.030165
vt 0.409128 0.112061
vt 0.408927 0.107057
vt 0.413200 0.035806
vt 0.403707 0.109141
vt 0.404274 0.108179
vt 0.412021 0.042635
vt 0.408501 0.100474
vt 0.408644 0.098865
vt 0.411911 0.044207
vt 0.411630 0.044643
vt 0.407354 0.098100
vt 0.407600 0.094933
vt 0.411958 0.048480
vt 0.404327 0.092826
vt 0.403977 0.094834
vt 0.411635 0.050950
vt 0.407442 0.092871
vt 0.408494 0.091569
vt 0.411357 0.051502
vt 0.404238 0.090988
vt 0.411825 0.042171
vt 0.408313 0.100878
vt 0.411071 0.061238
vt 0.408107 0.081952
vt 0.407673 0.079418
vt 0.410934 0.064105
vt 0.404787 0.082197
vt 0.404261 0.079716
vt 0.410725 0.064440
vt 0.407469 0.079162
vt 0.408027 0.077641
vt 0.411346 0.065829
vt 0.404004 0.079666
vt 0.403620 0.090671
vt 0.403751 0.090936
vt 0.403415 0.079930
vt 0.403838 0.082528
vt 0.403135 0.079908
vt 0.403018 0.079913
vt 0.403251 0.079914
vt 0.397525 0.026152
vt 0.397131 0.021719
vt 0.398210 0.016963
vt 0.402168 0.015974
vt 0.403120 0.068390
vt 0.398540 0.069316
vt 0.402441 0.026100
vt 0.398987 0.025702
vt 0.398698 0.022234
vt 0.402425 0.022526
vt 0.398585 0.019270
vt 0.402277 0.018509
vt 0.397985 0.027394
vt 0.402465 0.027239
vt 0.402480 0.027941
vt 0.397825 0.028664
vt 0.402498 0.028832
vt 0.396564 0.030379
vt 0.402523 0.030055
vt 0.396040 0.031295
vt 0.396490 0.036279
vt 0.401617 0.034020
vt 0.402591 0.033573
vt 0.402619 0.035095
vt 0.401191 0.035067
vt 0.397461 0.042679
vt 0.397596 0.044215
vt 0.402758 0.042637
vt 0.402787 0.044232
vt 0.397770 0.044600
vt 0.397754 0.048449
vt 0.402092 0.051035
vt 0.402357 0.048408
vt 0.402793 0.044589
vt 0.402903 0.050865
vt 0.397867 0.050873
vt 0.398005 0.051397
vt 0.401943 0.051553
vt 0.397594 0.042292
vt 0.402752 0.042285
vt 0.398186 0.060880
vt 0.398600 0.063383
vt 0.401443 0.060528
vt 0.401947 0.063036
vt 0.398800 0.063634
vt 0.398252 0.065152
vt 0.402206 0.063079
vt 0.403075 0.063317
vt 0.402539 0.030872
vt 0.402435 0.051920
vt 0.402357 0.051649
vt 0.402913 0.051471
vt 0.402921 0.051892
vt 0.402793 0.062802
vt 0.402340 0.060199
vt 0.403043 0.060289
vt 0.403072 0.062664
vt 0.403073 0.063148
vt 0.407350 0.025907
vt 0.407385 0.021440
vt 0.406148 0.016737
vt 0.407705 0.069271
vt 0.405711 0.022161
vt 0.405394 0.025663
vt 0.405654 0.019070
vt 0.406944 0.027179
vt 0.407158 0.028451
vt 0.408487 0.030120
vt 0.408786 0.036035
vt 0.409046 0.031017
vt 0.403580 0.033979
vt 0.404045 0.035010
vt 0.407972 0.044030
vt 0.408052 0.042486
vt 0.407966 0.048278
vt 0.407812 0.044421
vt 0.403720 0.051010
vt 0.403364 0.048390
vt 0.407818 0.051241
vt 0.407937 0.050711
vt 0.403886 0.051525
vt 0.407905 0.042103
vt 0.407560 0.063305
vt 0.407930 0.060780
vt 0.404190 0.063005
vt 0.404676 0.060514
vt 0.407941 0.065077
vt 0.407364 0.063561
vt 0.403937 0.063057
vt 0.403407 0.051906
vt 0.403476 0.051633
vt 0.403358 0.062794
vt 0.403746 0.060185
vt 0.402957 0.062816
vt 0.403075 0.062821
vt 0.403193 0.062813
vt 0.397522 0.090555
vt 0.401612 0.090181
vt 0.402384 0.090045
vt 0.403068 0.090006
vt 0.403751 0.090060
vt 0.404519 0.090212
vt 0.408574 0.090653
vt 0.411584 0.052420
vt 0.407980 0.052142
vt 0.404217 0.052355
vt 0.403549 0.052527
vt 0.402933 0.052592
vt 0.402315 0.052544
vt 0.401638 0.052389
vt 0.397874 0.052300
vt 0.393909 0.090390
vt 0.397425 0.101692
vt 0.402970 0.101535
vt 0.408493 0.101803
vt 0.412274 0.041205
vt 0.408146 0.041202
vt 0.402737 0.041479
vt 0.397320 0.041404
vt 0.393380 0.102255
vt 0.398249 0.082223
vt 0.395146 0.081857
vt 0.401655 0.082370
vt 0.403120 0.082588
vt 0.402554 0.082606
vt 0.410902 0.060839
vt 0.408010 0.082264
vt 0.404605 0.082366
vt 0.403684 0.082608
vt 0.398280 0.060567
vt 0.401613 0.060359
vt 0.402488 0.060114
vt 0.403042 0.060127
vt 0.407827 0.060467
vt 0.404495 0.060345
vt 0.403595 0.060105
vt 0.402647 0.036573
vt 0.401601 0.036142
vt 0.402033 0.106724
vt 0.403112 0.106435
vt 0.404054 0.107039
vt 0.403676 0.036101
vt 0.400441 0.107666
vt 0.400978 0.109562
vt 0.402559 0.110619
vt 0.404326 0.110083
vt 0.405318 0.108410
vt 0.401355 0.105834
vt 0.403277 0.105334
vt 0.404945 0.106386
vt 0.402567 0.032363
vt 0.400842 0.033218
vt 0.400095 0.035042
vt 0.405139 0.034941
vt 0.404324 0.033146
vt 0.400815 0.036935
vt 0.402668 0.037695
vt 0.404491 0.036862
vt 0.400959 0.107645
vt 0.401351 0.109179
vt 0.402623 0.110047
vt 0.404059 0.109602
vt 0.404828 0.108236
vt 0.401706 0.106233
vt 0.403190 0.105871
vt 0.404494 0.106658
vt 0.402579 0.032937
vt 0.401186 0.033638
vt 0.400620 0.035115
vt 0.404617 0.035035
vt 0.403997 0.033579
vt 0.401218 0.036588
vt 0.402657 0.037146
vt 0.404075 0.036532
vt 0.404441 0.055935
vt 0.407941 0.055878
vt 0.408051 0.057239
vt 0.404588 0.057207
vt 0.403592 0.056015
vt 0.403682 0.057220
vt 0.403008 0.057239
vt 0.402990 0.056014
vt 0.402334 0.057232
vt 0.402388 0.056030
vt 0.401424 0.057239
vt 0.401535 0.055970
vt 0.398031 0.056009
vt 0.397963 0.057366
vt 0.394640 0.086607
vt 0.394512 0.085215
vt 0.397895 0.086797
vt 0.397864 0.085438
vt 0.401566 0.086721
vt 0.401458 0.085469
vt 0.402404 0.085465
vt 0.402463 0.086652
vt 0.403106 0.085453
vt 0.403096 0.086662
vt 0.403808 0.085469
vt 0.403728 0.086658
vt 0.404623 0.086738
vt 0.404752 0.085483
vt 0.408286 0.086872
vt 0.408340 0.085504
vt 0.411149 0.056094
vt 0.411367 0.057478
vt 0.404375 0.053449
vt 0.408033 0.053260
vt 0.408041 0.054446
vt 0.404456 0.054604
vt 0.403587 0.053599
vt 0.403637 0.054768
vt 0.402971 0.054744
vt 0.402953 0.053616
vt 0.402306 0.054786
vt 0.402319 0.053619
vt 0.401482 0.054646
vt 0.401528 0.053495
vt 0.397852 0.053407
vt 0.397884 0.054588
vt 0.394005 0.089250
vt 0.394189 0.088040
vt 0.397582 0.089427
vt 0.397678 0.088233
vt 0.401522 0.089135
vt 0.401496 0.088017
vt 0.402376 0.087871
vt 0.402387 0.089008
vt 0.403084 0.087907
vt 0.403074 0.089008
vt 0.403793 0.087879
vt 0.403761 0.089018
vt 0.404619 0.089156
vt 0.404669 0.088037
vt 0.408546 0.089523
vt 0.408475 0.088321
vt 0.411577 0.053514
vt 0.411486 0.054689
vt 0.404618 0.058348
vt 0.408044 0.058410
vt 0.407991 0.059519
vt 0.404613 0.059446
vt 0.403697 0.058382
vt 0.403727 0.059460
vt 0.403036 0.059380
vt 0.403025 0.058357
vt 0.402346 0.059465
vt 0.402353 0.058391
vt 0.401461 0.059469
vt 0.401428 0.058379
vt 0.398002 0.058527
vt 0.398088 0.059629
vt 0.394600 0.084013
vt 0.394770 0.082861
vt 0.397931 0.084271
vt 0.398037 0.083166
vt 0.401462 0.084341
vt 0.401498 0.083256
vt 0.402411 0.083252
vt 0.402420 0.084317
vt 0.403119 0.083330
vt 0.403114 0.084346
vt 0.403827 0.083247
vt 0.403808 0.084317
vt 0.404760 0.084348
vt 0.404739 0.083259
vt 0.408295 0.084331
vt 0.408206 0.083217
vt 0.411344 0.058677
vt 0.411228 0.059831
vt 0.411477 0.082960
vt 0.411115 0.081936
vt 0.394861 0.060032
vt 0.395213 0.061018
vt 0.411697 0.085342
vt 0.411630 0.084127
vt 0.394655 0.057708
vt 0.394714 0.058895
vt 0.412193 0.090559
vt 0.412122 0.089415
vt 0.394277 0.052700
vt 0.394320 0.053785
vt 0.411964 0.088196
vt 0.411543 0.086743
vt 0.394450 0.054949
vt 0.394831 0.056330
vt 0.413279 0.107680
vt 0.412526 0.102439
vt 0.392070 0.036214
vt 0.393193 0.041559
vt 0.412981 0.094910
vt 0.412334 0.092123
vt 0.393769 0.048794
vt 0.394178 0.051240
vt 0.411275 0.081535
vt 0.411065 0.078646
vt 0.410847 0.078306
vt 0.394990 0.081462
vt 0.395216 0.078618
vt 0.395458 0.064564
vt 0.393678 0.042504
vt 0.412188 0.101478
vt 0.394475 0.051780
vt 0.412024 0.091524
vt 0.412422 0.114221
vt 0.413270 0.113187
vt 0.411445 0.076911
vt 0.412435 0.101090
vt 0.412585 0.099578
vt 0.412440 0.099100
vt 0.410461 0.115928
vt 0.410080 0.116651
vt 0.409919 0.117295
vt 0.408065 0.127372
vt 0.402713 0.129596
vt 0.410209 0.122073
vt 0.393270 0.114036
vt 0.392441 0.112985
vt 0.394836 0.076903
vt 0.393494 0.100908
vt 0.393369 0.099394
vt 0.393521 0.098920
vt 0.395201 0.115785
vt 0.395570 0.116516
vt 0.395721 0.117164
vt 0.397401 0.127279
vt 0.395348 0.121941
vn 0.735947 -0.206411 0.644807
vn 0.747220 -0.056070 0.662208
vn 0.082351 -0.003984 0.996595
vn 0.079439 -0.147941 0.985801
vn 0.653391 0.451431 0.607692
vn 0.101638 0.620126 0.777890
vn 0.770083 0.637944 -0.000003
vn 0.116345 0.993209 -0.000003
vn 0.774670 -0.632366 0.000000
vn 0.696589 -0.573725 0.430817
vn -0.000001 -0.674875 0.737932
vn -0.000000 -1.000000 0.000000
vn 0.973937 -0.226817 -0.000000
vn 0.995733 -0.092282 0.000000
vn 0.010708 0.191226 0.981488
vn 0.795361 0.163578 0.583647
vn 0.992393 0.123110 -0.000001
vn -0.000000 0.897367 0.441286
vn 0.480875 0.820239 0.309785
vn 0.701230 0.712935 0.000001
vn 0.000000 0.904118 0.427283
vn 0.462808 0.835361 0.296615
vn 0.683361 0.730081 0.000003
vn -0.000000 -0.038996 0.999239
vn -0.000000 -0.196981 0.980407
vn 0.684935 -0.158187 0.711225
vn 0.684744 0.048056 0.727197
vn 0.970425 0.050856 0.235987
vn 0.950167 -0.163512 0.265419
vn 0.987862 -0.155335 -0.000016
vn 0.982845 0.179362 0.042945
vn 0.000000 0.216468 0.976290
vn 0.017558 -0.182348 0.983077
vn 0.784357 0.012612 0.620182
vn 0.788938 0.192515 0.583537
vn 0.890413 0.455042 -0.010072
vn 0.982165 0.188020 -0.000000
vn 0.021565 0.066441 0.997557
vn 0.027390 0.024241 0.999331
vn 0.675898 0.026356 0.736524
vn 0.679186 0.330509 0.655340
vn 0.842288 -0.518246 -0.148226
vn 0.728120 -0.684628 0.033546
vn 0.932573 0.360112 0.025053
vn 0.994990 -0.005873 -0.099803
vn 0.028675 -0.356015 0.934040
vn 0.061924 -0.258107 0.964130
vn 0.643388 -0.554186 0.528137
vn 0.630491 -0.478066 0.611502
vn 0.731685 -0.681217 -0.024100
vn 0.000001 -0.354458 0.935072
vn 0.796714 -0.284436 0.533238
vn 0.971399 -0.237453 -0.000002
vn -0.000000 0.101055 0.994881
vn -0.000000 -0.101056 0.994881
vn 0.775173 -0.092316 0.624967
vn 0.775173 0.092318 0.624967
vn 0.993827 -0.097996 -0.052003
vn 0.993840 0.097824 -0.052081
vn -0.000000 1.000000 0.000000
vn -0.000001 0.281163 0.959660
vn 0.892048 0.014100 0.451720
vn -0.000009 1.000000 -0.000008
vn 0.992620 -0.121264 -0.000000
vn -0.000002 1.000000 -0.000013
vn 0.926383 0.376583 -0.000115
vn 0.780976 -0.042154 -0.623137
vn 0.993255 -0.115953 0.000000
vn 0.192487 -0.981300 -0.000006
vn 0.271995 -0.848876 -0.453242
vn 0.602440 -0.017117 -0.797980
vn 0.997900 -0.064773 0.000000
vn 0.997901 0.064755 0.000000
vn 0.602593 0.016586 -0.797877
vn 0.000000 1.000000 -0.000006
vn 0.735952 -0.206403 -0.644804
vn 0.079438 -0.147931 -0.985802
vn 0.082348 -0.003983 -0.996596
vn 0.747220 -0.056075 -0.662206
vn 0.101636 0.620127 -0.777890
vn 0.653391 0.451433 -0.607692
vn -0.000001 -0.674873 -0.737934
vn 0.696589 -0.573728 -0.430814
vn 0.795357 0.163615 -0.583642
vn 0.010707 0.191243 -0.981484
vn 0.480883 0.820235 -0.309783
vn -0.000001 0.897369 -0.441280
vn 0.462796 0.835370 -0.296609
vn 0.000001 0.904117 -0.427284
vn -0.000001 -0.038984 -0.999240
vn 0.688956 0.047370 -0.723254
vn 0.681973 -0.149367 -0.715962
vn -0.000001 -0.196975 -0.980408
vn 0.976586 0.114105 -0.182374
vn 0.957142 -0.088061 -0.275905
vn 0.000000 0.216465 -0.976291
vn 0.788939 0.192516 -0.583535
vn 0.786934 0.012252 -0.616916
vn 0.017558 -0.182344 -0.983078
vn 0.021565 0.066446 -0.997557
vn 0.698603 0.331444 -0.634113
vn 0.688820 0.036170 -0.724030
vn 0.027391 0.024242 -0.999331
vn 0.843069 -0.520029 0.137131
vn 0.997810 -0.011732 0.065105
vn 0.028675 -0.356020 -0.934038
vn 0.630492 -0.478066 -0.611500
vn 0.643384 -0.554196 -0.528132
vn 0.061913 -0.258092 -0.964135
vn 0.731655 -0.681249 0.024100
vn 0.000001 -0.354475 -0.935066
vn 0.796695 -0.284505 -0.533229
vn 0.000001 0.101054 -0.994881
vn 0.775174 0.092318 -0.624966
vn 0.775174 -0.092316 -0.624966
vn 0.000001 -0.101056 -0.994881
vn 0.993840 0.097829 0.052080
vn 0.993828 -0.097990 0.052005
vn 0.000000 1.000000 0.000000
vn -0.000009 1.000000 0.000006
vn 0.892049 0.014102 -0.451718
vn -0.000001 0.281160 -0.959661
vn -0.000002 1.000000 0.000011
vn 0.780988 -0.042192 0.623119
vn 0.271989 -0.848908 0.453185
vn 0.602451 -0.017123 0.797972
vn 0.602600 0.016579 0.797871
vn 0.000000 1.000000 0.000000
vn 0.000000 1.000000 0.000022
vn 0.000000 1.000000 -0.000020
vn -0.342046 -0.255971 0.904148
vn -0.240030 -0.017575 0.970606
vn -0.406606 0.629907 0.661732
vn -0.479685 0.877441 0.000000
vn -0.774660 -0.632378 -0.000000
vn -0.696577 -0.573732 0.430828
vn -0.873924 -0.486061 0.001193
vn -0.741218 -0.495890 0.452426
vn -0.870381 -0.014813 0.492156
vn -0.999999 0.000652 0.001171
vn -0.797170 0.345166 0.495359
vn -0.910251 0.414055 0.000988
vn -0.827038 0.094882 0.554081
vn -0.692856 -0.721076 -0.000002
vn -0.994610 0.103682 0.000000
vn -0.480856 0.820238 0.309818
vn -0.701209 0.712956 0.000003
vn -0.462864 0.835328 0.296621
vn -0.683410 0.730035 0.000003
vn -0.686492 0.047463 0.725587
vn -0.683654 -0.153833 0.713409
vn -0.973727 0.084185 0.211586
vn -0.983199 0.182536 0.000003
vn -0.987865 -0.155313 0.000000
vn -0.953600 -0.126524 0.273200
vn -0.788933 0.192546 0.583534
vn -0.788935 -0.192546 0.583531
vn -0.982158 0.188060 0.000002
vn -0.982158 -0.188055 -0.000001
vn -0.804760 0.028368 0.592922
vn -0.786556 0.025152 0.617007
vn -0.947233 -0.282475 0.151519
vn -0.985270 0.022777 0.169484
vn -0.999756 0.022094 0.000001
vn -0.960805 -0.277225 -0.000000
vn -0.753965 -0.307687 0.580401
vn -0.798280 -0.114937 0.591218
vn -0.997170 -0.072091 -0.021322
vn -0.796652 -0.284546 0.533272
vn -0.971403 -0.237436 0.000007
vn -0.775173 0.092303 0.624969
vn -0.775175 -0.092302 0.624968
vn -0.993845 0.097784 -0.052067
vn -0.993834 -0.097950 -0.051970
vn 0.000009 1.000000 -0.000009
vn -0.892057 0.014078 0.451703
vn 0.000002 1.000000 -0.000017
vn -0.992617 -0.121293 -0.000000
vn -0.926243 0.376927 -0.000000
vn -0.833116 -0.094385 -0.544985
vn -0.237549 -0.888141 -0.393417
vn -0.163597 -0.986527 -0.000000
vn -0.993267 -0.115849 0.000001
vn -0.602519 -0.017124 -0.797921
vn -0.602646 0.016542 -0.797837
vn -0.997906 0.064678 -0.000000
vn -0.997900 -0.064780 -0.000000
vn 0.000000 1.000000 0.000006
vn -0.406364 -0.234310 -0.883158
vn -0.339540 -0.015191 -0.940469
vn -0.403577 0.616251 -0.676284
vn -0.696578 -0.573732 -0.430826
vn -0.867212 -0.020700 -0.497509
vn -0.750447 -0.478536 -0.455886
vn -0.816362 0.327749 -0.475535
vn -0.827037 0.094912 -0.554077
vn -0.480855 0.820240 -0.309814
vn -0.462855 0.835335 -0.296616
vn -0.683656 -0.153826 -0.713408
vn -0.686493 0.047471 -0.725585
vn -0.973729 0.084173 -0.211582
vn -0.953603 -0.126507 -0.273198
vn -0.788938 -0.192541 -0.583529
vn -0.788936 0.192538 -0.583532
vn -0.786556 0.025154 -0.617006
vn -0.804761 0.028368 -0.592921
vn -0.947237 -0.282461 -0.151516
vn -0.985270 0.022779 -0.169482
vn -0.798284 -0.114912 -0.591217
vn -0.753967 -0.307683 -0.580400
vn -0.997172 -0.072074 0.021315
vn -0.796670 -0.284503 -0.533268
vn -0.775177 -0.092289 -0.624967
vn -0.775174 0.092303 -0.624968
vn -0.993838 -0.097902 0.051971
vn -0.993844 0.097789 0.052066
vn -0.892058 0.014066 -0.451702
vn 0.000009 1.000000 0.000008
vn 0.000002 1.000000 0.000013
vn -0.833144 -0.094326 0.544953
vn -0.237537 -0.888161 0.393378
vn -0.602534 -0.017155 0.797909
vn -0.602655 0.016542 0.797830
vn 0.000000 1.000000 0.000000
vn 0.000000 1.000000 0.000000
vn 0.000000 1.000000 -0.000002
vn 0.756188 0.202513 0.622229
vn 0.982541 0.176101 0.060014
vn 0.654162 0.033424 -0.755616
vn 0.994569 0.104082 0.000001
vn 0.654175 0.033417 0.755605
vn 0.982554 0.176026 -0.060016
vn 0.756193 0.202468 -0.622237
vn -0.000001 0.222225 -0.974995
vn -0.756188 0.202493 -0.622235
vn -0.982551 0.176077 -0.059929
vn -0.654220 0.033448 0.755564
vn -0.994564 0.104125 -0.000001
vn -0.654193 0.033461 -0.755587
vn -0.982556 0.176048 0.059926
vn -0.756192 0.202480 0.622234
vn 0.000002 0.222230 0.974994
vn 0.711213 -0.262893 0.651969
vn 0.965782 -0.259353 0.000697
vn 0.710096 -0.263683 -0.652867
vn 0.000000 -0.269073 -0.963120
vn -0.710537 -0.263326 -0.652531
vn -0.965564 -0.260165 -0.000000
vn -0.710534 -0.263330 0.652532
vn 0.000001 -0.269066 0.963122
vn 0.000000 -1.000000 -0.000020
vn 0.000002 -1.000000 0.000000
vn 0.774923 -0.248624 0.581102
vn 0.000001 -0.281452 0.959575
vn -0.000007 -1.000000 0.000000
vn 0.963541 -0.235910 -0.126233
vn 0.000000 -1.000000 0.000046
vn 0.000000 -1.000000 0.000000
vn 0.976291 -0.216461 -0.000000
vn 0.744641 -0.120005 -0.656588
vn -0.000006 -0.281452 -0.959575
vn 0.774938 -0.248603 -0.581092
vn 0.000002 -1.000000 0.000000
vn 0.000000 -1.000000 0.000022
vn 0.963550 -0.235886 0.126212
vn -0.000007 -1.000000 0.000000
vn 0.744680 -0.119979 0.656549
vn 0.000000 -1.000000 -0.000046
vn -0.774887 -0.248806 0.581073
vn -0.000002 -1.000000 -0.000009
vn -0.963507 -0.236103 -0.126135
vn 0.000007 -1.000000 0.000020
vn -0.744625 -0.119952 -0.656617
vn -0.976282 -0.216505 0.000001
vn 0.000000 -1.000000 0.000000
vn 0.000000 -1.000000 0.000000
vn -0.000002 -1.000000 0.000011
vn -0.774890 -0.248778 -0.581081
vn 0.000007 -1.000000 -0.000020
vn -0.963513 -0.236071 0.126146
vn 0.000000 -1.000000 0.000000
vn -0.744655 -0.119908 0.656591
vn -0.932848 -0.360269 -0.000001
vn -0.937922 -0.299940 0.174177
vn 0.936148 -0.319720 0.146312
vn 0.932944 -0.358546 -0.032561
vn 0.939914 -0.276748 -0.199930
vn -0.937924 -0.299933 -0.174182
vn 0.940919 -0.101756 0.322982
vn 0.962415 0.036157 0.269166
vn 0.979855 0.193204 0.050558
vn 0.967465 0.063605 -0.244880
vn 0.940620 -0.080387 -0.329807
vn 0.965779 -0.111747 0.234059
vn 0.992621 -0.118604 -0.025235
vn 0.958182 -0.117434 -0.260954
vn -0.980520 0.196419 -0.000001
vn -0.964963 0.051297 0.257322
vn -0.940233 -0.091334 0.328056
vn -0.940234 -0.091334 -0.328053
vn -0.964965 0.051267 -0.257321
vn -0.962154 -0.115905 0.246629
vn -0.993045 -0.117733 -0.000001
vn -0.962155 -0.115904 -0.246626
vn 0.879340 -0.016599 -0.475906
vn 0.870890 -0.347922 -0.347132
vn 0.868284 -0.492822 -0.056662
vn 0.869351 -0.423730 0.254325
vn 0.875627 -0.148502 0.459592
vn 0.890061 0.332503 -0.311822
vn 0.893589 0.442882 0.073175
vn 0.886564 0.223947 0.404787
vn -0.868268 -0.496096 0.000004
vn -0.870072 -0.389102 -0.302614
vn -0.877522 -0.083765 -0.472163
vn -0.877527 -0.083736 0.472160
vn -0.870060 -0.389129 0.302613
vn -0.888550 0.281183 -0.362511
vn -0.894007 0.448053 -0.000009
vn -0.888546 0.281224 0.362490
vn -0.996761 -0.069441 0.040562
vn -0.791723 -0.085041 -0.604932
vn -0.763761 0.150524 -0.627703
vn -0.992229 0.123922 -0.011147
vn -0.722834 -0.062527 0.688187
vn -0.610814 0.011348 0.791693
vn -0.997890 0.064928 0.000000
vn -0.996125 -0.087951 0.000002
vn -0.610793 0.011375 -0.791708
vn -0.722806 -0.062525 -0.688217
vn -0.992225 0.123959 0.011148
vn -0.996764 -0.069402 -0.040556
vn -0.791729 -0.085016 0.604928
vn -0.763758 0.150544 0.627702
vn 0.000003 -0.096405 0.995342
vn -0.000003 0.166597 0.986025
vn 0.791729 -0.085075 0.604919
vn 0.763756 0.150528 0.627709
vn 0.996759 -0.069503 -0.040511
vn 0.992226 0.123942 0.011190
vn 0.610825 0.011335 -0.791685
vn 0.722790 -0.062564 -0.688230
vn 0.997892 0.064899 -0.000001
vn 0.996120 -0.088006 0.000002
vn 0.610847 0.011355 0.791667
vn 0.722822 -0.062557 0.688197
vn 0.996762 -0.069460 0.040512
vn 0.992221 0.123981 -0.011190
vn 0.791729 -0.085049 -0.604923
vn 0.763753 0.150546 -0.627707
vn 0.000001 -0.096403 -0.995342
vn -0.000003 0.166595 -0.986025
vn -0.997475 -0.061879 -0.034843
vn -0.776785 -0.073962 -0.625407
vn -0.742739 -0.282504 -0.607067
vn -0.970446 -0.238750 -0.035112
vn -0.668465 -0.056904 0.741564
vn -0.633483 -0.120786 0.764271
vn -0.974008 -0.226513 0.000000
vn -0.996431 -0.084413 -0.000001
vn -0.633455 -0.120810 -0.764291
vn -0.668441 -0.056875 -0.741587
vn -0.970443 -0.238764 0.035114
vn -0.997473 -0.061919 0.034843
vn -0.776784 -0.073967 0.625409
vn -0.742740 -0.282506 0.607065
vn -0.000000 -0.082763 0.996569
vn 0.000001 -0.311300 0.950312
vn 0.776790 -0.073945 0.625403
vn 0.742737 -0.282515 0.607065
vn 0.997474 -0.061867 0.034909
vn 0.970436 -0.238784 0.035175
vn 0.633446 -0.120803 -0.764299
vn 0.668442 -0.056881 -0.741586
vn 0.974005 -0.226527 0.000001
vn 0.996432 -0.084396 0.000001
vn 0.633477 -0.120811 0.764272
vn 0.668466 -0.056872 0.741565
vn 0.997470 -0.061924 -0.034909
vn 0.970436 -0.238780 -0.035176
vn 0.776787 -0.073975 -0.625403
vn 0.742741 -0.282494 -0.607069
vn -0.000001 -0.082780 -0.996568
vn -0.000001 -0.311289 -0.950315
vn -0.997962 -0.061968 0.015234
vn -0.775091 -0.073972 -0.627505
vn -0.729978 -0.326007 -0.600709
vn -0.959302 -0.282250 0.008631
vn -0.616450 -0.052414 0.785648
vn -0.580326 -0.121689 0.805241
vn -0.965273 -0.261242 0.000000
vn -0.996432 -0.084404 -0.000000
vn -0.580299 -0.121685 -0.805261
vn -0.616421 -0.052407 -0.785671
vn -0.959303 -0.282245 -0.008636
vn -0.997965 -0.061920 -0.015237
vn -0.775094 -0.073943 0.627505
vn -0.729981 -0.326002 0.600708
vn -0.000002 -0.082669 0.996577
vn -0.000002 -0.356360 0.934349
vn 0.775094 -0.073893 0.627510
vn 0.729999 -0.325956 0.600712
vn 0.997971 -0.061832 -0.015223
vn 0.959320 -0.282187 -0.008659
vn 0.580355 -0.121727 -0.805215
vn 0.616455 -0.052409 -0.785644
vn 0.965274 -0.261240 -0.000001
vn 0.996432 -0.084398 -0.000002
vn 0.580389 -0.121712 0.805193
vn 0.616486 -0.052410 0.785620
vn 0.997972 -0.061815 0.015221
vn 0.959326 -0.282168 0.008648
vn 0.775095 -0.073881 -0.627511
vn 0.730006 -0.325947 -0.600708
vn -0.000001 -0.082669 -0.996577
vn -0.000003 -0.356360 -0.934349
s 1
g Jugador1
usemtl initialShadingGroup
f 1182/1837/2368 1188/1838/2369 1189/2293/2370 1186/2291/2371
f 1188/1838/2369 1183/1841/2372 1187/2292/2373 1189/2293/2370
f 1183/1841/2372 1184/1843/2374 1190/2281/2375 1187/2292/2373
f 1225/1845/2376 1227/1846/2377 1226/1847/2378 1224/1848/2379
f 1185/1849/2380 1191/1850/2381 1188/1838/2369 1182/1837/2368
f 1191/1850/2381 1184/1843/2374 1183/1841/2372 1188/1838/2369
f 1186/2291/2371 1193/2290/2382 1194/1852/2383 1182/1837/2368
f 1182/1837/2368 1194/1852/2383 1192/1853/2384 1185/1849/2380
f 1193/2290/2382 1196/2289/2385 1197/1855/2386 1194/1852/2383
f 1194/1852/2383 1197/1855/2386 1195/1856/2387 1192/1853/2384
f 1196/2289/2385 1230/2283/2388 1229/1858/2389 1197/1855/2386
f 1197/1855/2386 1229/1858/2389 1228/1859/2390 1195/1856/2387
f 1199/2284/2391 1415/1861/2392 1416/1862/2393 1200/1863/2394
f 1452/1864/2395 1453/1865/2396 1454/1866/2397 1455/1867/2398
f 1214/2286/2399 1215/2287/2400 1217/1870/2401 1216/1871/2402
f 1216/1871/2402 1217/1870/2401 1213/1872/2403 1212/1873/2404
f 1205/2288/2405 1397/1875/2406 1398/1876/2407 1206/1877/2408
f 1231/1878/2409 1207/1879/2410 1204/1880/2411 1399/1881/2412
f 1208/1882/2413 1354/1883/2414 1339/1884/2415 1209/1885/2416
f 1209/1885/2416 1339/1884/2415 1340/1886/2417 1231/1878/2409
f 1202/1887/2418 1214/2286/2399 1216/1871/2402 1203/1888/2419
f 1206/1877/2408 1217/1870/2401 1215/2287/2400 1205/2288/2405
f 1203/1888/2419 1216/1871/2402 1212/1873/2404 1201/1889/2420
f 1204/1880/2411 1213/1872/2403 1217/1870/2401 1206/1877/2408
f 1363/2264/2421 1364/2265/2422 1365/1892/2423 1366/1893/2424
f 1366/1893/2424 1365/1892/2423 1367/1894/2425 1368/1895/2426
f 1219/1896/2427 1222/2285/2428 1223/1898/2429 1220/1899/2430
f 1220/1899/2430 1223/1898/2429 1221/1900/2431 1233/1901/2432
f 1222/2285/2428 1226/1847/2378 1227/1846/2377 1223/1898/2429
f 1223/1898/2429 1227/1846/2377 1225/1845/2376 1221/1900/2431
f 1229/1858/2389 1200/1863/2394 1198/1902/2433 1228/1859/2390
f 1230/2283/2388 1199/2284/2391 1200/1863/2394 1229/1858/2389
f 1341/1903/2434 1342/1904/2435 1271/1905/2436 1269/1906/2437
f 1370/1907/2438 1369/1908/2439 1371/1909/2440 1372/1910/2441
f 1221/1900/2431 1218/1911/2442 1233/1901/2432
f 1206/1877/2408 1398/1876/2407 1399/1881/2412 1204/1880/2411
f 1234/1912/2443 1236/2279/2444 1239/2282/2445 1238/1915/2446
f 1238/1915/2446 1239/2282/2445 1237/2280/2447 1235/1917/2448
f 1235/1917/2448 1237/2280/2447 1190/2281/2375 1184/1843/2374
f 1225/1845/2376 1224/1848/2379 1262/1918/2449 1263/1919/2450
f 1185/1849/2380 1234/1912/2443 1238/1915/2446 1191/1850/2381
f 1191/1850/2381 1238/1915/2446 1235/1917/2448 1184/1843/2374
f 1236/2279/2444 1234/1912/2443 1241/1920/2451 1240/2278/2452
f 1234/1912/2443 1185/1849/2380 1192/1853/2384 1241/1920/2451
f 1240/2278/2452 1241/1920/2451 1243/1922/2453 1242/2277/2454
f 1241/1920/2451 1192/1853/2384 1195/1856/2387 1243/1922/2453
f 1242/2277/2454 1243/1922/2453 1264/1924/2455 1265/2271/2456
f 1243/1922/2453 1195/1856/2387 1228/1859/2390 1264/1924/2455
f 1244/2272/2457 1245/1927/2458 1417/1928/2459 1418/2253/2460
f 1456/1930/2461 1455/1867/2398 1454/1866/2397 1457/1931/2462
f 1254/2274/2463 1256/1933/2464 1257/1934/2465 1255/2275/2466
f 1256/1933/2464 1212/1873/2404 1213/1872/2403 1257/1934/2465
f 1248/2276/2467 1249/1937/2468 1401/1938/2469 1402/2257/2470
f 1266/1940/2471 1400/1941/2472 1204/1880/2411 1207/1879/2410
f 1250/2258/2473 1251/1943/2474 1345/1944/2475 1346/2270/2476
f 1251/1943/2474 1266/1940/2471 1344/1946/2477 1345/1944/2475
f 1246/2268/2478 1247/1948/2479 1256/1933/2464 1254/2274/2463
f 1249/1937/2468 1248/2276/2467 1255/2275/2466 1257/1934/2465
f 1247/1948/2479 1201/1889/2420 1212/1873/2404 1256/1933/2464
f 1204/1880/2411 1249/1937/2468 1257/1934/2465 1213/1872/2403
f 1374/2261/2480 1373/1950/2481 1375/1951/2482 1376/2262/2483
f 1373/1950/2481 1377/1953/2484 1378/1954/2485 1375/1951/2482
f 1258/2263/2486 1259/1956/2487 1261/1957/2488 1260/2273/2489
f 1259/1956/2487 1268/1959/2490 1221/1900/2431 1261/1957/2488
f 1260/2273/2489 1261/1957/2488 1263/1919/2450 1262/1918/2449
f 1261/1957/2488 1221/1900/2431 1225/1845/2376 1263/1919/2450
f 1264/1924/2455 1228/1859/2390 1198/1902/2433 1245/1927/2458
f 1265/2271/2456 1264/1924/2455 1245/1927/2458 1244/2272/2457
f 1343/1960/2491 1276/1961/2492 1271/1905/2436 1342/1904/2435
f 1380/1962/2493 1379/1963/2494 1371/1909/2440 1369/1908/2439
f 1221/1900/2431 1268/1959/2490 1218/1911/2442
f 1249/1937/2468 1204/1880/2411 1400/1941/2472 1401/1938/2469
f 1340/1886/2417 1341/1903/2434 1269/1906/2437 1231/1878/2409
f 1231/1878/2409 1269/1906/2437 1271/1905/2436 1207/1879/2410
f 1367/1894/2425 1370/1907/2438 1372/1910/2441 1368/1895/2426
f 1218/1911/2442 1274/1964/2495 1273/1965/2496 1233/1901/2432
f 1207/1879/2410 1271/1905/2436 1276/1961/2492 1266/1940/2471
f 1266/1940/2471 1276/1961/2492 1343/1960/2491 1344/1946/2477
f 1268/1959/2490 1277/1966/2497 1274/1964/2495 1218/1911/2442
f 1377/1953/2484 1379/1963/2494 1380/1962/2493 1378/1954/2485
f 1278/1967/2498 1186/1840/2371 1189/1839/2370 1282/1968/2499
f 1282/1968/2499 1189/1839/2370 1187/1842/2373 1279/1969/2500
f 1279/1969/2500 1187/1842/2373 1190/1844/2375 1280/1970/2501
f 1304/1971/2502 1224/1848/2379 1226/1847/2378 1305/1972/2503
f 1405/1973/2504 1406/1974/2505 1407/1975/2506 1408/1976/2507
f 1408/1976/2507 1407/1975/2506 1409/1977/2508 1410/1978/2509
f 1186/1840/2371 1278/1967/2498 1284/1979/2510 1193/1851/2382
f 1278/1967/2498 1281/1980/2511 1283/1981/2512 1284/1979/2510
f 1193/1851/2382 1284/1979/2510 1286/1982/2513 1196/1854/2385
f 1284/1979/2510 1283/1981/2512 1285/1983/2514 1286/1982/2513
f 1196/1854/2385 1286/1982/2513 1307/1984/2515 1230/1857/2388
f 1286/1982/2513 1285/1983/2514 1306/1985/2516 1307/1984/2515
f 1199/1860/2391 1288/1986/2517 1414/1987/2518 1415/2255/2392
f 1462/1988/2519 1461/1989/2520 1463/1990/2521 1464/1991/2522
f 1214/1868/2399 1298/1992/2523 1299/1993/2524 1215/1869/2400
f 1298/1992/2523 1296/1994/2525 1297/1995/2526 1299/1993/2524
f 1205/1874/2405 1292/1996/2527 1396/1997/2528 1397/2259/2406
f 1308/1998/2529 1395/1999/2530 1291/2000/2531 1293/2001/2532
f 1208/2260/2413 1294/2002/2533 1353/2003/2534 1354/2269/2414
f 1294/2002/2533 1308/1998/2529 1352/2004/2535 1353/2003/2534
f 1202/2267/2418 1290/2005/2536 1298/1992/2523 1214/1868/2399
f 1292/1996/2527 1205/1874/2405 1215/1869/2400 1299/1993/2524
f 1290/2005/2536 1289/2006/2537 1296/1994/2525 1298/1992/2523
f 1291/2000/2531 1292/1996/2527 1299/1993/2524 1297/1995/2526
f 1363/1890/2421 1381/2007/2538 1382/2008/2539 1364/1891/2422
f 1381/2007/2538 1383/2009/2540 1384/2010/2541 1382/2008/2539
f 1219/2266/2427 1301/2011/2542 1303/2012/2543 1222/1897/2428
f 1301/2011/2542 1310/2013/2544 1302/2014/2545 1303/2012/2543
f 1222/1897/2428 1303/2012/2543 1305/1972/2503 1226/1847/2378
f 1303/2012/2543 1302/2014/2545 1304/1971/2502 1305/1972/2503
f 1307/1984/2515 1306/1985/2516 1287/2015/2546 1288/1986/2517
f 1230/1857/2388 1307/1984/2515 1288/1986/2517 1199/1860/2391
f 1351/2016/2547 1330/2017/2548 1332/2018/2549 1350/2019/2550
f 1386/2020/2551 1385/2021/2552 1387/2022/2553 1388/2023/2554
f 1302/2014/2545 1310/2013/2544 1300/2024/2555
f 1292/1996/2527 1291/2000/2531 1395/1999/2530 1396/1997/2528
f 1311/2025/2556 1313/2026/2557 1239/1914/2445 1236/1913/2444
f 1313/2026/2557 1312/2027/2558 1237/1916/2447 1239/1914/2445
f 1312/2027/2558 1280/1970/2501 1190/1844/2375 1237/1916/2447
f 1304/1971/2502 1325/2028/2559 1262/1918/2449 1224/1848/2379
f 1405/1973/2504 1408/1976/2507 1411/2029/2560 1412/2030/2561
f 1408/1976/2507 1410/1978/2509 1413/2031/2562 1411/2029/2560
f 1236/1913/2444 1240/1921/2452 1314/2032/2563 1311/2025/2556
f 1311/2025/2556 1314/2032/2563 1283/1981/2512 1281/1980/2511
f 1240/1921/2452 1242/1923/2454 1315/2033/2564 1314/2032/2563
f 1314/2032/2563 1315/2033/2564 1285/1983/2514 1283/1981/2512
f 1242/1923/2454 1265/1925/2456 1326/2034/2565 1315/2033/2564
f 1315/2033/2564 1326/2034/2565 1306/1985/2516 1285/1983/2514
f 1244/1926/2457 1418/1929/2460 1419/2035/2566 1316/2036/2567
f 1465/2037/2568 1466/2038/2569 1463/1990/2521 1461/1989/2520
f 1254/1932/2463 1255/1935/2466 1322/2039/2570 1321/2040/2571
f 1321/2040/2571 1322/2039/2570 1297/1995/2526 1296/1994/2525
f 1248/1936/2467 1402/1939/2470 1403/2041/2572 1318/2042/2573
f 1327/2043/2574 1293/2001/2532 1291/2000/2531 1404/2044/2575
f 1250/1942/2473 1346/1945/2476 1347/2045/2576 1319/2046/2577
f 1319/2046/2577 1347/2045/2576 1348/2047/2578 1327/2043/2574
f 1246/1947/2478 1254/1932/2463 1321/2040/2571 1317/2048/2579
f 1318/2042/2573 1322/2039/2570 1255/1935/2466 1248/1936/2467
f 1317/2048/2579 1321/2040/2571 1296/1994/2525 1289/2006/2537
f 1291/2000/2531 1297/1995/2526 1322/2039/2570 1318/2042/2573
f 1374/1949/2480 1376/1952/2483 1389/2049/2580 1390/2050/2581
f 1390/2050/2581 1389/2049/2580 1391/2051/2582 1392/2052/2583
f 1258/1955/2486 1260/1958/2489 1324/2053/2584 1323/2054/2585
f 1323/2054/2585 1324/2053/2584 1302/2014/2545 1329/2055/2586
f 1260/1958/2489 1262/1918/2449 1325/2028/2559 1324/2053/2584
f 1324/2053/2584 1325/2028/2559 1304/1971/2502 1302/2014/2545
f 1326/2034/2565 1316/2036/2567 1287/2015/2546 1306/1985/2516
f 1265/1925/2456 1244/1926/2457 1316/2036/2567 1326/2034/2565
f 1349/2056/2587 1350/2019/2550 1332/2018/2549 1337/2057/2588
f 1393/2058/2589 1388/2023/2554 1387/2022/2553 1394/2059/2590
f 1302/2014/2545 1300/2024/2555 1329/2055/2586
f 1318/2042/2573 1403/2041/2572 1404/2044/2575 1291/2000/2531
f 1352/2004/2535 1308/1998/2529 1330/2017/2548 1351/2016/2547
f 1308/1998/2529 1293/2001/2532 1332/2018/2549 1330/2017/2548
f 1384/2010/2541 1383/2009/2540 1385/2021/2552 1386/2020/2551
f 1300/2024/2555 1310/2013/2544 1334/2060/2591 1335/2061/2592
f 1293/2001/2532 1327/2043/2574 1337/2057/2588 1332/2018/2549
f 1327/2043/2574 1348/2047/2578 1349/2056/2587 1337/2057/2588
f 1329/2055/2586 1300/2024/2555 1335/2061/2592 1338/2062/2593
f 1392/2052/2583 1391/2051/2582 1393/2058/2589 1394/2059/2590
f 1339/1884/2415 1542/2063/2594 1543/2064/2595 1340/1886/2417
f 1543/2064/2595 1544/2065/2596 1341/1903/2434 1340/1886/2417
f 1544/2065/2596 1545/2066/2597 1342/1904/2435 1341/1903/2434
f 1546/2067/2598 1343/1960/2491 1342/1904/2435 1545/2066/2597
f 1344/1946/2477 1343/1960/2491 1546/2067/2598 1547/2068/2599
f 1345/1944/2475 1344/1946/2477 1547/2068/2599 1548/2069/2600
f 1346/2270/2476 1345/1944/2475 1548/2069/2600 1549/2245/2601
f 1347/2045/2576 1346/1945/2476 1549/2070/2601 1534/2071/2602
f 1348/2047/2578 1347/2045/2576 1534/2071/2602 1535/2072/2603
f 1349/2056/2587 1348/2047/2578 1535/2072/2603 1536/2073/2604
f 1536/2073/2604 1537/2074/2605 1350/2019/2550 1349/2056/2587
f 1538/2075/2606 1351/2016/2547 1350/2019/2550 1537/2074/2605
f 1539/2076/2607 1352/2004/2535 1351/2016/2547 1538/2075/2606
f 1353/2003/2534 1352/2004/2535 1539/2076/2607 1540/2077/2608
f 1354/2269/2414 1353/2003/2534 1540/2077/2608 1541/2247/2609
f 1339/1884/2415 1354/1883/2414 1541/2078/2609 1542/2063/2594
f 1355/2079/2610 1203/1888/2419 1201/1889/2420 1356/2080/2611
f 1357/2081/2612 1356/2080/2611 1201/1889/2420 1247/1948/2479
f 1358/2254/2613 1357/2081/2612 1247/1948/2479 1246/2268/2478
f 1359/2083/2614 1358/2082/2613 1246/1947/2478 1317/2048/2579
f 1360/2084/2615 1359/2083/2614 1317/2048/2579 1289/2006/2537
f 1361/2085/2616 1360/2084/2615 1289/2006/2537 1290/2005/2536
f 1362/2256/2617 1361/2085/2616 1290/2005/2536 1202/2267/2418
f 1355/2079/2610 1362/2086/2617 1202/1887/2418 1203/1888/2419
f 1219/1896/2618 1220/1899/2619 1365/1892/2423 1364/2265/2422
f 1211/2087/2620 1210/2088/2621 1363/2264/2421 1366/1893/2424
f 1220/1899/2619 1233/1901/2622 1367/1894/2425 1365/1892/2423
f 1232/2089/2623 1211/2087/2620 1366/1893/2424 1368/1895/2426
f 1273/1965/2624 1274/1964/2625 1369/1908/2439 1370/1907/2438
f 1272/2090/2626 1270/2091/2627 1372/1910/2441 1371/1909/2440
f 1252/2238/2628 1253/2093/2629 1373/1950/2481 1374/2261/2480
f 1259/1956/2630 1258/2263/2631 1376/2262/2483 1375/1951/2482
f 1253/2093/2629 1267/2094/2632 1377/1953/2484 1373/1950/2481
f 1268/1959/2633 1259/1956/2630 1375/1951/2482 1378/1954/2485
f 1275/2095/2634 1272/2090/2626 1371/1909/2440 1379/1963/2494
f 1274/1964/2625 1277/1966/2635 1380/1962/2493 1369/1908/2439
f 1233/1901/2432 1273/1965/2496 1370/1907/2438 1367/1894/2425
f 1270/2091/2627 1232/2089/2623 1368/1895/2426 1372/1910/2441
f 1267/2094/2632 1275/2095/2634 1379/1963/2494 1377/1953/2484
f 1277/1966/2497 1268/1959/2490 1378/1954/2485 1380/1962/2493
f 1210/2240/2621 1295/2096/2636 1381/2007/2538 1363/1890/2421
f 1301/2011/2637 1219/2266/2618 1364/1891/2422 1382/2008/2539
f 1295/2096/2636 1309/2097/2638 1383/2009/2540 1381/2007/2538
f 1310/2013/2639 1301/2011/2637 1382/2008/2539 1384/2010/2541
f 1331/2098/2640 1333/2099/2641 1387/2022/2553 1385/2021/2552
f 1335/2061/2642 1334/2060/2643 1386/2020/2551 1388/2023/2554
f 1258/1955/2631 1323/2054/2644 1389/2049/2580 1376/1952/2483
f 1320/2100/2645 1252/2092/2628 1374/1949/2480 1390/2050/2581
f 1323/2054/2644 1329/2055/2646 1391/2051/2582 1389/2049/2580
f 1328/2101/2647 1320/2100/2645 1390/2050/2581 1392/2052/2583
f 1338/2062/2648 1335/2061/2642 1388/2023/2554 1393/2058/2589
f 1333/2099/2641 1336/2102/2649 1394/2059/2590 1387/2022/2553
f 1309/2097/2638 1331/2098/2640 1385/2021/2552 1383/2009/2540
f 1334/2060/2591 1310/2013/2544 1384/2010/2541 1386/2020/2551
f 1329/2055/2586 1338/2062/2593 1393/2058/2589 1391/2051/2582
f 1336/2102/2649 1328/2101/2647 1392/2052/2583 1394/2059/2590
f 1396/1997/2528 1395/1999/2530 1308/1998/2529 1294/2002/2533
f 1397/2259/2406 1396/1997/2528 1294/2002/2533 1208/2260/2413
f 1398/1876/2407 1397/1875/2406 1208/1882/2413 1209/1885/2416
f 1399/1881/2412 1398/1876/2407 1209/1885/2416 1231/1878/2409
f 1401/1938/2469 1400/1941/2472 1266/1940/2471 1251/1943/2474
f 1402/2257/2470 1401/1938/2469 1251/1943/2474 1250/2258/2473
f 1403/2041/2572 1402/1939/2470 1250/1942/2473 1319/2046/2577
f 1404/2044/2575 1403/2041/2572 1319/2046/2577 1327/2043/2574
f 1281/1980/2511 1278/1967/2498 1406/1974/2505 1405/1973/2504
f 1278/1967/2498 1282/1968/2499 1407/1975/2506 1406/1974/2505
f 1282/1968/2499 1279/1969/2500 1409/1977/2508 1407/1975/2506
f 1279/1969/2500 1280/1970/2501 1410/1978/2509 1409/1977/2508
f 1313/2026/2557 1311/2025/2556 1412/2030/2561 1411/2029/2560
f 1311/2025/2556 1281/1980/2511 1405/1973/2504 1412/2030/2561
f 1280/1970/2501 1312/2027/2558 1413/2031/2562 1410/1978/2509
f 1312/2027/2558 1313/2026/2557 1411/2029/2560 1413/2031/2562
f 1464/1991/2522 1463/1990/2521 1467/2103/2650 1468/2104/2651
f 1415/2255/2392 1414/1987/2518 1361/2085/2616 1362/2256/2617
f 1416/1862/2393 1415/1861/2392 1362/2086/2617 1355/2079/2610
f 1454/1866/2397 1453/1865/2396 1458/2105/2652 1459/2106/2653
f 1457/1931/2462 1454/1866/2397 1459/2106/2653 1460/2107/2654
f 1418/2253/2460 1417/1928/2459 1357/2081/2612 1358/2254/2613
f 1419/2035/2566 1418/1929/2460 1358/2082/2613 1359/2083/2614
f 1463/1990/2521 1466/2038/2569 1469/2108/2655 1467/2103/2650
f 1200/1863/2394 1416/1862/2393 1421/2109/2656 1420/2110/2657
f 1198/1902/2433 1200/1863/2394 1420/2110/2657 1422/2111/2658
f 1245/1927/2458 1198/1902/2433 1422/2111/2658 1423/2112/2659
f 1417/1928/2459 1245/1927/2458 1423/2112/2659 1424/2113/2660
f 1416/1862/2393 1355/2079/2610 1425/2114/2661 1421/2109/2656
f 1355/2079/2610 1356/2080/2611 1426/2115/2662 1425/2114/2661
f 1356/2080/2611 1357/2081/2612 1427/2116/2663 1426/2115/2662
f 1357/2081/2612 1417/1928/2459 1424/2113/2660 1427/2116/2663
f 1288/1986/2517 1287/2015/2546 1428/2117/2664 1429/2118/2665
f 1414/1987/2518 1288/1986/2517 1429/2118/2665 1430/2119/2666
f 1316/2036/2567 1419/2035/2566 1432/2120/2667 1431/2121/2668
f 1287/2015/2546 1316/2036/2567 1431/2121/2668 1428/2117/2664
f 1360/2084/2615 1361/2085/2616 1434/2122/2669 1433/2123/2670
f 1361/2085/2616 1414/1987/2518 1430/2119/2666 1434/2122/2669
f 1419/2035/2566 1359/2083/2614 1435/2124/2671 1432/2120/2667
f 1359/2083/2614 1360/2084/2615 1433/2123/2670 1435/2124/2671
f 1420/2110/2657 1421/2109/2656 1437/2125/2672 1436/2126/2673
f 1422/2111/2658 1420/2110/2657 1436/2126/2673 1438/2127/2674
f 1423/2112/2659 1422/2111/2658 1438/2127/2674 1439/2128/2675
f 1424/2113/2660 1423/2112/2659 1439/2128/2675 1440/2129/2676
f 1421/2109/2656 1425/2114/2661 1441/2130/2677 1437/2125/2672
f 1425/2114/2661 1426/2115/2662 1442/2131/2678 1441/2130/2677
f 1426/2115/2662 1427/2116/2663 1443/2132/2679 1442/2131/2678
f 1427/2116/2663 1424/2113/2660 1440/2129/2676 1443/2132/2679
f 1429/2118/2665 1428/2117/2664 1444/2133/2680 1445/2134/2681
f 1430/2119/2666 1429/2118/2665 1445/2134/2681 1446/2135/2682
f 1431/2121/2668 1432/2120/2667 1448/2136/2683 1447/2137/2684
f 1428/2117/2664 1431/2121/2668 1447/2137/2684 1444/2133/2680
f 1433/2123/2670 1434/2122/2669 1450/2138/2685 1449/2139/2686
f 1434/2122/2669 1430/2119/2666 1446/2135/2682 1450/2138/2685
f 1432/2120/2667 1435/2124/2671 1451/2140/2687 1448/2136/2683
f 1435/2124/2671 1433/2123/2670 1449/2139/2686 1451/2140/2687
f 1436/2126/2673 1437/2125/2672 1453/1865/2396 1452/1864/2395
f 1438/2127/2674 1436/2126/2673 1452/1864/2395 1455/1867/2398
f 1439/2128/2675 1438/2127/2674 1455/1867/2398 1456/1930/2461
f 1440/2129/2676 1439/2128/2675 1456/1930/2461 1457/1931/2462
f 1437/2125/2672 1441/2130/2677 1458/2105/2652 1453/1865/2396
f 1441/2130/2677 1442/2131/2678 1459/2106/2653 1458/2105/2652
f 1442/2131/2678 1443/2132/2679 1460/2107/2654 1459/2106/2653
f 1443/2132/2679 1440/2129/2676 1457/1931/2462 1460/2107/2654
f 1445/2134/2681 1444/2133/2680 1461/1989/2520 1462/1988/2519
f 1446/2135/2682 1445/2134/2681 1462/1988/2519 1464/1991/2522
f 1447/2137/2684 1448/2136/2683 1466/2038/2569 1465/2037/2568
f 1444/2133/2680 1447/2137/2684 1465/2037/2568 1461/1989/2520
f 1449/2139/2686 1450/2138/2685 1468/2104/2651 1467/2103/2650
f 1450/2138/2685 1446/2135/2682 1464/1991/2522 1468/2104/2651
f 1448/2136/2683 1451/2140/2687 1469/2108/2655 1466/2038/2569
f 1451/2140/2687 1449/2139/2686 1467/2103/2650 1469/2108/2655
f 1471/2141/2688 1470/2142/2689 1550/2143/2690 1551/2144/2691
f 1472/2145/2692 1471/2141/2688 1551/2144/2691 1552/2146/2693
f 1552/2146/2693 1553/2147/2694 1473/2148/2695 1472/2145/2692
f 1554/2149/2696 1474/2150/2697 1473/2148/2695 1553/2147/2694
f 1555/2151/2698 1475/2152/2699 1474/2150/2697 1554/2149/2696
f 1476/2153/2700 1475/2152/2699 1555/2151/2698 1556/2154/2701
f 1477/2252/2702 1476/2153/2700 1556/2154/2701 1557/2243/2703
f 1478/2157/2704 1477/2155/2702 1557/2156/2703 1558/2158/2705
f 1479/2159/2706 1478/2157/2704 1558/2158/2705 1559/2160/2707
f 1559/2160/2707 1560/2161/2708 1480/2162/2709 1479/2159/2706
f 1560/2161/2708 1561/2163/2710 1481/2164/2711 1480/2162/2709
f 1562/2165/2712 1482/2166/2713 1481/2164/2711 1561/2163/2710
f 1483/2167/2714 1482/2166/2713 1562/2165/2712 1563/2168/2715
f 1484/2169/2716 1483/2167/2714 1563/2168/2715 1564/2170/2717
f 1485/2250/2718 1484/2169/2716 1564/2170/2717 1565/2241/2719
f 1470/2142/2689 1485/2171/2718 1565/2172/2719 1550/2143/2690
f 1487/2173/2720 1486/2174/2721 1518/2175/2722 1519/2176/2723
f 1488/2177/2724 1487/2173/2720 1519/2176/2723 1520/2178/2725
f 1520/2178/2725 1521/2179/2726 1489/2180/2727 1488/2177/2724
f 1522/2181/2728 1490/2182/2729 1489/2180/2727 1521/2179/2726
f 1523/2183/2730 1491/2184/2731 1490/2182/2729 1522/2181/2728
f 1492/2185/2732 1491/2184/2731 1523/2183/2730 1524/2186/2733
f 1493/2248/2734 1492/2185/2732 1524/2186/2733 1525/2251/2735
f 1494/2189/2736 1493/2187/2734 1525/2188/2735 1526/2190/2737
f 1495/2191/2738 1494/2189/2736 1526/2190/2737 1527/2192/2739
f 1527/2192/2739 1528/2193/2740 1496/2194/2741 1495/2191/2738
f 1528/2193/2740 1529/2195/2742 1497/2196/2743 1496/2194/2741
f 1530/2197/2744 1498/2198/2745 1497/2196/2743 1529/2195/2742
f 1499/2199/2746 1498/2198/2745 1530/2197/2744 1531/2200/2747
f 1500/2201/2748 1499/2199/2746 1531/2200/2747 1532/2202/2749
f 1501/2246/2750 1500/2201/2748 1532/2202/2749 1533/2249/2751
f 1486/2174/2721 1501/2203/2750 1533/2204/2751 1518/2175/2722
f 1503/2205/2752 1502/2206/2753 1566/2207/2754 1567/2208/2755
f 1504/2209/2756 1503/2205/2752 1567/2208/2755 1568/2210/2757
f 1568/2210/2757 1569/2211/2758 1505/2212/2759 1504/2209/2756
f 1570/2213/2760 1506/2214/2761 1505/2212/2759 1569/2211/2758
f 1571/2215/2762 1507/2216/2763 1506/2214/2761 1570/2213/2760
f 1508/2217/2764 1507/2216/2763 1571/2215/2762 1572/2218/2765
f 1509/2244/2766 1508/2217/2764 1572/2218/2765 1573/2239/2767
f 1510/2221/2768 1509/2219/2766 1573/2220/2767 1574/2222/2769
f 1511/2223/2770 1510/2221/2768 1574/2222/2769 1575/2224/2771
f 1575/2224/2771 1576/2225/2772 1512/2226/2773 1511/2223/2770
f 1576/2225/2772 1577/2227/2774 1513/2228/2775 1512/2226/2773
f 1578/2229/2776 1514/2230/2777 1513/2228/2775 1577/2227/2774
f 1515/2231/2778 1514/2230/2777 1578/2229/2776 1579/2232/2779
f 1516/2233/2780 1515/2231/2778 1579/2232/2779 1580/2234/2781
f 1517/2242/2782 1516/2233/2780 1580/2234/2781 1581/2237/2783
f 1502/2206/2753 1517/2235/2782 1581/2236/2783 1566/2207/2754
f 1519/2176/2723 1518/2175/2722 1470/2142/2689 1471/2141/2688
f 1520/2178/2725 1519/2176/2723 1471/2141/2688 1472/2145/2692
f 1472/2145/2692 1473/2148/2695 1521/2179/2726 1520/2178/2725
f 1474/2150/2697 1522/2181/2728 1521/2179/2726 1473/2148/2695
f 1475/2152/2699 1523/2183/2730 1522/2181/2728 1474/2150/2697
f 1524/2186/2733 1523/2183/2730 1475/2152/2699 1476/2153/2700
f 1525/2251/2735 1524/2186/2733 1476/2153/2700 1477/2252/2702
f 1526/2190/2737 1525/2188/2735 1477/2155/2702 1478/2157/2704
f 1527/2192/2739 1526/2190/2737 1478/2157/2704 1479/2159/2706
f 1479/2159/2706 1480/2162/2709 1528/2193/2740 1527/2192/2739
f 1480/2162/2709 1481/2164/2711 1529/2195/2742 1528/2193/2740
f 1482/2166/2713 1530/2197/2744 1529/2195/2742 1481/2164/2711
f 1531/2200/2747 1530/2197/2744 1482/2166/2713 1483/2167/2714
f 1532/2202/2749 1531/2200/2747 1483/2167/2714 1484/2169/2716
f 1533/2249/2751 1532/2202/2749 1484/2169/2716 1485/2250/2718
f 1518/2175/2722 1533/2204/2751 1485/2171/2718 1470/2142/2689
f 1535/2072/2603 1534/2071/2602 1486/2174/2721 1487/2173/2720
f 1536/2073/2604 1535/2072/2603 1487/2173/2720 1488/2177/2724
f 1488/2177/2724 1489/2180/2727 1537/2074/2605 1536/2073/2604
f 1490/2182/2729 1538/2075/2606 1537/2074/2605 1489/2180/2727
f 1491/2184/2731 1539/2076/2607 1538/2075/2606 1490/2182/2729
f 1540/2077/2608 1539/2076/2607 1491/2184/2731 1492/2185/2732
f 1541/2247/2609 1540/2077/2608 1492/2185/2732 1493/2248/2734
f 1542/2063/2594 1541/2078/2609 1493/2187/2734 1494/2189/2736
f 1543/2064/2595 1542/2063/2594 1494/2189/2736 1495/2191/2738
f 1495/2191/2738 1496/2194/2741 1544/2065/2596 1543/2064/2595
f 1496/2194/2741 1497/2196/2743 1545/2066/2597 1544/2065/2596
f 1498/2198/2745 1546/2067/2598 1545/2066/2597 1497/2196/2743
f 1547/2068/2599 1546/2067/2598 1498/2198/2745 1499/2199/2746
f 1548/2069/2600 1547/2068/2599 1499/2199/2746 1500/2201/2748
f 1549/2245/2601 1548/2069/2600 1500/2201/2748 1501/2246/2750
f 1534/2071/2602 1549/2070/2601 1501/2203/2750 1486/2174/2721
f 1551/2144/2691 1550/2143/2690 1502/2206/2753 1503/2205/2752
f 1552/2146/2693 1551/2144/2691 1503/2205/2752 1504/2209/2756
f 1504/2209/2756 1505/2212/2759 1553/2147/2694 1552/2146/2693
f 1506/2214/2761 1554/2149/2696 1553/2147/2694 1505/2212/2759
f 1507/2216/2763 1555/2151/2698 1554/2149/2696 1506/2214/2761
f 1556/2154/2701 1555/2151/2698 1507/2216/2763 1508/2217/2764
f 1557/2243/2703 1556/2154/2701 1508/2217/2764 1509/2244/2766
f 1558/2158/2705 1557/2156/2703 1509/2219/2766 1510/2221/2768
f 1559/2160/2707 1558/2158/2705 1510/2221/2768 1511/2223/2770
f 1511/2223/2770 1512/2226/2773 1560/2161/2708 1559/2160/2707
f 1512/2226/2773 1513/2228/2775 1561/2163/2710 1560/2161/2708
f 1514/2230/2777 1562/2165/2712 1561/2163/2710 1513/2228/2775
f 1563/2168/2715 1562/2165/2712 1514/2230/2777 1515/2231/2778
f 1564/2170/2717 1563/2168/2715 1515/2231/2778 1516/2233/2780
f 1565/2241/2719 1564/2170/2717 1516/2233/2780 1517/2242/2782
f 1550/2143/2690 1565/2172/2719 1517/2235/2782 1502/2206/2753
f 1567/2208/2755 1566/2207/2754 1320/2100/2645 1328/2101/2647
f 1568/2210/2757 1567/2208/2755 1328/2101/2647 1336/2102/2649
f 1336/2102/2649 1333/2099/2641 1569/2211/2758 1568/2210/2757
f 1331/2098/2640 1570/2213/2760 1569/2211/2758 1333/2099/2641
f 1309/2097/2638 1571/2215/2762 1570/2213/2760 1331/2098/2640
f 1572/2218/2765 1571/2215/2762 1309/2097/2638 1295/2096/2636
f 1573/2239/2767 1572/2218/2765 1295/2096/2636 1210/2240/2621
f 1574/2222/2769 1573/2220/2767 1210/2088/2621 1211/2087/2620
f 1575/2224/2771 1574/2222/2769 1211/2087/2620 1232/2089/2623
f 1232/2089/2623 1270/2091/2627 1576/2225/2772 1575/2224/2771
f 1270/2091/2627 1272/2090/2626 1577/2227/2774 1576/2225/2772
f 1275/2095/2634 1578/2229/2776 1577/2227/2774 1272/2090/2626
f 1579/2232/2779 1578/2229/2776 1275/2095/2634 1267/2094/2632
f 1580/2234/2781 1579/2232/2779 1267/2094/2632 1253/2093/2629
f 1581/2237/2783 1580/2234/2781 1253/2093/2629 1252/2238/2628
f 1566/2207/2754 1581/2236/2783 1252/2092/2628 1320/2100/2645
g default
v -3.161491 0.336927 -0.568638
v -3.161491 0.327770 -0.600472
v -3.161491 0.295936 -0.613658
v -3.161491 0.264102 -0.600472
v -3.161491 0.254945 -0.568638
v -3.135290 0.336927 -0.568638
v -3.135290 0.327770 -0.600472
v -3.135290 0.295936 -0.613658
v -3.135290 0.264102 -0.600472
v -3.135290 0.254945 -0.568638
v -3.161491 0.295936 -0.835141
v -3.135290 0.295936 -0.835141
v -3.161491 0.335716 -0.901059
v -3.161491 0.295936 -0.916970
v -3.135290 0.295936 -0.916970
v -3.135290 0.335716 -0.901059
v -3.161491 0.256156 -0.917537
v -3.135290 0.256156 -0.917537
v -3.161491 0.639583 -0.807012
v -3.135290 0.639583 -0.807012
v -3.161491 0.639583 -0.879891
v -3.135290 0.639583 -0.879891
v -3.173968 0.023252 -0.816383
v -3.121321 0.023252 -0.817874
v -3.122813 0.023252 -0.870520
v -3.175459 0.023252 -0.869029
v -3.173968 0.011680 -0.816383
v -3.121321 0.011680 -0.817874
v -3.122813 0.011680 -0.870520
v -3.175459 0.011680 -0.869029
v -3.135290 0.538294 -0.870326
v -3.161491 0.538294 -0.870326
v -3.161491 0.538575 -0.797210
v -3.135290 0.538575 -0.797210
v -3.135290 0.437005 -0.877381
v -3.161491 0.437005 -0.877381
v -3.161491 0.437568 -0.804029
v -3.135290 0.437568 -0.804029
v -3.135290 0.050689 -0.880796
v -3.135290 0.050668 -0.807873
v -3.161491 0.050668 -0.807873
v -3.161491 0.050689 -0.880796
v -3.140106 0.043629 -0.858427
v -3.140106 0.043616 -0.829720
v -3.140106 0.040426 -0.858071
v -3.140106 0.040426 -0.829381
v -3.156675 0.043616 -0.829720
v -3.156675 0.040426 -0.829381
v -3.156675 0.043629 -0.858427
v -3.156675 0.040426 -0.858071
v -3.148390 0.011680 -0.843451
v -3.147336 0.011680 -0.806225
v -3.111164 0.011680 -0.844506
v -3.149445 0.011680 -0.880678
v -3.185617 0.011680 -0.842397
v -3.147336 0.023252 -0.806225
v -3.111164 0.023252 -0.844506
v -3.149445 0.023252 -0.880678
v -3.185617 0.023252 -0.842397
v -3.161491 0.361670 -0.821642
v -3.161491 0.344300 -0.817728
v -3.161491 0.336560 -0.801692
v -3.161491 0.316250 -0.831305
v -3.161491 0.336323 -0.848137
v -3.135290 0.361670 -0.821642
v -3.135290 0.336323 -0.848137
v -3.135290 0.316250 -0.831305
v -3.135290 0.336560 -0.801692
v -3.135290 0.344300 -0.817728
v -3.161491 0.230801 -0.838627
v -3.161491 0.255521 -0.861291
v -3.161491 0.273471 -0.839383
v -3.161491 0.255312 -0.817947
v -3.161491 0.247861 -0.833982
v -3.135290 0.230801 -0.838627
v -3.135290 0.247861 -0.833982
v -3.135290 0.255312 -0.817947
v -3.135290 0.273471 -0.839383
v -3.135290 0.255521 -0.861291
v -3.161491 0.336560 -0.827469
v -3.135290 0.336560 -0.827469
v -3.161491 0.255312 -0.842812
v -3.135290 0.255312 -0.842812
v -3.161491 0.295936 -0.568638
v -3.135290 0.317643 -0.568638
v -3.135290 0.311285 -0.583987
v -3.135290 0.295936 -0.590345
v -3.135290 0.280587 -0.583987
v -3.135290 0.274229 -0.568638
v -3.138916 0.314160 -0.568638
v -3.138916 0.308822 -0.581524
v -3.138916 0.295936 -0.586862
v -3.138916 0.283050 -0.581524
v -3.138916 0.277712 -0.568638
v -3.133195 0.295936 -0.568638
v -3.133195 0.307982 -0.568638
v -3.133195 0.304454 -0.577156
v -3.133195 0.295936 -0.580684
v -3.133195 0.287418 -0.577156
v -3.133195 0.283890 -0.568638
v -3.161491 0.327770 -0.536804
v -3.161491 0.295936 -0.523618
v -3.161491 0.264102 -0.536804
v -3.135290 0.327770 -0.536804
v -3.135290 0.295936 -0.523618
v -3.135290 0.264102 -0.536804
v -3.161491 0.295936 -0.302135
v -3.135290 0.295936 -0.302135
v -3.161491 0.335716 -0.236217
v -3.161491 0.295936 -0.220306
v -3.135290 0.295936 -0.220306
v -3.135290 0.335716 -0.236217
v -3.161491 0.256156 -0.219738
v -3.135290 0.256156 -0.219738
v -3.161491 0.639583 -0.330264
v -3.135290 0.639583 -0.330264
v -3.161491 0.639583 -0.257385
v -3.135290 0.639583 -0.257385
v -3.173968 0.023252 -0.320893
v -3.121321 0.023252 -0.319402
v -3.122813 0.023252 -0.266755
v -3.175459 0.023252 -0.268247
v -3.173968 0.011680 -0.320893
v -3.121321 0.011680 -0.319402
v -3.122813 0.011680 -0.266755
v -3.175459 0.011680 -0.268247
v -3.135290 0.538294 -0.266950
v -3.161491 0.538294 -0.266950
v -3.161491 0.538575 -0.340066
v -3.135290 0.538575 -0.340066
v -3.135290 0.437005 -0.259894
v -3.161491 0.437005 -0.259894
v -3.161491 0.437568 -0.333247
v -3.135290 0.437568 -0.333247
v -3.135290 0.050689 -0.256479
v -3.135290 0.050668 -0.329403
v -3.161491 0.050668 -0.329403
v -3.161491 0.050689 -0.256479
v -3.140106 0.043629 -0.278848
v -3.140106 0.043616 -0.307556
v -3.140106 0.040426 -0.279205
v -3.140106 0.040426 -0.307895
v -3.156675 0.043616 -0.307556
v -3.156675 0.040426 -0.307895
v -3.156675 0.043629 -0.278848
v -3.156675 0.040426 -0.279205
v -3.148390 0.011680 -0.293824
v -3.147336 0.011680 -0.331051
v -3.111164 0.011680 -0.292770
v -3.149445 0.011680 -0.256598
v -3.185617 0.011680 -0.294879
v -3.147336 0.023252 -0.331051
v -3.111164 0.023252 -0.292770
v -3.149445 0.023252 -0.256598
v -3.185617 0.023252 -0.294879
v -3.161491 0.361670 -0.315633
v -3.161491 0.344300 -0.319548
v -3.161491 0.336560 -0.335583
v -3.161491 0.316250 -0.305971
v -3.161491 0.336323 -0.289139
v -3.135290 0.361670 -0.315633
v -3.135290 0.336323 -0.289139
v -3.135290 0.316250 -0.305971
v -3.135290 0.336560 -0.335583
v -3.135290 0.344300 -0.319548
v -3.161491 0.230801 -0.298648
v -3.161491 0.255521 -0.275985
v -3.161491 0.273471 -0.297893
v -3.161491 0.255312 -0.319329
v -3.161491 0.247861 -0.303294
v -3.135290 0.230801 -0.298648
v -3.135290 0.247861 -0.303294
v -3.135290 0.255312 -0.319329
v -3.135290 0.273471 -0.297893
v -3.135290 0.255521 -0.275985
v -3.161491 0.336560 -0.309806
v -3.135290 0.336560 -0.309806
v -3.161491 0.255312 -0.294464
v -3.135290 0.255312 -0.294464
v -3.135290 0.311285 -0.553289
v -3.135290 0.295936 -0.546931
v -3.135290 0.280587 -0.553289
v -3.138916 0.308822 -0.555751
v -3.138916 0.295936 -0.550414
v -3.138916 0.283050 -0.555751
v -3.133195 0.304454 -0.560120
v -3.133195 0.295936 -0.556592
v -3.133195 0.287418 -0.560120
vt 0.478737 0.612378
vt 0.580180 0.205702
vt 0.576135 0.194690
vt 0.475589 0.622171
vt 0.475169 0.715547
vt 0.568111 0.103944
vt 0.559172 0.104868
vt 0.562046 0.099118
vt 0.555236 0.099955
vt 0.450316 0.719898
vt 0.455827 0.621560
vt 0.555947 0.195044
vt 0.551613 0.205701
vt 0.545140 0.208540
vt 0.569551 0.205702
vt 0.566084 0.205702
vt 0.568344 0.203143
vt 0.565801 0.202112
vt 0.563412 0.203275
vt 0.562497 0.205702
vt 0.476385 0.684712
vt 0.465581 0.625958
vt 0.565899 0.190256
vt 0.561873 0.121076
vt 0.569454 0.121241
vt 0.577247 0.129358
vt 0.463455 0.694704
vt 0.456441 0.695805
vt 0.451011 0.688977
vt 0.547240 0.126344
vt 0.575312 0.115671
vt 0.619697 0.028126
vt 0.598719 0.019499
vt 0.590739 0.017584
vt 0.570389 0.689276
vt 0.450659 0.702434
vt 0.634546 0.045827
vt 0.151897 0.010684
vt 0.645045 0.058763
vt 0.640769 0.051662
vt 0.586178 0.113963
vt 0.602448 0.090162
vt 0.507715 0.686408
vt 0.483988 0.691146
vt 0.506835 0.709171
vt 0.581890 0.082828
vt 0.528146 0.115385
vt 0.387599 0.683824
vt 0.496991 0.066948
vt 0.536081 0.112195
vt 0.377406 0.706297
vt 0.386891 0.706542
vt 0.647677 0.066463
vt 0.643949 0.066975
vt 0.641726 0.060214
vt 0.647503 0.074740
vt 0.156322 0.021367
vt 0.641789 0.081069
vt 0.643948 0.074184
vt 0.640297 0.089543
vt 0.162580 0.006260
vt 0.631465 0.091925
vt 0.637710 0.087062
vt 0.637864 0.053974
vt 0.631937 0.048511
vt 0.583534 0.049486
vt 0.591431 0.052359
vt 0.539132 0.685263
vt 0.613947 0.059205
vt 0.380216 0.690575
vt 0.634588 0.066972
vt 0.633055 0.078040
vt 0.632042 0.077806
vt 0.384978 0.690572
vt 0.631918 0.060989
vt 0.384747 0.699232
vt 0.629501 0.083164
vt 0.475866 0.699126
vt 0.546028 0.114630
vt 0.581987 0.121922
vt 0.478634 0.689764
vt 0.541478 0.119607
vt 0.448544 0.693881
vt 0.476138 0.692713
vt 0.469797 0.693709
vt 0.578137 0.120644
vt 0.450772 0.696694
vt 0.544841 0.118562
vt 0.553306 0.119931
vt 0.466013 0.611985
vt 0.573636 0.205702
vt 0.571226 0.200424
vt 0.565929 0.198057
vt 0.560539 0.200460
vt 0.558188 0.205702
vt 0.572040 0.205702
vt 0.570098 0.201441
vt 0.565864 0.199596
vt 0.561646 0.201507
vt 0.559823 0.205702
vt 0.476200 0.602409
vt 0.576134 0.216715
vt 0.481552 0.509187
vt 0.469357 0.503866
vt 0.559167 0.306535
vt 0.568106 0.307460
vt 0.457016 0.503308
vt 0.555230 0.311448
vt 0.456438 0.601798
vt 0.555946 0.216360
vt 0.568344 0.208261
vt 0.565801 0.209292
vt 0.563412 0.208128
vt 0.466446 0.598011
vt 0.480860 0.540037
vt 0.565898 0.221148
vt 0.577243 0.282047
vt 0.569449 0.290163
vt 0.561867 0.290327
vt 0.455797 0.534212
vt 0.461640 0.527733
vt 0.468572 0.529265
vt 0.547235 0.285060
vt 0.575306 0.295733
vt 0.619697 0.383274
vt 0.627817 0.383065
vt 0.575665 0.518674
vt 0.598722 0.391906
vt 0.456278 0.520761
vt 0.542082 0.208743
vt 0.140710 0.006260
vt 0.521252 0.169589
vt 0.130028 0.010684
vt 0.586172 0.297441
vt 0.593954 0.295218
vt 0.610276 0.318407
vt 0.602442 0.321242
vt 0.581884 0.328577
vt 0.512763 0.517509
vt 0.448388 0.527558
vt 0.536075 0.299208
vt 0.496985 0.344455
vt 0.392182 0.535374
vt 0.392888 0.512740
vt 0.377406 0.514841
vt 0.524571 0.171040
vt 0.522348 0.177802
vt 0.134453 0.021367
vt 0.518794 0.185566
vt 0.522350 0.185010
vt 0.524509 0.191895
vt 0.521107 0.193538
vt 0.526001 0.200369
vt 0.528588 0.197888
vt 0.534833 0.202751
vt 0.533128 0.206030
vt 0.534361 0.159337
vt 0.528434 0.164800
vt 0.544135 0.520671
vt 0.591427 0.359046
vt 0.622239 0.350966
vt 0.613943 0.352198
vt 0.532708 0.177988
vt 0.381999 0.520690
vt 0.533243 0.188866
vt 0.531709 0.177799
vt 0.535182 0.172485
vt 0.534380 0.171816
vt 0.537639 0.193496
vt 0.536797 0.193990
vt 0.481232 0.525619
vt 0.546023 0.296773
vt 0.483416 0.535134
vt 0.581982 0.289482
vt 0.453639 0.529164
vt 0.541473 0.291796
vt 0.481107 0.532036
vt 0.474840 0.530651
vt 0.578132 0.290760
vt 0.456036 0.526494
vt 0.544836 0.292842
vt 0.553301 0.291472
vt 0.571225 0.210980
vt 0.565928 0.213347
vt 0.560538 0.210944
vt 0.570097 0.209963
vt 0.565864 0.211808
vt 0.561645 0.209897
vt 0.530419 0.290201
vt 0.535340 0.287391
vt 0.539073 0.283257
vt 0.528140 0.296017
vt 0.587412 0.286085
vt 0.594136 0.290808
vt 0.488845 0.534086
vt 0.489878 0.340707
vt 0.512234 0.540282
vt 0.543328 0.167806
vt 0.520944 0.361718
vt 0.384685 0.511206
vt 0.515574 0.355361
vt 0.384119 0.536469
vt 0.543520 0.543368
vt 0.574618 0.332690
vt 0.583531 0.361920
vt 0.574966 0.541295
vt 0.604259 0.399145
vt 0.590742 0.393823
vt 0.560234 0.318008
vt 0.562639 0.313830
vt 0.562040 0.312286
vt 0.547376 0.216386
vt 0.545140 0.202862
vt 0.453290 0.611591
vt 0.535344 0.124011
vt 0.530424 0.121201
vt 0.539077 0.128146
vt 0.443205 0.695154
vt 0.594141 0.120596
vt 0.587417 0.125320
vt 0.593960 0.116187
vt 0.489884 0.070695
vt 0.610282 0.092996
vt 0.520950 0.049685
vt 0.515580 0.056042
vt 0.377984 0.683450
vt 0.622243 0.060436
vt 0.574624 0.078715
vt 0.538342 0.707954
vt 0.622195 0.020940
vt 0.569689 0.711897
vt 0.560240 0.093395
vt 0.562645 0.097574
vt 0.462669 0.720104
vt 0.547377 0.195017
vt 0.584308 0.217272
vt 0.585803 0.281204
vt 0.588360 0.201789
vt 0.584309 0.194133
vt 0.585808 0.130201
vt 0.622196 0.390460
vt 0.627817 0.028335
vt 0.588360 0.209617
vt 0.542672 0.167018
vt 0.543328 0.205223
vt 0.134453 0.000002
vt 0.531752 0.156653
vt 0.125603 0.000002
vt 0.119345 0.006260
vt 0.119345 0.015109
vt 0.125603 0.021367
vt 0.140710 0.015109
vt 0.518621 0.177290
vt 0.390020 0.519601
vt 0.386602 0.518391
vt 0.534256 0.188633
vt 0.389741 0.528511
vt 0.384643 0.529203
vt 0.525529 0.162488
vt 0.622970 0.094396
vt 0.156322 0.000002
vt 0.624216 0.097917
vt 0.633170 0.095204
vt 0.162580 0.015109
vt 0.645191 0.082712
vt 0.147472 0.021367
vt 0.141215 0.006260
vt 0.141215 0.015109
vt 0.622970 0.056979
vt 0.379964 0.699251
vt 0.631116 0.061659
vt 0.633590 0.067162
vt 0.147473 0.000002
vt 0.628659 0.082670
vt 0.623626 0.056191
vt 0.604254 0.012258
vn 0.000000 0.961026 -0.276459
vn 0.000000 0.961026 -0.276459
vn 0.000000 0.961026 -0.276459
vn 0.000000 0.961026 -0.276459
vn 0.000000 0.371369 -0.928485
vn 0.000000 0.371369 -0.928485
vn 0.000000 0.371369 -0.928485
vn 0.000000 0.371369 -0.928485
vn 0.000000 0.014269 -0.999898
vn 0.000000 0.014269 -0.999898
vn 0.000000 0.014269 -0.999898
vn 0.000000 0.014269 -0.999898
vn 0.000000 -0.961026 -0.276458
vn 0.000000 -0.961026 -0.276458
vn 0.000000 -0.961026 -0.276458
vn 0.000000 -0.961026 -0.276458
vn 1.000000 0.000000 0.000000
vn 1.000000 0.000000 0.000000
vn 1.000000 0.000009 0.000000
vn 1.000000 0.000000 0.000000
vn 1.000000 -0.000009 0.000000
vn 1.000000 0.000000 0.000000
vn -1.000000 0.000013 0.000000
vn -1.000000 0.000013 0.000000
vn -1.000000 0.000013 0.000000
vn 1.000000 0.000013 0.000000
vn 1.000000 0.000013 0.000000
vn 1.000000 0.000010 0.000000
vn 1.000000 0.000012 0.000000
vn 0.000000 0.999047 0.043645
vn 0.000000 0.997118 0.075870
vn 0.000000 0.997118 0.075870
vn 0.000000 0.999047 0.043645
vn -1.000000 -0.000012 0.000000
vn -1.000000 -0.000012 0.000000
vn -1.000000 -0.000011 0.000000
vn -1.000000 -0.000012 0.000000
vn 0.000000 -0.999184 0.040388
vn 0.000000 -0.997590 0.069385
vn 0.000000 -0.997590 0.069385
vn 0.000000 -0.999184 0.040388
vn 1.000000 0.000005 0.000000
vn 1.000000 0.000005 0.000000
vn 1.000000 0.000005 0.000000
vn 1.000000 -0.000004 0.000000
vn 1.000000 -0.000004 0.000000
vn 1.000000 -0.000004 0.000000
vn 1.000000 -0.000004 0.000000
vn 0.000000 1.000000 0.000000
vn 0.000000 1.000000 0.000000
vn 0.000000 1.000000 0.000000
vn 0.000000 1.000000 0.000000
vn -1.000000 0.000000 0.000000
vn -1.000000 0.000000 0.000000
vn -1.000000 0.000000 0.000000
vn -1.000000 0.000000 0.000000
vn 0.000000 -1.000000 -0.000000
vn 0.000000 -1.000000 -0.000000
vn 0.000000 -1.000000 -0.000000
vn 0.000000 -1.000000 -0.000000
vn 0.000000 -0.145315 0.989385
vn 0.000000 -0.136812 0.990597
vn 0.000000 -0.136812 0.990597
vn 0.000000 -0.145315 0.989385
vn 0.000000 0.227623 -0.973749
vn 0.000000 0.149994 -0.988687
vn 0.000000 0.149994 -0.988687
vn 0.000000 0.227623 -0.973749
vn 1.000000 0.000001 0.000000
vn 1.000000 0.000001 0.000000
vn 1.000000 0.000002 0.000000
vn 1.000000 0.000001 0.000000
vn 0.000000 0.131256 0.991349
vn 0.000000 0.168297 0.985736
vn 0.000000 0.168297 0.985736
vn 0.000000 0.131256 0.991349
vn 0.000000 -0.176025 -0.984386
vn 0.000000 -0.176025 -0.984386
vn 0.000000 -0.176025 -0.984386
vn 0.000000 -0.176025 -0.984386
vn -1.000000 0.000000 0.000000
vn -1.000000 0.000001 0.000000
vn -1.000000 0.000002 0.000000
vn 0.028316 0.000000 0.999599
vn 0.726845 0.000000 0.686801
vn 0.726845 0.000000 0.686801
vn 0.028316 0.000000 0.999599
vn 0.999599 0.000000 -0.028320
vn 0.686800 0.000000 -0.726847
vn 0.686800 0.000000 -0.726847
vn 0.999599 0.000000 -0.028320
vn -0.028319 0.000000 -0.999599
vn -0.726845 0.000000 -0.686801
vn -0.726845 0.000000 -0.686801
vn -0.028319 0.000000 -0.999599
vn -0.999599 0.000000 0.028320
vn -0.686800 0.000000 0.726847
vn -0.686800 0.000000 0.726847
vn -0.999599 0.000000 0.028320
vn 0.000000 -0.012387 -0.999923
vn 0.000000 -0.094018 -0.995571
vn 0.000000 -0.094018 -0.995571
vn 0.000000 -0.012387 -0.999923
vn -1.000000 -0.000001 0.000000
vn -1.000000 -0.000002 0.000000
vn -1.000000 -0.000002 0.000000
vn -1.000000 -0.000001 0.000000
vn 0.000000 0.014765 0.999891
vn 0.000000 0.096592 0.995324
vn 0.000000 0.096592 0.995324
vn 0.000000 0.014765 0.999891
vn 1.000000 -0.000001 0.000000
vn 1.000000 -0.000002 0.000000
vn 1.000000 -0.000002 0.000000
vn 1.000000 -0.000001 0.000000
vn -1.000000 0.000001 0.000000
vn -1.000000 0.000001 0.000000
vn 1.000000 -0.000081 0.000000
vn 0.456951 0.810195 0.367124
vn 0.471071 0.797729 -0.376460
vn 1.000000 -0.000081 0.000000
vn 0.000000 0.105670 0.994401
vn -0.453849 0.810804 0.369619
vn 0.000000 0.105670 0.994401
vn -1.000000 0.000000 0.000000
vn -0.474277 0.797050 -0.373862
vn -1.000000 0.000000 0.000000
vn 0.000000 -0.110609 -0.993864
vn 0.000000 -0.110609 -0.993864
vn 0.825963 -0.563724 -0.000184
vn 0.825963 -0.563725 -0.000184
vn 0.825963 -0.563724 -0.000184
vn 0.825963 -0.563724 -0.000184
vn 0.471635 0.784980 0.401705
vn 0.565457 0.824717 -0.009970
vn 0.000000 -0.951643 0.307207
vn 0.000000 -0.951643 0.307207
vn 0.000000 -0.951643 0.307207
vn 0.000000 -0.951643 0.307207
vn -0.447758 0.780721 0.435875
vn 0.018275 0.762835 0.646334
vn -0.825947 -0.563748 -0.000184
vn -0.825947 -0.563748 -0.000184
vn -0.825947 -0.563748 -0.000184
vn -0.825947 -0.563748 -0.000184
vn -0.478148 0.780238 -0.403241
vn -0.565302 0.824791 0.012405
vn 0.000000 -0.953631 -0.300980
vn 0.000000 -0.953631 -0.300980
vn 0.000000 -0.953631 -0.300980
vn 0.000000 -0.953631 -0.300980
vn -0.018676 0.754097 -0.656498
vn 0.000000 -1.000000 -0.000000
vn 0.000000 -1.000000 -0.000000
vn 0.000000 -1.000000 -0.000000
vn 0.000000 -1.000000 -0.000000
vn 0.000000 -1.000000 0.000000
vn 0.000000 -1.000000 0.000000
vn 0.000000 -1.000000 0.000000
vn 0.000000 -1.000000 0.000000
vn 0.000000 -1.000000 0.000000
vn 0.000000 -1.000000 0.000000
vn 0.000000 -1.000000 0.000000
vn 0.000000 -1.000000 0.000000
vn 0.454519 0.775404 -0.438361
vn -1.000000 0.000000 0.000000
vn -1.000000 0.000000 0.000000
vn -1.000000 0.000000 0.000000
vn 1.000000 0.000000 0.000000
vn 1.000000 0.000000 0.000000
vn 1.000000 0.000000 0.000000
vn 1.000000 0.000000 0.000000
vn 0.000000 0.900574 0.434703
vn 0.000000 0.900574 0.434703
vn 0.000000 0.219867 0.975530
vn 0.000000 0.219867 0.975530
vn 0.000000 -0.262751 0.964864
vn 0.000000 -0.262751 0.964864
vn 0.000000 -0.906880 0.421388
vn 0.000000 -0.906880 0.421388
vn -1.000000 0.000001 0.000000
vn -1.000000 0.000003 0.000000
vn -1.000000 0.000000 0.000000
vn -1.000000 -0.000005 0.000000
vn -1.000000 0.000018 0.000000
vn -1.000000 0.000002 0.000000
vn -1.000000 -0.000000 0.000000
vn 1.000000 0.000002 0.000000
vn 1.000000 0.000005 0.000000
vn -1.000000 0.000004 0.000000
vn -1.000000 0.000006 0.000000
vn 1.000000 0.000000 0.000000
vn 1.000000 0.000000 0.000000
vn 1.000000 0.000001 0.000000
vn 1.000000 0.000001 0.000000
vn 1.000000 0.000000 0.000000
vn 1.000000 0.000000 0.000000
vn 1.000000 0.000000 0.000000
vn 1.000000 -0.000009 0.000000
vn 1.000000 0.000000 0.000000
vn 1.000000 0.000000 0.000000
vn 1.000000 0.000000 0.000000
vn 1.000000 0.000000 0.000000
vn -1.000000 0.000001 0.000000
vn -1.000000 0.000001 0.000000
vn -1.000000 0.000001 0.000000
vn -1.000000 0.000001 0.000000
vn -1.000000 0.000000 0.000000
vn -1.000000 0.000000 0.000000
vn -1.000000 0.000005 0.000000
vn -1.000000 0.000005 0.000000
vn -1.000000 0.000005 0.000000
vn 1.000000 -0.000006 0.000000
vn 1.000000 -0.000006 0.000000
vn 1.000000 -0.000006 0.000000
vn 1.000000 0.000000 0.000000
vn 1.000000 0.000000 0.000000
vn -1.000000 -0.000001 0.000000
vn -1.000000 -0.000001 0.000000
vn -1.000000 -0.000001 0.000000
vn -1.000000 -0.000001 0.000000
vn -1.000000 0.000000 0.000000
vn 1.000000 0.000003 0.000000
vn 1.000000 0.000003 0.000000
vn 1.000000 0.000003 0.000000
vn 1.000000 0.000003 0.000000
vn -1.000000 0.000000 0.000000
vn -1.000000 0.000000 0.000000
vn -1.000000 0.000000 0.000000
vn -1.000000 -0.000005 0.000000
vn -1.000000 -0.000005 0.000000
vn -1.000000 -0.000005 0.000000
vn -1.000000 0.000005 0.000000
vn -1.000000 0.000005 0.000000
vn -1.000000 0.000005 0.000000
vn -1.000000 0.000000 0.000000
vn -1.000000 0.000000 0.000000
vn -1.000000 0.000000 0.000000
vn 1.000000 0.000000 0.000000
vn 1.000000 0.000000 0.000000
vn 1.000000 0.000000 0.000000
vn 1.000000 0.000000 0.000000
vn 1.000000 0.000000 0.000000
vn 1.000000 0.000000 0.000000
vn 1.000000 0.000007 0.000000
vn 1.000000 0.000007 0.000000
vn 1.000000 0.000004 0.000000
vn 1.000000 0.000004 0.000000
vn 1.000000 0.000000 0.000000
vn 1.000000 0.000000 0.000000
vn 0.663708 -0.691057 0.286237
vn 0.663708 -0.691057 0.286237
vn 0.692697 -0.509992 0.509979
vn 0.692697 -0.509993 0.509978
vn 0.663718 -0.286248 0.691043
vn 0.663718 -0.286248 0.691043
vn 0.663719 0.286249 0.691042
vn 0.663719 0.286249 0.691042
vn 0.692700 0.509991 0.509977
vn 0.692700 0.509992 0.509975
vn 0.663713 0.691053 0.286236
vn 0.663713 0.691053 0.286236
vn 0.706250 0.654077 -0.270913
vn 0.706250 0.654077 -0.270913
vn 0.733696 0.480469 -0.480458
vn 0.733696 0.480469 -0.480458
vn 0.706259 0.270917 -0.654066
vn 0.706259 0.270917 -0.654066
vn 0.706258 -0.270919 -0.654066
vn 0.706258 -0.270919 -0.654066
vn 0.733694 -0.480472 -0.480457
vn 0.733694 -0.480471 -0.480458
vn 0.706249 -0.654078 -0.270916
vn 0.706249 -0.654078 -0.270916
vn 0.000000 0.961026 0.276459
vn 0.000000 0.961026 0.276459
vn 0.000000 0.961026 0.276459
vn 0.000000 0.961026 0.276459
vn 0.000000 0.371372 0.928484
vn 0.000000 0.371372 0.928484
vn 0.000000 0.371372 0.928484
vn 0.000000 0.371372 0.928484
vn 0.000000 0.014269 0.999898
vn 0.000000 0.014269 0.999898
vn 0.000000 0.014269 0.999898
vn 0.000000 0.014269 0.999898
vn 0.000000 -0.961026 0.276458
vn 0.000000 -0.961026 0.276458
vn 0.000000 -0.961026 0.276458
vn 0.000000 -0.961026 0.276458
vn 1.000000 0.000000 0.000000
vn 1.000000 0.000000 0.000000
vn 1.000000 0.000000 0.000000
vn 1.000000 0.000000 0.000000
vn 1.000000 0.000000 0.000000
vn 1.000000 0.000000 0.000000
vn -1.000000 0.000000 0.000000
vn -1.000000 0.000000 0.000000
vn -1.000000 0.000000 0.000000
vn 1.000000 0.000000 0.000000
vn 1.000000 0.000000 0.000000
vn 1.000000 0.000000 0.000000
vn 1.000000 0.000000 0.000000
vn 0.000000 0.999047 -0.043645
vn 0.000000 0.999047 -0.043645
vn 0.000000 0.997118 -0.075869
vn 0.000000 0.997118 -0.075869
vn -1.000000 0.000000 0.000000
vn -1.000000 -0.000001 0.000000
vn -1.000000 -0.000002 0.000000
vn -1.000000 0.000000 0.000000
vn 0.000000 -0.999184 -0.040388
vn 0.000000 -0.999184 -0.040388
vn 0.000000 -0.997590 -0.069385
vn 0.000000 -0.997590 -0.069385
vn 1.000000 0.000000 0.000000
vn 1.000000 0.000000 0.000000
vn 1.000000 0.000000 0.000000
vn 1.000000 -0.000011 0.000000
vn 1.000000 -0.000011 0.000000
vn 1.000000 -0.000011 0.000000
vn 1.000000 -0.000011 0.000000
vn 0.000000 1.000000 0.000000
vn 0.000000 1.000000 0.000000
vn 0.000000 1.000000 0.000000
vn 0.000000 1.000000 0.000000
vn -1.000000 0.000000 0.000000
vn -1.000000 0.000000 0.000000
vn -1.000000 0.000000 0.000000
vn -1.000000 0.000000 0.000000
vn 0.000000 -1.000000 0.000000
vn 0.000000 -1.000000 0.000000
vn 0.000000 -1.000000 0.000000
vn 0.000000 -1.000000 0.000000
vn 0.000000 -0.145316 -0.989385
vn 0.000000 -0.145316 -0.989385
vn 0.000000 -0.136812 -0.990597
vn 0.000000 -0.136812 -0.990597
vn 0.000000 0.227623 0.973749
vn 0.000000 0.227623 0.973749
vn 0.000000 0.149994 0.988687
vn 0.000000 0.149994 0.988687
vn 1.000000 0.000001 0.000000
vn 1.000000 0.000001 0.000000
vn 1.000000 0.000001 0.000000
vn 1.000000 0.000001 0.000000
vn 0.000000 0.131256 -0.991349
vn 0.000000 0.131256 -0.991349
vn 0.000000 0.168297 -0.985736
vn 0.000000 0.168297 -0.985736
vn 0.000000 -0.176026 0.984386
vn 0.000000 -0.176026 0.984386
vn 0.000000 -0.176026 0.984386
vn 0.000000 -0.176026 0.984386
vn -1.000000 0.000004 0.000000
vn -1.000000 -0.000000 0.000000
vn -1.000000 0.000004 0.000000
vn 0.028315 0.000000 -0.999599
vn 0.028315 0.000000 -0.999599
vn 0.726845 0.000000 -0.686801
vn 0.726845 0.000000 -0.686801
vn 0.999599 0.000000 0.028320
vn 0.999599 0.000000 0.028320
vn 0.686800 0.000000 0.726847
vn 0.686800 0.000000 0.726847
vn -0.028319 0.000000 0.999599
vn -0.028319 0.000000 0.999599
vn -0.726845 0.000000 0.686801
vn -0.726845 0.000000 0.686801
vn -0.999599 0.000000 -0.028320
vn -0.999599 0.000000 -0.028320
vn -0.686800 0.000000 -0.726847
vn -0.686800 0.000000 -0.726847
vn 0.000000 -0.012386 0.999923
vn 0.000000 -0.012386 0.999923
vn 0.000000 -0.094018 0.995571
vn 0.000000 -0.094018 0.995571
vn -1.000000 0.000000 0.000000
vn -1.000000 0.000000 0.000000
vn -1.000000 0.000002 0.000000
vn -1.000000 0.000002 0.000000
vn 0.000000 0.014765 -0.999891
vn 0.000000 0.014765 -0.999891
vn 0.000000 0.096592 -0.995324
vn 0.000000 0.096592 -0.995324
vn 1.000000 0.000000 0.000000
vn 1.000000 0.000000 0.000000
vn 1.000000 -0.000000 0.000000
vn 1.000000 -0.000000 0.000000
vn -1.000000 0.000000 0.000000
vn -1.000000 0.000000 0.000000
vn 1.000000 0.000010 0.000000
vn 1.000000 0.000010 0.000000
vn 0.471069 0.797731 0.376456
vn 0.456948 0.810198 -0.367122
vn 0.000000 0.105670 -0.994401
vn 0.000000 0.105670 -0.994401
vn -0.453848 0.810804 -0.369619
vn -1.000000 -0.000024 0.000000
vn -1.000000 -0.000024 0.000000
vn -0.474278 0.797049 0.373862
vn 0.000000 -0.110618 0.993863
vn 0.000000 -0.110618 0.993863
vn 0.825955 -0.563736 0.000184
vn 0.825955 -0.563736 0.000184
vn 0.825955 -0.563736 0.000184
vn 0.825955 -0.563736 0.000184
vn 0.565459 0.824716 0.009971
vn 0.471634 0.784980 -0.401706
vn 0.000000 -0.951643 -0.307207
vn 0.000000 -0.951643 -0.307207
vn 0.000000 -0.951643 -0.307207
vn 0.000000 -0.951643 -0.307207
vn 0.018276 0.762836 -0.646334
vn -0.447754 0.780724 -0.435874
vn -0.825963 -0.563724 0.000184
vn -0.825963 -0.563724 0.000184
vn -0.825963 -0.563724 0.000184
vn -0.825963 -0.563724 0.000184
vn -0.565300 0.824792 -0.012404
vn -0.478148 0.780239 0.403238
vn 0.000000 -0.953631 0.300980
vn 0.000000 -0.953631 0.300980
vn 0.000000 -0.953631 0.300980
vn 0.000000 -0.953631 0.300980
vn -0.018677 0.754099 0.656495
vn 0.000000 -1.000000 0.000000
vn 0.000000 -1.000000 0.000000
vn 0.000000 -1.000000 0.000000
vn 0.000000 -1.000000 0.000000
vn 0.000000 -1.000000 -0.000000
vn 0.000000 -1.000000 -0.000000
vn 0.000000 -1.000000 -0.000000
vn 0.000000 -1.000000 -0.000000
vn 0.000000 -1.000000 -0.000000
vn 0.000000 -1.000000 -0.000000
vn 0.000000 -1.000000 -0.000000
vn 0.000000 -1.000000 -0.000000
vn 0.454521 0.775404 0.438360
vn -1.000000 0.000000 0.000000
vn -1.000000 0.000000 0.000000
vn -1.000000 0.000000 0.000000
vn 1.000000 0.000000 0.000000
vn 1.000000 0.000000 0.000000
vn 1.000000 0.000000 0.000000
vn 1.000000 0.000000 0.000000
vn 0.000000 0.900575 -0.434700
vn 0.000000 0.900575 -0.434700
vn 0.000000 0.219865 -0.975530
vn 0.000000 0.219865 -0.975530
vn 0.000000 -0.262751 -0.964864
vn 0.000000 -0.262751 -0.964864
vn 0.000000 -0.906880 -0.421388
vn 0.000000 -0.906880 -0.421388
vn -1.000000 0.000002 0.000000
vn -1.000000 0.000000 0.000000
vn -1.000000 0.000000 0.000000
vn -1.000000 0.000002 0.000000
vn -1.000000 -0.000001 0.000000
vn -1.000000 0.000000 0.000000
vn -1.000000 -0.000002 0.000000
vn 1.000000 0.000010 0.000000
vn 1.000000 0.000008 0.000000
vn -1.000000 -0.000012 0.000000
vn -1.000000 -0.000010 0.000000
vn 1.000000 0.000000 0.000000
vn 1.000000 -0.000012 0.000000
vn 1.000000 -0.000007 0.000000
vn 1.000000 0.000000 0.000000
vn 1.000000 0.000002 0.000000
vn 1.000000 0.000000 0.000000
vn 1.000000 0.000002 0.000000
vn 1.000000 0.000000 0.000000
vn 1.000000 0.000000 0.000000
vn 1.000000 0.000000 0.000000
vn 1.000000 0.000000 0.000000
vn 1.000000 0.000000 0.000000
vn -1.000000 0.000000 0.000000
vn -1.000000 0.000000 0.000000
vn -1.000000 0.000000 0.000000
vn -1.000000 0.000000 0.000000
vn -1.000000 -0.000002 0.000000
vn -1.000000 -0.000002 0.000000
vn -1.000000 0.000000 0.000000
vn -1.000000 0.000000 0.000000
vn -1.000000 0.000000 0.000000
vn 1.000000 0.000000 0.000000
vn 1.000000 0.000000 0.000000
vn 1.000000 0.000000 0.000000
vn 1.000000 0.000003 0.000000
vn 1.000000 0.000003 0.000000
vn -1.000000 -0.000001 0.000000
vn -1.000000 -0.000001 0.000000
vn -1.000000 -0.000001 0.000000
vn -1.000000 -0.000001 0.000000
vn -1.000000 -0.000010 0.000000
vn 1.000000 0.000005 0.000000
vn 1.000000 0.000005 0.000000
vn 1.000000 0.000005 0.000000
vn 1.000000 0.000005 0.000000
vn -1.000000 0.000000 0.000000
vn -1.000000 0.000000 0.000000
vn -1.000000 0.000000 0.000000
vn -1.000000 0.000000 0.000000
vn -1.000000 0.000000 0.000000
vn -1.000000 0.000000 0.000000
vn -1.000000 0.000010 0.000000
vn -1.000000 0.000010 0.000000
vn -1.000000 0.000010 0.000000
vn -1.000000 0.000000 0.000000
vn -1.000000 0.000000 0.000000
vn -1.000000 0.000000 0.000000
vn 1.000000 -0.000008 0.000000
vn 1.000000 -0.000003 0.000000
vn 1.000000 -0.000004 0.000000
vn 1.000000 -0.000008 0.000000
vn 1.000000 0.000000 0.000000
vn 1.000000 0.000000 0.000000
vn 1.000000 -0.000014 0.000000
vn 1.000000 -0.000004 0.000000
vn 1.000000 -0.000004 0.000000
vn 1.000000 -0.000014 0.000000
vn 1.000000 0.000008 0.000000
vn 1.000000 0.000008 0.000000
vn 0.663711 -0.691055 -0.286236
vn 0.692700 -0.509988 -0.509980
vn 0.692700 -0.509987 -0.509980
vn 0.663711 -0.691055 -0.286236
vn 0.663718 -0.286238 -0.691047
vn 0.663718 -0.286238 -0.691047
vn 0.663717 0.286228 -0.691053
vn 0.692703 0.509979 -0.509984
vn 0.692703 0.509978 -0.509985
vn 0.663717 0.286228 -0.691053
vn 0.663719 0.691046 -0.286239
vn 0.663719 0.691046 -0.286239
vn 0.706249 0.654078 0.270913
vn 0.733696 0.480470 0.480457
vn 0.733696 0.480470 0.480457
vn 0.706249 0.654078 0.270913
vn 0.706260 0.270917 0.654065
vn 0.706260 0.270917 0.654065
vn 0.706258 -0.270919 0.654066
vn 0.733697 -0.480467 0.480458
vn 0.733697 -0.480468 0.480458
vn 0.706258 -0.270919 0.654066
vn 0.706255 -0.654071 0.270917
vn 0.706255 -0.654071 0.270917
s off
g Patas
usemtl initialShadingGroup
f 1582/2531/2784 1587/2295/2785 1588/2296/2786 1583/2532/2787
f 1594/2526/2788 1597/2299/2789 1596/2300/2790 1595/2301/2791
f 1595/2301/2792 1596/2300/2793 1599/2302/2794 1598/2525/2795
f 1585/2528/2796 1590/2305/2797 1591/2306/2798 1586/2506/2799
s 1
f 1677/2308/2800 1676/2309/2801 1678/2310/2802
f 1678/2310/2802 1676/2309/2801 1679/2311/2803
f 1679/2311/2803 1676/2309/2801 1680/2312/2804
f 1680/2312/2804 1676/2309/2801 1681/2313/2805
s off
f 1583/2297/2806 1643/2314/2807 1584/2315/2808
s 2
f 1589/2316/2809 1593/2317/2810 1648/2318/2811 1649/2319/2812
s 3
f 1588/2296/2813 1649/2319/2814 1643/2533/2815 1583/2532/2816
s 4
f 1584/2315/2817 1592/2320/2818 1653/2321/2819 1654/2322/2820
s 5
f 1585/2528/2821 1654/2510/2822 1658/2323/2823 1590/2305/2824
s off
f 1590/2305/2825 1658/2323/2826 1589/2316/2827
f 1593/2317/2828 1596/2300/2829 1597/2299/2830 1647/2324/2831
f 1601/2325/2832 1603/2326/2833 1602/2569/2834 1600/2523/2835
f 1592/2320/2836 1595/2527/2837 1598/2303/2838 1652/2329/2839
f 1636/2554/2840 1632/2331/2841 1633/2560/2842 1608/2566/2843
s 6
f 1646/2334/2844 1619/2335/2845 1618/2516/2846 1641/2514/2847
s 7
f 1594/2526/2848 1617/2521/2849 1616/2339/2850 1597/2299/2851
s 2
f 1616/2339/2852 1619/2335/2853 1646/2334/2854 1647/2324/2855
s 9
f 1651/2340/2856 1622/2515/2857 1621/2342/2858 1656/2343/2859
s off
f 1599/2302/2860 1620/2518/2861 1623/2517/2862 1598/2525/2863
s 4
f 1622/2341/2864 1651/2511/2865 1652/2329/2866
s 11
f 1633/2332/2867 1609/2346/2868 1605/2347/2869 1637/2348/2870
f 1634/2349/2871 1610/2558/2872 1606/2351/2873 1638/2352/2874
f 1635/2353/2875 1611/2556/2876 1607/2355/2877 1639/2356/2878
f 1636/2330/2879 1608/2333/2880 1604/2357/2881 1640/2358/2882
s 7
f 1613/2359/2883 1602/2327/2884 1603/2326/2885 1612/2360/2886
s 14
f 1614/2361/2887 1600/2328/2888 1602/2524/2889 1613/2522/2890
s 6
f 1615/2362/2891 1601/2325/2892 1600/2535/2893 1614/2520/2894
s 2
f 1612/2360/2895 1603/2326/2896 1601/2325/2897 1615/2362/2898
s 7
f 1617/2521/2849 1613/2359/2883 1612/2360/2886 1616/2339/2850
s 14
f 1618/2336/2899 1614/2361/2887 1613/2522/2890 1617/2338/2900
s 6
f 1619/2335/2845 1615/2362/2891 1614/2520/2894 1618/2516/2846
s 2
f 1616/2339/2852 1612/2360/2895 1615/2362/2898 1619/2335/2853
s 15
f 1625/2565/2901 1627/2364/2902 1626/2365/2903 1624/2366/2904
f 1628/2564/2905 1629/2368/2906 1627/2364/2902 1625/2565/2907
f 1630/2562/2908 1631/2568/2909 1629/2368/2906 1628/2564/2910
f 1624/2366/2911 1626/2365/2903 1631/2370/2909 1630/2567/2912
s off
f 1621/2519/2913 1625/2363/2914 1624/2563/2915 1620/2344/2916
s 15
f 1627/2364/2902 1605/2347/2917 1638/2352/2918
s off
f 1622/2341/2919 1628/2367/2920 1625/2363/2921 1621/2519/2922
s 15
f 1629/2368/2906 1604/2357/2923 1637/2348/2924
s off
f 1623/2345/2925 1630/2369/2926 1628/2367/2927 1622/2341/2928
s 15
f 1631/2370/2909 1607/2355/2929 1640/2553/2930
s off
f 1620/2344/2931 1624/2563/2932 1630/2369/2933 1623/2345/2934
s 15
f 1626/2365/2903 1639/2356/2935 1631/2370/2909
s off
f 1633/2560/2936 1632/2331/2937 1634/2559/2938 1609/2561/2939
f 1634/2559/2940 1632/2331/2941 1635/2557/2942 1610/2350/2943
f 1635/2557/2944 1632/2331/2945 1636/2554/2946 1611/2354/2947
s 11
f 1607/2355/2877 1611/2556/2876 1636/2555/2879 1640/2553/2882
f 1604/2357/2881 1608/2333/2880 1633/2332/2867 1637/2348/2870
f 1605/2347/2869 1609/2346/2868 1634/2349/2871 1638/2352/2874
f 1606/2351/2873 1610/2558/2872 1635/2353/2875 1639/2356/2878
s 15
f 1629/2368/2906 1631/2568/2909 1640/2358/2930
f 1604/2357/2923 1629/2368/2906 1640/2358/2930
f 1627/2364/2902 1629/2368/2906 1637/2348/2924
f 1605/2347/2917 1627/2364/2902 1637/2348/2924
f 1626/2365/2903 1627/2364/2902 1638/2352/2918
f 1626/2365/2903 1606/2351/2948 1639/2356/2935
f 1606/2351/2948 1626/2365/2903 1638/2352/2918
f 1639/2356/2935 1607/2355/2929 1631/2370/2909
s off
f 1617/2338/2949 1594/2298/2950 1645/2371/2951
f 1621/2342/2952 1620/2518/2953 1599/2302/2954 1660/2372/2955
s 3
f 1643/2533/2815 1649/2319/2814 1650/2373/2956 1642/2513/2957
s 6
f 1642/2512/2958 1650/2373/2959 1646/2334/2844 1641/2514/2847
s 9
f 1651/2340/2856 1656/2343/2859 1657/2375/2960 1655/2509/2961
s 5
f 1655/2508/2962 1657/2375/2963 1658/2323/2823 1654/2510/2822
s 14
f 1641/2337/2964 1645/2371/2965 1661/2377/2966 1642/2374/2967
f 1645/2371/2965 1592/2320/2968 1644/2378/2969 1661/2377/2966
f 1644/2378/2969 1643/2314/2970 1642/2374/2967 1661/2377/2966
s 2
f 1649/2319/2812 1648/2318/2811 1662/2379/2971 1650/2373/2972
f 1647/2324/2855 1646/2334/2854 1650/2373/2972 1662/2379/2971
s 4
f 1654/2322/2820 1653/2321/2819 1663/2380/2973 1655/2376/2974
f 1652/2329/2866 1651/2511/2865 1655/2376/2974 1663/2380/2973
s 22
f 1656/2343/2975 1660/2372/2976 1664/2381/2977 1657/2375/2978
f 1660/2372/2976 1593/2317/2979 1659/2382/2980 1664/2381/2977
f 1659/2382/2980 1658/2323/2981 1657/2375/2978 1664/2381/2977
s 2
f 1647/2324/2855 1662/2379/2971 1648/2318/2811 1593/2317/2982
s off
f 1597/2299/2983 1616/2339/2984 1647/2324/2985
s 22
f 1656/2343/2975 1621/2342/2986 1660/2372/2976
s 14
f 1641/2337/2964 1618/2336/2899 1617/2338/2900 1645/2371/2965
s off
f 1645/2371/2987 1594/2298/2988 1595/2527/2989 1592/2320/2990
s 14
f 1643/2314/2970 1644/2378/2969 1592/2320/2991 1584/2315/2992
s off
f 1584/2315/2993 1654/2322/2994 1585/2304/2995
f 1589/2316/2996 1649/2319/2997 1588/2296/2998
s 22
f 1658/2323/2981 1659/2382/2980 1593/2317/2999 1589/2316/3000
s off
f 1598/2303/3001 1623/2345/3002 1622/2341/3003 1652/2329/3004
s 4
f 1652/2329/2866 1663/2380/2973 1653/2321/2819 1592/2320/3005
s off
f 1660/2372/3006 1599/2302/3007 1596/2300/3008 1593/2317/3009
f 1583/2297/3010 1665/2383/3011 1582/2294/3012
f 1584/2315/3013 1665/2383/3014 1583/2297/3015
f 1585/2304/3016 1665/2383/3017 1584/2315/3018
f 1586/2507/3019 1665/2383/3020 1585/2304/3021
s 23
f 1587/2295/3022 1666/2384/3023 1667/2385/3024 1588/2296/3025
f 1588/2296/3025 1667/2385/3024 1668/2386/3026 1589/2316/3027
s 24
f 1589/2316/3028 1668/2386/3029 1669/2387/3030 1590/2305/3031
f 1590/2305/3031 1669/2387/3030 1670/2388/3032 1591/2306/3033
s 25
f 1666/2384/3034 1671/2389/3035 1672/2390/3036 1667/2385/3037
f 1667/2385/3037 1672/2390/3036 1673/2391/3038 1668/2386/3039
s 26
f 1668/2386/3040 1673/2391/3041 1674/2392/3042 1669/2387/3043
f 1669/2387/3043 1674/2392/3042 1675/2393/3044 1670/2388/3045
s 27
f 1671/2389/3046 1677/2308/3047 1678/2310/3048 1672/2390/3049
f 1672/2390/3049 1678/2310/3048 1679/2311/3050 1673/2391/3051
s 28
f 1673/2391/3052 1679/2311/3053 1680/2312/3054 1674/2392/3055
f 1674/2392/3055 1680/2312/3054 1681/2313/3056 1675/2393/3057
s off
f 1582/2536/3058 1682/2529/3059 1685/2395/3060 1587/2295/3061
f 1690/2503/3062 1691/2504/3063 1692/2398/3064 1693/2399/3065
f 1691/2504/3066 1694/2502/3067 1695/2401/3068 1692/2398/3069
f 1684/2505/3070 1586/2307/3071 1591/2306/3072 1687/2403/3073
s 29
f 1677/2308/3074 1767/2404/3075 1676/2309/3076
f 1767/2404/3075 1768/2405/3077 1676/2309/3076
f 1768/2405/3077 1769/2406/3078 1676/2309/3076
f 1769/2406/3078 1681/2313/3079 1676/2309/3076
s off
f 1682/2394/3080 1683/2407/3081 1739/2408/3082
s 30
f 1686/2409/3083 1745/2410/3084 1744/2411/3085 1689/2412/3086
s 31
f 1685/2395/3087 1682/2529/3088 1739/2530/3089 1745/2410/3090
s 32
f 1683/2407/3091 1750/2413/3092 1749/2414/3093 1688/2415/3094
s 33
f 1684/2505/3095 1687/2403/3096 1754/2416/3097 1750/2484/3098
s off
f 1687/2403/3099 1686/2409/3100 1754/2416/3101
f 1689/2412/3102 1743/2417/3103 1693/2399/3104 1692/2398/3105
f 1697/2418/3106 1696/2534/3107 1698/2500/3108 1699/2421/3109
f 1688/2415/3110 1748/2422/3111 1694/2400/3112 1691/2397/3113
f 1732/2539/3114 1704/2424/3115 1729/2545/3116 1728/2426/3117
s 34
f 1742/2427/3118 1737/2428/3119 1714/2429/3120 1715/2430/3121
s 35
f 1690/2503/3122 1693/2399/3123 1712/2431/3124 1713/2497/3125
s 30
f 1712/2431/3126 1743/2417/3127 1742/2427/3128 1715/2430/3129
s 37
f 1747/2485/3130 1752/2434/3131 1717/2435/3132 1718/2489/3133
s off
f 1695/2401/3134 1694/2502/3135 1719/2492/3136 1716/2494/3137
s 32
f 1718/2436/3138 1748/2422/3139 1747/2433/3140
s 39
f 1729/2425/3141 1733/2439/3142 1701/2440/3143 1705/2546/3144
f 1730/2442/3145 1734/2443/3146 1702/2444/3147 1706/2445/3148
f 1731/2446/3149 1735/2447/3150 1703/2448/3151 1707/2449/3152
f 1732/2540/3153 1736/2450/3154 1700/2451/3155 1704/2552/3156
s 35
f 1709/2498/3157 1708/2453/3158 1699/2421/3159 1698/2501/3160
s 40
f 1710/2496/3161 1709/2452/3162 1698/2420/3163 1696/2499/3164
s 34
f 1711/2455/3165 1710/2454/3166 1696/2419/3167 1697/2418/3168
s 30
f 1708/2453/3169 1711/2455/3170 1697/2418/3171 1699/2421/3172
s 35
f 1713/2497/3125 1712/2431/3124 1708/2453/3158 1709/2498/3157
s 40
f 1714/2490/3173 1713/2432/3174 1709/2452/3162 1710/2496/3161
s 34
f 1715/2430/3121 1714/2429/3120 1710/2454/3166 1711/2455/3165
s 30
f 1712/2431/3126 1715/2430/3129 1711/2455/3170 1708/2453/3169
s 41
f 1721/2456/3175 1720/2549/3176 1722/2458/3177 1723/2459/3178
f 1724/2460/3179 1721/2456/3180 1723/2459/3178 1725/2461/3181
f 1726/2491/3182 1724/2460/3183 1725/2461/3181 1727/2537/3184
f 1720/2549/3185 1726/2462/3186 1727/2463/3184 1722/2458/3177
s off
f 1717/2495/3187 1716/2438/3188 1720/2457/3189 1721/2551/3190
s 41
f 1723/2459/3178 1734/2443/3191 1701/2440/3192
s off
f 1718/2436/3193 1717/2495/3194 1721/2551/3195 1724/2550/3196
s 41
f 1725/2461/3181 1733/2439/3197 1700/2451/3198
s off
f 1719/2437/3199 1718/2436/3200 1724/2550/3201 1726/2547/3202
s 41
f 1727/2463/3184 1736/2538/3203 1703/2448/3204
s off
f 1716/2438/3205 1719/2493/3206 1726/2548/3207 1720/2457/3208
s 41
f 1722/2458/3177 1727/2463/3184 1735/2447/3209
s off
f 1729/2545/3210 1705/2441/3211 1730/2544/3212 1728/2426/3213
f 1730/2544/3214 1706/2543/3215 1731/2542/3216 1728/2426/3217
f 1731/2542/3218 1707/2541/3219 1732/2539/3220 1728/2426/3221
s 39
f 1703/2448/3151 1736/2538/3154 1732/2423/3153 1707/2449/3152
f 1700/2451/3155 1733/2439/3142 1729/2425/3141 1704/2552/3156
f 1701/2440/3143 1734/2443/3146 1730/2442/3145 1705/2546/3144
f 1702/2444/3147 1735/2447/3150 1731/2446/3149 1706/2445/3148
s 41
f 1725/2461/3181 1736/2450/3203 1727/2537/3184
f 1700/2451/3198 1736/2450/3203 1725/2461/3181
f 1723/2459/3178 1733/2439/3197 1725/2461/3181
f 1701/2440/3192 1733/2439/3197 1723/2459/3178
f 1722/2458/3177 1734/2443/3191 1723/2459/3178
f 1722/2458/3177 1735/2447/3209 1702/2444/3222
f 1702/2444/3222 1734/2443/3191 1722/2458/3177
f 1735/2447/3209 1727/2463/3184 1703/2448/3204
s off
f 1713/2432/3223 1741/2464/3224 1690/2396/3225
f 1717/2435/3226 1756/2465/3227 1695/2401/3228 1716/2494/3229
s 31
f 1739/2530/3089 1738/2486/3230 1746/2467/3231 1745/2410/3090
s 34
f 1738/2487/3232 1737/2428/3119 1742/2427/3118 1746/2467/3233
s 37
f 1747/2485/3130 1751/2482/3234 1753/2469/3235 1752/2434/3131
s 33
f 1751/2483/3236 1750/2484/3098 1754/2416/3097 1753/2469/3237
s 40
f 1737/2488/3238 1738/2466/3239 1757/2470/3240 1741/2464/3241
f 1741/2464/3241 1757/2470/3240 1740/2471/3242 1688/2415/3243
f 1740/2471/3242 1757/2470/3240 1738/2466/3239 1739/2408/3244
s 30
f 1745/2410/3084 1746/2467/3245 1758/2472/3246 1744/2411/3085
f 1743/2417/3127 1758/2472/3246 1746/2467/3245 1742/2427/3128
s 32
f 1750/2413/3092 1751/2468/3247 1759/2473/3248 1749/2414/3093
f 1748/2422/3139 1759/2473/3248 1751/2468/3247 1747/2433/3140
s 46
f 1752/2434/3249 1753/2469/3250 1760/2474/3251 1756/2465/3252
f 1756/2465/3252 1760/2474/3251 1755/2475/3253 1689/2412/3254
f 1755/2475/3253 1760/2474/3251 1753/2469/3250 1754/2416/3255
s 30
f 1743/2417/3127 1689/2412/3256 1744/2411/3085 1758/2472/3246
s off
f 1693/2399/3257 1743/2417/3258 1712/2431/3259
s 46
f 1752/2434/3249 1756/2465/3252 1717/2435/3260
s 40
f 1737/2488/3238 1741/2464/3241 1713/2432/3174 1714/2490/3173
s off
f 1741/2464/3261 1688/2415/3262 1691/2397/3263 1690/2396/3264
s 40
f 1739/2408/3244 1683/2407/3265 1688/2415/3266 1740/2471/3242
s off
f 1683/2407/3267 1684/2402/3268 1750/2413/3269
f 1686/2409/3270 1685/2395/3271 1745/2410/3272
s 46
f 1754/2416/3255 1686/2409/3273 1689/2412/3274 1755/2475/3253
s off
f 1694/2400/3275 1748/2422/3276 1718/2436/3277 1719/2437/3278
s 32
f 1748/2422/3139 1688/2415/3279 1749/2414/3093 1759/2473/3248
s off
f 1756/2465/3280 1689/2412/3281 1692/2398/3282 1695/2401/3283
f 1682/2394/3284 1582/2294/3285 1665/2383/3286
f 1683/2407/3287 1682/2394/3288 1665/2383/3289
f 1684/2402/3290 1683/2407/3291 1665/2383/3292
f 1586/2507/3293 1684/2402/3294 1665/2383/3295
s 47
f 1587/2295/3296 1685/2395/3297 1761/2476/3298 1666/2384/3299
f 1685/2395/3297 1686/2409/3300 1762/2477/3301 1761/2476/3298
s 48
f 1686/2409/3302 1687/2403/3303 1763/2478/3304 1762/2477/3305
f 1687/2403/3303 1591/2306/3306 1670/2388/3307 1763/2478/3304
s 49
f 1666/2384/3308 1761/2476/3309 1764/2479/3310 1671/2389/3311
f 1761/2476/3309 1762/2477/3312 1765/2480/3313 1764/2479/3310
s 50
f 1762/2477/3314 1763/2478/3315 1766/2481/3316 1765/2480/3317
f 1763/2478/3315 1670/2388/3318 1675/2393/3319 1766/2481/3316
s 51
f 1671/2389/3320 1764/2479/3321 1767/2404/3322 1677/2308/3323
f 1764/2479/3321 1765/2480/3324 1768/2405/3325 1767/2404/3322
s 52
f 1765/2480/3326 1766/2481/3327 1769/2406/3328 1768/2405/3329
f 1766/2481/3327 1675/2393/3330 1681/2313/3331 1769/2406/3328
g default
v -3.161491 0.586947 -0.561184
v -3.161491 0.591169 -0.554866
v -3.161491 0.597488 -0.550643
v -3.161491 0.609721 -0.549161
v -3.161491 0.612395 -0.550643
v -3.161491 0.621442 -0.554866
v -3.161491 0.622936 -0.561184
v -3.161491 0.624418 -0.568638
v -3.161491 0.622936 -0.576091
v -3.161491 0.621442 -0.582410
v -3.161491 0.612395 -0.586632
v -3.161491 0.609721 -0.588115
v -3.161491 0.597488 -0.586632
v -3.161491 0.591169 -0.582410
v -3.161491 0.586947 -0.576091
v -3.161491 0.585464 -0.568638
v -3.161491 0.609721 -0.568638
v -3.417697 0.585254 -0.588115
v -3.376020 0.599960 -0.588115
v -3.334255 0.604941 -0.588115
v -3.333799 0.612395 -0.586632
v -3.375714 0.607503 -0.586632
v -3.416943 0.593064 -0.586632
v -3.333349 0.618714 -0.582410
v -3.375315 0.613956 -0.582410
v -3.415818 0.599914 -0.582410
v -3.333154 0.622936 -0.576091
v -3.375057 0.618277 -0.576091
v -3.414992 0.604527 -0.576091
v -3.333296 0.624418 -0.568638
v -3.375061 0.619775 -0.568638
v -3.414864 0.606070 -0.568638
v -3.333154 0.622936 -0.561184
v -3.375057 0.618277 -0.561184
v -3.414992 0.604527 -0.561184
v -3.333349 0.618714 -0.554866
v -3.375315 0.613956 -0.554866
v -3.415818 0.599914 -0.554866
v -3.333799 0.612395 -0.550643
v -3.375714 0.607503 -0.550643
v -3.416943 0.593064 -0.550643
v -3.334255 0.604941 -0.549161
v -3.376020 0.599960 -0.549161
v -3.417697 0.585254 -0.549161
v -3.333799 0.597488 -0.550643
v -3.375714 0.592596 -0.550643
v -3.416943 0.578156 -0.550643
v -3.333348 0.591169 -0.554866
v -3.375315 0.586411 -0.554866
v -3.415818 0.572370 -0.554866
v -3.333155 0.586947 -0.561184
v -3.375057 0.582288 -0.561184
v -3.414992 0.568539 -0.561184
v -3.333296 0.585464 -0.568638
v -3.375061 0.580821 -0.568638
v -3.414864 0.567117 -0.568638
v -3.333155 0.586947 -0.576091
v -3.375057 0.582288 -0.576091
v -3.414992 0.568539 -0.576091
v -3.333348 0.591169 -0.582410
v -3.375315 0.586411 -0.582410
v -3.415818 0.572370 -0.582410
v -3.333799 0.597488 -0.586632
v -3.375714 0.592596 -0.586632
v -3.416943 0.578156 -0.586632
v -3.666966 0.465304 -0.588115
v -3.652061 0.466859 -0.588115
v -3.637186 0.471446 -0.588115
v -3.667130 0.472758 -0.586632
v -3.652170 0.474284 -0.586632
v -3.637455 0.478789 -0.586632
v -3.667291 0.479077 -0.582410
v -3.652312 0.480561 -0.582410
v -3.637856 0.484942 -0.582410
v -3.667360 0.483300 -0.576091
v -3.652405 0.484754 -0.576091
v -3.638151 0.489041 -0.576091
v -3.667309 0.484782 -0.568638
v -3.652404 0.486230 -0.568638
v -3.638197 0.490508 -0.568638
v -3.667360 0.483300 -0.561184
v -3.652405 0.484754 -0.561184
v -3.638151 0.489041 -0.561184
v -3.667291 0.479077 -0.554866
v -3.652312 0.480561 -0.554866
v -3.637856 0.484942 -0.554866
v -3.667130 0.472758 -0.550643
v -3.652170 0.474284 -0.550643
v -3.637455 0.478789 -0.550643
v -3.666966 0.465304 -0.549161
v -3.652061 0.466859 -0.549161
v -3.637186 0.471446 -0.549161
v -3.667130 0.457852 -0.550643
v -3.652170 0.459378 -0.550643
v -3.637455 0.463881 -0.550643
v -3.667291 0.451533 -0.554866
v -3.652312 0.453017 -0.554866
v -3.637856 0.457396 -0.554866
v -3.667359 0.447310 -0.561184
v -3.652405 0.448764 -0.561184
v -3.638151 0.453053 -0.561184
v -3.667309 0.445828 -0.568638
v -3.652404 0.447276 -0.568638
v -3.638197 0.451552 -0.568638
v -3.667359 0.447310 -0.576091
v -3.652405 0.448764 -0.576091
v -3.638151 0.453053 -0.576091
v -3.667291 0.451533 -0.582410
v -3.652312 0.453017 -0.582410
v -3.637856 0.457396 -0.582410
v -3.667130 0.457852 -0.586632
v -3.652170 0.459378 -0.586632
v -3.637455 0.463881 -0.586632
v -3.099445 0.609721 -0.549161
v -3.099445 0.612395 -0.549648
v -3.099445 0.609721 -0.568638
v -3.099445 0.620841 -0.549954
v -3.099445 0.620841 -0.558526
v -3.099445 0.620841 -0.568638
v -3.099445 0.620841 -0.578750
v -3.099445 0.620841 -0.587322
v -3.099445 0.612395 -0.587628
v -3.099445 0.609721 -0.588115
v -4.448930 0.586947 -0.561184
v -4.448930 0.591169 -0.554866
v -4.448930 0.597488 -0.550643
v -4.448930 0.609721 -0.549161
v -4.448930 0.612395 -0.550643
v -4.448930 0.621442 -0.554866
v -4.448930 0.622936 -0.561184
v -4.448930 0.624418 -0.568638
v -4.448930 0.622936 -0.576091
v -4.448930 0.621442 -0.582410
v -4.448930 0.612395 -0.586632
v -4.448930 0.609721 -0.588115
v -4.448930 0.597488 -0.586632
v -4.448930 0.591169 -0.582410
v -4.448930 0.586947 -0.576091
v -4.448930 0.585464 -0.568638
v -4.448930 0.609721 -0.568638
v -4.192723 0.585254 -0.588115
v -4.234401 0.599960 -0.588115
v -4.276166 0.604941 -0.588115
v -4.276621 0.612395 -0.586632
v -4.234707 0.607503 -0.586632
v -4.193478 0.593064 -0.586632
v -4.277072 0.618714 -0.582410
v -4.235106 0.613956 -0.582410
v -4.194603 0.599914 -0.582410
v -4.277267 0.622936 -0.576091
v -4.235364 0.618277 -0.576091
v -4.195429 0.604527 -0.576091
v -4.277125 0.624418 -0.568638
v -4.235360 0.619775 -0.568638
v -4.195557 0.606070 -0.568638
v -4.277267 0.622936 -0.561184
v -4.235364 0.618277 -0.561184
v -4.195429 0.604527 -0.561184
v -4.277072 0.618714 -0.554866
v -4.235106 0.613956 -0.554866
v -4.194603 0.599914 -0.554866
v -4.276621 0.612395 -0.550643
v -4.234707 0.607503 -0.550643
v -4.193478 0.593064 -0.550643
v -4.276166 0.604941 -0.549161
v -4.234401 0.599960 -0.549161
v -4.192723 0.585254 -0.549161
v -4.276621 0.597488 -0.550643
v -4.234707 0.592596 -0.550643
v -4.193478 0.578156 -0.550643
v -4.277072 0.591169 -0.554866
v -4.235106 0.586411 -0.554866
v -4.194603 0.572370 -0.554866
v -4.277266 0.586947 -0.561184
v -4.235364 0.582288 -0.561184
v -4.195429 0.568539 -0.561184
v -4.277125 0.585464 -0.568638
v -4.235360 0.580821 -0.568638
v -4.195557 0.567117 -0.568638
v -4.277266 0.586947 -0.576091
v -4.235364 0.582288 -0.576091
v -4.195429 0.568539 -0.576091
v -4.277072 0.591169 -0.582410
v -4.235106 0.586411 -0.582410
v -4.194603 0.572370 -0.582410
v -4.276621 0.597488 -0.586632
v -4.234707 0.592596 -0.586632
v -4.193478 0.578156 -0.586632
v -3.943454 0.465304 -0.588115
v -3.958360 0.466859 -0.588115
v -3.973235 0.471446 -0.588115
v -3.943291 0.472758 -0.586632
v -3.958251 0.474284 -0.586632
v -3.972966 0.478789 -0.586632
v -3.943130 0.479077 -0.582410
v -3.958108 0.480561 -0.582410
v -3.972564 0.484942 -0.582410
v -3.943060 0.483300 -0.576091
v -3.958016 0.484754 -0.576091
v -3.972270 0.489041 -0.576091
v -3.943112 0.484782 -0.568638
v -3.958017 0.486230 -0.568638
v -3.972224 0.490508 -0.568638
v -3.943060 0.483300 -0.561184
v -3.958016 0.484754 -0.561184
v -3.972270 0.489041 -0.561184
v -3.943130 0.479077 -0.554866
v -3.958108 0.480561 -0.554866
v -3.972564 0.484942 -0.554866
v -3.943291 0.472758 -0.550643
v -3.958251 0.474284 -0.550643
v -3.972966 0.478789 -0.550643
v -3.943454 0.465304 -0.549161
v -3.958360 0.466859 -0.549161
v -3.973235 0.471446 -0.549161
v -3.943291 0.457852 -0.550643
v -3.958251 0.459378 -0.550643
v -3.972966 0.463881 -0.550643
v -3.943130 0.451533 -0.554866
v -3.958108 0.453017 -0.554866
v -3.972564 0.457396 -0.554866
v -3.943060 0.447310 -0.561184
v -3.958016 0.448764 -0.561184
v -3.972270 0.453053 -0.561184
v -3.943112 0.445828 -0.568638
v -3.958017 0.447276 -0.568638
v -3.972224 0.451552 -0.568638
v -3.943060 0.447310 -0.576091
v -3.958016 0.448764 -0.576091
v -3.972270 0.453053 -0.576091
v -3.943130 0.451533 -0.582410
v -3.958108 0.453017 -0.582410
v -3.972564 0.457396 -0.582410
v -3.943291 0.457852 -0.586632
v -3.958251 0.459378 -0.586632
v -3.972966 0.463881 -0.586632
v -4.510975 0.609721 -0.549161
v -4.510975 0.612395 -0.549648
v -4.510975 0.609721 -0.568638
v -4.510975 0.620841 -0.549954
v -4.510975 0.620841 -0.558526
v -4.510975 0.620841 -0.568638
v -4.510975 0.620841 -0.578750
v -4.510975 0.620841 -0.587322
v -4.510975 0.612395 -0.587628
v -4.510975 0.609721 -0.588115
vt 0.947701 0.438076
vt 0.950039 0.438070
vt 0.634046 0.036015
vt 0.945360 0.438087
vt 0.640097 0.036028
vt 0.639971 0.015983
vt 0.640097 0.016807
vt 0.634044 0.016698
vt 0.639945 0.013381
vt 0.637307 0.013311
vt 0.633891 0.013207
vt 0.630762 0.013321
vt 0.628121 0.013399
vt 0.628097 0.015999
vt 0.627969 0.016824
vt 0.959394 0.438087
vt 0.963196 0.438109
vt 0.957053 0.438076
vt 0.954715 0.438070
vt 0.952377 0.438066
vt 0.961813 0.384383
vt 0.961800 0.371333
vt 0.964110 0.371951
vt 0.964167 0.384683
vt 0.961509 0.357564
vt 0.963657 0.358733
vt 0.947665 0.384367
vt 0.950022 0.384334
vt 0.945305 0.384363
vt 0.942943 0.384383
vt 0.940610 0.438123
vt 0.940589 0.384683
vt 0.937509 0.438160
vt 0.938234 0.384954
vt 0.935490 0.438141
vt 0.935874 0.385098
vt 0.933127 0.438117
vt 0.933510 0.385086
vt 0.969264 0.438142
vt 0.968882 0.385099
vt 0.967245 0.438160
vt 0.966522 0.384955
vt 0.964144 0.438124
vt 0.959451 0.384363
vt 0.957091 0.384367
vt 0.954734 0.384334
vt 0.952378 0.384255
vt 0.966447 0.372492
vt 0.965868 0.359862
vt 0.968801 0.372836
vt 0.968170 0.360618
vt 0.933594 0.372925
vt 0.970529 0.360809
vt 0.935956 0.372835
vt 0.936588 0.360617
vt 0.938310 0.372491
vt 0.938889 0.359862
vt 0.940646 0.371950
vt 0.941101 0.358732
vt 0.942957 0.371333
vt 0.943249 0.357564
vt 0.945260 0.370895
vt 0.945409 0.356903
vt 0.947591 0.370566
vt 0.947644 0.356510
vt 0.949968 0.370342
vt 0.949978 0.356274
vt 0.952379 0.370235
vt 0.952379 0.356136
vt 0.954789 0.370343
vt 0.954780 0.356274
vt 0.957166 0.370566
vt 0.957114 0.356510
vt 0.959497 0.370895
vt 0.959349 0.356903
vt 0.961264 0.281133
vt 0.963389 0.281889
vt 0.965592 0.282486
vt 0.967888 0.282885
vt 0.934518 0.283061
vt 0.936875 0.282886
vt 0.939172 0.282487
vt 0.941374 0.281890
vt 0.943499 0.281135
vt 0.945605 0.280233
vt 0.947775 0.279451
vt 0.950044 0.278944
vt 0.952381 0.278790
vt 0.954719 0.278943
vt 0.956988 0.279449
vt 0.959158 0.280231
vt 0.961760 0.271668
vt 0.961372 0.276266
vt 0.959135 0.275730
vt 0.959417 0.271403
vt 0.963623 0.276773
vt 0.964104 0.271845
vt 0.965915 0.277217
vt 0.966451 0.272000
vt 0.968255 0.277545
vt 0.968804 0.272131
vt 0.934151 0.277726
vt 0.971164 0.272226
vt 0.936514 0.277547
vt 0.935977 0.272134
vt 0.938853 0.277220
vt 0.938324 0.272004
vt 0.941143 0.276777
vt 0.940664 0.271851
vt 0.943391 0.276271
vt 0.943000 0.271674
vt 0.945625 0.275734
vt 0.945336 0.271408
vt 0.947867 0.275301
vt 0.947676 0.271187
vt 0.950118 0.275026
vt 0.950022 0.271057
vt 0.952378 0.274932
vt 0.952371 0.271036
vt 0.954638 0.275024
vt 0.954721 0.271054
vt 0.956891 0.275298
vt 0.957070 0.271183
vt 0.947700 0.019431
vt 0.364083 0.017565
vt 0.950038 0.019437
vt 0.945359 0.019420
vt 0.941556 0.019398
vt 0.941325 0.000096
vt 0.364083 0.036829
vt 0.370130 0.036829
vt 0.938699 0.000002
vt 0.936036 0.000048
vt 0.971870 0.000096
vt 0.968727 0.000050
vt 0.966064 0.000002
vt 0.963438 0.000094
vt 0.358036 0.036829
vt 0.959392 0.019421
vt 0.358036 0.017565
vt 0.957051 0.019431
vt 0.954713 0.019437
vt 0.952376 0.019441
vt 0.961808 0.073124
vt 0.964162 0.072825
vt 0.964105 0.085557
vt 0.961794 0.086174
vt 0.963650 0.098775
vt 0.961502 0.099943
vt 0.950017 0.073173
vt 0.947660 0.073140
vt 0.945300 0.073144
vt 0.942938 0.073124
vt 0.940584 0.072824
vt 0.940608 0.019383
vt 0.938229 0.072552
vt 0.937507 0.019346
vt 0.935869 0.072408
vt 0.935488 0.019365
vt 0.971241 0.072421
vt 0.971626 0.019392
vt 0.968877 0.072410
vt 0.969263 0.019367
vt 0.966517 0.072553
vt 0.967244 0.019348
vt 0.964143 0.019384
vt 0.959446 0.073144
vt 0.957086 0.073140
vt 0.954729 0.073173
vt 0.952373 0.073252
vt 0.966441 0.085017
vt 0.965861 0.097645
vt 0.968795 0.084672
vt 0.968163 0.096890
vt 0.933588 0.084581
vt 0.934222 0.096698
vt 0.935950 0.084671
vt 0.936581 0.096889
vt 0.938304 0.085016
vt 0.938883 0.097645
vt 0.940641 0.085556
vt 0.941094 0.098774
vt 0.942951 0.086174
vt 0.943242 0.099943
vt 0.945254 0.086612
vt 0.945402 0.100604
vt 0.947585 0.086941
vt 0.947637 0.100997
vt 0.949962 0.087165
vt 0.949971 0.101233
vt 0.952373 0.087272
vt 0.952372 0.101371
vt 0.954783 0.087165
vt 0.954773 0.101233
vt 0.957160 0.086942
vt 0.957107 0.100998
vt 0.959491 0.086612
vt 0.959342 0.100604
vt 0.963377 0.175617
vt 0.961252 0.176372
vt 0.965579 0.175020
vt 0.967876 0.174622
vt 0.970233 0.174447
vt 0.936863 0.174622
vt 0.939159 0.175021
vt 0.941362 0.175618
vt 0.943487 0.176374
vt 0.945593 0.177276
vt 0.947764 0.178058
vt 0.950032 0.178564
vt 0.952370 0.178717
vt 0.954707 0.178563
vt 0.956976 0.178056
vt 0.959146 0.177274
vt 0.961751 0.185833
vt 0.959415 0.186099
vt 0.959126 0.181773
vt 0.961360 0.181237
vt 0.963608 0.180730
vt 0.964087 0.185656
vt 0.965898 0.180287
vt 0.966427 0.185503
vt 0.968237 0.179960
vt 0.968774 0.185373
vt 0.934132 0.179781
vt 0.933587 0.185281
vt 0.936496 0.179962
vt 0.935947 0.185377
vt 0.938836 0.180290
vt 0.938300 0.185507
vt 0.941128 0.180734
vt 0.940647 0.185662
vt 0.943379 0.181241
vt 0.942991 0.185839
vt 0.945616 0.181777
vt 0.945334 0.186104
vt 0.947860 0.182210
vt 0.947681 0.186324
vt 0.950114 0.182483
vt 0.950031 0.186453
vt 0.952373 0.182575
vt 0.952380 0.186471
vt 0.954633 0.182481
vt 0.954729 0.186451
vt 0.956884 0.182206
vt 0.957075 0.186320
vt 0.933620 0.272229
vt 0.971131 0.185278
vt 0.358187 0.037659
vt 0.962593 0.000122
vt 0.963195 0.019399
vt 0.358282 0.040282
vt 0.360944 0.040282
vt 0.932893 0.000093
vt 0.364083 0.040282
vt 0.367223 0.040282
vt 0.933125 0.019389
vt 0.369884 0.040282
vt 0.369979 0.037659
vt 0.942170 0.000122
vt 0.370130 0.017565
vt 0.934506 0.174446
vt 0.970523 0.096699
vt 0.970600 0.179781
vt 0.933505 0.072420
vt 0.971157 0.084582
vt 0.364083 0.010034
vt 0.366397 0.010495
vt 0.361769 0.010495
vt 0.359807 0.011805
vt 0.358496 0.013767
vt 0.369670 0.013767
vt 0.368359 0.011805
vt 0.963438 0.457413
vt 0.962593 0.457386
vt 0.628018 0.036024
vt 0.966064 0.457506
vt 0.968727 0.457458
vt 0.634180 0.013209
vt 0.932893 0.457413
vt 0.971870 0.457412
vt 0.936036 0.457458
vt 0.971627 0.438117
vt 0.938699 0.457504
vt 0.941325 0.457411
vt 0.942170 0.457385
vt 0.941558 0.438108
vt 0.970245 0.283061
vt 0.934228 0.360809
vt 0.970619 0.277726
vt 0.971246 0.385087
vt 0.971163 0.372926
vt 0.634049 0.043551
vt 0.636358 0.043091
vt 0.631739 0.043091
vt 0.629782 0.041781
vt 0.628475 0.039821
vt 0.639625 0.039823
vt 0.638316 0.041781
vn 1.000000 0.000000 0.000000
vn 1.000000 0.000000 0.000000
vn 1.000000 -0.000002 0.000000
vn 1.000000 0.000000 0.000000
vn 1.000000 0.000000 0.000000
vn 1.000000 0.000000 0.000000
vn 1.000000 0.000000 0.000000
vn 1.000000 0.000000 0.000000
vn 1.000000 0.000000 0.000000
vn 1.000000 0.000000 0.000000
vn 1.000000 0.000000 0.000000
vn 1.000000 0.000000 0.000000
vn 1.000000 0.000000 0.000000
vn 1.000000 0.000000 0.000000
vn 1.000000 0.000000 0.000000
vn 1.000000 -0.000023 0.000000
vn 1.000000 0.000000 0.000000
vn 1.000000 -0.000007 0.000000
vn 1.000000 0.000010 0.000000
vn 1.000000 0.000000 0.000000
vn -0.000307 0.000115 -1.000000
vn -0.006482 0.013541 -0.999887
vn -0.093327 0.390356 -0.915921
vn -0.012687 0.404216 -0.914576
vn -0.022320 0.041028 -0.998909
vn -0.208614 0.419392 -0.883510
vn -0.000001 -0.923876 0.382691
vn -0.000000 -0.706972 0.707241
vn 0.015513 -0.703524 0.710502
vn 0.019945 -0.923369 0.383395
vn 0.001199 -0.332512 0.943098
vn 0.008655 -0.334057 0.942513
vn -0.000046 0.003291 0.999995
vn -0.000307 0.000115 1.000000
vn -0.003869 0.408497 0.912751
vn -0.012687 0.404219 0.914574
vn -0.005622 0.708298 0.705892
vn -0.019960 0.702381 0.711521
vn -0.003476 0.953769 0.300520
vn -0.022935 0.948403 0.316236
vn 0.000000 1.000000 -0.000000
vn -0.021949 0.999759 -0.000000
vn -0.003476 0.953770 -0.300519
vn -0.022935 0.948404 -0.316235
vn -0.005622 0.708300 -0.705889
vn -0.019961 0.702383 -0.711519
vn -0.003868 0.408494 -0.912753
vn -0.000045 0.003291 -0.999995
vn 0.001199 -0.332509 -0.943100
vn 0.008655 -0.334054 -0.942514
vn 0.000000 -0.706973 -0.707240
vn 0.015513 -0.703524 -0.710502
vn -0.000000 -0.923877 -0.382690
vn 0.019945 -0.923370 -0.383393
vn -0.000001 -1.000000 -0.000006
vn 0.022429 -0.999749 -0.000005
vn -0.159746 0.701279 -0.694758
vn -0.340518 0.692600 -0.635887
vn -0.200948 0.905436 -0.373907
vn -0.414312 0.848595 -0.328988
vn -0.216483 0.976286 0.000000
vn -0.438852 0.898559 0.000000
vn -0.200947 0.905435 0.373908
vn -0.414313 0.848593 0.328989
vn -0.159744 0.701278 0.694760
vn -0.340514 0.692597 0.635893
vn -0.093329 0.390360 0.915920
vn -0.208615 0.419396 0.883508
vn -0.006483 0.013541 0.999887
vn -0.022319 0.041028 0.998909
vn 0.084333 -0.370744 0.924898
vn 0.172630 -0.352214 0.919861
vn 0.158289 -0.693964 0.702394
vn 0.323400 -0.657764 0.680263
vn 0.205000 -0.903579 0.376191
vn 0.412228 -0.838403 0.356579
vn 0.222349 -0.974967 -0.000000
vn 0.442059 -0.896986 -0.000000
vn 0.205000 -0.903580 -0.376189
vn 0.412229 -0.838403 -0.356578
vn 0.158289 -0.693962 -0.702397
vn 0.323401 -0.657762 -0.680265
vn 0.084332 -0.370741 -0.924900
vn 0.172629 -0.352211 -0.919862
vn 0.027467 -0.052055 -0.998266
vn -0.170252 0.338410 -0.925469
vn -0.327103 0.648025 -0.687799
vn -0.420555 0.832503 -0.360657
vn -0.451131 0.892458 -0.000000
vn -0.420555 0.832501 0.360660
vn -0.327100 0.648023 0.687802
vn -0.170252 0.338412 0.925468
vn 0.027467 -0.052055 0.998266
vn 0.214402 -0.422691 0.880548
vn 0.348856 -0.691260 0.632818
vn 0.424989 -0.844309 0.326385
vn 0.449496 -0.893282 -0.000000
vn 0.424989 -0.844309 -0.326384
vn 0.348857 -0.691259 -0.632819
vn 0.214399 -0.422688 -0.880550
vn 0.000069 -0.000669 -1.000000
vn 0.005005 -0.011996 -0.999916
vn 0.080921 -0.390557 -0.917015
vn 0.002049 -0.380925 -0.924604
vn -0.073619 0.371420 -0.925542
vn -0.001957 0.379789 -0.925071
vn -0.138532 0.694839 -0.705696
vn -0.003586 0.705504 -0.708697
vn -0.180307 0.907313 -0.379832
vn -0.004633 0.923732 -0.383012
vn -0.195197 0.980764 0.000000
vn -0.005088 0.999987 0.000000
vn -0.180309 0.907312 0.379835
vn -0.004633 0.923731 0.383013
vn -0.138531 0.694835 0.705700
vn -0.003586 0.705502 0.708699
vn -0.073619 0.371424 0.925540
vn -0.001957 0.379792 0.925070
vn 0.005005 -0.011995 0.999916
vn 0.000069 -0.000669 1.000000
vn 0.080923 -0.390561 0.917014
vn 0.002049 -0.380929 0.924602
vn 0.140267 -0.704479 0.695726
vn 0.003585 -0.706091 0.708112
vn 0.177432 -0.910271 0.374064
vn 0.004552 -0.923881 0.382653
vn 0.190598 -0.981668 -0.000000
vn 0.004973 -0.999988 0.000000
vn 0.177432 -0.910272 -0.374063
vn 0.004552 -0.923881 -0.382652
vn 0.140265 -0.704477 -0.695728
vn 0.003585 -0.706089 -0.708114
vn -0.007529 0.345553 0.938369
vn -0.007529 0.345553 0.938369
vn -0.007529 0.345553 0.938369
vn -0.007529 0.345553 0.938369
vn 0.000000 -1.000000 0.000000
vn 0.000000 -1.000000 0.000000
vn 0.000000 -1.000000 0.000000
vn 0.000000 -1.000000 0.000000
vn -0.044828 0.250340 0.967120
vn -0.044828 0.250340 0.967120
vn -0.044828 0.250340 0.967120
vn -0.044828 0.250340 0.967120
vn 0.015535 0.994889 0.099772
vn 0.015535 0.994889 0.099772
vn 0.015535 0.994889 0.099772
vn 0.015535 0.994889 0.099772
vn 0.043707 0.995505 0.084022
vn 0.043707 0.995505 0.084022
vn 0.043707 0.995505 0.084022
vn 0.043707 0.995505 0.084022
vn 0.043707 0.995505 -0.084023
vn 0.043707 0.995505 -0.084023
vn 0.043707 0.995505 -0.084023
vn 0.043707 0.995505 -0.084023
vn 0.015535 0.994889 -0.099771
vn 0.015535 0.994889 -0.099771
vn 0.015535 0.994889 -0.099771
vn 0.015535 0.994889 -0.099771
vn -0.044828 0.250334 -0.967121
vn -0.044828 0.250334 -0.967121
vn -0.044828 0.250334 -0.967121
vn -0.044828 0.250334 -0.967121
vn -0.007530 0.345554 -0.938369
vn -0.007530 0.345554 -0.938369
vn -0.007530 0.345554 -0.938369
vn -0.007530 0.345554 -0.938369
vn 0.000000 -1.000000 0.000000
vn 0.000000 -1.000000 0.000000
vn 0.000000 -1.000000 0.000000
vn 0.000000 -1.000000 0.000000
vn -1.000000 0.000000 0.000000
vn -1.000000 0.000013 0.000000
vn -1.000000 0.000000 0.000000
vn -1.000000 0.000014 0.000000
vn -1.000000 0.000027 0.000000
vn -1.000000 -0.000003 0.000000
vn -1.000000 -0.000004 0.000000
vn -1.000000 -0.000027 0.000000
vn -1.000000 0.000003 0.000000
vn -1.000000 0.000000 0.000000
vn -1.000000 0.000000 0.000000
vn -1.000000 -0.000055 0.000000
vn -1.000000 -0.000009 0.000000
vn -1.000000 0.000002 0.000000
vn -1.000000 -0.000027 0.000000
vn -1.000000 0.000014 0.000000
vn -1.000000 0.000027 0.000000
vn -1.000000 0.000000 0.000000
vn -1.000000 0.000000 0.000000
vn -1.000000 0.000000 0.000000
vn 0.000307 0.000115 -1.000000
vn 0.012687 0.404216 -0.914576
vn 0.093326 0.390356 -0.915922
vn 0.006482 0.013540 -0.999887
vn 0.208615 0.419394 -0.883509
vn 0.022321 0.041028 -0.998909
vn 0.000001 -0.923876 0.382691
vn -0.019945 -0.923369 0.383395
vn -0.015513 -0.703524 0.710502
vn 0.000000 -0.706972 0.707241
vn -0.008655 -0.334058 0.942513
vn -0.001199 -0.332511 0.943099
vn 0.000307 0.000115 1.000000
vn 0.000046 0.003291 0.999995
vn 0.012687 0.404219 0.914574
vn 0.003869 0.408496 0.912752
vn 0.019961 0.702379 0.711524
vn 0.005622 0.708296 0.705893
vn 0.022934 0.948404 0.316235
vn 0.003476 0.953769 0.300521
vn 0.021949 0.999759 -0.000000
vn 0.000000 1.000000 0.000000
vn 0.022934 0.948404 -0.316234
vn 0.003476 0.953770 -0.300519
vn 0.019961 0.702381 -0.711521
vn 0.005622 0.708299 -0.705891
vn 0.003869 0.408492 -0.912754
vn 0.000045 0.003291 -0.999995
vn -0.008655 -0.334056 -0.942514
vn -0.001199 -0.332508 -0.943100
vn -0.015513 -0.703524 -0.710502
vn -0.000000 -0.706973 -0.707241
vn -0.019945 -0.923370 -0.383394
vn 0.000000 -0.923877 -0.382690
vn -0.022429 -0.999748 -0.000005
vn 0.000001 -1.000000 -0.000006
vn 0.159749 0.701281 -0.694755
vn 0.340519 0.692602 -0.635885
vn 0.200946 0.905437 -0.373904
vn 0.414312 0.848596 -0.328985
vn 0.216485 0.976286 0.000000
vn 0.438851 0.898560 0.000000
vn 0.200944 0.905438 0.373904
vn 0.414313 0.848595 0.328986
vn 0.159747 0.701279 0.694758
vn 0.340513 0.692600 0.635890
vn 0.093327 0.390359 0.915920
vn 0.208616 0.419398 0.883507
vn 0.006483 0.013540 0.999887
vn 0.022319 0.041028 0.998909
vn -0.084334 -0.370744 0.924898
vn -0.172630 -0.352214 0.919861
vn -0.158289 -0.693964 0.702395
vn -0.323401 -0.657765 0.680263
vn -0.205001 -0.903579 0.376192
vn -0.412228 -0.838403 0.356579
vn -0.222349 -0.974967 -0.000000
vn -0.442060 -0.896986 0.000000
vn -0.205000 -0.903580 -0.376190
vn -0.412229 -0.838403 -0.356578
vn -0.158289 -0.693962 -0.702396
vn -0.323400 -0.657762 -0.680265
vn -0.084333 -0.370743 -0.924899
vn -0.172629 -0.352211 -0.919862
vn 0.170253 0.338410 -0.925469
vn -0.027467 -0.052056 -0.998266
vn 0.327103 0.648027 -0.687797
vn 0.420555 0.832503 -0.360655
vn 0.451130 0.892458 0.000000
vn 0.420554 0.832502 0.360658
vn 0.327100 0.648025 0.687800
vn 0.170252 0.338413 0.925468
vn -0.027466 -0.052056 0.998266
vn -0.214402 -0.422691 0.880548
vn -0.348856 -0.691261 0.632818
vn -0.424989 -0.844308 0.326386
vn -0.449496 -0.893282 -0.000000
vn -0.424989 -0.844309 -0.326384
vn -0.348857 -0.691259 -0.632819
vn -0.214399 -0.422687 -0.880550
vn -0.000069 -0.000669 -1.000000
vn -0.002049 -0.380925 -0.924604
vn -0.080921 -0.390559 -0.917014
vn -0.005005 -0.011995 -0.999916
vn 0.073619 0.371422 -0.925541
vn 0.001957 0.379789 -0.925071
vn 0.138532 0.694840 -0.705695
vn 0.003586 0.705504 -0.708697
vn 0.180307 0.907313 -0.379832
vn 0.004633 0.923732 -0.383012
vn 0.195197 0.980764 -0.000000
vn 0.005088 0.999987 0.000000
vn 0.180308 0.907311 0.379837
vn 0.004633 0.923731 0.383013
vn 0.138531 0.694837 0.705699
vn 0.003586 0.705502 0.708699
vn 0.073620 0.371426 0.925539
vn 0.001957 0.379793 0.925070
vn -0.005003 -0.011995 0.999916
vn -0.000069 -0.000669 1.000000
vn -0.080921 -0.390563 0.917013
vn -0.002049 -0.380929 0.924602
vn -0.140266 -0.704481 0.695724
vn -0.003585 -0.706087 0.708116
vn -0.177431 -0.910271 0.374065
vn -0.004552 -0.923881 0.382653
vn -0.190596 -0.981669 -0.000000
vn -0.004974 -0.999988 0.000000
vn -0.177430 -0.910271 -0.374065
vn -0.004551 -0.923881 -0.382652
vn -0.140265 -0.704479 -0.695726
vn -0.003585 -0.706085 -0.708118
vn 0.007529 0.345554 0.938369
vn 0.007529 0.345554 0.938369
vn 0.007529 0.345554 0.938369
vn 0.007529 0.345554 0.938369
vn 0.000000 -1.000000 0.000000
vn 0.000000 -1.000000 0.000000
vn 0.000000 -1.000000 0.000000
vn 0.000000 -1.000000 0.000000
vn 0.044829 0.250345 0.967118
vn 0.044829 0.250345 0.967118
vn 0.044829 0.250345 0.967118
vn 0.044829 0.250345 0.967118
vn -0.015535 0.994889 0.099773
vn -0.015535 0.994889 0.099773
vn -0.015535 0.994889 0.099773
vn -0.015535 0.994889 0.099773
vn -0.043707 0.995505 0.084022
vn -0.043707 0.995505 0.084022
vn -0.043707 0.995505 0.084022
vn -0.043707 0.995505 0.084022
vn -0.043707 0.995505 -0.084023
vn -0.043707 0.995505 -0.084023
vn -0.043707 0.995505 -0.084023
vn -0.043707 0.995505 -0.084023
vn -0.015535 0.994889 -0.099771
vn -0.015535 0.994889 -0.099771
vn -0.015535 0.994889 -0.099771
vn -0.015535 0.994889 -0.099771
vn 0.044828 0.250336 -0.967121
vn 0.044828 0.250336 -0.967121
vn 0.044828 0.250336 -0.967121
vn 0.044828 0.250336 -0.967121
vn 0.007530 0.345554 -0.938369
vn 0.007530 0.345554 -0.938369
vn 0.007530 0.345554 -0.938369
vn 0.007530 0.345554 -0.938369
vn 0.000000 -1.000000 0.000000
vn 0.000000 -1.000000 0.000000
vn 0.000000 -1.000000 0.000000
vn 0.000000 -1.000000 0.000000
s 1
g BaseTuboArriba
usemtl initialShadingGroup
f 1771/2868/3332 1770/2863/3333 1786/2572/3334
f 1772/2867/3335 1771/2868/3332 1786/2572/3334
f 1773/2574/3336 1772/2867/3335 1786/2572/3334
s 2
f 1884/2575/3337 1883/2576/3338 1885/2577/3339
f 1886/2578/3340 1884/2575/3337 1885/2577/3339
f 1887/2579/3341 1886/2578/3340 1885/2577/3339
f 1888/2848/3342 1887/2579/3341 1885/2577/3339
f 1889/2581/3343 1888/2580/3342 1885/2577/3339
f 1890/2582/3344 1889/2581/3343 1885/2577/3339
f 1891/2583/3345 1890/2582/3344 1885/2577/3339
f 1892/2584/3346 1891/2583/3345 1885/2577/3339
s 1
f 1782/2866/3347 1781/2845/3348 1786/2572/3334
f 1783/2865/3349 1782/2866/3347 1786/2572/3334
f 1784/2864/3350 1783/2865/3349 1786/2572/3334
f 1785/2862/3351 1784/2864/3350 1786/2572/3334
f 1770/2863/3333 1785/2862/3351 1786/2572/3334
s 4
f 1789/2590/3352 1788/2591/3353 1791/2592/3354 1790/2593/3355
f 1788/2591/3353 1787/2594/3356 1792/2595/3357 1791/2592/3354
f 1770/2571/3358 1771/2570/3359 1817/2596/3360 1820/2597/3361
f 1771/2570/3359 1772/2573/3362 1814/2598/3363 1817/2596/3360
f 1772/2573/3362 1773/2856/3364 1811/2599/3365 1814/2598/3363
f 1773/2856/3364 1774/2600/3366 1808/2601/3367 1811/2599/3365
f 1774/2600/3366 1775/2602/3368 1805/2603/3369 1808/2601/3367
f 1775/2602/3368 1776/2604/3370 1802/2605/3371 1805/2603/3369
f 1776/2604/3370 1777/2606/3372 1799/2607/3373 1802/2605/3371
f 1777/2852/3372 1778/2608/3374 1796/2609/3375 1799/2860/3373
f 1778/2608/3374 1779/2610/3376 1793/2611/3377 1796/2609/3375
f 1779/2610/3376 1780/2612/3378 1790/2593/3355 1793/2611/3377
f 1780/2612/3378 1781/2586/3379 1789/2590/3352 1790/2593/3355
f 1781/2586/3379 1782/2585/3380 1832/2613/3381 1789/2590/3352
f 1782/2585/3380 1783/2587/3382 1829/2614/3383 1832/2613/3381
f 1783/2587/3382 1784/2588/3384 1826/2615/3385 1829/2614/3383
f 1784/2588/3384 1785/2589/3386 1823/2616/3387 1826/2615/3385
f 1785/2589/3386 1770/2571/3358 1820/2597/3361 1823/2616/3387
f 1790/2593/3355 1791/2592/3354 1794/2617/3388 1793/2611/3377
f 1791/2592/3354 1792/2595/3357 1795/2618/3389 1794/2617/3388
f 1793/2611/3377 1794/2617/3388 1797/2619/3390 1796/2609/3375
f 1794/2617/3388 1795/2618/3389 1798/2620/3391 1797/2619/3390
f 1796/2609/3375 1797/2619/3390 1800/2861/3392 1799/2860/3373
f 1797/2619/3390 1798/2620/3391 1801/2622/3393 1800/2861/3392
f 1799/2607/3373 1800/2621/3392 1803/2623/3394 1802/2605/3371
f 1800/2621/3392 1801/2858/3393 1804/2624/3395 1803/2623/3394
f 1802/2605/3371 1803/2623/3394 1806/2625/3396 1805/2603/3369
f 1803/2623/3394 1804/2624/3395 1807/2626/3397 1806/2625/3396
f 1805/2603/3369 1806/2625/3396 1809/2627/3398 1808/2601/3367
f 1806/2625/3396 1807/2626/3397 1810/2628/3399 1809/2627/3398
f 1808/2601/3367 1809/2627/3398 1812/2629/3400 1811/2599/3365
f 1809/2627/3398 1810/2628/3399 1813/2630/3401 1812/2629/3400
f 1811/2599/3365 1812/2629/3400 1815/2631/3402 1814/2598/3363
f 1812/2629/3400 1813/2630/3401 1816/2632/3403 1815/2631/3402
f 1814/2598/3363 1815/2631/3402 1818/2633/3404 1817/2596/3360
f 1815/2631/3402 1816/2632/3403 1819/2634/3405 1818/2633/3404
f 1817/2596/3360 1818/2633/3404 1821/2635/3406 1820/2597/3361
f 1818/2633/3404 1819/2634/3405 1822/2636/3407 1821/2635/3406
f 1820/2597/3361 1821/2635/3406 1824/2637/3408 1823/2616/3387
f 1821/2635/3406 1822/2636/3407 1825/2638/3409 1824/2637/3408
f 1823/2616/3387 1824/2637/3408 1827/2639/3410 1826/2615/3385
f 1824/2637/3408 1825/2638/3409 1828/2640/3411 1827/2639/3410
f 1826/2615/3385 1827/2639/3410 1830/2641/3412 1829/2614/3383
f 1827/2639/3410 1828/2640/3411 1831/2642/3413 1830/2641/3412
f 1829/2614/3383 1830/2641/3412 1833/2643/3414 1832/2613/3381
f 1830/2641/3412 1831/2642/3413 1834/2644/3415 1833/2643/3414
f 1787/2594/3356 1788/2591/3353 1833/2643/3414 1834/2644/3415
f 1788/2591/3353 1789/2590/3352 1832/2613/3381 1833/2643/3414
f 1792/2595/3357 1787/2594/3356 1837/2645/3416 1840/2646/3417
f 1795/2618/3389 1792/2595/3357 1840/2646/3417 1843/2647/3418
f 1798/2620/3391 1795/2618/3389 1843/2647/3418 1846/2648/3419
f 1801/2622/3393 1798/2620/3391 1846/2648/3419 1849/2857/3420
f 1804/2624/3395 1801/2858/3393 1849/2649/3420 1852/2650/3421
f 1807/2626/3397 1804/2624/3395 1852/2650/3421 1855/2651/3422
f 1810/2628/3399 1807/2626/3397 1855/2651/3422 1858/2652/3423
f 1813/2630/3401 1810/2628/3399 1858/2652/3423 1861/2653/3424
f 1816/2632/3403 1813/2630/3401 1861/2653/3424 1864/2654/3425
f 1819/2634/3405 1816/2632/3403 1864/2654/3425 1867/2655/3426
f 1822/2636/3407 1819/2634/3405 1867/2655/3426 1870/2656/3427
f 1825/2638/3409 1822/2636/3407 1870/2656/3427 1873/2657/3428
f 1828/2640/3411 1825/2638/3409 1873/2657/3428 1876/2658/3429
f 1831/2642/3413 1828/2640/3411 1876/2658/3429 1879/2659/3430
f 1834/2644/3415 1831/2642/3413 1879/2659/3430 1882/2660/3431
f 1787/2594/3356 1834/2644/3415 1882/2660/3431 1837/2645/3416
f 1835/2661/3432 1836/2662/3433 1881/2663/3434 1880/2664/3435
f 1836/2662/3433 1837/2645/3416 1882/2660/3431 1881/2663/3434
f 1837/2645/3416 1836/2662/3433 1839/2665/3436 1840/2646/3417
f 1836/2662/3433 1835/2661/3432 1838/2666/3437 1839/2665/3436
f 1840/2646/3417 1839/2665/3436 1842/2667/3438 1843/2647/3418
f 1839/2665/3436 1838/2666/3437 1841/2668/3439 1842/2667/3438
f 1843/2647/3418 1842/2667/3438 1845/2669/3440 1846/2648/3419
f 1842/2667/3438 1841/2668/3439 1844/2670/3441 1845/2669/3440
f 1846/2648/3419 1845/2669/3440 1848/2859/3442 1849/2857/3420
f 1845/2669/3440 1844/2670/3441 1847/2672/3443 1848/2859/3442
f 1849/2649/3420 1848/2671/3442 1851/2673/3444 1852/2650/3421
f 1848/2671/3442 1847/2816/3443 1850/2674/3445 1851/2673/3444
f 1852/2650/3421 1851/2673/3444 1854/2675/3446 1855/2651/3422
f 1851/2673/3444 1850/2674/3445 1853/2676/3447 1854/2675/3446
f 1855/2651/3422 1854/2675/3446 1857/2677/3448 1858/2652/3423
f 1854/2675/3446 1853/2676/3447 1856/2678/3449 1857/2677/3448
f 1858/2652/3423 1857/2677/3448 1860/2679/3450 1861/2653/3424
f 1857/2677/3448 1856/2678/3449 1859/2680/3451 1860/2679/3450
f 1861/2653/3424 1860/2679/3450 1863/2681/3452 1864/2654/3425
f 1860/2679/3450 1859/2680/3451 1862/2682/3453 1863/2681/3452
f 1864/2654/3425 1863/2681/3452 1866/2683/3454 1867/2655/3426
f 1863/2681/3452 1862/2682/3453 1865/2684/3455 1866/2683/3454
f 1867/2655/3426 1866/2683/3454 1869/2685/3456 1870/2656/3427
f 1866/2683/3454 1865/2684/3455 1868/2686/3457 1869/2685/3456
f 1870/2656/3427 1869/2685/3456 1872/2687/3458 1873/2657/3428
f 1869/2685/3456 1868/2686/3457 1871/2688/3459 1872/2687/3458
f 1873/2657/3428 1872/2687/3458 1875/2689/3460 1876/2658/3429
f 1872/2687/3458 1871/2688/3459 1874/2690/3461 1875/2689/3460
f 1876/2658/3429 1875/2689/3460 1878/2691/3462 1879/2659/3430
f 1875/2689/3460 1874/2690/3461 1877/2692/3463 1878/2691/3462
f 1879/2659/3430 1878/2691/3462 1881/2663/3434 1882/2660/3431
f 1878/2691/3462 1877/2692/3463 1880/2664/3435 1881/2663/3434
s off
f 1774/2600/3464 1773/2856/3465 1883/2855/3466 1884/2854/3467
f 1773/2574/3468 1786/2572/3469 1885/2577/3470 1883/2576/3471
f 1775/2602/3472 1774/2600/3473 1884/2854/3474 1886/2853/3475
f 1776/2604/3476 1775/2602/3477 1886/2853/3478 1887/2851/3479
f 1777/2606/3480 1776/2604/3481 1887/2851/3482 1888/2849/3483
f 1778/2608/3484 1777/2852/3485 1888/2850/3486 1889/2847/3487
f 1779/2610/3488 1778/2608/3489 1889/2847/3490 1890/2846/3491
f 1780/2612/3492 1779/2610/3493 1890/2846/3494 1891/2843/3495
f 1781/2586/3496 1780/2612/3497 1891/2843/3498 1892/2844/3499
f 1786/2572/3500 1781/2845/3501 1892/2584/3502 1885/2577/3503
s 7
f 1894/2842/3504 1909/2694/3505 1893/2837/3506
f 1895/2841/3507 1909/2694/3505 1894/2842/3504
f 1896/2830/3508 1909/2694/3505 1895/2841/3507
s 8
f 2007/2828/3509 2008/2699/3510 2006/2700/3511
f 2009/2827/3512 2008/2699/3510 2007/2828/3509
f 2010/2825/3513 2008/2699/3510 2009/2827/3512
f 2011/2824/3514 2008/2699/3510 2010/2825/3513
f 2012/2822/3515 2008/2699/3510 2011/2824/3514
f 2013/2821/3516 2008/2699/3510 2012/2822/3515
f 2014/2818/3517 2008/2699/3510 2013/2821/3516
f 2015/2707/3518 2008/2699/3510 2014/2818/3517
s 7
f 1905/2840/3519 1909/2694/3505 1904/2709/3520
f 1906/2839/3521 1909/2694/3505 1905/2840/3519
f 1907/2838/3522 1909/2694/3505 1906/2839/3521
f 1908/2836/3523 1909/2694/3505 1907/2838/3522
f 1893/2837/3506 1909/2694/3505 1908/2836/3523
s 4
f 1912/2713/3524 1913/2714/3525 1914/2715/3526 1911/2716/3527
f 1911/2716/3527 1914/2715/3526 1915/2717/3528 1910/2718/3529
f 1893/2695/3530 1943/2719/3531 1940/2720/3532 1894/2693/3533
f 1894/2693/3533 1940/2720/3532 1937/2721/3534 1895/2696/3535
f 1895/2696/3535 1937/2721/3534 1934/2722/3536 1896/2697/3537
f 1896/2697/3537 1934/2722/3536 1931/2723/3538 1897/2724/3539
f 1897/2724/3539 1931/2723/3538 1928/2725/3540 1898/2726/3541
f 1898/2726/3541 1928/2725/3540 1925/2727/3542 1899/2728/3543
f 1899/2728/3543 1925/2727/3542 1922/2834/3544 1900/2826/3545
f 1900/2730/3545 1922/2729/3544 1919/2731/3546 1901/2732/3547
f 1901/2732/3547 1919/2731/3546 1916/2733/3548 1902/2734/3549
f 1902/2734/3549 1916/2733/3548 1913/2714/3525 1903/2735/3550
f 1903/2735/3550 1913/2714/3525 1912/2713/3524 1904/2820/3551
f 1904/2820/3551 1912/2713/3524 1955/2736/3552 1905/2708/3553
f 1905/2708/3553 1955/2736/3552 1952/2737/3554 1906/2710/3555
f 1906/2710/3555 1952/2737/3554 1949/2738/3556 1907/2711/3557
f 1907/2711/3557 1949/2738/3556 1946/2739/3558 1908/2712/3559
f 1908/2712/3559 1946/2739/3558 1943/2719/3531 1893/2695/3530
f 1913/2714/3525 1916/2733/3548 1917/2740/3560 1914/2715/3526
f 1914/2715/3526 1917/2740/3560 1918/2741/3561 1915/2717/3528
f 1916/2733/3548 1919/2731/3546 1920/2742/3562 1917/2740/3560
f 1917/2740/3560 1920/2742/3562 1921/2743/3563 1918/2741/3561
f 1919/2731/3546 1922/2729/3544 1923/2835/3564 1920/2742/3562
f 1920/2742/3562 1923/2835/3564 1924/2832/3565 1921/2743/3563
f 1922/2834/3544 1925/2727/3542 1926/2746/3566 1923/2744/3564
f 1923/2744/3564 1926/2746/3566 1927/2747/3567 1924/2745/3565
f 1925/2727/3542 1928/2725/3540 1929/2748/3568 1926/2746/3566
f 1926/2746/3566 1929/2748/3568 1930/2749/3569 1927/2747/3567
f 1928/2725/3540 1931/2723/3538 1932/2750/3570 1929/2748/3568
f 1929/2748/3568 1932/2750/3570 1933/2751/3571 1930/2749/3569
f 1931/2723/3538 1934/2722/3536 1935/2752/3572 1932/2750/3570
f 1932/2750/3570 1935/2752/3572 1936/2753/3573 1933/2751/3571
f 1934/2722/3536 1937/2721/3534 1938/2754/3574 1935/2752/3572
f 1935/2752/3572 1938/2754/3574 1939/2755/3575 1936/2753/3573
f 1937/2721/3534 1940/2720/3532 1941/2756/3576 1938/2754/3574
f 1938/2754/3574 1941/2756/3576 1942/2757/3577 1939/2755/3575
f 1940/2720/3532 1943/2719/3531 1944/2758/3578 1941/2756/3576
f 1941/2756/3576 1944/2758/3578 1945/2759/3579 1942/2757/3577
f 1943/2719/3531 1946/2739/3558 1947/2760/3580 1944/2758/3578
f 1944/2758/3578 1947/2760/3580 1948/2761/3581 1945/2759/3579
f 1946/2739/3558 1949/2738/3556 1950/2762/3582 1947/2760/3580
f 1947/2760/3580 1950/2762/3582 1951/2763/3583 1948/2761/3581
f 1949/2738/3556 1952/2737/3554 1953/2764/3584 1950/2762/3582
f 1950/2762/3582 1953/2764/3584 1954/2765/3585 1951/2763/3583
f 1952/2737/3554 1955/2736/3552 1956/2766/3586 1953/2764/3584
f 1953/2764/3584 1956/2766/3586 1957/2767/3587 1954/2765/3585
f 1910/2718/3529 1957/2767/3587 1956/2766/3586 1911/2716/3527
f 1911/2716/3527 1956/2766/3586 1955/2736/3552 1912/2713/3524
f 1915/2717/3528 1963/2768/3588 1960/2769/3589 1910/2718/3529
f 1918/2741/3561 1966/2770/3590 1963/2768/3588 1915/2717/3528
f 1921/2743/3563 1969/2771/3591 1966/2770/3590 1918/2741/3561
f 1924/2832/3565 1972/2772/3592 1969/2771/3591 1921/2743/3563
f 1927/2747/3567 1975/2773/3593 1972/2831/3592 1924/2745/3565
f 1930/2749/3569 1978/2774/3594 1975/2773/3593 1927/2747/3567
f 1933/2751/3571 1981/2775/3595 1978/2774/3594 1930/2749/3569
f 1936/2753/3573 1984/2776/3596 1981/2775/3595 1933/2751/3571
f 1939/2755/3575 1987/2777/3597 1984/2776/3596 1936/2753/3573
f 1942/2757/3577 1990/2778/3598 1987/2777/3597 1939/2755/3575
f 1945/2759/3579 1993/2779/3599 1990/2778/3598 1942/2757/3577
f 1948/2761/3581 1996/2780/3600 1993/2779/3599 1945/2759/3579
f 1951/2763/3583 1999/2781/3601 1996/2780/3600 1948/2761/3581
f 1954/2765/3585 2002/2782/3602 1999/2781/3601 1951/2763/3583
f 1957/2767/3587 2005/2783/3603 2002/2782/3602 1954/2765/3585
f 1910/2718/3529 1960/2769/3589 2005/2783/3603 1957/2767/3587
f 1958/2784/3604 2003/2785/3605 2004/2786/3606 1959/2787/3607
f 1959/2787/3607 2004/2786/3606 2005/2783/3603 1960/2769/3589
f 1960/2769/3589 1963/2768/3588 1962/2788/3608 1959/2787/3607
f 1959/2787/3607 1962/2788/3608 1961/2789/3609 1958/2784/3604
f 1963/2768/3588 1966/2770/3590 1965/2790/3610 1962/2788/3608
f 1962/2788/3608 1965/2790/3610 1964/2791/3611 1961/2789/3609
f 1966/2770/3590 1969/2771/3591 1968/2792/3612 1965/2790/3610
f 1965/2790/3610 1968/2792/3612 1967/2793/3613 1964/2791/3611
f 1969/2771/3591 1972/2772/3592 1971/2833/3614 1968/2792/3612
f 1968/2792/3612 1971/2833/3614 1970/2817/3615 1967/2793/3613
f 1972/2831/3592 1975/2773/3593 1974/2796/3616 1971/2794/3614
f 1971/2794/3614 1974/2796/3616 1973/2797/3617 1970/2795/3615
f 1975/2773/3593 1978/2774/3594 1977/2798/3618 1974/2796/3616
f 1974/2796/3616 1977/2798/3618 1976/2799/3619 1973/2797/3617
f 1978/2774/3594 1981/2775/3595 1980/2800/3620 1977/2798/3618
f 1977/2798/3618 1980/2800/3620 1979/2801/3621 1976/2799/3619
f 1981/2775/3595 1984/2776/3596 1983/2802/3622 1980/2800/3620
f 1980/2800/3620 1983/2802/3622 1982/2803/3623 1979/2801/3621
f 1984/2776/3596 1987/2777/3597 1986/2804/3624 1983/2802/3622
f 1983/2802/3622 1986/2804/3624 1985/2805/3625 1982/2803/3623
f 1987/2777/3597 1990/2778/3598 1989/2806/3626 1986/2804/3624
f 1986/2804/3624 1989/2806/3626 1988/2807/3627 1985/2805/3625
f 1990/2778/3598 1993/2779/3599 1992/2808/3628 1989/2806/3626
f 1989/2806/3626 1992/2808/3628 1991/2809/3629 1988/2807/3627
f 1993/2779/3599 1996/2780/3600 1995/2810/3630 1992/2808/3628
f 1992/2808/3628 1995/2810/3630 1994/2811/3631 1991/2809/3629
f 1996/2780/3600 1999/2781/3601 1998/2812/3632 1995/2810/3630
f 1995/2810/3630 1998/2812/3632 1997/2813/3633 1994/2811/3631
f 1999/2781/3601 2002/2782/3602 2001/2814/3634 1998/2812/3632
f 1998/2812/3632 2001/2814/3634 2000/2815/3635 1997/2813/3633
f 2002/2782/3602 2005/2783/3603 2004/2786/3606 2001/2814/3634
f 2001/2814/3634 2004/2786/3606 2003/2785/3605 2000/2815/3635
s off
f 1897/2724/3636 2007/2698/3637 2006/2829/3638 1896/2697/3639
f 1896/2830/3640 2006/2700/3641 2008/2699/3642 1909/2694/3643
f 1898/2726/3644 2009/2701/3645 2007/2698/3646 1897/2724/3647
f 1899/2728/3648 2010/2702/3649 2009/2701/3650 1898/2726/3651
f 1900/2826/3652 2011/2823/3653 2010/2702/3654 1899/2728/3655
f 1901/2732/3656 2012/2704/3657 2011/2703/3658 1900/2730/3659
f 1902/2734/3660 2013/2705/3661 2012/2704/3662 1901/2732/3663
f 1903/2735/3664 2014/2706/3665 2013/2705/3666 1902/2734/3667
f 1904/2820/3668 2015/2819/3669 2014/2706/3670 1903/2735/3671
f 1909/2694/3672 2008/2699/3673 2015/2707/3674 1904/2709/3675
s 4
f 1856/2678/3449 1979/2801/3621 1982/2803/3623 1859/2680/3451
f 1853/2676/3447 1976/2799/3619 1979/2801/3621 1856/2678/3449
f 1850/2674/3445 1973/2797/3617 1976/2799/3619 1853/2676/3447
f 1847/2816/3443 1970/2795/3615 1973/2797/3617 1850/2674/3445
f 1844/2670/3441 1967/2793/3613 1970/2817/3615 1847/2672/3443
f 1841/2668/3439 1964/2791/3611 1967/2793/3613 1844/2670/3441
f 1838/2666/3437 1961/2789/3609 1964/2791/3611 1841/2668/3439
f 1835/2661/3432 1958/2784/3604 1961/2789/3609 1838/2666/3437
f 1880/2664/3435 2003/2785/3605 1958/2784/3604 1835/2661/3432
f 1877/2692/3463 2000/2815/3635 2003/2785/3605 1880/2664/3435
f 1874/2690/3461 1997/2813/3633 2000/2815/3635 1877/2692/3463
f 1871/2688/3459 1994/2811/3631 1997/2813/3633 1874/2690/3461
f 1868/2686/3457 1991/2809/3629 1994/2811/3631 1871/2688/3459
f 1865/2684/3455 1988/2807/3627 1991/2809/3629 1868/2686/3457
f 1862/2682/3453 1985/2805/3625 1988/2807/3627 1865/2684/3455
f 1859/2680/3451 1982/2803/3623 1985/2805/3625 1862/2682/3453
g default
v -3.161491 0.313931 -0.576091
v -3.161491 0.309708 -0.582410
v -3.161491 0.303390 -0.586632
v -3.161491 0.295936 -0.588115
v -3.161491 0.288483 -0.586632
v -3.161491 0.282164 -0.582410
v -3.161491 0.277942 -0.576091
v -3.161491 0.276459 -0.568638
v -3.161491 0.277942 -0.561184
v -3.161491 0.282164 -0.554866
v -3.161491 0.288483 -0.550643
v -3.161491 0.295936 -0.549161
v -3.161491 0.303390 -0.550643
v -3.161491 0.309708 -0.554866
v -3.161491 0.313930 -0.561184
v -3.161491 0.315413 -0.568638
v -4.448930 0.313931 -0.576091
v -4.448930 0.309708 -0.582410
v -4.448930 0.303390 -0.586632
v -4.448930 0.295936 -0.588115
v -4.448930 0.288483 -0.586632
v -4.448930 0.282164 -0.582410
v -4.448930 0.277942 -0.576091
v -4.448930 0.276459 -0.568638
v -4.448930 0.277942 -0.561184
v -4.448930 0.282164 -0.554866
v -4.448930 0.288483 -0.550643
v -4.448930 0.295936 -0.549161
v -4.448930 0.303390 -0.550643
v -4.448930 0.309708 -0.554866
v -4.448930 0.313930 -0.561184
v -4.448930 0.315413 -0.568638
v -4.276166 0.295936 -0.549161
v -4.234403 0.300917 -0.549161
v -4.192725 0.315624 -0.549161
v -4.193479 0.307813 -0.550643
v -4.234708 0.293374 -0.550643
v -4.276622 0.288483 -0.550643
v -4.194605 0.300963 -0.554866
v -4.235106 0.286921 -0.554866
v -4.277072 0.282164 -0.554866
v -4.195430 0.296350 -0.561184
v -4.235366 0.282600 -0.561184
v -4.277267 0.277942 -0.561184
v -4.195558 0.294807 -0.568638
v -4.235362 0.281102 -0.568638
v -4.277127 0.276459 -0.568638
v -4.195430 0.296350 -0.576091
v -4.235366 0.282600 -0.576091
v -4.277267 0.277942 -0.576091
v -4.194605 0.300963 -0.582410
v -4.235106 0.286921 -0.582410
v -4.277072 0.282164 -0.582410
v -4.193479 0.307813 -0.586632
v -4.234708 0.293374 -0.586632
v -4.276622 0.288483 -0.586632
v -4.192725 0.315624 -0.588115
v -4.234403 0.300917 -0.588115
v -4.276166 0.295936 -0.588115
v -4.193479 0.322720 -0.586632
v -4.234708 0.308281 -0.586632
v -4.276622 0.303390 -0.586632
v -4.194605 0.328507 -0.582410
v -4.235106 0.314466 -0.582410
v -4.277072 0.309708 -0.582410
v -4.195430 0.332339 -0.576091
v -4.235366 0.318589 -0.576091
v -4.277267 0.313931 -0.576091
v -4.195558 0.333761 -0.568638
v -4.235362 0.320056 -0.568638
v -4.277127 0.315413 -0.568638
v -4.195430 0.332339 -0.561184
v -4.235366 0.318589 -0.561184
v -4.277267 0.313931 -0.561184
v -4.194605 0.328507 -0.554866
v -4.235106 0.314466 -0.554866
v -4.277072 0.309708 -0.554866
v -4.193479 0.322720 -0.550643
v -4.234708 0.308281 -0.550643
v -4.276622 0.303390 -0.550643
v -3.417697 0.315624 -0.549161
v -3.376020 0.300917 -0.549161
v -3.334255 0.295936 -0.549161
v -3.333799 0.288483 -0.550643
v -3.375714 0.293374 -0.550643
v -3.416943 0.307813 -0.550643
v -3.333349 0.282164 -0.554866
v -3.375315 0.286921 -0.554866
v -3.415818 0.300963 -0.554866
v -3.333154 0.277942 -0.561184
v -3.375057 0.282600 -0.561184
v -3.414992 0.296350 -0.561184
v -3.333296 0.276459 -0.568638
v -3.375061 0.281102 -0.568638
v -3.414864 0.294807 -0.568638
v -3.333154 0.277942 -0.576091
v -3.375057 0.282600 -0.576091
v -3.414992 0.296350 -0.576091
v -3.333349 0.282164 -0.582410
v -3.375315 0.286921 -0.582410
v -3.415818 0.300963 -0.582410
v -3.333799 0.288483 -0.586632
v -3.375714 0.293374 -0.586632
v -3.416943 0.307813 -0.586632
v -3.334255 0.295936 -0.588115
v -3.376020 0.300917 -0.588115
v -3.417697 0.315624 -0.588115
v -3.333799 0.303390 -0.586632
v -3.375714 0.308281 -0.586632
v -3.416943 0.322720 -0.586632
v -3.333349 0.309708 -0.582410
v -3.375315 0.314466 -0.582410
v -3.415818 0.328507 -0.582410
v -3.333154 0.313931 -0.576091
v -3.375057 0.318589 -0.576091
v -3.414992 0.332339 -0.576091
v -3.333296 0.315413 -0.568638
v -3.375061 0.320056 -0.568638
v -3.414864 0.333761 -0.568638
v -3.333154 0.313931 -0.561184
v -3.375057 0.318589 -0.561184
v -3.414992 0.332339 -0.561184
v -3.333349 0.309708 -0.554866
v -3.375315 0.314466 -0.554866
v -3.415818 0.328507 -0.554866
v -3.333799 0.303390 -0.550643
v -3.375714 0.308281 -0.550643
v -3.416943 0.322720 -0.550643
v -3.943455 0.435572 -0.549161
v -3.958362 0.434018 -0.549161
v -3.973237 0.429431 -0.549161
v -3.943293 0.428119 -0.550643
v -3.958252 0.426593 -0.550643
v -3.972967 0.422089 -0.550643
v -3.943132 0.421800 -0.554866
v -3.958110 0.420316 -0.554866
v -3.972566 0.415936 -0.554866
v -3.943062 0.417578 -0.561184
v -3.958017 0.416124 -0.561184
v -3.972271 0.411835 -0.561184
v -3.943113 0.416095 -0.568638
v -3.958019 0.414647 -0.568638
v -3.972225 0.410372 -0.568638
v -3.943062 0.417578 -0.576091
v -3.958017 0.416124 -0.576091
v -3.972271 0.411835 -0.576091
v -3.943132 0.421800 -0.582410
v -3.958110 0.420316 -0.582410
v -3.972566 0.415936 -0.582410
v -3.943293 0.428119 -0.586632
v -3.958252 0.426593 -0.586632
v -3.972967 0.422089 -0.586632
v -3.943455 0.435572 -0.588115
v -3.958362 0.434018 -0.588115
v -3.973237 0.429431 -0.588115
v -3.943293 0.443026 -0.586632
v -3.958252 0.441500 -0.586632
v -3.972967 0.436996 -0.586632
v -3.943132 0.449344 -0.582410
v -3.958110 0.447860 -0.582410
v -3.972566 0.443480 -0.582410
v -3.943062 0.453566 -0.576091
v -3.958017 0.452113 -0.576091
v -3.972271 0.447824 -0.576091
v -3.943113 0.455049 -0.568638
v -3.958019 0.453601 -0.568638
v -3.972225 0.449326 -0.568638
v -3.943062 0.453566 -0.561184
v -3.958017 0.452113 -0.561184
v -3.972271 0.447824 -0.561184
v -3.943132 0.449344 -0.554866
v -3.958110 0.447860 -0.554866
v -3.972566 0.443480 -0.554866
v -3.943293 0.443026 -0.550643
v -3.958252 0.441500 -0.550643
v -3.972967 0.436996 -0.550643
v -3.666967 0.435572 -0.549161
v -3.652061 0.434018 -0.549161
v -3.637186 0.429431 -0.549161
v -3.667130 0.428119 -0.550643
v -3.652170 0.426593 -0.550643
v -3.637455 0.422089 -0.550643
v -3.667290 0.421800 -0.554866
v -3.652312 0.420316 -0.554866
v -3.637857 0.415936 -0.554866
v -3.667360 0.417578 -0.561184
v -3.652405 0.416124 -0.561184
v -3.638152 0.411835 -0.561184
v -3.667309 0.416095 -0.568638
v -3.652404 0.414647 -0.568638
v -3.638197 0.410372 -0.568638
v -3.667360 0.417578 -0.576091
v -3.652405 0.416124 -0.576091
v -3.638152 0.411835 -0.576091
v -3.667290 0.421800 -0.582410
v -3.652312 0.420316 -0.582410
v -3.637857 0.415936 -0.582410
v -3.667130 0.428119 -0.586632
v -3.652170 0.426593 -0.586632
v -3.637455 0.422089 -0.586632
v -3.666967 0.435572 -0.588115
v -3.652061 0.434018 -0.588115
v -3.637186 0.429431 -0.588115
v -3.667130 0.443026 -0.586632
v -3.652170 0.441500 -0.586632
v -3.637455 0.436996 -0.586632
v -3.667290 0.449344 -0.582410
v -3.652312 0.447860 -0.582410
v -3.637857 0.443480 -0.582410
v -3.667360 0.453566 -0.576091
v -3.652405 0.452113 -0.576091
v -3.638152 0.447824 -0.576091
v -3.667309 0.455049 -0.568638
v -3.652404 0.453601 -0.568638
v -3.638197 0.449326 -0.568638
v -3.667360 0.453566 -0.561184
v -3.652405 0.452113 -0.561184
v -3.638152 0.447824 -0.561184
v -3.667290 0.449344 -0.554866
v -3.652312 0.447860 -0.554866
v -3.637857 0.443480 -0.554866
v -3.667130 0.443026 -0.550643
v -3.652170 0.441500 -0.550643
v -3.637455 0.436996 -0.550643
vt 0.423375 0.350496
vt 0.423084 0.364267
vt 0.420773 0.364885
vt 0.421227 0.351665
vt 0.423077 0.377314
vt 0.420726 0.377614
vt 0.423077 0.066036
vt 0.423086 0.079084
vt 0.420774 0.078466
vt 0.420726 0.065736
vt 0.423378 0.092853
vt 0.421230 0.091685
vt 0.434844 0.012345
vt 0.437182 0.012339
vt 0.437220 0.066050
vt 0.434863 0.066083
vt 0.439524 0.012328
vt 0.439579 0.066054
vt 0.441869 0.012314
vt 0.441939 0.066035
vt 0.444223 0.012297
vt 0.444290 0.065735
vt 0.446582 0.012281
vt 0.446645 0.065462
vt 0.448944 0.012266
vt 0.449005 0.065308
vt 0.451307 0.012252
vt 0.451369 0.065307
vt 0.416067 0.012267
vt 0.416011 0.065310
vt 0.418429 0.012282
vt 0.418371 0.065463
vt 0.420787 0.012298
vt 0.423142 0.012315
vt 0.425487 0.012329
vt 0.425437 0.066055
vt 0.427828 0.012339
vt 0.427796 0.066051
vt 0.430167 0.012345
vt 0.430153 0.066084
vt 0.432505 0.012349
vt 0.432508 0.066162
vt 0.423147 0.431035
vt 0.420792 0.431052
vt 0.418371 0.377887
vt 0.418434 0.431068
vt 0.416011 0.378041
vt 0.416072 0.431083
vt 0.413647 0.378043
vt 0.413709 0.431097
vt 0.449005 0.378039
vt 0.448949 0.431082
vt 0.446645 0.377886
vt 0.446587 0.431067
vt 0.444290 0.377613
vt 0.444229 0.431051
vt 0.441939 0.377313
vt 0.441874 0.431034
vt 0.439579 0.377294
vt 0.439529 0.431020
vt 0.437220 0.377298
vt 0.437187 0.431010
vt 0.434863 0.377265
vt 0.434849 0.431004
vt 0.432508 0.377187
vt 0.432511 0.431000
vt 0.430153 0.377265
vt 0.430172 0.431004
vt 0.427795 0.377298
vt 0.427834 0.431010
vt 0.425437 0.377295
vt 0.425492 0.431021
vt 0.418436 0.365426
vt 0.419015 0.352796
vt 0.416081 0.365773
vt 0.416713 0.353551
vt 0.451296 0.365864
vt 0.450660 0.353742
vt 0.448933 0.365772
vt 0.448300 0.353550
vt 0.446578 0.365425
vt 0.445998 0.352795
vt 0.444242 0.364883
vt 0.443786 0.351664
vt 0.441930 0.364266
vt 0.441638 0.350496
vt 0.439627 0.363827
vt 0.439478 0.349834
vt 0.437296 0.363497
vt 0.437242 0.349442
vt 0.434918 0.363274
vt 0.434908 0.349206
vt 0.432507 0.363166
vt 0.432506 0.349067
vt 0.430096 0.363274
vt 0.430105 0.349206
vt 0.427718 0.363497
vt 0.427771 0.349442
vt 0.425387 0.363828
vt 0.425535 0.349835
vt 0.418438 0.077924
vt 0.419018 0.090555
vt 0.416083 0.077578
vt 0.416716 0.089799
vt 0.451297 0.077483
vt 0.414356 0.089607
vt 0.448934 0.077576
vt 0.448303 0.089798
vt 0.446579 0.077922
vt 0.446001 0.090554
vt 0.444243 0.078465
vt 0.443789 0.091684
vt 0.441932 0.079083
vt 0.441641 0.092853
vt 0.439629 0.079522
vt 0.439481 0.093514
vt 0.437297 0.079852
vt 0.437245 0.093908
vt 0.434920 0.080075
vt 0.434911 0.094143
vt 0.432509 0.080183
vt 0.432509 0.094282
vt 0.430098 0.080076
vt 0.430108 0.094144
vt 0.427720 0.079852
vt 0.427774 0.093908
vt 0.425388 0.079522
vt 0.425538 0.093515
vt 0.420794 0.178574
vt 0.423131 0.178751
vt 0.423123 0.264593
vt 0.420779 0.264770
vt 0.418454 0.178420
vt 0.418432 0.264925
vt 0.416107 0.178290
vt 0.416079 0.265056
vt 0.413750 0.178195
vt 0.451266 0.265154
vt 0.448937 0.178294
vt 0.448909 0.265059
vt 0.446584 0.178424
vt 0.446562 0.264929
vt 0.444237 0.178579
vt 0.444222 0.264775
vt 0.441893 0.178756
vt 0.441885 0.264598
vt 0.439549 0.179022
vt 0.439549 0.264333
vt 0.437202 0.179242
vt 0.437208 0.264112
vt 0.434853 0.179370
vt 0.434862 0.263981
vt 0.432503 0.179389
vt 0.432513 0.263960
vt 0.430154 0.179368
vt 0.430163 0.263979
vt 0.427808 0.179238
vt 0.427814 0.264108
vt 0.425467 0.179016
vt 0.425467 0.264328
vt 0.421494 0.274815
vt 0.423620 0.274059
vt 0.419292 0.275412
vt 0.416995 0.275811
vt 0.414638 0.275987
vt 0.448011 0.275811
vt 0.445714 0.275412
vt 0.443511 0.274816
vt 0.441386 0.274061
vt 0.439280 0.273159
vt 0.437110 0.272376
vt 0.434841 0.271869
vt 0.432503 0.271715
vt 0.430166 0.271868
vt 0.427896 0.272375
vt 0.425725 0.273157
vt 0.423630 0.169289
vt 0.421505 0.168534
vt 0.419302 0.167937
vt 0.417005 0.167538
vt 0.450378 0.167362
vt 0.448021 0.167538
vt 0.445724 0.167937
vt 0.443522 0.168535
vt 0.441397 0.169290
vt 0.439291 0.170192
vt 0.437120 0.170975
vt 0.434850 0.171481
vt 0.432513 0.171634
vt 0.430175 0.171480
vt 0.427906 0.170973
vt 0.425736 0.170191
vt 0.423512 0.269192
vt 0.421261 0.269699
vt 0.418968 0.270143
vt 0.416628 0.270471
vt 0.450735 0.270651
vt 0.448372 0.270472
vt 0.446033 0.270145
vt 0.443743 0.269702
vt 0.441494 0.269196
vt 0.439260 0.268659
vt 0.437018 0.268226
vt 0.434766 0.267951
vt 0.432507 0.267857
vt 0.430247 0.267950
vt 0.427993 0.268223
vt 0.425749 0.268656
vt 0.423522 0.174154
vt 0.425756 0.174690
vt 0.421273 0.173647
vt 0.418983 0.173204
vt 0.416644 0.172877
vt 0.450752 0.172697
vt 0.448388 0.172878
vt 0.446048 0.173207
vt 0.443755 0.173650
vt 0.441504 0.174158
vt 0.439267 0.174694
vt 0.437023 0.175127
vt 0.434769 0.175400
vt 0.432509 0.175492
vt 0.430250 0.175398
vt 0.427998 0.175124
vt 0.414648 0.167364
vt 0.450662 0.089606
vt 0.414354 0.353743
vt 0.450368 0.275986
vt 0.413719 0.265151
vt 0.451297 0.178198
vt 0.414281 0.172698
vt 0.414264 0.270652
vt 0.451312 0.431095
vt 0.451369 0.378041
vt 0.413704 0.012254
vt 0.413647 0.065309
vt 0.413720 0.077485
vt 0.413719 0.365866
vn 0.022323 -0.041032 0.998909
vn 0.006482 -0.013540 0.999887
vn 0.093327 -0.390356 0.915922
vn 0.208626 -0.419411 0.883499
vn 0.000348 -0.002946 0.999996
vn 0.009055 -0.380587 0.924701
vn -0.000348 -0.002945 0.999996
vn -0.006483 -0.013540 0.999887
vn -0.093329 -0.390361 0.915919
vn -0.009055 -0.380585 0.924702
vn -0.022318 -0.041030 0.998909
vn -0.208616 -0.419399 0.883507
vn 0.000000 0.923873 -0.382699
vn 0.000000 0.706974 -0.707239
vn 0.015513 0.703526 -0.710500
vn 0.019943 0.923365 -0.383404
vn -0.000000 0.382442 -0.923979
vn 0.008589 0.375945 -0.926602
vn -0.000000 0.000000 -1.000000
vn -0.000347 -0.002945 -0.999996
vn -0.000000 -0.382442 -0.923980
vn -0.009055 -0.380585 -0.924702
vn 0.000000 -0.706973 -0.707241
vn -0.015542 -0.705705 -0.708335
vn 0.000000 -0.923874 -0.382696
vn -0.019605 -0.923794 -0.382389
vn 0.000000 -1.000000 0.000000
vn -0.021948 -0.999759 0.000000
vn 0.000000 -0.923874 0.382696
vn -0.019605 -0.923794 0.382389
vn 0.000000 -0.706975 0.707238
vn -0.015542 -0.705707 0.708333
vn -0.000000 -0.382442 0.923980
vn -0.000000 0.000000 1.000000
vn 0.000000 0.382442 0.923979
vn 0.008589 0.375945 0.926602
vn 0.000000 0.706974 0.707240
vn 0.015513 0.703525 0.710501
vn 0.000000 0.923873 0.382699
vn 0.019943 0.923366 0.383404
vn 0.000000 1.000000 0.000003
vn 0.022430 0.999749 0.000002
vn 0.000000 -0.000000 1.000000
vn 0.000000 -0.382442 0.923979
vn 0.015544 -0.705708 0.708332
vn 0.000000 -0.706975 0.707239
vn 0.019607 -0.923789 0.382399
vn 0.000000 -0.923873 0.382698
vn 0.021943 -0.999759 -0.000000
vn 0.000000 -1.000000 0.000000
vn 0.019607 -0.923789 -0.382399
vn 0.000000 -0.923873 -0.382698
vn 0.015544 -0.705706 -0.708334
vn 0.000000 -0.706972 -0.707241
vn 0.009055 -0.380587 -0.924701
vn 0.000000 -0.382442 -0.923979
vn 0.000347 -0.002946 -0.999996
vn 0.000000 -0.000000 -1.000000
vn -0.008588 0.375949 -0.926601
vn 0.000000 0.382442 -0.923979
vn -0.015514 0.703527 -0.710499
vn -0.000000 0.706976 -0.707238
vn -0.019945 0.923360 -0.383418
vn -0.000000 0.923872 -0.382701
vn -0.022424 0.999749 0.000001
vn -0.000000 1.000000 0.000001
vn -0.019945 0.923360 0.383418
vn -0.000000 0.923872 0.382701
vn -0.015514 0.703525 0.710501
vn -0.000000 0.706974 0.707240
vn -0.008588 0.375949 0.926601
vn -0.000000 0.382442 0.923979
vn 0.159762 -0.701280 0.694753
vn 0.340506 -0.692582 0.635913
vn 0.200935 -0.905436 0.373913
vn 0.414320 -0.848602 0.328958
vn 0.216495 -0.976284 -0.000000
vn 0.438852 -0.898560 -0.000000
vn 0.200934 -0.905437 -0.373912
vn 0.414320 -0.848603 -0.328957
vn 0.159761 -0.701279 -0.694755
vn 0.340506 -0.692581 -0.635915
vn 0.093327 -0.390356 -0.915922
vn 0.208627 -0.419410 -0.883499
vn 0.006482 -0.013540 -0.999887
vn 0.022321 -0.041032 -0.998909
vn -0.084334 0.370752 -0.924895
vn -0.172632 0.352217 -0.919859
vn -0.158305 0.693952 -0.702403
vn -0.323391 0.657745 -0.680287
vn -0.204989 0.903575 -0.376206
vn -0.412229 0.838399 -0.356586
vn -0.222357 0.974965 0.000000
vn -0.442060 0.896985 -0.000000
vn -0.204988 0.903576 0.376205
vn -0.412230 0.838399 0.356586
vn -0.158304 0.693951 0.702404
vn -0.323390 0.657743 0.680289
vn -0.084333 0.370752 0.924895
vn -0.172634 0.352217 0.919859
vn -0.159744 -0.701277 0.694760
vn -0.340508 -0.692581 0.635913
vn -0.200946 -0.905431 0.373918
vn -0.414322 -0.848612 0.328931
vn -0.216486 -0.976286 -0.000000
vn -0.438852 -0.898559 -0.000000
vn -0.200946 -0.905432 -0.373917
vn -0.414322 -0.848612 -0.328931
vn -0.159743 -0.701276 -0.694762
vn -0.340507 -0.692579 -0.635916
vn -0.093329 -0.390361 -0.915919
vn -0.208617 -0.419399 -0.883507
vn -0.006481 -0.013540 -0.999887
vn -0.022320 -0.041030 -0.998909
vn 0.084334 0.370748 -0.924897
vn 0.172628 0.352214 -0.919862
vn 0.158290 0.693961 -0.702398
vn 0.323395 0.657750 -0.680280
vn 0.205001 0.903575 -0.376201
vn 0.412223 0.838395 -0.356604
vn 0.222348 0.974967 -0.000000
vn 0.442061 0.896985 -0.000000
vn 0.205001 0.903574 0.376202
vn 0.412225 0.838392 0.356606
vn 0.158289 0.693959 0.702400
vn 0.323395 0.657748 0.680282
vn 0.084334 0.370748 0.924896
vn 0.172630 0.352214 0.919861
vn -0.001957 -0.379812 0.925062
vn 0.000069 0.000670 1.000000
vn -0.000069 0.000669 1.000000
vn 0.001957 -0.379812 0.925062
vn -0.003587 -0.705540 0.708661
vn 0.003586 -0.705540 0.708661
vn -0.004633 -0.923732 0.383011
vn 0.004634 -0.923732 0.383011
vn -0.005088 -0.999987 0.000000
vn 0.005088 -0.999987 0.000000
vn -0.004633 -0.923732 -0.383011
vn 0.004634 -0.923732 -0.383011
vn -0.003587 -0.705538 -0.708663
vn 0.003586 -0.705538 -0.708663
vn -0.001957 -0.379812 -0.925062
vn 0.001957 -0.379812 -0.925062
vn 0.000069 0.000670 -1.000000
vn -0.000069 0.000669 -1.000000
vn 0.002048 0.380905 -0.924612
vn -0.002048 0.380905 -0.924612
vn 0.003586 0.706124 -0.708079
vn -0.003586 0.706125 -0.708079
vn 0.004552 0.923883 -0.382647
vn -0.004552 0.923884 -0.382647
vn 0.004974 0.999988 0.000000
vn -0.004974 0.999988 0.000000
vn 0.004552 0.923884 0.382646
vn -0.004552 0.923884 0.382646
vn 0.003586 0.706123 0.708080
vn -0.003586 0.706124 0.708079
vn 0.002048 0.380905 0.924612
vn -0.002048 0.380905 0.924612
vn 0.170260 -0.338430 0.925460
vn -0.027465 0.052055 0.998267
vn 0.327096 -0.648015 0.687812
vn 0.420559 -0.832509 0.360636
vn 0.451126 -0.892460 0.000000
vn 0.420559 -0.832509 -0.360637
vn 0.327097 -0.648013 -0.687813
vn 0.170259 -0.338430 -0.925460
vn -0.027466 0.052055 -0.998267
vn -0.214394 0.422678 -0.880556
vn -0.348854 0.691251 -0.632829
vn -0.424987 0.844309 -0.326386
vn -0.449494 0.893283 0.000000
vn -0.424989 0.844308 0.326386
vn -0.348852 0.691249 0.632832
vn -0.214397 0.422677 0.880555
vn 0.027467 0.052055 0.998266
vn -0.170254 -0.338426 0.925463
vn -0.327093 -0.648008 0.687820
vn -0.420563 -0.832518 0.360613
vn -0.451127 -0.892460 -0.000000
vn -0.420563 -0.832517 -0.360613
vn -0.327092 -0.648006 -0.687822
vn -0.170257 -0.338426 -0.925462
vn 0.027466 0.052055 -0.998266
vn 0.214400 0.422689 -0.880549
vn 0.348852 0.691250 -0.632832
vn 0.424982 0.844302 -0.326413
vn 0.449495 0.893283 -0.000000
vn 0.424985 0.844300 0.326414
vn 0.348852 0.691247 0.632835
vn 0.214403 0.422689 0.880548
vn -0.005008 0.012000 0.999916
vn 0.073611 -0.371434 0.925537
vn 0.138525 -0.694858 0.705679
vn 0.180299 -0.907315 0.379831
vn 0.195181 -0.980767 0.000000
vn 0.180298 -0.907316 -0.379830
vn 0.138525 -0.694858 -0.705679
vn 0.073612 -0.371434 -0.925537
vn -0.005010 0.011999 -0.999916
vn -0.080933 0.390550 -0.917017
vn -0.140276 0.704496 -0.695707
vn -0.177421 0.910276 -0.374059
vn -0.190581 0.981671 0.000000
vn -0.177420 0.910276 0.374057
vn -0.140275 0.704496 0.695707
vn -0.080931 0.390550 0.917017
vn 0.005009 0.011999 0.999915
vn 0.080932 0.390551 0.917017
vn -0.073613 -0.371435 0.925536
vn -0.138527 -0.694858 0.705679
vn -0.180301 -0.907315 0.379831
vn -0.195178 -0.980768 0.000000
vn -0.180302 -0.907315 -0.379831
vn -0.138527 -0.694856 -0.705681
vn -0.073613 -0.371435 -0.925536
vn 0.005007 0.011999 -0.999915
vn 0.080930 0.390552 -0.917017
vn 0.140277 0.704496 -0.695706
vn 0.177424 0.910276 -0.374056
vn 0.190578 0.981672 0.000000
vn 0.177424 0.910276 0.374056
vn 0.140277 0.704494 0.695708
s 1
g BaseTuboAbajo
usemtl initialShadingGroup
f 2050/2869/3676 2049/2870/3677 2052/2871/3678 2051/2872/3679
f 2049/2870/3677 2048/2873/3680 2053/2874/3681 2052/2871/3678
f 2098/2875/3682 2097/2876/3683 2100/2877/3684 2099/2878/3685
f 2097/2876/3683 2096/2879/3686 2101/2880/3687 2100/2877/3684
f 2016/2881/3688 2017/2882/3689 2126/2883/3690 2129/2884/3691
f 2017/2882/3689 2018/2885/3692 2123/2886/3693 2126/2883/3690
f 2018/2885/3692 2019/2887/3694 2120/2888/3695 2123/2886/3693
f 2019/2887/3694 2020/2889/3696 2117/2890/3697 2120/2888/3695
f 2020/2889/3696 2021/2891/3698 2114/2892/3699 2117/2890/3697
f 2021/2891/3698 2022/2893/3700 2111/2894/3701 2114/2892/3699
f 2022/2893/3700 2023/2895/3702 2108/2896/3703 2111/2894/3701
f 2023/3103/3702 2024/2897/3704 2105/2898/3705 2108/3104/3703
f 2024/2897/3704 2025/2899/3706 2102/2900/3707 2105/2898/3705
f 2025/2899/3706 2026/2901/3708 2099/2878/3685 2102/2900/3707
f 2026/2901/3708 2027/2902/3709 2098/2875/3682 2099/2878/3685
f 2027/2902/3709 2028/2903/3710 2141/2904/3711 2098/2875/3682
f 2028/2903/3710 2029/2905/3712 2138/2906/3713 2141/2904/3711
f 2029/2905/3712 2030/2907/3714 2135/2908/3715 2138/2906/3713
f 2030/2907/3714 2031/2909/3716 2132/2910/3717 2135/2908/3715
f 2031/2909/3716 2016/2881/3688 2129/2884/3691 2132/2910/3717
f 2053/2874/3681 2048/2873/3680 2043/2911/3718 2042/2912/3719
f 2056/2913/3720 2053/2874/3681 2042/2912/3719 2041/2914/3721
f 2059/2915/3722 2056/2913/3720 2041/2914/3721 2040/2916/3723
f 2062/2917/3724 2059/2915/3722 2040/2916/3723 2039/2918/3725
f 2065/2919/3726 2062/3102/3724 2039/3101/3725 2038/2920/3727
f 2068/2921/3728 2065/2919/3726 2038/2920/3727 2037/2922/3729
f 2071/2923/3730 2068/2921/3728 2037/2922/3729 2036/2924/3731
f 2074/2925/3732 2071/2923/3730 2036/2924/3731 2035/2926/3733
f 2077/2927/3734 2074/2925/3732 2035/2926/3733 2034/2928/3735
f 2080/2929/3736 2077/2927/3734 2034/2928/3735 2033/2930/3737
f 2083/2931/3738 2080/2929/3736 2033/2930/3737 2032/2932/3739
f 2086/2933/3740 2083/2931/3738 2032/2932/3739 2047/2934/3741
f 2089/2935/3742 2086/2933/3740 2047/2934/3741 2046/2936/3743
f 2092/2937/3744 2089/2935/3742 2046/2936/3743 2045/2938/3745
f 2095/2939/3746 2092/2937/3744 2045/2938/3745 2044/2940/3747
f 2048/2873/3680 2095/2939/3746 2044/2940/3747 2043/2911/3718
f 2051/2872/3679 2052/2871/3678 2055/2941/3748 2054/2942/3749
f 2052/2871/3678 2053/2874/3681 2056/2913/3720 2055/2941/3748
f 2054/2942/3749 2055/2941/3748 2058/2943/3750 2057/2944/3751
f 2055/2941/3748 2056/2913/3720 2059/2915/3722 2058/2943/3750
f 2057/2944/3751 2058/2943/3750 2061/3106/3752 2060/3095/3753
f 2058/2943/3750 2059/2915/3722 2062/2917/3724 2061/3106/3752
f 2060/2946/3753 2061/2945/3752 2064/2947/3754 2063/2948/3755
f 2061/2945/3752 2062/3102/3724 2065/2919/3726 2064/2947/3754
f 2063/2948/3755 2064/2947/3754 2067/2949/3756 2066/2950/3757
f 2064/2947/3754 2065/2919/3726 2068/2921/3728 2067/2949/3756
f 2066/2950/3757 2067/2949/3756 2070/2951/3758 2069/2952/3759
f 2067/2949/3756 2068/2921/3728 2071/2923/3730 2070/2951/3758
f 2069/2952/3759 2070/2951/3758 2073/2953/3760 2072/2954/3761
f 2070/2951/3758 2071/2923/3730 2074/2925/3732 2073/2953/3760
f 2072/2954/3761 2073/2953/3760 2076/2955/3762 2075/2956/3763
f 2073/2953/3760 2074/2925/3732 2077/2927/3734 2076/2955/3762
f 2075/2956/3763 2076/2955/3762 2079/2957/3764 2078/2958/3765
f 2076/2955/3762 2077/2927/3734 2080/2929/3736 2079/2957/3764
f 2078/2958/3765 2079/2957/3764 2082/2959/3766 2081/2960/3767
f 2079/2957/3764 2080/2929/3736 2083/2931/3738 2082/2959/3766
f 2081/2960/3767 2082/2959/3766 2085/2961/3768 2084/2962/3769
f 2082/2959/3766 2083/2931/3738 2086/2933/3740 2085/2961/3768
f 2084/2962/3769 2085/2961/3768 2088/2963/3770 2087/2964/3771
f 2085/2961/3768 2086/2933/3740 2089/2935/3742 2088/2963/3770
f 2087/2964/3771 2088/2963/3770 2091/2965/3772 2090/2966/3773
f 2088/2963/3770 2089/2935/3742 2092/2937/3744 2091/2965/3772
f 2090/2966/3773 2091/2965/3772 2094/2967/3774 2093/2968/3775
f 2091/2965/3772 2092/2937/3744 2095/2939/3746 2094/2967/3774
f 2048/2873/3680 2049/2870/3677 2094/2967/3774 2095/2939/3746
f 2049/2870/3677 2050/2869/3676 2093/2968/3775 2094/2967/3774
f 2099/2878/3685 2100/2877/3684 2103/2969/3776 2102/2900/3707
f 2100/2877/3684 2101/2880/3687 2104/2970/3777 2103/2969/3776
f 2102/2900/3707 2103/2969/3776 2106/2971/3778 2105/2898/3705
f 2103/2969/3776 2104/2970/3777 2107/2972/3779 2106/2971/3778
f 2105/2898/3705 2106/2971/3778 2109/3105/3780 2108/3104/3703
f 2106/2971/3778 2107/2972/3779 2110/2974/3781 2109/3105/3780
f 2108/2896/3703 2109/2973/3780 2112/2975/3782 2111/2894/3701
f 2109/2973/3780 2110/3094/3781 2113/2976/3783 2112/2975/3782
f 2111/2894/3701 2112/2975/3782 2115/2977/3784 2114/2892/3699
f 2112/2975/3782 2113/2976/3783 2116/2978/3785 2115/2977/3784
f 2114/2892/3699 2115/2977/3784 2118/2979/3786 2117/2890/3697
f 2115/2977/3784 2116/2978/3785 2119/2980/3787 2118/2979/3786
f 2117/2890/3697 2118/2979/3786 2121/2981/3788 2120/2888/3695
f 2118/2979/3786 2119/2980/3787 2122/2982/3789 2121/2981/3788
f 2120/2888/3695 2121/2981/3788 2124/2983/3790 2123/2886/3693
f 2121/2981/3788 2122/2982/3789 2125/2984/3791 2124/2983/3790
f 2123/2886/3693 2124/2983/3790 2127/2985/3792 2126/2883/3690
f 2124/2983/3790 2125/2984/3791 2128/2986/3793 2127/2985/3792
f 2126/2883/3690 2127/2985/3792 2130/2987/3794 2129/2884/3691
f 2127/2985/3792 2128/2986/3793 2131/2988/3795 2130/2987/3794
f 2129/2884/3691 2130/2987/3794 2133/2989/3796 2132/2910/3717
f 2130/2987/3794 2131/2988/3795 2134/2990/3797 2133/2989/3796
f 2132/2910/3717 2133/2989/3796 2136/2991/3798 2135/2908/3715
f 2133/2989/3796 2134/2990/3797 2137/2992/3799 2136/2991/3798
f 2135/2908/3715 2136/2991/3798 2139/2993/3800 2138/2906/3713
f 2136/2991/3798 2137/2992/3799 2140/2994/3801 2139/2993/3800
f 2138/2906/3713 2139/2993/3800 2142/2995/3802 2141/2904/3711
f 2139/2993/3800 2140/2994/3801 2143/2996/3803 2142/2995/3802
f 2096/2879/3686 2097/2876/3683 2142/2995/3802 2143/2996/3803
f 2097/2876/3683 2098/2875/3682 2141/2904/3711 2142/2995/3802
f 2195/2997/3804 2192/2998/3805 2144/2999/3806 2147/3000/3807
f 2198/3001/3808 2195/2997/3804 2147/3000/3807 2150/3002/3809
f 2201/3003/3810 2198/3001/3808 2150/3002/3809 2153/3004/3811
f 2204/3005/3812 2201/3003/3810 2153/3004/3811 2156/3097/3813
f 2207/3007/3814 2204/3098/3812 2156/3006/3813 2159/3008/3815
f 2210/3009/3816 2207/3007/3814 2159/3008/3815 2162/3010/3817
f 2213/3011/3818 2210/3009/3816 2162/3010/3817 2165/3012/3819
f 2216/3013/3820 2213/3011/3818 2165/3012/3819 2168/3014/3821
f 2219/3015/3822 2216/3013/3820 2168/3014/3821 2171/3016/3823
f 2222/3017/3824 2219/3015/3822 2171/3016/3823 2174/3018/3825
f 2225/3019/3826 2222/3017/3824 2174/3018/3825 2177/3020/3827
f 2228/3021/3828 2225/3019/3826 2177/3020/3827 2180/3022/3829
f 2231/3023/3830 2228/3021/3828 2180/3022/3829 2183/3024/3831
f 2234/3025/3832 2231/3023/3830 2183/3024/3831 2186/3026/3833
f 2237/3027/3834 2234/3025/3832 2186/3026/3833 2189/3028/3835
f 2192/2998/3805 2237/3027/3834 2189/3028/3835 2144/2999/3806
f 2149/3029/3836 2146/3030/3837 2050/2869/3676 2051/2872/3679
f 2152/3031/3838 2149/3029/3836 2051/2872/3679 2054/2942/3749
f 2155/3032/3839 2152/3031/3838 2054/2942/3749 2057/2944/3751
f 2158/3033/3840 2155/3032/3839 2057/2944/3751 2060/3095/3753
f 2161/3034/3841 2158/3096/3840 2060/2946/3753 2063/2948/3755
f 2164/3035/3842 2161/3034/3841 2063/2948/3755 2066/2950/3757
f 2167/3036/3843 2164/3035/3842 2066/2950/3757 2069/2952/3759
f 2170/3037/3844 2167/3036/3843 2069/2952/3759 2072/2954/3761
f 2173/3038/3845 2170/3037/3844 2072/2954/3761 2075/2956/3763
f 2176/3039/3846 2173/3038/3845 2075/2956/3763 2078/2958/3765
f 2179/3040/3847 2176/3039/3846 2078/2958/3765 2081/2960/3767
f 2182/3041/3848 2179/3040/3847 2081/2960/3767 2084/2962/3769
f 2185/3042/3849 2182/3041/3848 2084/2962/3769 2087/2964/3771
f 2188/3043/3850 2185/3042/3849 2087/2964/3771 2090/2966/3773
f 2191/3044/3851 2188/3043/3850 2090/2966/3773 2093/2968/3775
f 2146/3030/3837 2191/3044/3851 2093/2968/3775 2050/2869/3676
f 2101/2880/3687 2096/2879/3686 2194/3045/3852 2197/3046/3853
f 2104/2970/3777 2101/2880/3687 2197/3046/3853 2200/3047/3854
f 2107/2972/3779 2104/2970/3777 2200/3047/3854 2203/3048/3855
f 2110/2974/3781 2107/2972/3779 2203/3048/3855 2206/3093/3856
f 2113/2976/3783 2110/3094/3781 2206/3049/3856 2209/3050/3857
f 2116/2978/3785 2113/2976/3783 2209/3050/3857 2212/3051/3858
f 2119/2980/3787 2116/2978/3785 2212/3051/3858 2215/3052/3859
f 2122/2982/3789 2119/2980/3787 2215/3052/3859 2218/3053/3860
f 2125/2984/3791 2122/2982/3789 2218/3053/3860 2221/3054/3861
f 2128/2986/3793 2125/2984/3791 2221/3054/3861 2224/3055/3862
f 2131/2988/3795 2128/2986/3793 2224/3055/3862 2227/3056/3863
f 2134/2990/3797 2131/2988/3795 2227/3056/3863 2230/3057/3864
f 2137/2992/3799 2134/2990/3797 2230/3057/3864 2233/3058/3865
f 2140/2994/3801 2137/2992/3799 2233/3058/3865 2236/3059/3866
f 2143/2996/3803 2140/2994/3801 2236/3059/3866 2239/3060/3867
f 2096/2879/3686 2143/2996/3803 2239/3060/3867 2194/3045/3852
f 2144/2999/3806 2145/3061/3868 2148/3062/3869 2147/3000/3807
f 2145/3061/3868 2146/3030/3837 2149/3029/3836 2148/3062/3869
f 2147/3000/3807 2148/3062/3869 2151/3063/3870 2150/3002/3809
f 2148/3062/3869 2149/3029/3836 2152/3031/3838 2151/3063/3870
f 2150/3002/3809 2151/3063/3870 2154/3064/3871 2153/3004/3811
f 2151/3063/3870 2152/3031/3838 2155/3032/3839 2154/3064/3871
f 2153/3004/3811 2154/3064/3871 2157/3100/3872 2156/3097/3813
f 2154/3064/3871 2155/3032/3839 2158/3033/3840 2157/3100/3872
f 2156/3006/3813 2157/3065/3872 2160/3066/3873 2159/3008/3815
f 2157/3065/3872 2158/3096/3840 2161/3034/3841 2160/3066/3873
f 2159/3008/3815 2160/3066/3873 2163/3067/3874 2162/3010/3817
f 2160/3066/3873 2161/3034/3841 2164/3035/3842 2163/3067/3874
f 2162/3010/3817 2163/3067/3874 2166/3068/3875 2165/3012/3819
f 2163/3067/3874 2164/3035/3842 2167/3036/3843 2166/3068/3875
f 2165/3012/3819 2166/3068/3875 2169/3069/3876 2168/3014/3821
f 2166/3068/3875 2167/3036/3843 2170/3037/3844 2169/3069/3876
f 2168/3014/3821 2169/3069/3876 2172/3070/3877 2171/3016/3823
f 2169/3069/3876 2170/3037/3844 2173/3038/3845 2172/3070/3877
f 2171/3016/3823 2172/3070/3877 2175/3071/3878 2174/3018/3825
f 2172/3070/3877 2173/3038/3845 2176/3039/3846 2175/3071/3878
f 2174/3018/3825 2175/3071/3878 2178/3072/3879 2177/3020/3827
f 2175/3071/3878 2176/3039/3846 2179/3040/3847 2178/3072/3879
f 2177/3020/3827 2178/3072/3879 2181/3073/3880 2180/3022/3829
f 2178/3072/3879 2179/3040/3847 2182/3041/3848 2181/3073/3880
f 2180/3022/3829 2181/3073/3880 2184/3074/3881 2183/3024/3831
f 2181/3073/3880 2182/3041/3848 2185/3042/3849 2184/3074/3881
f 2183/3024/3831 2184/3074/3881 2187/3075/3882 2186/3026/3833
f 2184/3074/3881 2185/3042/3849 2188/3043/3850 2187/3075/3882
f 2186/3026/3833 2187/3075/3882 2190/3076/3883 2189/3028/3835
f 2187/3075/3882 2188/3043/3850 2191/3044/3851 2190/3076/3883
f 2146/3030/3837 2145/3061/3868 2190/3076/3883 2191/3044/3851
f 2145/3061/3868 2144/2999/3806 2189/3028/3835 2190/3076/3883
f 2192/2998/3805 2193/3077/3884 2238/3078/3885 2237/3027/3834
f 2193/3077/3884 2194/3045/3852 2239/3060/3867 2238/3078/3885
f 2194/3045/3852 2193/3077/3884 2196/3079/3886 2197/3046/3853
f 2193/3077/3884 2192/2998/3805 2195/2997/3804 2196/3079/3886
f 2197/3046/3853 2196/3079/3886 2199/3080/3887 2200/3047/3854
f 2196/3079/3886 2195/2997/3804 2198/3001/3808 2199/3080/3887
f 2200/3047/3854 2199/3080/3887 2202/3081/3888 2203/3048/3855
f 2199/3080/3887 2198/3001/3808 2201/3003/3810 2202/3081/3888
f 2203/3048/3855 2202/3081/3888 2205/3099/3889 2206/3093/3856
f 2202/3081/3888 2201/3003/3810 2204/3005/3812 2205/3099/3889
f 2206/3049/3856 2205/3082/3889 2208/3083/3890 2209/3050/3857
f 2205/3082/3889 2204/3098/3812 2207/3007/3814 2208/3083/3890
f 2209/3050/3857 2208/3083/3890 2211/3084/3891 2212/3051/3858
f 2208/3083/3890 2207/3007/3814 2210/3009/3816 2211/3084/3891
f 2212/3051/3858 2211/3084/3891 2214/3085/3892 2215/3052/3859
f 2211/3084/3891 2210/3009/3816 2213/3011/3818 2214/3085/3892
f 2215/3052/3859 2214/3085/3892 2217/3086/3893 2218/3053/3860
f 2214/3085/3892 2213/3011/3818 2216/3013/3820 2217/3086/3893
f 2218/3053/3860 2217/3086/3893 2220/3087/3894 2221/3054/3861
f 2217/3086/3893 2216/3013/3820 2219/3015/3822 2220/3087/3894
f 2221/3054/3861 2220/3087/3894 2223/3088/3895 2224/3055/3862
f 2220/3087/3894 2219/3015/3822 2222/3017/3824 2223/3088/3895
f 2224/3055/3862 2223/3088/3895 2226/3089/3896 2227/3056/3863
f 2223/3088/3895 2222/3017/3824 2225/3019/3826 2226/3089/3896
f 2227/3056/3863 2226/3089/3896 2229/3090/3897 2230/3057/3864
f 2226/3089/3896 2225/3019/3826 2228/3021/3828 2229/3090/3897
f 2230/3057/3864 2229/3090/3897 2232/3091/3898 2233/3058/3865
f 2229/3090/3897 2228/3021/3828 2231/3023/3830 2232/3091/3898
f 2233/3058/3865 2232/3091/3898 2235/3092/3899 2236/3059/3866
f 2232/3091/3898 2231/3023/3830 2234/3025/3832 2235/3092/3899
f 2236/3059/3866 2235/3092/3899 2238/3078/3885 2239/3060/3867
f 2235/3092/3899 2234/3025/3832 2237/3027/3834 2238/3078/3885
g default
v -3.182264 0.871135 0.100673
v -3.195080 0.858319 0.100673
v -3.213204 0.858319 0.100673
v -3.226020 0.871135 0.100673
v -3.226020 0.889260 0.100673
v -3.213204 0.902076 0.100673
v -3.195080 0.902076 0.100673
v -3.182264 0.889260 0.100673
v -3.213204 0.902076 0.086260
v -3.226020 0.889260 0.086260
v -3.226020 0.871135 0.086260
v -3.213204 0.858319 0.086260
v -3.195080 0.858319 0.086260
v -3.182264 0.871135 0.086260
v -3.182264 0.889260 0.086260
v -3.195080 0.902076 0.086260
v -3.204142 0.880197 0.086260
v -3.189560 0.874157 0.146311
v -3.198102 0.865615 0.146311
v -3.210182 0.865615 0.146311
v -3.218724 0.874157 0.146311
v -3.218724 0.886238 0.146311
v -3.210182 0.894780 0.146311
v -3.198102 0.894780 0.146311
v -3.189560 0.886238 0.146311
v -3.180985 0.870606 0.161359
v -3.194550 0.857041 0.161359
v -3.213734 0.857040 0.161359
v -3.227299 0.870606 0.161359
v -3.227299 0.889789 0.161359
v -3.213734 0.903354 0.161359
v -3.194550 0.903354 0.161359
v -3.180985 0.889789 0.161359
v -3.180985 0.870606 0.240314
v -3.194550 0.857041 0.240314
v -3.213734 0.857040 0.240314
v -3.227299 0.870606 0.240314
v -3.227299 0.889789 0.240314
v -3.213734 0.903354 0.240314
v -3.194550 0.903354 0.240314
v -3.180985 0.889789 0.240314
v -3.204142 0.880198 0.251103
v -3.191626 0.875013 0.251103
v -3.198958 0.867682 0.251103
v -3.209326 0.867682 0.251103
v -3.216658 0.875013 0.251103
v -3.216658 0.885382 0.251103
v -3.209326 0.892713 0.251103
v -3.198958 0.892713 0.251103
v -3.191626 0.885382 0.251103
v -3.216002 0.875285 -1.227997
v -3.213219 0.871120 -1.227997
v -3.209054 0.868337 -1.227997
v -3.204142 0.867360 -1.227997
v -3.199229 0.868337 -1.227997
v -3.195064 0.871120 -1.227997
v -3.192281 0.875285 -1.227997
v -3.191304 0.880197 -1.227997
v -3.192281 0.885110 -1.227997
v -3.195064 0.889275 -1.227997
v -3.199229 0.892057 -1.227997
v -3.204142 0.893035 -1.227997
v -3.209054 0.892057 -1.227997
v -3.213219 0.889275 -1.227997
v -3.216002 0.885110 -1.227997
v -3.216979 0.880197 -1.227997
v -3.218693 0.874170 -1.227997
v -3.215279 0.869060 -1.227997
v -3.210169 0.865646 -1.227997
v -3.204142 0.864447 -1.227997
v -3.198114 0.865646 -1.227997
v -3.193004 0.869060 -1.227997
v -3.189591 0.874170 -1.227997
v -3.188392 0.880197 -1.227997
v -3.189591 0.886224 -1.227997
v -3.193004 0.891334 -1.227997
v -3.198114 0.894749 -1.227997
v -3.204142 0.895947 -1.227997
v -3.210169 0.894749 -1.227997
v -3.215279 0.891334 -1.227997
v -3.218693 0.886224 -1.227997
v -3.219892 0.880197 -1.227997
v -3.223099 0.872345 -1.257217
v -3.218650 0.865688 -1.257217
v -3.211994 0.861240 -1.257217
v -3.204142 0.859678 -1.257217
v -3.196289 0.861240 -1.257217
v -3.189632 0.865688 -1.257217
v -3.185185 0.872345 -1.257217
v -3.183623 0.880197 -1.257217
v -3.185185 0.888049 -1.257217
v -3.189632 0.894706 -1.257217
v -3.196289 0.899154 -1.257217
v -3.204142 0.900716 -1.257217
v -3.211994 0.899154 -1.257217
v -3.218650 0.894706 -1.257217
v -3.223099 0.888049 -1.257217
v -3.224660 0.880197 -1.257217
v -3.223099 0.872345 -1.266695
v -3.218650 0.865688 -1.266695
v -3.211994 0.861240 -1.266695
v -3.204142 0.859678 -1.266695
v -3.196289 0.861240 -1.266695
v -3.189632 0.865688 -1.266695
v -3.185185 0.872345 -1.266695
v -3.183623 0.880197 -1.266695
v -3.185185 0.888049 -1.266695
v -3.189632 0.894706 -1.266695
v -3.196289 0.899154 -1.266695
v -3.204142 0.900716 -1.266695
v -3.211994 0.899154 -1.266695
v -3.218650 0.894706 -1.266695
v -3.223099 0.888049 -1.266695
v -3.224660 0.880197 -1.266695
v -3.216935 0.874898 -1.270690
v -3.213933 0.870405 -1.270690
v -3.204142 0.880197 -1.270690
v -3.209441 0.867404 -1.270690
v -3.204142 0.866350 -1.270690
v -3.198842 0.867404 -1.270690
v -3.194350 0.870405 -1.270690
v -3.191349 0.874898 -1.270690
v -3.190294 0.880197 -1.270690
v -3.191349 0.885496 -1.270690
v -3.194350 0.889989 -1.270690
v -3.198842 0.892991 -1.270690
v -3.204142 0.894045 -1.270690
v -3.209441 0.892991 -1.270690
v -3.213933 0.889989 -1.270690
v -3.216935 0.885496 -1.270690
v -3.217989 0.880197 -1.270690
v -3.192282 0.875285 0.090713
v -3.195065 0.871120 0.090713
v -3.199229 0.868337 0.090713
v -3.204142 0.867360 0.090713
v -3.209054 0.868337 0.090713
v -3.213219 0.871120 0.090713
v -3.216002 0.875285 0.090713
v -3.216979 0.880197 0.090713
v -3.216002 0.885110 0.090713
v -3.213219 0.889275 0.090713
v -3.209054 0.892058 0.090713
v -3.204142 0.893035 0.090713
v -3.199229 0.892058 0.090713
v -3.195065 0.889275 0.090713
v -3.192282 0.885110 0.090713
v -3.191304 0.880197 0.090713
vt 0.172691 0.000002
vt 0.167063 0.000002
vt 0.515607 0.158043
vt 0.521192 0.157035
vt 0.176670 0.003981
vt 0.526752 0.155601
vt 0.176670 0.009608
vt 0.487339 0.158639
vt 0.172691 0.013587
vt 0.492948 0.159096
vt 0.167063 0.013587
vt 0.498605 0.159249
vt 0.163084 0.009608
vt 0.504289 0.159124
vt 0.163084 0.003981
vt 0.509967 0.158726
vt 0.511353 0.108903
vt 0.004076 0.003911
vt 0.005751 0.000031
vt 0.001995 0.000207
vt 0.000000 0.002725
vt 0.000313 0.005888
vt 0.002698 0.007937
vt 0.005825 0.007788
vt 0.008005 0.005518
vt 0.169877 0.006795
vt 0.513498 0.143351
vt 0.518108 0.142721
vt 0.522205 0.142177
vt 0.488824 0.144318
vt 0.493530 0.144421
vt 0.498496 0.144420
vt 0.503560 0.144248
vt 0.508599 0.143885
vt 0.514128 0.137872
vt 0.519549 0.137258
vt 0.525209 0.137001
vt 0.487142 0.138711
vt 0.492768 0.138933
vt 0.498196 0.139008
vt 0.503526 0.138850
vt 0.508817 0.138454
vt 0.512483 0.113571
vt 0.517771 0.112387
vt 0.523332 0.110405
vt 0.487199 0.113531
vt 0.492377 0.114419
vt 0.497421 0.114735
vt 0.502398 0.114668
vt 0.507390 0.114287
vt 0.506943 0.109527
vt 0.008005 0.002332
vt 0.502434 0.109889
vt 0.497929 0.110003
vt 0.493527 0.109829
vt 0.489420 0.109229
vt 0.002523 0.000002
vt 0.518779 0.106285
vt 0.486195 0.107830
vt 0.515465 0.107920
vt 0.481887 0.111746
vt 0.481130 0.138687
vt 0.484632 0.144228
vt 0.481757 0.157820
vt 0.481130 0.162392
vt 0.527774 0.160075
vt 0.176670 0.003981
vt 0.510452 0.163268
vt 0.504521 0.163691
vt 0.516344 0.162532
vt 0.522144 0.161448
vt 0.486859 0.163166
vt 0.492690 0.163649
vt 0.498589 0.163819
vt 0.469431 0.025896
vt 0.471006 0.025927
vt 0.465763 0.435779
vt 0.464208 0.435760
vt 0.472581 0.025976
vt 0.467318 0.435799
vt 0.474154 0.026041
vt 0.468874 0.435819
vt 0.475724 0.026123
vt 0.470429 0.435839
vt 0.477293 0.026222
vt 0.471985 0.435859
vt 0.478857 0.026341
vt 0.473542 0.435879
vt 0.480416 0.026484
vt 0.475098 0.435899
vt 0.481964 0.026678
vt 0.476656 0.435920
vt 0.456882 0.026345
vt 0.458434 0.026182
vt 0.453319 0.435628
vt 0.451762 0.435609
vt 0.459996 0.026074
vt 0.454875 0.435646
vt 0.461563 0.025996
vt 0.456431 0.435665
vt 0.463134 0.025940
vt 0.457987 0.435683
vt 0.464706 0.025902
vt 0.459542 0.435702
vt 0.466281 0.025883
vt 0.461098 0.435721
vt 0.467856 0.025881
vt 0.462653 0.435740
vt 0.187547 0.005717
vt 0.187542 0.007380
vt 0.183365 0.006536
vt 0.186916 0.004179
vt 0.185744 0.002999
vt 0.184209 0.002358
vt 0.182546 0.002353
vt 0.181008 0.002985
vt 0.179828 0.004157
vt 0.179187 0.005692
vt 0.179182 0.007354
vt 0.179814 0.008893
vt 0.180986 0.010072
vt 0.182521 0.010713
vt 0.184183 0.010718
vt 0.185722 0.010087
vt 0.186901 0.008914
vt 0.469464 0.024940
vt 0.471081 0.024975
vt 0.472699 0.025030
vt 0.474318 0.025105
vt 0.475941 0.025203
vt 0.477574 0.025331
vt 0.479226 0.025503
vt 0.480917 0.025761
vt 0.482671 0.026218
vt 0.456189 0.025802
vt 0.457978 0.025404
vt 0.459684 0.025204
vt 0.461344 0.025082
vt 0.462981 0.025003
vt 0.464607 0.024954
vt 0.466229 0.024928
vt 0.467847 0.024924
vt 0.469687 0.015473
vt 0.471724 0.015541
vt 0.473768 0.015659
vt 0.475831 0.015832
vt 0.477925 0.016071
vt 0.480059 0.016390
vt 0.482246 0.016808
vt 0.484500 0.017344
vt 0.486833 0.018016
vt 0.452396 0.017241
vt 0.454762 0.016698
vt 0.457047 0.016268
vt 0.459260 0.015945
vt 0.461415 0.015716
vt 0.463524 0.015566
vt 0.465598 0.015481
vt 0.467649 0.015452
vt 0.469774 0.012518
vt 0.471897 0.012591
vt 0.474031 0.012717
vt 0.476189 0.012903
vt 0.478383 0.013159
vt 0.480622 0.013501
vt 0.482913 0.013943
vt 0.485255 0.014495
vt 0.487643 0.015133
vt 0.451762 0.014328
vt 0.454166 0.013820
vt 0.456533 0.013372
vt 0.458851 0.013026
vt 0.461116 0.012778
vt 0.463331 0.012617
vt 0.465504 0.012526
vt 0.467648 0.012496
vt 0.189899 0.005236
vt 0.189899 0.007835
vt 0.188904 0.002835
vt 0.187066 0.000997
vt 0.184664 0.000002
vt 0.182065 0.000002
vt 0.179664 0.000997
vt 0.177826 0.002835
vt 0.176831 0.005236
vt 0.176831 0.007835
vt 0.177826 0.010237
vt 0.179664 0.012075
vt 0.182065 0.013070
vt 0.184664 0.013070
vt 0.187066 0.012075
vt 0.188904 0.010237
vn 0.382688 -0.923878 0.000000
vn 0.923876 -0.382691 0.000000
vn 0.923876 -0.382691 0.000000
vn 0.382688 -0.923878 0.000000
vn -0.382689 -0.923877 0.000000
vn -0.382689 -0.923877 0.000000
vn -0.923879 -0.382684 0.000000
vn -0.923879 -0.382684 0.000000
vn -0.923880 0.382683 0.000000
vn -0.923880 0.382683 0.000000
vn -0.382692 0.923876 0.000000
vn -0.382692 0.923876 0.000000
vn 0.382689 0.923877 0.000000
vn 0.382689 0.923877 0.000000
vn 0.923877 0.382690 0.000000
vn 0.923877 0.382690 0.000000
vn 0.000001 0.000000 1.000000
vn 0.000000 0.000000 1.000000
vn -0.000000 0.000000 1.000000
vn -0.000000 0.000000 1.000000
vn 0.000001 0.000000 1.000000
vn 0.000000 0.000000 1.000000
vn 0.000000 0.000000 1.000000
vn 0.000000 0.000000 1.000000
vn 0.000000 0.000000 1.000000
vn -0.000000 0.000000 -1.000000
vn -0.000000 -0.000000 -1.000000
vn 0.000000 0.000000 -1.000000
vn 0.000000 -0.000000 -1.000000
vn 0.000000 -0.000000 -1.000000
vn -0.000000 -0.000000 -1.000000
vn 0.000000 0.000000 -1.000000
vn -0.000000 0.000000 -1.000000
vn 0.000000 -0.000000 -1.000000
vn 0.698234 -0.698249 0.157853
vn 0.698234 -0.698249 0.157853
vn 0.698234 -0.698249 0.157853
vn 0.698234 -0.698249 0.157853
vn 0.000004 -0.987462 0.157858
vn 0.000004 -0.987462 0.157858
vn 0.000004 -0.987462 0.157858
vn 0.000004 -0.987462 0.157858
vn -0.698236 -0.698247 0.157851
vn -0.698236 -0.698247 0.157851
vn -0.698236 -0.698247 0.157851
vn -0.698236 -0.698247 0.157851
vn -0.987463 0.000000 0.157852
vn -0.987463 0.000000 0.157852
vn -0.987463 0.000000 0.157852
vn -0.987463 0.000000 0.157852
vn -0.698236 0.698247 0.157851
vn -0.698236 0.698247 0.157851
vn -0.698236 0.698247 0.157851
vn -0.698236 0.698247 0.157851
vn 0.000000 0.987462 0.157858
vn 0.000000 0.987462 0.157858
vn 0.000000 0.987462 0.157858
vn 0.000000 0.987462 0.157858
vn 0.698236 0.698247 0.157854
vn 0.698236 0.698247 0.157854
vn 0.698236 0.698247 0.157854
vn 0.698236 0.698247 0.157854
vn 0.987462 0.000000 0.157856
vn 0.987462 0.000000 0.157856
vn 0.987462 0.000000 0.157856
vn 0.987462 0.000000 0.157856
vn 0.614371 -0.614350 -0.495099
vn 0.614371 -0.614350 -0.495099
vn 0.614371 -0.614350 -0.495099
vn 0.614371 -0.614350 -0.495099
vn 0.000005 -0.868841 -0.495092
vn 0.000005 -0.868841 -0.495092
vn 0.000005 -0.868841 -0.495092
vn 0.000005 -0.868841 -0.495092
vn -0.614368 -0.614357 -0.495094
vn -0.614368 -0.614357 -0.495094
vn -0.614368 -0.614357 -0.495094
vn -0.614368 -0.614357 -0.495094
vn -0.868840 0.000000 -0.495093
vn -0.868840 0.000000 -0.495093
vn -0.868840 0.000000 -0.495093
vn -0.868840 0.000000 -0.495093
vn -0.614368 0.614357 -0.495093
vn -0.614368 0.614357 -0.495093
vn -0.614368 0.614357 -0.495093
vn -0.614368 0.614357 -0.495093
vn 0.000000 0.868838 -0.495096
vn 0.000000 0.868838 -0.495096
vn 0.000000 0.868838 -0.495096
vn 0.000000 0.868838 -0.495096
vn 0.614373 0.614348 -0.495098
vn 0.614373 0.614348 -0.495098
vn 0.614373 0.614348 -0.495098
vn 0.614373 0.614348 -0.495098
vn 0.868840 0.000000 -0.495093
vn 0.868840 0.000000 -0.495093
vn 0.868840 0.000000 -0.495093
vn 0.868840 0.000000 -0.495093
vn 0.707115 -0.707099 0.000000
vn 0.707115 -0.707099 0.000000
vn 0.707115 -0.707099 0.000000
vn 0.707115 -0.707099 0.000000
vn 0.000006 -1.000000 0.000000
vn 0.000006 -1.000000 0.000000
vn 0.000006 -1.000000 0.000000
vn 0.000006 -1.000000 0.000000
vn -0.707118 -0.707096 0.000000
vn -0.707118 -0.707096 0.000000
vn -0.707118 -0.707096 0.000000
vn -0.707118 -0.707096 0.000000
vn -1.000000 0.000000 0.000000
vn -1.000000 0.000000 0.000000
vn -1.000000 0.000000 0.000000
vn -1.000000 0.000000 0.000000
vn -0.707119 0.707094 0.000000
vn -0.707119 0.707094 0.000000
vn -0.707119 0.707094 0.000000
vn -0.707119 0.707094 0.000000
vn 0.000000 1.000000 0.000000
vn 0.000000 1.000000 0.000000
vn 0.000000 1.000000 0.000000
vn 0.000000 1.000000 0.000000
vn 0.707119 0.707094 0.000000
vn 0.707119 0.707094 0.000000
vn 0.707119 0.707094 0.000000
vn 0.707119 0.707094 0.000000
vn 1.000000 0.000000 0.000000
vn 1.000000 0.000000 0.000000
vn 1.000000 0.000000 0.000000
vn 1.000000 0.000000 0.000000
vn 0.503427 -0.503431 0.702225
vn 0.503427 -0.503431 0.702225
vn 0.503427 -0.503431 0.702225
vn 0.503426 -0.503431 0.702225
vn 0.000006 -0.711952 0.702228
vn 0.000006 -0.711952 0.702228
vn 0.000006 -0.711952 0.702228
vn 0.000006 -0.711952 0.702228
vn -0.503437 -0.503419 0.702225
vn -0.503437 -0.503419 0.702225
vn -0.503437 -0.503419 0.702225
vn -0.503437 -0.503419 0.702225
vn -0.711960 0.000000 0.702220
vn -0.711960 0.000000 0.702220
vn -0.711960 0.000000 0.702220
vn -0.711960 0.000000 0.702220
vn -0.503438 0.503418 0.702226
vn -0.503438 0.503418 0.702226
vn -0.503438 0.503418 0.702226
vn -0.503438 0.503418 0.702226
vn 0.000000 0.711951 0.702229
vn 0.000000 0.711951 0.702229
vn 0.000000 0.711951 0.702229
vn 0.000000 0.711951 0.702229
vn 0.503430 0.503427 0.702225
vn 0.503430 0.503427 0.702225
vn 0.503430 0.503427 0.702225
vn 0.503430 0.503427 0.702225
vn 0.711960 0.000000 0.702220
vn 0.711960 0.000000 0.702220
vn 0.711960 0.000000 0.702220
vn 0.711960 0.000000 0.702220
vn -0.923885 -0.382670 0.000000
vn -0.707095 -0.707119 0.000000
vn -0.707095 -0.707119 0.000000
vn -0.923885 -0.382670 0.000000
vn -0.382661 -0.923889 0.000000
vn -0.382661 -0.923889 0.000000
vn 0.000000 -1.000000 0.000000
vn 0.000000 -1.000000 0.000000
vn 0.382661 -0.923889 0.000000
vn 0.382661 -0.923889 0.000000
vn 0.707095 -0.707119 0.000000
vn 0.707095 -0.707119 0.000000
vn 0.923885 -0.382670 0.000000
vn 0.923885 -0.382670 0.000000
vn 1.000000 -0.000000 0.000000
vn 1.000000 0.000000 0.000000
vn 0.923884 0.382673 0.000000
vn 0.923884 0.382673 0.000000
vn 0.707103 0.707111 -0.000000
vn 0.707103 0.707111 -0.000000
vn 0.382682 0.923880 -0.000000
vn 0.382682 0.923880 -0.000000
vn 0.000000 1.000000 -0.000000
vn 0.000000 1.000000 -0.000000
vn -0.382682 0.923880 -0.000000
vn -0.382682 0.923880 -0.000000
vn -0.707103 0.707111 -0.000000
vn -0.707103 0.707111 -0.000000
vn -0.923884 0.382673 -0.000000
vn -0.923884 0.382673 -0.000000
vn -1.000000 -0.000000 0.000000
vn -1.000000 0.000000 0.000000
vn -0.000013 0.000000 -1.000000
vn 0.000013 0.000000 -1.000000
vn -0.000002 0.000000 -1.000000
vn 0.000000 0.000000 -1.000000
vn -0.000000 0.000000 -1.000000
vn -0.000013 0.000000 -1.000000
vn 0.000006 0.000000 -1.000000
vn -0.000006 0.000000 -1.000000
vn 0.000000 0.000000 -1.000000
vn -0.000013 0.000000 -1.000000
vn -0.000013 0.000000 -1.000000
vn 0.000000 0.000000 -1.000000
vn 0.000000 0.000000 -1.000000
vn 0.000000 0.000000 -1.000000
vn 0.000006 0.000000 -1.000000
vn 0.000006 0.000000 -1.000000
vn 0.000000 0.000000 -1.000000
vn 0.000015 0.000000 1.000000
vn 0.000015 0.000000 1.000000
vn 0.000015 0.000000 1.000000
vn 0.000015 0.000000 1.000000
vn 0.000000 0.000000 1.000000
vn 0.000000 0.000000 1.000000
vn 0.000000 0.000000 1.000000
vn 0.000000 0.000000 1.000000
vn 0.000000 0.000000 1.000000
vn 0.000000 0.000000 1.000000
vn 0.000000 0.000000 1.000000
vn 0.000000 0.000000 1.000000
vn 0.000015 0.000000 1.000000
vn 0.000015 0.000000 1.000000
vn 0.000015 0.000000 1.000000
vn 0.000015 0.000000 1.000000
vn 0.000015 0.000000 1.000000
vn 0.000015 0.000000 1.000000
vn 0.000015 0.000000 1.000000
vn 0.000015 0.000000 1.000000
vn -0.000029 0.000000 1.000000
vn -0.000029 0.000000 1.000000
vn -0.000029 0.000000 1.000000
vn -0.000029 0.000000 1.000000
vn 0.000000 0.000000 1.000000
vn 0.000000 0.000000 1.000000
vn 0.000000 0.000000 1.000000
vn 0.000000 0.000000 1.000000
vn -0.000007 0.000000 1.000000
vn -0.000007 0.000000 1.000000
vn -0.000007 0.000000 1.000000
vn -0.000007 0.000000 1.000000
vn -0.000015 0.000000 1.000000
vn -0.000015 0.000000 1.000000
vn -0.000015 0.000000 1.000000
vn -0.000015 0.000000 1.000000
vn 0.000000 0.000000 1.000000
vn 0.000000 0.000000 1.000000
vn 0.000000 0.000000 1.000000
vn 0.000000 0.000000 1.000000
vn 0.000015 0.000000 1.000000
vn 0.000015 0.000000 1.000000
vn 0.000015 0.000000 1.000000
vn 0.000015 0.000000 1.000000
vn 0.000000 0.000000 1.000000
vn 0.000000 0.000000 1.000000
vn 0.000000 0.000000 1.000000
vn 0.000000 0.000000 1.000000
vn -0.000015 0.000000 1.000000
vn -0.000015 0.000000 1.000000
vn -0.000015 0.000000 1.000000
vn -0.000015 0.000000 1.000000
vn 0.000022 0.000000 1.000000
vn 0.000022 0.000000 1.000000
vn 0.000022 0.000000 1.000000
vn 0.000022 0.000000 1.000000
vn 0.000000 0.000000 1.000000
vn 0.000000 0.000000 1.000000
vn 0.000000 0.000000 1.000000
vn 0.000000 0.000000 1.000000
vn 0.000000 0.000000 1.000000
vn 0.000000 0.000000 1.000000
vn 0.000000 0.000000 1.000000
vn 0.000000 0.000000 1.000000
vn -0.697884 -0.697865 0.161067
vn -0.911817 -0.377689 0.161063
vn -0.911816 -0.377690 0.161063
vn -0.697883 -0.697866 0.161067
vn -0.377681 -0.911820 0.161066
vn -0.377681 -0.911820 0.161066
vn -0.000000 -0.986943 0.161069
vn 0.000000 -0.986943 0.161069
vn 0.377673 -0.911821 0.161075
vn 0.377675 -0.911820 0.161075
vn 0.697892 -0.697855 0.161075
vn 0.697891 -0.697856 0.161075
vn 0.911821 -0.377673 0.161074
vn 0.911821 -0.377674 0.161074
vn 0.986942 0.000001 0.161076
vn 0.986942 -0.000001 0.161076
vn 0.911822 0.377673 0.161071
vn 0.911822 0.377673 0.161071
vn 0.697899 0.697849 0.161073
vn 0.697898 0.697850 0.161073
vn 0.377680 0.911818 0.161075
vn 0.377682 0.911818 0.161075
vn 0.000001 0.986943 0.161069
vn 0.000001 0.986943 0.161069
vn -0.377687 0.911817 0.161066
vn -0.377686 0.911817 0.161066
vn -0.697890 0.697859 0.161067
vn -0.697889 0.697860 0.161067
vn -0.911816 0.377690 0.161065
vn -0.911816 0.377690 0.161065
vn -0.986944 0.000001 0.161061
vn -0.986944 -0.000001 0.161061
vn -0.707107 -0.707107 0.000000
vn -0.923872 -0.382701 0.000000
vn -0.923872 -0.382701 0.000000
vn -0.707107 -0.707107 0.000000
vn -0.382687 -0.923878 0.000000
vn -0.382687 -0.923878 0.000000
vn 0.000000 -1.000000 0.000000
vn 0.000000 -1.000000 0.000000
vn 0.382669 -0.923885 0.000000
vn 0.382669 -0.923885 0.000000
vn 0.707119 -0.707094 0.000000
vn 0.707119 -0.707094 0.000000
vn 0.923886 -0.382669 0.000000
vn 0.923886 -0.382669 0.000000
vn 1.000000 0.000000 0.000000
vn 1.000000 0.000000 0.000000
vn 0.923888 0.382662 0.000000
vn 0.923888 0.382662 0.000000
vn 0.707129 0.707085 0.000000
vn 0.707129 0.707085 0.000000
vn 0.382674 0.923883 0.000000
vn 0.382674 0.923883 0.000000
vn -0.000000 1.000000 0.000000
vn -0.000000 1.000000 0.000000
vn -0.382692 0.923876 0.000000
vn -0.382692 0.923876 0.000000
vn -0.707116 0.707097 0.000000
vn -0.707116 0.707097 0.000000
vn -0.923875 0.382694 0.000000
vn -0.923875 0.382694 0.000000
vn -1.000000 0.000000 0.000000
vn -1.000000 0.000000 0.000000
vn -0.363281 -0.363291 -0.857932
vn -0.474662 -0.196621 -0.857926
vn -0.474662 -0.196621 -0.857926
vn -0.363282 -0.363290 -0.857932
vn -0.196609 -0.474655 -0.857932
vn -0.196611 -0.474654 -0.857932
vn 0.000001 -0.513769 -0.857929
vn -0.000000 -0.513769 -0.857929
vn 0.196606 -0.474655 -0.857933
vn 0.196603 -0.474656 -0.857933
vn 0.363285 -0.363269 -0.857939
vn 0.363285 -0.363268 -0.857939
vn 0.474660 -0.196611 -0.857929
vn 0.474660 -0.196611 -0.857929
vn 0.513761 -0.000001 -0.857933
vn 0.513761 0.000001 -0.857933
vn 0.474649 0.196611 -0.857935
vn 0.474648 0.196612 -0.857935
vn 0.363281 0.363268 -0.857941
vn 0.363283 0.363267 -0.857941
vn 0.196597 0.474648 -0.857939
vn 0.196595 0.474649 -0.857938
vn 0.000000 0.513770 -0.857928
vn -0.000001 0.513770 -0.857928
vn -0.196612 0.474653 -0.857933
vn -0.196615 0.474652 -0.857933
vn -0.363290 0.363287 -0.857929
vn -0.363292 0.363286 -0.857929
vn -0.474658 0.196619 -0.857928
vn -0.474657 0.196621 -0.857928
vn -0.513775 -0.000001 -0.857925
vn -0.513775 0.000001 -0.857925
s 1
g Tubo
usemtl initialShadingGroup
f 2252/3177/3900 2253/3176/3901 2240/3109/3902 2241/3110/3903
f 2251/3172/3904 2252/3177/3900 2241/3110/3903 2242/3112/3905
f 2250/3178/3906 2251/3171/3904 2242/3170/3905 2243/3114/3907
f 2249/3179/3908 2250/3178/3906 2243/3114/3907 2244/3116/3909
f 2248/3180/3910 2249/3179/3908 2244/3116/3909 2245/3118/3911
f 2255/3175/3912 2248/3180/3910 2245/3118/3911 2246/3120/3913
f 2254/3174/3914 2255/3175/3912 2246/3120/3913 2247/3122/3915
f 2253/3176/3901 2254/3174/3914 2247/3122/3915 2240/3109/3902
s 2
f 2282/3158/3916 2281/3124/3917 2283/3125/3918
f 2283/3125/3918 2281/3124/3917 2284/3163/3919
f 2284/3126/3919 2281/3124/3917 2285/3127/3920
f 2285/3127/3920 2281/3124/3917 2286/3128/3921
f 2286/3128/3921 2281/3124/3917 2287/3129/3922
f 2287/3129/3922 2281/3124/3917 2288/3130/3923
f 2288/3130/3923 2281/3124/3917 2289/3131/3924
f 2289/3131/3924 2281/3124/3917 2282/3158/3916
s 3
f 2251/3173/3925 2256/3132/3926 2252/3107/3927
f 2248/3117/3928 2255/3119/3929 2256/3132/3926
f 2256/3132/3926 2255/3119/3929 2254/3121/3930
f 2256/3132/3926 2254/3121/3930 2253/3108/3931
f 2256/3132/3926 2253/3108/3931 2252/3107/3927
f 2250/3113/3932 2256/3132/3926 2251/3111/3925
f 2249/3115/3933 2256/3132/3926 2250/3113/3932
f 2248/3117/3928 2256/3132/3926 2249/3115/3933
s off
f 2241/3110/3934 2240/3109/3935 2257/3133/3936 2258/3134/3937
f 2242/3112/3938 2241/3110/3939 2258/3134/3940 2259/3135/3941
f 2243/3114/3942 2242/3170/3943 2259/3169/3944 2260/3136/3945
f 2244/3116/3946 2243/3114/3947 2260/3136/3948 2261/3137/3949
f 2245/3118/3950 2244/3116/3951 2261/3137/3952 2262/3138/3953
f 2246/3120/3954 2245/3118/3955 2262/3138/3956 2263/3139/3957
f 2247/3122/3958 2246/3120/3959 2263/3139/3960 2264/3140/3961
f 2240/3109/3962 2247/3122/3963 2264/3140/3964 2257/3133/3965
f 2258/3134/3966 2257/3133/3967 2265/3141/3968 2266/3142/3969
f 2259/3135/3970 2258/3134/3971 2266/3142/3972 2267/3143/3973
f 2260/3136/3974 2259/3169/3975 2267/3168/3976 2268/3144/3977
f 2261/3137/3978 2260/3136/3979 2268/3144/3980 2269/3145/3981
f 2262/3138/3982 2261/3137/3983 2269/3145/3984 2270/3146/3985
f 2263/3139/3986 2262/3138/3987 2270/3146/3988 2271/3147/3989
f 2264/3140/3990 2263/3139/3991 2271/3147/3992 2272/3148/3993
f 2257/3133/3994 2264/3140/3995 2272/3148/3996 2265/3141/3997
f 2266/3142/3998 2265/3141/3999 2273/3149/4000 2274/3150/4001
f 2267/3143/4002 2266/3142/4003 2274/3150/4004 2275/3151/4005
f 2268/3144/4006 2267/3168/4007 2275/3167/4008 2276/3152/4009
f 2269/3145/4010 2268/3144/4011 2276/3152/4012 2277/3153/4013
f 2270/3146/4014 2269/3145/4015 2277/3153/4016 2278/3154/4017
f 2271/3147/4018 2270/3146/4019 2278/3154/4020 2279/3155/4021
f 2272/3148/4022 2271/3147/4023 2279/3155/4024 2280/3156/4025
f 2265/3141/4026 2272/3148/4027 2280/3156/4028 2273/3149/4029
f 2274/3150/4030 2273/3149/4031 2282/3123/4032 2283/3166/4033
f 2275/3151/4034 2274/3150/4035 2283/3166/4036 2284/3164/4037
f 2276/3152/4038 2275/3167/4039 2284/3165/4040 2285/3162/4041
f 2277/3153/4042 2276/3152/4043 2285/3162/4044 2286/3161/4045
f 2278/3154/4046 2277/3153/4047 2286/3161/4048 2287/3160/4049
f 2279/3155/4050 2278/3154/4051 2287/3160/4052 2288/3159/4053
f 2280/3156/4054 2279/3155/4055 2288/3159/4056 2289/3157/4057
f 2273/3149/4058 2280/3156/4059 2289/3157/4060 2282/3123/4061
s 5
f 2290/3181/4062 2291/3182/4063 2376/3183/4064 2377/3184/4065
f 2291/3182/4063 2292/3185/4066 2375/3186/4067 2376/3183/4064
f 2292/3185/4066 2293/3187/4068 2374/3188/4069 2375/3186/4067
f 2293/3187/4068 2294/3189/4070 2373/3190/4071 2374/3188/4069
f 2294/3189/4070 2295/3191/4072 2372/3192/4073 2373/3190/4071
f 2295/3191/4072 2296/3193/4074 2371/3194/4075 2372/3192/4073
f 2296/3193/4074 2297/3195/4076 2386/3196/4077 2371/3194/4075
f 2297/3195/4076 2298/3197/4078 2385/3198/4079 2386/3196/4077
f 2298/3199/4078 2299/3200/4080 2384/3201/4081 2385/3202/4079
f 2299/3200/4080 2300/3203/4082 2383/3204/4083 2384/3201/4081
f 2300/3203/4082 2301/3205/4084 2382/3206/4085 2383/3204/4083
f 2301/3205/4084 2302/3207/4086 2381/3208/4087 2382/3206/4085
f 2302/3207/4086 2303/3209/4088 2380/3210/4089 2381/3208/4087
f 2303/3209/4088 2304/3211/4090 2379/3212/4091 2380/3210/4089
f 2304/3211/4090 2305/3213/4092 2378/3214/4093 2379/3212/4091
f 2305/3213/4092 2290/3181/4062 2377/3184/4065 2378/3214/4093
s 6
f 2355/3215/4094 2354/3216/4095 2356/3217/4096
f 2357/3218/4097 2355/3215/4094 2356/3217/4096
f 2358/3219/4098 2357/3218/4097 2356/3217/4096
f 2359/3220/4099 2358/3219/4098 2356/3217/4096
f 2360/3221/4100 2359/3220/4099 2356/3217/4096
f 2361/3222/4101 2360/3221/4100 2356/3217/4096
f 2362/3223/4102 2361/3222/4101 2356/3217/4096
f 2363/3224/4103 2362/3223/4102 2356/3217/4096
f 2364/3225/4104 2363/3224/4103 2356/3217/4096
f 2365/3226/4105 2364/3225/4104 2356/3217/4096
f 2366/3227/4106 2365/3226/4105 2356/3217/4096
f 2367/3228/4107 2366/3227/4106 2356/3217/4096
f 2368/3229/4108 2367/3228/4107 2356/3217/4096
f 2369/3230/4109 2368/3229/4108 2356/3217/4096
f 2370/3231/4110 2369/3230/4109 2356/3217/4096
f 2354/3216/4095 2370/3231/4110 2356/3217/4096
s off
f 2291/3182/4111 2290/3181/4112 2306/3232/4113 2307/3233/4114
f 2292/3185/4115 2291/3182/4116 2307/3233/4117 2308/3234/4118
f 2293/3187/4119 2292/3185/4120 2308/3234/4121 2309/3235/4122
f 2294/3189/4123 2293/3187/4124 2309/3235/4125 2310/3236/4126
f 2295/3191/4127 2294/3189/4128 2310/3236/4129 2311/3237/4130
f 2296/3193/4131 2295/3191/4132 2311/3237/4133 2312/3238/4134
f 2297/3195/4135 2296/3193/4136 2312/3238/4137 2313/3239/4138
f 2298/3197/4139 2297/3195/4140 2313/3239/4141 2314/3240/4142
f 2299/3200/4143 2298/3199/4144 2314/3241/4145 2315/3242/4146
f 2300/3203/4147 2299/3200/4148 2315/3242/4149 2316/3243/4150
f 2301/3205/4151 2300/3203/4152 2316/3243/4153 2317/3244/4154
f 2302/3207/4155 2301/3205/4156 2317/3244/4157 2318/3245/4158
f 2303/3209/4159 2302/3207/4160 2318/3245/4161 2319/3246/4162
f 2304/3211/4163 2303/3209/4164 2319/3246/4165 2320/3247/4166
f 2305/3213/4167 2304/3211/4168 2320/3247/4169 2321/3248/4170
f 2290/3181/4171 2305/3213/4172 2321/3248/4173 2306/3232/4174
s 7
f 2307/3233/4175 2306/3232/4176 2322/3249/4177 2323/3250/4178
f 2308/3234/4179 2307/3233/4175 2323/3250/4178 2324/3251/4180
f 2309/3235/4181 2308/3234/4179 2324/3251/4180 2325/3252/4182
f 2310/3236/4183 2309/3235/4181 2325/3252/4182 2326/3253/4184
f 2311/3237/4185 2310/3236/4183 2326/3253/4184 2327/3254/4186
f 2312/3238/4187 2311/3237/4185 2327/3254/4186 2328/3255/4188
f 2313/3239/4189 2312/3238/4187 2328/3255/4188 2329/3256/4190
f 2314/3240/4191 2313/3239/4189 2329/3256/4190 2330/3257/4192
f 2315/3242/4193 2314/3241/4191 2330/3258/4192 2331/3259/4194
f 2316/3243/4195 2315/3242/4193 2331/3259/4194 2332/3260/4196
f 2317/3244/4197 2316/3243/4195 2332/3260/4196 2333/3261/4198
f 2318/3245/4199 2317/3244/4197 2333/3261/4198 2334/3262/4200
f 2319/3246/4201 2318/3245/4199 2334/3262/4200 2335/3263/4202
f 2320/3247/4203 2319/3246/4201 2335/3263/4202 2336/3264/4204
f 2321/3248/4205 2320/3247/4203 2336/3264/4204 2337/3265/4206
f 2306/3232/4176 2321/3248/4205 2337/3265/4206 2322/3249/4177
s 8
f 2323/3250/4207 2322/3249/4208 2338/3266/4209 2339/3267/4210
f 2324/3251/4211 2323/3250/4207 2339/3267/4210 2340/3268/4212
f 2325/3252/4213 2324/3251/4211 2340/3268/4212 2341/3269/4214
f 2326/3253/4215 2325/3252/4213 2341/3269/4214 2342/3270/4216
f 2327/3254/4217 2326/3253/4215 2342/3270/4216 2343/3271/4218
f 2328/3255/4219 2327/3254/4217 2343/3271/4218 2344/3272/4220
f 2329/3256/4221 2328/3255/4219 2344/3272/4220 2345/3273/4222
f 2330/3257/4223 2329/3256/4221 2345/3273/4222 2346/3274/4224
f 2331/3259/4225 2330/3258/4223 2346/3275/4224 2347/3276/4226
f 2332/3260/4227 2331/3259/4225 2347/3276/4226 2348/3277/4228
f 2333/3261/4229 2332/3260/4227 2348/3277/4228 2349/3278/4230
f 2334/3262/4231 2333/3261/4229 2349/3278/4230 2350/3279/4232
f 2335/3263/4233 2334/3262/4231 2350/3279/4232 2351/3280/4234
f 2336/3264/4235 2335/3263/4233 2351/3280/4234 2352/3281/4236
f 2337/3265/4237 2336/3264/4235 2352/3281/4236 2353/3282/4238
f 2322/3249/4208 2337/3265/4237 2353/3282/4238 2338/3266/4209
s 9
f 2339/3283/4239 2338/3284/4240 2354/3216/4241 2355/3215/4242
f 2340/3285/4243 2339/3283/4239 2355/3215/4242 2357/3218/4244
f 2341/3286/4245 2340/3285/4243 2357/3218/4244 2358/3219/4246
f 2342/3287/4247 2341/3286/4245 2358/3219/4246 2359/3220/4248
f 2343/3288/4249 2342/3287/4247 2359/3220/4248 2360/3221/4250
f 2344/3289/4251 2343/3288/4249 2360/3221/4250 2361/3222/4252
f 2345/3290/4253 2344/3289/4251 2361/3222/4252 2362/3223/4254
f 2346/3291/4255 2345/3290/4253 2362/3223/4254 2363/3224/4256
f 2347/3292/4257 2346/3291/4255 2363/3224/4256 2364/3225/4258
f 2348/3293/4259 2347/3292/4257 2364/3225/4258 2365/3226/4260
f 2349/3294/4261 2348/3293/4259 2365/3226/4260 2366/3227/4262
f 2350/3295/4263 2349/3294/4261 2366/3227/4262 2367/3228/4264
f 2351/3296/4265 2350/3295/4263 2367/3228/4264 2368/3229/4266
f 2352/3297/4267 2351/3296/4265 2368/3229/4266 2369/3230/4268
f 2353/3298/4269 2352/3297/4267 2369/3230/4268 2370/3231/4270
f 2338/3284/4240 2353/3298/4269 2370/3231/4270 2354/3216/4241
g default
v -3.142278 0.850391 -0.488527
v -3.071654 0.850391 -0.488527
v -3.142278 0.850391 -0.648757
v -3.071654 0.850391 -0.648757
v -3.071654 0.848075 -0.488527
v -3.066722 0.848075 -0.488527
v -3.071654 0.853008 -0.488527
v -3.066722 0.853008 -0.488527
v -3.071654 0.853008 -0.648757
v -3.066722 0.853008 -0.648757
v -3.071654 0.848075 -0.648757
v -3.066722 0.848075 -0.648757
v -3.071654 0.848075 -0.482158
v -3.066722 0.848075 -0.482158
v -3.066722 0.853008 -0.482158
v -3.071654 0.853008 -0.482158
v -3.071654 0.853008 -0.655125
v -3.066722 0.853008 -0.655125
v -3.066722 0.848075 -0.655125
v -3.071654 0.848075 -0.655125
v -3.142278 0.848075 -0.488527
v -3.142278 0.853008 -0.488527
v -3.142278 0.848075 -0.482158
v -3.142278 0.853008 -0.482158
v -3.142278 0.853008 -0.648757
v -3.142278 0.848075 -0.648757
v -3.142278 0.853008 -0.655125
v -3.142278 0.848075 -0.655125
v -3.147011 0.848075 -0.488527
v -3.147011 0.853008 -0.488527
v -3.147011 0.848075 -0.482158
v -3.147011 0.853008 -0.482158
v -3.147011 0.853008 -0.648757
v -3.147011 0.848075 -0.648757
v -3.147011 0.853008 -0.655125
v -3.147011 0.848075 -0.655125
v -3.047143 0.768147 -0.478165
v -3.042211 0.768147 -0.478165
v -3.042211 0.768147 -0.470973
v -3.047143 0.768147 -0.470973
v -3.047143 0.768147 -0.659118
v -3.042211 0.768147 -0.659118
v -3.047143 0.768147 -0.666310
v -3.042211 0.768147 -0.666310
v -3.139380 0.773369 -0.478672
v -3.139380 0.773369 -0.471521
v -3.144113 0.773369 -0.471521
v -3.144113 0.773369 -0.478672
v -3.139380 0.773369 -0.658611
v -3.139380 0.773369 -0.665762
v -3.144113 0.773369 -0.658611
v -3.144113 0.773369 -0.665762
v -3.071654 0.848075 -0.486085
v -3.047143 0.768147 -0.474900
v -3.142278 0.848075 -0.486085
v -3.139380 0.773369 -0.475447
v -3.069251 0.848075 -0.488527
v -3.044740 0.768147 -0.478165
v -3.069251 0.848075 -0.648757
v -3.044740 0.768147 -0.659118
v -3.071654 0.848075 -0.651550
v -3.047143 0.768147 -0.662735
v -3.142278 0.848075 -0.651550
v -3.139380 0.773369 -0.662188
vt 0.480505 0.163819
vt 0.502433 0.163819
vt 0.480505 0.213566
vt 0.502433 0.213566
vt 0.040724 0.002203
vt 0.051655 0.010300
vt 0.006503 0.010718
vt 0.006638 0.010553
vt 0.032842 0.015874
vt 0.030822 0.046357
vt 0.022404 0.046841
vt 0.016821 0.015460
vt 0.017602 0.055959
vt 0.017246 0.055802
vt 0.051622 0.047977
vt 0.040702 0.056044
vt 0.019648 0.041072
vt 0.016481 0.017625
vt 0.016795 0.017386
vt 0.020529 0.042744
vt 0.057810 0.022756
vt 0.057810 0.035483
vt 0.032939 0.000094
vt 0.033301 0.000142
vt 0.033835 0.000222
vt 0.034252 0.000291
vt 0.006204 0.011093
vt 0.002543 0.023676
vt 0.000000 0.029793
vt 0.002700 0.016826
vt 0.002834 0.016541
vt 0.016915 0.055650
vt 0.996364 0.000007
vt 0.996360 0.001539
vt 0.994127 0.001533
vt 0.994131 0.000002
vt 0.002823 0.041674
vt 0.009052 0.048289
vt 0.011363 0.052273
vt 0.011108 0.052074
vt 0.335198 0.035133
vt 0.333667 0.035133
vt 0.333667 0.013206
vt 0.335198 0.013206
vt 0.026377 0.000002
vt 0.014504 0.003849
vt 0.026376 0.000002
vt 0.007303 0.009770
vt 0.004566 0.021850
vt 0.002995 0.016209
vt 0.649495 0.035613
vt 0.647964 0.035613
vt 0.647964 0.013686
vt 0.649495 0.013686
vt 0.011667 0.052505
vt 0.010868 0.048444
vt 0.035292 0.057748
vt 0.022947 0.057691
vt 0.997538 0.027498
vt 0.999515 0.027503
vt 0.999463 0.049430
vt 0.997486 0.049425
vt 0.000563 0.023370
vt 0.000667 0.022874
vt 0.000741 0.022544
vt 0.000484 0.023777
vt 0.007444 0.009612
vt 0.007577 0.009465
vt 0.023000 0.057702
vt 0.022974 0.057697
vt 0.006517 0.047538
vt 0.006182 0.047117
vt 0.005965 0.046835
vt 0.006771 0.047847
vt 0.329918 0.012727
vt 0.331383 0.013172
vt 0.331383 0.039328
vt 0.329918 0.038882
vt 0.055376 0.015944
vt 0.055631 0.016463
vt 0.046465 0.005460
vt 0.046789 0.005699
vt 0.583605 0.013234
vt 0.585070 0.012789
vt 0.585070 0.038944
vt 0.583605 0.039389
vt 0.046756 0.052564
vt 0.046431 0.052803
vt 0.055611 0.041816
vt 0.055356 0.042334
vt 0.020023 0.001354
vt 0.020570 0.001178
vt 0.010638 0.006544
vt 0.010931 0.006305
vt 0.331792 0.012790
vt 0.333261 0.012846
vt 0.333261 0.036259
vt 0.331792 0.036203
vt 0.996348 0.072635
vt 0.994127 0.072629
vt 0.328043 0.013257
vt 0.329512 0.013200
vt 0.329512 0.036613
vt 0.328043 0.036670
vt 0.029271 0.058378
vt 0.028893 0.058376
vt 0.006584 0.026173
vt 0.007540 0.028193
vt 0.011266 0.047420
vt 0.010954 0.047314
vt 0.592977 0.206321
vt 0.613958 0.199949
vt 0.619906 0.222628
vt 0.592977 0.232508
vt 0.564572 0.065863
vt 0.538616 0.069080
vt 0.538616 0.012899
vt 0.564572 0.016116
vt 0.595477 0.263576
vt 0.620062 0.254555
vt 0.620062 0.283239
vt 0.596722 0.285468
vn 0.000000 1.000000 0.000000
vn 0.000000 1.000000 0.000000
vn 0.000000 1.000000 0.000000
vn 0.000000 1.000000 0.000000
vn 0.000000 0.000000 1.000000
vn 0.000000 0.000000 1.000000
vn 0.000000 0.000000 1.000000
vn 0.000000 0.000000 1.000000
vn 0.000000 1.000000 0.000000
vn 0.000000 1.000000 0.000000
vn 0.000000 1.000000 0.000000
vn 0.000000 1.000000 0.000000
vn 0.000000 0.000000 -1.000000
vn 0.000000 0.000000 -1.000000
vn 0.000000 0.000000 -1.000000
vn 0.000000 0.000000 -1.000000
vn 0.000000 -1.000000 0.000000
vn 0.000000 -1.000000 0.000000
vn 0.000000 -1.000000 0.000000
vn 0.000000 -1.000000 0.000000
vn 1.000000 0.000000 0.000000
vn 1.000000 0.000000 0.000000
vn 1.000000 0.000000 0.000000
vn 1.000000 0.000000 0.000000
vn -1.000000 0.000000 0.000000
vn -1.000000 0.000000 0.000000
vn -1.000000 0.000000 0.000000
vn -1.000000 0.000000 0.000000
vn 0.000000 -1.000000 0.000000
vn 0.000000 -1.000000 0.000000
vn 0.000000 -1.000000 0.000000
vn 0.000000 -1.000000 0.000000
vn 1.000000 0.000000 0.000000
vn 1.000000 0.000000 0.000000
vn 1.000000 0.000000 0.000000
vn 1.000000 0.000000 0.000000
vn 0.000000 1.000000 0.000000
vn 0.000000 1.000000 0.000000
vn 0.000000 1.000000 0.000000
vn 0.000000 1.000000 0.000000
vn -1.000000 0.000000 0.000000
vn -1.000000 0.000000 0.000000
vn -1.000000 0.000000 0.000000
vn -1.000000 0.000000 0.000000
vn 0.000000 1.000000 0.000000
vn 0.000000 1.000000 0.000000
vn 0.000000 1.000000 0.000000
vn 0.000000 1.000000 0.000000
vn 1.000000 0.000000 0.000000
vn 1.000000 0.000000 0.000000
vn 1.000000 0.000000 0.000000
vn 1.000000 0.000000 0.000000
vn 0.000000 -1.000000 0.000000
vn 0.000000 -1.000000 0.000000
vn 0.000000 -1.000000 0.000000
vn 0.000000 -1.000000 0.000000
vn -1.000000 0.000000 0.000000
vn -1.000000 0.000000 0.000000
vn -1.000000 0.000000 0.000000
vn -1.000000 0.000000 0.000000
vn 0.000000 0.000000 -1.000000
vn 0.000000 0.000000 -1.000000
vn 0.000000 0.000000 -1.000000
vn 0.000000 0.000000 -1.000000
vn 0.000000 -1.000000 0.000000
vn 0.000000 -1.000000 0.000000
vn 0.000000 -1.000000 0.000000
vn 0.000000 -1.000000 0.000000
vn 0.000000 0.000000 1.000000
vn 0.000000 0.000000 1.000000
vn 0.000000 0.000000 1.000000
vn 0.000000 0.000000 1.000000
vn 0.000000 1.000000 0.000000
vn 0.000000 1.000000 0.000000
vn 0.000000 1.000000 0.000000
vn 0.000000 1.000000 0.000000
vn 0.000000 0.000000 1.000000
vn 0.000000 0.000000 1.000000
vn 0.000000 0.000000 1.000000
vn 0.000000 0.000000 1.000000
vn 0.000000 1.000000 0.000000
vn 0.000000 1.000000 0.000000
vn 0.000000 1.000000 0.000000
vn 0.000000 1.000000 0.000000
vn 0.000000 0.000000 -1.000000
vn 0.000000 0.000000 -1.000000
vn 0.000000 0.000000 -1.000000
vn 0.000000 0.000000 -1.000000
vn 0.000000 -1.000000 0.000000
vn 0.000000 -1.000000 0.000000
vn 0.000000 -1.000000 0.000000
vn 0.000000 -1.000000 0.000000
vn 0.000000 -1.000000 0.000000
vn 0.000000 -1.000000 0.000000
vn 0.000000 -1.000000 0.000000
vn 0.000000 -1.000000 0.000000
vn 0.000000 0.000000 1.000000
vn 0.000000 0.000000 1.000000
vn 0.000000 0.000000 1.000000
vn 0.000000 0.000000 1.000000
vn 0.000000 1.000000 0.000000
vn 0.000000 1.000000 0.000000
vn 0.000000 1.000000 0.000000
vn 0.000000 1.000000 0.000000
vn 0.000000 1.000000 0.000000
vn 0.000000 1.000000 0.000000
vn 0.000000 1.000000 0.000000
vn 0.000000 1.000000 0.000000
vn 0.000000 0.000000 -1.000000
vn 0.000000 0.000000 -1.000000
vn 0.000000 0.000000 -1.000000
vn 0.000000 0.000000 -1.000000
vn 0.000000 -1.000000 0.000000
vn 0.000000 -1.000000 0.000000
vn 0.000000 -1.000000 0.000000
vn 0.000000 -1.000000 0.000000
vn 0.000000 -0.128550 -0.991703
vn 0.000000 -0.128550 -0.991703
vn 0.000000 -0.128550 -0.991703
vn 0.000000 -0.128550 -0.991703
vn 0.956056 0.293183 0.000000
vn 0.956056 0.293183 0.000000
vn 0.956056 0.293183 0.000000
vn 0.956056 0.293183 0.000000
vn 0.000000 0.138585 0.990350
vn 0.000000 0.138585 0.990350
vn 0.000000 0.138585 0.990351
vn 0.000000 0.138585 0.990351
vn -0.956056 -0.293183 0.000000
vn -0.956056 -0.293183 0.000000
vn -0.956056 -0.293183 0.000000
vn -0.956056 -0.293183 0.000000
vn 0.000000 -0.128559 0.991702
vn 0.000000 -0.128559 0.991702
vn 0.000000 -0.128560 0.991702
vn 0.000000 -0.128560 0.991702
vn -0.956057 -0.293181 0.000000
vn -0.956057 -0.293181 0.000000
vn -0.956057 -0.293181 0.000000
vn -0.956057 -0.293181 0.000000
vn 0.000000 0.138585 -0.990350
vn 0.000000 0.138585 -0.990350
vn 0.000000 0.138585 -0.990351
vn 0.000000 0.138585 -0.990351
vn 0.956053 0.293194 0.000000
vn 0.956053 0.293194 0.000000
vn 0.956053 0.293193 0.000000
vn 0.956053 0.293194 0.000000
vn 0.999248 0.038765 0.000000
vn 0.999248 0.038765 0.000000
vn 0.999248 0.038765 0.000000
vn 0.999248 0.038765 0.000000
vn 0.000000 0.140970 0.990014
vn 0.000000 0.140970 0.990014
vn 0.000000 0.140970 0.990014
vn 0.000000 0.140970 0.990014
vn -0.999248 -0.038765 0.000000
vn -0.999248 -0.038765 0.000000
vn -0.999248 -0.038765 0.000000
vn -0.999248 -0.038765 0.000000
vn 0.000000 -0.130776 -0.991412
vn 0.000000 -0.130776 -0.991412
vn 0.000000 -0.130776 -0.991412
vn 0.000000 -0.130776 -0.991412
vn 0.999249 0.038757 0.000000
vn 0.999249 0.038757 0.000000
vn 0.999249 0.038757 0.000000
vn 0.999249 0.038757 0.000000
vn 0.000000 -0.130770 0.991413
vn 0.000000 -0.130770 0.991413
vn 0.000000 -0.130770 0.991413
vn 0.000000 -0.130770 0.991413
vn -0.999249 -0.038761 0.000000
vn -0.999249 -0.038761 0.000000
vn -0.999249 -0.038761 0.000000
vn -0.999249 -0.038761 0.000000
vn 0.000000 0.140970 -0.990014
vn 0.000000 0.140970 -0.990014
vn 0.000000 0.140970 -0.990014
vn 0.000000 0.140970 -0.990014
vn 0.000000 1.000000 0.000000
vn 0.000000 1.000000 0.000000
vn 0.000000 1.000000 0.000000
vn 0.000000 1.000000 0.000000
vn -1.000000 0.000000 0.000000
vn -1.000000 0.000000 0.000000
vn -1.000000 0.000000 0.000000
vn -1.000000 0.000000 0.000000
vn 0.000000 -1.000000 0.000000
vn 0.000000 -1.000000 0.000000
vn 0.000000 -1.000000 0.000000
vn 0.000000 -1.000000 0.000000
vn 1.000000 0.000000 0.000000
vn 1.000000 0.000000 0.000000
vn 1.000000 0.000000 0.000000
vn 1.000000 0.000000 0.000000
vn 0.001158 0.139943 0.990159
vn 0.001158 0.139943 0.990159
vn 0.001158 0.139943 0.990159
vn 0.001158 0.139943 0.990159
vn 0.956054 0.293191 -0.000000
vn 0.956054 0.293191 -0.000000
vn 0.956054 0.293191 -0.000000
vn 0.956054 0.293191 -0.000000
vn 0.001158 0.139942 -0.990159
vn 0.001158 0.139942 -0.990159
vn 0.001158 0.139942 -0.990159
vn 0.001158 0.139942 -0.990159
s off
g Porteria
usemtl initialShadingGroup
f 2387/3299/4271 2388/3300/4272 2390/3302/4273 2389/3301/4274
f 2399/3303/4275 2400/3304/4276 2401/3305/4277 2402/3306/4278
f 2394/3307/4279 2396/3308/4280 2395/3309/4281 2393/3310/4282
f 2403/3311/4283 2404/3312/4284 2405/3313/4285 2406/3314/4286
f 2398/3315/4287 2392/3316/4288 2391/3317/4289 2397/3318/4290
f 2394/3307/4291 2392/3319/4292 2398/3320/4293 2396/3308/4294
f 2393/3310/4295 2395/3309/4296 2397/3318/4297 2391/3317/4298
f 2423/3321/4299 2424/3322/4300 2425/3323/4301 2426/3324/4302
f 2392/3319/4303 2394/3307/4304 2401/3305/4305 2400/3304/4306
f 2394/3307/4307 2393/3310/4308 2402/3325/4309 2401/3305/4310
f 2416/3326/4311 2415/3327/4312 2417/3328/4313 2418/3329/4314
f 2395/3309/4315 2396/3308/4316 2404/3312/4317 2403/3330/4318
f 2396/3308/4319 2398/3320/4320 2405/3313/4321 2404/3312/4322
f 2428/3331/4323 2427/3332/4324 2429/3333/4325 2430/3334/4326
f 2420/3335/4327 2419/3336/4328 2421/3337/4329 2422/3338/4330
f 2393/3339/4331 2391/3340/4332 2407/3341/4333 2408/3342/4334
f 2391/3343/4335 2399/3303/4336 2409/3344/4337 2407/3345/4338
f 2399/3303/4339 2402/3306/4340 2410/3346/4341 2409/3344/4342
f 2402/3325/4343 2393/3310/4344 2408/3347/4345 2410/3348/4346
f 2397/3349/4347 2395/3350/4348 2411/3351/4349 2412/3352/4350
f 2395/3309/4351 2403/3330/4352 2413/3353/4353 2411/3354/4354
f 2403/3311/4355 2406/3314/4356 2414/3355/4357 2413/3356/4358
f 2406/3357/4359 2397/3358/4360 2412/3359/4361 2414/3360/4362
f 2431/3361/4363 2432/3362/4364 2433/3363/4365 2434/3364/4366
f 2409/3344/4367 2410/3346/4368 2418/3365/4369 2417/3366/4370
f 2410/3348/4371 2408/3347/4372 2416/3326/4373 2418/3329/4374
f 2411/3354/4375 2413/3353/4376 2421/3337/4377 2419/3336/4378
f 2413/3356/4379 2414/3355/4380 2422/3367/4381 2421/3368/4382
f 2436/3369/4383 2435/3370/4384 2437/3371/4385 2438/3372/4386
f 2391/3373/4387 2392/3374/4388 2424/3375/4389 2423/3376/4390
f 2392/3319/4391 2400/3304/4392 2425/3377/4393 2424/3378/4394
f 2400/3304/4395 2399/3303/4396 2426/3379/4397 2425/3380/4398
f 2399/3303/4399 2391/3343/4400 2423/3321/4401 2426/3324/4402
f 2398/3381/4403 2397/3382/4404 2427/3383/4405 2428/3384/4406
f 2397/3358/4407 2406/3357/4408 2429/3333/4409 2427/3332/4410
f 2406/3314/4411 2405/3313/4412 2430/3385/4413 2429/3386/4414
f 2405/3313/4415 2398/3320/4416 2428/3387/4417 2430/3388/4418
f 2407/3345/4419 2409/3344/4420 2432/3389/4421 2431/3390/4422
f 2409/3344/4423 2417/3366/4424 2433/3391/4425 2432/3392/4426
f 2417/3328/4427 2415/3327/4428 2434/3364/4429 2433/3363/4430
f 2415/3393/4431 2407/3394/4432 2431/3395/4433 2434/3396/4434
f 2414/3360/4435 2412/3359/4436 2435/3397/4437 2436/3398/4438
f 2412/3399/4439 2420/3400/4440 2437/3401/4441 2435/3402/4442
f 2420/3335/4443 2422/3338/4444 2438/3372/4445 2437/3371/4446
f 2422/3367/4447 2414/3355/4448 2436/3403/4449 2438/3404/4450
f 2416/3326/4451 2408/3347/4452 2411/3354/4453 2419/3336/4454
f 2415/3327/4455 2416/3326/4456 2419/3336/4457 2420/3335/4458
f 2407/3405/4459 2415/3406/4460 2420/3407/4461 2412/3408/4462
f 2408/3347/4463 2407/3405/4464 2412/3408/4465 2411/3354/4466
f 2439/3409/4467 2441/3410/4468 2442/3411/4469 2440/3412/4470
f 2443/3413/4471 2444/3414/4472 2446/3415/4473 2445/3416/4474
f 2447/3417/4475 2448/3418/4476 2450/3419/4477 2449/3420/4478
