# This file uses centimeters as units for non-parametric coordinates.

mtllib PlayXboxTv.mtl
g default
v 0.006513 0.561952 1.820290
v 0.006513 1.712252 1.820290
v 0.006513 0.561952 1.796707
v 0.006513 1.712252 1.796717
v -2.006513 1.712252 1.820278
v -2.006512 1.712252 1.796707
v -2.006513 0.561952 1.820278
v -2.006512 0.561952 1.796707
v -0.422047 1.467361 1.915077
v -0.422047 0.806842 1.915077
v -1.577954 1.467361 1.915066
v -1.577954 0.806842 1.915066
v -1.963890 1.681832 1.796707
v -1.963890 0.592372 1.796707
v -0.036107 1.681832 1.796717
v -0.036107 0.592372 1.796707
v -1.963890 1.681832 1.809202
v -1.963890 0.592372 1.809202
v -0.036107 1.681832 1.809212
v -0.036107 0.592372 1.809202
vt 0.966112 0.945309
vt 0.302462 0.777656
vt 0.040626 0.889094
vt 0.137419 0.781040
vt 0.037244 0.600270
vt 0.132181 0.865991
vt 0.297224 0.862609
vt 0.677287 0.948691
vt 0.678870 0.923803
vt 0.031087 0.606385
vt 0.298097 0.769748
vt 0.959997 0.939151
vt 0.172556 0.844014
vt 0.078303 0.827605
vt 0.167317 0.928966
vt 0.738776 0.986367
vt 0.032880 0.606385
vt 0.292859 0.856494
vt 0.298097 0.771541
vt 0.959997 0.940944
vt 0.292859 0.854701
vt 0.683403 0.939151
vt 0.141784 0.769748
vt 0.955464 0.923803
vt 0.031087 0.882979
vt 0.955464 0.767490
vt 0.141784 0.771541
vt 0.136546 0.854701
vt 0.678870 0.767490
vt 0.032880 0.882979
vt 0.683403 0.940944
vt 0.136546 0.856494
vt 0.137419 0.777656
vt 0.037244 0.889094
vt 0.677288 0.945309
vt 0.132181 0.862609
vt 0.297224 0.865991
vt 0.040626 0.600270
vt 0.966112 0.948692
vt 0.302462 0.781038
vt 0.904623 0.986368
vt 0.262087 0.928966
vt 0.078302 0.661758
vt 0.267326 0.844013
vn 1.000000 0.000000 0.000003
vn 1.000000 0.000000 0.000003
vn 1.000000 0.000000 0.000003
vn 1.000000 0.000000 0.000003
vn -0.000000 1.000000 0.000003
vn -0.000000 1.000000 0.000003
vn -0.000000 1.000000 0.000003
vn -0.000000 1.000000 0.000003
vn -1.000000 0.000000 -0.000003
vn -1.000000 0.000000 -0.000003
vn -1.000000 0.000000 -0.000003
vn -1.000000 0.000000 -0.000003
vn 0.000000 -1.000000 -0.000003
vn 0.000000 -1.000000 -0.000003
vn 0.000000 -1.000000 -0.000003
vn 0.000000 -1.000000 -0.000003
vn 0.000003 0.000003 -1.000000
vn 0.000003 0.000003 -1.000000
vn 0.000003 0.000003 -1.000000
vn 0.000003 0.000003 -1.000000
vn 0.215958 0.000000 0.976403
vn 0.215958 0.000000 0.976403
vn -0.000003 -0.000003 1.000000
vn -0.000003 -0.000003 1.000000
vn -0.000007 0.360965 0.932579
vn -0.000007 0.360965 0.932579
vn -0.000003 -0.000003 1.000000
vn -0.000003 -0.000003 1.000000
vn -0.215958 0.000000 0.976403
vn -0.215958 0.000000 0.976403
vn -0.000003 -0.000003 1.000000
vn -0.000003 -0.000003 1.000000
vn -0.000007 -0.360966 0.932579
vn -0.000007 -0.360966 0.932579
vn -0.000003 -0.000003 1.000000
vn -0.000003 -0.000003 1.000000
vn 0.000002 0.000000 -1.000000
vn 0.000002 0.000000 -1.000000
vn 0.000003 0.000003 -1.000000
vn 0.000003 0.000003 -1.000000
vn 0.000005 0.000000 -1.000000
vn 0.000005 0.000000 -1.000000
vn 0.000003 0.000003 -1.000000
vn 0.000003 0.000003 -1.000000
vn -0.000003 0.000009 -1.000000
vn -0.000003 0.000009 -1.000000
vn 0.000003 0.000003 -1.000000
vn 0.000003 0.000003 -1.000000
vn 0.000000 0.000000 -1.000000
vn 0.000000 0.000000 -1.000000
vn 0.000003 0.000003 -1.000000
vn 0.000003 0.000003 -1.000000
vn 1.000000 0.000000 0.000000
vn 1.000000 0.000000 0.000000
vn 0.000003 0.000003 -1.000000
vn 0.000003 0.000003 -1.000000
vn 0.000000 -1.000000 0.000000
vn 0.000000 -1.000000 0.000000
vn 0.000003 0.000003 -1.000000
vn 0.000003 0.000003 -1.000000
vn -1.000000 0.000000 0.000000
vn -1.000000 0.000000 0.000000
vn 0.000003 0.000003 -1.000000
vn 0.000003 0.000003 -1.000000
vn 0.000000 1.000000 0.000000
vn 0.000000 1.000000 0.000000
vn 0.000003 0.000003 -1.000000
vn 0.000003 0.000003 -1.000000
s off
g TV:Cube_5_
usemtl initialShadingGroup
f 3/33/1 4/2/2 2/40/3 1/4/4
f 4/34/5 6/5/6 5/38/7 2/3/8
f 6/36/9 8/7/10 7/37/11 5/6/12
f 8/35/13 3/1/14 1/39/15 7/8/16
f 18/9/17 17/29/18 19/26/19 20/24/20
f 1/4/21 2/40/22 9/44/23 10/13/24
f 2/3/25 5/38/26 11/43/27 9/14/28
f 5/6/29 7/37/30 12/42/31 11/15/32
f 7/8/33 1/39/34 10/41/35 12/16/36
f 8/7/37 6/36/38 13/32/39 14/18/40
f 6/5/41 4/34/42 15/30/43 13/17/44
f 4/2/45 3/33/46 16/27/47 15/19/48
f 3/1/49 8/35/50 14/31/51 16/20/52
f 14/18/53 13/32/54 17/28/55 18/21/56
f 13/17/57 15/30/58 19/25/59 17/10/60
f 15/19/61 16/27/62 20/23/63 19/11/64
f 16/20/65 14/31/66 18/22/67 20/12/68
g default
v -0.419692 0.490187 1.086120
v -0.420855 0.489795 1.084653
v -0.422506 0.488850 1.084450
v -0.423678 0.487904 1.085630
v -0.423684 0.487512 1.087503
v -0.422521 0.487904 1.088971
v -0.420870 0.488850 1.089174
v -0.419698 0.489795 1.087993
v -0.421493 0.498762 1.087883
v -0.422831 0.499181 1.086581
v -0.424732 0.499396 1.086615
v -0.426082 0.499282 1.087966
v -0.426091 0.498905 1.089841
v -0.424754 0.498486 1.091144
v -0.422853 0.498270 1.091110
v -0.421502 0.498384 1.089759
v -0.417945 0.509123 1.089889
v -0.419165 0.509943 1.088664
v -0.420890 0.510758 1.088814
v -0.422110 0.511089 1.090250
v -0.422109 0.510743 1.092132
v -0.420889 0.509923 1.093357
v -0.419164 0.509109 1.093207
v -0.417945 0.508778 1.091771
v -0.413116 0.518661 1.091533
v -0.414351 0.519450 1.090303
v -0.416081 0.520254 1.090451
v -0.417292 0.520603 1.091890
v -0.417275 0.520293 1.093778
v -0.416039 0.519504 1.095009
v -0.414310 0.518700 1.094861
v -0.413099 0.518350 1.093421
v -0.409107 0.530218 1.093202
v -0.410466 0.530618 1.091916
v -0.412352 0.530934 1.091994
v -0.413659 0.530982 1.093391
v -0.413622 0.530732 1.095288
v -0.412263 0.530332 1.096574
v -0.410378 0.530016 1.096496
v -0.409070 0.529969 1.095099
v -0.409010 0.540318 1.094330
v -0.410377 0.540256 1.092993
v -0.412273 0.539996 1.093007
v -0.413586 0.539689 1.094364
v -0.413548 0.539517 1.096269
v -0.412181 0.539579 1.097607
v -0.410285 0.539839 1.097592
v -0.408972 0.540145 1.096235
v -0.411567 0.550345 1.095035
v -0.412850 0.549941 1.093674
v -0.414649 0.549290 1.093661
v -0.415910 0.548773 1.095003
v -0.415895 0.548693 1.096915
v -0.414612 0.549097 1.098276
v -0.412813 0.549748 1.098289
v -0.411552 0.550265 1.096947
v -0.415915 0.560048 1.095161
v -0.417090 0.559399 1.093797
v -0.418783 0.558508 1.093781
v -0.420003 0.557897 1.095122
v -0.420035 0.557923 1.097035
v -0.418861 0.558572 1.098399
v -0.417167 0.559463 1.098415
v -0.415947 0.560074 1.097074
v -0.421266 0.569188 1.094551
v -0.422331 0.568350 1.093200
v -0.423944 0.567321 1.093194
v -0.425160 0.566702 1.094536
v -0.425266 0.566857 1.096440
v -0.424201 0.567695 1.097791
v -0.422589 0.568725 1.097797
v -0.421373 0.569343 1.096455
v -0.426893 0.577550 1.093037
v -0.427846 0.576545 1.091718
v -0.429414 0.575449 1.091724
v -0.430679 0.574905 1.093052
v -0.430900 0.575230 1.094924
v -0.429947 0.576236 1.096244
v -0.428379 0.577332 1.096238
v -0.427114 0.577876 1.094910
v -0.432340 0.585291 1.090328
v -0.433186 0.584132 1.089063
v -0.434760 0.583044 1.089066
v -0.436140 0.582664 1.090336
v -0.436517 0.583215 1.092129
v -0.435671 0.584374 1.093395
v -0.434098 0.585463 1.093391
v -0.432718 0.585843 1.092121
v -0.436897 0.592309 1.086386
v -0.437674 0.591042 1.085181
v -0.439308 0.590048 1.085131
v -0.440843 0.589910 1.086265
v -0.441379 0.590709 1.087919
v -0.440603 0.591976 1.089124
v -0.438968 0.592970 1.089174
v -0.437433 0.593108 1.088040
v -0.440492 0.599730 1.080526
v -0.441244 0.598410 1.079362
v -0.442968 0.597604 1.079165
v -0.444654 0.597782 1.080052
v -0.445315 0.598842 1.081501
v -0.444563 0.600162 1.082665
v -0.442840 0.600968 1.082862
v -0.441153 0.600789 1.081975
v -0.442084 0.606111 1.074317
v -0.442837 0.604798 1.073147
v -0.444608 0.604175 1.072773
v -0.446358 0.604609 1.073413
v -0.447063 0.605844 1.074693
v -0.446310 0.607157 1.075863
v -0.444540 0.607779 1.076238
v -0.442789 0.607346 1.075598
v -0.442149 0.613224 1.066593
v -0.442903 0.611946 1.065385
v -0.444676 0.611496 1.064824
v -0.446430 0.612138 1.065240
v -0.447137 0.613495 1.066388
v -0.446384 0.614773 1.067597
v -0.444610 0.615223 1.068157
v -0.442856 0.614581 1.067742
v -0.441055 0.619641 1.059358
v -0.441802 0.618403 1.058105
v -0.443559 0.618052 1.057433
v -0.445297 0.618793 1.057737
v -0.445997 0.620193 1.058837
v -0.445250 0.621432 1.060090
v -0.443493 0.621783 1.060761
v -0.441755 0.621041 1.060458
v -0.439248 0.626205 1.052091
v -0.439981 0.625019 1.050781
v -0.441717 0.624745 1.050024
v -0.443439 0.625545 1.050264
v -0.444138 0.626948 1.051360
v -0.443405 0.628134 1.052671
v -0.441669 0.628407 1.053428
v -0.439947 0.627608 1.053188
v -0.436900 0.633079 1.044986
v -0.437606 0.631975 1.043592
v -0.439315 0.631780 1.042755
v -0.441027 0.632608 1.042965
v -0.441739 0.633974 1.044100
v -0.441034 0.635078 1.045494
v -0.439324 0.635274 1.046332
v -0.437612 0.634446 1.046121
v -0.434123 0.640493 1.038432
v -0.434768 0.639552 1.036896
v -0.436437 0.639464 1.035964
v -0.438153 0.640282 1.036184
v -0.438910 0.641527 1.037425
v -0.438266 0.642468 1.038960
v -0.436596 0.642555 1.039892
v -0.434880 0.641737 1.039673
v -0.431268 0.648403 1.033816
v -0.431741 0.647951 1.032018
v -0.433324 0.648110 1.030954
v -0.435089 0.648788 1.031248
v -0.436002 0.649587 1.032728
v -0.435529 0.650039 1.034526
v -0.433946 0.649880 1.035589
v -0.432181 0.649202 1.035295
v -0.428932 0.657214 1.034757
v -0.428988 0.658323 1.033199
v -0.430362 0.659263 1.032255
v -0.432250 0.659481 1.032479
v -0.433545 0.658852 1.033739
v -0.433489 0.657742 1.035297
v -0.432115 0.656803 1.036240
v -0.430227 0.656584 1.036017
v -0.428201 0.662012 1.043479
v -0.428115 0.663900 1.043181
v -0.429405 0.665299 1.042980
v -0.431317 0.665389 1.042995
v -0.432729 0.664117 1.043216
v -0.432815 0.662229 1.043515
v -0.431525 0.660830 1.043716
v -0.429614 0.660741 1.043701
v -0.428194 0.661029 1.053764
v -0.428100 0.662840 1.054376
v -0.429386 0.664183 1.054830
v -0.431297 0.664271 1.054860
v -0.432714 0.663053 1.054448
v -0.432808 0.661243 1.053836
v -0.431522 0.659900 1.053383
v -0.429611 0.659812 1.053353
v -0.428138 0.656844 1.061712
v -0.428042 0.658405 1.062814
v -0.429325 0.659556 1.063645
v -0.431236 0.659623 1.063718
v -0.432655 0.658566 1.062989
v -0.432751 0.657006 1.061886
v -0.431468 0.655855 1.061055
v -0.429558 0.655788 1.060983
v -0.428006 0.650257 1.069317
v -0.427905 0.651596 1.070679
v -0.429185 0.652580 1.071707
v -0.431096 0.652630 1.071798
v -0.432518 0.651719 1.070900
v -0.432618 0.650379 1.069537
v -0.431339 0.649396 1.068509
v -0.429428 0.649345 1.068418
v -0.427851 0.642468 1.076125
v -0.427748 0.643654 1.077622
v -0.429025 0.644523 1.078751
v -0.430936 0.644565 1.078850
v -0.432360 0.643756 1.077861
v -0.432463 0.642570 1.076363
v -0.431186 0.641701 1.075234
v -0.429275 0.641659 1.075136
v -0.427706 0.634100 1.082257
v -0.427601 0.635181 1.083833
v -0.428877 0.635972 1.085018
v -0.430787 0.636012 1.085119
v -0.432213 0.635275 1.084077
v -0.432318 0.634194 1.082501
v -0.431042 0.633403 1.081316
v -0.429131 0.633363 1.081215
v -0.427583 0.625069 1.088107
v -0.427476 0.626072 1.089733
v -0.428752 0.626810 1.090954
v -0.430662 0.626850 1.091055
v -0.432088 0.626169 1.089976
v -0.432195 0.625166 1.088350
v -0.430919 0.624428 1.087129
v -0.429009 0.624388 1.087029
v -0.427499 0.616199 1.093344
v -0.427392 0.617139 1.095007
v -0.428667 0.617834 1.096253
v -0.430577 0.617875 1.096353
v -0.432004 0.617240 1.095247
v -0.432111 0.616299 1.093585
v -0.430836 0.615604 1.092338
v -0.428926 0.615563 1.092239
v -0.427445 0.607655 1.097970
v -0.427337 0.608534 1.099667
v -0.428612 0.609185 1.100937
v -0.430523 0.609227 1.101036
v -0.431950 0.608635 1.099907
v -0.432057 0.607756 1.098211
v -0.430782 0.607105 1.096941
v -0.428872 0.607064 1.096841
v -0.427408 0.598436 1.102496
v -0.427300 0.599239 1.104230
v -0.428575 0.599836 1.105526
v -0.430485 0.599876 1.105626
v -0.431912 0.599337 1.104471
v -0.432020 0.598534 1.102738
v -0.430746 0.597937 1.101441
v -0.428835 0.597897 1.101341
v -0.427388 0.588978 1.106580
v -0.427280 0.589685 1.108355
v -0.428554 0.590212 1.109682
v -0.430464 0.590249 1.109783
v -0.431892 0.589776 1.108600
v -0.432000 0.589069 1.106825
v -0.430725 0.588542 1.105499
v -0.428815 0.588505 1.105397
v -0.427379 0.579321 1.110038
v -0.427271 0.579892 1.111861
v -0.428545 0.580318 1.113223
v -0.430455 0.580350 1.113326
v -0.431883 0.579968 1.112111
v -0.431991 0.579397 1.110288
v -0.430717 0.578971 1.108925
v -0.428806 0.578939 1.108822
v -0.427378 0.569670 1.112504
v -0.427269 0.570023 1.114381
v -0.428544 0.570287 1.115784
v -0.430454 0.570307 1.115891
v -0.431881 0.570071 1.114638
v -0.431990 0.569718 1.112761
v -0.430715 0.569455 1.111358
v -0.428805 0.569435 1.111252
v -0.427378 0.558685 1.113543
v -0.427269 0.558688 1.115454
v -0.428544 0.558691 1.116881
v -0.430454 0.558691 1.116989
v -0.431881 0.558689 1.115715
v -0.431990 0.558686 1.113805
v -0.430715 0.558683 1.112377
v -0.428805 0.558683 1.112269
v -0.427378 0.548804 1.112865
v -0.427269 0.548566 1.114761
v -0.428544 0.548389 1.116177
v -0.430454 0.548375 1.116284
v -0.431881 0.548534 1.115020
v -0.431990 0.548772 1.113124
v -0.430715 0.548949 1.111708
v -0.428805 0.548963 1.111601
v -0.427378 0.539043 1.111442
v -0.427269 0.538766 1.113333
v -0.428544 0.538558 1.114745
v -0.430454 0.538543 1.114852
v -0.431881 0.538728 1.113591
v -0.431990 0.539005 1.111701
v -0.430715 0.539212 1.110289
v -0.428805 0.539228 1.110182
v -0.427378 0.528311 1.110257
v -0.427269 0.528195 1.112164
v -0.428544 0.528108 1.113589
v -0.430454 0.528102 1.113697
v -0.431881 0.528179 1.112425
v -0.431990 0.528295 1.110518
v -0.430715 0.528382 1.109093
v -0.428805 0.528389 1.108985
v -0.427378 0.517467 1.110207
v -0.427269 0.517564 1.112115
v -0.428544 0.517636 1.113541
v -0.430454 0.517641 1.113649
v -0.431881 0.517577 1.112376
v -0.431990 0.517480 1.110468
v -0.430715 0.517408 1.109043
v -0.428805 0.517402 1.108935
v -0.427378 0.507464 1.111266
v -0.427269 0.507776 1.113150
v -0.428544 0.508010 1.114558
v -0.430454 0.508027 1.114665
v -0.431881 0.507819 1.113408
v -0.431990 0.507506 1.111523
v -0.430715 0.507273 1.110115
v -0.428805 0.507255 1.110008
v -0.427378 0.497079 1.113848
v -0.427269 0.497710 1.115651
v -0.428544 0.498182 1.116998
v -0.430454 0.498218 1.117100
v -0.431881 0.497797 1.115898
v -0.431990 0.497165 1.114095
v -0.430715 0.496693 1.112747
v -0.428805 0.496657 1.112645
v -0.427378 0.487169 1.119085
v -0.427269 0.488367 1.120573
v -0.428544 0.489263 1.121684
v -0.430454 0.489331 1.121769
v -0.431881 0.488531 1.120776
v -0.431990 0.487333 1.119289
v -0.430715 0.486437 1.118177
v -0.428805 0.486369 1.118093
v -0.427328 0.481384 1.126794
v -0.427230 0.483158 1.127503
v -0.428512 0.484467 1.128057
v -0.430422 0.484543 1.128129
v -0.431843 0.483343 1.127679
v -0.431941 0.481568 1.126970
v -0.430659 0.480260 1.126416
v -0.428748 0.480183 1.126344
v -0.426528 0.480341 1.137734
v -0.426515 0.482226 1.137410
v -0.427846 0.483600 1.137360
v -0.429741 0.483657 1.137613
v -0.431091 0.482364 1.138021
v -0.431105 0.480478 1.138346
v -0.429774 0.479105 1.138396
v -0.427878 0.479048 1.138142
v -0.424323 0.484132 1.147176
v -0.424472 0.485750 1.146166
v -0.425870 0.487014 1.145835
v -0.427698 0.487183 1.146376
v -0.428885 0.486158 1.147472
v -0.428736 0.484539 1.148481
v -0.427338 0.483275 1.148812
v -0.425510 0.483106 1.148272
v -0.420641 0.490717 1.154205
v -0.420989 0.491984 1.152814
v -0.422438 0.493157 1.152383
v -0.424140 0.493548 1.153165
v -0.425098 0.492929 1.154702
v -0.424750 0.491662 1.156093
v -0.423300 0.490489 1.156523
v -0.421599 0.490098 1.155741
v -0.416268 0.498144 1.158626
v -0.416761 0.499162 1.157082
v -0.418255 0.500258 1.156605
v -0.419876 0.500788 1.157472
v -0.420674 0.500444 1.159177
v -0.420181 0.499426 1.160720
v -0.418687 0.498330 1.161198
v -0.417066 0.497799 1.160330
v -0.411637 0.506493 1.161984
v -0.412215 0.507356 1.160377
v -0.413766 0.508348 1.159857
v -0.415382 0.508888 1.160728
v -0.416115 0.508660 1.162480
v -0.415537 0.507798 1.164088
v -0.413985 0.506806 1.164608
v -0.412370 0.506266 1.163736
v -0.407361 0.515407 1.164825
v -0.407988 0.516167 1.163185
v -0.409599 0.517033 1.162624
v -0.411251 0.517497 1.163471
v -0.411976 0.517287 1.165229
v -0.411349 0.516527 1.166869
v -0.409738 0.515661 1.167430
v -0.408086 0.515197 1.166583
v -0.403823 0.524724 1.167537
v -0.404476 0.525416 1.165877
v -0.406144 0.526131 1.165272
v -0.407851 0.526450 1.166076
v -0.408596 0.526186 1.167818
v -0.407943 0.525494 1.169478
v -0.406275 0.524779 1.170084
v -0.404568 0.524460 1.169280
v -0.401322 0.534363 1.170412
v -0.401986 0.535011 1.168738
v -0.403701 0.535546 1.168079
v -0.405462 0.535656 1.168820
v -0.406237 0.535275 1.170528
v -0.405573 0.534627 1.172201
v -0.403858 0.534091 1.172860
v -0.402098 0.533982 1.172119
v -0.400167 0.543775 1.173518
v -0.400834 0.544401 1.171837
v -0.402572 0.544742 1.171114
v -0.404363 0.544600 1.171771
v -0.405158 0.544056 1.173425
v -0.404491 0.543431 1.175106
v -0.402753 0.543090 1.175829
v -0.400962 0.543232 1.175172
v -0.400475 0.553773 1.177335
v -0.401142 0.554394 1.175652
v -0.402875 0.554537 1.174853
v -0.404658 0.554120 1.175406
v -0.405448 0.553385 1.176986
v -0.404781 0.552764 1.178668
v -0.403048 0.552620 1.179468
v -0.401265 0.553038 1.178915
v -0.402079 0.563284 1.181520
v -0.402748 0.563919 1.179844
v -0.404459 0.563934 1.178988
v -0.406210 0.563319 1.179454
v -0.406976 0.562435 1.180969
v -0.406306 0.561800 1.182645
v -0.404595 0.561786 1.183501
v -0.402844 0.562400 1.183035
v -0.404641 0.572592 1.186169
v -0.405318 0.573256 1.184507
v -0.407007 0.573190 1.183611
v -0.408719 0.572430 1.184005
v -0.409450 0.571423 1.185458
v -0.408773 0.570758 1.187119
v -0.407084 0.570825 1.188016
v -0.405373 0.571584 1.187622
v -0.407437 0.580438 1.190573
v -0.408128 0.581142 1.188933
v -0.409802 0.581035 1.188015
v -0.411480 0.580180 1.188355
v -0.412178 0.579078 1.189754
v -0.411487 0.578374 1.191394
v -0.409812 0.578481 1.192313
v -0.408134 0.579336 1.191973
v -0.410832 0.588518 1.195681
v -0.411547 0.589279 1.194078
v -0.413215 0.589156 1.193149
v -0.414859 0.588222 1.193439
v -0.415516 0.587023 1.194777
v -0.414801 0.586262 1.196380
v -0.413133 0.586384 1.197309
v -0.411489 0.587319 1.197020
v -0.414462 0.596178 1.201249
v -0.415215 0.597019 1.199704
v -0.416890 0.596909 1.198785
v -0.418505 0.595914 1.199030
v -0.419115 0.594615 1.200296
v -0.418362 0.593774 1.201841
v -0.416688 0.593883 1.202760
v -0.415072 0.594879 1.202515
v -0.418107 0.603261 1.207371
v -0.418918 0.604217 1.205926
v -0.420619 0.604157 1.205050
v -0.422211 0.603117 1.205256
v -0.422763 0.601705 1.206423
v -0.421951 0.600748 1.207868
v -0.420251 0.600808 1.208744
v -0.418658 0.601848 1.208538
v -0.421439 0.609488 1.214217
v -0.422342 0.610616 1.212963
v -0.424096 0.610658 1.212200
v -0.425674 0.609590 1.212375
v -0.426150 0.608036 1.213385
v -0.425247 0.606908 1.214639
v -0.423493 0.606866 1.215402
v -0.421915 0.607934 1.215227
v -0.424226 0.614803 1.222400
v -0.425223 0.616112 1.221423
v -0.427040 0.616272 1.220843
v -0.428611 0.615191 1.220998
v -0.429016 0.613501 1.221799
v -0.428019 0.612192 1.222775
v -0.426202 0.612032 1.223356
v -0.424632 0.613113 1.223200
v -0.426110 0.618913 1.231461
v -0.427162 0.620343 1.230748
v -0.429021 0.620598 1.230372
v -0.430597 0.619528 1.230553
v -0.430967 0.617761 1.231184
v -0.429915 0.616330 1.231897
v -0.428056 0.616075 1.232273
v -0.426480 0.617145 1.232092
v -0.427012 0.622338 1.240652
v -0.428072 0.623799 1.240018
v -0.429946 0.624115 1.239797
v -0.431537 0.623100 1.240117
v -0.431911 0.621349 1.240791
v -0.430851 0.619887 1.241424
v -0.428977 0.619572 1.241646
v -0.427387 0.620587 1.241326
v -0.427173 0.626708 1.248544
v -0.428221 0.627900 1.247475
v -0.430094 0.628191 1.247214
v -0.431695 0.627411 1.247913
v -0.432086 0.626017 1.249164
v -0.431038 0.624825 1.250233
v -0.429165 0.624534 1.250494
v -0.427564 0.625314 1.249794
v -0.426966 0.634937 1.252721
v -0.428052 0.635180 1.251164
v -0.429930 0.635340 1.250835
v -0.431501 0.635323 1.251928
v -0.431844 0.635140 1.253801
v -0.430759 0.634897 1.255358
v -0.428881 0.634737 1.255687
v -0.427310 0.634753 1.254594
v -0.425714 0.644255 1.250919
v -0.426892 0.643820 1.249475
v -0.428759 0.644060 1.249134
v -0.430221 0.644835 1.250094
v -0.430423 0.645691 1.251793
v -0.429244 0.646126 1.253237
v -0.427377 0.645885 1.253579
v -0.425915 0.645110 1.252619
v -0.423227 0.652159 1.245075
v -0.424495 0.651434 1.243838
v -0.426326 0.651791 1.243413
v -0.427648 0.653019 1.244049
v -0.427687 0.654400 1.245373
v -0.426419 0.655124 1.246610
v -0.424588 0.654767 1.247035
v -0.423266 0.653539 1.246399
v -0.420275 0.657543 1.238136
v -0.421602 0.656707 1.237041
v -0.423400 0.657126 1.236537
v -0.424615 0.658554 1.236919
v -0.424534 0.660155 1.237964
v -0.423207 0.660991 1.239059
v -0.421409 0.660572 1.239563
v -0.420194 0.659144 1.239181
v -0.416439 0.662153 1.229064
v -0.417830 0.661240 1.228119
v -0.419605 0.661687 1.227561
v -0.420723 0.663232 1.227715
v -0.420530 0.664970 1.228492
v -0.419139 0.665882 1.229437
v -0.417364 0.665435 1.229996
v -0.416246 0.663891 1.229841
v -0.413000 0.664812 1.220604
v -0.414452 0.663852 1.219810
v -0.416213 0.664309 1.219218
v -0.417252 0.665915 1.219175
v -0.416960 0.667730 1.219707
v -0.415507 0.668690 1.220502
v -0.413746 0.668233 1.221094
v -0.412708 0.666626 1.221136
v -0.409285 0.666072 1.210811
v -0.410819 0.665085 1.210235
v -0.412569 0.665546 1.209614
v -0.413510 0.667184 1.209313
v -0.413090 0.669041 1.209507
v -0.411556 0.670028 1.210083
v -0.409806 0.669567 1.210704
v -0.408865 0.667929 1.211006
v -0.406031 0.665115 1.201136
v -0.407666 0.664160 1.200858
v -0.409408 0.664618 1.200214
v -0.410238 0.666222 1.199582
v -0.409670 0.668032 1.199331
v -0.408036 0.668987 1.199609
v -0.406293 0.668529 1.200253
v -0.405463 0.666925 1.200885
v -0.403592 0.661448 1.192073
v -0.405328 0.660648 1.192174
v -0.407066 0.661100 1.191514
v -0.407789 0.662538 1.190480
v -0.407073 0.664121 1.189678
v -0.405338 0.664921 1.189577
v -0.403600 0.664470 1.190238
v -0.402877 0.663031 1.191272
v -0.402293 0.655320 1.184545
v -0.404077 0.654739 1.184921
v -0.405814 0.655185 1.184253
v -0.406486 0.656396 1.182933
v -0.405700 0.657663 1.181734
v -0.403916 0.658244 1.181358
v -0.402179 0.657799 1.182026
v -0.401507 0.656588 1.183346
v -0.401764 0.647118 1.177724
v -0.403559 0.646699 1.178237
v -0.405296 0.647143 1.177568
v -0.405956 0.648189 1.176108
v -0.405154 0.649226 1.174714
v -0.403359 0.649644 1.174202
v -0.401622 0.649201 1.174871
v -0.400961 0.648154 1.176330
v -0.401734 0.638927 1.172196
v -0.403530 0.638589 1.172763
v -0.405266 0.639035 1.172096
v -0.405927 0.640005 1.170585
v -0.405124 0.640931 1.169115
v -0.403328 0.641269 1.168547
v -0.401592 0.640822 1.169214
v -0.400931 0.639852 1.170726
v -0.401923 0.630087 1.166705
v -0.403718 0.629773 1.167287
v -0.405455 0.630228 1.166625
v -0.406116 0.631186 1.165106
v -0.405313 0.632085 1.163620
v -0.403518 0.632399 1.163037
v -0.401781 0.631944 1.163699
v -0.401121 0.630986 1.165218
v -0.402111 0.621200 1.160949
v -0.403908 0.620834 1.161497
v -0.405644 0.621306 1.160847
v -0.406303 0.622339 1.159378
v -0.405499 0.623329 1.157951
v -0.403703 0.623695 1.157402
v -0.401967 0.623223 1.158053
v -0.401307 0.622190 1.159522
v -0.401911 0.613202 1.154289
v -0.403700 0.612637 1.154665
v -0.405438 0.613145 1.154046
v -0.406106 0.614430 1.152794
v -0.405313 0.615737 1.151644
v -0.403524 0.616302 1.151269
v -0.401787 0.615794 1.151888
v -0.401118 0.614509 1.153139
v -0.400290 0.607806 1.144069
v -0.401984 0.606944 1.143847
v -0.403743 0.607521 1.143366
v -0.404538 0.609200 1.142907
v -0.403903 0.610997 1.142740
v -0.402209 0.611860 1.142962
v -0.400450 0.611282 1.143443
v -0.399655 0.609603 1.143901
v -0.397778 0.609235 1.134052
v -0.399332 0.608447 1.133262
v -0.401149 0.608994 1.133015
v -0.402165 0.610554 1.133457
v -0.401783 0.612214 1.134329
v -0.400229 0.613002 1.135119
v -0.398412 0.612456 1.135365
v -0.397396 0.610895 1.134923
v -0.395481 0.615916 1.125581
v -0.396964 0.615335 1.124520
v -0.398840 0.615711 1.124496
v -0.400010 0.616824 1.125523
v -0.399789 0.618020 1.126999
v -0.398306 0.618601 1.128061
v -0.396431 0.618225 1.128085
v -0.395260 0.617112 1.127057
v -0.394413 0.625955 1.119679
v -0.395881 0.625513 1.118534
v -0.397787 0.625611 1.118678
v -0.399013 0.626190 1.120028
v -0.398843 0.626912 1.121791
v -0.397374 0.627354 1.122936
v -0.395469 0.627256 1.122792
v -0.394242 0.626677 1.121442
v -0.394989 0.636770 1.115848
v -0.396450 0.636205 1.114750
v -0.398342 0.636047 1.114991
v -0.399556 0.636390 1.116430
v -0.399381 0.637032 1.118224
v -0.397919 0.637598 1.119322
v -0.396028 0.637756 1.119081
v -0.394814 0.637413 1.117642
v -0.397058 0.646144 1.111652
v -0.398409 0.645102 1.110785
v -0.400241 0.644691 1.111150
v -0.401483 0.645152 1.112531
v -0.401405 0.646214 1.114120
v -0.400054 0.647256 1.114987
v -0.398221 0.647667 1.114622
v -0.396980 0.647206 1.113241
v -0.400475 0.651612 1.104983
v -0.401435 0.649959 1.104900
v -0.403145 0.649355 1.105511
v -0.404602 0.650154 1.106459
v -0.404954 0.651888 1.107188
v -0.403993 0.653541 1.107272
v -0.402284 0.654144 1.106661
v -0.400826 0.653345 1.105713
v -0.404292 0.651666 1.096087
v -0.404948 0.649978 1.096706
v -0.406584 0.649366 1.097488
v -0.408242 0.650188 1.097973
v -0.408951 0.651962 1.097879
v -0.408296 0.653650 1.097260
v -0.406660 0.654262 1.096479
v -0.405001 0.653440 1.095993
v -0.407954 0.648357 1.086533
v -0.408488 0.646775 1.087467
v -0.410090 0.646192 1.088335
v -0.411823 0.646949 1.088628
v -0.412670 0.648604 1.088175
v -0.412136 0.650186 1.087240
v -0.410534 0.650769 1.086372
v -0.408802 0.650011 1.086079
v -0.411534 0.642653 1.076772
v -0.411974 0.641219 1.077960
v -0.413546 0.640685 1.078913
v -0.415327 0.641365 1.079072
v -0.416276 0.642859 1.078345
v -0.415835 0.644293 1.077157
v -0.414264 0.644826 1.076204
v -0.412483 0.644147 1.076044
v -0.414070 0.636669 1.069791
v -0.414427 0.635434 1.071207
v -0.415967 0.634975 1.072247
v -0.417787 0.635563 1.072300
v -0.418821 0.636852 1.071337
v -0.418464 0.638088 1.069920
v -0.416924 0.638546 1.068880
v -0.415104 0.637959 1.068827
v -0.416312 0.628095 1.063835
v -0.416539 0.627380 1.065595
v -0.418025 0.627133 1.066775
v -0.419901 0.627500 1.066682
v -0.421067 0.628265 1.065372
v -0.420841 0.628980 1.063612
v -0.419354 0.629226 1.062433
v -0.417478 0.628860 1.062525
v -0.416966 0.618083 1.063000
v -0.417121 0.618625 1.064828
v -0.418577 0.618910 1.066036
v -0.420481 0.618771 1.065916
v -0.421719 0.618289 1.064539
v -0.421564 0.617747 1.062710
v -0.420108 0.617462 1.061502
v -0.418203 0.617601 1.061622
v -0.415683 0.609934 1.068202
v -0.415939 0.611207 1.069608
v -0.417439 0.611804 1.070635
v -0.419303 0.611377 1.070682
v -0.420440 0.610175 1.069721
v -0.420184 0.608902 1.068316
v -0.418684 0.608304 1.067289
v -0.416820 0.608732 1.067242
v -0.413578 0.603288 1.075909
v -0.413895 0.604758 1.077092
v -0.415421 0.605440 1.078024
v -0.417261 0.604936 1.078158
v -0.418339 0.603539 1.077416
v -0.418022 0.602069 1.076233
v -0.416496 0.601387 1.075301
v -0.414656 0.601892 1.075167
v -0.411233 0.597520 1.084306
v -0.411576 0.599056 1.085394
v -0.413114 0.599767 1.086284
v -0.414944 0.599236 1.086455
v -0.415996 0.597775 1.085807
v -0.415652 0.596239 1.084719
v -0.414115 0.595528 1.083829
v -0.412284 0.596059 1.083658
v -0.408975 0.592491 1.092343
v -0.409328 0.594049 1.093396
v -0.410869 0.594769 1.094271
v -0.412696 0.594231 1.094455
v -0.413738 0.592748 1.093840
v -0.413385 0.591191 1.092787
v -0.411844 0.590470 1.091912
v -0.410017 0.591008 1.091728
v -0.406487 0.587099 1.101198
v -0.406841 0.588658 1.102249
v -0.408383 0.589380 1.103122
v -0.410209 0.588841 1.103306
v -0.411251 0.587358 1.102693
v -0.410897 0.585799 1.101642
v -0.409355 0.585077 1.100769
v -0.407528 0.585615 1.100585
v -0.404062 0.581727 1.109864
v -0.404410 0.583272 1.110938
v -0.405949 0.583988 1.111821
v -0.407779 0.583456 1.111994
v -0.408827 0.581988 1.111357
v -0.408480 0.580443 1.110282
v -0.406941 0.579727 1.109399
v -0.405111 0.580259 1.109226
v -0.401725 0.576217 1.118287
v -0.402060 0.577731 1.119408
v -0.403594 0.578435 1.120309
v -0.405429 0.577915 1.120463
v -0.406490 0.576478 1.119779
v -0.406156 0.574963 1.118658
v -0.404622 0.574260 1.117757
v -0.402786 0.574779 1.117603
v -0.399492 0.570404 1.126439
v -0.399807 0.571869 1.127627
v -0.401334 0.572553 1.128557
v -0.403177 0.572054 1.128682
v -0.404257 0.570665 1.127930
v -0.403941 0.569199 1.126742
v -0.402414 0.568516 1.125812
v -0.400571 0.569015 1.125687
v -0.397310 0.563862 1.134555
v -0.397600 0.565251 1.135838
v -0.399116 0.565903 1.136807
v -0.400970 0.565436 1.136893
v -0.402075 0.564123 1.136046
v -0.401785 0.562734 1.134763
v -0.400269 0.562082 1.133794
v -0.398415 0.562549 1.133708
v -0.395454 0.557228 1.141669
v -0.395721 0.558533 1.143043
v -0.397227 0.559151 1.144047
v -0.399091 0.558721 1.144093
v -0.400221 0.557495 1.143155
v -0.399954 0.556190 1.141781
v -0.398447 0.555571 1.140777
v -0.396583 0.556001 1.140731
v -0.393726 0.549744 1.148625
v -0.393971 0.550956 1.150085
v -0.395470 0.551540 1.151121
v -0.397344 0.551156 1.151126
v -0.398496 0.550027 1.150096
v -0.398251 0.548816 1.148635
v -0.396752 0.548231 1.147599
v -0.394878 0.548616 1.147595
v -0.392249 0.541692 1.155085
v -0.392476 0.542802 1.156627
v -0.393969 0.543353 1.157690
v -0.395853 0.543023 1.157650
v -0.397025 0.542004 1.156532
v -0.396798 0.540894 1.154991
v -0.395306 0.540343 1.153928
v -0.393421 0.540673 1.153967
v -0.391088 0.533097 1.160985
v -0.391300 0.534096 1.162603
v -0.392788 0.534616 1.163687
v -0.394681 0.534353 1.163602
v -0.395870 0.533461 1.162397
v -0.395659 0.532462 1.160778
v -0.394170 0.531942 1.159694
v -0.392277 0.532205 1.159780
v -0.390330 0.524012 1.166217
v -0.390531 0.524883 1.167909
v -0.392017 0.525374 1.169009
v -0.393918 0.525197 1.168874
v -0.395119 0.524457 1.167582
v -0.394918 0.523587 1.165890
v -0.393432 0.523096 1.164789
v -0.391531 0.523272 1.164925
v -0.390101 0.514515 1.170625
v -0.390299 0.515233 1.172387
v -0.391784 0.515699 1.173500
v -0.393688 0.515639 1.173310
v -0.394893 0.515090 1.171930
v -0.394696 0.514372 1.170167
v -0.393210 0.513906 1.169055
v -0.391307 0.513965 1.169245
v -0.390583 0.504771 1.173967
v -0.390790 0.505296 1.175796
v -0.392277 0.505743 1.176914
v -0.394171 0.505852 1.176667
v -0.395364 0.505558 1.175200
v -0.395156 0.505033 1.173372
v -0.393669 0.504585 1.172253
v -0.391775 0.504477 1.172500
v -0.392026 0.495069 1.175898
v -0.392274 0.495334 1.177777
v -0.393761 0.495777 1.178896
v -0.395617 0.496139 1.178601
v -0.396754 0.496207 1.177063
v -0.396506 0.495942 1.175184
v -0.395019 0.495499 1.174065
v -0.393163 0.495138 1.174361
v -0.395073 0.485105 1.175847
v -0.395440 0.484986 1.177721
v -0.396925 0.485438 1.178840
v -0.398657 0.486197 1.178549
v -0.399622 0.486818 1.177019
v -0.399255 0.486937 1.175144
v -0.397771 0.486485 1.174025
v -0.396038 0.485726 1.174316
v -0.399696 0.476524 1.173097
v -0.400286 0.475990 1.174837
v -0.401783 0.476419 1.175949
v -0.403309 0.477560 1.175781
v -0.403972 0.478745 1.174433
v -0.403381 0.479279 1.172693
v -0.401885 0.478850 1.171581
v -0.400358 0.477709 1.171748
v -0.405120 0.470215 1.167925
v -0.405980 0.469363 1.169407
v -0.407519 0.469742 1.170479
v -0.408836 0.471130 1.170512
v -0.409158 0.472714 1.169489
v -0.408298 0.473566 1.168007
v -0.406758 0.473187 1.166935
v -0.405442 0.471799 1.166902
v -0.411347 0.465842 1.159860
v -0.412490 0.464788 1.160974
v -0.414106 0.465112 1.161946
v -0.415247 0.466626 1.162207
v -0.415245 0.468442 1.161604
v -0.414102 0.469496 1.160490
v -0.412486 0.469171 1.159517
v -0.411345 0.467658 1.159256
v -0.416066 0.464257 1.151863
v -0.417402 0.463136 1.152650
v -0.419090 0.463436 1.153499
v -0.420142 0.464981 1.153913
v -0.419940 0.466865 1.153648
v -0.418604 0.467985 1.152861
v -0.416915 0.467686 1.152012
v -0.415864 0.466141 1.151599
v -0.420495 0.464502 1.141705
v -0.421999 0.463390 1.142107
v -0.423766 0.463693 1.142775
v -0.424761 0.465235 1.143317
v -0.424402 0.467112 1.143416
v -0.422898 0.468224 1.143013
v -0.421131 0.467921 1.142345
v -0.420135 0.466379 1.141803
v -0.423326 0.466361 1.132167
v -0.424917 0.465304 1.132280
v -0.426725 0.465634 1.132812
v -0.427692 0.467157 1.133451
v -0.427250 0.468981 1.133822
v -0.425659 0.470038 1.133709
v -0.423850 0.469709 1.133177
v -0.422884 0.468185 1.132538
v -0.425313 0.469455 1.122680
v -0.426948 0.468466 1.122585
v -0.428771 0.468819 1.123046
v -0.429714 0.470307 1.123793
v -0.429225 0.472058 1.124388
v -0.427590 0.473047 1.124483
v -0.425767 0.472695 1.124022
v -0.424823 0.471207 1.123275
v -0.426760 0.473742 1.113326
v -0.428421 0.472830 1.113063
v -0.430248 0.473192 1.113504
v -0.431169 0.474616 1.114390
v -0.430646 0.476268 1.115201
v -0.428984 0.477180 1.115463
v -0.427158 0.476818 1.115023
v -0.426237 0.475394 1.114137
v -0.427883 0.479419 1.104367
v -0.429564 0.478606 1.103951
v -0.431385 0.478944 1.104429
v -0.432281 0.480237 1.105519
v -0.431725 0.481727 1.106584
v -0.430044 0.482540 1.106999
v -0.428222 0.482202 1.106522
v -0.427327 0.480909 1.105431
v -0.428932 0.486878 1.096738
v -0.430636 0.486224 1.096164
v -0.432439 0.486432 1.096771
v -0.433284 0.487379 1.098202
v -0.432677 0.488511 1.099620
v -0.430972 0.489164 1.100194
v -0.429170 0.488957 1.099587
v -0.428324 0.488009 1.098155
v -0.430358 0.496246 1.093068
v -0.432112 0.495907 1.092384
v -0.433837 0.495624 1.093163
v -0.434521 0.495562 1.094949
v -0.433765 0.495758 1.096695
v -0.432010 0.496097 1.097379
v -0.430285 0.496380 1.096600
v -0.429601 0.496442 1.094815
v -0.432491 0.506546 1.096448
v -0.434309 0.506527 1.095853
v -0.435932 0.505739 1.096490
v -0.436409 0.504643 1.097985
v -0.435460 0.503883 1.099463
v -0.433641 0.503903 1.100057
v -0.432018 0.504691 1.099420
v -0.431542 0.505786 1.097925
v -0.434316 0.514583 1.103416
v -0.436163 0.514688 1.102925
v -0.437758 0.513777 1.103459
v -0.438168 0.512384 1.104706
v -0.437152 0.511325 1.105934
v -0.435306 0.511221 1.106425
v -0.433710 0.512132 1.105890
v -0.433300 0.513524 1.104644
v -0.435713 0.521436 1.111271
v -0.437573 0.521607 1.110855
v -0.439166 0.520683 1.111375
v -0.439559 0.519206 1.112525
v -0.438522 0.518040 1.113632
v -0.436662 0.517869 1.114048
v -0.435069 0.518793 1.113528
v -0.434676 0.520271 1.112378
v -0.436662 0.527757 1.119157
v -0.438530 0.527981 1.118808
v -0.440128 0.527093 1.119372
v -0.440521 0.525613 1.120520
v -0.439478 0.524408 1.121579
v -0.437610 0.524184 1.121928
v -0.436012 0.525072 1.121364
v -0.435619 0.526552 1.120216
v -0.437090 0.534025 1.126726
v -0.438962 0.534310 1.126448
v -0.440566 0.533513 1.127122
v -0.440963 0.532103 1.128352
v -0.439920 0.530904 1.129418
v -0.438049 0.530620 1.129696
v -0.436444 0.531416 1.129023
v -0.436047 0.532827 1.127792
v -0.436707 0.541586 1.134498
v -0.438574 0.541968 1.134320
v -0.440168 0.541356 1.135183
v -0.440556 0.540110 1.136582
v -0.439511 0.538958 1.137697
v -0.437644 0.538577 1.137875
v -0.436050 0.539189 1.137012
v -0.435662 0.540435 1.135613
v -0.435551 0.548379 1.140249
v -0.437401 0.548861 1.140156
v -0.438965 0.548422 1.141166
v -0.439329 0.547319 1.142686
v -0.438279 0.546198 1.143827
v -0.436430 0.545716 1.143920
v -0.434865 0.546155 1.142910
v -0.434501 0.547258 1.141390
v -0.433182 0.556851 1.146318
v -0.434996 0.557458 1.146316
v -0.436510 0.557202 1.147458
v -0.436837 0.556233 1.149075
v -0.435785 0.555117 1.150220
v -0.433971 0.554510 1.150222
v -0.432457 0.554765 1.149080
v -0.432130 0.555735 1.147463
v -0.430298 0.564492 1.151247
v -0.432076 0.565197 1.151308
v -0.433550 0.565047 1.152518
v -0.433857 0.564130 1.154169
v -0.432817 0.562983 1.155294
v -0.431039 0.562278 1.155233
v -0.429565 0.562428 1.154022
v -0.429258 0.563345 1.152371
v -0.426850 0.572098 1.156137
v -0.428596 0.572874 1.156245
v -0.430053 0.572762 1.157480
v -0.430368 0.571827 1.159119
v -0.429356 0.570617 1.160203
v -0.427611 0.569840 1.160095
v -0.426154 0.569952 1.158860
v -0.425839 0.570887 1.157220
v -0.422914 0.580128 1.161636
v -0.424670 0.580883 1.161729
v -0.426144 0.580734 1.162939
v -0.426474 0.579767 1.164557
v -0.425466 0.578549 1.165635
v -0.423711 0.577794 1.165542
v -0.422236 0.577944 1.164332
v -0.421906 0.578910 1.162714
v -0.419784 0.588182 1.167069
v -0.421616 0.588732 1.167025
v -0.423142 0.588446 1.168144
v -0.423467 0.587492 1.169770
v -0.422402 0.586428 1.170951
v -0.420570 0.585878 1.170995
v -0.419044 0.586164 1.169876
v -0.418718 0.587118 1.168250
v -0.418703 0.596477 1.171947
v -0.420589 0.596559 1.171631
v -0.422147 0.595991 1.172587
v -0.422464 0.595107 1.174253
v -0.421355 0.594423 1.175655
v -0.419470 0.594341 1.175971
v -0.417912 0.594909 1.175015
v -0.417595 0.595793 1.173349
v -0.420957 0.605166 1.175732
v -0.422659 0.604549 1.175113
v -0.424111 0.603576 1.175893
v -0.424461 0.602817 1.177614
v -0.423505 0.602716 1.179268
v -0.421803 0.603333 1.179887
v -0.420351 0.604306 1.179107
v -0.420001 0.605066 1.177386
v -0.426601 0.613132 1.177706
v -0.427948 0.611999 1.176956
v -0.429198 0.610734 1.177661
v -0.429620 0.610078 1.179408
v -0.428966 0.610416 1.181174
v -0.427619 0.611549 1.181925
v -0.426368 0.612814 1.181219
v -0.425947 0.613470 1.179472
v -0.434460 0.620356 1.178167
v -0.435554 0.618986 1.177401
v -0.436685 0.617609 1.178098
v -0.437190 0.617032 1.179851
v -0.436774 0.617592 1.181632
v -0.435680 0.618962 1.182399
v -0.434550 0.620340 1.181702
v -0.434044 0.620917 1.179949
v -0.442510 0.626367 1.177503
v -0.443442 0.624875 1.176749
v -0.444523 0.623461 1.177451
v -0.445120 0.622953 1.179196
v -0.444884 0.623648 1.180963
v -0.443952 0.625140 1.181716
v -0.442871 0.626554 1.181015
v -0.442274 0.627063 1.179269
v -0.450526 0.631641 1.175933
v -0.451327 0.630063 1.175205
v -0.452396 0.628640 1.175909
v -0.453104 0.628205 1.177633
v -0.453039 0.629014 1.179366
v -0.452237 0.630591 1.180093
v -0.451169 0.632014 1.179389
v -0.450460 0.632449 1.177666
v -0.459338 0.636886 1.173041
v -0.460000 0.635224 1.172359
v -0.461088 0.633813 1.173057
v -0.461965 0.633479 1.174724
v -0.462118 0.634418 1.176384
v -0.461456 0.636079 1.177066
v -0.460368 0.637490 1.176368
v -0.459491 0.637824 1.174701
v -0.467334 0.641227 1.168879
v -0.467843 0.639484 1.168278
v -0.468993 0.638106 1.168943
v -0.470108 0.637901 1.170484
v -0.470537 0.638990 1.171999
v -0.470027 0.640733 1.172599
v -0.468877 0.642111 1.171934
v -0.467762 0.642316 1.170393
v -0.473773 0.644404 1.163430
v -0.474112 0.642577 1.162977
v -0.475368 0.641252 1.163550
v -0.476805 0.641205 1.164813
v -0.477581 0.642465 1.166026
v -0.477241 0.644293 1.166479
v -0.475985 0.645618 1.165907
v -0.474549 0.645664 1.164644
v -0.478088 0.646223 1.156663
v -0.478268 0.644329 1.156460
v -0.479631 0.643049 1.156863
v -0.481380 0.643132 1.157636
v -0.482489 0.644531 1.158325
v -0.482309 0.646425 1.158527
v -0.480945 0.647705 1.158124
v -0.479197 0.647622 1.157352
v -0.480487 0.646409 1.147027
v -0.480564 0.644508 1.147226
v -0.481964 0.643230 1.147485
v -0.483868 0.643325 1.147652
v -0.485160 0.644736 1.147630
v -0.485083 0.646638 1.147430
v -0.483682 0.647915 1.147171
v -0.481778 0.647821 1.147004
v -0.480213 0.644404 1.137735
v -0.480299 0.642589 1.138335
v -0.481699 0.641305 1.138563
v -0.483592 0.641303 1.138284
v -0.484869 0.642585 1.137662
v -0.484783 0.644399 1.137061
v -0.483383 0.645684 1.136834
v -0.481490 0.645686 1.137113
v -0.477971 0.640308 1.129162
v -0.478154 0.638674 1.130140
v -0.479565 0.637409 1.130408
v -0.481376 0.637255 1.129810
v -0.482526 0.638301 1.128695
v -0.482342 0.639935 1.127717
v -0.480932 0.641200 1.127449
v -0.479121 0.641355 1.128047
v -0.474284 0.634327 1.122079
v -0.474626 0.632952 1.123365
v -0.476073 0.631747 1.123704
v -0.477777 0.631418 1.122898
v -0.478739 0.632157 1.121419
v -0.478397 0.633532 1.120133
v -0.476950 0.634737 1.119794
v -0.475246 0.635066 1.120600
v -0.469705 0.626863 1.116959
v -0.470231 0.625789 1.118452
v -0.471735 0.624677 1.118856
v -0.473335 0.624179 1.117933
v -0.474095 0.624586 1.116225
v -0.473569 0.625661 1.114732
v -0.472065 0.626773 1.114328
v -0.470464 0.627271 1.115251
v -0.464835 0.618607 1.113948
v -0.465531 0.617821 1.115547
v -0.467097 0.616813 1.115989
v -0.468614 0.616174 1.115015
v -0.469195 0.616278 1.113195
v -0.468499 0.617064 1.111595
v -0.466934 0.618072 1.111153
v -0.465416 0.618711 1.112127
v -0.460023 0.609979 1.112681
v -0.460848 0.609425 1.114316
v -0.462472 0.608522 1.114774
v -0.463943 0.607799 1.113787
v -0.464399 0.607679 1.111932
v -0.463574 0.608233 1.110297
v -0.461951 0.609136 1.109839
v -0.460480 0.609859 1.110827
v -0.455334 0.600807 1.112616
v -0.456253 0.600438 1.114253
v -0.457933 0.599645 1.114712
v -0.459390 0.598895 1.113724
v -0.459771 0.598626 1.111869
v -0.458852 0.598996 1.110232
v -0.457171 0.599788 1.109772
v -0.455714 0.600539 1.110760
v -0.450999 0.591239 1.113457
v -0.451989 0.591026 1.115081
v -0.453723 0.590353 1.115530
v -0.455185 0.589613 1.114541
v -0.455519 0.589241 1.112694
v -0.454529 0.589454 1.111071
v -0.452795 0.590128 1.110622
v -0.451333 0.590867 1.111610
v -0.447199 0.581399 1.114992
v -0.448244 0.581327 1.116594
v -0.450026 0.580781 1.117023
v -0.451504 0.580081 1.116028
v -0.451810 0.579637 1.114193
v -0.450765 0.579709 1.112591
v -0.448982 0.580255 1.112162
v -0.447505 0.580955 1.113156
v -0.444067 0.571364 1.117062
v -0.445153 0.571425 1.118636
v -0.446979 0.571018 1.119037
v -0.448476 0.570381 1.118029
v -0.448766 0.569887 1.116204
v -0.447681 0.569826 1.114629
v -0.445855 0.570234 1.114228
v -0.444358 0.570871 1.115236
v -0.441713 0.561186 1.119546
v -0.442829 0.561377 1.121089
v -0.444690 0.561120 1.121453
v -0.446206 0.560567 1.120425
v -0.446489 0.560041 1.118607
v -0.445373 0.559851 1.117064
v -0.443513 0.560108 1.116700
v -0.441996 0.560661 1.117728
v -0.440237 0.550911 1.122349
v -0.441371 0.551229 1.123857
v -0.443255 0.551137 1.124177
v -0.444786 0.550687 1.123120
v -0.445067 0.550143 1.121307
v -0.443933 0.549825 1.119799
v -0.442049 0.549917 1.119480
v -0.440518 0.550367 1.120536
v -0.439733 0.540590 1.125387
v -0.440873 0.541037 1.126857
v -0.442765 0.541120 1.127125
v -0.444302 0.540791 1.126034
v -0.444583 0.540242 1.124222
v -0.443442 0.539795 1.122752
v -0.441550 0.539712 1.122484
v -0.440013 0.540041 1.123576
v -0.440281 0.530297 1.128580
v -0.441414 0.530871 1.130011
v -0.443297 0.531139 1.130221
v -0.444827 0.530944 1.129088
v -0.445107 0.530401 1.127275
v -0.443974 0.529827 1.125844
v -0.442091 0.529558 1.125634
v -0.440561 0.529753 1.126767
v -0.441939 0.520128 1.131846
v -0.443052 0.520827 1.133237
v -0.444904 0.521284 1.133387
v -0.446410 0.521233 1.132208
v -0.446688 0.520703 1.130390
v -0.445575 0.520005 1.128999
v -0.443723 0.519547 1.128849
v -0.442217 0.519599 1.130029
v -0.444719 0.510208 1.135100
v -0.445800 0.511023 1.136453
v -0.447599 0.511667 1.136542
v -0.449064 0.511762 1.135314
v -0.449336 0.511253 1.133490
v -0.448256 0.510438 1.132138
v -0.446457 0.509794 1.132049
v -0.444992 0.509698 1.133276
v -0.448542 0.500740 1.138236
v -0.449580 0.501662 1.139553
v -0.451308 0.502481 1.139584
v -0.452716 0.502717 1.138310
v -0.452979 0.502232 1.136478
v -0.451942 0.501310 1.135161
v -0.450213 0.500491 1.135130
v -0.448805 0.500255 1.136404
vt 0.705712 0.592916
vt 0.705549 0.596260
vt 0.707993 0.596166
vt 0.707983 0.596630
vt 0.705366 0.595797
vt 0.708013 0.595721
vt 0.705242 0.595312
vt 0.708022 0.595274
vt 0.705235 0.594811
vt 0.708025 0.594821
vt 0.705356 0.594324
vt 0.708012 0.594374
vt 0.705539 0.593858
vt 0.707990 0.593929
vt 0.705683 0.593391
vt 0.707979 0.593467
vt 0.710908 0.596228
vt 0.710870 0.596699
vt 0.710953 0.595761
vt 0.710982 0.595293
vt 0.710982 0.594821
vt 0.710953 0.594352
vt 0.710909 0.593885
vt 0.710873 0.593417
vt 0.713593 0.596253
vt 0.713561 0.596725
vt 0.713631 0.595780
vt 0.713656 0.595304
vt 0.713654 0.594825
vt 0.713628 0.594350
vt 0.713592 0.593876
vt 0.713563 0.593403
vt 0.716511 0.596275
vt 0.716509 0.596750
vt 0.716513 0.595798
vt 0.716514 0.595313
vt 0.716511 0.594828
vt 0.716508 0.594344
vt 0.716505 0.593866
vt 0.716503 0.593389
vt 0.718854 0.596256
vt 0.718868 0.596728
vt 0.718838 0.595785
vt 0.718827 0.595308
vt 0.718824 0.594829
vt 0.718833 0.594354
vt 0.718848 0.593882
vt 0.718862 0.593408
vt 0.721304 0.596249
vt 0.721316 0.596721
vt 0.721289 0.595778
vt 0.721279 0.595305
vt 0.721277 0.594832
vt 0.721285 0.594360
vt 0.721298 0.593889
vt 0.721312 0.593415
vt 0.723871 0.596250
vt 0.723879 0.596723
vt 0.723860 0.595778
vt 0.723852 0.595305
vt 0.723849 0.594832
vt 0.723853 0.594363
vt 0.723863 0.593890
vt 0.723873 0.593416
vt 0.726471 0.596255
vt 0.726476 0.596728
vt 0.726462 0.595781
vt 0.726454 0.595308
vt 0.726450 0.594835
vt 0.726451 0.594361
vt 0.726458 0.593888
vt 0.726467 0.593414
vt 0.728999 0.596256
vt 0.729003 0.596730
vt 0.728990 0.595782
vt 0.728980 0.595308
vt 0.728975 0.594835
vt 0.728976 0.594361
vt 0.728984 0.593887
vt 0.728994 0.593413
vt 0.731470 0.596256
vt 0.731476 0.596730
vt 0.731460 0.595782
vt 0.731451 0.595309
vt 0.731449 0.594837
vt 0.731454 0.594361
vt 0.731464 0.593888
vt 0.731474 0.593415
vt 0.733828 0.596258
vt 0.733833 0.596732
vt 0.733819 0.595785
vt 0.733812 0.595314
vt 0.733813 0.594840
vt 0.733820 0.594368
vt 0.733831 0.593896
vt 0.733843 0.593421
vt 0.736427 0.596269
vt 0.736431 0.596743
vt 0.736428 0.595796
vt 0.736436 0.595322
vt 0.736446 0.594852
vt 0.736453 0.594380
vt 0.736457 0.593905
vt 0.736456 0.593435
vt 0.738772 0.596280
vt 0.738772 0.596754
vt 0.738775 0.595805
vt 0.738781 0.595334
vt 0.738789 0.594863
vt 0.738795 0.594389
vt 0.738798 0.593917
vt 0.738798 0.593446
vt 0.741462 0.596293
vt 0.741459 0.596767
vt 0.741473 0.595820
vt 0.741486 0.595347
vt 0.741496 0.594874
vt 0.741499 0.594399
vt 0.741494 0.593925
vt 0.741486 0.593452
vt 0.743934 0.596304
vt 0.743932 0.596778
vt 0.743940 0.595831
vt 0.743948 0.595357
vt 0.743955 0.594882
vt 0.743958 0.594406
vt 0.743958 0.593932
vt 0.743954 0.593457
vt 0.746440 0.596312
vt 0.746439 0.596787
vt 0.746443 0.595837
vt 0.746450 0.595363
vt 0.746457 0.594888
vt 0.746462 0.594415
vt 0.746464 0.593941
vt 0.746463 0.593467
vt 0.748979 0.596317
vt 0.748981 0.596790
vt 0.748982 0.595842
vt 0.748991 0.595367
vt 0.749004 0.594894
vt 0.749015 0.594422
vt 0.749020 0.593952
vt 0.749018 0.593480
vt 0.751521 0.596315
vt 0.751535 0.596785
vt 0.751520 0.595839
vt 0.751539 0.595362
vt 0.751571 0.594892
vt 0.751604 0.594427
vt 0.751619 0.593962
vt 0.751613 0.593495
vt 0.753849 0.596286
vt 0.753910 0.596729
vt 0.753830 0.595821
vt 0.753851 0.595349
vt 0.753918 0.594898
vt 0.753997 0.594448
vt 0.754037 0.593973
vt 0.754018 0.593496
vt 0.756117 0.596271
vt 0.756115 0.596697
vt 0.756109 0.595810
vt 0.756096 0.595341
vt 0.756079 0.594901
vt 0.756072 0.594466
vt 0.756078 0.593981
vt 0.756093 0.593489
vt 0.758573 0.596280
vt 0.758547 0.596725
vt 0.758575 0.595816
vt 0.758556 0.595342
vt 0.758518 0.594887
vt 0.758477 0.594444
vt 0.758463 0.593984
vt 0.758480 0.593512
vt 0.761164 0.596303
vt 0.761141 0.596763
vt 0.761175 0.595836
vt 0.761169 0.595363
vt 0.761146 0.594898
vt 0.761115 0.594442
vt 0.761095 0.593980
vt 0.761096 0.593509
vt 0.763439 0.596322
vt 0.763428 0.596791
vt 0.763446 0.595850
vt 0.763444 0.595376
vt 0.763431 0.594904
vt 0.763412 0.594436
vt 0.763397 0.593967
vt 0.763394 0.593495
vt 0.765969 0.596327
vt 0.765962 0.596800
vt 0.765974 0.595853
vt 0.765973 0.595378
vt 0.765965 0.594904
vt 0.765953 0.594432
vt 0.765943 0.593959
vt 0.765940 0.593485
vt 0.768557 0.596327
vt 0.768553 0.596801
vt 0.768560 0.595852
vt 0.768559 0.595377
vt 0.768554 0.594902
vt 0.768547 0.594429
vt 0.768542 0.593955
vt 0.768540 0.593480
vt 0.771145 0.596324
vt 0.771143 0.596799
vt 0.771146 0.595850
vt 0.771145 0.595375
vt 0.771143 0.594901
vt 0.771139 0.594426
vt 0.771136 0.593952
vt 0.771135 0.593477
vt 0.773823 0.596323
vt 0.773822 0.596797
vt 0.773824 0.595848
vt 0.773824 0.595373
vt 0.773822 0.594898
vt 0.773820 0.594424
vt 0.773818 0.593949
vt 0.773818 0.593475
vt 0.776386 0.596322
vt 0.776386 0.596797
vt 0.776386 0.595847
vt 0.776386 0.595372
vt 0.776385 0.594897
vt 0.776385 0.594422
vt 0.776384 0.593948
vt 0.776384 0.593473
vt 0.778804 0.596321
vt 0.778805 0.596795
vt 0.778803 0.595846
vt 0.778803 0.595371
vt 0.778803 0.594896
vt 0.778804 0.594421
vt 0.778805 0.593947
vt 0.778805 0.593472
vt 0.781361 0.596319
vt 0.781363 0.596794
vt 0.781360 0.595845
vt 0.781360 0.595370
vt 0.781361 0.594895
vt 0.781363 0.594421
vt 0.781364 0.593946
vt 0.781365 0.593471
vt 0.783929 0.596318
vt 0.783931 0.596792
vt 0.783927 0.595843
vt 0.783927 0.595368
vt 0.783930 0.594894
vt 0.783933 0.594421
vt 0.783935 0.593947
vt 0.783936 0.593473
vt 0.786490 0.596318
vt 0.786494 0.596791
vt 0.786487 0.595843
vt 0.786487 0.595368
vt 0.786491 0.594894
vt 0.786497 0.594420
vt 0.786502 0.593946
vt 0.786503 0.593471
vt 0.788989 0.596315
vt 0.788997 0.596788
vt 0.788983 0.595843
vt 0.788983 0.595370
vt 0.788988 0.594895
vt 0.788997 0.594420
vt 0.789003 0.593944
vt 0.789004 0.593470
vt 0.791777 0.596314
vt 0.791770 0.596788
vt 0.791783 0.595840
vt 0.791783 0.595367
vt 0.791778 0.594895
vt 0.791769 0.594424
vt 0.791762 0.593950
vt 0.791761 0.593475
vt 0.794272 0.596314
vt 0.794259 0.596786
vt 0.794280 0.595841
vt 0.794280 0.595367
vt 0.794269 0.594894
vt 0.794253 0.594422
vt 0.794240 0.593948
vt 0.794236 0.593473
vt 0.796724 0.596316
vt 0.796710 0.596790
vt 0.796733 0.595841
vt 0.796733 0.595365
vt 0.796722 0.594891
vt 0.796706 0.594417
vt 0.796693 0.593943
vt 0.796688 0.593469
vt 0.799372 0.596315
vt 0.799368 0.596791
vt 0.799375 0.595838
vt 0.799374 0.595362
vt 0.799370 0.594887
vt 0.799364 0.594413
vt 0.799360 0.593939
vt 0.799357 0.593465
vt 0.802028 0.596305
vt 0.802026 0.596776
vt 0.802028 0.595833
vt 0.802028 0.595360
vt 0.802026 0.594887
vt 0.802023 0.594414
vt 0.802020 0.593940
vt 0.802018 0.593466
vt 0.804492 0.596299
vt 0.804480 0.596770
vt 0.804499 0.595828
vt 0.804500 0.595356
vt 0.804493 0.594886
vt 0.804482 0.594415
vt 0.804472 0.593943
vt 0.804467 0.593468
vt 0.807098 0.596295
vt 0.807073 0.596762
vt 0.807116 0.595826
vt 0.807117 0.595355
vt 0.807100 0.594886
vt 0.807075 0.594418
vt 0.807054 0.593947
vt 0.807045 0.593472
vt 0.809763 0.596302
vt 0.809738 0.596762
vt 0.809779 0.595831
vt 0.809773 0.595350
vt 0.809751 0.594876
vt 0.809723 0.594411
vt 0.809703 0.593942
vt 0.809696 0.593466
vt 0.811966 0.596311
vt 0.811958 0.596776
vt 0.811961 0.595832
vt 0.811944 0.595350
vt 0.811929 0.594871
vt 0.811922 0.594404
vt 0.811927 0.593930
vt 0.811939 0.593456
vt 0.814534 0.596281
vt 0.814567 0.596738
vt 0.814506 0.595809
vt 0.814491 0.595334
vt 0.814500 0.594871
vt 0.814523 0.594413
vt 0.814544 0.593943
vt 0.814559 0.593470
vt 0.817054 0.596265
vt 0.817078 0.596729
vt 0.817038 0.595795
vt 0.817034 0.595325
vt 0.817045 0.594865
vt 0.817062 0.594404
vt 0.817076 0.593934
vt 0.817085 0.593461
vt 0.819597 0.596265
vt 0.819616 0.596733
vt 0.819593 0.595792
vt 0.819606 0.595320
vt 0.819627 0.594856
vt 0.819645 0.594391
vt 0.819651 0.593921
vt 0.819645 0.593451
vt 0.822004 0.596268
vt 0.822012 0.596740
vt 0.822008 0.595796
vt 0.822021 0.595324
vt 0.822038 0.594854
vt 0.822050 0.594382
vt 0.822050 0.593908
vt 0.822041 0.593434
vt 0.824502 0.596269
vt 0.824505 0.596743
vt 0.824506 0.595796
vt 0.824514 0.595322
vt 0.824524 0.594849
vt 0.824530 0.594375
vt 0.824529 0.593901
vt 0.824522 0.593426
vt 0.827017 0.596266
vt 0.827017 0.596740
vt 0.827020 0.595792
vt 0.827026 0.595318
vt 0.827032 0.594844
vt 0.827036 0.594370
vt 0.827033 0.593896
vt 0.827027 0.593422
vt 0.829522 0.596261
vt 0.829522 0.596736
vt 0.829525 0.595787
vt 0.829530 0.595313
vt 0.829535 0.594839
vt 0.829537 0.594365
vt 0.829534 0.593891
vt 0.829527 0.593417
vt 0.832019 0.596257
vt 0.832020 0.596732
vt 0.832021 0.595783
vt 0.832024 0.595309
vt 0.832028 0.594834
vt 0.832028 0.594358
vt 0.832026 0.593883
vt 0.832021 0.593409
vt 0.834410 0.596257
vt 0.834413 0.596732
vt 0.834410 0.595783
vt 0.834411 0.595306
vt 0.834413 0.594828
vt 0.834413 0.594351
vt 0.834412 0.593873
vt 0.834409 0.593396
vt 0.836981 0.596247
vt 0.836986 0.596722
vt 0.836974 0.595773
vt 0.836967 0.595299
vt 0.836964 0.594824
vt 0.836965 0.594348
vt 0.836970 0.593873
vt 0.836976 0.593399
vt 0.839521 0.596242
vt 0.839526 0.596717
vt 0.839515 0.595768
vt 0.839510 0.595295
vt 0.839507 0.594821
vt 0.839508 0.594346
vt 0.839512 0.593872
vt 0.839518 0.593399
vt 0.842131 0.596240
vt 0.842134 0.596715
vt 0.842126 0.595766
vt 0.842121 0.595292
vt 0.842118 0.594818
vt 0.842119 0.594344
vt 0.842123 0.593870
vt 0.842128 0.593398
vt 0.844435 0.596239
vt 0.844438 0.596713
vt 0.844431 0.595765
vt 0.844429 0.595290
vt 0.844429 0.594817
vt 0.844431 0.594342
vt 0.844434 0.593868
vt 0.844436 0.593394
vt 0.846928 0.596237
vt 0.846931 0.596712
vt 0.846924 0.595763
vt 0.846923 0.595288
vt 0.846923 0.594814
vt 0.846926 0.594341
vt 0.846930 0.593867
vt 0.846932 0.593392
vt 0.849429 0.596236
vt 0.849433 0.596710
vt 0.849425 0.595762
vt 0.849424 0.595287
vt 0.849427 0.594814
vt 0.849432 0.594340
vt 0.849437 0.593866
vt 0.849439 0.593391
vt 0.851918 0.596236
vt 0.851924 0.596710
vt 0.851912 0.595762
vt 0.851912 0.595287
vt 0.851917 0.594813
vt 0.851925 0.594340
vt 0.851932 0.593866
vt 0.851934 0.593391
vt 0.854376 0.596237
vt 0.854381 0.596709
vt 0.854372 0.595765
vt 0.854371 0.595291
vt 0.854373 0.594816
vt 0.854378 0.594340
vt 0.854383 0.593864
vt 0.854386 0.593388
vt 0.856933 0.596238
vt 0.856932 0.596713
vt 0.856930 0.595765
vt 0.856926 0.595292
vt 0.856919 0.594819
vt 0.856914 0.594346
vt 0.856914 0.593871
vt 0.856919 0.593395
vt 0.859505 0.596238
vt 0.859495 0.596709
vt 0.859504 0.595765
vt 0.859492 0.595295
vt 0.859471 0.594823
vt 0.859452 0.594350
vt 0.859444 0.593874
vt 0.859451 0.593398
vt 0.862033 0.596234
vt 0.862003 0.596703
vt 0.862038 0.595764
vt 0.862011 0.595296
vt 0.861964 0.594828
vt 0.861921 0.594355
vt 0.861902 0.593879
vt 0.861916 0.593405
vt 0.864302 0.596244
vt 0.864268 0.596714
vt 0.864305 0.595760
vt 0.864266 0.595286
vt 0.864216 0.594823
vt 0.864182 0.594358
vt 0.864177 0.593886
vt 0.864202 0.593428
vt 0.866529 0.596233
vt 0.866560 0.596692
vt 0.866511 0.595753
vt 0.866511 0.595279
vt 0.866536 0.594836
vt 0.866561 0.594381
vt 0.866576 0.593911
vt 0.866584 0.593448
vt 0.868955 0.596231
vt 0.868977 0.596697
vt 0.868951 0.595759
vt 0.868970 0.595299
vt 0.869002 0.594845
vt 0.869026 0.594380
vt 0.869036 0.593906
vt 0.869029 0.593442
vt 0.871565 0.596249
vt 0.871577 0.596720
vt 0.871571 0.595776
vt 0.871590 0.595310
vt 0.871614 0.594844
vt 0.871628 0.594373
vt 0.871630 0.593898
vt 0.871617 0.593428
vt 0.873950 0.596261
vt 0.873949 0.596734
vt 0.873955 0.595788
vt 0.873962 0.595316
vt 0.873969 0.594845
vt 0.873973 0.594372
vt 0.873973 0.593897
vt 0.873971 0.593424
vt 0.876706 0.596266
vt 0.876707 0.596740
vt 0.876709 0.595792
vt 0.876714 0.595322
vt 0.876718 0.594852
vt 0.876719 0.594377
vt 0.876718 0.593902
vt 0.876714 0.593428
vt 0.879117 0.596273
vt 0.879111 0.596744
vt 0.879119 0.595799
vt 0.879116 0.595327
vt 0.879110 0.594854
vt 0.879106 0.594380
vt 0.879105 0.593905
vt 0.879109 0.593434
vt 0.881783 0.596276
vt 0.881776 0.596749
vt 0.881784 0.595802
vt 0.881779 0.595330
vt 0.881771 0.594860
vt 0.881765 0.594387
vt 0.881764 0.593912
vt 0.881766 0.593440
vt 0.884376 0.596278
vt 0.884367 0.596750
vt 0.884378 0.595802
vt 0.884372 0.595330
vt 0.884363 0.594861
vt 0.884356 0.594390
vt 0.884355 0.593916
vt 0.884358 0.593445
vt 0.886910 0.596286
vt 0.886912 0.596762
vt 0.886912 0.595809
vt 0.886919 0.595333
vt 0.886927 0.594860
vt 0.886932 0.594387
vt 0.886932 0.593915
vt 0.886927 0.593442
vt 0.889376 0.596285
vt 0.889382 0.596758
vt 0.889379 0.595810
vt 0.889391 0.595337
vt 0.889407 0.594866
vt 0.889418 0.594394
vt 0.889420 0.593919
vt 0.889413 0.593447
vt 0.892059 0.596290
vt 0.892064 0.596764
vt 0.892062 0.595816
vt 0.892073 0.595343
vt 0.892087 0.594871
vt 0.892097 0.594397
vt 0.892099 0.593922
vt 0.892092 0.593448
vt 0.894529 0.596293
vt 0.894530 0.596767
vt 0.894533 0.595819
vt 0.894542 0.595346
vt 0.894552 0.594873
vt 0.894559 0.594400
vt 0.894560 0.593926
vt 0.894556 0.593453
vt 0.897107 0.596293
vt 0.897107 0.596767
vt 0.897113 0.595818
vt 0.897125 0.595346
vt 0.897138 0.594875
vt 0.897146 0.594404
vt 0.897147 0.593933
vt 0.897139 0.593461
vt 0.899693 0.596285
vt 0.899692 0.596758
vt 0.899705 0.595811
vt 0.899729 0.595340
vt 0.899755 0.594873
vt 0.899770 0.594406
vt 0.899769 0.593939
vt 0.899750 0.593471
vt 0.902162 0.596275
vt 0.902171 0.596743
vt 0.902178 0.595801
vt 0.902219 0.595336
vt 0.902270 0.594875
vt 0.902299 0.594404
vt 0.902289 0.593926
vt 0.902245 0.593459
vt 0.904862 0.596281
vt 0.904851 0.596753
vt 0.904870 0.595808
vt 0.904873 0.595341
vt 0.904871 0.594877
vt 0.904866 0.594393
vt 0.904858 0.593906
vt 0.904857 0.593432
vt 0.907201 0.596274
vt 0.907199 0.596744
vt 0.907196 0.595796
vt 0.907176 0.595333
vt 0.907149 0.594872
vt 0.907130 0.594395
vt 0.907125 0.593914
vt 0.907143 0.593451
vt 0.909710 0.596277
vt 0.909719 0.596749
vt 0.909696 0.595805
vt 0.909671 0.595340
vt 0.909643 0.594872
vt 0.909626 0.594395
vt 0.909628 0.593916
vt 0.909651 0.593451
vt 0.715934 0.609131
vt 0.715917 0.609601
vt 0.715974 0.608664
vt 0.716013 0.608201
vt 0.716026 0.607737
vt 0.716003 0.607270
vt 0.715956 0.606796
vt 0.715908 0.606322
vt 0.718773 0.609145
vt 0.718751 0.609614
vt 0.718771 0.608676
vt 0.718746 0.608204
vt 0.718707 0.607730
vt 0.718673 0.607255
vt 0.718662 0.606778
vt 0.718674 0.606301
vt 0.721327 0.609132
vt 0.721296 0.609592
vt 0.721325 0.608651
vt 0.721289 0.608177
vt 0.721236 0.607717
vt 0.721199 0.607259
vt 0.721193 0.606789
vt 0.721212 0.606322
vt 0.723504 0.609128
vt 0.723523 0.609594
vt 0.723491 0.608647
vt 0.723496 0.608168
vt 0.723513 0.607709
vt 0.723531 0.607251
vt 0.723540 0.606783
vt 0.723538 0.606317
vt 0.725870 0.609117
vt 0.725893 0.609583
vt 0.725867 0.608646
vt 0.725885 0.608179
vt 0.725918 0.607716
vt 0.725946 0.607249
vt 0.725956 0.606775
vt 0.725945 0.606303
vt 0.728569 0.609119
vt 0.728572 0.609589
vt 0.728571 0.608648
vt 0.728576 0.608179
vt 0.728583 0.607713
vt 0.728588 0.607245
vt 0.728589 0.606770
vt 0.728587 0.606295
vt 0.731523 0.609119
vt 0.731522 0.609587
vt 0.731524 0.608650
vt 0.731525 0.608180
vt 0.731523 0.607711
vt 0.731520 0.607240
vt 0.731516 0.606766
vt 0.731511 0.606293
vt 0.733903 0.609114
vt 0.733876 0.609580
vt 0.733914 0.608646
vt 0.733905 0.608178
vt 0.733881 0.607714
vt 0.733855 0.607246
vt 0.733841 0.606772
vt 0.733842 0.606298
vt 0.736524 0.609120
vt 0.736480 0.609575
vt 0.736543 0.608645
vt 0.736528 0.608169
vt 0.736486 0.607711
vt 0.736445 0.607256
vt 0.736427 0.606786
vt 0.736430 0.606316
vt 0.738836 0.609137
vt 0.738865 0.609596
vt 0.738825 0.608652
vt 0.738839 0.608164
vt 0.738871 0.607700
vt 0.738899 0.607245
vt 0.738908 0.606776
vt 0.738900 0.606306
vt 0.741171 0.609116
vt 0.741204 0.609580
vt 0.741159 0.608646
vt 0.741176 0.608176
vt 0.741214 0.607711
vt 0.741253 0.607245
vt 0.741273 0.606770
vt 0.741269 0.606296
vt 0.743757 0.609119
vt 0.743770 0.609590
vt 0.743753 0.608649
vt 0.743760 0.608178
vt 0.743777 0.607709
vt 0.743793 0.607237
vt 0.743804 0.606763
vt 0.743804 0.606288
vt 0.746357 0.609125
vt 0.746362 0.609598
vt 0.746356 0.608652
vt 0.746359 0.608179
vt 0.746366 0.607707
vt 0.746374 0.607234
vt 0.746379 0.606760
vt 0.746379 0.606286
vt 0.748776 0.609128
vt 0.748778 0.609602
vt 0.748776 0.608655
vt 0.748778 0.608181
vt 0.748782 0.607707
vt 0.748786 0.607234
vt 0.748788 0.606759
vt 0.748788 0.606285
vt 0.751420 0.609131
vt 0.751421 0.609605
vt 0.751419 0.608657
vt 0.751421 0.608183
vt 0.751424 0.607709
vt 0.751427 0.607235
vt 0.751429 0.606760
vt 0.751429 0.606286
vt 0.754017 0.609133
vt 0.754018 0.609607
vt 0.754017 0.608659
vt 0.754019 0.608185
vt 0.754021 0.607710
vt 0.754024 0.607236
vt 0.754025 0.606762
vt 0.754025 0.606288
vt 0.756578 0.609135
vt 0.756579 0.609608
vt 0.756578 0.608660
vt 0.756579 0.608186
vt 0.756582 0.607712
vt 0.756585 0.607238
vt 0.756586 0.606764
vt 0.756586 0.606290
vt 0.759119 0.609135
vt 0.759121 0.609609
vt 0.759119 0.608661
vt 0.759121 0.608187
vt 0.759124 0.607714
vt 0.759127 0.607241
vt 0.759128 0.606766
vt 0.759128 0.606292
vt 0.761760 0.609138
vt 0.761759 0.609612
vt 0.761761 0.608664
vt 0.761762 0.608190
vt 0.761763 0.607715
vt 0.761763 0.607240
vt 0.761763 0.606766
vt 0.761763 0.606292
vt 0.764212 0.609139
vt 0.764212 0.609613
vt 0.764213 0.608665
vt 0.764214 0.608190
vt 0.764215 0.607716
vt 0.764215 0.607242
vt 0.764215 0.606768
vt 0.764215 0.606294
vt 0.766777 0.609140
vt 0.766776 0.609613
vt 0.766777 0.608665
vt 0.766778 0.608191
vt 0.766779 0.607717
vt 0.766779 0.607243
vt 0.766779 0.606769
vt 0.766778 0.606295
vt 0.769354 0.609140
vt 0.769354 0.609614
vt 0.769355 0.608666
vt 0.769356 0.608192
vt 0.769358 0.607718
vt 0.769358 0.607244
vt 0.769358 0.606770
vt 0.769357 0.606296
vt 0.771943 0.609139
vt 0.771943 0.609613
vt 0.771945 0.608665
vt 0.771946 0.608191
vt 0.771948 0.607718
vt 0.771949 0.607244
vt 0.771949 0.606771
vt 0.771947 0.606297
vt 0.774532 0.609136
vt 0.774532 0.609610
vt 0.774534 0.608662
vt 0.774537 0.608190
vt 0.774540 0.607719
vt 0.774542 0.607246
vt 0.774541 0.606772
vt 0.774539 0.606299
vt 0.777103 0.609135
vt 0.777102 0.609608
vt 0.777107 0.608661
vt 0.777112 0.608188
vt 0.777117 0.607716
vt 0.777120 0.607246
vt 0.777118 0.606773
vt 0.777114 0.606301
vt 0.779619 0.609132
vt 0.779617 0.609605
vt 0.779624 0.608658
vt 0.779633 0.608185
vt 0.779643 0.607715
vt 0.779648 0.607244
vt 0.779646 0.606771
vt 0.779637 0.606300
vt 0.782032 0.609129
vt 0.782035 0.609600
vt 0.782038 0.608654
vt 0.782052 0.608182
vt 0.782068 0.607712
vt 0.782078 0.607240
vt 0.782076 0.606765
vt 0.782061 0.606294
vt 0.784529 0.609127
vt 0.784531 0.609597
vt 0.784531 0.608653
vt 0.784534 0.608176
vt 0.784543 0.607708
vt 0.784551 0.607234
vt 0.784552 0.606756
vt 0.784546 0.606283
vt 0.786951 0.609128
vt 0.786953 0.609597
vt 0.786947 0.608654
vt 0.786942 0.608182
vt 0.786939 0.607708
vt 0.786939 0.607230
vt 0.786944 0.606753
vt 0.786950 0.606276
vt 0.789303 0.609121
vt 0.789311 0.609596
vt 0.789294 0.608647
vt 0.789287 0.608175
vt 0.789282 0.607707
vt 0.789282 0.607236
vt 0.789288 0.606760
vt 0.789295 0.606287
vt 0.792003 0.609123
vt 0.792000 0.609593
vt 0.791998 0.608649
vt 0.791987 0.608177
vt 0.791973 0.607709
vt 0.791965 0.607239
vt 0.791967 0.606764
vt 0.791981 0.606292
vt 0.794306 0.609125
vt 0.794314 0.609591
vt 0.794299 0.608652
vt 0.794293 0.608179
vt 0.794291 0.607710
vt 0.794291 0.607241
vt 0.794295 0.606769
vt 0.794300 0.606296
vt 0.797052 0.609127
vt 0.797046 0.609602
vt 0.797053 0.608653
vt 0.797050 0.608181
vt 0.797041 0.607712
vt 0.797033 0.607242
vt 0.797029 0.606770
vt 0.797032 0.606298
vt 0.799556 0.609128
vt 0.799552 0.609600
vt 0.799559 0.608654
vt 0.799558 0.608181
vt 0.799553 0.607710
vt 0.799546 0.607239
vt 0.799540 0.606767
vt 0.799538 0.606294
vt 0.802060 0.609120
vt 0.802057 0.609591
vt 0.802064 0.608647
vt 0.802066 0.608176
vt 0.802065 0.607705
vt 0.802061 0.607234
vt 0.802055 0.606762
vt 0.802050 0.606290
vt 0.804597 0.609108
vt 0.804592 0.609581
vt 0.804606 0.608635
vt 0.804614 0.608165
vt 0.804619 0.607699
vt 0.804617 0.607230
vt 0.804610 0.606760
vt 0.804598 0.606291
vt 0.807161 0.609091
vt 0.807149 0.609563
vt 0.807180 0.608619
vt 0.807203 0.608152
vt 0.807220 0.607688
vt 0.807220 0.607225
vt 0.807206 0.606758
vt 0.807180 0.606293
vt 0.809641 0.609086
vt 0.809626 0.609558
vt 0.809673 0.608614
vt 0.809718 0.608151
vt 0.809754 0.607686
vt 0.809760 0.607209
vt 0.809734 0.606735
vt 0.809686 0.606274
vt 0.811861 0.609111
vt 0.811863 0.609588
vt 0.811861 0.608636
vt 0.811862 0.608172
vt 0.811863 0.607693
vt 0.811862 0.607189
vt 0.811858 0.606691
vt 0.811853 0.606222
vt 0.814306 0.609078
vt 0.814318 0.609551
vt 0.814272 0.608606
vt 0.814221 0.608142
vt 0.814177 0.607677
vt 0.814165 0.607201
vt 0.814191 0.606727
vt 0.814242 0.606265
vt 0.816828 0.609080
vt 0.816839 0.609552
vt 0.816807 0.608608
vt 0.816781 0.608140
vt 0.816761 0.607674
vt 0.816757 0.607208
vt 0.816769 0.606741
vt 0.816795 0.606275
vt 0.819386 0.609091
vt 0.819392 0.609565
vt 0.819374 0.608619
vt 0.819362 0.608148
vt 0.819353 0.607677
vt 0.819352 0.607207
vt 0.819359 0.606737
vt 0.819372 0.606266
vt 0.821904 0.609098
vt 0.821909 0.609572
vt 0.821895 0.608625
vt 0.821886 0.608152
vt 0.821880 0.607679
vt 0.821881 0.607206
vt 0.821888 0.606734
vt 0.821899 0.606262
vt 0.824382 0.609097
vt 0.824386 0.609571
vt 0.824372 0.608625
vt 0.824363 0.608154
vt 0.824359 0.607682
vt 0.824363 0.607210
vt 0.824372 0.606739
vt 0.824383 0.606265
vt 0.827139 0.609103
vt 0.827137 0.609577
vt 0.827142 0.608631
vt 0.827146 0.608159
vt 0.827149 0.607687
vt 0.827149 0.607215
vt 0.827148 0.606741
vt 0.827146 0.606269
vt 0.829434 0.609112
vt 0.829434 0.609585
vt 0.829435 0.608637
vt 0.829437 0.608162
vt 0.829440 0.607689
vt 0.829443 0.607217
vt 0.829443 0.606745
vt 0.829442 0.606272
vt 0.832145 0.609112
vt 0.832140 0.609586
vt 0.832154 0.608639
vt 0.832162 0.608166
vt 0.832165 0.607693
vt 0.832163 0.607220
vt 0.832156 0.606748
vt 0.832148 0.606275
vt 0.834546 0.609114
vt 0.834541 0.609589
vt 0.834554 0.608641
vt 0.834560 0.608168
vt 0.834563 0.607694
vt 0.834559 0.607220
vt 0.834551 0.606746
vt 0.834543 0.606272
vt 0.836960 0.609114
vt 0.836951 0.609587
vt 0.836967 0.608642
vt 0.836968 0.608168
vt 0.836963 0.607694
vt 0.836952 0.607220
vt 0.836942 0.606745
vt 0.836937 0.606269
vt 0.839559 0.609109
vt 0.839543 0.609581
vt 0.839567 0.608638
vt 0.839562 0.608165
vt 0.839546 0.607693
vt 0.839527 0.607221
vt 0.839514 0.606748
vt 0.839512 0.606273
vt 0.842060 0.609107
vt 0.842039 0.609576
vt 0.842071 0.608636
vt 0.842064 0.608162
vt 0.842044 0.607692
vt 0.842020 0.607223
vt 0.842004 0.606751
vt 0.842001 0.606277
vt 0.844390 0.609117
vt 0.844368 0.609582
vt 0.844400 0.608637
vt 0.844395 0.608158
vt 0.844377 0.607686
vt 0.844356 0.607220
vt 0.844345 0.606750
vt 0.844343 0.606275
vt 0.846687 0.609120
vt 0.846697 0.609592
vt 0.846679 0.608645
vt 0.846680 0.608163
vt 0.846687 0.607686
vt 0.846696 0.607213
vt 0.846702 0.606739
vt 0.846704 0.606266
vt 0.849077 0.609103
vt 0.849100 0.609571
vt 0.849063 0.608630
vt 0.849061 0.608157
vt 0.849077 0.607687
vt 0.849099 0.607217
vt 0.849115 0.606744
vt 0.849121 0.606270
vt 0.851712 0.609097
vt 0.851726 0.609568
vt 0.851703 0.608626
vt 0.851702 0.608154
vt 0.851709 0.607684
vt 0.851721 0.607213
vt 0.851731 0.606740
vt 0.851735 0.606266
vt 0.854219 0.609096
vt 0.854225 0.609569
vt 0.854214 0.608623
vt 0.854212 0.608151
vt 0.854212 0.607681
vt 0.854216 0.607210
vt 0.854221 0.606736
vt 0.854224 0.606263
vt 0.856653 0.609097
vt 0.856654 0.609570
vt 0.856649 0.608624
vt 0.856643 0.608151
vt 0.856638 0.607679
vt 0.856637 0.607205
vt 0.856640 0.606731
vt 0.856646 0.606257
vt 0.859334 0.609093
vt 0.859335 0.609565
vt 0.859328 0.608620
vt 0.859320 0.608148
vt 0.859312 0.607676
vt 0.859310 0.607202
vt 0.859312 0.606727
vt 0.859317 0.606255
vt 0.861876 0.609086
vt 0.861875 0.609559
vt 0.861869 0.608613
vt 0.861856 0.608143
vt 0.861844 0.607673
vt 0.861839 0.607200
vt 0.861842 0.606725
vt 0.861851 0.606254
vt 0.864195 0.609081
vt 0.864190 0.609553
vt 0.864191 0.608605
vt 0.864178 0.608139
vt 0.864166 0.607674
vt 0.864161 0.607204
vt 0.864163 0.606730
vt 0.864170 0.606257
vt 0.866329 0.609090
vt 0.866316 0.609561
vt 0.866336 0.608616
vt 0.866333 0.608144
vt 0.866326 0.607675
vt 0.866320 0.607207
vt 0.866318 0.606736
vt 0.866321 0.606271
vt 0.868867 0.609097
vt 0.868866 0.609573
vt 0.868876 0.608623
vt 0.868890 0.608154
vt 0.868901 0.607689
vt 0.868900 0.607219
vt 0.868895 0.606745
vt 0.868884 0.606278
vt 0.871285 0.609108
vt 0.871284 0.609579
vt 0.871293 0.608634
vt 0.871303 0.608163
vt 0.871310 0.607696
vt 0.871309 0.607224
vt 0.871305 0.606750
vt 0.871299 0.606279
vt 0.873739 0.609115
vt 0.873740 0.609586
vt 0.873744 0.608641
vt 0.873752 0.608168
vt 0.873758 0.607699
vt 0.873758 0.607228
vt 0.873756 0.606754
vt 0.873752 0.606282
vt 0.876226 0.609123
vt 0.876229 0.609593
vt 0.876228 0.608647
vt 0.876234 0.608174
vt 0.876241 0.607705
vt 0.876244 0.607229
vt 0.876244 0.606755
vt 0.876242 0.606283
vt 0.878742 0.609124
vt 0.878747 0.609595
vt 0.878742 0.608649
vt 0.878747 0.608176
vt 0.878755 0.607705
vt 0.878761 0.607234
vt 0.878763 0.606760
vt 0.878761 0.606287
vt 0.881226 0.609126
vt 0.881232 0.609598
vt 0.881226 0.608652
vt 0.881232 0.608179
vt 0.881242 0.607708
vt 0.881250 0.607236
vt 0.881252 0.606762
vt 0.881250 0.606289
vt 0.883685 0.609130
vt 0.883689 0.609602
vt 0.883687 0.608656
vt 0.883693 0.608183
vt 0.883701 0.607711
vt 0.883707 0.607238
vt 0.883708 0.606764
vt 0.883706 0.606290
vt 0.886222 0.609133
vt 0.886224 0.609606
vt 0.886224 0.608659
vt 0.886228 0.608186
vt 0.886233 0.607712
vt 0.886237 0.607241
vt 0.886238 0.606767
vt 0.886236 0.606293
vt 0.888810 0.609137
vt 0.888810 0.609610
vt 0.888811 0.608663
vt 0.888814 0.608189
vt 0.888818 0.607716
vt 0.888820 0.607242
vt 0.888820 0.606768
vt 0.888818 0.606294
vt 0.891420 0.609139
vt 0.891419 0.609613
vt 0.891421 0.608665
vt 0.891424 0.608191
vt 0.891426 0.607717
vt 0.891427 0.607243
vt 0.891426 0.606769
vt 0.891425 0.606295
vt 0.894037 0.609140
vt 0.894036 0.609614
vt 0.894038 0.608666
vt 0.894040 0.608192
vt 0.894042 0.607718
vt 0.894042 0.607244
vt 0.894041 0.606770
vt 0.894040 0.606296
vt 0.896654 0.609140
vt 0.896653 0.609614
vt 0.896655 0.608666
vt 0.896656 0.608192
vt 0.896658 0.607718
vt 0.896658 0.607244
vt 0.896656 0.606770
vt 0.896655 0.606296
vt 0.899268 0.609139
vt 0.899268 0.609613
vt 0.899269 0.608665
vt 0.899270 0.608191
vt 0.899271 0.607717
vt 0.899271 0.607243
vt 0.899270 0.606769
vt 0.899268 0.606295
vt 0.901882 0.609137
vt 0.901882 0.609611
vt 0.901882 0.608663
vt 0.901883 0.608189
vt 0.901884 0.607715
vt 0.901883 0.607241
vt 0.901882 0.606767
vt 0.901880 0.606293
vt 0.904495 0.609135
vt 0.904496 0.609609
vt 0.904495 0.608661
vt 0.904496 0.608187
vt 0.904496 0.607712
vt 0.904496 0.607238
vt 0.904495 0.606764
vt 0.904493 0.606290
vt 0.907110 0.609134
vt 0.907111 0.609608
vt 0.907109 0.608660
vt 0.907108 0.608185
vt 0.907109 0.607710
vt 0.907109 0.607235
vt 0.907109 0.606761
vt 0.907109 0.606286
vt 0.909723 0.609135
vt 0.909728 0.609609
vt 0.909718 0.608661
vt 0.909715 0.608186
vt 0.909714 0.607709
vt 0.909717 0.607232
vt 0.909722 0.606756
vt 0.909727 0.606281
vt 0.912320 0.609115
vt 0.912343 0.609588
vt 0.912289 0.608647
vt 0.912265 0.608180
vt 0.912263 0.607714
vt 0.912283 0.607247
vt 0.912316 0.606777
vt 0.912344 0.606305
vt 0.912355 0.605831
vt 0.909730 0.605807
vt 0.907108 0.605812
vt 0.904492 0.605816
vt 0.901879 0.605819
vt 0.899267 0.605821
vt 0.896653 0.605822
vt 0.894038 0.605822
vt 0.891423 0.605821
vt 0.888816 0.605820
vt 0.886233 0.605819
vt 0.883702 0.605817
vt 0.881245 0.605818
vt 0.878758 0.605817
vt 0.876239 0.605814
vt 0.873749 0.605814
vt 0.871294 0.605812
vt 0.868874 0.605813
vt 0.866331 0.605800
vt 0.864180 0.605791
vt 0.861859 0.605784
vt 0.859322 0.605783
vt 0.856650 0.605787
vt 0.854226 0.605790
vt 0.851734 0.605793
vt 0.849116 0.605800
vt 0.846700 0.605794
vt 0.844351 0.605808
vt 0.842008 0.605806
vt 0.839519 0.605800
vt 0.836938 0.605794
vt 0.834537 0.605798
vt 0.832143 0.605801
vt 0.829439 0.605798
vt 0.827146 0.605795
vt 0.824389 0.605791
vt 0.821907 0.605788
vt 0.819384 0.605793
vt 0.816821 0.605806
vt 0.814292 0.605803
vt 0.811847 0.605761
vt 0.809640 0.605813
vt 0.807154 0.605825
vt 0.804587 0.605819
vt 0.802046 0.605818
vt 0.799539 0.605825
vt 0.797042 0.605827
vt 0.794304 0.605826
vt 0.792001 0.605824
vt 0.789302 0.605821
vt 0.786955 0.605802
vt 0.784535 0.605816
vt 0.782041 0.605825
vt 0.779626 0.605829
vt 0.777107 0.605828
vt 0.774535 0.605826
vt 0.771945 0.605824
vt 0.769356 0.605822
vt 0.766778 0.605821
vt 0.764214 0.605820
vt 0.761763 0.605818
vt 0.759125 0.605818
vt 0.756585 0.605816
vt 0.754024 0.605814
vt 0.751428 0.605812
vt 0.748787 0.605811
vt 0.746376 0.605812
vt 0.743797 0.605815
vt 0.741246 0.605830
vt 0.738872 0.605853
vt 0.736457 0.605862
vt 0.733856 0.605830
vt 0.731506 0.605825
vt 0.728584 0.605824
vt 0.725923 0.605838
vt 0.723525 0.605862
vt 0.721250 0.605866
vt 0.718697 0.605830
vt 0.912482 0.593068
vt 0.909681 0.592987
vt 0.907171 0.592995
vt 0.904861 0.592972
vt 0.902189 0.592999
vt 0.899723 0.593002
vt 0.897128 0.592988
vt 0.894549 0.592979
vt 0.892083 0.592975
vt 0.889403 0.592976
vt 0.886920 0.592970
vt 0.884364 0.592977
vt 0.881771 0.592969
vt 0.879115 0.592965
vt 0.876711 0.592955
vt 0.873969 0.592952
vt 0.871600 0.592960
vt 0.869010 0.592985
vt 0.866570 0.593006
vt 0.864250 0.592972
vt 0.861951 0.592936
vt 0.859466 0.592925
vt 0.856925 0.592918
vt 0.854384 0.592914
vt 0.851931 0.592917
vt 0.849438 0.592917
vt 0.846932 0.592918
vt 0.844436 0.592920
vt 0.842132 0.592924
vt 0.839522 0.592926
vt 0.836981 0.592923
vt 0.834406 0.592922
vt 0.832015 0.592935
vt 0.829520 0.592942
vt 0.827019 0.592947
vt 0.824512 0.592952
vt 0.822027 0.592962
vt 0.819629 0.592984
vt 0.817085 0.592997
vt 0.814560 0.593009
vt 0.811957 0.592987
vt 0.809699 0.592998
vt 0.807047 0.593000
vt 0.804466 0.592996
vt 0.802015 0.592992
vt 0.799356 0.592990
vt 0.796692 0.592995
vt 0.794241 0.593000
vt 0.791765 0.592999
vt 0.788998 0.592995
vt 0.786500 0.592997
vt 0.783935 0.592998
vt 0.781364 0.592997
vt 0.778804 0.592997
vt 0.776384 0.592998
vt 0.773818 0.593000
vt 0.771135 0.593004
vt 0.768542 0.593006
vt 0.765944 0.593012
vt 0.763401 0.593024
vt 0.761122 0.593043
vt 0.758522 0.593057
vt 0.756109 0.593044
vt 0.753950 0.593046
vt 0.751589 0.593029
vt 0.749011 0.593007
vt 0.746459 0.592993
vt 0.743950 0.592983
vt 0.741479 0.592978
vt 0.738796 0.592973
vt 0.736453 0.592963
vt 0.733850 0.592946
vt 0.731480 0.592943
vt 0.729002 0.592940
vt 0.726475 0.592940
vt 0.723881 0.592944
vt 0.721322 0.592941
vt 0.718871 0.592933
vt 0.716500 0.592914
vt 0.713552 0.592927
vt 0.710860 0.592943
vt 0.707986 0.592992
vt 0.705692 0.596725
vt 0.912518 0.596702
vt 0.715883 0.605848
vt 0.912393 0.593527
vt 0.912300 0.593972
vt 0.912247 0.594419
vt 0.912268 0.594863
vt 0.912351 0.595307
vt 0.912450 0.595761
vt 0.912515 0.596229
vn 0.899851 0.260931 -0.349548
vn 0.309733 0.253374 -0.916443
vn 0.318835 0.155723 -0.934930
vn 0.911237 0.001986 -0.411878
vn -0.473225 0.080179 -0.877285
vn -0.444160 0.202437 -0.872778
vn -0.923529 -0.120360 -0.364153
vn -0.931744 0.134071 -0.337459
vn -0.925484 -0.253336 0.281602
vn -0.933689 -0.004248 0.358061
vn -0.480828 -0.272654 0.833346
vn -0.450753 -0.146138 0.880605
vn 0.299688 -0.131089 0.944988
vn 0.308948 -0.214039 0.926682
vn 0.896083 0.099407 0.432612
vn 0.905840 -0.157735 0.393158
vn 0.337918 0.030310 -0.940687
vn 0.852564 -0.276210 -0.443669
vn -0.375832 0.314770 -0.871591
vn -0.860580 0.411166 -0.300573
vn -0.858615 0.275739 0.432144
vn -0.373776 -0.016616 0.927370
vn 0.336166 -0.305416 0.890906
vn 0.850793 -0.415915 0.321195
vn 0.363001 -0.005082 -0.931775
vn 0.854148 -0.290752 -0.431155
vn -0.348277 0.288586 -0.891864
vn -0.854984 0.411919 -0.315160
vn -0.844546 0.286545 0.452364
vn -0.326432 -0.009957 0.945168
vn 0.379163 -0.296575 0.876515
vn 0.858980 -0.409136 0.307832
vn 0.400911 0.042057 -0.915151
vn 0.909533 -0.121227 -0.397561
vn -0.353644 0.187013 -0.916494
vn -0.909267 0.221844 -0.352163
vn -0.889772 0.115074 0.441660
vn -0.313978 -0.061961 0.947406
vn 0.431349 -0.195765 0.880690
vn 0.919621 -0.216719 0.327614
vn 0.399131 0.131096 -0.907474
vn 0.918154 0.146258 -0.368242
vn -0.365853 0.038094 -0.929893
vn -0.920809 -0.081313 -0.381443
vn -0.900034 -0.150393 0.409048
vn -0.324010 -0.126214 0.937597
vn 0.429751 -0.029526 0.902465
vn 0.927642 0.080857 0.364614
vn 0.379482 0.170872 -0.909283
vn 0.875980 0.321977 -0.359152
vn -0.348715 -0.083890 -0.933467
vn -0.873405 -0.291208 -0.390335
vn -0.862002 -0.319877 0.393232
vn -0.329648 -0.155151 0.931268
vn 0.386688 0.096897 0.917106
vn 0.875524 0.290592 0.386023
vn 0.373078 0.168448 -0.912381
vn 0.833431 0.419892 -0.359282
vn -0.313761 -0.185983 -0.931109
vn -0.815311 -0.430486 -0.387234
vn -0.822544 -0.414018 0.389885
vn -0.340520 -0.151570 0.927940
vn 0.333217 0.195430 0.922374
vn 0.813112 0.428931 0.393531
vn 0.388651 0.133023 -0.911732
vn 0.809067 0.463690 -0.361113
vn -0.267682 -0.280015 -0.921921
vn -0.763752 -0.524939 -0.375663
vn -0.799807 -0.454081 0.392580
vn -0.366451 -0.117579 0.922978
vn 0.273422 0.283430 0.919189
vn 0.756558 0.522522 0.393182
vn 0.432617 0.061408 -0.899484
vn 0.810692 0.463835 -0.357262
vn -0.209713 -0.380715 -0.900598
vn -0.723465 -0.591132 -0.356596
vn -0.802627 -0.448313 0.393452
vn -0.417514 -0.048283 0.907387
vn 0.201553 0.376554 0.904204
vn 0.708283 0.589389 0.388529
vn 0.502647 -0.048788 -0.863114
vn 0.842841 0.418569 -0.338259
vn -0.146447 -0.487626 -0.860682
vn -0.701623 -0.627507 -0.337582
vn -0.837389 -0.397274 0.375436
vn -0.496480 0.055412 0.866278
vn 0.121163 0.475854 0.871138
vn 0.675703 0.630456 0.382035
vn 0.589228 -0.199697 -0.782900
vn 0.904902 0.319078 -0.281677
vn -0.090174 -0.593889 -0.799478
vn -0.705545 -0.624660 -0.334674
vn -0.902402 -0.294890 0.314183
vn -0.594517 0.195004 0.780079
vn 0.043606 0.578328 0.814638
vn 0.666843 0.637981 0.385099
vn 0.652283 -0.345006 -0.674905
vn 0.962134 0.194916 -0.190543
vn -0.057276 -0.669335 -0.740749
vn -0.720925 -0.589527 -0.364316
vn -0.961271 -0.175017 0.212904
vn -0.666959 0.332293 0.666894
vn 0.000165 0.657908 0.753098
vn 0.679312 0.610649 0.406992
vn 0.685170 -0.480754 -0.547191
vn 0.996352 0.055099 -0.065168
vn -0.040524 -0.720083 -0.692704
vn -0.731160 -0.531721 -0.427407
vn -0.996034 -0.044134 0.077254
vn -0.704005 0.465626 0.536255
vn -0.012910 0.717130 0.696820
vn 0.696842 0.554826 0.454510
vn 0.689057 -0.560326 -0.459603
vn 0.998662 -0.041526 0.030808
vn -0.031515 -0.740316 -0.671520
vn -0.725966 -0.484912 -0.487683
vn -0.998623 0.045255 -0.026545
vn -0.705397 0.548603 0.448832
vn -0.006333 0.741531 0.670889
vn 0.704490 0.501593 0.502093
vn 0.683967 -0.606196 -0.405851
vn 0.988980 -0.109046 0.100140
vn -0.023716 -0.742554 -0.669366
vn -0.713022 -0.445644 -0.541295
vn -0.989049 0.106592 -0.102078
vn -0.696684 0.598023 0.396233
vn 0.001749 0.744880 0.667196
vn 0.703701 0.453675 0.546795
vn 0.679165 -0.623705 -0.386946
vn 0.978339 -0.151381 0.141200
vn -0.016321 -0.727939 -0.685447
vn -0.699089 -0.410218 -0.585659
vn -0.978434 0.143467 -0.148609
vn -0.692370 0.615925 0.375847
vn 0.000757 0.730325 0.683099
vn 0.696623 0.412478 0.587008
vn 0.678554 -0.619858 -0.394133
vn 0.968011 -0.186460 0.167894
vn -0.001834 -0.690470 -0.723359
vn -0.678519 -0.365496 -0.637200
vn -0.967841 0.169999 -0.185428
vn -0.696254 0.610617 0.377329
vn -0.010471 0.693112 0.720754
vn 0.684054 0.360939 0.633872
vn 0.687747 -0.574058 -0.444366
vn 0.958917 -0.222677 0.175768
vn 0.034312 -0.594644 -0.803256
vn -0.635495 -0.286304 -0.717061
vn -0.955820 0.188472 -0.225578
vn -0.719749 0.562910 0.406318
vn -0.043793 0.601281 0.797836
vn 0.660998 0.270075 0.700101
vn 0.734324 -0.338812 -0.588196
vn 0.958037 -0.256380 0.128197
vn 0.149940 -0.239213 -0.959320
vn -0.497120 -0.016346 -0.867528
vn -0.919801 0.232013 -0.316442
vn -0.809243 0.365313 0.460078
vn -0.156176 0.278044 0.947787
vn 0.601404 0.003970 0.798935
vn 0.847028 0.162811 -0.506001
vn 0.957965 -0.276945 0.074871
vn 0.329358 0.494146 -0.804576
vn -0.330598 0.592542 -0.734574
vn -0.863089 0.405729 -0.300769
vn -0.941932 -0.032641 0.334213
vn -0.378141 -0.490729 0.784980
vn 0.484340 -0.584166 0.651279
vn 0.903911 0.408103 -0.128055
vn 0.939088 -0.342772 0.024931
vn 0.393947 0.895794 -0.205813
vn -0.295507 0.937079 -0.185898
vn -0.863418 0.499238 -0.072602
vn -0.962506 -0.257992 0.083803
vn -0.446398 -0.876391 0.180741
vn 0.375231 -0.913297 0.158399
vn 0.919461 0.379979 0.101037
vn 0.926381 -0.360964 -0.107345
vn 0.401789 0.882253 0.245348
vn -0.316982 0.912951 0.256987
vn -0.878770 0.459081 0.130415
vn -0.958957 -0.273232 -0.075804
vn -0.450356 -0.859097 -0.243171
vn 0.355426 -0.898667 -0.257040
vn 0.929564 0.308987 0.201090
vn 0.916689 -0.322959 -0.235325
vn 0.413109 0.752461 0.512975
vn -0.324954 0.777213 0.538836
vn -0.888886 0.372523 0.266663
vn -0.952888 -0.254311 -0.165320
vn -0.443188 -0.739103 -0.507259
vn 0.346005 -0.768964 -0.537564
vn 0.935409 0.259794 0.239826
vn 0.910641 -0.283210 -0.300872
vn 0.421610 0.646779 0.635548
vn -0.326870 0.666484 0.670041
vn -0.893715 0.309032 0.325228
vn -0.949266 -0.231750 -0.212568
vn -0.439135 -0.640337 -0.630182
vn 0.340128 -0.662287 -0.667599
vn 0.938812 0.225886 0.260015
vn 0.906933 -0.252927 -0.336898
vn 0.426824 0.570356 0.701794
vn -0.327699 0.587129 0.740198
vn -0.896327 0.267077 0.353932
vn -0.947262 -0.210808 -0.241360
vn -0.437156 -0.567144 -0.698028
vn 0.336418 -0.584865 -0.738076
vn 0.940674 0.202238 0.272456
vn 0.904868 -0.231880 -0.356996
vn 0.429752 0.516741 0.740468
vn -0.328004 0.532484 0.780304
vn -0.897677 0.240516 0.369226
vn -0.946223 -0.193260 -0.259448
vn -0.436170 -0.514961 -0.737951
vn 0.334310 -0.531064 -0.778594
vn 0.941689 0.184994 0.281067
vn 0.903739 -0.217787 -0.368544
vn 0.431325 0.478662 0.764749
vn -0.328128 0.494654 0.804767
vn -0.898412 0.223682 0.377918
vn -0.945674 -0.179011 -0.271397
vn -0.435650 -0.477569 -0.762979
vn 0.333141 -0.493661 -0.803315
vn 0.942033 0.170966 0.288696
vn 0.903332 -0.205961 -0.376260
vn 0.431835 0.447084 0.783349
vn -0.328137 0.463561 0.823066
vn -0.898591 0.210836 0.384815
vn -0.945604 -0.165956 -0.279806
vn -0.435755 -0.446179 -0.781692
vn 0.332555 -0.462784 -0.821729
vn 0.941957 0.157549 0.296471
vn 0.903417 -0.192734 -0.383003
vn 0.431782 0.414854 0.800912
vn -0.327874 0.431366 0.840489
vn -0.898343 0.197559 0.392366
vn -0.945848 -0.152485 -0.286565
vn -0.436221 -0.413900 -0.798998
vn 0.332395 -0.430635 -0.839087
vn 0.941583 0.143357 0.304746
vn 0.903862 -0.176818 -0.389576
vn 0.431339 0.378760 0.818833
vn -0.327364 0.394712 0.858508
vn -0.897769 0.182093 0.401064
vn -0.946315 -0.137732 -0.292433
vn -0.436925 -0.377687 -0.816364
vn 0.332608 -0.393972 -0.856830
vn 0.940846 0.125544 0.314718
vn 0.904717 -0.155171 -0.396749
vn 0.430432 0.331739 0.839451
vn -0.326567 0.346347 0.879431
vn -0.896768 0.161141 0.412117
vn -0.947085 -0.119089 -0.298073
vn -0.438003 -0.330529 -0.836005
vn 0.333162 -0.345613 -0.877242
vn 0.939316 0.100877 0.327888
vn 0.906476 -0.123494 -0.403795
vn 0.428528 0.264877 0.863831
vn -0.325027 0.276876 0.904266
vn -0.894818 0.130300 0.426993
vn -0.948536 -0.093413 -0.302577
vn -0.439944 -0.263669 -0.858445
vn 0.334464 -0.276323 -0.900988
vn 0.936204 0.058516 0.346551
vn 0.910018 -0.069575 -0.408690
vn 0.424745 0.151220 0.892594
vn -0.322107 0.158101 0.933408
vn -0.890980 0.075556 0.447712
vn -0.951344 -0.051907 -0.303728
vn -0.443719 -0.150146 -0.883499
vn 0.337320 -0.157656 -0.928095
vn 0.935889 0.006460 0.352235
vn 0.910397 -0.006982 -0.413677
vn 0.424378 0.016055 0.905343
vn -0.321876 0.016766 0.946633
vn -0.890606 0.008245 0.454702
vn -0.951646 -0.005108 -0.307154
vn -0.444181 -0.015482 -0.895804
vn 0.337652 -0.016280 -0.941130
vn 0.940194 -0.035859 0.338747
vn 0.905334 0.045329 -0.422275
vn 0.429482 -0.095457 0.898016
vn -0.325935 -0.099941 0.940095
vn -0.895922 -0.046839 0.441735
vn -0.947690 0.034128 -0.317363
vn -0.438876 0.095673 -0.893440
vn 0.333441 0.100375 -0.937412
vn 0.945715 -0.041180 0.322379
vn 0.898502 0.055342 -0.435467
vn 0.436344 -0.113828 0.892551
vn -0.331409 -0.119355 0.935907
vn -0.902836 -0.054449 0.426525
vn -0.942265 0.042193 -0.332199
vn -0.432005 0.113814 -0.894661
vn 0.327961 0.119221 -0.937138
vn 0.948987 -0.018132 0.314793
vn 0.894334 0.025517 -0.446672
vn 0.440691 -0.051516 0.896180
vn -0.334878 -0.054075 0.940709
vn -0.907003 -0.024193 0.420429
vn -0.938907 0.019614 -0.343612
vn -0.428015 0.051605 -0.902297
vn 0.324771 0.054004 -0.944250
vn 0.949315 0.015154 0.313960
vn 0.893811 -0.021671 -0.447920
vn 0.441070 0.043246 0.896430
vn -0.335186 0.045397 0.941058
vn -0.907415 0.020261 0.419748
vn -0.938490 -0.016685 -0.344902
vn -0.427460 -0.043703 -0.902978
vn 0.324343 -0.045733 -0.944834
vn 0.950649 0.054201 0.305496
vn 0.891877 -0.079663 -0.445207
vn 0.442748 0.157047 0.882786
vn -0.336523 0.164940 0.927118
vn -0.909109 0.072850 0.410139
vn -0.936934 -0.061617 -0.344033
vn -0.425517 -0.159154 -0.890845
vn 0.322819 -0.166442 -0.931711
vn 0.955101 0.104919 0.277083
vn 0.884744 -0.168358 -0.434608
vn 0.448267 0.318392 0.835274
vn -0.340892 0.334851 0.878446
vn -0.914760 0.143454 0.377672
vn -0.931198 -0.131920 -0.339805
vn -0.418370 -0.327022 -0.847362
vn 0.317096 -0.341414 -0.884809
vn 0.963014 0.170460 0.208680
vn 0.872409 -0.310839 -0.377204
vn 0.460166 0.559545 0.689316
vn -0.351876 0.588680 0.727763
vn -0.926030 0.235493 0.294976
vn -0.920762 -0.251686 -0.298081
vn -0.407972 -0.583294 -0.702372
vn 0.307414 -0.606347 -0.733376
vn 0.963772 0.261868 0.050680
vn 0.865199 -0.457373 -0.205524
vn 0.452523 0.845476 0.283537
vn -0.372939 0.867626 0.328849
vn -0.935131 0.316916 0.158410
vn -0.912168 -0.397114 -0.101243
vn -0.403993 -0.865273 -0.296804
vn 0.298087 -0.892419 -0.338720
vn 0.938294 0.294081 -0.181992
vn 0.876449 -0.476790 -0.067145
vn 0.395766 0.899300 -0.186090
vn -0.410616 0.909294 -0.067666
vn -0.936138 0.339781 0.090525
vn -0.894644 -0.405611 0.187331
vn -0.380651 -0.906975 0.180282
vn 0.322444 -0.943196 0.080065
vn 0.869259 0.211692 -0.446739
vn 0.889514 -0.455751 -0.032488
vn 0.292232 0.756564 -0.584988
vn -0.471171 0.811568 -0.345479
vn -0.925837 0.364244 0.100763
vn -0.836333 -0.276793 0.473214
vn -0.302864 -0.753880 0.583042
vn 0.391478 -0.835539 0.385512
vn 0.775347 0.066203 -0.628056
vn 0.885248 -0.461158 -0.060566
vn 0.178266 0.558221 -0.810315
vn -0.528287 0.697681 -0.483895
vn -0.902286 0.411520 0.128578
vn -0.751357 -0.103311 0.651759
vn -0.193095 -0.553697 0.810021
vn 0.472504 -0.705710 0.527932
vn 0.700476 -0.049185 -0.711979
vn 0.882838 -0.461548 -0.087009
vn 0.094064 0.396214 -0.913327
vn -0.570262 0.601240 -0.559743
vn -0.887338 0.443328 0.126851
vn -0.682792 0.028400 0.730061
vn -0.092782 -0.398529 0.912450
vn 0.549304 -0.600951 0.580623
vn 0.676411 -0.086479 -0.731430
vn 0.897678 -0.431769 -0.088031
vn 0.054726 0.312270 -0.948416
vn -0.602490 0.526392 -0.599932
vn -0.898673 0.425293 0.107301
vn -0.661107 0.072905 0.746742
vn -0.040668 -0.319270 0.946791
vn 0.600244 -0.526290 0.602267
vn 0.682075 -0.070701 -0.727857
vn 0.924632 -0.373105 -0.076477
vn 0.041489 0.274827 -0.960598
vn -0.628320 0.460469 -0.627043
vn -0.924767 0.371389 0.082920
vn -0.667760 0.060455 0.741918
vn -0.018171 -0.284155 0.958606
vn 0.637183 -0.461266 0.617439
vn 0.702421 -0.014102 -0.711622
vn 0.955969 -0.287977 -0.056501
vn 0.043457 0.269704 -0.961962
vn -0.647540 0.398011 -0.649830
vn -0.955809 0.289029 0.053773
vn -0.688169 0.005782 0.725527
vn -0.011435 -0.279163 0.960176
vn 0.665445 -0.398098 0.631428
vn 0.724875 0.075805 -0.684696
vn 0.983272 -0.179997 -0.027867
vn 0.051732 0.290093 -0.955599
vn -0.659672 0.337590 -0.671466
vn -0.982880 0.183353 0.018144
vn -0.710582 -0.082566 0.698754
vn -0.012203 -0.297191 0.954740
vn 0.685299 -0.334581 0.646855
vn 0.738730 0.197570 -0.644394
vn 0.998752 -0.048231 0.012946
vn 0.058894 0.333124 -0.941042
vn -0.664316 0.276653 -0.694369
vn -0.998171 0.053502 -0.028148
vn -0.724754 -0.203223 0.658356
vn -0.013883 -0.335292 0.942012
vn 0.695941 -0.267925 0.666245
vn 0.733669 0.318321 -0.600334
vn 0.995549 0.073618 0.058848
vn 0.054139 0.383434 -0.921980
vn -0.664708 0.226482 -0.711947
vn -0.994915 -0.067564 -0.074691
vn -0.723251 -0.322094 0.610871
vn -0.015738 -0.381043 0.924423
vn 0.693318 -0.214275 0.688039
vn 0.714987 0.420564 -0.558497
vn 0.980302 0.169505 0.101373
vn 0.040529 0.431954 -0.900984
vn -0.662967 0.192665 -0.723433
vn -0.979819 -0.162983 -0.115718
vn -0.709419 -0.422326 0.564239
vn -0.013752 -0.427559 0.903883
vn 0.684683 -0.179990 0.706267
vn 0.693742 0.493574 -0.524506
vn 0.963856 0.231252 0.132300
vn 0.025211 0.472760 -0.880831
vn -0.661758 0.177624 -0.728372
vn -0.963584 -0.224246 -0.145671
vn -0.691904 -0.494102 0.526433
vn -0.006946 -0.468515 0.883428
vn 0.678465 -0.165842 0.715669
vn 0.670675 0.554796 -0.492337
vn 0.948545 0.275319 0.156402
vn 0.007061 0.514806 -0.857278
vn -0.663177 0.176627 -0.727323
vn -0.948517 -0.267184 -0.170085
vn -0.672187 -0.554451 0.490662
vn 0.005011 -0.511370 0.859346
vn 0.676791 -0.165385 0.717357
vn 0.648437 0.603925 -0.463470
vn 0.937662 0.302302 0.171474
vn -0.013269 0.557305 -0.830202
vn -0.668939 0.189057 -0.718872
vn -0.937992 -0.291658 -0.187367
vn -0.653689 -0.602483 0.457935
vn 0.020943 -0.554832 0.831699
vn 0.681538 -0.177352 0.709966
vn 0.623850 0.650964 -0.432501
vn 0.931152 0.317691 0.178966
vn -0.040576 0.608562 -0.792468
vn -0.682257 0.217072 -0.698145
vn -0.932230 -0.302509 -0.198582
vn -0.634671 -0.647577 0.421708
vn 0.043046 -0.607590 0.793083
vn 0.694443 -0.204313 0.689932
vn 0.595158 0.698907 -0.396631
vn 0.931506 0.319965 0.172971
vn -0.078945 0.674546 -0.733999
vn -0.707118 0.267736 -0.654447
vn -0.934424 -0.295165 -0.199325
vn -0.616278 -0.690985 0.377811
vn 0.073826 -0.675745 0.733429
vn 0.720183 -0.252086 0.646367
vn 0.562836 0.750340 -0.346708
vn 0.940230 0.307125 0.147114
vn -0.129834 0.760443 -0.636293
vn -0.746761 0.345160 -0.568518
vn -0.946565 -0.268308 -0.178955
vn -0.597806 -0.734627 0.320860
vn 0.115769 -0.764457 0.634195
vn 0.761349 -0.326029 0.560404
vn 0.540518 0.791154 -0.286210
vn 0.954228 0.279955 0.105230
vn -0.175900 0.842904 -0.508500
vn -0.789441 0.422802 -0.444996
vn -0.962431 -0.238029 -0.130649
vn -0.579886 -0.770742 0.263987
vn 0.156418 -0.848417 0.505690
vn 0.801152 -0.406761 0.438977
vn 0.537683 0.804995 -0.250759
vn 0.969257 0.241340 0.047910
vn -0.202059 0.893776 -0.400420
vn -0.821149 0.472104 -0.320674
vn -0.974168 -0.218030 -0.058815
vn -0.567581 -0.787972 0.238645
vn 0.177448 -0.899914 0.398329
vn 0.821547 -0.471997 0.319812
vn 0.558467 0.768189 -0.313050
vn 0.983673 0.179003 -0.018596
vn -0.206003 0.886401 -0.414555
vn -0.841012 0.471142 -0.265939
vn -0.975510 -0.216246 0.040223
vn -0.552301 -0.769315 0.321120
vn 0.174286 -0.889713 0.421944
vn 0.810807 -0.510271 0.286732
vn 0.600163 0.555966 -0.575071
vn 0.994895 0.072077 -0.070635
vn -0.210341 0.680814 -0.701605
vn -0.869737 0.346809 -0.351115
vn -0.961345 -0.181034 0.207466
vn -0.523534 -0.580357 0.623778
vn 0.161742 -0.675793 0.719127
vn 0.779251 -0.427990 0.457813
vn 0.575888 0.055013 -0.815675
vn 0.989806 -0.070916 -0.123511
vn -0.246206 0.141847 -0.958782
vn -0.882979 0.131566 -0.450598
vn -0.950984 0.035248 0.307225
vn -0.506947 -0.077639 0.858474
vn 0.170521 -0.150514 0.973791
vn 0.780302 -0.153066 0.606382
vn 0.487902 -0.443202 -0.752013
vn 0.956738 -0.264335 -0.121569
vn -0.304100 -0.333205 -0.892467
vn -0.888181 -0.013139 -0.459306
vn -0.925059 0.299469 0.233632
vn -0.460051 0.435772 0.773599
vn 0.234000 0.344805 0.909040
vn 0.821718 0.067080 0.565933
vn 0.399117 -0.715397 -0.573509
vn 0.907958 -0.416540 -0.045899
vn -0.362054 -0.565268 -0.741208
vn -0.890708 -0.069144 -0.449286
vn -0.884872 0.454989 0.099934
vn -0.389142 0.714455 0.581483
vn 0.314070 0.585943 0.747015
vn 0.855662 0.129220 0.501143
vn 0.323310 -0.858255 -0.398584
vn 0.860748 -0.506704 0.048619
vn -0.414130 -0.682846 -0.601845
vn -0.893829 -0.095189 -0.438189
vn -0.842485 0.538345 -0.020101
vn -0.316114 0.858595 0.403591
vn 0.384715 0.700157 0.601477
vn 0.875493 0.143805 0.461337
vn 0.270638 -0.923782 -0.270892
vn 0.829860 -0.545300 0.118240
vn -0.455549 -0.739419 -0.495717
vn -0.901270 -0.109441 -0.419207
vn -0.811444 0.576227 -0.097580
vn -0.260873 0.925238 0.275463
vn 0.434097 0.754083 0.492868
vn 0.888473 0.153601 0.432461
vn 0.213339 -0.969013 -0.124501
vn 0.801289 -0.566551 0.192240
vn -0.507457 -0.779883 -0.366428
vn -0.915443 -0.118815 -0.384508
vn -0.778197 0.602899 -0.175849
vn -0.199714 0.971196 0.129972
vn 0.487754 0.794624 0.361482
vn 0.905202 0.167727 0.390483
vn 0.155093 -0.987098 0.039804
vn 0.776853 -0.569378 0.268901
vn -0.566282 -0.795566 -0.215406
vn -0.934327 -0.117330 -0.336552
vn -0.742858 0.618188 -0.256916
vn -0.134466 0.990345 -0.033707
vn 0.543873 0.813402 0.206348
vn 0.925309 0.180711 0.333386
vn 0.085706 -0.961067 0.262686
vn 0.751316 -0.550728 0.363626
vn -0.639241 -0.768991 -0.004937
vn -0.958508 -0.099511 -0.267132
vn -0.700191 0.613469 -0.365223
vn -0.055582 0.964910 -0.256630
vn 0.612626 0.790302 -0.010554
vn 0.952977 0.179686 0.244025
vn 0.021691 -0.858733 0.511964
vn 0.727206 -0.506498 0.463282
vn -0.704913 -0.668836 0.236126
vn -0.980931 -0.061172 -0.184479
vn -0.666091 0.567382 -0.484149
vn 0.012639 0.862734 -0.505499
vn 0.677181 0.690550 -0.254099
vn 0.980350 0.139658 0.139317
vn -0.019389 -0.708292 0.705654
vn 0.703206 -0.455880 0.545596
vn -0.734584 -0.524274 0.430724
vn -0.994118 -0.019457 -0.106545
vn -0.659504 0.489158 -0.570770
vn 0.043372 0.711118 -0.701734
vn 0.716560 0.538395 -0.443479
vn 0.995848 0.064052 0.064685
vn -0.032955 -0.601974 0.797835
vn 0.690022 -0.420168 0.589346
vn -0.738640 -0.421384 0.526163
vn -0.998088 0.011917 -0.060657
vn -0.666121 0.434520 -0.606198
vn 0.046509 0.602594 -0.796691
vn 0.729551 0.427736 -0.533664
vn 0.999350 0.008198 0.035119
vn -0.037270 -0.542590 0.839171
vn 0.682695 -0.401402 0.610577
vn -0.736395 -0.362633 0.571156
vn -0.998895 0.031796 -0.034610
vn -0.673209 0.406231 -0.617873
vn 0.043417 0.542610 -0.838862
vn 0.733572 0.364509 -0.573589
vn 0.999384 -0.025088 0.024535
vn -0.040316 -0.534684 0.844090
vn 0.676296 -0.404850 0.615402
vn -0.733333 -0.353039 0.581021
vn -0.999149 0.035035 -0.021761
vn -0.679447 0.403257 -0.612972
vn 0.040347 0.534553 -0.844172
vn 0.736295 0.351148 -0.578415
vn 0.998901 -0.038387 0.026879
vn -0.046588 -0.591996 0.804593
vn 0.664154 -0.442850 0.602315
vn -0.728162 -0.406609 0.551770
vn -0.999776 0.011669 -0.017654
vn -0.689642 0.427659 -0.584381
vn 0.036315 0.590255 -0.806400
vn 0.741745 0.396055 -0.541254
vn 0.998209 -0.035726 0.047983
vn -0.048005 -0.784816 0.617867
vn 0.639568 -0.568951 0.516960
vn -0.700954 -0.593781 0.395078
vn -0.995582 -0.080807 -0.047822
vn -0.719498 0.499163 -0.482865
vn 0.015339 0.776886 -0.629454
vn 0.744915 0.553808 -0.372019
vn 0.992886 -0.021782 0.117061
vn 0.020244 -0.980349 0.196228
vn 0.665706 -0.694521 0.272904
vn -0.626506 -0.779015 0.025019
vn -0.971938 -0.168214 -0.164441
vn -0.772804 0.572993 -0.272861
vn -0.060044 0.975617 -0.211107
vn 0.703130 0.711060 -0.001086
vn 0.979224 -0.014162 0.202288
vn 0.166024 -0.918706 -0.358350
vn 0.763478 -0.640780 -0.080637
vn -0.511246 -0.731106 -0.451788
vn -0.940236 -0.147859 -0.306748
vn -0.834443 0.550311 0.029376
vn -0.185575 0.913540 0.361949
vn 0.589755 0.667905 0.453974
vn 0.967067 0.000053 0.254523
vn 0.269406 -0.658959 -0.702278
vn 0.841185 -0.440188 -0.314072
vn -0.444967 -0.531239 -0.720964
vn -0.934158 -0.106226 -0.340682
vn -0.881018 0.396001 0.258825
vn -0.265472 0.654983 0.707476
vn 0.520269 0.491253 0.698564
vn 0.965760 0.026157 0.258115
vn 0.308867 -0.407785 -0.859251
vn 0.877566 -0.219495 -0.426263
vn -0.434197 -0.372934 -0.819996
vn -0.943489 -0.123228 -0.307642
vn -0.892168 0.205104 0.402453
vn -0.285552 0.407051 0.867623
vn 0.492351 0.355986 0.794270
vn 0.963925 0.092522 0.249576
vn 0.321792 -0.311894 -0.893964
vn 0.889921 -0.061561 -0.451940
vn -0.444130 -0.379177 -0.811772
vn -0.947668 -0.216517 -0.234617
vn -0.870099 0.079597 0.486407
vn -0.273074 0.325381 0.905294
vn 0.470008 0.380510 0.796432
vn 0.944446 0.222257 0.242123
vn 0.384867 -0.443564 -0.809400
vn 0.899565 0.019978 -0.436330
vn -0.392565 -0.627925 -0.672014
vn -0.912732 -0.398251 -0.091191
vn -0.845310 0.083045 0.527783
vn -0.298316 0.499130 0.813558
vn 0.384148 0.641978 0.663546
vn 0.871591 0.459529 0.170770
vn 0.552850 -0.673617 -0.490508
vn 0.912510 0.033765 -0.407658
vn -0.195044 -0.951101 -0.239510
vn -0.800329 -0.574160 0.172667
vn -0.875554 0.142844 0.461521
vn -0.461592 0.744164 0.482859
vn 0.171381 0.949915 0.261323
vn 0.725105 0.682751 -0.089855
vn 0.677187 -0.721691 -0.143460
vn 0.928400 -0.012020 -0.371389
vn -0.002376 -0.983799 0.179262
vn -0.678504 -0.623811 0.387933
vn -0.926402 0.111595 0.359619
vn -0.636043 0.760622 0.130014
vn -0.010495 0.986612 -0.162747
vn 0.626077 0.686631 -0.369547
vn 0.740211 -0.671405 0.036097
vn 0.939704 -0.023412 -0.341186
vn 0.085937 -0.914651 0.395005
vn -0.619949 -0.595749 0.510633
vn -0.944765 0.077057 0.318562
vn -0.718080 0.693879 -0.053795
vn -0.092437 0.915481 -0.391600
vn 0.586251 0.627719 -0.512131
vn 0.779186 -0.610667 0.141260
vn 0.943423 -0.019526 -0.331018
vn 0.138185 -0.835412 0.531970
vn -0.586868 -0.547673 0.596356
vn -0.951170 0.065733 0.301588
vn -0.758495 0.630815 -0.163580
vn -0.142005 0.835014 -0.531589
vn 0.554611 0.573324 -0.603081
vn 0.827347 -0.500539 0.254869
vn 0.940747 -0.009622 -0.338974
vn 0.199509 -0.688444 0.697309
vn -0.552773 -0.446396 0.703685
vn -0.958003 0.064028 0.279519
vn -0.797987 0.524052 -0.297635
vn -0.202153 0.685477 -0.699468
vn 0.503589 0.474089 -0.722245
vn 0.890054 -0.279165 0.360375
vn 0.923503 -0.010980 -0.383434
vn 0.272504 -0.378944 0.884389
vn -0.526289 -0.226348 0.819626
vn -0.971100 0.059946 0.231024
vn -0.835543 0.291797 -0.465535
vn -0.274955 0.360475 -0.891324
vn 0.422135 0.244539 -0.872928
vn 0.923067 0.124112 0.364066
vn 0.913859 -0.058956 -0.401729
vn 0.310101 0.237479 0.920566
vn -0.520712 0.186823 0.833041
vn -0.977381 0.022701 0.210263
vn -0.855705 -0.144114 -0.496991
vn -0.307525 -0.230113 -0.923297
vn 0.390457 -0.197796 -0.899122
vn 0.868068 0.426534 0.254022
vn 0.937602 -0.077005 -0.339076
vn 0.256284 0.673177 0.693651
vn -0.516739 0.496508 0.697468
vn -0.962986 0.018250 0.268931
vn -0.836111 -0.454084 -0.307777
vn -0.256763 -0.664348 -0.701936
vn 0.459217 -0.518322 -0.721431
vn 0.833998 0.523995 0.172848
vn 0.948057 -0.063837 -0.311631
vn 0.218827 0.801501 0.556517
vn -0.528396 0.595917 0.604716
vn -0.955856 0.036265 0.291590
vn -0.821125 -0.538568 -0.188939
vn -0.218424 -0.800761 -0.557739
vn 0.508143 -0.608152 -0.609871
vn 0.818969 0.557323 0.136678
vn 0.951060 -0.056747 -0.303752
vn 0.202219 0.843576 0.497480
vn -0.534421 0.629969 0.563501
vn -0.953851 0.045269 0.296850
vn -0.813718 -0.563542 -0.142421
vn -0.201914 -0.843494 -0.497744
vn 0.526702 -0.635162 -0.564938
vn 0.812704 0.569547 0.122997
vn 0.952339 -0.053127 -0.300380
vn 0.195693 0.858239 0.474479
vn -0.536353 0.642612 0.547152
vn -0.953071 0.049937 0.298600
vn -0.811215 -0.571330 -0.124549
vn -0.195488 -0.858234 -0.474573
vn 0.534352 -0.644004 -0.547472
vn 0.811332 0.571383 0.123540
vn 0.953087 -0.050779 -0.298408
vn 0.195252 0.859129 0.473047
vn -0.534987 0.644686 0.546048
vn -0.952604 0.052885 0.299580
vn -0.812204 -0.570335 -0.122648
vn -0.195098 -0.859142 -0.473088
vn 0.536506 -0.643629 -0.545805
vn 0.813048 0.566512 0.134228
vn 0.953701 -0.048788 -0.296774
vn 0.198942 0.850805 0.486368
vn -0.530951 0.639959 0.555467
vn -0.952169 0.055293 0.300527
vn -0.815884 -0.563124 -0.131244
vn -0.198838 -0.850830 -0.486367
vn 0.535423 -0.636884 -0.554708
vn 0.817302 0.555252 0.153991
vn 0.954288 -0.046932 -0.295182
vn 0.206183 0.833504 0.512600
vn -0.524412 0.628742 0.574173
vn -0.951674 0.057423 0.301694
vn -0.821974 -0.549728 -0.148857
vn -0.206128 -0.833538 -0.512567
vn 0.531757 -0.623828 -0.572776
vn 0.823923 0.536129 0.183618
vn 0.955016 -0.044791 -0.293153
vn 0.217037 0.804835 0.552391
vn -0.514945 0.609545 0.602733
vn -0.950960 0.059703 0.303497
vn -0.830741 -0.528224 -0.175642
vn -0.217027 -0.804886 -0.552321
vn 0.525855 -0.602589 -0.600303
vn 0.832545 0.508671 0.219369
vn 0.955663 -0.043734 -0.291198
vn 0.230217 0.765303 0.601092
vn -0.504382 0.582355 0.637543
vn -0.950416 0.061189 0.304903
vn -0.840721 -0.499442 -0.209156
vn -0.230010 -0.765363 -0.601095
vn 0.518021 -0.574163 -0.634028
vn 0.842879 0.471838 0.258696
vn 0.956199 -0.045434 -0.289171
vn 0.244663 0.714927 0.654995
vn -0.494221 0.547514 0.675259
vn -0.950543 0.061982 0.304346
vn -0.850774 -0.463285 -0.248095
vn -0.243759 -0.714973 -0.655282
vn 0.508658 -0.539542 -0.670941
vn 0.852190 0.431428 0.296045
vn 0.957158 -0.049035 -0.285385
vn 0.257413 0.661433 0.704446
vn -0.485461 0.511901 0.708721
vn -0.951025 0.064836 0.302238
vn -0.859866 -0.423535 -0.285042
vn -0.255611 -0.661547 -0.704995
vn 0.501078 -0.504106 -0.703419
vn 0.860804 0.384214 0.333760
vn 0.958539 -0.055623 -0.279481
vn 0.268973 0.601275 0.752411
vn -0.477713 0.473658 0.739891
vn -0.951849 0.070642 0.298319
vn -0.868317 -0.376983 -0.322351
vn -0.265968 -0.601504 -0.753296
vn 0.494920 -0.466102 -0.733351
vn 0.868161 0.328484 0.372015
vn 0.960302 -0.066342 -0.270958
vn 0.278870 0.533164 0.798729
vn -0.470966 0.432818 0.768674
vn -0.952793 0.080774 0.292678
vn -0.875735 -0.321793 -0.359913
vn -0.274223 -0.533598 -0.800047
vn 0.490694 -0.425511 -0.760368
vn 0.873482 0.259910 0.411675
vn 0.962230 -0.083395 -0.259152
vn 0.286582 0.453102 0.844138
vn -0.465245 0.388005 0.795612
vn -0.953466 0.097326 0.285361
vn -0.881435 -0.253654 -0.398411
vn -0.279521 -0.453927 -0.846061
vn 0.489042 -0.381148 -0.784579
vn 0.874794 0.171031 0.453304
vn 0.963642 -0.110715 -0.243179
vn 0.290572 0.354183 0.888888
vn -0.460774 0.336757 0.821147
vn -0.952933 0.123816 0.276745
vn -0.883625 -0.165217 -0.438076
vn -0.279672 -0.355895 -0.891697
vn 0.491222 -0.331183 -0.805617
vn 0.867011 0.048483 0.495925
vn 0.962466 -0.155772 -0.222250
vn 0.286699 0.224065 0.931450
vn -0.458361 0.274446 0.845331
vn -0.948846 0.166268 0.268414
vn -0.877661 -0.043469 -0.477307
vn -0.269432 -0.227986 -0.935644
vn 0.499880 -0.272885 -0.821982
vn 0.834202 -0.139712 0.533468
vn 0.951554 -0.236661 -0.196307
vn 0.262000 0.032123 0.964533
vn -0.460947 0.187521 0.867389
vn -0.934065 0.237546 0.266638
vn -0.849219 0.143302 -0.508225
vn -0.233397 -0.041586 -0.971492
vn 0.522016 -0.199681 -0.829233
vn 0.750623 -0.391561 0.532208
vn 0.917233 -0.351582 -0.187280
vn 0.184769 -0.221790 0.957429
vn -0.488334 0.069953 0.869849
vn -0.901429 0.329778 0.280486
vn -0.772958 0.393558 -0.497643
vn -0.149765 0.206598 -0.966896
vn 0.561189 -0.108846 -0.820499
vn 0.608714 -0.651861 0.452266
vn 0.858923 -0.463083 -0.218646
vn 0.037639 -0.489559 0.871157
vn -0.559861 -0.062015 0.826263
vn -0.856234 0.413775 0.309280
vn -0.637799 0.650710 -0.412054
vn -0.008731 0.475005 -0.879940
vn 0.620313 -0.000677 -0.784354
vn 0.441144 -0.847306 0.295744
vn 0.800803 -0.531731 -0.275638
vn -0.150052 -0.700503 0.697696
vn -0.664685 -0.175233 0.726283
vn -0.816169 0.463716 0.344726
vn -0.477261 0.840803 -0.255485
vn 0.168847 0.691028 -0.702831
vn 0.704092 0.104183 -0.702425
vn 0.315285 -0.939532 0.133699
vn 0.770781 -0.550896 -0.320016
vn -0.305067 -0.806450 0.506530
vn -0.761027 -0.233342 0.605301
vn -0.795812 0.484177 0.363672
vn -0.355358 0.929239 -0.101175
vn 0.312593 0.801884 -0.509184
vn 0.783635 0.172300 -0.596849
vn 0.214990 -0.975944 -0.036235
vn 0.760726 -0.551251 -0.342664
vn -0.441685 -0.850506 0.285576
vn -0.855217 -0.257297 0.449892
vn -0.792271 0.490521 0.362898
vn -0.258981 0.964020 0.059955
vn 0.441259 0.851225 -0.284090
vn 0.867213 0.209159 -0.451880
vn 0.160920 -0.973435 -0.162880
vn 0.764038 -0.548437 -0.339799
vn -0.523399 -0.845853 0.102887
vn -0.916721 -0.250092 0.311572
vn -0.796734 0.494795 0.346977
vn -0.205381 0.962203 0.178844
vn 0.519348 0.848633 -0.100498
vn 0.924449 0.210425 -0.317987
vn 0.132735 -0.950568 -0.280716
vn 0.770267 -0.542035 -0.335987
vn -0.573469 -0.816496 -0.066835
vn -0.957097 -0.223279 0.184693
vn -0.796992 0.503771 0.333195
vn -0.164360 0.943620 0.287344
vn 0.573621 0.816346 0.067366
vn 0.962150 0.191816 -0.193583
vn 0.116949 -0.917361 -0.380488
vn 0.769790 -0.534128 -0.349471
vn -0.597773 -0.777495 -0.195370
vn -0.975281 -0.196577 0.100922
vn -0.793338 0.503714 0.341888
vn -0.138850 0.913291 0.382910
vn 0.603648 0.773566 0.192885
vn 0.979533 0.166288 -0.113420
vn 0.103971 -0.867516 -0.486422
vn 0.763707 -0.516009 -0.387927
vn -0.611271 -0.728107 -0.310173
vn -0.983698 -0.174601 0.043032
vn -0.788376 0.487389 0.375387
vn -0.119250 0.865324 0.486820
vn 0.625195 0.719249 0.303004
vn 0.988235 0.139290 -0.063159
vn 0.089835 -0.775314 -0.625155
vn 0.749323 -0.467900 -0.468598
vn -0.617663 -0.654061 -0.436689
vn -0.986810 -0.161884 0.000253
vn -0.782624 0.435739 0.444558
vn -0.098499 0.776008 0.622985
vn 0.648307 0.637302 0.416586
vn 0.992787 0.112174 -0.042320
vn 0.065568 -0.551675 -0.831478
vn 0.711714 -0.317185 -0.626783
vn -0.617251 -0.499673 -0.607723
vn -0.985090 -0.167092 -0.040970
vn -0.772584 0.285451 0.567126
vn -0.062754 0.567689 0.820848
vn 0.688482 0.481152 0.542665
vn 0.992178 0.100524 -0.074009
vn -0.013979 -0.017888 -0.999742
vn 0.632878 0.103186 -0.767345
vn -0.657563 -0.129835 -0.742128
vn -0.980749 -0.178603 -0.078948
vn -0.729305 -0.125138 0.672648
vn 0.036855 0.016187 0.999190
vn 0.769454 0.146038 0.621783
vn 0.976132 0.175062 -0.128529
vn -0.116778 0.471228 -0.874246
vn 0.568333 0.494647 -0.657512
vn -0.743839 0.199701 -0.637827
vn -0.979872 -0.196006 -0.037859
vn -0.628537 -0.492441 0.602032
vn 0.127166 -0.484232 0.865649
vn 0.801702 -0.165443 0.574371
vn 0.966492 0.245838 -0.073871
vn -0.169638 0.676812 -0.716343
vn 0.555468 0.643971 -0.526077
vn -0.798663 0.328980 -0.503894
vn -0.977531 -0.210785 -0.001579
vn -0.583210 -0.634151 0.507659
vn 0.166106 -0.679269 0.714844
vn 0.815500 -0.311598 0.487715
vn 0.970136 0.240498 -0.031591
vn -0.185875 0.739750 -0.646699
vn 0.555335 0.676615 -0.483523
vn -0.817656 0.375753 -0.436174
vn -0.978254 -0.205721 0.026408
vn -0.569934 -0.670061 0.475597
vn 0.176225 -0.742029 0.646791
vn 0.819853 -0.373299 0.434153
vn 0.975492 0.216996 -0.036438
vn -0.191504 0.752560 -0.630063
vn 0.559459 0.666294 -0.493009
vn -0.826809 0.397900 -0.397571
vn -0.980428 -0.185997 0.064552
vn -0.567914 -0.662033 0.489066
vn 0.175210 -0.755551 0.631224
vn 0.819348 -0.406621 0.404138
vn 0.980805 0.184508 -0.063072
vn -0.196698 0.727907 -0.656857
vn 0.563503 0.614229 -0.552438
vn -0.834022 0.408798 -0.370530
vn -0.981294 -0.144010 0.127766
vn -0.568752 -0.611299 0.550305
vn 0.168232 -0.731562 0.660693
vn 0.814431 -0.429670 0.389982
vn 0.984944 0.129716 -0.114279
vn -0.202035 0.682975 -0.701946
vn 0.558795 0.536234 -0.632614
vn -0.835169 0.421900 -0.352835
vn -0.977285 -0.079980 0.196259
vn -0.564818 -0.532879 0.630096
vn 0.168023 -0.685499 0.708420
vn 0.811688 -0.444352 0.379098
vn 0.981806 0.063408 -0.178989
vn -0.210800 0.628546 -0.748661
vn 0.539942 0.433890 -0.721250
vn -0.829374 0.448966 -0.332519
vn -0.962559 0.012136 0.270801
vn -0.549060 -0.429156 0.717188
vn 0.177849 -0.628030 0.757594
vn 0.809080 -0.465064 0.359312
vn 0.966111 -0.024015 -0.257009
vn -0.216542 0.597524 -0.772059
vn 0.518378 0.360466 -0.775466
vn -0.818152 0.481222 -0.314727
vn -0.943177 0.088327 0.320337
vn -0.529818 -0.353898 0.770746
vn 0.189078 -0.595135 0.781066
vn 0.803911 -0.491098 0.335486
vn 0.944975 -0.094000 -0.313348
vn -0.213494 0.590036 -0.778638
vn 0.500433 0.312285 -0.807493
vn -0.799420 0.522583 -0.296371
vn -0.921961 0.153540 0.355548
vn -0.512501 -0.304483 0.802890
vn 0.197055 -0.587363 0.784968
vn 0.794253 -0.525785 0.304486
vn 0.921176 -0.151594 -0.358405
vn -0.199397 0.605838 -0.770196
vn 0.499772 0.303062 -0.811407
vn -0.781901 0.556223 -0.281508
vn -0.910280 0.183102 0.371300
vn -0.506950 -0.298045 0.808809
vn 0.195857 -0.605194 0.771609
vn 0.783704 -0.555187 0.278524
vn 0.908469 -0.177705 -0.378293
vn -0.185968 0.607210 -0.772471
vn 0.519608 0.312478 -0.795214
vn -0.785606 0.545021 -0.292875
vn -0.918424 0.157694 0.362808
vn -0.503423 -0.323035 0.801383
vn 0.206364 -0.610209 0.764891
vn 0.791403 -0.540907 0.284781
vn 0.920036 -0.161138 -0.357168
vn -0.184945 0.559159 -0.808169
vn 0.550718 0.340090 -0.762265
vn -0.819365 0.443322 -0.363464
vn -0.949854 0.052947 0.308179
vn -0.497761 -0.366206 0.786211
vn 0.240483 -0.560488 0.792478
vn 0.829529 -0.433939 0.351537
vn 0.957411 -0.068320 -0.280528
vn -0.175383 0.439507 -0.880951
vn 0.576879 0.403748 -0.710070
vn -0.838827 0.203205 -0.505051
vn -0.965756 -0.165600 0.199731
vn -0.481944 -0.422841 0.767422
vn 0.270665 -0.421128 0.865674
vn 0.852468 -0.188387 0.487657
vn 0.979212 0.142718 -0.144135
vn -0.125220 0.269080 -0.954943
vn 0.556548 0.493815 -0.668133
vn -0.748248 -0.133148 -0.649920
vn -0.888448 -0.451816 0.080760
vn -0.463237 -0.478784 0.745773
vn 0.220240 -0.224747 0.949201
vn 0.762919 0.142848 0.630515
vn 0.901681 0.432106 -0.015991
vn -0.045622 0.115630 -0.992244
vn 0.502788 0.551927 -0.665267
vn -0.574313 -0.400798 -0.713811
vn -0.744385 -0.667631 0.012651
vn -0.454143 -0.521435 0.722399
vn 0.097086 -0.074237 0.992504
vn 0.583198 0.404034 0.704724
vn 0.750444 0.660001 0.035098
vn 0.031020 0.021095 -0.999296
vn 0.476902 0.562337 -0.675531
vn -0.437324 -0.537971 -0.720649
vn -0.639017 -0.769186 -0.003122
vn -0.455631 -0.537242 0.709769
vn -0.009274 0.003980 0.999949
vn 0.437801 0.537063 0.721037
vn 0.639018 0.768297 0.037090
vn 0.106935 -0.044664 -0.993262
vn 0.482870 0.552863 -0.679102
vn -0.335404 -0.618544 -0.710569
vn -0.574645 -0.818403 -0.000241
vn -0.471123 -0.531278 0.704121
vn -0.095818 0.060479 0.993560
vn 0.331824 0.614277 0.715931
vn 0.571693 0.819906 0.030354
vn 0.193410 -0.104620 -0.975524
vn 0.512077 0.533815 -0.672918
vn -0.243498 -0.682255 -0.689374
vn -0.532083 -0.846625 0.010693
vn -0.503874 -0.509818 0.697278
vn -0.186146 0.116652 0.975573
vn 0.235646 0.674332 0.699819
vn 0.525157 0.850664 0.024095
vn 0.298307 -0.168389 -0.939499
vn 0.562984 0.506514 -0.653064
vn -0.149431 -0.742540 -0.652920
vn -0.503794 -0.863418 0.026490
vn -0.557526 -0.475091 0.680774
vn -0.293439 0.178699 0.939127
vn 0.134147 0.730026 0.670125
vn 0.489100 0.872025 0.018813
vn 0.443793 -0.248481 -0.860991
vn 0.645568 0.467184 -0.604136
vn -0.034282 -0.811512 -0.583330
vn -0.486468 -0.872432 0.047022
vn -0.645854 -0.421401 0.636627
vn -0.441524 0.257643 0.859463
vn 0.004817 0.793117 0.609051
vn 0.454453 0.890680 0.012711
vn 0.631744 -0.341518 -0.695892
vn 0.759421 0.420069 -0.496811
vn 0.100647 -0.886698 -0.451263
vn -0.483555 -0.872699 0.067613
vn -0.770881 -0.351433 0.531261
vn -0.630384 0.349825 0.692993
vn -0.153240 0.862015 0.483165
vn 0.418353 0.908284 0.001369
vn 0.822836 -0.415481 -0.387706
vn 0.870645 0.381555 -0.310474
vn 0.241372 -0.946334 -0.214922
vn -0.480037 -0.872660 0.089606
vn -0.896757 -0.291671 0.332799
vn -0.814820 0.430078 0.388718
vn -0.305642 0.921601 0.239237
vn 0.382041 0.923090 -0.044159
vn 0.907647 -0.414986 -0.062965
vn 0.915477 0.377481 -0.139320
vn 0.316435 -0.947040 0.054633
vn -0.465753 -0.874242 0.137020
vn -0.948464 -0.286115 0.136210
vn -0.895316 0.441302 0.060510
vn -0.368857 0.928356 -0.045829
vn 0.368188 0.920778 -0.128861
vn 0.905231 -0.346818 0.245507
vn 0.916321 0.400369 -0.007850
vn 0.320134 -0.882028 0.345747
vn -0.460688 -0.857763 0.228055
vn -0.946807 -0.321008 -0.022608
vn -0.889096 0.381019 -0.253639
vn -0.353740 0.869303 -0.345225
vn 0.380573 0.890353 -0.249873
vn 0.848867 -0.235867 0.473067
vn 0.900103 0.431036 0.063421
vn 0.263443 -0.762881 0.590433
vn -0.483914 -0.807801 0.336578
vn -0.923971 -0.364991 -0.114280
vn -0.828527 0.273559 -0.488579
vn -0.284245 0.754226 -0.591902
vn 0.418954 0.827648 -0.373465
vn 0.767993 -0.101683 0.632334
vn 0.884955 0.455221 0.098125
vn 0.170825 -0.602546 0.779588
vn -0.531214 -0.724773 0.438766
vn -0.899431 -0.406400 -0.160823
vn -0.743976 0.137268 -0.653955
vn -0.182739 0.597479 -0.780785
vn 0.480805 0.733030 -0.481137
vn 0.683685 0.034098 0.728981
vn 0.876302 0.468119 0.113842
vn 0.066737 -0.426289 0.902122
vn -0.590693 -0.621194 0.514976
vn -0.881505 -0.437600 -0.177358
vn -0.658005 -0.005249 -0.752996
vn -0.072751 0.423996 -0.902737
vn 0.553785 0.620590 -0.555149
vn 0.610352 0.153372 0.777140
vn 0.873905 0.470354 0.122706
vn -0.028205 -0.260392 0.965091
vn -0.649309 -0.514077 0.560467
vn -0.872674 -0.455128 -0.176915
vn -0.585901 -0.132710 -0.799442
vn 0.026751 0.260599 -0.965077
vn 0.624630 0.508844 -0.592381
vn 0.559108 0.239246 0.793826
vn 0.878630 0.459495 0.129902
vn -0.099138 -0.126559 0.986993
vn -0.698369 -0.416234 0.582262
vn -0.874758 -0.454119 -0.169042
vn -0.537252 -0.225593 -0.812692
vn 0.103673 0.129596 -0.986132
vn 0.684906 0.410982 -0.601662
vn 0.531753 0.289117 0.796021
vn 0.890477 0.434500 0.135135
vn -0.146133 -0.029340 0.988830
vn -0.738226 -0.331117 0.587694
vn -0.886139 -0.433472 -0.163887
vn -0.511206 -0.279718 -0.812666
vn 0.155463 0.034139 -0.987252
vn 0.731337 0.327542 -0.598216
vn 0.519106 0.314902 0.794585
vn 0.906653 0.397406 0.141591
vn -0.178172 0.045666 0.982939
vn -0.771734 -0.252005 0.583884
vn -0.902465 -0.398348 -0.163940
vn -0.498937 -0.308255 -0.809964
vn 0.191140 -0.039873 -0.980753
vn 0.768701 0.250206 -0.588640
vn 0.515314 0.323668 0.793530
vn 0.924534 0.349898 0.151024
vn -0.200174 0.106786 0.973924
vn -0.799872 -0.174913 0.574117
vn -0.920633 -0.351840 -0.169246
vn -0.494823 -0.319174 -0.808257
vn 0.216387 -0.100606 -0.971110
vn 0.799450 0.174643 -0.574786
vn 0.516670 0.319225 0.794448
vn 0.942014 0.292689 0.164142
vn -0.214957 0.158737 0.963637
vn -0.822860 -0.097259 0.559859
vn -0.938390 -0.295227 -0.179626
vn -0.495342 -0.316721 -0.808903
vn 0.234251 -0.152724 -0.960105
vn 0.824436 0.098226 -0.557366
vn 0.520415 0.303752 0.798062
vn 0.957078 0.226116 0.181310
vn -0.224121 0.204331 0.952900
vn -0.840302 -0.017347 0.541842
vn -0.953712 -0.229040 -0.194871
vn -0.497994 -0.303307 -0.812408
vn 0.246425 -0.199042 -0.948503
vn 0.843562 0.019263 -0.536686
vn 0.524282 0.278625 0.804672
vn 0.967623 0.150531 0.202601
vn -0.228673 0.245167 0.942126
vn -0.851333 0.065678 0.520499
vn -0.964499 -0.153730 -0.214729
vn -0.500733 -0.280443 -0.818913
vn 0.253854 -0.241227 -0.936679
vn 0.856093 -0.063123 -0.512953
vn 0.526199 0.245024 0.814296
vn 0.971419 0.066804 0.227779
vn -0.229308 0.282058 0.931591
vn -0.854780 0.151775 0.496303
vn -0.968540 -0.070188 -0.238755
vn -0.501695 -0.249362 -0.828324
vn 0.256981 -0.280133 -0.924925
vn 0.860849 -0.148897 -0.486588
vn 0.524203 0.204436 0.826690
vn 0.966338 -0.023305 0.256218
vn -0.226618 0.315312 0.921533
vn -0.849470 0.239899 0.469945
vn -0.963723 0.019840 -0.266164
vn -0.499240 -0.211451 -0.840267
vn 0.256049 -0.315995 -0.913557
vn 0.856594 -0.237032 -0.458327
vn 0.516742 0.158894 0.841267
vn 0.950828 -0.116974 0.286782
vn -0.221227 0.344936 0.912183
vn -0.834687 0.327988 0.442405
vn -0.948497 0.113545 -0.295737
vn -0.492070 -0.168524 -0.854088
vn 0.251358 -0.348606 -0.902936
vn 0.842516 -0.325448 -0.429245
vn 0.503057 0.111159 0.857075
vn 0.924566 -0.210129 0.317842
vn -0.213956 0.370745 0.903754
vn -0.810755 0.412904 0.414953
vn -0.922543 0.206852 -0.325771
vn -0.479548 -0.123018 -0.868850
vn 0.243463 -0.377389 -0.893479
vn 0.818801 -0.410974 -0.400830
vn 0.494258 0.086918 0.864959
vn 0.907465 -0.256100 0.333047
vn -0.210007 0.382772 0.899657
vn -0.795688 0.454061 0.400886
vn -0.905641 0.252985 -0.340315
vn -0.471767 -0.099646 -0.876074
vn 0.238650 -0.390810 -0.888996
vn 0.803665 -0.452514 -0.386464
s 1
g sweep6
usemtl initialShadingGroup
f 21/1493/69 22/46/70 30/47/71 29/48/72
f 22/46/70 23/49/73 31/50/74 30/47/71
f 23/49/73 24/51/75 32/52/76 31/50/74
f 24/51/75 25/53/77 33/54/78 32/52/76
f 25/53/77 26/55/79 34/56/80 33/54/78
f 26/55/79 27/57/81 35/58/82 34/56/80
f 27/57/81 28/59/83 36/60/84 35/58/82
f 28/59/83 21/45/69 29/1492/72 36/60/84
f 29/48/72 30/47/71 38/61/85 37/62/86
f 30/47/71 31/50/74 39/63/87 38/61/85
f 31/50/74 32/52/76 40/64/88 39/63/87
f 32/52/76 33/54/78 41/65/89 40/64/88
f 33/54/78 34/56/80 42/66/90 41/65/89
f 34/56/80 35/58/82 43/67/91 42/66/90
f 35/58/82 36/60/84 44/68/92 43/67/91
f 36/60/84 29/1492/72 37/1491/86 44/68/92
f 37/62/86 38/61/85 46/69/93 45/70/94
f 38/61/85 39/63/87 47/71/95 46/69/93
f 39/63/87 40/64/88 48/72/96 47/71/95
f 40/64/88 41/65/89 49/73/97 48/72/96
f 41/65/89 42/66/90 50/74/98 49/73/97
f 42/66/90 43/67/91 51/75/99 50/74/98
f 43/67/91 44/68/92 52/76/100 51/75/99
f 44/68/92 37/1491/86 45/1490/94 52/76/100
f 45/70/94 46/69/93 54/77/101 53/78/102
f 46/69/93 47/71/95 55/79/103 54/77/101
f 47/71/95 48/72/96 56/80/104 55/79/103
f 48/72/96 49/73/97 57/81/105 56/80/104
f 49/73/97 50/74/98 58/82/106 57/81/105
f 50/74/98 51/75/99 59/83/107 58/82/106
f 51/75/99 52/76/100 60/84/108 59/83/107
f 52/76/100 45/1490/94 53/1489/102 60/84/108
f 53/78/102 54/77/101 62/85/109 61/86/110
f 54/77/101 55/79/103 63/87/111 62/85/109
f 55/79/103 56/80/104 64/88/112 63/87/111
f 56/80/104 57/81/105 65/89/113 64/88/112
f 57/81/105 58/82/106 66/90/114 65/89/113
f 58/82/106 59/83/107 67/91/115 66/90/114
f 59/83/107 60/84/108 68/92/116 67/91/115
f 60/84/108 53/1489/102 61/1488/110 68/92/116
f 61/86/110 62/85/109 70/93/117 69/94/118
f 62/85/109 63/87/111 71/95/119 70/93/117
f 63/87/111 64/88/112 72/96/120 71/95/119
f 64/88/112 65/89/113 73/97/121 72/96/120
f 65/89/113 66/90/114 74/98/122 73/97/121
f 66/90/114 67/91/115 75/99/123 74/98/122
f 67/91/115 68/92/116 76/100/124 75/99/123
f 68/92/116 61/1488/110 69/1487/118 76/100/124
f 69/94/118 70/93/117 78/101/125 77/102/126
f 70/93/117 71/95/119 79/103/127 78/101/125
f 71/95/119 72/96/120 80/104/128 79/103/127
f 72/96/120 73/97/121 81/105/129 80/104/128
f 73/97/121 74/98/122 82/106/130 81/105/129
f 74/98/122 75/99/123 83/107/131 82/106/130
f 75/99/123 76/100/124 84/108/132 83/107/131
f 76/100/124 69/1487/118 77/1486/126 84/108/132
f 77/102/126 78/101/125 86/109/133 85/110/134
f 78/101/125 79/103/127 87/111/135 86/109/133
f 79/103/127 80/104/128 88/112/136 87/111/135
f 80/104/128 81/105/129 89/113/137 88/112/136
f 81/105/129 82/106/130 90/114/138 89/113/137
f 82/106/130 83/107/131 91/115/139 90/114/138
f 83/107/131 84/108/132 92/116/140 91/115/139
f 84/108/132 77/1486/126 85/1485/134 92/116/140
f 85/110/134 86/109/133 94/117/141 93/118/142
f 86/109/133 87/111/135 95/119/143 94/117/141
f 87/111/135 88/112/136 96/120/144 95/119/143
f 88/112/136 89/113/137 97/121/145 96/120/144
f 89/113/137 90/114/138 98/122/146 97/121/145
f 90/114/138 91/115/139 99/123/147 98/122/146
f 91/115/139 92/116/140 100/124/148 99/123/147
f 92/116/140 85/1485/134 93/1484/142 100/124/148
f 93/118/142 94/117/141 102/125/149 101/126/150
f 94/117/141 95/119/143 103/127/151 102/125/149
f 95/119/143 96/120/144 104/128/152 103/127/151
f 96/120/144 97/121/145 105/129/153 104/128/152
f 97/121/145 98/122/146 106/130/154 105/129/153
f 98/122/146 99/123/147 107/131/155 106/130/154
f 99/123/147 100/124/148 108/132/156 107/131/155
f 100/124/148 93/1484/142 101/1483/150 108/132/156
f 101/126/150 102/125/149 110/133/157 109/134/158
f 102/125/149 103/127/151 111/135/159 110/133/157
f 103/127/151 104/128/152 112/136/160 111/135/159
f 104/128/152 105/129/153 113/137/161 112/136/160
f 105/129/153 106/130/154 114/138/162 113/137/161
f 106/130/154 107/131/155 115/139/163 114/138/162
f 107/131/155 108/132/156 116/140/164 115/139/163
f 108/132/156 101/1483/150 109/1482/158 116/140/164
f 109/134/158 110/133/157 118/141/165 117/142/166
f 110/133/157 111/135/159 119/143/167 118/141/165
f 111/135/159 112/136/160 120/144/168 119/143/167
f 112/136/160 113/137/161 121/145/169 120/144/168
f 113/137/161 114/138/162 122/146/170 121/145/169
f 114/138/162 115/139/163 123/147/171 122/146/170
f 115/139/163 116/140/164 124/148/172 123/147/171
f 116/140/164 109/1482/158 117/1481/166 124/148/172
f 117/142/166 118/141/165 126/149/173 125/150/174
f 118/141/165 119/143/167 127/151/175 126/149/173
f 119/143/167 120/144/168 128/152/176 127/151/175
f 120/144/168 121/145/169 129/153/177 128/152/176
f 121/145/169 122/146/170 130/154/178 129/153/177
f 122/146/170 123/147/171 131/155/179 130/154/178
f 123/147/171 124/148/172 132/156/180 131/155/179
f 124/148/172 117/1481/166 125/1480/174 132/156/180
f 125/150/174 126/149/173 134/157/181 133/158/182
f 126/149/173 127/151/175 135/159/183 134/157/181
f 127/151/175 128/152/176 136/160/184 135/159/183
f 128/152/176 129/153/177 137/161/185 136/160/184
f 129/153/177 130/154/178 138/162/186 137/161/185
f 130/154/178 131/155/179 139/163/187 138/162/186
f 131/155/179 132/156/180 140/164/188 139/163/187
f 132/156/180 125/1480/174 133/1479/182 140/164/188
f 133/158/182 134/157/181 142/165/189 141/166/190
f 134/157/181 135/159/183 143/167/191 142/165/189
f 135/159/183 136/160/184 144/168/192 143/167/191
f 136/160/184 137/161/185 145/169/193 144/168/192
f 137/161/185 138/162/186 146/170/194 145/169/193
f 138/162/186 139/163/187 147/171/195 146/170/194
f 139/163/187 140/164/188 148/172/196 147/171/195
f 140/164/188 133/1479/182 141/1478/190 148/172/196
f 141/166/190 142/165/189 150/173/197 149/174/198
f 142/165/189 143/167/191 151/175/199 150/173/197
f 143/167/191 144/168/192 152/176/200 151/175/199
f 144/168/192 145/169/193 153/177/201 152/176/200
f 145/169/193 146/170/194 154/178/202 153/177/201
f 146/170/194 147/171/195 155/179/203 154/178/202
f 147/171/195 148/172/196 156/180/204 155/179/203
f 148/172/196 141/1478/190 149/1477/198 156/180/204
f 149/174/198 150/173/197 158/181/205 157/182/206
f 150/173/197 151/175/199 159/183/207 158/181/205
f 151/175/199 152/176/200 160/184/208 159/183/207
f 152/176/200 153/177/201 161/185/209 160/184/208
f 153/177/201 154/178/202 162/186/210 161/185/209
f 154/178/202 155/179/203 163/187/211 162/186/210
f 155/179/203 156/180/204 164/188/212 163/187/211
f 156/180/204 149/1477/198 157/1476/206 164/188/212
f 157/182/206 158/181/205 166/189/213 165/190/214
f 158/181/205 159/183/207 167/191/215 166/189/213
f 159/183/207 160/184/208 168/192/216 167/191/215
f 160/184/208 161/185/209 169/193/217 168/192/216
f 161/185/209 162/186/210 170/194/218 169/193/217
f 162/186/210 163/187/211 171/195/219 170/194/218
f 163/187/211 164/188/212 172/196/220 171/195/219
f 164/188/212 157/1476/206 165/1475/214 172/196/220
f 165/190/214 166/189/213 174/197/221 173/198/222
f 166/189/213 167/191/215 175/199/223 174/197/221
f 167/191/215 168/192/216 176/200/224 175/199/223
f 168/192/216 169/193/217 177/201/225 176/200/224
f 169/193/217 170/194/218 178/202/226 177/201/225
f 170/194/218 171/195/219 179/203/227 178/202/226
f 171/195/219 172/196/220 180/204/228 179/203/227
f 172/196/220 165/1475/214 173/1474/222 180/204/228
f 173/198/222 174/197/221 182/205/229 181/206/230
f 174/197/221 175/199/223 183/207/231 182/205/229
f 175/199/223 176/200/224 184/208/232 183/207/231
f 176/200/224 177/201/225 185/209/233 184/208/232
f 177/201/225 178/202/226 186/210/234 185/209/233
f 178/202/226 179/203/227 187/211/235 186/210/234
f 179/203/227 180/204/228 188/212/236 187/211/235
f 180/204/228 173/1474/222 181/1473/230 188/212/236
f 181/206/230 182/205/229 190/213/237 189/214/238
f 182/205/229 183/207/231 191/215/239 190/213/237
f 183/207/231 184/208/232 192/216/240 191/215/239
f 184/208/232 185/209/233 193/217/241 192/216/240
f 185/209/233 186/210/234 194/218/242 193/217/241
f 186/210/234 187/211/235 195/219/243 194/218/242
f 187/211/235 188/212/236 196/220/244 195/219/243
f 188/212/236 181/1473/230 189/1472/238 196/220/244
f 189/214/238 190/213/237 198/221/245 197/222/246
f 190/213/237 191/215/239 199/223/247 198/221/245
f 191/215/239 192/216/240 200/224/248 199/223/247
f 192/216/240 193/217/241 201/225/249 200/224/248
f 193/217/241 194/218/242 202/226/250 201/225/249
f 194/218/242 195/219/243 203/227/251 202/226/250
f 195/219/243 196/220/244 204/228/252 203/227/251
f 196/220/244 189/1472/238 197/1471/246 204/228/252
f 197/222/246 198/221/245 206/229/253 205/230/254
f 198/221/245 199/223/247 207/231/255 206/229/253
f 199/223/247 200/224/248 208/232/256 207/231/255
f 200/224/248 201/225/249 209/233/257 208/232/256
f 201/225/249 202/226/250 210/234/258 209/233/257
f 202/226/250 203/227/251 211/235/259 210/234/258
f 203/227/251 204/228/252 212/236/260 211/235/259
f 204/228/252 197/1471/246 205/1470/254 212/236/260
f 205/230/254 206/229/253 214/237/261 213/238/262
f 206/229/253 207/231/255 215/239/263 214/237/261
f 207/231/255 208/232/256 216/240/264 215/239/263
f 208/232/256 209/233/257 217/241/265 216/240/264
f 209/233/257 210/234/258 218/242/266 217/241/265
f 210/234/258 211/235/259 219/243/267 218/242/266
f 211/235/259 212/236/260 220/244/268 219/243/267
f 212/236/260 205/1470/254 213/1469/262 220/244/268
f 213/238/262 214/237/261 222/245/269 221/246/270
f 214/237/261 215/239/263 223/247/271 222/245/269
f 215/239/263 216/240/264 224/248/272 223/247/271
f 216/240/264 217/241/265 225/249/273 224/248/272
f 217/241/265 218/242/266 226/250/274 225/249/273
f 218/242/266 219/243/267 227/251/275 226/250/274
f 219/243/267 220/244/268 228/252/276 227/251/275
f 220/244/268 213/1469/262 221/1468/270 228/252/276
f 221/246/270 222/245/269 230/253/277 229/254/278
f 222/245/269 223/247/271 231/255/279 230/253/277
f 223/247/271 224/248/272 232/256/280 231/255/279
f 224/248/272 225/249/273 233/257/281 232/256/280
f 225/249/273 226/250/274 234/258/282 233/257/281
f 226/250/274 227/251/275 235/259/283 234/258/282
f 227/251/275 228/252/276 236/260/284 235/259/283
f 228/252/276 221/1468/270 229/1467/278 236/260/284
f 229/254/278 230/253/277 238/261/285 237/262/286
f 230/253/277 231/255/279 239/263/287 238/261/285
f 231/255/279 232/256/280 240/264/288 239/263/287
f 232/256/280 233/257/281 241/265/289 240/264/288
f 233/257/281 234/258/282 242/266/290 241/265/289
f 234/258/282 235/259/283 243/267/291 242/266/290
f 235/259/283 236/260/284 244/268/292 243/267/291
f 236/260/284 229/1467/278 237/1466/286 244/268/292
f 237/262/286 238/261/285 246/269/293 245/270/294
f 238/261/285 239/263/287 247/271/295 246/269/293
f 239/263/287 240/264/288 248/272/296 247/271/295
f 240/264/288 241/265/289 249/273/297 248/272/296
f 241/265/289 242/266/290 250/274/298 249/273/297
f 242/266/290 243/267/291 251/275/299 250/274/298
f 243/267/291 244/268/292 252/276/300 251/275/299
f 244/268/292 237/1466/286 245/1465/294 252/276/300
f 245/270/294 246/269/293 254/277/301 253/278/302
f 246/269/293 247/271/295 255/279/303 254/277/301
f 247/271/295 248/272/296 256/280/304 255/279/303
f 248/272/296 249/273/297 257/281/305 256/280/304
f 249/273/297 250/274/298 258/282/306 257/281/305
f 250/274/298 251/275/299 259/283/307 258/282/306
f 251/275/299 252/276/300 260/284/308 259/283/307
f 252/276/300 245/1465/294 253/1464/302 260/284/308
f 253/278/302 254/277/301 262/285/309 261/286/310
f 254/277/301 255/279/303 263/287/311 262/285/309
f 255/279/303 256/280/304 264/288/312 263/287/311
f 256/280/304 257/281/305 265/289/313 264/288/312
f 257/281/305 258/282/306 266/290/314 265/289/313
f 258/282/306 259/283/307 267/291/315 266/290/314
f 259/283/307 260/284/308 268/292/316 267/291/315
f 260/284/308 253/1464/302 261/1463/310 268/292/316
f 261/286/310 262/285/309 270/293/317 269/294/318
f 262/285/309 263/287/311 271/295/319 270/293/317
f 263/287/311 264/288/312 272/296/320 271/295/319
f 264/288/312 265/289/313 273/297/321 272/296/320
f 265/289/313 266/290/314 274/298/322 273/297/321
f 266/290/314 267/291/315 275/299/323 274/298/322
f 267/291/315 268/292/316 276/300/324 275/299/323
f 268/292/316 261/1463/310 269/1462/318 276/300/324
f 269/294/318 270/293/317 278/301/325 277/302/326
f 270/293/317 271/295/319 279/303/327 278/301/325
f 271/295/319 272/296/320 280/304/328 279/303/327
f 272/296/320 273/297/321 281/305/329 280/304/328
f 273/297/321 274/298/322 282/306/330 281/305/329
f 274/298/322 275/299/323 283/307/331 282/306/330
f 275/299/323 276/300/324 284/308/332 283/307/331
f 276/300/324 269/1462/318 277/1461/326 284/308/332
f 277/302/326 278/301/325 286/309/333 285/310/334
f 278/301/325 279/303/327 287/311/335 286/309/333
f 279/303/327 280/304/328 288/312/336 287/311/335
f 280/304/328 281/305/329 289/313/337 288/312/336
f 281/305/329 282/306/330 290/314/338 289/313/337
f 282/306/330 283/307/331 291/315/339 290/314/338
f 283/307/331 284/308/332 292/316/340 291/315/339
f 284/308/332 277/1461/326 285/1460/334 292/316/340
f 285/310/334 286/309/333 294/317/341 293/318/342
f 286/309/333 287/311/335 295/319/343 294/317/341
f 287/311/335 288/312/336 296/320/344 295/319/343
f 288/312/336 289/313/337 297/321/345 296/320/344
f 289/313/337 290/314/338 298/322/346 297/321/345
f 290/314/338 291/315/339 299/323/347 298/322/346
f 291/315/339 292/316/340 300/324/348 299/323/347
f 292/316/340 285/1460/334 293/1459/342 300/324/348
f 293/318/342 294/317/341 302/325/349 301/326/350
f 294/317/341 295/319/343 303/327/351 302/325/349
f 295/319/343 296/320/344 304/328/352 303/327/351
f 296/320/344 297/321/345 305/329/353 304/328/352
f 297/321/345 298/322/346 306/330/354 305/329/353
f 298/322/346 299/323/347 307/331/355 306/330/354
f 299/323/347 300/324/348 308/332/356 307/331/355
f 300/324/348 293/1459/342 301/1458/350 308/332/356
f 301/326/350 302/325/349 310/333/357 309/334/358
f 302/325/349 303/327/351 311/335/359 310/333/357
f 303/327/351 304/328/352 312/336/360 311/335/359
f 304/328/352 305/329/353 313/337/361 312/336/360
f 305/329/353 306/330/354 314/338/362 313/337/361
f 306/330/354 307/331/355 315/339/363 314/338/362
f 307/331/355 308/332/356 316/340/364 315/339/363
f 308/332/356 301/1458/350 309/1457/358 316/340/364
f 309/334/358 310/333/357 318/341/365 317/342/366
f 310/333/357 311/335/359 319/343/367 318/341/365
f 311/335/359 312/336/360 320/344/368 319/343/367
f 312/336/360 313/337/361 321/345/369 320/344/368
f 313/337/361 314/338/362 322/346/370 321/345/369
f 314/338/362 315/339/363 323/347/371 322/346/370
f 315/339/363 316/340/364 324/348/372 323/347/371
f 316/340/364 309/1457/358 317/1456/366 324/348/372
f 317/342/366 318/341/365 326/349/373 325/350/374
f 318/341/365 319/343/367 327/351/375 326/349/373
f 319/343/367 320/344/368 328/352/376 327/351/375
f 320/344/368 321/345/369 329/353/377 328/352/376
f 321/345/369 322/346/370 330/354/378 329/353/377
f 322/346/370 323/347/371 331/355/379 330/354/378
f 323/347/371 324/348/372 332/356/380 331/355/379
f 324/348/372 317/1456/366 325/1455/374 332/356/380
f 325/350/374 326/349/373 334/357/381 333/358/382
f 326/349/373 327/351/375 335/359/383 334/357/381
f 327/351/375 328/352/376 336/360/384 335/359/383
f 328/352/376 329/353/377 337/361/385 336/360/384
f 329/353/377 330/354/378 338/362/386 337/361/385
f 330/354/378 331/355/379 339/363/387 338/362/386
f 331/355/379 332/356/380 340/364/388 339/363/387
f 332/356/380 325/1455/374 333/1454/382 340/364/388
f 333/358/382 334/357/381 342/365/389 341/366/390
f 334/357/381 335/359/383 343/367/391 342/365/389
f 335/359/383 336/360/384 344/368/392 343/367/391
f 336/360/384 337/361/385 345/369/393 344/368/392
f 337/361/385 338/362/386 346/370/394 345/369/393
f 338/362/386 339/363/387 347/371/395 346/370/394
f 339/363/387 340/364/388 348/372/396 347/371/395
f 340/364/388 333/1454/382 341/1453/390 348/372/396
f 341/366/390 342/365/389 350/373/397 349/374/398
f 342/365/389 343/367/391 351/375/399 350/373/397
f 343/367/391 344/368/392 352/376/400 351/375/399
f 344/368/392 345/369/393 353/377/401 352/376/400
f 345/369/393 346/370/394 354/378/402 353/377/401
f 346/370/394 347/371/395 355/379/403 354/378/402
f 347/371/395 348/372/396 356/380/404 355/379/403
f 348/372/396 341/1453/390 349/1452/398 356/380/404
f 349/374/398 350/373/397 358/381/405 357/382/406
f 350/373/397 351/375/399 359/383/407 358/381/405
f 351/375/399 352/376/400 360/384/408 359/383/407
f 352/376/400 353/377/401 361/385/409 360/384/408
f 353/377/401 354/378/402 362/386/410 361/385/409
f 354/378/402 355/379/403 363/387/411 362/386/410
f 355/379/403 356/380/404 364/388/412 363/387/411
f 356/380/404 349/1452/398 357/1451/406 364/388/412
f 357/382/406 358/381/405 366/389/413 365/390/414
f 358/381/405 359/383/407 367/391/415 366/389/413
f 359/383/407 360/384/408 368/392/416 367/391/415
f 360/384/408 361/385/409 369/393/417 368/392/416
f 361/385/409 362/386/410 370/394/418 369/393/417
f 362/386/410 363/387/411 371/395/419 370/394/418
f 363/387/411 364/388/412 372/396/420 371/395/419
f 364/388/412 357/1451/406 365/1450/414 372/396/420
f 365/390/414 366/389/413 374/397/421 373/398/422
f 366/389/413 367/391/415 375/399/423 374/397/421
f 367/391/415 368/392/416 376/400/424 375/399/423
f 368/392/416 369/393/417 377/401/425 376/400/424
f 369/393/417 370/394/418 378/402/426 377/401/425
f 370/394/418 371/395/419 379/403/427 378/402/426
f 371/395/419 372/396/420 380/404/428 379/403/427
f 372/396/420 365/1450/414 373/1449/422 380/404/428
f 373/398/422 374/397/421 382/405/429 381/406/430
f 374/397/421 375/399/423 383/407/431 382/405/429
f 375/399/423 376/400/424 384/408/432 383/407/431
f 376/400/424 377/401/425 385/409/433 384/408/432
f 377/401/425 378/402/426 386/410/434 385/409/433
f 378/402/426 379/403/427 387/411/435 386/410/434
f 379/403/427 380/404/428 388/412/436 387/411/435
f 380/404/428 373/1449/422 381/1448/430 388/412/436
f 381/406/430 382/405/429 390/413/437 389/414/438
f 382/405/429 383/407/431 391/415/439 390/413/437
f 383/407/431 384/408/432 392/416/440 391/415/439
f 384/408/432 385/409/433 393/417/441 392/416/440
f 385/409/433 386/410/434 394/418/442 393/417/441
f 386/410/434 387/411/435 395/419/443 394/418/442
f 387/411/435 388/412/436 396/420/444 395/419/443
f 388/412/436 381/1448/430 389/1447/438 396/420/444
f 389/414/438 390/413/437 398/421/445 397/422/446
f 390/413/437 391/415/439 399/423/447 398/421/445
f 391/415/439 392/416/440 400/424/448 399/423/447
f 392/416/440 393/417/441 401/425/449 400/424/448
f 393/417/441 394/418/442 402/426/450 401/425/449
f 394/418/442 395/419/443 403/427/451 402/426/450
f 395/419/443 396/420/444 404/428/452 403/427/451
f 396/420/444 389/1447/438 397/1446/446 404/428/452
f 397/422/446 398/421/445 406/429/453 405/430/454
f 398/421/445 399/423/447 407/431/455 406/429/453
f 399/423/447 400/424/448 408/432/456 407/431/455
f 400/424/448 401/425/449 409/433/457 408/432/456
f 401/425/449 402/426/450 410/434/458 409/433/457
f 402/426/450 403/427/451 411/435/459 410/434/458
f 403/427/451 404/428/452 412/436/460 411/435/459
f 404/428/452 397/1446/446 405/1445/454 412/436/460
f 405/430/454 406/429/453 414/437/461 413/438/462
f 406/429/453 407/431/455 415/439/463 414/437/461
f 407/431/455 408/432/456 416/440/464 415/439/463
f 408/432/456 409/433/457 417/441/465 416/440/464
f 409/433/457 410/434/458 418/442/466 417/441/465
f 410/434/458 411/435/459 419/443/467 418/442/466
f 411/435/459 412/436/460 420/444/468 419/443/467
f 412/436/460 405/1445/454 413/1444/462 420/444/468
f 413/438/462 414/437/461 422/445/469 421/446/470
f 414/437/461 415/439/463 423/447/471 422/445/469
f 415/439/463 416/440/464 424/448/472 423/447/471
f 416/440/464 417/441/465 425/449/473 424/448/472
f 417/441/465 418/442/466 426/450/474 425/449/473
f 418/442/466 419/443/467 427/451/475 426/450/474
f 419/443/467 420/444/468 428/452/476 427/451/475
f 420/444/468 413/1444/462 421/1443/470 428/452/476
f 421/446/470 422/445/469 430/453/477 429/454/478
f 422/445/469 423/447/471 431/455/479 430/453/477
f 423/447/471 424/448/472 432/456/480 431/455/479
f 424/448/472 425/449/473 433/457/481 432/456/480
f 425/449/473 426/450/474 434/458/482 433/457/481
f 426/450/474 427/451/475 435/459/483 434/458/482
f 427/451/475 428/452/476 436/460/484 435/459/483
f 428/452/476 421/1443/470 429/1442/478 436/460/484
f 429/454/478 430/453/477 438/461/485 437/462/486
f 430/453/477 431/455/479 439/463/487 438/461/485
f 431/455/479 432/456/480 440/464/488 439/463/487
f 432/456/480 433/457/481 441/465/489 440/464/488
f 433/457/481 434/458/482 442/466/490 441/465/489
f 434/458/482 435/459/483 443/467/491 442/466/490
f 435/459/483 436/460/484 444/468/492 443/467/491
f 436/460/484 429/1442/478 437/1441/486 444/468/492
f 437/462/486 438/461/485 446/469/493 445/470/494
f 438/461/485 439/463/487 447/471/495 446/469/493
f 439/463/487 440/464/488 448/472/496 447/471/495
f 440/464/488 441/465/489 449/473/497 448/472/496
f 441/465/489 442/466/490 450/474/498 449/473/497
f 442/466/490 443/467/491 451/475/499 450/474/498
f 443/467/491 444/468/492 452/476/500 451/475/499
f 444/468/492 437/1441/486 445/1440/494 452/476/500
f 445/470/494 446/469/493 454/477/501 453/478/502
f 446/469/493 447/471/495 455/479/503 454/477/501
f 447/471/495 448/472/496 456/480/504 455/479/503
f 448/472/496 449/473/497 457/481/505 456/480/504
f 449/473/497 450/474/498 458/482/506 457/481/505
f 450/474/498 451/475/499 459/483/507 458/482/506
f 451/475/499 452/476/500 460/484/508 459/483/507
f 452/476/500 445/1440/494 453/1439/502 460/484/508
f 453/478/502 454/477/501 462/485/509 461/486/510
f 454/477/501 455/479/503 463/487/511 462/485/509
f 455/479/503 456/480/504 464/488/512 463/487/511
f 456/480/504 457/481/505 465/489/513 464/488/512
f 457/481/505 458/482/506 466/490/514 465/489/513
f 458/482/506 459/483/507 467/491/515 466/490/514
f 459/483/507 460/484/508 468/492/516 467/491/515
f 460/484/508 453/1439/502 461/1438/510 468/492/516
f 461/486/510 462/485/509 470/493/517 469/494/518
f 462/485/509 463/487/511 471/495/519 470/493/517
f 463/487/511 464/488/512 472/496/520 471/495/519
f 464/488/512 465/489/513 473/497/521 472/496/520
f 465/489/513 466/490/514 474/498/522 473/497/521
f 466/490/514 467/491/515 475/499/523 474/498/522
f 467/491/515 468/492/516 476/500/524 475/499/523
f 468/492/516 461/1438/510 469/1437/518 476/500/524
f 469/494/518 470/493/517 478/501/525 477/502/526
f 470/493/517 471/495/519 479/503/527 478/501/525
f 471/495/519 472/496/520 480/504/528 479/503/527
f 472/496/520 473/497/521 481/505/529 480/504/528
f 473/497/521 474/498/522 482/506/530 481/505/529
f 474/498/522 475/499/523 483/507/531 482/506/530
f 475/499/523 476/500/524 484/508/532 483/507/531
f 476/500/524 469/1437/518 477/1436/526 484/508/532
f 477/502/526 478/501/525 486/509/533 485/510/534
f 478/501/525 479/503/527 487/511/535 486/509/533
f 479/503/527 480/504/528 488/512/536 487/511/535
f 480/504/528 481/505/529 489/513/537 488/512/536
f 481/505/529 482/506/530 490/514/538 489/513/537
f 482/506/530 483/507/531 491/515/539 490/514/538
f 483/507/531 484/508/532 492/516/540 491/515/539
f 484/508/532 477/1436/526 485/1435/534 492/516/540
f 485/510/534 486/509/533 494/517/541 493/518/542
f 486/509/533 487/511/535 495/519/543 494/517/541
f 487/511/535 488/512/536 496/520/544 495/519/543
f 488/512/536 489/513/537 497/521/545 496/520/544
f 489/513/537 490/514/538 498/522/546 497/521/545
f 490/514/538 491/515/539 499/523/547 498/522/546
f 491/515/539 492/516/540 500/524/548 499/523/547
f 492/516/540 485/1435/534 493/1434/542 500/524/548
f 493/518/542 494/517/541 502/525/549 501/526/550
f 494/517/541 495/519/543 503/527/551 502/525/549
f 495/519/543 496/520/544 504/528/552 503/527/551
f 496/520/544 497/521/545 505/529/553 504/528/552
f 497/521/545 498/522/546 506/530/554 505/529/553
f 498/522/546 499/523/547 507/531/555 506/530/554
f 499/523/547 500/524/548 508/532/556 507/531/555
f 500/524/548 493/1434/542 501/1433/550 508/532/556
f 501/526/550 502/525/549 510/533/557 509/534/558
f 502/525/549 503/527/551 511/535/559 510/533/557
f 503/527/551 504/528/552 512/536/560 511/535/559
f 504/528/552 505/529/553 513/537/561 512/536/560
f 505/529/553 506/530/554 514/538/562 513/537/561
f 506/530/554 507/531/555 515/539/563 514/538/562
f 507/531/555 508/532/556 516/540/564 515/539/563
f 508/532/556 501/1433/550 509/1432/558 516/540/564
f 509/534/558 510/533/557 518/541/565 517/542/566
f 510/533/557 511/535/559 519/543/567 518/541/565
f 511/535/559 512/536/560 520/544/568 519/543/567
f 512/536/560 513/537/561 521/545/569 520/544/568
f 513/537/561 514/538/562 522/546/570 521/545/569
f 514/538/562 515/539/563 523/547/571 522/546/570
f 515/539/563 516/540/564 524/548/572 523/547/571
f 516/540/564 509/1432/558 517/1431/566 524/548/572
f 517/542/566 518/541/565 526/549/573 525/550/574
f 518/541/565 519/543/567 527/551/575 526/549/573
f 519/543/567 520/544/568 528/552/576 527/551/575
f 520/544/568 521/545/569 529/553/577 528/552/576
f 521/545/569 522/546/570 530/554/578 529/553/577
f 522/546/570 523/547/571 531/555/579 530/554/578
f 523/547/571 524/548/572 532/556/580 531/555/579
f 524/548/572 517/1431/566 525/1430/574 532/556/580
f 525/550/574 526/549/573 534/557/581 533/558/582
f 526/549/573 527/551/575 535/559/583 534/557/581
f 527/551/575 528/552/576 536/560/584 535/559/583
f 528/552/576 529/553/577 537/561/585 536/560/584
f 529/553/577 530/554/578 538/562/586 537/561/585
f 530/554/578 531/555/579 539/563/587 538/562/586
f 531/555/579 532/556/580 540/564/588 539/563/587
f 532/556/580 525/1430/574 533/1429/582 540/564/588
f 533/558/582 534/557/581 542/565/589 541/566/590
f 534/557/581 535/559/583 543/567/591 542/565/589
f 535/559/583 536/560/584 544/568/592 543/567/591
f 536/560/584 537/561/585 545/569/593 544/568/592
f 537/561/585 538/562/586 546/570/594 545/569/593
f 538/562/586 539/563/587 547/571/595 546/570/594
f 539/563/587 540/564/588 548/572/596 547/571/595
f 540/564/588 533/1429/582 541/1428/590 548/572/596
f 541/566/590 542/565/589 550/573/597 549/574/598
f 542/565/589 543/567/591 551/575/599 550/573/597
f 543/567/591 544/568/592 552/576/600 551/575/599
f 544/568/592 545/569/593 553/577/601 552/576/600
f 545/569/593 546/570/594 554/578/602 553/577/601
f 546/570/594 547/571/595 555/579/603 554/578/602
f 547/571/595 548/572/596 556/580/604 555/579/603
f 548/572/596 541/1428/590 549/1427/598 556/580/604
f 549/574/598 550/573/597 558/581/605 557/582/606
f 550/573/597 551/575/599 559/583/607 558/581/605
f 551/575/599 552/576/600 560/584/608 559/583/607
f 552/576/600 553/577/601 561/585/609 560/584/608
f 553/577/601 554/578/602 562/586/610 561/585/609
f 554/578/602 555/579/603 563/587/611 562/586/610
f 555/579/603 556/580/604 564/588/612 563/587/611
f 556/580/604 549/1427/598 557/1426/606 564/588/612
f 557/582/606 558/581/605 566/589/613 565/590/614
f 558/581/605 559/583/607 567/591/615 566/589/613
f 559/583/607 560/584/608 568/592/616 567/591/615
f 560/584/608 561/585/609 569/593/617 568/592/616
f 561/585/609 562/586/610 570/594/618 569/593/617
f 562/586/610 563/587/611 571/595/619 570/594/618
f 563/587/611 564/588/612 572/596/620 571/595/619
f 564/588/612 557/1426/606 565/1425/614 572/596/620
f 565/590/614 566/589/613 574/597/621 573/598/622
f 566/589/613 567/591/615 575/599/623 574/597/621
f 567/591/615 568/592/616 576/600/624 575/599/623
f 568/592/616 569/593/617 577/601/625 576/600/624
f 569/593/617 570/594/618 578/602/626 577/601/625
f 570/594/618 571/595/619 579/603/627 578/602/626
f 571/595/619 572/596/620 580/604/628 579/603/627
f 572/596/620 565/1425/614 573/1424/622 580/604/628
f 573/598/622 574/597/621 582/605/629 581/606/630
f 574/597/621 575/599/623 583/607/631 582/605/629
f 575/599/623 576/600/624 584/608/632 583/607/631
f 576/600/624 577/601/625 585/609/633 584/608/632
f 577/601/625 578/602/626 586/610/634 585/609/633
f 578/602/626 579/603/627 587/611/635 586/610/634
f 579/603/627 580/604/628 588/612/636 587/611/635
f 580/604/628 573/1424/622 581/1423/630 588/612/636
f 581/606/630 582/605/629 590/613/637 589/614/638
f 582/605/629 583/607/631 591/615/639 590/613/637
f 583/607/631 584/608/632 592/616/640 591/615/639
f 584/608/632 585/609/633 593/617/641 592/616/640
f 585/609/633 586/610/634 594/618/642 593/617/641
f 586/610/634 587/611/635 595/619/643 594/618/642
f 587/611/635 588/612/636 596/620/644 595/619/643
f 588/612/636 581/1423/630 589/1422/638 596/620/644
f 589/614/638 590/613/637 598/621/645 597/622/646
f 590/613/637 591/615/639 599/623/647 598/621/645
f 591/615/639 592/616/640 600/624/648 599/623/647
f 592/616/640 593/617/641 601/625/649 600/624/648
f 593/617/641 594/618/642 602/626/650 601/625/649
f 594/618/642 595/619/643 603/627/651 602/626/650
f 595/619/643 596/620/644 604/628/652 603/627/651
f 596/620/644 589/1422/638 597/1421/646 604/628/652
f 597/622/646 598/621/645 606/629/653 605/630/654
f 598/621/645 599/623/647 607/631/655 606/629/653
f 599/623/647 600/624/648 608/632/656 607/631/655
f 600/624/648 601/625/649 609/633/657 608/632/656
f 601/625/649 602/626/650 610/634/658 609/633/657
f 602/626/650 603/627/651 611/635/659 610/634/658
f 603/627/651 604/628/652 612/636/660 611/635/659
f 604/628/652 597/1421/646 605/1420/654 612/636/660
f 605/630/654 606/629/653 614/637/661 613/638/662
f 606/629/653 607/631/655 615/639/663 614/637/661
f 607/631/655 608/632/656 616/640/664 615/639/663
f 608/632/656 609/633/657 617/641/665 616/640/664
f 609/633/657 610/634/658 618/642/666 617/641/665
f 610/634/658 611/635/659 619/643/667 618/642/666
f 611/635/659 612/636/660 620/644/668 619/643/667
f 612/636/660 605/1420/654 613/1419/662 620/644/668
f 613/638/662 614/637/661 622/645/669 621/646/670
f 614/637/661 615/639/663 623/647/671 622/645/669
f 615/639/663 616/640/664 624/648/672 623/647/671
f 616/640/664 617/641/665 625/649/673 624/648/672
f 617/641/665 618/642/666 626/650/674 625/649/673
f 618/642/666 619/643/667 627/651/675 626/650/674
f 619/643/667 620/644/668 628/652/676 627/651/675
f 620/644/668 613/1419/662 621/1418/670 628/652/676
f 621/646/670 622/645/669 630/653/677 629/654/678
f 622/645/669 623/647/671 631/655/679 630/653/677
f 623/647/671 624/648/672 632/656/680 631/655/679
f 624/648/672 625/649/673 633/657/681 632/656/680
f 625/649/673 626/650/674 634/658/682 633/657/681
f 626/650/674 627/651/675 635/659/683 634/658/682
f 627/651/675 628/652/676 636/660/684 635/659/683
f 628/652/676 621/1418/670 629/1417/678 636/660/684
f 629/654/678 630/653/677 638/661/685 637/662/686
f 630/653/677 631/655/679 639/663/687 638/661/685
f 631/655/679 632/656/680 640/664/688 639/663/687
f 632/656/680 633/657/681 641/665/689 640/664/688
f 633/657/681 634/658/682 642/666/690 641/665/689
f 634/658/682 635/659/683 643/667/691 642/666/690
f 635/659/683 636/660/684 644/668/692 643/667/691
f 636/660/684 629/1417/678 637/1416/686 644/668/692
f 637/662/686 638/661/685 646/669/693 645/670/694
f 638/661/685 639/663/687 647/671/695 646/669/693
f 639/663/687 640/664/688 648/672/696 647/671/695
f 640/664/688 641/665/689 649/673/697 648/672/696
f 641/665/689 642/666/690 650/674/698 649/673/697
f 642/666/690 643/667/691 651/675/699 650/674/698
f 643/667/691 644/668/692 652/676/700 651/675/699
f 644/668/692 637/1416/686 645/1415/694 652/676/700
f 645/670/694 646/669/693 654/677/701 653/678/702
f 646/669/693 647/671/695 655/679/703 654/677/701
f 647/671/695 648/672/696 656/680/704 655/679/703
f 648/672/696 649/673/697 657/681/705 656/680/704
f 649/673/697 650/674/698 658/682/706 657/681/705
f 650/674/698 651/675/699 659/683/707 658/682/706
f 651/675/699 652/676/700 660/684/708 659/683/707
f 652/676/700 645/1415/694 653/1414/702 660/684/708
f 653/678/702 654/677/701 662/685/709 661/686/710
f 654/677/701 655/679/703 663/687/711 662/685/709
f 655/679/703 656/680/704 664/688/712 663/687/711
f 656/680/704 657/681/705 665/689/713 664/688/712
f 657/681/705 658/682/706 666/690/714 665/689/713
f 658/682/706 659/683/707 667/691/715 666/690/714
f 659/683/707 660/684/708 668/692/716 667/691/715
f 660/684/708 653/1414/702 661/1413/710 668/692/716
f 661/686/710 662/685/709 670/693/717 669/694/718
f 662/685/709 663/687/711 671/695/719 670/693/717
f 663/687/711 664/688/712 672/696/720 671/695/719
f 664/688/712 665/689/713 673/697/721 672/696/720
f 665/689/713 666/690/714 674/698/722 673/697/721
f 666/690/714 667/691/715 675/699/723 674/698/722
f 667/691/715 668/692/716 676/700/724 675/699/723
f 668/692/716 661/1413/710 669/1412/718 676/700/724
f 669/694/718 670/693/717 678/1502/725 677/1494/726
f 670/693/717 671/695/719 679/1501/727 678/1502/725
f 671/695/719 672/696/720 680/1500/728 679/1501/727
f 672/696/720 673/697/721 681/1499/729 680/1500/728
f 673/697/721 674/698/722 682/1498/730 681/1499/729
f 674/698/722 675/699/723 683/1497/731 682/1498/730
f 675/699/723 676/700/724 684/1496/732 683/1497/731
f 676/700/724 669/1412/718 677/1411/726 684/1496/732
f 677/702/726 678/701/725 686/709/733 685/710/734
f 678/701/725 679/703/727 687/711/735 686/709/733
f 679/703/727 680/704/728 688/712/736 687/711/735
f 680/704/728 681/705/729 689/713/737 688/712/736
f 681/705/729 682/706/730 690/714/738 689/713/737
f 682/706/730 683/707/731 691/715/739 690/714/738
f 683/707/731 684/708/732 692/716/740 691/715/739
f 684/708/732 677/1495/726 685/1410/734 692/716/740
f 685/710/734 686/709/733 694/717/741 693/718/742
f 686/709/733 687/711/735 695/719/743 694/717/741
f 687/711/735 688/712/736 696/720/744 695/719/743
f 688/712/736 689/713/737 697/721/745 696/720/744
f 689/713/737 690/714/738 698/722/746 697/721/745
f 690/714/738 691/715/739 699/723/747 698/722/746
f 691/715/739 692/716/740 700/724/748 699/723/747
f 692/716/740 685/1410/734 693/1409/742 700/724/748
f 693/718/742 694/717/741 702/725/749 701/726/750
f 694/717/741 695/719/743 703/727/751 702/725/749
f 695/719/743 696/720/744 704/728/752 703/727/751
f 696/720/744 697/721/745 705/729/753 704/728/752
f 697/721/745 698/722/746 706/730/754 705/729/753
f 698/722/746 699/723/747 707/731/755 706/730/754
f 699/723/747 700/724/748 708/732/756 707/731/755
f 700/724/748 693/1409/742 701/1408/750 708/732/756
f 701/726/750 702/725/749 710/733/757 709/734/758
f 702/725/749 703/727/751 711/735/759 710/733/757
f 703/727/751 704/728/752 712/736/760 711/735/759
f 704/728/752 705/729/753 713/737/761 712/736/760
f 705/729/753 706/730/754 714/738/762 713/737/761
f 706/730/754 707/731/755 715/739/763 714/738/762
f 707/731/755 708/732/756 716/740/764 715/739/763
f 708/732/756 701/1408/750 709/1407/758 716/740/764
f 709/734/758 710/733/757 718/741/765 717/742/766
f 710/733/757 711/735/759 719/743/767 718/741/765
f 711/735/759 712/736/760 720/744/768 719/743/767
f 712/736/760 713/737/761 721/745/769 720/744/768
f 713/737/761 714/738/762 722/746/770 721/745/769
f 714/738/762 715/739/763 723/747/771 722/746/770
f 715/739/763 716/740/764 724/748/772 723/747/771
f 716/740/764 709/1407/758 717/1406/766 724/748/772
f 717/742/766 718/741/765 726/749/773 725/750/774
f 718/741/765 719/743/767 727/751/775 726/749/773
f 719/743/767 720/744/768 728/752/776 727/751/775
f 720/744/768 721/745/769 729/753/777 728/752/776
f 721/745/769 722/746/770 730/754/778 729/753/777
f 722/746/770 723/747/771 731/755/779 730/754/778
f 723/747/771 724/748/772 732/756/780 731/755/779
f 724/748/772 717/1406/766 725/1405/774 732/756/780
f 725/750/774 726/749/773 734/757/781 733/758/782
f 726/749/773 727/751/775 735/759/783 734/757/781
f 727/751/775 728/752/776 736/760/784 735/759/783
f 728/752/776 729/753/777 737/761/785 736/760/784
f 729/753/777 730/754/778 738/762/786 737/761/785
f 730/754/778 731/755/779 739/763/787 738/762/786
f 731/755/779 732/756/780 740/764/788 739/763/787
f 732/756/780 725/1405/774 733/1404/782 740/764/788
f 733/758/782 734/757/781 742/765/789 741/766/790
f 734/757/781 735/759/783 743/767/791 742/765/789
f 735/759/783 736/760/784 744/768/792 743/767/791
f 736/760/784 737/761/785 745/769/793 744/768/792
f 737/761/785 738/762/786 746/770/794 745/769/793
f 738/762/786 739/763/787 747/771/795 746/770/794
f 739/763/787 740/764/788 748/772/796 747/771/795
f 740/764/788 733/1404/782 741/1403/790 748/772/796
f 741/766/790 742/765/789 750/773/797 749/774/798
f 742/765/789 743/767/791 751/775/799 750/773/797
f 743/767/791 744/768/792 752/776/800 751/775/799
f 744/768/792 745/769/793 753/777/801 752/776/800
f 745/769/793 746/770/794 754/778/802 753/777/801
f 746/770/794 747/771/795 755/779/803 754/778/802
f 747/771/795 748/772/796 756/780/804 755/779/803
f 748/772/796 741/1403/790 749/1402/798 756/780/804
f 749/774/798 750/773/797 758/781/805 757/782/806
f 750/773/797 751/775/799 759/783/807 758/781/805
f 751/775/799 752/776/800 760/784/808 759/783/807
f 752/776/800 753/777/801 761/785/809 760/784/808
f 753/777/801 754/778/802 762/786/810 761/785/809
f 754/778/802 755/779/803 763/787/811 762/786/810
f 755/779/803 756/780/804 764/788/812 763/787/811
f 756/780/804 749/1402/798 757/1401/806 764/788/812
f 757/782/806 758/781/805 766/789/813 765/790/814
f 758/781/805 759/783/807 767/791/815 766/789/813
f 759/783/807 760/784/808 768/792/816 767/791/815
f 760/784/808 761/785/809 769/793/817 768/792/816
f 761/785/809 762/786/810 770/794/818 769/793/817
f 762/786/810 763/787/811 771/795/819 770/794/818
f 763/787/811 764/788/812 772/796/820 771/795/819
f 764/788/812 757/1401/806 765/1400/814 772/796/820
f 765/790/814 766/789/813 774/797/821 773/798/822
f 766/789/813 767/791/815 775/799/823 774/797/821
f 767/791/815 768/792/816 776/800/824 775/799/823
f 768/792/816 769/793/817 777/801/825 776/800/824
f 769/793/817 770/794/818 778/802/826 777/801/825
f 770/794/818 771/795/819 779/803/827 778/802/826
f 771/795/819 772/796/820 780/804/828 779/803/827
f 772/796/820 765/1400/814 773/1399/822 780/804/828
f 773/798/822 774/797/821 782/805/829 781/806/830
f 774/797/821 775/799/823 783/807/831 782/805/829
f 775/799/823 776/800/824 784/808/832 783/807/831
f 776/800/824 777/801/825 785/809/833 784/808/832
f 777/801/825 778/802/826 786/810/834 785/809/833
f 778/802/826 779/803/827 787/811/835 786/810/834
f 779/803/827 780/804/828 788/812/836 787/811/835
f 780/804/828 773/1399/822 781/1398/830 788/812/836
f 781/806/830 782/805/829 790/813/837 789/814/838
f 782/805/829 783/807/831 791/815/839 790/813/837
f 783/807/831 784/808/832 792/816/840 791/815/839
f 784/808/832 785/809/833 793/817/841 792/816/840
f 785/809/833 786/810/834 794/818/842 793/817/841
f 786/810/834 787/811/835 795/819/843 794/818/842
f 787/811/835 788/812/836 796/820/844 795/819/843
f 788/812/836 781/1398/830 789/1397/838 796/820/844
f 789/814/838 790/813/837 798/821/845 797/822/846
f 790/813/837 791/815/839 799/823/847 798/821/845
f 791/815/839 792/816/840 800/824/848 799/823/847
f 792/816/840 793/817/841 801/825/849 800/824/848
f 793/817/841 794/818/842 802/826/850 801/825/849
f 794/818/842 795/819/843 803/827/851 802/826/850
f 795/819/843 796/820/844 804/828/852 803/827/851
f 796/820/844 789/1397/838 797/1396/846 804/828/852
f 797/822/846 798/821/845 806/829/853 805/830/854
f 798/821/845 799/823/847 807/831/855 806/829/853
f 799/823/847 800/824/848 808/832/856 807/831/855
f 800/824/848 801/825/849 809/833/857 808/832/856
f 801/825/849 802/826/850 810/834/858 809/833/857
f 802/826/850 803/827/851 811/835/859 810/834/858
f 803/827/851 804/828/852 812/836/860 811/835/859
f 804/828/852 797/1396/846 805/1395/854 812/836/860
f 805/830/854 806/829/853 814/837/861 813/838/862
f 806/829/853 807/831/855 815/839/863 814/837/861
f 807/831/855 808/832/856 816/840/864 815/839/863
f 808/832/856 809/833/857 817/841/865 816/840/864
f 809/833/857 810/834/858 818/842/866 817/841/865
f 810/834/858 811/835/859 819/843/867 818/842/866
f 811/835/859 812/836/860 820/844/868 819/843/867
f 812/836/860 805/1395/854 813/1394/862 820/844/868
f 813/838/862 814/837/861 822/845/869 821/846/870
f 814/837/861 815/839/863 823/847/871 822/845/869
f 815/839/863 816/840/864 824/848/872 823/847/871
f 816/840/864 817/841/865 825/849/873 824/848/872
f 817/841/865 818/842/866 826/850/874 825/849/873
f 818/842/866 819/843/867 827/851/875 826/850/874
f 819/843/867 820/844/868 828/852/876 827/851/875
f 820/844/868 813/1394/862 821/1393/870 828/852/876
f 821/846/870 822/845/869 830/853/877 829/854/878
f 822/845/869 823/847/871 831/855/879 830/853/877
f 823/847/871 824/848/872 832/856/880 831/855/879
f 824/848/872 825/849/873 833/857/881 832/856/880
f 825/849/873 826/850/874 834/858/882 833/857/881
f 826/850/874 827/851/875 835/859/883 834/858/882
f 827/851/875 828/852/876 836/860/884 835/859/883
f 828/852/876 821/1393/870 829/1392/878 836/860/884
f 829/854/878 830/853/877 838/861/885 837/862/886
f 830/853/877 831/855/879 839/863/887 838/861/885
f 831/855/879 832/856/880 840/864/888 839/863/887
f 832/856/880 833/857/881 841/865/889 840/864/888
f 833/857/881 834/858/882 842/866/890 841/865/889
f 834/858/882 835/859/883 843/867/891 842/866/890
f 835/859/883 836/860/884 844/868/892 843/867/891
f 836/860/884 829/1392/878 837/1391/886 844/868/892
f 837/862/886 838/861/885 846/869/893 845/870/894
f 838/861/885 839/863/887 847/871/895 846/869/893
f 839/863/887 840/864/888 848/872/896 847/871/895
f 840/864/888 841/865/889 849/873/897 848/872/896
f 841/865/889 842/866/890 850/874/898 849/873/897
f 842/866/890 843/867/891 851/875/899 850/874/898
f 843/867/891 844/868/892 852/876/900 851/875/899
f 844/868/892 837/1391/886 845/1390/894 852/876/900
f 845/870/894 846/869/893 854/877/901 853/878/902
f 846/869/893 847/871/895 855/879/903 854/877/901
f 847/871/895 848/872/896 856/880/904 855/879/903
f 848/872/896 849/873/897 857/881/905 856/880/904
f 849/873/897 850/874/898 858/882/906 857/881/905
f 850/874/898 851/875/899 859/883/907 858/882/906
f 851/875/899 852/876/900 860/884/908 859/883/907
f 852/876/900 845/1390/894 853/1389/902 860/884/908
f 853/878/902 854/877/901 862/885/909 861/886/910
f 854/877/901 855/879/903 863/887/911 862/885/909
f 855/879/903 856/880/904 864/888/912 863/887/911
f 856/880/904 857/881/905 865/889/913 864/888/912
f 857/881/905 858/882/906 866/890/914 865/889/913
f 858/882/906 859/883/907 867/891/915 866/890/914
f 859/883/907 860/884/908 868/892/916 867/891/915
f 860/884/908 853/1389/902 861/1388/910 868/892/916
f 861/886/910 862/885/909 870/893/917 869/894/918
f 862/885/909 863/887/911 871/895/919 870/893/917
f 863/887/911 864/888/912 872/896/920 871/895/919
f 864/888/912 865/889/913 873/897/921 872/896/920
f 865/889/913 866/890/914 874/898/922 873/897/921
f 866/890/914 867/891/915 875/899/923 874/898/922
f 867/891/915 868/892/916 876/900/924 875/899/923
f 868/892/916 861/1388/910 869/1387/918 876/900/924
f 869/894/918 870/893/917 878/901/925 877/902/926
f 870/893/917 871/895/919 879/903/927 878/901/925
f 871/895/919 872/896/920 880/904/928 879/903/927
f 872/896/920 873/897/921 881/905/929 880/904/928
f 873/897/921 874/898/922 882/906/930 881/905/929
f 874/898/922 875/899/923 883/907/931 882/906/930
f 875/899/923 876/900/924 884/908/932 883/907/931
f 876/900/924 869/1387/918 877/1386/926 884/908/932
f 877/902/926 878/901/925 886/909/933 885/910/934
f 878/901/925 879/903/927 887/911/935 886/909/933
f 879/903/927 880/904/928 888/912/936 887/911/935
f 880/904/928 881/905/929 889/913/937 888/912/936
f 881/905/929 882/906/930 890/914/938 889/913/937
f 882/906/930 883/907/931 891/915/939 890/914/938
f 883/907/931 884/908/932 892/916/940 891/915/939
f 884/908/932 877/1386/926 885/1385/934 892/916/940
f 885/910/934 886/909/933 894/917/941 893/918/942
f 886/909/933 887/911/935 895/919/943 894/917/941
f 887/911/935 888/912/936 896/920/944 895/919/943
f 888/912/936 889/913/937 897/921/945 896/920/944
f 889/913/937 890/914/938 898/922/946 897/921/945
f 890/914/938 891/915/939 899/923/947 898/922/946
f 891/915/939 892/916/940 900/924/948 899/923/947
f 892/916/940 885/1385/934 893/1384/942 900/924/948
f 893/918/942 894/917/941 902/925/949 901/926/950
f 894/917/941 895/919/943 903/927/951 902/925/949
f 895/919/943 896/920/944 904/928/952 903/927/951
f 896/920/944 897/921/945 905/929/953 904/928/952
f 897/921/945 898/922/946 906/930/954 905/929/953
f 898/922/946 899/923/947 907/931/955 906/930/954
f 899/923/947 900/924/948 908/932/956 907/931/955
f 900/924/948 893/1384/942 901/1383/950 908/932/956
f 901/926/950 902/925/949 910/933/957 909/934/958
f 902/925/949 903/927/951 911/935/959 910/933/957
f 903/927/951 904/928/952 912/936/960 911/935/959
f 904/928/952 905/929/953 913/937/961 912/936/960
f 905/929/953 906/930/954 914/938/962 913/937/961
f 906/930/954 907/931/955 915/939/963 914/938/962
f 907/931/955 908/932/956 916/940/964 915/939/963
f 908/932/956 901/1383/950 909/1382/958 916/940/964
f 909/934/958 910/933/957 918/941/965 917/942/966
f 910/933/957 911/935/959 919/943/967 918/941/965
f 911/935/959 912/936/960 920/944/968 919/943/967
f 912/936/960 913/937/961 921/945/969 920/944/968
f 913/937/961 914/938/962 922/946/970 921/945/969
f 914/938/962 915/939/963 923/947/971 922/946/970
f 915/939/963 916/940/964 924/948/972 923/947/971
f 916/940/964 909/1382/958 917/1381/966 924/948/972
f 917/942/966 918/941/965 926/949/973 925/950/974
f 918/941/965 919/943/967 927/951/975 926/949/973
f 919/943/967 920/944/968 928/952/976 927/951/975
f 920/944/968 921/945/969 929/953/977 928/952/976
f 921/945/969 922/946/970 930/954/978 929/953/977
f 922/946/970 923/947/971 931/955/979 930/954/978
f 923/947/971 924/948/972 932/956/980 931/955/979
f 924/948/972 917/1381/966 925/1380/974 932/956/980
f 925/950/974 926/949/973 934/957/981 933/958/982
f 926/949/973 927/951/975 935/959/983 934/957/981
f 927/951/975 928/952/976 936/960/984 935/959/983
f 928/952/976 929/953/977 937/961/985 936/960/984
f 929/953/977 930/954/978 938/962/986 937/961/985
f 930/954/978 931/955/979 939/963/987 938/962/986
f 931/955/979 932/956/980 940/964/988 939/963/987
f 932/956/980 925/1380/974 933/1379/982 940/964/988
f 933/958/982 934/957/981 942/965/989 941/966/990
f 934/957/981 935/959/983 943/967/991 942/965/989
f 935/959/983 936/960/984 944/968/992 943/967/991
f 936/960/984 937/961/985 945/969/993 944/968/992
f 937/961/985 938/962/986 946/970/994 945/969/993
f 938/962/986 939/963/987 947/971/995 946/970/994
f 939/963/987 940/964/988 948/972/996 947/971/995
f 940/964/988 933/1379/982 941/1378/990 948/972/996
f 941/966/990 942/965/989 950/973/997 949/974/998
f 942/965/989 943/967/991 951/975/999 950/973/997
f 943/967/991 944/968/992 952/976/1000 951/975/999
f 944/968/992 945/969/993 953/977/1001 952/976/1000
f 945/969/993 946/970/994 954/978/1002 953/977/1001
f 946/970/994 947/971/995 955/979/1003 954/978/1002
f 947/971/995 948/972/996 956/980/1004 955/979/1003
f 948/972/996 941/1378/990 949/1377/998 956/980/1004
f 949/974/998 950/973/997 958/981/1005 957/982/1006
f 950/973/997 951/975/999 959/983/1007 958/981/1005
f 951/975/999 952/976/1000 960/984/1008 959/983/1007
f 952/976/1000 953/977/1001 961/985/1009 960/984/1008
f 953/977/1001 954/978/1002 962/986/1010 961/985/1009
f 954/978/1002 955/979/1003 963/987/1011 962/986/1010
f 955/979/1003 956/980/1004 964/988/1012 963/987/1011
f 956/980/1004 949/1377/998 957/1376/1006 964/988/1012
f 957/982/1006 958/981/1005 966/989/1013 965/990/1014
f 958/981/1005 959/983/1007 967/991/1015 966/989/1013
f 959/983/1007 960/984/1008 968/992/1016 967/991/1015
f 960/984/1008 961/985/1009 969/993/1017 968/992/1016
f 961/985/1009 962/986/1010 970/994/1018 969/993/1017
f 962/986/1010 963/987/1011 971/995/1019 970/994/1018
f 963/987/1011 964/988/1012 972/996/1020 971/995/1019
f 964/988/1012 957/1376/1006 965/1375/1014 972/996/1020
f 965/990/1014 966/989/1013 974/997/1021 973/998/1022
f 966/989/1013 967/991/1015 975/999/1023 974/997/1021
f 967/991/1015 968/992/1016 976/1000/1024 975/999/1023
f 968/992/1016 969/993/1017 977/1001/1025 976/1000/1024
f 969/993/1017 970/994/1018 978/1002/1026 977/1001/1025
f 970/994/1018 971/995/1019 979/1003/1027 978/1002/1026
f 971/995/1019 972/996/1020 980/1004/1028 979/1003/1027
f 972/996/1020 965/1375/1014 973/1374/1022 980/1004/1028
f 973/998/1022 974/997/1021 982/1005/1029 981/1006/1030
f 974/997/1021 975/999/1023 983/1007/1031 982/1005/1029
f 975/999/1023 976/1000/1024 984/1008/1032 983/1007/1031
f 976/1000/1024 977/1001/1025 985/1009/1033 984/1008/1032
f 977/1001/1025 978/1002/1026 986/1010/1034 985/1009/1033
f 978/1002/1026 979/1003/1027 987/1011/1035 986/1010/1034
f 979/1003/1027 980/1004/1028 988/1012/1036 987/1011/1035
f 980/1004/1028 973/1374/1022 981/1373/1030 988/1012/1036
f 981/1006/1030 982/1005/1029 990/1013/1037 989/1014/1038
f 982/1005/1029 983/1007/1031 991/1015/1039 990/1013/1037
f 983/1007/1031 984/1008/1032 992/1016/1040 991/1015/1039
f 984/1008/1032 985/1009/1033 993/1017/1041 992/1016/1040
f 985/1009/1033 986/1010/1034 994/1018/1042 993/1017/1041
f 986/1010/1034 987/1011/1035 995/1019/1043 994/1018/1042
f 987/1011/1035 988/1012/1036 996/1020/1044 995/1019/1043
f 988/1012/1036 981/1373/1030 989/1372/1038 996/1020/1044
f 989/1014/1038 990/1013/1037 998/1021/1045 997/1022/1046
f 990/1013/1037 991/1015/1039 999/1023/1047 998/1021/1045
f 991/1015/1039 992/1016/1040 1000/1024/1048 999/1023/1047
f 992/1016/1040 993/1017/1041 1001/1025/1049 1000/1024/1048
f 993/1017/1041 994/1018/1042 1002/1026/1050 1001/1025/1049
f 994/1018/1042 995/1019/1043 1003/1027/1051 1002/1026/1050
f 995/1019/1043 996/1020/1044 1004/1028/1052 1003/1027/1051
f 996/1020/1044 989/1372/1038 997/1371/1046 1004/1028/1052
f 997/1022/1046 998/1021/1045 1006/1029/1053 1005/1030/1054
f 998/1021/1045 999/1023/1047 1007/1031/1055 1006/1029/1053
f 999/1023/1047 1000/1024/1048 1008/1032/1056 1007/1031/1055
f 1000/1024/1048 1001/1025/1049 1009/1033/1057 1008/1032/1056
f 1001/1025/1049 1002/1026/1050 1010/1034/1058 1009/1033/1057
f 1002/1026/1050 1003/1027/1051 1011/1035/1059 1010/1034/1058
f 1003/1027/1051 1004/1028/1052 1012/1036/1060 1011/1035/1059
f 1004/1028/1052 997/1371/1046 1005/1370/1054 1012/1036/1060
f 1005/1030/1054 1006/1029/1053 1014/1037/1061 1013/1038/1062
f 1006/1029/1053 1007/1031/1055 1015/1039/1063 1014/1037/1061
f 1007/1031/1055 1008/1032/1056 1016/1040/1064 1015/1039/1063
f 1008/1032/1056 1009/1033/1057 1017/1041/1065 1016/1040/1064
f 1009/1033/1057 1010/1034/1058 1018/1042/1066 1017/1041/1065
f 1010/1034/1058 1011/1035/1059 1019/1043/1067 1018/1042/1066
f 1011/1035/1059 1012/1036/1060 1020/1044/1068 1019/1043/1067
f 1012/1036/1060 1005/1370/1054 1013/1369/1062 1020/1044/1068
f 1013/1038/1062 1014/1037/1061 1022/1045/1069 1021/1046/1070
f 1014/1037/1061 1015/1039/1063 1023/1047/1071 1022/1045/1069
f 1015/1039/1063 1016/1040/1064 1024/1048/1072 1023/1047/1071
f 1016/1040/1064 1017/1041/1065 1025/1049/1073 1024/1048/1072
f 1017/1041/1065 1018/1042/1066 1026/1050/1074 1025/1049/1073
f 1018/1042/1066 1019/1043/1067 1027/1051/1075 1026/1050/1074
f 1019/1043/1067 1020/1044/1068 1028/1052/1076 1027/1051/1075
f 1020/1044/1068 1013/1369/1062 1021/1368/1070 1028/1052/1076
f 1021/1046/1070 1022/1045/1069 1030/1053/1077 1029/1054/1078
f 1022/1045/1069 1023/1047/1071 1031/1055/1079 1030/1053/1077
f 1023/1047/1071 1024/1048/1072 1032/1056/1080 1031/1055/1079
f 1024/1048/1072 1025/1049/1073 1033/1057/1081 1032/1056/1080
f 1025/1049/1073 1026/1050/1074 1034/1058/1082 1033/1057/1081
f 1026/1050/1074 1027/1051/1075 1035/1059/1083 1034/1058/1082
f 1027/1051/1075 1028/1052/1076 1036/1060/1084 1035/1059/1083
f 1028/1052/1076 1021/1368/1070 1029/1367/1078 1036/1060/1084
f 1029/1054/1078 1030/1053/1077 1038/1061/1085 1037/1062/1086
f 1030/1053/1077 1031/1055/1079 1039/1063/1087 1038/1061/1085
f 1031/1055/1079 1032/1056/1080 1040/1064/1088 1039/1063/1087
f 1032/1056/1080 1033/1057/1081 1041/1065/1089 1040/1064/1088
f 1033/1057/1081 1034/1058/1082 1042/1066/1090 1041/1065/1089
f 1034/1058/1082 1035/1059/1083 1043/1067/1091 1042/1066/1090
f 1035/1059/1083 1036/1060/1084 1044/1068/1092 1043/1067/1091
f 1036/1060/1084 1029/1367/1078 1037/1366/1086 1044/1068/1092
f 1037/1062/1086 1038/1061/1085 1046/1069/1093 1045/1070/1094
f 1038/1061/1085 1039/1063/1087 1047/1071/1095 1046/1069/1093
f 1039/1063/1087 1040/1064/1088 1048/1072/1096 1047/1071/1095
f 1040/1064/1088 1041/1065/1089 1049/1073/1097 1048/1072/1096
f 1041/1065/1089 1042/1066/1090 1050/1074/1098 1049/1073/1097
f 1042/1066/1090 1043/1067/1091 1051/1075/1099 1050/1074/1098
f 1043/1067/1091 1044/1068/1092 1052/1076/1100 1051/1075/1099
f 1044/1068/1092 1037/1366/1086 1045/1365/1094 1052/1076/1100
f 1045/1070/1094 1046/1069/1093 1054/1077/1101 1053/1078/1102
f 1046/1069/1093 1047/1071/1095 1055/1079/1103 1054/1077/1101
f 1047/1071/1095 1048/1072/1096 1056/1080/1104 1055/1079/1103
f 1048/1072/1096 1049/1073/1097 1057/1081/1105 1056/1080/1104
f 1049/1073/1097 1050/1074/1098 1058/1082/1106 1057/1081/1105
f 1050/1074/1098 1051/1075/1099 1059/1083/1107 1058/1082/1106
f 1051/1075/1099 1052/1076/1100 1060/1084/1108 1059/1083/1107
f 1052/1076/1100 1045/1365/1094 1053/1364/1102 1060/1084/1108
f 1053/1078/1102 1054/1077/1101 1062/1085/1109 1061/1086/1110
f 1054/1077/1101 1055/1079/1103 1063/1087/1111 1062/1085/1109
f 1055/1079/1103 1056/1080/1104 1064/1088/1112 1063/1087/1111
f 1056/1080/1104 1057/1081/1105 1065/1089/1113 1064/1088/1112
f 1057/1081/1105 1058/1082/1106 1066/1090/1114 1065/1089/1113
f 1058/1082/1106 1059/1083/1107 1067/1091/1115 1066/1090/1114
f 1059/1083/1107 1060/1084/1108 1068/1092/1116 1067/1091/1115
f 1060/1084/1108 1053/1364/1102 1061/1363/1110 1068/1092/1116
f 1061/1086/1110 1062/1085/1109 1070/1093/1117 1069/1094/1118
f 1062/1085/1109 1063/1087/1111 1071/1095/1119 1070/1093/1117
f 1063/1087/1111 1064/1088/1112 1072/1096/1120 1071/1095/1119
f 1064/1088/1112 1065/1089/1113 1073/1097/1121 1072/1096/1120
f 1065/1089/1113 1066/1090/1114 1074/1098/1122 1073/1097/1121
f 1066/1090/1114 1067/1091/1115 1075/1099/1123 1074/1098/1122
f 1067/1091/1115 1068/1092/1116 1076/1100/1124 1075/1099/1123
f 1068/1092/1116 1061/1363/1110 1069/1362/1118 1076/1100/1124
f 1069/1094/1118 1070/1093/1117 1078/1101/1125 1077/1102/1126
f 1070/1093/1117 1071/1095/1119 1079/1103/1127 1078/1101/1125
f 1071/1095/1119 1072/1096/1120 1080/1104/1128 1079/1103/1127
f 1072/1096/1120 1073/1097/1121 1081/1105/1129 1080/1104/1128
f 1073/1097/1121 1074/1098/1122 1082/1106/1130 1081/1105/1129
f 1074/1098/1122 1075/1099/1123 1083/1107/1131 1082/1106/1130
f 1075/1099/1123 1076/1100/1124 1084/1108/1132 1083/1107/1131
f 1076/1100/1124 1069/1362/1118 1077/1361/1126 1084/1108/1132
f 1077/1102/1126 1078/1101/1125 1086/1109/1133 1085/1110/1134
f 1078/1101/1125 1079/1103/1127 1087/1111/1135 1086/1109/1133
f 1079/1103/1127 1080/1104/1128 1088/1112/1136 1087/1111/1135
f 1080/1104/1128 1081/1105/1129 1089/1113/1137 1088/1112/1136
f 1081/1105/1129 1082/1106/1130 1090/1114/1138 1089/1113/1137
f 1082/1106/1130 1083/1107/1131 1091/1115/1139 1090/1114/1138
f 1083/1107/1131 1084/1108/1132 1092/1116/1140 1091/1115/1139
f 1084/1108/1132 1077/1361/1126 1085/1360/1134 1092/1116/1140
f 1085/1110/1134 1086/1109/1133 1094/1117/1141 1093/1118/1142
f 1086/1109/1133 1087/1111/1135 1095/1119/1143 1094/1117/1141
f 1087/1111/1135 1088/1112/1136 1096/1120/1144 1095/1119/1143
f 1088/1112/1136 1089/1113/1137 1097/1121/1145 1096/1120/1144
f 1089/1113/1137 1090/1114/1138 1098/1122/1146 1097/1121/1145
f 1090/1114/1138 1091/1115/1139 1099/1123/1147 1098/1122/1146
f 1091/1115/1139 1092/1116/1140 1100/1124/1148 1099/1123/1147
f 1092/1116/1140 1085/1360/1134 1093/1359/1142 1100/1124/1148
f 1093/1118/1142 1094/1117/1141 1102/1125/1149 1101/1126/1150
f 1094/1117/1141 1095/1119/1143 1103/1127/1151 1102/1125/1149
f 1095/1119/1143 1096/1120/1144 1104/1128/1152 1103/1127/1151
f 1096/1120/1144 1097/1121/1145 1105/1129/1153 1104/1128/1152
f 1097/1121/1145 1098/1122/1146 1106/1130/1154 1105/1129/1153
f 1098/1122/1146 1099/1123/1147 1107/1131/1155 1106/1130/1154
f 1099/1123/1147 1100/1124/1148 1108/1132/1156 1107/1131/1155
f 1100/1124/1148 1093/1359/1142 1101/1358/1150 1108/1132/1156
f 1101/1126/1150 1102/1125/1149 1110/1133/1157 1109/1134/1158
f 1102/1125/1149 1103/1127/1151 1111/1135/1159 1110/1133/1157
f 1103/1127/1151 1104/1128/1152 1112/1136/1160 1111/1135/1159
f 1104/1128/1152 1105/1129/1153 1113/1137/1161 1112/1136/1160
f 1105/1129/1153 1106/1130/1154 1114/1138/1162 1113/1137/1161
f 1106/1130/1154 1107/1131/1155 1115/1139/1163 1114/1138/1162
f 1107/1131/1155 1108/1132/1156 1116/1140/1164 1115/1139/1163
f 1108/1132/1156 1101/1358/1150 1109/1357/1158 1116/1140/1164
f 1109/1134/1158 1110/1133/1157 1118/1141/1165 1117/1142/1166
f 1110/1133/1157 1111/1135/1159 1119/1143/1167 1118/1141/1165
f 1111/1135/1159 1112/1136/1160 1120/1144/1168 1119/1143/1167
f 1112/1136/1160 1113/1137/1161 1121/1145/1169 1120/1144/1168
f 1113/1137/1161 1114/1138/1162 1122/1146/1170 1121/1145/1169
f 1114/1138/1162 1115/1139/1163 1123/1147/1171 1122/1146/1170
f 1115/1139/1163 1116/1140/1164 1124/1148/1172 1123/1147/1171
f 1116/1140/1164 1109/1357/1158 1117/1356/1166 1124/1148/1172
f 1117/1142/1166 1118/1141/1165 1126/1149/1173 1125/1150/1174
f 1118/1141/1165 1119/1143/1167 1127/1151/1175 1126/1149/1173
f 1119/1143/1167 1120/1144/1168 1128/1152/1176 1127/1151/1175
f 1120/1144/1168 1121/1145/1169 1129/1153/1177 1128/1152/1176
f 1121/1145/1169 1122/1146/1170 1130/1154/1178 1129/1153/1177
f 1122/1146/1170 1123/1147/1171 1131/1155/1179 1130/1154/1178
f 1123/1147/1171 1124/1148/1172 1132/1156/1180 1131/1155/1179
f 1124/1148/1172 1117/1356/1166 1125/1355/1174 1132/1156/1180
f 1125/1150/1174 1126/1149/1173 1134/1157/1181 1133/1158/1182
f 1126/1149/1173 1127/1151/1175 1135/1159/1183 1134/1157/1181
f 1127/1151/1175 1128/1152/1176 1136/1160/1184 1135/1159/1183
f 1128/1152/1176 1129/1153/1177 1137/1161/1185 1136/1160/1184
f 1129/1153/1177 1130/1154/1178 1138/1162/1186 1137/1161/1185
f 1130/1154/1178 1131/1155/1179 1139/1163/1187 1138/1162/1186
f 1131/1155/1179 1132/1156/1180 1140/1164/1188 1139/1163/1187
f 1132/1156/1180 1125/1355/1174 1133/1354/1182 1140/1164/1188
f 1133/1158/1182 1134/1157/1181 1142/1165/1189 1141/1166/1190
f 1134/1157/1181 1135/1159/1183 1143/1167/1191 1142/1165/1189
f 1135/1159/1183 1136/1160/1184 1144/1168/1192 1143/1167/1191
f 1136/1160/1184 1137/1161/1185 1145/1169/1193 1144/1168/1192
f 1137/1161/1185 1138/1162/1186 1146/1170/1194 1145/1169/1193
f 1138/1162/1186 1139/1163/1187 1147/1171/1195 1146/1170/1194
f 1139/1163/1187 1140/1164/1188 1148/1172/1196 1147/1171/1195
f 1140/1164/1188 1133/1354/1182 1141/1353/1190 1148/1172/1196
f 1141/1166/1190 1142/1165/1189 1150/1173/1197 1149/1174/1198
f 1142/1165/1189 1143/1167/1191 1151/1175/1199 1150/1173/1197
f 1143/1167/1191 1144/1168/1192 1152/1176/1200 1151/1175/1199
f 1144/1168/1192 1145/1169/1193 1153/1177/1201 1152/1176/1200
f 1145/1169/1193 1146/1170/1194 1154/1178/1202 1153/1177/1201
f 1146/1170/1194 1147/1171/1195 1155/1179/1203 1154/1178/1202
f 1147/1171/1195 1148/1172/1196 1156/1180/1204 1155/1179/1203
f 1148/1172/1196 1141/1353/1190 1149/1352/1198 1156/1180/1204
f 1149/1174/1198 1150/1173/1197 1158/1181/1205 1157/1182/1206
f 1150/1173/1197 1151/1175/1199 1159/1183/1207 1158/1181/1205
f 1151/1175/1199 1152/1176/1200 1160/1184/1208 1159/1183/1207
f 1152/1176/1200 1153/1177/1201 1161/1185/1209 1160/1184/1208
f 1153/1177/1201 1154/1178/1202 1162/1186/1210 1161/1185/1209
f 1154/1178/1202 1155/1179/1203 1163/1187/1211 1162/1186/1210
f 1155/1179/1203 1156/1180/1204 1164/1188/1212 1163/1187/1211
f 1156/1180/1204 1149/1352/1198 1157/1351/1206 1164/1188/1212
f 1157/1182/1206 1158/1181/1205 1166/1189/1213 1165/1190/1214
f 1158/1181/1205 1159/1183/1207 1167/1191/1215 1166/1189/1213
f 1159/1183/1207 1160/1184/1208 1168/1192/1216 1167/1191/1215
f 1160/1184/1208 1161/1185/1209 1169/1193/1217 1168/1192/1216
f 1161/1185/1209 1162/1186/1210 1170/1194/1218 1169/1193/1217
f 1162/1186/1210 1163/1187/1211 1171/1195/1219 1170/1194/1218
f 1163/1187/1211 1164/1188/1212 1172/1196/1220 1171/1195/1219
f 1164/1188/1212 1157/1351/1206 1165/1350/1214 1172/1196/1220
f 1165/1190/1214 1166/1189/1213 1174/1197/1221 1173/1198/1222
f 1166/1189/1213 1167/1191/1215 1175/1199/1223 1174/1197/1221
f 1167/1191/1215 1168/1192/1216 1176/1200/1224 1175/1199/1223
f 1168/1192/1216 1169/1193/1217 1177/1201/1225 1176/1200/1224
f 1169/1193/1217 1170/1194/1218 1178/1202/1226 1177/1201/1225
f 1170/1194/1218 1171/1195/1219 1179/1203/1227 1178/1202/1226
f 1171/1195/1219 1172/1196/1220 1180/1204/1228 1179/1203/1227
f 1172/1196/1220 1165/1350/1214 1173/1349/1222 1180/1204/1228
f 1173/1198/1222 1174/1197/1221 1182/1205/1229 1181/1206/1230
f 1174/1197/1221 1175/1199/1223 1183/1207/1231 1182/1205/1229
f 1175/1199/1223 1176/1200/1224 1184/1208/1232 1183/1207/1231
f 1176/1200/1224 1177/1201/1225 1185/1209/1233 1184/1208/1232
f 1177/1201/1225 1178/1202/1226 1186/1210/1234 1185/1209/1233
f 1178/1202/1226 1179/1203/1227 1187/1211/1235 1186/1210/1234
f 1179/1203/1227 1180/1204/1228 1188/1212/1236 1187/1211/1235
f 1180/1204/1228 1173/1349/1222 1181/1348/1230 1188/1212/1236
f 1181/1206/1230 1182/1205/1229 1190/1213/1237 1189/1214/1238
f 1182/1205/1229 1183/1207/1231 1191/1215/1239 1190/1213/1237
f 1183/1207/1231 1184/1208/1232 1192/1216/1240 1191/1215/1239
f 1184/1208/1232 1185/1209/1233 1193/1217/1241 1192/1216/1240
f 1185/1209/1233 1186/1210/1234 1194/1218/1242 1193/1217/1241
f 1186/1210/1234 1187/1211/1235 1195/1219/1243 1194/1218/1242
f 1187/1211/1235 1188/1212/1236 1196/1220/1244 1195/1219/1243
f 1188/1212/1236 1181/1348/1230 1189/1347/1238 1196/1220/1244
f 1189/1214/1238 1190/1213/1237 1198/1221/1245 1197/1222/1246
f 1190/1213/1237 1191/1215/1239 1199/1223/1247 1198/1221/1245
f 1191/1215/1239 1192/1216/1240 1200/1224/1248 1199/1223/1247
f 1192/1216/1240 1193/1217/1241 1201/1225/1249 1200/1224/1248
f 1193/1217/1241 1194/1218/1242 1202/1226/1250 1201/1225/1249
f 1194/1218/1242 1195/1219/1243 1203/1227/1251 1202/1226/1250
f 1195/1219/1243 1196/1220/1244 1204/1228/1252 1203/1227/1251
f 1196/1220/1244 1189/1347/1238 1197/1346/1246 1204/1228/1252
f 1197/1222/1246 1198/1221/1245 1206/1229/1253 1205/1230/1254
f 1198/1221/1245 1199/1223/1247 1207/1231/1255 1206/1229/1253
f 1199/1223/1247 1200/1224/1248 1208/1232/1256 1207/1231/1255
f 1200/1224/1248 1201/1225/1249 1209/1233/1257 1208/1232/1256
f 1201/1225/1249 1202/1226/1250 1210/1234/1258 1209/1233/1257
f 1202/1226/1250 1203/1227/1251 1211/1235/1259 1210/1234/1258
f 1203/1227/1251 1204/1228/1252 1212/1236/1260 1211/1235/1259
f 1204/1228/1252 1197/1346/1246 1205/1345/1254 1212/1236/1260
f 1205/1230/1254 1206/1229/1253 1214/1237/1261 1213/1238/1262
f 1206/1229/1253 1207/1231/1255 1215/1239/1263 1214/1237/1261
f 1207/1231/1255 1208/1232/1256 1216/1240/1264 1215/1239/1263
f 1208/1232/1256 1209/1233/1257 1217/1241/1265 1216/1240/1264
f 1209/1233/1257 1210/1234/1258 1218/1242/1266 1217/1241/1265
f 1210/1234/1258 1211/1235/1259 1219/1243/1267 1218/1242/1266
f 1211/1235/1259 1212/1236/1260 1220/1244/1268 1219/1243/1267
f 1212/1236/1260 1205/1345/1254 1213/1344/1262 1220/1244/1268
f 1213/1238/1262 1214/1237/1261 1222/1245/1269 1221/1246/1270
f 1214/1237/1261 1215/1239/1263 1223/1247/1271 1222/1245/1269
f 1215/1239/1263 1216/1240/1264 1224/1248/1272 1223/1247/1271
f 1216/1240/1264 1217/1241/1265 1225/1249/1273 1224/1248/1272
f 1217/1241/1265 1218/1242/1266 1226/1250/1274 1225/1249/1273
f 1218/1242/1266 1219/1243/1267 1227/1251/1275 1226/1250/1274
f 1219/1243/1267 1220/1244/1268 1228/1252/1276 1227/1251/1275
f 1220/1244/1268 1213/1344/1262 1221/1343/1270 1228/1252/1276
f 1221/1246/1270 1222/1245/1269 1230/1253/1277 1229/1254/1278
f 1222/1245/1269 1223/1247/1271 1231/1255/1279 1230/1253/1277
f 1223/1247/1271 1224/1248/1272 1232/1256/1280 1231/1255/1279
f 1224/1248/1272 1225/1249/1273 1233/1257/1281 1232/1256/1280
f 1225/1249/1273 1226/1250/1274 1234/1258/1282 1233/1257/1281
f 1226/1250/1274 1227/1251/1275 1235/1259/1283 1234/1258/1282
f 1227/1251/1275 1228/1252/1276 1236/1260/1284 1235/1259/1283
f 1228/1252/1276 1221/1343/1270 1229/1342/1278 1236/1260/1284
f 1229/1254/1278 1230/1253/1277 1238/1261/1285 1237/1262/1286
f 1230/1253/1277 1231/1255/1279 1239/1263/1287 1238/1261/1285
f 1231/1255/1279 1232/1256/1280 1240/1264/1288 1239/1263/1287
f 1232/1256/1280 1233/1257/1281 1241/1265/1289 1240/1264/1288
f 1233/1257/1281 1234/1258/1282 1242/1266/1290 1241/1265/1289
f 1234/1258/1282 1235/1259/1283 1243/1267/1291 1242/1266/1290
f 1235/1259/1283 1236/1260/1284 1244/1268/1292 1243/1267/1291
f 1236/1260/1284 1229/1342/1278 1237/1341/1286 1244/1268/1292
f 1237/1262/1286 1238/1261/1285 1246/1269/1293 1245/1270/1294
f 1238/1261/1285 1239/1263/1287 1247/1271/1295 1246/1269/1293
f 1239/1263/1287 1240/1264/1288 1248/1272/1296 1247/1271/1295
f 1240/1264/1288 1241/1265/1289 1249/1273/1297 1248/1272/1296
f 1241/1265/1289 1242/1266/1290 1250/1274/1298 1249/1273/1297
f 1242/1266/1290 1243/1267/1291 1251/1275/1299 1250/1274/1298
f 1243/1267/1291 1244/1268/1292 1252/1276/1300 1251/1275/1299
f 1244/1268/1292 1237/1341/1286 1245/1340/1294 1252/1276/1300
f 1245/1270/1294 1246/1269/1293 1254/1277/1301 1253/1278/1302
f 1246/1269/1293 1247/1271/1295 1255/1279/1303 1254/1277/1301
f 1247/1271/1295 1248/1272/1296 1256/1280/1304 1255/1279/1303
f 1248/1272/1296 1249/1273/1297 1257/1281/1305 1256/1280/1304
f 1249/1273/1297 1250/1274/1298 1258/1282/1306 1257/1281/1305
f 1250/1274/1298 1251/1275/1299 1259/1283/1307 1258/1282/1306
f 1251/1275/1299 1252/1276/1300 1260/1284/1308 1259/1283/1307
f 1252/1276/1300 1245/1340/1294 1253/1339/1302 1260/1284/1308
f 1253/1278/1302 1254/1277/1301 1262/1285/1309 1261/1286/1310
f 1254/1277/1301 1255/1279/1303 1263/1287/1311 1262/1285/1309
f 1255/1279/1303 1256/1280/1304 1264/1288/1312 1263/1287/1311
f 1256/1280/1304 1257/1281/1305 1265/1289/1313 1264/1288/1312
f 1257/1281/1305 1258/1282/1306 1266/1290/1314 1265/1289/1313
f 1258/1282/1306 1259/1283/1307 1267/1291/1315 1266/1290/1314
f 1259/1283/1307 1260/1284/1308 1268/1292/1316 1267/1291/1315
f 1260/1284/1308 1253/1339/1302 1261/1338/1310 1268/1292/1316
f 1261/1286/1310 1262/1285/1309 1270/1293/1317 1269/1294/1318
f 1262/1285/1309 1263/1287/1311 1271/1295/1319 1270/1293/1317
f 1263/1287/1311 1264/1288/1312 1272/1296/1320 1271/1295/1319
f 1264/1288/1312 1265/1289/1313 1273/1297/1321 1272/1296/1320
f 1265/1289/1313 1266/1290/1314 1274/1298/1322 1273/1297/1321
f 1266/1290/1314 1267/1291/1315 1275/1299/1323 1274/1298/1322
f 1267/1291/1315 1268/1292/1316 1276/1300/1324 1275/1299/1323
f 1268/1292/1316 1261/1338/1310 1269/1337/1318 1276/1300/1324
f 1269/1294/1318 1270/1293/1317 1278/1301/1325 1277/1302/1326
f 1270/1293/1317 1271/1295/1319 1279/1303/1327 1278/1301/1325
f 1271/1295/1319 1272/1296/1320 1280/1304/1328 1279/1303/1327
f 1272/1296/1320 1273/1297/1321 1281/1305/1329 1280/1304/1328
f 1273/1297/1321 1274/1298/1322 1282/1306/1330 1281/1305/1329
f 1274/1298/1322 1275/1299/1323 1283/1307/1331 1282/1306/1330
f 1275/1299/1323 1276/1300/1324 1284/1308/1332 1283/1307/1331
f 1276/1300/1324 1269/1337/1318 1277/1336/1326 1284/1308/1332
f 1277/1302/1326 1278/1301/1325 1286/1309/1333 1285/1310/1334
f 1278/1301/1325 1279/1303/1327 1287/1311/1335 1286/1309/1333
f 1279/1303/1327 1280/1304/1328 1288/1312/1336 1287/1311/1335
f 1280/1304/1328 1281/1305/1329 1289/1313/1337 1288/1312/1336
f 1281/1305/1329 1282/1306/1330 1290/1314/1338 1289/1313/1337
f 1282/1306/1330 1283/1307/1331 1291/1315/1339 1290/1314/1338
f 1283/1307/1331 1284/1308/1332 1292/1316/1340 1291/1315/1339
f 1284/1308/1332 1277/1336/1326 1285/1335/1334 1292/1316/1340
f 1285/1310/1334 1286/1309/1333 1294/1317/1341 1293/1318/1342
f 1286/1309/1333 1287/1311/1335 1295/1319/1343 1294/1317/1341
f 1287/1311/1335 1288/1312/1336 1296/1320/1344 1295/1319/1343
f 1288/1312/1336 1289/1313/1337 1297/1321/1345 1296/1320/1344
f 1289/1313/1337 1290/1314/1338 1298/1322/1346 1297/1321/1345
f 1290/1314/1338 1291/1315/1339 1299/1323/1347 1298/1322/1346
f 1291/1315/1339 1292/1316/1340 1300/1324/1348 1299/1323/1347
f 1292/1316/1340 1285/1335/1334 1293/1334/1342 1300/1324/1348
f 1293/1318/1342 1294/1317/1341 1302/1325/1349 1301/1326/1350
f 1294/1317/1341 1295/1319/1343 1303/1327/1351 1302/1325/1349
f 1295/1319/1343 1296/1320/1344 1304/1328/1352 1303/1327/1351
f 1296/1320/1344 1297/1321/1345 1305/1329/1353 1304/1328/1352
f 1297/1321/1345 1298/1322/1346 1306/1330/1354 1305/1329/1353
f 1298/1322/1346 1299/1323/1347 1307/1331/1355 1306/1330/1354
f 1299/1323/1347 1300/1324/1348 1308/1332/1356 1307/1331/1355
f 1300/1324/1348 1293/1334/1342 1301/1333/1350 1308/1332/1356
g default
v -1.459786 1.091496 0.339810
v -1.458071 1.112188 0.338080
v -1.458243 1.080307 0.298971
v -1.458243 1.112188 0.303209
v -1.400073 1.080307 0.298971
v -1.400073 1.112188 0.303209
v -1.398531 1.091496 0.339810
v -1.400245 1.112188 0.338080
v -1.492441 1.091496 0.340250
v -1.489515 1.112188 0.340636
v -1.484259 1.112188 0.303209
v -1.484259 1.080307 0.298971
v -1.374057 1.080307 0.298971
v -1.374057 1.112188 0.303209
v -1.368801 1.112188 0.340636
v -1.365876 1.091496 0.340250
v -1.472472 1.081004 0.380119
v -1.472472 1.109484 0.375307
v -1.500356 1.109484 0.374226
v -1.495561 1.081004 0.380119
v -1.385845 1.081004 0.380119
v -1.385845 1.109484 0.375307
v -1.362756 1.081004 0.380119
v -1.357960 1.109484 0.374226
v -1.466053 1.081641 0.297023
v -1.466053 1.105175 0.297023
v -1.478017 1.081641 0.297023
v -1.478017 1.105175 0.297023
v -1.392264 1.081641 0.297023
v -1.392264 1.105175 0.297023
v -1.380299 1.105175 0.297023
v -1.380299 1.081641 0.297023
v -1.429158 1.086583 0.302831
v -1.429158 1.094650 0.339810
v -1.461114 1.112188 0.334185
v -1.460850 1.112188 0.309300
v -1.485735 1.112188 0.309037
v -1.485999 1.112188 0.333922
v -1.397733 1.112188 0.309579
v -1.396923 1.112188 0.334452
v -1.372050 1.112188 0.333643
v -1.372860 1.112188 0.308770
v -1.354181 1.099502 0.385089
v -1.384232 1.099464 0.385090
v -1.407356 1.100625 0.341848
v -1.429158 1.096249 0.341831
v -1.450960 1.100625 0.341848
v -1.474085 1.099464 0.385090
v -1.504135 1.099502 0.385089
v -1.497936 1.100663 0.340250
v -1.488522 1.098280 0.298263
v -1.481743 1.094819 0.290884
v -1.462996 1.094792 0.290885
v -1.454663 1.093875 0.298263
v -1.429158 1.093875 0.298246
v -1.403653 1.093875 0.298263
v -1.395321 1.094792 0.290885
v -1.376573 1.094819 0.290884
v -1.369794 1.098280 0.298263
v -1.360380 1.100663 0.340250
v -1.410748 1.102410 0.345688
v -1.429158 1.099176 0.345694
v -1.404872 1.108323 0.345466
v -1.429158 1.108323 0.345876
v -1.447568 1.102410 0.345688
v -1.453444 1.108323 0.345466
v -1.415706 1.108323 0.345876
v -1.415706 1.100793 0.345703
v -1.415703 1.098437 0.341839
v -1.411351 1.097439 0.339810
v -1.408656 1.089373 0.302831
v -1.411728 1.093875 0.298255
v -1.442610 1.108323 0.345876
v -1.442610 1.100793 0.345703
v -1.442613 1.098437 0.341839
v -1.446966 1.097439 0.339810
v -1.449661 1.089373 0.302831
v -1.446588 1.093875 0.298255
v -1.488909 1.112188 0.321425
v -1.491270 1.112188 0.321275
v -1.493229 1.099472 0.320055
v -1.487876 1.085306 0.321509
v -1.459014 1.085306 0.321510
v -1.449661 1.089373 0.320888
v -1.429158 1.086583 0.324176
v -1.408655 1.089373 0.320888
v -1.399302 1.085306 0.321510
v -1.370440 1.085306 0.321510
v -1.365087 1.099472 0.320055
v -1.367046 1.112188 0.321275
v -1.367303 1.112188 0.321039
v -1.402479 1.112188 0.322183
v -1.403926 1.112188 0.327398
v -1.411728 1.112188 0.324207
v -1.429158 1.112188 0.324207
v -1.446588 1.112188 0.324207
v -1.454390 1.112188 0.327398
v -1.455828 1.112188 0.321798
v -1.473611 1.112188 0.339207
v -1.475639 1.112188 0.339810
v -1.484016 1.109484 0.388948
v -1.484016 1.099483 0.397278
v -1.484016 1.081004 0.388948
v -1.475639 1.091496 0.339810
v -1.471251 1.080307 0.298971
v -1.471251 1.081641 0.297023
v -1.471251 1.105175 0.297023
v -1.471251 1.112188 0.303209
v -1.473238 1.112188 0.304015
v -1.384319 1.112188 0.339199
v -1.382677 1.112188 0.339810
v -1.374300 1.109484 0.388948
v -1.374300 1.099483 0.397278
v -1.374300 1.081004 0.388948
v -1.382677 1.091496 0.339810
v -1.387065 1.080307 0.298971
v -1.387065 1.081641 0.297023
v -1.387065 1.105175 0.297023
v -1.387065 1.112188 0.303209
v -1.385464 1.112188 0.304023
v -1.462636 1.113738 0.332631
v -1.458004 1.113738 0.321775
v -1.473425 1.113738 0.321611
v -1.473588 1.113738 0.337032
v -1.473261 1.113738 0.306190
v -1.462405 1.113738 0.310822
v -1.488846 1.113738 0.321448
v -1.484445 1.113738 0.332400
v -1.484214 1.113738 0.310591
v -1.384891 1.113738 0.321611
v -1.384390 1.113738 0.337025
v -1.373637 1.113738 0.332156
v -1.369477 1.113738 0.321110
v -1.385393 1.113738 0.306197
v -1.374347 1.113738 0.310357
v -1.400305 1.113738 0.322113
v -1.395436 1.113738 0.332865
v -1.396145 1.113738 0.311066
v -1.410560 1.114246 0.326446
v -1.400163 1.114246 0.336299
v -1.403321 1.114246 0.329220
v -1.410016 1.114246 0.346696
v -1.402936 1.114246 0.343538
v -1.420413 1.114246 0.336843
v -1.417255 1.114246 0.343923
v -1.417639 1.114246 0.329604
v -1.447736 1.114246 0.326131
v -1.437501 1.114246 0.336947
v -1.440379 1.114246 0.329419
v -1.448317 1.114246 0.347182
v -1.440789 1.114246 0.344304
v -1.458552 1.114246 0.336366
v -1.455674 1.114246 0.343893
v -1.455263 1.114246 0.329009
v -1.420289 1.112085 0.327398
v -1.422142 1.112026 0.338052
v -1.420404 1.112075 0.343942
v -1.437871 1.112153 0.327303
v -1.435979 1.112081 0.338105
v -1.437776 1.112098 0.344136
v -1.429080 1.112119 0.327351
v -1.429061 1.112053 0.338079
v -1.429090 1.112087 0.344039
v -1.447790 1.115212 0.328072
v -1.439458 1.115212 0.336877
v -1.441801 1.115212 0.330749
v -1.448263 1.115212 0.345209
v -1.442135 1.115212 0.342867
v -1.456595 1.115212 0.336404
v -1.454253 1.115212 0.342532
v -1.453918 1.115212 0.330414
v -1.410509 1.115212 0.328329
v -1.402045 1.115212 0.336350
v -1.404616 1.115212 0.330586
v -1.410066 1.115212 0.344814
v -1.404303 1.115212 0.342243
v -1.418530 1.115212 0.336793
v -1.415959 1.115212 0.342556
v -1.416273 1.115212 0.330899
v -1.447790 1.112585 0.328072
v -1.439458 1.112585 0.336877
v -1.441801 1.112585 0.330749
v -1.448263 1.112585 0.345209
v -1.442135 1.112585 0.342867
v -1.456595 1.112585 0.336404
v -1.454253 1.112585 0.342532
v -1.453918 1.112585 0.330414
v -1.410509 1.112585 0.328329
v -1.402045 1.112585 0.336350
v -1.404616 1.112585 0.330586
v -1.410066 1.112585 0.344814
v -1.404303 1.112585 0.342243
v -1.418530 1.112585 0.336793
v -1.415959 1.112585 0.342556
v -1.416273 1.112585 0.330899
v -1.447895 1.112585 0.331788
v -1.443205 1.112585 0.336743
v -1.444524 1.112585 0.333294
v -1.448161 1.112585 0.341432
v -1.444712 1.112585 0.340114
v -1.452850 1.112585 0.336477
v -1.451531 1.112585 0.339926
v -1.451343 1.112585 0.333106
v -1.410412 1.112585 0.331932
v -1.405649 1.112585 0.336447
v -1.407096 1.112585 0.333203
v -1.410163 1.112585 0.341210
v -1.406919 1.112585 0.339763
v -1.414927 1.112585 0.336696
v -1.413480 1.112585 0.339939
v -1.413656 1.112585 0.333379
v -1.447894 1.116910 0.331788
v -1.443205 1.116910 0.336743
v -1.444524 1.116910 0.333294
v -1.448161 1.116910 0.341432
v -1.444712 1.116910 0.340114
v -1.452850 1.116910 0.336477
v -1.451532 1.116910 0.339926
v -1.451343 1.116910 0.333106
v -1.410412 1.116910 0.331932
v -1.405649 1.116910 0.336447
v -1.407096 1.116910 0.333203
v -1.410163 1.116910 0.341210
v -1.406919 1.116910 0.339763
v -1.414927 1.116910 0.336696
v -1.413480 1.116910 0.339939
v -1.413656 1.116910 0.333379
v -1.447816 1.117602 0.329005
v -1.440399 1.117602 0.336843
v -1.442484 1.117602 0.331388
v -1.448238 1.117602 0.344261
v -1.442782 1.117602 0.342176
v -1.455655 1.117602 0.336423
v -1.453570 1.117602 0.341878
v -1.453272 1.117602 0.331090
v -1.410485 1.117602 0.329233
v -1.402950 1.117602 0.336374
v -1.405239 1.117602 0.331243
v -1.410090 1.117602 0.343909
v -1.404960 1.117602 0.341620
v -1.417626 1.117602 0.336768
v -1.415337 1.117602 0.341899
v -1.415616 1.117602 0.331522
v -1.447816 1.118991 0.329005
v -1.440399 1.118991 0.336843
v -1.442484 1.118991 0.331388
v -1.448238 1.118991 0.344261
v -1.442782 1.118991 0.342176
v -1.455655 1.118991 0.336423
v -1.453570 1.118991 0.341878
v -1.453272 1.118991 0.331090
v -1.410485 1.118991 0.329233
v -1.402950 1.118991 0.336374
v -1.405239 1.118991 0.331243
v -1.410090 1.118991 0.343909
v -1.404960 1.118991 0.341620
v -1.417626 1.118991 0.336768
v -1.415337 1.118991 0.341899
v -1.415616 1.118991 0.331522
v -1.447880 1.119605 0.331262
v -1.442675 1.119605 0.336762
v -1.444138 1.119605 0.332934
v -1.448175 1.119605 0.341967
v -1.444347 1.119605 0.340504
v -1.453380 1.119605 0.336467
v -1.451917 1.119605 0.340295
v -1.451708 1.119605 0.332725
v -1.410426 1.119605 0.331423
v -1.405139 1.119605 0.336433
v -1.406745 1.119605 0.332833
v -1.410149 1.119605 0.341720
v -1.406549 1.119605 0.340114
v -1.415436 1.119605 0.336710
v -1.413830 1.119605 0.340310
v -1.414026 1.119605 0.333028
v -1.447889 1.118951 0.331595
v -1.448143 1.118951 0.336490
v -1.443010 1.118951 0.336750
v -1.444382 1.118951 0.333162
v -1.448166 1.118951 0.341629
v -1.444578 1.118951 0.340258
v -1.453045 1.118951 0.336473
v -1.451673 1.118951 0.340062
v -1.451477 1.118951 0.332966
v -1.410417 1.118951 0.331745
v -1.410158 1.118951 0.336425
v -1.405461 1.118951 0.336442
v -1.406966 1.118951 0.333067
v -1.410158 1.118951 0.341398
v -1.406783 1.118951 0.339892
v -1.415114 1.118951 0.336701
v -1.413609 1.118951 0.340076
v -1.413792 1.118951 0.333250
v -1.353775 1.099815 0.363056
v -1.364789 1.079044 0.363477
v -1.378489 1.079044 0.363476
v -1.392188 1.079044 0.363477
v -1.395794 1.099770 0.369387
v -1.393045 1.110836 0.362612
v -1.378489 1.110836 0.362612
v -1.359914 1.110836 0.363156
v -1.504541 1.099815 0.363056
v -1.493527 1.079044 0.363476
v -1.479828 1.079044 0.363476
v -1.466128 1.079044 0.363476
v -1.462523 1.099770 0.369387
v -1.465271 1.110836 0.362612
v -1.479828 1.110836 0.362612
v -1.498402 1.110836 0.363156
v -1.464636 1.087728 0.333271
v -1.464087 1.081537 0.321405
v -1.475927 1.087728 0.333271
v -1.474364 1.081537 0.321405
v -1.463538 1.079636 0.303864
v -1.472802 1.079636 0.303864
v -1.486939 1.087728 0.333556
v -1.484641 1.081537 0.321405
v -1.482065 1.079636 0.303864
v -1.382390 1.087728 0.333271
v -1.383952 1.081537 0.321405
v -1.373675 1.081537 0.321405
v -1.371378 1.087728 0.333556
v -1.385515 1.079636 0.303864
v -1.376251 1.079636 0.303864
v -1.394229 1.081537 0.321405
v -1.393680 1.087728 0.333271
v -1.394778 1.079636 0.303864
v -1.445891 1.095310 0.298338
v -1.429158 1.095310 0.298332
v -1.445891 1.114145 0.302097
v -1.429158 1.114145 0.302097
v -1.412425 1.095310 0.298338
v -1.406300 1.095310 0.298345
v -1.412425 1.114145 0.302097
v -1.406507 1.114145 0.302097
v -1.452017 1.095310 0.298345
v -1.451809 1.114145 0.302097
v -1.412425 1.114145 0.320446
v -1.406507 1.114145 0.320446
v -1.429158 1.114145 0.320446
v -1.445891 1.114145 0.320446
v -1.451809 1.114145 0.320446
v -1.444589 1.091395 0.301010
v -1.443036 1.092668 0.298653
v -1.429158 1.092671 0.298646
v -1.429158 1.087788 0.300030
v -1.415280 1.092668 0.298653
v -1.413728 1.091395 0.301010
v -1.466053 1.081641 0.294712
v -1.462996 1.094792 0.288574
v -1.471251 1.081641 0.294712
v -1.471586 1.094806 0.288574
v -1.466053 1.105175 0.294712
v -1.471251 1.105175 0.294712
v -1.478017 1.081641 0.294712
v -1.481743 1.094819 0.288573
v -1.478017 1.105175 0.294712
v -1.387065 1.081641 0.294712
v -1.386731 1.094806 0.288574
v -1.376573 1.094819 0.288573
v -1.380299 1.081641 0.294712
v -1.387065 1.105175 0.294712
v -1.380299 1.105175 0.294712
v -1.392264 1.081641 0.294712
v -1.395321 1.094792 0.288574
v -1.392264 1.105175 0.294712
v -1.467145 1.075669 0.300256
v -1.471394 1.075669 0.300256
v -1.471394 1.075669 0.297946
v -1.467145 1.075669 0.297946
v -1.476924 1.075669 0.300256
v -1.476924 1.075669 0.297946
v -1.386922 1.075669 0.300256
v -1.381392 1.075669 0.300256
v -1.386922 1.075669 0.297946
v -1.381392 1.075669 0.297946
v -1.391171 1.075669 0.300256
v -1.391171 1.075669 0.297946
vt 0.089931 0.261536
vt 0.077053 0.259678
vt 0.083032 0.236819
vt 0.099641 0.241106
vt 0.690758 0.380093
vt 0.156742 0.216865
vt 0.171658 0.216097
vt 0.714626 0.380093
vt 0.243677 0.241100
vt 0.070633 0.079526
vt 0.266268 0.259674
vt 0.253390 0.261533
vt 0.171659 0.269082
vt 0.171659 0.271986
vt 0.155754 0.273631
vt 0.150355 0.271197
vt 0.906412 0.195009
vt 0.911506 0.199703
vt 0.906594 0.204999
vt 0.903521 0.200102
vt 0.147612 0.246050
vt 0.171660 0.249283
vt 0.107519 0.309240
vt 0.112705 0.329167
vt 0.091462 0.335232
vt 0.095049 0.315741
vt 0.200507 0.103851
vt 0.195095 0.090531
vt 0.212427 0.089668
vt 0.214404 0.106617
vt 0.689217 0.173756
vt 0.711016 0.174160
vt 0.712263 0.182201
vt 0.690455 0.185691
vt 0.128793 0.244259
vt 0.127585 0.259257
vt 0.113174 0.256834
vt 0.117109 0.243172
vt 0.681659 0.295438
vt 0.703467 0.298930
vt 0.701276 0.312837
vt 0.680288 0.305979
vt 0.104322 0.089316
vt 0.102126 0.106127
vt 0.090156 0.098634
vt 0.087229 0.086313
vt 0.251849 0.335232
vt 0.248265 0.315740
vt 0.258613 0.305732
vt 0.277573 0.317230
vt 0.230146 0.256831
vt 0.226210 0.243168
vt 0.237959 0.241381
vt 0.244395 0.254499
vt 0.116243 0.293556
vt 0.209723 0.152406
vt 0.214015 0.137384
vt 0.229301 0.132787
vt 0.242415 0.159069
vt 0.225957 0.149237
vt 0.264253 0.126246
vt 0.088512 0.289459
vt 0.084703 0.305732
vt 0.065741 0.317228
vt 0.102626 0.290307
vt 0.196811 0.276299
vt 0.210227 0.269249
vt 0.227074 0.293554
vt 0.107739 0.151865
vt 0.230987 0.264429
vt 0.254806 0.289459
vt 0.240692 0.290305
vt 0.052929 0.126493
vt 0.082278 0.106698
vt 0.099513 0.109276
vt 0.087921 0.132505
vt 0.067257 0.128979
vt 0.185613 0.050774
vt 0.135388 0.221284
vt 0.127785 0.216656
vt 0.688841 0.170989
vt 0.121990 0.218372
vt 0.122073 0.215779
vt 0.108836 0.218676
vt 0.090451 0.210942
vt 0.693004 0.202332
vt 0.715875 0.195391
vt 0.210480 0.068074
vt 0.197749 0.068817
vt 0.669663 0.176095
vt 0.669107 0.187834
vt 0.207926 0.221284
vt 0.131487 0.050900
vt 0.705079 0.284227
vt 0.681481 0.284227
vt 0.106595 0.067876
vt 0.093132 0.067798
vt 0.721091 0.314974
vt 0.724818 0.301054
vt 0.082607 0.055159
vt 0.234476 0.218667
vt 0.228730 0.215516
vt 0.700918 0.315569
vt 0.221322 0.218367
vt 0.221238 0.215774
vt 0.192964 0.271197
vt 0.195708 0.246051
vt 0.207303 0.245791
vt 0.187563 0.273630
vt 0.833581 0.278836
vt 0.838410 0.274377
vt 0.843165 0.278934
vt 0.838400 0.281790
vt 0.194500 0.223083
vt 0.190345 0.215584
vt 0.194964 0.112451
vt 0.189348 0.097226
vt 0.191891 0.090430
vt 0.198326 0.106600
vt 0.212537 0.068990
vt 0.199377 0.075743
vt 0.233038 0.086330
vt 0.234737 0.106957
vt 0.229188 0.100822
vt 0.230560 0.086898
vt 0.217472 0.109665
vt 0.214929 0.109553
vt 0.127658 0.096923
vt 0.121995 0.111961
vt 0.118239 0.106476
vt 0.125165 0.090649
vt 0.087539 0.100147
vt 0.101589 0.109039
vt 0.084012 0.085987
vt 0.084317 0.085773
vt 0.104934 0.068785
vt 0.091412 0.073467
vt 0.075244 0.158988
vt 0.062637 0.140137
vt 0.103206 0.136927
vt 0.187110 0.278860
vt 0.136126 0.127931
vt 0.130978 0.120752
vt 0.143136 0.122123
vt 0.156206 0.278861
vt 0.171658 0.277460
vt 0.158327 0.121572
vt 0.173563 0.122625
vt 0.249962 0.128982
vt 0.254743 0.140041
vt 0.223980 0.068133
vt 0.670700 0.199030
vt 0.671767 0.178765
vt 0.672606 0.187399
vt 0.713943 0.079923
vt 0.176454 0.054186
vt 0.739093 0.108803
vt 0.713938 0.108798
vt 0.679580 0.079920
vt 0.140681 0.054421
vt 0.688783 0.108793
vt 0.679885 0.108791
vt 0.119305 0.068708
vt 0.725649 0.292462
vt 0.721317 0.300632
vt 0.719711 0.311880
vt 0.843267 0.269341
vt 0.846124 0.274107
vt 0.916549 0.204833
vt 0.911655 0.207996
vt 0.146507 0.276300
vt 0.150702 0.280503
vt 0.185892 0.121427
vt 0.833669 0.269246
vt 0.838443 0.266381
vt 0.186572 0.216867
vt 0.188527 0.219907
vt 0.830717 0.274064
vt 0.916391 0.194873
vt 0.919550 0.199822
vt 0.133093 0.269250
vt 0.136017 0.245792
vt 0.152969 0.215582
vt 0.148815 0.223081
vt 0.182941 0.053146
vt 0.192519 0.069795
vt 0.911369 0.191955
vt 0.226009 0.074079
vt 0.129835 0.225487
vt 0.120172 0.224116
vt 0.171658 0.225193
vt 0.223142 0.224111
vt 0.232683 0.223733
vt 0.104871 0.071850
vt 0.093284 0.075707
vt 0.117960 0.075916
vt 0.688777 0.136378
vt 0.131095 0.087862
vt 0.713932 0.136383
vt 0.739087 0.136388
vt 0.747984 0.136390
vt 0.212553 0.072058
vt 0.201155 0.077856
vt 0.228925 0.087184
vt 0.226548 0.099344
vt 0.098925 0.254504
vt 0.105360 0.241387
vt 0.110631 0.223740
vt 0.713634 0.192741
vt 0.692646 0.199600
vt 0.674217 0.198644
vt 0.224031 0.076266
vt 0.121921 0.090701
vt 0.116080 0.103719
vt 0.091502 0.148917
vt 0.230607 0.329164
vt 0.235796 0.309238
vt 0.215735 0.259255
vt 0.214527 0.244258
vt 0.213480 0.225485
vt 0.682905 0.287397
vt 0.704702 0.286994
vt 0.722147 0.291998
vt 0.116139 0.077985
vt 0.128247 0.100220
vt 0.124791 0.109286
vt 0.137501 0.092663
vt 0.136200 0.096068
vt 0.129469 0.114940
vt 0.137073 0.116616
vt 0.150697 0.109286
vt 0.148419 0.116554
vt 0.144499 0.115109
vt 0.147743 0.107664
vt 0.148071 0.096574
vt 0.144515 0.099440
vt 0.187321 0.115724
vt 0.192299 0.109789
vt 0.179716 0.117258
vt 0.179480 0.092930
vt 0.188834 0.100375
vt 0.180692 0.096125
vt 0.168666 0.096603
vt 0.172033 0.099438
vt 0.165857 0.109435
vt 0.168629 0.107914
vt 0.168191 0.116908
vt 0.171985 0.115617
vt 0.158356 0.096763
vt 0.158284 0.109458
vt 0.158300 0.116636
vt 0.158455 0.093159
vt 0.881750 0.185497
vt 0.887216 0.222696
vt 0.887366 0.177183
vt 0.894700 0.229265
vt 0.935757 0.222976
vt 0.941296 0.214796
vt 0.932962 0.174542
vt 0.924197 0.169977
vt 0.823178 0.302867
vt 0.861473 0.297048
vt 0.815484 0.297162
vt 0.867187 0.289361
vt 0.861394 0.251044
vt 0.853712 0.245324
vt 0.815347 0.251144
vt 0.809640 0.258835
vt 0.885073 0.187743
vt 0.890168 0.220104
vt 0.890297 0.179809
vt 0.897398 0.226265
vt 0.932834 0.220352
vt 0.937970 0.212528
vt 0.930682 0.177752
vt 0.922380 0.173547
vt 0.825616 0.299654
vt 0.858643 0.294327
vt 0.818201 0.294329
vt 0.863977 0.286918
vt 0.858671 0.253871
vt 0.851267 0.248532
vt 0.818179 0.253862
vt 0.812852 0.261275
vt 0.890924 0.188442
vt 0.894399 0.216537
vt 0.894281 0.183475
vt 0.898942 0.220441
vt 0.928686 0.216499
vt 0.932331 0.211670
vt 0.927420 0.182239
vt 0.922225 0.179074
vt 0.826639 0.293986
vt 0.854918 0.290533
vt 0.821991 0.290599
vt 0.858310 0.285888
vt 0.854875 0.257593
vt 0.850233 0.254198
vt 0.821907 0.257653
vt 0.818520 0.262300
vt 0.895353 0.192443
vt 0.899605 0.211937
vt 0.899405 0.188424
vt 0.903521 0.216184
vt 0.923789 0.211758
vt 0.927712 0.207393
vt 0.922967 0.187574
vt 0.918472 0.183846
vt 0.830790 0.289417
vt 0.849878 0.285764
vt 0.826755 0.285554
vt 0.853746 0.281731
vt 0.850101 0.262630
vt 0.846073 0.258761
vt 0.826952 0.262418
vt 0.823088 0.266451
vt 0.896957 0.197000
vt 0.902360 0.209241
vt 0.902106 0.190948
vt 0.908247 0.214610
vt 0.920923 0.209012
vt 0.926135 0.202946
vt 0.920426 0.190445
vt 0.914230 0.185455
vt 0.835025 0.288138
vt 0.847318 0.283087
vt 0.829429 0.282991
vt 0.852470 0.277494
vt 0.847422 0.265190
vt 0.841836 0.260035
vt 0.829515 0.265093
vt 0.824367 0.270686
vt 0.898628 0.198577
vt 0.903713 0.207894
vt 0.903537 0.192242
vt 0.909903 0.212963
vt 0.919530 0.207736
vt 0.924439 0.201336
vt 0.919206 0.191910
vt 0.912691 0.187172
vt 0.836676 0.286509
vt 0.845944 0.281766
vt 0.830749 0.281615
vt 0.850843 0.275840
vt 0.846101 0.266564
vt 0.840181 0.261661
vt 0.830891 0.266413
vt 0.825995 0.272337
vt 0.902378 0.199654
vt 0.905891 0.205715
vt 0.905678 0.194309
vt 0.911150 0.209156
vt 0.917261 0.205526
vt 0.920682 0.200341
vt 0.917086 0.194149
vt 0.911842 0.190838
vt 0.837893 0.282907
vt 0.843865 0.279643
vt 0.832871 0.279535
vt 0.847242 0.274617
vt 0.843976 0.268642
vt 0.838955 0.265263
vt 0.832971 0.268537
vt 0.829598 0.273555
vt 0.112333 0.264432
vt 0.171658 0.214655
vt 0.725038 0.173888
vt 0.122143 0.208104
vt 0.722524 0.180991
vt 0.721533 0.174354
vt 0.726108 0.192207
vt 0.723684 0.189653
vt 0.666743 0.302382
vt 0.221162 0.208099
vt 0.671397 0.294229
vt 0.670239 0.302891
vt 0.670764 0.284467
vt 0.672387 0.287592
vt 0.216264 0.208425
vt 0.667898 0.293744
vt 0.215525 0.216653
vt 0.227531 0.207879
vt 0.678046 0.308628
vt 0.726022 0.180500
vt 0.115775 0.207887
vt 0.114580 0.215524
vt 0.127041 0.208427
vt 0.712440 0.170989
vt 0.171658 0.221771
vt 0.737266 0.372534
vt 0.733997 0.369222
vt 0.713402 0.372562
vt 0.154787 0.219905
vt 0.692810 0.375916
vt 0.185965 0.088125
vt 0.747990 0.108805
vt 0.178716 0.088190
vt 0.158462 0.088351
vt 0.138297 0.087926
vt 0.124541 0.069671
vt 0.679880 0.136376
vt 0.748307 0.079933
vt 0.739099 0.079930
vt 0.158643 0.055168
vt 0.688789 0.079920
vt 0.134130 0.053310
vt 0.106429 0.057158
vt 0.097995 0.057014
vt 0.210784 0.057333
vt 0.219261 0.057281
vt 0.241680 0.203202
vt 0.119820 0.044550
vt 0.112817 0.057301
vt 0.136000 0.203500
vt 0.204335 0.057391
vt 0.227967 0.045366
vt 0.136300 0.098360
vt 0.142826 0.101069
vt 0.145494 0.107440
vt 0.136966 0.114796
vt 0.142994 0.113227
vt 0.127372 0.108473
vt 0.130687 0.113343
vt 0.129927 0.101716
vt 0.189704 0.108921
vt 0.187094 0.101780
vt 0.180564 0.098539
vt 0.179831 0.115379
vt 0.186040 0.114111
vt 0.170951 0.107647
vt 0.173492 0.113620
vt 0.173772 0.101129
vt 0.132913 0.310387
vt 0.228521 0.165944
vt 0.063319 0.286861
vt 0.251374 0.102606
vt 0.210402 0.310383
vt 0.129482 0.128298
vt 0.279999 0.286862
vt 0.050584 0.153073
vt 0.070961 0.172615
vt 0.089236 0.165646
vt 0.246943 0.172615
vt 0.267008 0.152742
vt 0.260285 0.236809
vt 0.065588 0.102542
vt 0.246389 0.079920
vt 0.234697 0.055642
vt 0.177026 0.052517
vt 0.158641 0.053537
vt 0.174158 0.131015
vt 0.180597 0.128548
vt 0.140101 0.052757
vt 0.197908 0.212689
vt 0.142356 0.130495
vt 0.158157 0.132151
vt 0.187422 0.128938
vt 0.192614 0.280502
vt 0.252859 0.210931
vt 0.089537 0.044987
vt 0.207301 0.203499
vt 0.145401 0.212685
vt 0.197349 0.044536
vt 0.101628 0.203211
vt 0.829598 0.274574
vt 0.837932 0.265263
vt 0.847243 0.273599
vt 0.838907 0.282909
vt 0.910879 0.190810
vt 0.912215 0.209110
vt 0.902415 0.200615
vt 0.826005 0.275504
vt 0.837000 0.261669
vt 0.850837 0.272675
vt 0.839830 0.286503
vt 0.909624 0.187093
vt 0.913355 0.212832
vt 0.898768 0.201609
vt 0.824260 0.277065
vt 0.835439 0.259925
vt 0.852583 0.271118
vt 0.841389 0.288249
vt 0.908014 0.185417
vt 0.914987 0.214532
vt 0.897047 0.203168
vt 0.822621 0.281547
vt 0.830959 0.258285
vt 0.854228 0.266642
vt 0.845866 0.289893
vt 0.903382 0.183968
vt 0.919501 0.215924
vt 0.895600 0.207464
vt 0.818357 0.286203
vt 0.826305 0.254021
vt 0.858500 0.261996
vt 0.850517 0.294161
vt 0.898801 0.179911
vt 0.924175 0.220379
vt 0.891008 0.211663
vt 0.813017 0.287118
vt 0.825391 0.248680
vt 0.863841 0.261091
vt 0.851427 0.299503
vt 0.897751 0.174101
vt 0.925440 0.226005
vt 0.885441 0.212172
vt 0.809662 0.289541
vt 0.822970 0.245324
vt 0.867202 0.258675
vt 0.853845 0.302861
vt 0.895224 0.170823
vt 0.928006 0.229265
vt 0.881889 0.214293
vt 0.920691 0.199276
vt 0.924450 0.197888
vt 0.926111 0.196214
vt 0.927525 0.191422
vt 0.931494 0.186398
vt 0.937234 0.184513
vt 0.940168 0.181578
vt 0.668875 0.287125
vt 0.667815 0.305444
vt 0.727187 0.189145
vt 0.723156 0.171230
vt 0.724251 0.289327
vt 0.723240 0.312272
vt 0.672836 0.201739
vt 0.668246 0.179237
vn -0.635030 -0.711074 -0.301846
vn -0.972626 -0.015617 -0.231853
vn -0.984469 -0.034747 -0.172087
vn -0.893573 -0.440464 -0.086708
vn -0.090525 -0.500403 -0.861047
vn -0.090525 -0.500403 -0.861047
vn 0.000000 -0.502468 -0.864596
vn 0.000000 -0.502468 -0.864596
vn 0.893571 -0.440470 -0.086705
vn 0.984469 -0.034752 -0.172085
vn 0.972626 -0.015619 -0.231850
vn 0.635025 -0.711078 -0.301845
vn 0.000001 -0.891634 0.452756
vn -0.000001 -0.805313 0.592850
vn -0.117809 -0.773463 0.622798
vn 0.029208 -0.877751 0.478225
vn -0.004981 0.983526 0.180698
vn 0.000000 1.000000 0.000007
vn -0.175435 0.984480 -0.004686
vn -0.129329 0.984003 0.122527
vn 0.109369 -0.971996 0.207996
vn -0.000000 -0.973582 0.228337
vn 0.639441 -0.598335 0.482816
vn 0.787477 0.045088 0.614693
vn -0.052239 0.056778 0.997019
vn -0.002654 -0.681170 0.732121
vn 0.000000 1.000000 -0.000006
vn 0.000000 1.000000 -0.000006
vn 0.000000 1.000000 -0.000001
vn 0.000000 1.000000 -0.000003
vn 0.000010 -0.008407 -0.999965
vn -0.000314 -0.433693 -0.901061
vn -0.000269 -0.436051 -0.899922
vn 0.000016 0.000067 -1.000000
vn 0.171452 -0.948594 0.266035
vn 0.136928 -0.882681 0.449583
vn 0.004718 -0.879080 0.476651
vn 0.001314 -0.961976 0.273132
vn 0.000268 -0.436058 -0.899919
vn -0.000020 0.000067 -1.000000
vn -0.000013 -0.009421 -0.999956
vn 0.000256 -0.433786 -0.901016
vn 0.000000 1.000000 -0.000001
vn 0.000000 1.000000 0.000000
vn 0.000000 1.000000 0.000000
vn 0.000000 1.000000 -0.000003
vn 0.052243 0.056778 0.997019
vn 0.002655 -0.681168 0.732122
vn 0.635977 -0.703551 0.317096
vn 0.852515 -0.036658 0.521416
vn -0.004720 -0.879078 0.476655
vn -0.001314 -0.961976 0.273132
vn 0.197374 -0.950437 0.240237
vn 0.162055 -0.895061 0.415457
vn 0.600816 -0.798885 0.028333
vn 0.916782 -0.010431 0.399252
vn 0.470437 0.847550 0.245658
vn 0.002933 0.997861 0.065303
vn -0.004735 0.859565 0.511004
vn 0.438745 0.827837 0.349556
vn -0.977924 -0.121907 -0.169716
vn -0.522016 -0.825854 -0.213223
vn -0.635976 -0.703554 0.317091
vn -0.852515 -0.036658 0.521415
vn -0.000962 -0.966597 -0.256300
vn -0.896477 -0.099597 0.431752
vn -0.585667 -0.805876 0.086940
vn -0.600814 -0.798886 0.028336
vn -0.916782 -0.010433 0.399251
vn 0.001167 -0.957315 -0.289043
vn 0.522018 -0.825853 -0.213222
vn 0.000961 -0.966596 -0.256303
vn 0.977924 -0.121909 -0.169717
vn 0.504690 0.860661 -0.067455
vn -0.002523 0.998668 0.051534
vn -0.002933 0.997861 0.065304
vn 0.439350 0.896940 -0.049701
vn 0.382600 0.016464 -0.923767
vn 0.548061 -0.768571 -0.330043
vn 0.425454 -0.444046 -0.788551
vn 0.503603 0.103480 -0.857716
vn 0.000000 -0.963967 -0.266023
vn 0.000000 -0.048239 0.998836
vn -0.848047 -0.429692 -0.310131
vn -0.915662 -0.004020 -0.401930
vn -0.564221 0.003211 -0.825617
vn -0.589588 -0.436903 -0.679340
vn 0.000000 0.849331 -0.527860
vn -0.029319 0.777220 -0.628546
vn 0.330420 0.516651 -0.789870
vn 0.000000 0.661521 -0.749926
vn -0.548056 -0.768572 -0.330047
vn -0.382604 0.016463 -0.923766
vn -0.503596 0.103483 -0.857719
vn -0.425441 -0.444052 -0.788554
vn 0.000002 0.850361 -0.526201
vn 0.755442 0.481998 -0.443830
vn 0.249278 0.572340 -0.781209
vn 0.000003 0.661516 -0.749931
vn 0.915660 -0.004024 -0.401933
vn 0.848042 -0.429699 -0.310134
vn 0.589581 -0.436907 -0.679343
vn 0.564210 0.003215 -0.825625
vn 0.000001 -0.963968 -0.266019
vn -0.000007 -0.048211 0.998837
vn -0.029208 -0.877755 0.478218
vn -0.109369 -0.971997 0.207992
vn -0.469930 -0.852241 0.229895
vn 0.117805 -0.773451 0.622813
vn 0.005038 0.982209 0.187722
vn 0.000000 1.000000 0.000001
vn -0.187504 0.982251 0.005029
vn -0.131521 0.981549 0.138797
vn -0.194152 -0.975714 -0.101425
vn -0.205620 -0.348025 -0.914658
vn 0.348173 0.896317 0.274576
vn -0.212289 0.971077 -0.109285
vn 0.211568 0.977361 0.002254
vn 0.136946 0.980653 0.139878
vn 0.002122 0.979766 -0.200133
vn 0.137117 0.981418 -0.134230
vn -0.881437 0.439622 -0.172629
vn -0.502696 0.861848 -0.067192
vn -0.111668 0.987956 0.107110
vn -0.301976 0.953307 -0.004081
vn 0.002527 0.998664 0.051616
vn -0.002239 0.977347 0.211632
vn 0.199514 0.975090 -0.096925
vn -0.350442 0.896654 0.270558
vn -0.134692 0.980405 0.143753
vn -0.210240 0.977626 0.006840
vn 0.133014 0.983246 0.124638
vn 0.006684 0.978625 0.205544
vn 0.886530 0.428859 -0.173624
vn 0.313783 0.949440 -0.010213
vn -0.006486 0.979914 -0.199314
vn 0.226501 0.943539 -0.241728
vn 0.004737 0.859568 0.511000
vn 0.452066 0.869647 0.198371
vn -0.470433 0.847553 0.245656
vn 0.071286 -0.353191 0.932831
vn 0.338396 -0.382469 0.859771
vn 0.547282 -0.257151 0.796465
vn -0.016086 0.059613 0.998092
vn -0.071290 -0.353193 0.932830
vn 0.000000 -0.372931 0.927859
vn 0.001244 0.115845 0.993267
vn 0.018232 0.036018 0.999185
vn -0.439354 0.896938 -0.049702
vn -0.452058 0.869651 0.198372
vn -0.753669 0.485722 -0.442784
vn -0.249283 0.572337 -0.781209
vn 0.000510 0.509234 -0.860628
vn 0.000464 0.509450 -0.860500
vn 0.000000 0.195843 -0.980635
vn -0.000277 0.195758 -0.980652
vn -0.000184 0.760009 -0.649913
vn -0.000000 0.761249 -0.648460
vn 0.000523 0.195524 -0.980699
vn 0.000277 0.195760 -0.980652
vn 0.000184 0.760011 -0.649911
vn 0.000350 0.754682 -0.656090
vn 0.029251 0.778330 -0.627174
vn -0.330412 0.516657 -0.789869
vn -0.000468 0.509457 -0.860496
vn -0.000432 0.509640 -0.860388
vn -0.004863 0.983474 -0.180985
vn -0.133727 0.982881 -0.126739
vn 0.004846 0.984485 -0.175400
vn -0.119002 0.984920 -0.125585
vn 0.896478 -0.099596 0.431750
vn -0.338404 -0.382468 0.859768
vn -0.541958 -0.289758 0.788874
vn 0.181186 0.983437 -0.004877
vn 0.122534 0.984007 -0.129292
vn 0.090525 -0.500407 -0.861045
vn 0.090525 -0.500407 -0.861045
vn 0.134016 0.982805 0.127023
vn 0.180661 0.983532 0.005142
vn 0.129447 0.984009 -0.122348
vn 0.585670 -0.805874 0.086938
vn 0.469930 -0.852240 0.229896
vn 0.205602 -0.348012 -0.914667
vn 0.194152 -0.975714 -0.101429
vn -0.000523 0.195526 -0.980698
vn -0.000350 0.754691 -0.656080
vn 0.126078 0.983011 0.133391
vn -0.189547 0.963332 -0.189903
vn 0.189732 -0.978041 0.086244
vn 0.000000 -0.998793 0.049126
vn -0.000000 -0.996741 -0.080663
vn 0.000000 -0.998793 0.049126
vn 0.232083 -0.971850 0.040567
vn 0.000000 1.000000 -0.000003
vn 0.000000 1.000000 -0.000006
vn -0.140892 0.981183 -0.132019
vn 0.000000 1.000000 0.000000
vn 0.000000 1.000000 0.000000
vn 0.000000 1.000000 0.000000
vn 0.000000 1.000000 0.000000
vn 0.000000 1.000000 0.000000
vn 0.000000 1.000000 -0.000000
vn 0.000000 1.000000 -0.000006
vn 0.000000 1.000000 0.000003
vn 0.000000 1.000000 0.000000
vn -0.162057 -0.895063 0.415451
vn -0.197375 -0.950437 0.240237
vn -0.232081 -0.971850 0.040570
vn -0.000261 -0.433778 -0.901020
vn 0.000007 -0.009420 -0.999956
vn 0.000425 0.509633 -0.860392
vn 0.000000 1.000000 0.000006
vn 0.000000 1.000000 0.000000
vn 0.000000 1.000000 0.000000
vn -0.438748 0.827836 0.349554
vn -0.787480 0.045092 0.614689
vn -0.639444 -0.598331 0.482816
vn -0.136927 -0.882680 0.449586
vn -0.171454 -0.948592 0.266038
vn -0.189735 -0.978040 0.086250
vn 0.000316 -0.433698 -0.901058
vn -0.000011 -0.008407 -0.999965
vn -0.000510 0.509240 -0.860625
vn 0.000000 1.000000 0.000000
vn 0.580180 0.814465 0.006153
vn 0.405906 0.814451 0.414620
vn -0.006158 0.814435 0.580222
vn 0.414604 0.814457 -0.405911
vn 0.006145 0.814448 -0.580204
vn -0.502869 0.731491 0.460482
vn -0.828027 0.560650 -0.006535
vn -0.492013 0.732336 -0.470751
vn 0.423403 0.814450 0.396737
vn 0.018877 0.814449 0.579929
vn 0.579919 0.814456 -0.018872
vn 0.396723 0.814451 -0.423415
vn -0.018863 0.814459 -0.579915
vn -0.396726 0.814445 0.423424
vn -0.579932 0.814447 0.018874
vn -0.423408 0.814463 -0.396706
vn 0.716332 0.445443 -0.537075
vn 0.958658 0.279604 -0.052884
vn -0.052662 0.988005 0.145168
vn 0.022304 0.782307 -0.622493
vn 0.588467 0.213502 0.779823
vn 0.093349 0.199443 0.975453
vn -0.157216 0.987443 0.015459
vn -0.176397 0.698049 0.693983
vn -0.405256 0.539294 0.738194
vn -0.617552 0.786216 -0.022225
vn -0.102861 0.992191 -0.070540
vn -0.435927 0.819321 -0.372399
vn -0.608410 0.143956 0.780458
vn -0.978497 0.197193 -0.060483
vn -0.096456 0.146242 0.984535
vn 0.053480 0.988650 0.140400
vn -0.750960 0.357038 -0.555503
vn -0.028825 0.759060 -0.650382
vn 0.107574 0.991108 -0.078307
vn 0.442242 0.810998 -0.383019
vn 0.164608 0.986200 0.017737
vn 0.625812 0.779696 -0.020829
vn 0.190780 0.672292 0.715281
vn 0.415078 0.499908 0.760133
vn 0.003021 0.999931 0.011342
vn 0.003382 0.999992 0.001948
vn 0.003903 0.850119 0.526576
vn 0.000461 0.950873 0.309582
vn 0.322415 0.895837 -0.305819
vn 0.442125 0.896879 0.011531
vn 0.012251 0.895368 -0.445158
vn 0.302957 0.897846 0.319516
vn -0.012160 0.898193 0.439433
vn -0.320321 0.897736 0.302431
vn -0.442397 0.896727 -0.012879
vn -0.305229 0.895744 -0.323230
vn 0.313892 0.889799 -0.331253
vn 0.456159 0.889814 -0.012261
vn -0.012264 0.889794 -0.456199
vn 0.331206 0.889803 0.313930
vn 0.012272 0.889797 0.456191
vn -0.313880 0.889816 0.331221
vn -0.456159 0.889814 0.012247
vn -0.331220 0.889804 -0.313914
vn -0.999619 0.000029 -0.027590
vn -0.726349 0.000044 0.687326
vn -0.558499 0.639334 0.528518
vn -0.766788 0.641551 -0.021160
vn -0.027586 0.000015 0.999620
vn -0.021235 0.638314 0.769483
vn 0.027577 0.000015 -0.999620
vn -0.687333 0.000007 -0.726342
vn -0.526026 0.643644 -0.555894
vn 0.021104 0.644411 -0.764388
vn 0.999620 -0.000029 0.027581
vn 0.726355 0.000007 -0.687320
vn 0.556016 0.643433 -0.526155
vn 0.767066 0.641219 0.021168
vn 0.687337 -0.000029 0.726339
vn 0.528654 0.639087 0.558652
vn -0.999640 0.000000 0.026850
vn -0.687856 0.000000 0.725847
vn -0.536040 0.626658 0.565651
vn -0.779001 0.626674 0.020919
vn 0.026856 0.000000 0.999639
vn 0.020929 0.626658 0.779013
vn -0.026865 0.000000 -0.999639
vn -0.725836 0.000000 -0.687867
vn -0.565632 0.626668 -0.536048
vn -0.020936 0.626673 -0.779001
vn 0.999640 0.000000 -0.026850
vn 0.687851 0.000000 -0.725852
vn 0.536032 0.626670 -0.565645
vn 0.779016 0.626655 -0.020929
vn 0.725841 0.000000 0.687863
vn 0.565648 0.626655 0.536047
vn 0.403709 0.831313 -0.382019
vn 0.553355 0.832806 0.015289
vn 0.015351 0.830618 -0.556631
vn 0.379008 0.834229 0.400519
vn -0.015188 0.834752 0.550416
vn -0.400680 0.834071 0.379186
vn -0.553657 0.832605 -0.015274
vn -0.382179 0.831157 -0.403878
vn 0.391151 0.822594 -0.412724
vn 0.568428 0.822592 -0.015274
vn -0.015280 0.822590 -0.568430
vn 0.412724 0.822598 0.391143
vn 0.015273 0.822590 0.568430
vn -0.391131 0.822607 0.412716
vn -0.568430 0.822590 0.015264
vn -0.412741 0.822580 -0.391162
vn 0.560504 -0.635793 -0.530662
vn 0.769742 -0.638010 0.020993
vn 0.021296 -0.634755 -0.772420
vn 0.528168 -0.640151 0.557894
vn -0.021198 -0.640920 0.767315
vn -0.558300 -0.639902 0.528040
vn -0.770002 -0.637679 -0.021518
vn -0.530533 -0.635542 -0.560911
vn 0.538098 -0.622956 -0.567782
vn 0.781973 -0.622958 -0.020992
vn -0.021010 -0.622960 -0.781972
vn 0.567772 -0.622964 0.538099
vn 0.020988 -0.622979 0.781957
vn -0.538083 -0.622965 0.567786
vn -0.781970 -0.622962 0.021007
vn -0.567782 -0.622969 -0.538083
vn 0.526879 -0.688706 -0.498078
vn 0.722767 -0.690790 0.020416
vn 0.020063 -0.687742 -0.725678
vn 0.495449 -0.692776 0.524015
vn -0.019854 -0.693494 0.720189
vn -0.523723 -0.692554 0.496068
vn -0.723081 -0.690488 -0.019497
vn -0.498698 -0.688484 -0.526583
vn 0.506441 -0.676731 -0.534372
vn 0.735966 -0.676729 -0.019771
vn -0.019764 -0.676727 -0.735968
vn 0.534385 -0.676741 0.506414
vn 0.019777 -0.676737 0.735959
vn -0.506435 -0.676723 0.534387
vn -0.735972 -0.676723 0.019786
vn -0.534391 -0.676734 -0.506416
vn 0.562129 0.633688 -0.531461
vn 0.771498 0.635859 0.021761
vn 0.021375 0.632655 -0.774139
vn 0.529094 0.637909 0.559581
vn -0.021208 0.638658 0.769199
vn -0.559268 0.637677 0.529705
vn -0.771804 0.635518 -0.020843
vn -0.532087 0.633423 -0.561835
vn 0.539055 0.621192 -0.568806
vn 0.783415 0.621142 -0.021047
vn -0.021059 0.621187 -0.783379
vn 0.568848 0.621164 0.539043
vn 0.021050 0.621195 0.783373
vn -0.539037 0.621187 0.568829
vn -0.783385 0.621180 0.021052
vn -0.568823 0.621164 -0.539069
vn 0.070209 0.995279 -0.067018
vn 0.096583 0.995323 0.002101
vn 0.002646 0.995260 -0.097212
vn 0.066374 0.995365 0.069587
vn -0.002675 0.995381 0.095968
vn -0.070170 0.995361 0.065825
vn -0.096618 0.995316 -0.003238
vn -0.066468 0.995275 -0.070776
vn 0.068584 0.995019 -0.072346
vn 0.099675 0.995017 -0.002671
vn -0.002674 0.995019 -0.099648
vn 0.072369 0.995019 0.068563
vn 0.002677 0.995020 0.099641
vn -0.068577 0.995020 0.072341
vn -0.099663 0.995018 0.002666
vn -0.072378 0.995017 -0.068583
vn -0.001168 -0.957315 -0.289044
vn -0.000000 -0.110257 -0.993903
vn -0.000552 0.058954 -0.998261
vn 0.000000 0.059015 -0.998257
vn 0.000550 0.058959 -0.998260
vn 0.163898 0.189781 -0.968050
vn 0.370800 0.783038 -0.499358
vn -0.163916 0.189767 -0.968050
vn -0.370827 0.783006 -0.499388
vn 0.293355 0.950891 0.098739
vn -0.024835 0.900492 0.434163
vn 0.000000 0.887060 0.461654
vn 0.024835 0.900493 0.434161
vn -0.293372 0.950885 0.098748
vn -0.011325 -0.457482 -0.889147
vn -0.120648 -0.735346 -0.666867
vn -0.000000 -0.314900 -0.949125
vn 0.000003 -0.735589 -0.677428
vn 0.011327 -0.457494 -0.889141
vn 0.120654 -0.735357 -0.666853
vn 0.999984 0.005685 0.000000
vn 0.978621 -0.205674 0.000000
vn 0.976092 -0.217359 0.000000
vn 0.999945 -0.010494 0.000000
vn 0.635057 -0.772465 0.000000
vn 0.000000 -1.000000 0.000000
vn 0.000000 -1.000000 0.000000
vn 0.809455 -0.587183 0.000000
vn 0.693131 0.720812 0.000000
vn 0.830268 0.557364 0.000000
vn 0.000000 1.000000 0.000000
vn 0.000000 1.000000 0.000000
vn -0.547601 -0.836740 0.000000
vn -0.747362 -0.664417 0.000000
vn -0.972826 -0.231538 0.000000
vn -0.999977 0.006817 0.000000
vn -0.999923 -0.012454 0.000000
vn -0.967104 -0.254380 0.000000
vn -0.602056 0.798454 0.000000
vn -0.760694 0.649111 0.000000
vn 0.999977 0.006810 0.000000
vn 0.972831 -0.231518 0.000000
vn 0.967108 -0.254365 0.000000
vn 0.999922 -0.012459 0.000000
vn 0.547608 -0.836735 0.000000
vn 0.000000 -1.000000 0.000000
vn 0.000000 -1.000000 0.000000
vn 0.747375 -0.664403 0.000000
vn 0.000000 1.000000 0.000000
vn 0.602078 0.798437 0.000000
vn 0.760717 0.649084 0.000000
vn 0.000000 1.000000 0.000000
vn -0.978622 -0.205667 0.000000
vn -0.999984 0.005693 0.000000
vn -0.999945 -0.010485 0.000000
vn -0.976094 -0.217347 0.000000
vn -0.635060 -0.772463 0.000000
vn -0.809459 -0.587177 0.000000
vn -0.693136 0.720807 0.000000
vn -0.830271 0.557360 0.000000
vn 0.000000 0.476088 0.879398
vn 0.000000 0.476093 0.879395
vn 0.000000 -0.476098 -0.879392
vn 0.000000 -0.476091 -0.879396
vn 0.000000 0.476084 0.879400
vn 0.000000 -0.476086 -0.879399
vn -0.000005 0.476097 0.879393
vn 0.000000 0.476093 0.879395
vn 0.000000 -0.476094 -0.879395
vn 0.000005 -0.476097 -0.879393
vn -0.000011 0.476102 0.879390
vn 0.000011 -0.476100 -0.879391
s 1
g pCube136
usemtl initialShadingGroup
f 1317/1503/1357 1358/1504/1358 1389/1505/1359 1390/1506/1360
s 2
f 1651/1507/1361 1652/1896/1362 1653/1894/1363 1654/1510/1364
s 1
f 1396/1511/1365 1397/1947/1366 1368/1513/1367 1324/1514/1368
f 1342/1515/1369 1354/1516/1370 1383/1517/1371 1384/1518/1372
s 5
f 1584/1519/1373 1585/1520/1374 1586/1521/1375 1587/1522/1376
s 1
f 1342/1515/1369 1384/1518/1372 1392/1523/1377 1393/1524/1378
f 1325/1525/1379 1356/1526/1380 1410/1527/1381 1411/1528/1382
s 7
f 1429/1529/1383 1430/1530/1384 1431/1531/1385 1432/1532/1386
s 8
f 1658/1533/1387 1657/1534/1388 1659/1535/1389 1660/1536/1390
s 1
f 1619/1537/1391 1618/1538/1392 1620/1539/1393 1621/1540/1394
s 10
f 1666/1541/1395 1667/1542/1396 1668/1543/1397 1669/1544/1398
s 11
f 1438/1545/1399 1439/1546/1400 1440/1547/1401 1441/1548/1402
s 1
f 1421/1549/1403 1422/1550/1404 1331/1551/1405 1351/1552/1406
f 1627/1553/1407 1628/1554/1408 1629/1555/1409 1630/1556/1410
f 1613/1557/1411 1614/1935/1412 1356/1526/1380 1325/1525/1379
f 1615/1559/1413 1616/1560/1414 1409/1561/1415 1326/1562/1416
f 1610/1937/1417 1611/1564/1418 1328/1565/1419 1357/1566/1420
f 1612/1567/1421 1613/1557/1411 1325/1525/1379 1411/1528/1382
f 1353/1568/1422 1315/1569/1423 1605/1570/1424 1606/1939/1425
f 1423/1572/1426 1324/1514/1368 1603/1573/1427 1604/1574/1428
f 1324/1514/1368 1368/1513/1367 1602/1941/1429 1603/1573/1427
f 1323/1576/1430 1419/1577/1431 1608/1578/1432 1609/1579/1433
f 1362/1964/1434 1311/1581/1435 1333/1582/1436 1361/1916/1437
f 1311/1581/1435 1413/1584/1438 1414/1585/1439 1333/1582/1436
f 1320/1586/1440 1359/1587/1441 1360/1966/1442 1335/1888/1443
f 1416/1590/1444 1312/1591/1445 1334/1917/1446 1415/1911/1447
f 1313/1594/1448 1364/1956/1449 1365/1963/1450 1337/1883/1451
f 1427/1598/1452 1322/1599/1453 1339/1910/1454 1426/1909/1455
f 1367/1961/1456 1321/1603/1457 1340/1604/1458 1366/1913/1459
f 1321/1603/1457 1424/1606/1460 1425/1607/1461 1340/1604/1458
f 1315/1569/1423 1378/1608/1462 1394/1609/1463 1395/1610/1464
f 1315/1569/1423 1353/1568/1422 1377/1611/1465 1378/1608/1462
s 21
f 1593/1612/1466 1594/1613/1467 1595/1614/1468 1596/1615/1469
s 1
f 1379/1616/1470 1380/1617/1471 1364/1956/1449 1313/1594/1448
f 1310/1618/1472 1405/1619/1473 1406/1620/1474 1343/1621/1475
f 1312/1591/1445 1416/1590/1444 1417/1622/1476 1344/1623/1477
f 1388/1624/1478 1318/1625/1479 1346/1626/1480 1387/1627/1481
f 1408/1628/1482 1310/1618/1472 1343/1621/1475 1407/1629/1483
f 1401/1630/1484 1316/1631/1485 1348/1632/1486 1400/1633/1487
f 1419/1577/1431 1323/1576/1430 1349/1634/1488 1418/1635/1489
f 1323/1576/1430 1398/1636/1490 1399/1637/1491 1349/1634/1488
f 1322/1599/1453 1427/1598/1452 1428/1638/1492 1350/1639/1493
f 1420/1640/1494 1421/1943/1403 1351/1942/1406 1332/1641/1495
f 1316/1631/1485 1353/1940/1422 1606/1571/1425 1607/1642/1496
f 1376/1957/1497 1369/1644/1498 1371/1645/1499 1375/1646/1500
f 1382/1953/1501 1370/1958/1502 1372/1649/1503 1381/1650/1504
f 1356/1936/1380 1614/1558/1412 1615/1559/1413 1326/1562/1416
f 1410/1945/1381 1356/1936/1380 1326/1562/1416 1409/1561/1415
f 1617/1651/1505 1610/1563/1417 1357/1946/1420 1327/1652/1506
f 1389/1949/1359 1358/1938/1358 1318/1625/1479 1388/1624/1478
f 1360/1918/1442 1359/1950/1441 1319/1653/1507 1336/1912/1508
s 8
f 1661/1655/1509 1658/1533/1387 1660/1536/1390 1662/1656/1510
s 1
f 1312/1591/1445 1362/1580/1434 1361/1965/1437 1334/1917/1446
s 24
f 1637/1657/1511 1636/1905/1512 1638/1659/1513 1639/1660/1514
f 1641/1661/1515 1640/1907/1516 1642/1663/1517 1643/1664/1518
s 1
f 1365/1914/1450 1364/1595/1449 1314/1665/1519 1338/1915/1520
s 10
f 1668/1543/1397 1667/1542/1396 1670/1667/1521 1671/1668/1522
s 1
f 1322/1599/1453 1367/1602/1456 1366/1962/1459 1339/1910/1454
f 1368/1948/1367 1397/1512/1366 1398/1636/1490 1323/1576/1430
f 1609/1579/1433 1602/1575/1429 1368/1948/1367 1323/1576/1430
f 1377/1611/1465 1353/1568/1422 1369/1960/1498 1376/1643/1497
f 1353/1940/1422 1316/1631/1485 1371/1645/1499 1369/1644/1498
s 21
f 1595/1614/1468 1594/1613/1467 1597/1669/1523 1598/1670/1524
s 1
f 1383/1517/1371 1354/1516/1370 1370/1648/1502 1382/1647/1501
s 5
f 1586/1521/1375 1585/1520/1374 1588/1671/1525 1589/1672/1526
s 1
f 1310/1618/1472 1355/1959/1527 1373/1954/1528 1374/1675/1529
s 21
f 1594/1613/1467 1599/1676/1530 1600/1677/1531 1597/1669/1523
s 1
f 1370/1958/1502 1376/1957/1497 1375/1646/1500 1372/1649/1503
f 1354/1516/1370 1377/1611/1465 1376/1643/1497 1370/1648/1502
f 1378/1608/1462 1377/1611/1465 1354/1516/1370 1342/1515/1369
f 1394/1609/1463 1378/1608/1462 1342/1515/1369 1393/1524/1378
s 2
f 1654/1510/1364 1653/1894/1363 1655/1893/1532 1656/1892/1533
s 24
f 1642/1663/1517 1640/1907/1516 1637/1657/1511 1639/1660/1514
s 21
f 1601/1680/1534 1599/1676/1530 1594/1613/1467 1593/1612/1466
s 5
f 1585/1520/1374 1590/1681/1535 1591/1682/1536 1588/1671/1525
s 1
f 1373/1954/1528 1382/1953/1501 1381/1650/1504 1374/1675/1529
f 1355/1673/1527 1383/1517/1371 1382/1647/1501 1373/1674/1528
f 1384/1518/1372 1383/1517/1371 1355/1673/1527 1309/1683/1537
f 1392/1523/1377 1384/1518/1372 1309/1683/1537 1391/1684/1538
f 1311/1581/1435 1362/1964/1434 1386/1685/1539 1385/1686/1540
s 24
f 1638/1659/1513 1636/1905/1512 1644/1904/1541 1645/1898/1542
s 5
f 1590/1681/1535 1585/1520/1374 1584/1519/1373 1592/1689/1543
s 1
f 1319/1653/1507 1388/1624/1478 1387/1627/1481 1345/1690/1544
f 1359/1950/1441 1389/1949/1359 1388/1624/1478 1319/1653/1507
f 1390/1506/1360 1389/1505/1359 1359/1587/1441 1320/1586/1440
f 1622/1691/1545 1619/1537/1391 1621/1540/1394 1623/1692/1546
f 1385/1686/1540 1392/1523/1377 1391/1684/1538 1311/1581/1435
f 1393/1524/1378 1392/1523/1377 1385/1686/1540 1341/1693/1547
f 1379/1616/1470 1394/1609/1463 1393/1524/1378 1341/1693/1547
f 1395/1610/1464 1394/1609/1463 1379/1616/1470 1313/1594/1448
f 1629/1555/1409 1628/1554/1408 1631/1694/1548 1632/1695/1549
f 1321/1603/1457 1367/1961/1456 1397/1947/1366 1396/1511/1365
f 1398/1636/1490 1397/1512/1366 1367/1602/1456 1322/1599/1453
f 1399/1637/1491 1398/1636/1490 1322/1599/1453 1350/1639/1493
s 11
f 1442/1696/1550 1438/1545/1399 1441/1548/1402 1443/1697/1551
s 1
f 1314/1665/1519 1401/1630/1484 1400/1633/1487 1347/1698/1552
s 24
f 1642/1663/1517 1646/1699/1553 1647/1903/1554 1643/1664/1518
f 1639/1660/1514 1648/1701/1555 1646/1699/1553 1642/1663/1517
f 1638/1659/1513 1649/1702/1556 1648/1701/1555 1639/1660/1514
f 1650/1703/1557 1649/1702/1556 1638/1659/1513 1645/1898/1542
s 1
f 1406/1620/1474 1405/1619/1473 1312/1591/1445 1344/1623/1477
s 7
f 1433/1704/1558 1431/1531/1385 1430/1530/1384 1434/1705/1559
f 1432/1532/1386 1431/1531/1385 1435/1706/1560 1436/1707/1561
s 1
f 1318/1625/1479 1408/1628/1482 1407/1629/1483 1346/1626/1480
f 1409/1561/1415 1616/1560/1414 1617/1651/1505 1327/1652/1506
f 1357/1946/1420 1410/1945/1381 1409/1561/1415 1327/1652/1506
f 1411/1528/1382 1410/1527/1381 1357/1566/1420 1328/1565/1419
f 1611/1564/1418 1612/1567/1421 1411/1528/1382 1328/1565/1419
f 1621/1540/1394 1620/1539/1393 1624/1708/1562 1625/1709/1563
f 1623/1692/1546 1621/1540/1394 1625/1709/1563 1626/1710/1564
f 1414/1585/1439 1413/1584/1438 1320/1586/1440 1335/1888/1443
s 8
f 1660/1536/1390 1659/1535/1389 1663/1711/1565 1664/1712/1566
f 1662/1656/1510 1660/1536/1390 1664/1712/1566 1665/1713/1567
s 1
f 1319/1653/1507 1416/1590/1444 1415/1911/1447 1336/1912/1508
f 1417/1622/1476 1416/1590/1444 1319/1653/1507 1345/1690/1544
s 7
f 1435/1706/1560 1431/1531/1385 1433/1704/1558 1437/1714/1568
s 11
f 1444/1715/1569 1445/1716/1570 1439/1546/1400 1438/1545/1399
s 1
f 1316/1631/1485 1419/1577/1431 1418/1635/1489 1348/1632/1486
f 1608/1578/1432 1419/1577/1431 1316/1631/1485 1607/1642/1496
f 1330/1717/1571 1352/1944/1572 1421/1943/1403 1420/1640/1494
f 1352/1718/1572 1329/1719/1573 1422/1550/1404 1421/1549/1403
f 1315/1569/1423 1423/1572/1426 1604/1574/1428 1605/1570/1424
f 1634/1720/1574 1633/1721/1575 1628/1554/1408 1627/1553/1407
f 1631/1694/1548 1628/1554/1408 1633/1721/1575 1635/1722/1576
f 1425/1607/1461 1424/1606/1460 1313/1594/1448 1337/1883/1451
s 10
f 1672/1723/1577 1673/1724/1578 1667/1542/1396 1666/1541/1395
f 1670/1667/1521 1667/1542/1396 1673/1724/1578 1674/1725/1579
s 1
f 1314/1665/1519 1427/1598/1452 1426/1909/1455 1338/1915/1520
f 1428/1638/1492 1427/1598/1452 1314/1665/1519 1347/1698/1552
s 11
f 1446/1726/1580 1444/1715/1569 1438/1545/1399 1442/1696/1550
s 1
f 1343/1621/1475 1406/1620/1474 1430/1530/1581 1429/1529/1582
f 1407/1629/1483 1343/1621/1475 1429/1529/1582 1432/1532/1583
f 1406/1620/1474 1344/1623/1477 1434/1705/1584 1430/1530/1581
f 1344/1623/1477 1417/1622/1476 1433/1704/1585 1434/1705/1584
f 1387/1627/1481 1346/1626/1480 1436/1707/1586 1435/1706/1587
f 1346/1626/1480 1407/1629/1483 1432/1532/1583 1436/1707/1586
f 1417/1622/1476 1345/1690/1544 1437/1714/1588 1433/1704/1585
f 1345/1690/1544 1387/1627/1481 1435/1706/1587 1437/1714/1588
f 1418/1635/1489 1349/1634/1488 1440/1547/1589 1439/1546/1590
f 1349/1634/1488 1399/1637/1491 1441/1548/1591 1440/1547/1589
f 1399/1637/1491 1350/1639/1493 1443/1697/1592 1441/1548/1591
f 1350/1639/1493 1428/1638/1492 1442/1696/1593 1443/1697/1592
f 1400/1633/1487 1348/1632/1486 1445/1716/1594 1444/1715/1595
f 1348/1632/1486 1418/1635/1489 1439/1546/1590 1445/1716/1594
f 1347/1698/1552 1400/1633/1487 1444/1715/1595 1446/1726/1596
f 1428/1638/1492 1347/1698/1552 1446/1726/1596 1442/1696/1593
f 1316/1631/1485 1401/1630/1484 1449/1727/1597 1448/1728/1598
f 1401/1630/1484 1402/1729/1599 1447/1730/1600 1449/1727/1597
f 1375/1646/1500 1371/1645/1499 1451/1731/1601 1450/1732/1602
f 1371/1645/1499 1316/1631/1485 1448/1728/1598 1451/1731/1601
f 1464/1733/1603 1465/1734/1604 1453/1735/1605 1452/1736/1606
f 1465/1734/1604 1375/1646/1500 1450/1732/1602 1453/1735/1605
f 1463/1737/1607 1464/1733/1603 1452/1736/1606 1454/1738/1608
f 1402/1729/1599 1463/1737/1607 1454/1738/1608 1447/1730/1600
f 1310/1618/1472 1374/1675/1529 1461/1739/1609 1460/1740/1610
f 1374/1675/1529 1381/1650/1504 1458/1741/1611 1461/1739/1609
f 1404/1742/1612 1405/1619/1473 1462/1743/1613 1455/1744/1614
f 1405/1619/1473 1310/1618/1472 1460/1740/1610 1462/1743/1613
f 1466/1745/1615 1404/1742/1612 1455/1744/1614 1457/1746/1616
f 1467/1747/1617 1466/1745/1615 1457/1746/1616 1456/1748/1618
f 1468/1749/1619 1467/1747/1617 1456/1748/1618 1459/1750/1620
f 1381/1650/1504 1468/1749/1619 1459/1750/1620 1458/1741/1611
f 1464/1733/1603 1463/1737/1607 1469/1751/1621 1470/1752/1622
f 1465/1734/1604 1464/1733/1603 1470/1752/1622 1471/1753/1623
f 1470/1752/1622 1469/1751/1621 1466/1745/1615 1467/1747/1617
f 1471/1753/1623 1470/1752/1622 1467/1747/1617 1468/1749/1619
f 1403/1754/1624 1404/1742/1612 1466/1745/1615 1469/1751/1621
f 1402/1729/1599 1403/1754/1624 1469/1751/1621 1463/1737/1607
f 1381/1650/1504 1372/1649/1503 1471/1753/1623 1468/1749/1619
f 1372/1649/1503 1375/1646/1500 1465/1734/1604 1471/1753/1623
f 1456/1748/1618 1457/1746/1616 1474/1934/1625 1473/1932/1626
f 1457/1746/1616 1455/1744/1614 1472/1929/1627 1474/1934/1625
f 1458/1741/1611 1459/1750/1620 1476/1933/1628 1475/1930/1629
f 1459/1750/1620 1456/1748/1618 1473/1932/1626 1476/1933/1628
f 1460/1740/1610 1461/1739/1609 1478/1931/1630 1477/1927/1631
f 1461/1739/1609 1458/1741/1611 1475/1930/1629 1478/1931/1630
f 1455/1744/1614 1462/1743/1613 1479/1928/1632 1472/1929/1627
f 1462/1743/1613 1460/1740/1610 1477/1927/1631 1479/1928/1632
f 1448/1728/1598 1449/1727/1597 1482/1926/1633 1481/1924/1634
f 1449/1727/1597 1447/1730/1600 1480/1919/1635 1482/1926/1633
f 1450/1732/1602 1451/1731/1601 1484/1925/1636 1483/1922/1637
f 1451/1731/1601 1448/1728/1598 1481/1924/1634 1484/1925/1636
f 1452/1736/1606 1453/1735/1605 1486/1923/1638 1485/1921/1639
f 1453/1735/1605 1450/1732/1602 1483/1922/1637 1486/1923/1638
f 1454/1738/1608 1452/1736/1606 1485/1921/1639 1487/1920/1640
f 1447/1730/1600 1454/1738/1608 1487/1920/1640 1480/1919/1635
s 5
f 1473/1756/1641 1474/2015/1642 1490/2008/1643 1489/1772/1644
f 1474/1755/1642 1472/1757/1645 1488/1773/1646 1490/1771/1643
f 1475/1759/1647 1476/2014/1648 1492/2007/1649 1491/1775/1650
f 1476/1758/1648 1473/1756/1641 1489/1772/1644 1492/1774/1649
f 1477/1761/1651 1478/2022/1652 1494/2021/1653 1493/1777/1654
f 1478/1760/1652 1475/1759/1647 1491/1775/1650 1494/1776/1653
f 1472/1757/1645 1479/2013/1655 1495/2006/1656 1488/1773/1646
f 1479/1762/1655 1477/1761/1651 1493/1777/1654 1495/1778/1656
s 21
f 1481/1764/1657 1482/2012/1658 1498/2005/1659 1497/1780/1660
f 1482/1763/1658 1480/1765/1661 1496/1781/1662 1498/1779/1659
f 1483/1767/1663 1484/2011/1664 1500/2004/1665 1499/1783/1666
f 1484/1766/1664 1481/1764/1657 1497/1780/1660 1500/1782/1665
f 1485/1769/1667 1486/2010/1668 1502/2003/1669 1501/1785/1670
f 1486/1768/1668 1483/1767/1663 1499/1783/1666 1502/1784/1669
f 1487/1770/1671 1485/1769/1667 1501/1785/1670 1503/1786/1672
f 1480/1765/1661 1487/2009/1671 1503/2002/1672 1496/1781/1662
s 5
f 1489/1772/1644 1490/2008/1643 1506/2001/1673 1505/1788/1674
f 1490/1771/1643 1488/1773/1646 1504/1789/1675 1506/1787/1673
f 1491/1775/1650 1492/2007/1649 1508/2000/1676 1507/1791/1677
f 1492/1774/1649 1489/1772/1644 1505/1788/1674 1508/1790/1676
f 1493/1777/1654 1494/2021/1653 1510/2020/1678 1509/1793/1679
f 1494/1776/1653 1491/1775/1650 1507/1791/1677 1510/1792/1678
f 1488/1773/1646 1495/2006/1656 1511/1999/1680 1504/1789/1675
f 1495/1778/1656 1493/1777/1654 1509/1793/1679 1511/1794/1680
s 21
f 1497/1780/1660 1498/2005/1659 1514/1998/1681 1513/1796/1682
f 1498/1779/1659 1496/1781/1662 1512/1797/1683 1514/1795/1681
f 1499/1783/1666 1500/2004/1665 1516/1997/1684 1515/1799/1685
f 1500/1782/1665 1497/1780/1660 1513/1796/1682 1516/1798/1684
f 1501/1785/1670 1502/2003/1669 1518/1996/1686 1517/1801/1687
f 1502/1784/1669 1499/1783/1666 1515/1799/1685 1518/1800/1686
f 1503/1786/1672 1501/1785/1670 1517/1801/1687 1519/1802/1688
f 1496/1781/1662 1503/2002/1672 1519/1995/1688 1512/1797/1683
s 5
f 1505/1788/1674 1506/2001/1673 1522/1994/1689 1521/1804/1690
f 1506/1787/1673 1504/1789/1675 1520/1805/1691 1522/1803/1689
f 1507/1791/1677 1508/2000/1676 1524/1993/1692 1523/1807/1693
f 1508/1790/1676 1505/1788/1674 1521/1804/1690 1524/1806/1692
f 1509/1793/1679 1510/2020/1678 1526/2019/1694 1525/1809/1695
f 1510/1792/1678 1507/1791/1677 1523/1807/1693 1526/1808/1694
f 1504/1789/1675 1511/1999/1680 1527/1992/1696 1520/1805/1691
f 1511/1794/1680 1509/1793/1679 1525/1809/1695 1527/1810/1696
s 21
f 1513/1796/1682 1514/1998/1681 1530/1991/1697 1529/1812/1698
f 1514/1795/1681 1512/1797/1683 1528/1813/1699 1530/1811/1697
f 1515/1799/1685 1516/1997/1684 1532/1990/1700 1531/1815/1701
f 1516/1798/1684 1513/1796/1682 1529/1812/1698 1532/1814/1700
f 1517/1801/1687 1518/1996/1686 1534/1989/1702 1533/1817/1703
f 1518/1800/1686 1515/1799/1685 1531/1815/1701 1534/1816/1702
f 1519/1802/1688 1517/1801/1687 1533/1817/1703 1535/1818/1704
f 1512/1797/1683 1519/1995/1688 1535/1988/1704 1528/1813/1699
s 5
f 1521/1804/1690 1522/1994/1689 1538/1987/1705 1537/1820/1706
f 1522/1803/1689 1520/1805/1691 1536/1821/1707 1538/1819/1705
f 1523/1807/1693 1524/1993/1692 1540/1986/1708 1539/1823/1709
f 1524/1806/1692 1521/1804/1690 1537/1820/1706 1540/1822/1708
f 1525/1809/1695 1526/2019/1694 1542/2018/1710 1541/1825/1711
f 1526/1808/1694 1523/1807/1693 1539/1823/1709 1542/1824/1710
f 1520/1805/1691 1527/1992/1696 1543/1985/1712 1536/1821/1707
f 1527/1810/1696 1525/1809/1695 1541/1825/1711 1543/1826/1712
s 21
f 1529/1812/1698 1530/1991/1697 1546/1984/1713 1545/1828/1714
f 1530/1811/1697 1528/1813/1699 1544/1829/1715 1546/1827/1713
f 1531/1815/1701 1532/1990/1700 1548/1983/1716 1547/1831/1717
f 1532/1814/1700 1529/1812/1698 1545/1828/1714 1548/1830/1716
f 1533/1817/1703 1534/1989/1702 1550/1982/1718 1549/1833/1719
f 1534/1816/1702 1531/1815/1701 1547/1831/1717 1550/1832/1718
f 1535/1818/1704 1533/1817/1703 1549/1833/1719 1551/1834/1720
f 1528/1813/1699 1535/1988/1704 1551/1981/1720 1544/1829/1715
s 5
f 1537/1820/1706 1538/1987/1705 1554/1980/1721 1553/1836/1722
f 1538/1819/1705 1536/1821/1707 1552/1837/1723 1554/1835/1721
f 1539/1823/1709 1540/1986/1708 1556/1979/1724 1555/1839/1725
f 1540/1822/1708 1537/1820/1706 1553/1836/1722 1556/1838/1724
f 1541/1825/1711 1542/2018/1710 1558/2017/1726 1557/1841/1727
f 1542/1824/1710 1539/1823/1709 1555/1839/1725 1558/1840/1726
f 1536/1821/1707 1543/1985/1712 1559/1978/1728 1552/1837/1723
f 1543/1826/1712 1541/1825/1711 1557/1841/1727 1559/1842/1728
s 21
f 1545/1828/1714 1546/1984/1713 1562/1977/1729 1561/1844/1730
f 1546/1827/1713 1544/1829/1715 1560/1845/1731 1562/1843/1729
f 1547/1831/1717 1548/1983/1716 1564/1976/1732 1563/1847/1733
f 1548/1830/1716 1545/1828/1714 1561/1844/1730 1564/1846/1732
f 1549/1833/1719 1550/1982/1718 1566/1975/1734 1565/1849/1735
f 1550/1832/1718 1547/1831/1717 1563/1847/1733 1566/1848/1734
f 1551/1834/1720 1549/1833/1719 1565/1849/1735 1567/1850/1736
f 1544/1829/1715 1551/1981/1720 1567/1974/1736 1560/1845/1731
s 5
f 1553/1836/1722 1554/1980/1721 1570/1973/1737 1569/1852/1738
f 1554/1835/1721 1552/1837/1723 1568/1853/1739 1570/1851/1737
f 1555/1839/1725 1556/1979/1724 1572/1972/1740 1571/1855/1741
f 1556/1838/1724 1553/1836/1722 1569/1852/1738 1572/1854/1740
f 1557/1841/1727 1558/2017/1726 1574/2016/1742 1573/1857/1743
f 1558/1840/1726 1555/1839/1725 1571/1855/1741 1574/1856/1742
f 1552/1837/1723 1559/1978/1728 1575/1971/1744 1568/1853/1739
f 1559/1842/1728 1557/1841/1727 1573/1857/1743 1575/1858/1744
s 21
f 1561/1844/1730 1562/1977/1729 1578/1970/1745 1577/1860/1746
f 1562/1843/1729 1560/1845/1731 1576/1861/1747 1578/1859/1745
f 1563/1847/1733 1564/1976/1732 1580/1969/1748 1579/1863/1749
f 1564/1846/1732 1561/1844/1730 1577/1860/1746 1580/1862/1748
f 1565/1849/1735 1566/1975/1734 1582/1968/1750 1581/1865/1751
f 1566/1848/1734 1563/1847/1733 1579/1863/1749 1582/1864/1750
f 1567/1850/1736 1565/1849/1735 1581/1865/1751 1583/1866/1752
f 1560/1845/1731 1567/1974/1736 1583/1967/1752 1576/1861/1747
s 5
f 1569/1852/1738 1570/1973/1737 1587/1522/1376 1586/1521/1375
f 1570/1851/1737 1568/1853/1739 1584/1519/1373 1587/1522/1376
f 1571/1855/1741 1572/1972/1740 1589/1672/1526 1588/1671/1525
f 1572/1854/1740 1569/1852/1738 1586/1521/1375 1589/1672/1526
f 1573/1857/1743 1574/2016/1742 1591/1682/1536 1590/1681/1535
f 1574/1856/1742 1571/1855/1741 1588/1671/1525 1591/1682/1536
f 1568/1853/1739 1575/1971/1744 1592/1689/1543 1584/1519/1373
f 1575/1858/1744 1573/1857/1743 1590/1681/1535 1592/1689/1543
s 21
f 1577/1860/1746 1578/1970/1745 1596/1615/1469 1595/1614/1468
f 1578/1859/1745 1576/1861/1747 1593/1612/1466 1596/1615/1469
f 1579/1863/1749 1580/1969/1748 1598/1670/1524 1597/1669/1523
f 1580/1862/1748 1577/1860/1746 1595/1614/1468 1598/1670/1524
f 1581/1865/1751 1582/1968/1750 1600/1677/1531 1599/1676/1530
f 1582/1864/1750 1579/1863/1749 1597/1669/1523 1600/1677/1531
f 1583/1866/1752 1581/1865/1751 1599/1676/1530 1601/1680/1534
f 1576/1861/1747 1583/1967/1752 1601/1680/1534 1593/1612/1466
s 1
f 1603/1573/1427 1602/1941/1429 1351/1552/1406 1331/1551/1405
f 1604/1574/1428 1603/1573/1427 1331/1551/1405 1422/1550/1404
f 1605/1570/1424 1604/1574/1428 1422/1550/1404 1329/1719/1573
f 1606/1939/1425 1605/1570/1424 1329/1719/1573 1352/1718/1572
f 1607/1642/1496 1606/1571/1425 1352/1944/1572 1330/1717/1571
f 1420/1640/1494 1608/1578/1432 1607/1642/1496 1330/1717/1571
f 1609/1579/1433 1608/1578/1432 1420/1640/1494 1332/1641/1495
f 1351/1942/1406 1602/1575/1429 1609/1579/1433 1332/1641/1495
f 1358/1504/1358 1317/1503/1357 1611/1564/1418 1610/1937/1417
f 1317/1503/1357 1412/1867/1753 1612/1567/1421 1611/1564/1418
f 1412/1867/1753 1309/1683/1537 1613/1557/1411 1612/1567/1421
f 1309/1683/1537 1355/1673/1527 1614/1935/1412 1613/1557/1411
f 1615/1559/1413 1614/1558/1412 1355/1959/1527 1310/1618/1472
f 1310/1618/1472 1408/1628/1482 1616/1560/1414 1615/1559/1413
f 1617/1651/1505 1616/1560/1414 1408/1628/1482 1318/1625/1479
f 1318/1625/1479 1358/1938/1358 1610/1563/1417 1617/1651/1505
f 1391/1684/1538 1309/1683/1537 1618/1538/1392 1619/1537/1391
f 1309/1683/1537 1412/1867/1753 1620/1539/1393 1618/1538/1392
f 1311/1581/1435 1391/1684/1538 1619/1537/1391 1622/1691/1545
f 1413/1584/1438 1311/1581/1435 1622/1691/1545 1623/1692/1546
f 1412/1867/1753 1317/1503/1357 1624/1708/1562 1620/1539/1393
f 1317/1503/1357 1390/1506/1360 1625/1709/1563 1624/1708/1562
f 1390/1506/1360 1320/1586/1440 1626/1710/1564 1625/1709/1563
f 1320/1586/1440 1413/1584/1438 1623/1692/1546 1626/1710/1564
f 1396/1511/1365 1324/1514/1368 1630/1556/1410 1629/1555/1409
f 1324/1514/1368 1423/1572/1426 1627/1553/1407 1630/1556/1410
f 1424/1606/1460 1321/1603/1457 1632/1695/1549 1631/1694/1548
f 1321/1603/1457 1396/1511/1365 1629/1555/1409 1632/1695/1549
f 1315/1569/1423 1395/1610/1464 1633/1721/1575 1634/1720/1574
f 1423/1572/1426 1315/1569/1423 1634/1720/1574 1627/1553/1407
f 1395/1610/1464 1313/1594/1448 1635/1722/1576 1633/1721/1575
f 1313/1594/1448 1424/1606/1460 1631/1694/1548 1635/1722/1576
f 1363/1952/1754 1386/1951/1539 1636/1658/1755 1637/1906/1756
f 1364/1595/1449 1380/1955/1471 1640/1662/1757 1641/1908/1758
f 1314/1665/1519 1364/1595/1449 1641/1908/1758 1643/1902/1759
f 1380/1955/1471 1363/1952/1754 1637/1906/1756 1640/1662/1757
f 1386/1951/1539 1362/1580/1434 1644/1687/1760 1636/1658/1755
f 1362/1580/1434 1312/1591/1445 1645/1688/1761 1644/1687/1760
f 1402/1729/1599 1401/1630/1484 1647/1700/1762 1646/1901/1763
f 1401/1630/1484 1314/1665/1519 1643/1902/1759 1647/1700/1762
f 1403/1754/1624 1402/1729/1599 1646/1901/1763 1648/1900/1764
f 1404/1742/1612 1403/1754/1624 1648/1900/1764 1649/1899/1765
f 1405/1619/1473 1404/1742/1612 1649/1899/1765 1650/1897/1766
f 1312/1591/1445 1405/1619/1473 1650/1897/1766 1645/1688/1761
f 1385/1686/1540 1386/1685/1539 1652/1508/1767 1651/1895/1768
f 1386/1685/1539 1363/1868/1754 1653/1509/1769 1652/1508/1767
f 1341/1693/1547 1385/1686/1540 1651/1895/1768 1654/1891/1770
f 1363/1868/1754 1380/1617/1471 1655/1678/1771 1653/1509/1769
f 1380/1617/1471 1379/1616/1470 1656/1679/1772 1655/1678/1771
f 1379/1616/1470 1341/1693/1547 1654/1891/1770 1656/1679/1772
s 30
f 1361/1583/1773 1333/1890/1774 1657/1534/1775 1658/1533/1776
f 1675/1869/1777 1676/1886/1778 1677/1871/1779 1678/1872/1780
f 1334/1592/1781 1361/1583/1773 1658/1533/1776 1661/1655/1782
f 1415/1593/1783 1334/2030/1781 1661/1655/1782 1662/1656/1784
f 1676/1886/1778 1679/2025/1785 1680/1874/1786 1677/1871/1779
f 1335/1589/1787 1360/1588/1788 1664/1712/1789 1663/1711/1790
f 1360/1588/1788 1336/2029/1791 1665/1713/1792 1664/1712/1789
f 1336/1654/1791 1415/1593/1783 1662/1656/1784 1665/1713/1792
s 33
f 1366/1605/1793 1340/1885/1794 1669/1544/1795 1668/1543/1796
f 1682/1875/1797 1681/1882/1798 1683/1877/1799 1684/1878/1800
f 1426/1601/1801 1339/2028/1802 1671/1668/1803 1670/1667/1804
f 1339/1600/1802 1366/1605/1793 1668/1543/1796 1671/1668/1803
f 1337/1597/1805 1365/1596/1806 1673/1724/1807 1672/1723/1808
f 1681/1882/1798 1685/2023/1809 1686/1880/1810 1683/1877/1799
f 1365/1596/1806 1338/2027/1811 1674/1725/1812 1673/1724/1807
f 1338/1666/1811 1426/1601/1801 1670/1667/1804 1674/1725/1812
s 1
f 1333/1582/1436 1414/1585/1439 1676/1870/1813 1675/1889/1814
s 8
f 1659/1535/1389 1657/1534/1388 1678/1872/1815 1677/1871/1816
s 30
f 1657/1534/1775 1333/1890/1774 1675/2026/1777 1678/1872/1780
s 1
f 1414/1585/1439 1335/1888/1443 1679/1887/1817 1676/1870/1813
s 30
f 1335/1589/1787 1663/1711/1790 1680/1874/1786 1679/1873/1785
s 8
f 1663/1711/1565 1659/1535/1389 1677/1871/1816 1680/1874/1818
s 1
f 1340/1604/1458 1425/1607/1461 1681/1876/1819 1682/1884/1820
s 10
f 1666/1541/1395 1669/1544/1398 1684/1878/1821 1683/1877/1822
s 33
f 1669/1544/1795 1340/1885/1794 1682/2024/1797 1684/1878/1800
s 1
f 1425/1607/1461 1337/1883/1451 1685/1881/1823 1681/1876/1819
s 33
f 1337/1597/1805 1672/1723/1808 1686/1880/1810 1685/1879/1809
s 10
f 1672/1723/1577 1666/1541/1395 1683/1877/1822 1686/1880/1824
g default
v -1.060212 1.113163 0.388549
v -1.060211 1.119672 0.394898
v -1.093922 1.105348 0.342190
v -1.085531 1.127441 0.345638
v -0.969879 1.105344 0.342212
v -0.978270 1.127438 0.345657
v -1.003572 1.113162 0.388559
v -1.003571 1.119671 0.394908
v -1.081545 1.096048 0.423817
v -1.081545 1.107193 0.425555
v -1.105619 1.110111 0.407283
v -1.105779 1.103975 0.398405
v -0.958000 1.103971 0.398432
v -0.958158 1.110108 0.407309
v -0.982221 1.107190 0.425575
v -0.982221 1.096045 0.423837
v -1.093577 1.121276 0.363251
v -1.073745 1.112866 0.414300
v -1.070039 1.097921 0.411969
v -1.100801 1.111096 0.359721
v -0.970217 1.121273 0.363273
v -0.962994 1.111092 0.359746
v -0.993735 1.097919 0.411983
v -0.990029 1.112864 0.414314
v -1.074050 1.124369 0.365120
v -1.088521 1.118167 0.391855
v -1.101122 1.104813 0.425599
v -1.101122 1.095988 0.424225
v -1.084857 1.091639 0.402333
v -1.077242 1.105895 0.381561
v -0.986544 1.105892 0.381577
v -0.978921 1.091636 0.402355
v -0.962647 1.095985 0.424250
v -0.962647 1.104809 0.425623
v -0.975262 1.118164 0.391875
v -0.989744 1.125037 0.360883
v -1.055669 1.124368 0.365123
v -1.041331 1.119672 0.394901
v -1.041332 1.107652 0.387686
v -1.058530 1.107316 0.362458
v -1.056150 1.110389 0.342976
v -1.065687 1.129057 0.335391
v -1.008125 1.125037 0.360880
v -1.022451 1.119671 0.394905
v -1.022452 1.107652 0.387689
v -1.005264 1.107315 0.362464
v -1.007650 1.110387 0.342985
v -0.998118 1.129055 0.335404
v -1.005099 1.105448 0.342222
v -0.987409 1.096505 0.340830
v -1.058702 1.105449 0.342212
v -1.076393 1.096508 0.340814
v -1.005908 1.122683 0.334408
v -1.001178 1.127938 0.335229
v -0.981467 1.126031 0.345437
v -0.978905 1.110744 0.343053
v -1.084896 1.110747 0.343034
v -1.082334 1.126033 0.345419
v -1.062627 1.127940 0.335218
v -1.057897 1.122684 0.334399
v -0.983516 1.099635 0.341319
v -0.997043 1.115213 0.337930
v -1.066760 1.115215 0.337918
v -1.080285 1.099638 0.341302
v -1.005908 1.123175 0.331290
v -1.001179 1.128430 0.332110
v -0.981467 1.126523 0.342318
v -0.978906 1.111236 0.339934
v -1.084897 1.111238 0.339915
v -1.082335 1.126525 0.342300
v -1.062627 1.128432 0.332099
v -1.057898 1.123176 0.331280
v -0.983517 1.100367 0.336676
v -0.997044 1.115705 0.334812
v -1.066760 1.115707 0.334799
v -1.080286 1.100370 0.336659
v -1.057109 1.128933 0.336180
v -1.042742 1.127200 0.347167
v -1.021059 1.127199 0.347171
v -1.006695 1.128931 0.336189
v -1.008978 1.127815 0.336014
v -1.054826 1.127816 0.336006
v -1.030666 1.123372 0.371439
v -0.989303 1.120776 0.387902
v -0.982645 1.115514 0.403095
v -0.969567 1.104201 0.429478
v -0.969567 1.095377 0.428105
v -0.992950 1.092913 0.406877
v -1.000311 1.106875 0.385221
v -1.018785 1.107396 0.375633
v -1.045003 1.107397 0.375628
v -1.063473 1.106877 0.385209
v -1.070826 1.092916 0.406861
v -1.094200 1.095380 0.428082
v -1.094200 1.104204 0.429456
v -1.081133 1.115517 0.403077
v -1.067130 1.121933 0.380566
v -1.048500 1.121932 0.380569
v -1.057309 1.126954 0.348727
v -1.049926 1.128066 0.341674
v -1.013877 1.128065 0.341680
v -1.003121 1.126711 0.350268
v -0.984007 1.125902 0.355396
v -0.972739 1.119631 0.378130
v -0.959089 1.106282 0.416281
v -0.957636 1.097458 0.414908
v -0.962415 1.096933 0.396984
v -0.970972 1.105688 0.368410
v -0.987421 1.094865 0.349186
v -1.004840 1.104595 0.347628
v -1.011385 1.108851 0.352724
v -1.052412 1.108853 0.352717
v -1.058959 1.104597 0.347619
v -1.076377 1.094867 0.349171
v -1.092822 1.105691 0.368388
v -1.101370 1.096936 0.396961
v -1.106136 1.097462 0.414882
v -1.104684 1.106286 0.416255
v -1.091049 1.119634 0.378109
v -1.081195 1.125548 0.357642
v -0.998935 1.125037 0.360882
v -0.993564 1.126307 0.352832
v -0.988194 1.128247 0.340530
v -0.991322 1.126985 0.340333
v -0.991323 1.127476 0.337214
v -0.992407 1.117205 0.335612
v -0.992359 1.099706 0.334770
v -0.992359 1.099144 0.338333
v -0.996492 1.100219 0.341407
v -0.996369 1.098972 0.348289
v -1.000831 1.101274 0.371183
v -1.006922 1.107130 0.380427
v -1.013012 1.113162 0.388557
v -1.013011 1.119671 0.394906
v -1.057815 1.121932 0.380567
v -1.064860 1.124368 0.365121
v -1.075609 1.128249 0.340515
v -1.072480 1.126987 0.340319
v -1.072481 1.127479 0.337200
v -1.071397 1.117207 0.335598
v -1.071444 1.099708 0.334756
v -1.071443 1.099146 0.338319
v -1.067309 1.100221 0.341395
v -1.067430 1.098974 0.348276
v -1.062958 1.101275 0.371172
v -1.056865 1.107131 0.380418
v -1.050772 1.113163 0.388551
v -1.050771 1.119672 0.394900
v -1.019453 1.122990 0.373879
v -1.004767 1.123749 0.369047
v -1.013123 1.123842 0.368459
v -1.014561 1.120709 0.388387
v -1.020048 1.121692 0.382134
v -0.999876 1.121469 0.383554
v -0.999280 1.122766 0.375300
v -1.006205 1.120617 0.388975
v -1.079394 1.125744 0.356353
v -1.073244 1.127661 0.344161
v -1.078875 1.126900 0.348999
v -1.067051 1.124790 0.362428
v -1.074496 1.124870 0.361915
v -1.061421 1.125550 0.357590
v -1.060902 1.126706 0.350236
v -1.065799 1.127580 0.344673
v -1.019013 1.123904 0.374245
v -1.004987 1.124629 0.369630
v -1.012968 1.124717 0.369068
v -1.014342 1.121726 0.388102
v -1.019582 1.122664 0.382130
v -1.000315 1.122451 0.383486
v -0.999746 1.123690 0.375603
v -1.006361 1.121637 0.388664
v -1.079010 1.126712 0.356375
v -1.073115 1.128549 0.344689
v -1.078513 1.127820 0.349326
v -1.067180 1.125797 0.362198
v -1.074315 1.125874 0.361706
v -1.061783 1.126526 0.357561
v -1.061286 1.127634 0.350512
v -1.065980 1.128472 0.345180
v -1.018471 1.123862 0.374513
v -1.005259 1.124545 0.370167
v -1.012776 1.124628 0.369637
v -1.014070 1.121810 0.387565
v -1.019007 1.122694 0.381940
v -1.000858 1.122493 0.383218
v -1.000322 1.123661 0.375792
v -1.006552 1.121727 0.388095
v -1.078466 1.126741 0.356195
v -1.072933 1.128465 0.345226
v -1.077999 1.127781 0.349578
v -1.067362 1.125882 0.361661
v -1.074060 1.125954 0.361199
v -1.062296 1.126566 0.357308
v -1.061830 1.127606 0.350692
v -1.066236 1.128392 0.345687
v -1.018471 1.122897 0.374362
v -1.005259 1.123581 0.370015
v -1.012776 1.123664 0.369485
v -1.014070 1.120846 0.387414
v -1.019007 1.121730 0.381789
v -1.000858 1.121529 0.383066
v -1.000322 1.122696 0.375640
v -1.006552 1.120763 0.387944
v -1.078466 1.125777 0.356043
v -1.072933 1.127501 0.345075
v -1.077999 1.126817 0.349427
v -1.067362 1.124918 0.361509
v -1.074060 1.124990 0.361048
v -1.062296 1.125602 0.357157
v -1.061830 1.126642 0.350540
v -1.066236 1.127428 0.345536
v -1.014125 1.123522 0.376661
v -1.007433 1.123868 0.374459
v -1.011240 1.123910 0.374191
v -1.011896 1.122483 0.383273
v -1.014397 1.122931 0.380422
v -1.005203 1.122829 0.381070
v -1.004932 1.123420 0.377308
v -1.008088 1.122441 0.383541
v -1.074361 1.126952 0.354837
v -1.071559 1.127826 0.349281
v -1.074125 1.127479 0.351485
v -1.068737 1.126517 0.357605
v -1.072129 1.126554 0.357372
v -1.066170 1.126864 0.355401
v -1.065934 1.127391 0.352049
v -1.068166 1.127789 0.349514
v -1.014125 1.124702 0.376847
v -1.007433 1.125048 0.374645
v -1.011240 1.125091 0.374376
v -1.011896 1.123663 0.383458
v -1.014397 1.124111 0.380608
v -1.005203 1.124009 0.381256
v -1.004932 1.124601 0.377494
v -1.008088 1.123621 0.383726
v -1.074361 1.128133 0.355023
v -1.071559 1.129006 0.349466
v -1.074125 1.128659 0.351671
v -1.068737 1.127697 0.357791
v -1.072129 1.127734 0.357558
v -1.066170 1.128044 0.355586
v -1.065934 1.128571 0.352235
v -1.068166 1.128969 0.349699
v -1.018101 1.125011 0.374881
v -1.005444 1.125666 0.370717
v -1.012645 1.125746 0.370209
v -1.013885 1.123046 0.387385
v -1.018614 1.123893 0.381996
v -1.001228 1.123700 0.383220
v -1.000714 1.124819 0.376106
v -1.006683 1.122966 0.387892
v -1.078116 1.127937 0.356265
v -1.072816 1.129589 0.345757
v -1.077669 1.128934 0.349926
v -1.067479 1.127115 0.361500
v -1.073895 1.127184 0.361059
v -1.062626 1.127770 0.357330
v -1.062179 1.128766 0.350992
v -1.066400 1.129520 0.346198
v -1.018101 1.126797 0.375162
v -1.005444 1.127452 0.370998
v -1.012645 1.127532 0.370490
v -1.013885 1.124832 0.387666
v -1.018614 1.125679 0.382277
v -1.001228 1.125487 0.383501
v -1.000714 1.126605 0.376387
v -1.006683 1.124752 0.388173
v -1.078116 1.129723 0.356546
v -1.072816 1.131375 0.346038
v -1.077669 1.130720 0.350207
v -1.067479 1.128901 0.361780
v -1.073895 1.128970 0.361340
v -1.062626 1.129556 0.357611
v -1.062179 1.130552 0.351273
v -1.066400 1.131306 0.346478
v -1.016095 1.126641 0.376154
v -1.009664 1.126142 0.379332
v -1.006447 1.127141 0.372979
v -1.011937 1.127201 0.372592
v -1.012882 1.125143 0.385685
v -1.016486 1.125789 0.381577
v -1.003234 1.125642 0.382510
v -1.002842 1.126495 0.377087
v -1.007392 1.125083 0.386071
v -1.076222 1.129822 0.355919
v -1.070148 1.130138 0.353909
v -1.072182 1.131081 0.347909
v -1.075881 1.130581 0.351088
v -1.068114 1.129195 0.359909
v -1.073004 1.129247 0.359573
v -1.064414 1.129694 0.356731
v -1.064073 1.130454 0.351900
v -1.067291 1.131028 0.348245
vt 0.553885 0.214386
vt 0.503472 0.146102
vt 0.566612 0.219501
vt 0.557428 0.222471
vt 0.925977 0.380482
vt 0.932099 0.371913
vt 0.946323 0.364659
vt 0.950775 0.380620
vt 0.333134 0.222412
vt 0.323932 0.219538
vt 0.328344 0.210753
vt 0.336693 0.214346
vt 0.419599 0.223978
vt 0.409482 0.103995
vt 0.420342 0.104014
vt 0.433349 0.228251
vt 0.827363 0.177156
vt 0.834334 0.184298
vt 0.827192 0.191264
vt 0.822863 0.184229
vt 0.411901 0.236142
vt 0.429213 0.242197
vt 0.415748 0.259689
vt 0.405678 0.250160
vt 0.484975 0.221059
vt 0.480948 0.210498
vt 0.479627 0.127209
vt 0.521075 0.211438
vt 0.471790 0.087749
vt 0.479725 0.069942
vt 0.496092 0.101045
vt 0.487836 0.114112
vt 0.492213 0.047790
vt 0.514939 0.296699
vt 0.523308 0.277331
vt 0.536605 0.281269
vt 0.503486 0.243984
vt 0.489950 0.230735
vt 0.520780 0.217793
vt 0.529910 0.229680
vt 0.376075 0.297649
vt 0.390146 0.320148
vt 0.360924 0.068578
vt 0.367282 0.278025
vt 0.383515 0.065497
vt 0.382193 0.096584
vt 0.374424 0.114451
vt 0.366421 0.101178
vt 0.398746 0.104414
vt 0.405830 0.221058
vt 0.369700 0.211398
vt 0.382426 0.127631
vt 0.400782 0.230793
vt 0.387072 0.244163
vt 0.360736 0.229738
vt 0.369976 0.217810
vt 0.537026 0.195693
vt 0.541642 0.207828
vt 0.546042 0.248845
vt 0.557188 0.249996
vt 0.333171 0.250124
vt 0.344349 0.249097
vt 0.349108 0.207856
vt 0.336036 0.199325
vt 0.488629 0.061947
vt 0.499437 0.085565
vt 0.515367 0.130911
vt 0.558300 0.234112
vt 0.538035 0.244190
vt 0.516466 0.265461
vt 0.404973 0.277336
vt 0.415105 0.278150
vt 0.414475 0.284559
vt 0.405127 0.284591
vt 0.352365 0.244369
vt 0.373979 0.265855
vt 0.332289 0.234105
vt 0.321879 0.231144
vt 0.363606 0.085531
vt 0.377087 0.059151
vt 0.413098 0.314057
vt 0.398782 0.053403
vt 0.387940 0.056295
vt 0.402168 0.317560
vt 0.461181 0.087786
vt 0.469087 0.069969
vt 0.471108 0.223950
vt 0.453024 0.104229
vt 0.484967 0.250099
vt 0.478901 0.236087
vt 0.485314 0.284396
vt 0.485658 0.277186
vt 0.495575 0.279401
vt 0.494585 0.286768
vt 0.800058 0.374969
vt 0.812586 0.357997
vt 0.827498 0.364558
vt 0.823095 0.380471
vt 0.892184 0.271214
vt 0.898392 0.277586
vt 0.892021 0.283792
vt 0.888174 0.277527
vt 0.450561 0.087802
vt 0.430552 0.077273
vt 0.404485 0.065540
vt 0.458711 0.069971
vt 0.442118 0.104273
vt 0.457153 0.228289
vt 0.461678 0.242451
vt 0.474884 0.259393
vt 0.419793 0.286288
vt 0.423351 0.272823
vt 0.467727 0.272720
vt 0.470909 0.286146
vt 0.847830 0.380347
vt 0.841847 0.371848
vt 0.470660 0.314082
vt 0.451402 0.043162
vt 0.410847 0.043482
vt 0.421008 0.313976
vt 0.969321 0.400078
vt 0.946106 0.386402
vt 0.394960 0.279535
vt 0.396024 0.286872
vt 0.475766 0.278103
vt 0.476108 0.284553
vt 0.804804 0.400085
vt 0.795004 0.391235
vt 0.947083 0.359590
vt 0.415888 0.311845
vt 0.977846 0.372481
vt 0.962508 0.353234
vt 0.811100 0.353237
vt 0.795908 0.372667
vt 0.480936 0.042232
vt 0.826686 0.359480
vt 0.423389 0.312750
vt 0.468241 0.312855
vt 0.846305 0.385343
vt 0.925983 0.385284
vt 0.391485 0.290450
vt 0.945892 0.391438
vt 0.400738 0.287937
vt 0.481451 0.300166
vt 0.788281 0.388769
vt 0.489348 0.287662
vt 0.973727 0.374842
vt 0.961106 0.358010
vt 0.841673 0.367033
vt 0.978999 0.391013
vt 0.827762 0.386256
vt 0.469745 0.036309
vt 0.459347 0.050996
vt 0.418959 0.049723
vt 0.443343 0.049545
vt 0.834395 0.172828
vt 0.841469 0.177325
vt 0.393931 0.065526
vt 0.898451 0.267369
vt 0.904763 0.271383
vt 0.841306 0.191437
vt 0.834270 0.195765
vt 0.845800 0.184357
vt 0.908611 0.277649
vt 0.904599 0.283960
vt 0.898333 0.287804
vt 0.410529 0.074231
vt 0.400526 0.074688
vt 0.418918 0.079702
vt 0.411425 0.096758
vt 0.417827 0.089386
vt 0.394193 0.082271
vt 0.393254 0.092150
vt 0.401373 0.097148
vt 0.484857 0.052298
vt 0.478354 0.046188
vt 0.486900 0.060703
vt 0.471488 0.067007
vt 0.480293 0.066276
vt 0.464874 0.060917
vt 0.462840 0.052493
vt 0.469535 0.046985
vt 0.411464 0.075286
vt 0.401085 0.075715
vt 0.417959 0.080104
vt 0.410888 0.095722
vt 0.416619 0.089231
vt 0.395400 0.082376
vt 0.394174 0.091679
vt 0.400455 0.096121
vt 0.484791 0.053617
vt 0.478014 0.047251
vt 0.486008 0.060385
vt 0.471817 0.065943
vt 0.479533 0.065388
vt 0.464942 0.059604
vt 0.463750 0.052823
vt 0.470302 0.047858
vt 0.805121 0.170491
vt 0.811372 0.207113
vt 0.811509 0.161338
vt 0.857269 0.161455
vt 0.848110 0.155075
vt 0.820523 0.213504
vt 0.857177 0.207234
vt 0.863552 0.198065
vt 0.871850 0.264835
vt 0.877491 0.298422
vt 0.877563 0.256676
vt 0.919299 0.256758
vt 0.911137 0.251050
vt 0.924928 0.290347
vt 0.919214 0.298505
vt 0.885655 0.304127
vt 0.806341 0.171378
vt 0.812408 0.206043
vt 0.812579 0.162375
vt 0.856233 0.162526
vt 0.847224 0.156296
vt 0.821411 0.212283
vt 0.856106 0.206199
vt 0.862330 0.197181
vt 0.873070 0.265723
vt 0.878524 0.297352
vt 0.878632 0.257710
vt 0.918266 0.257828
vt 0.910251 0.252270
vt 0.923709 0.289459
vt 0.918145 0.297471
vt 0.886541 0.302907
vt 0.814063 0.172863
vt 0.817781 0.200750
vt 0.817875 0.167746
vt 0.850867 0.167826
vt 0.845746 0.164019
vt 0.822897 0.204562
vt 0.850803 0.200834
vt 0.854607 0.195710
vt 0.879988 0.267056
vt 0.883315 0.292607
vt 0.883372 0.262506
vt 0.913472 0.262571
vt 0.908923 0.259188
vt 0.916791 0.288126
vt 0.913406 0.292673
vt 0.887866 0.295988
vt 0.815228 0.173983
vt 0.819113 0.199203
vt 0.819422 0.169079
vt 0.849537 0.169375
vt 0.844628 0.165185
vt 0.824018 0.203398
vt 0.849255 0.199504
vt 0.853442 0.194590
vt 0.881158 0.268176
vt 0.884646 0.291066
vt 0.884912 0.263838
vt 0.912141 0.264111
vt 0.907804 0.260358
vt 0.915622 0.287006
vt 0.911866 0.291340
vt 0.888984 0.294818
vt 0.817091 0.180827
vt 0.823447 0.195076
vt 0.823549 0.173412
vt 0.845209 0.173507
vt 0.837789 0.167055
vt 0.830863 0.201536
vt 0.845124 0.195179
vt 0.851572 0.187749
vt 0.882789 0.274282
vt 0.888509 0.287382
vt 0.888594 0.267701
vt 0.908277 0.267794
vt 0.901700 0.261987
vt 0.913994 0.280900
vt 0.908185 0.287474
vt 0.895086 0.293186
vt 0.819276 0.183010
vt 0.825127 0.193276
vt 0.825349 0.175092
vt 0.843532 0.175310
vt 0.835608 0.169241
vt 0.833048 0.199352
vt 0.843322 0.193501
vt 0.849385 0.185569
vt 0.884966 0.276468
vt 0.890179 0.285579
vt 0.890397 0.269372
vt 0.906606 0.269596
vt 0.899512 0.264163
vt 0.911819 0.278710
vt 0.906384 0.285802
vt 0.897273 0.291011
vt 0.805661 0.405446
vt 0.800299 0.403452
vt 0.827983 0.391292
vt 0.486682 0.314455
vt 0.475746 0.311991
vt 0.973956 0.403327
vt 0.968510 0.405446
vt 0.985674 0.388391
vt 0.985079 0.394624
vt 0.404981 0.314534
vt 0.965212 0.355392
vt 0.393281 0.317265
vt 0.499330 0.290177
vt 0.789026 0.395035
vt 0.471170 0.305371
vt 0.847867 0.385150
vt 0.499259 0.316681
vt 0.808431 0.355453
vt 0.419984 0.305175
vt 0.927506 0.385473
vt 0.503767 0.301767
vt 0.409869 0.299892
vt 0.387494 0.302333
vt 0.932186 0.367086
vt 0.470018 0.213437
vt 0.490174 0.208096
vt 0.463894 0.104183
vt 0.489782 0.317357
vt 0.478591 0.314187
vt 0.420793 0.212946
vt 0.432911 0.212326
vt 0.382010 0.042201
vt 0.346681 0.300917
vt 0.370805 0.047870
vt 0.568783 0.231082
vt 0.564292 0.243412
vt 0.516347 0.119918
vt 0.346401 0.130602
vt 0.326163 0.243374
vt 0.350303 0.141409
vt 0.562208 0.210925
vt 0.511236 0.141582
vt 0.357997 0.146102
vt 0.353671 0.195693
vt 0.372714 0.141436
vt 0.459665 0.036846
vt 0.402745 0.037248
vt 0.393144 0.036383
vt 0.458210 0.212826
vt 0.372920 0.196332
vt 0.354062 0.282255
vt 0.345735 0.119525
vt 0.517843 0.196491
vt 0.554963 0.199550
vt 0.488942 0.141148
vt 0.502708 0.068562
vt 0.401006 0.208124
vt 0.409583 0.211317
vt 0.544382 0.299605
vt 0.502585 0.319378
vt 0.477811 0.047834
vt 0.470605 0.048376
vt 0.464296 0.052954
vt 0.464946 0.058857
vt 0.472013 0.065365
vt 0.479235 0.064861
vt 0.485472 0.060272
vt 0.484790 0.054367
vt 0.394688 0.091353
vt 0.399904 0.095552
vt 0.410603 0.095134
vt 0.396009 0.082545
vt 0.401385 0.076297
vt 0.417421 0.080395
vt 0.416000 0.089032
vt 0.412025 0.075871
vt 0.899151 0.291015
vt 0.911822 0.276827
vt 0.897631 0.264158
vt 0.884962 0.278350
vt 0.849396 0.183420
vt 0.835203 0.199362
vt 0.833463 0.169231
vt 0.819267 0.185160
vt 0.901181 0.293368
vt 0.914175 0.274795
vt 0.895599 0.261805
vt 0.882610 0.280383
vt 0.851744 0.181385
vt 0.837237 0.201710
vt 0.831432 0.166882
vt 0.816918 0.187191
vt 0.907805 0.295466
vt 0.916268 0.268169
vt 0.888973 0.259711
vt 0.880518 0.287010
vt 0.854151 0.173965
vt 0.844660 0.204119
vt 0.824016 0.164469
vt 0.814504 0.194607
vt 0.909087 0.296530
vt 0.917332 0.266887
vt 0.887690 0.258648
vt 0.879454 0.288293
vt 0.855215 0.172686
vt 0.845941 0.205182
vt 0.822738 0.163405
vt 0.813439 0.195885
vt 0.910462 0.302894
vt 0.923695 0.265506
vt 0.886314 0.252284
vt 0.873091 0.289676
vt 0.862304 0.171145
vt 0.847482 0.212272
vt 0.821205 0.156313
vt 0.806348 0.197416
vt 0.468454 0.048803
vt 0.911360 0.304127
vt 0.466540 0.060416
vt 0.924927 0.264607
vt 0.481407 0.064510
vt 0.885416 0.251052
vt 0.483212 0.052770
vt 0.871860 0.290576
vt 0.402264 0.095540
vt 0.863535 0.170246
vt 0.394716 0.084476
vt 0.848381 0.213504
vt 0.417354 0.087186
vt 0.820308 0.155080
vt 0.409695 0.075893
vt 0.805116 0.198313
vt 0.468884 0.048179
vt 0.465990 0.060651
vt 0.480949 0.065095
vt 0.483755 0.052548
vt 0.402013 0.096125
vt 0.394568 0.083671
vt 0.417480 0.087989
vt 0.409925 0.075281
vn 0.025861 -0.864626 0.501750
vn 0.066305 -0.153583 0.985909
vn -0.765551 -0.055163 0.641006
vn -0.339864 -0.910245 0.236531
vn 0.064368 0.127705 -0.989721
vn 0.185146 0.083500 -0.979157
vn 0.398558 0.104052 -0.911221
vn 0.336015 0.081728 -0.938304
vn 0.339830 -0.910284 0.236428
vn 0.765605 -0.055124 0.640945
vn -0.066549 -0.153536 0.985900
vn -0.026014 -0.864634 0.501728
vn 0.068384 -0.771080 0.633055
vn 0.075362 -0.638011 0.766330
vn 0.039188 -0.536823 0.842784
vn 0.036873 -0.876299 0.480354
vn 0.000007 0.987872 0.155272
vn -0.000005 0.987871 0.155277
vn -0.000004 0.987874 0.155259
vn -0.000004 0.987873 0.155267
vn -0.147292 -0.949987 0.275372
vn -0.019502 -0.999056 0.038830
vn -0.240533 -0.969616 -0.044602
vn -0.078743 -0.972976 0.217066
vn 0.780113 -0.389014 0.489992
vn 0.804819 -0.173422 0.567620
vn 0.845047 -0.018906 0.534358
vn 0.835659 -0.318949 0.447153
vn -0.049987 0.977485 0.204998
vn -0.079646 0.978943 0.187958
vn -0.186251 0.955120 0.230340
vn -0.106723 0.954561 0.278250
vn -0.610295 0.671734 -0.419897
vn -0.816602 -0.431303 -0.383587
vn -0.960941 -0.007855 -0.276641
vn -0.723334 0.684955 -0.087325
vn 0.030057 -0.989296 -0.142790
vn 0.438027 -0.898177 -0.037560
vn 0.405715 -0.903789 -0.136240
vn 0.031413 -0.971501 -0.234947
vn 0.816571 -0.431218 -0.383749
vn 0.526232 0.788312 -0.318815
vn 0.709463 0.700199 -0.079897
vn 0.960858 -0.007890 -0.276929
vn 0.079026 0.982148 0.170708
vn 0.087456 0.972288 0.216810
vn 0.113468 0.948107 0.297016
vn 0.221145 0.949080 0.224370
vn -0.804785 -0.173346 0.567691
vn -0.780030 -0.388948 0.490176
vn -0.835580 -0.318821 0.447391
vn -0.844926 -0.018920 0.534548
vn -0.438091 -0.898157 -0.037304
vn -0.030093 -0.989293 -0.142805
vn -0.031374 -0.971513 -0.234900
vn -0.405709 -0.903802 -0.136169
vn -0.191846 0.935045 0.298138
vn -0.134372 0.933873 0.331398
vn 0.640862 -0.044228 0.766381
vn 0.565781 -0.440414 0.697085
vn -0.987248 0.088206 -0.132520
vn -0.645792 0.753034 0.126062
vn 0.645785 0.753080 0.125824
vn 0.987211 0.087967 -0.132952
vn -0.565867 -0.440241 0.697124
vn -0.640875 -0.044207 0.766371
vn 0.134317 0.933900 0.331345
vn 0.191810 0.935073 0.298071
vn -0.181712 0.966172 0.183009
vn -0.169906 0.962909 0.209615
vn -0.328565 0.919932 0.213939
vn -0.625294 -0.780046 0.023142
vn -0.977652 0.047358 0.204827
vn -0.350590 -0.894219 -0.278316
vn -0.230365 -0.971311 -0.059043
vn -0.542723 -0.838970 -0.039776
vn -0.579729 -0.814760 0.008968
vn -0.649366 -0.735303 -0.194045
vn -0.457221 -0.876660 -0.149720
vn 0.350577 -0.894198 -0.278398
vn 0.230297 -0.971323 -0.059121
vn 0.625320 -0.780034 0.022846
vn 0.977720 0.047410 0.204490
vn 0.168148 0.963610 0.207803
vn 0.328547 0.919967 0.213816
vn 0.127588 0.975638 0.178469
vn 0.048443 0.997600 0.049475
vn 0.000001 0.987791 0.155782
vn -0.000002 0.987791 0.155784
vn 0.053920 0.997221 0.051411
vn 0.000001 0.987791 0.155786
vn -0.000022 0.987823 0.155582
vn -0.068656 -0.771081 0.633025
vn -0.075675 -0.637933 0.766365
vn 0.078625 -0.972987 0.217059
vn 0.147154 -0.950019 0.275337
vn 0.457202 -0.876645 -0.149866
vn 0.542717 -0.838963 -0.039994
vn -0.203653 -0.973989 0.099353
vn -0.350233 -0.929461 -0.115928
vn -0.337627 0.120866 -0.933488
vn -0.410292 0.163666 -0.897148
vn -0.398352 0.104065 -0.911310
vn -0.335771 0.081741 -0.938390
vn 0.000001 0.987871 0.155275
vn -0.000002 0.987873 0.155266
vn 0.000002 0.987872 0.155273
vn 0.000000 0.987873 0.155266
vn -0.000002 0.987791 0.155786
vn -0.000048 0.987791 0.155783
vn -0.000003 0.987792 0.155778
vn -0.000039 0.987795 0.155760
vn -0.039487 -0.536793 0.842790
vn -0.037078 -0.876330 0.480282
vn 0.019419 -0.999057 0.038836
vn 0.240492 -0.969620 -0.044728
vn -0.112107 -0.977283 -0.179859
vn -0.067916 -0.988989 -0.131487
vn 0.067927 -0.988985 -0.131507
vn 0.112185 -0.977265 -0.179910
vn -0.064016 0.127710 -0.989744
vn -0.184829 0.083512 -0.979216
vn 0.005675 0.999207 0.039399
vn -0.000003 0.987791 0.155785
vn -0.000003 0.987791 0.155785
vn -0.004946 0.998550 0.053614
vn 0.280607 0.082609 -0.956261
vn 0.182570 -0.040293 -0.982367
vn 0.203577 -0.974013 0.099272
vn 0.350119 -0.929486 -0.116069
vn 0.579715 -0.814773 0.008735
vn 0.649328 -0.735291 -0.194220
vn -0.280308 0.082631 -0.956347
vn -0.287185 0.091525 -0.953493
vn 0.299714 -0.656193 -0.692519
vn 0.038099 0.172900 -0.984202
vn 0.000222 0.154123 -0.988052
vn 0.076690 -0.025668 -0.996724
vn -0.076270 -0.025676 -0.996757
vn 0.000209 0.154127 -0.988051
vn -0.165874 0.970936 -0.172538
vn -0.299560 -0.656288 -0.692496
vn -0.001992 0.765859 -0.643006
vn 0.002259 0.765846 -0.643020
vn -0.036225 -0.550165 -0.834270
vn 0.036478 -0.550160 -0.834262
vn 0.019802 -0.560389 -0.827993
vn -0.019523 -0.560404 -0.827989
vn -0.002491 0.095222 -0.995453
vn -0.370616 -0.247958 -0.895076
vn -0.315036 -0.313120 -0.895940
vn -0.291017 -0.342944 -0.893140
vn -0.296873 -0.382424 -0.874996
vn 0.315248 -0.313059 -0.895887
vn 0.291251 -0.342861 -0.893095
vn 0.370832 -0.247873 -0.895010
vn 0.002885 0.095283 -0.995446
vn 0.297107 -0.382335 -0.874956
vn 0.002587 0.987785 0.155805
vn 0.014932 0.987684 0.155745
vn 0.014924 0.987682 0.155760
vn 0.001487 0.987787 0.155806
vn 0.856914 0.509189 0.080159
vn 0.994211 -0.106111 -0.016911
vn 0.993037 -0.116338 -0.018524
vn 0.711474 0.694153 0.109344
vn -0.994211 -0.106167 -0.016532
vn -0.856820 0.509286 0.080551
vn -0.711567 0.694007 0.109666
vn -0.993039 -0.116378 -0.018144
vn -0.014916 0.987672 0.155825
vn -0.014918 0.987675 0.155804
vn -0.002589 0.987784 0.155806
vn -0.001492 0.987787 0.155807
vn -0.134207 -0.978860 -0.154342
vn 0.134146 -0.978861 -0.154387
vn 0.087031 -0.984043 -0.155196
vn -0.086954 -0.984054 -0.155169
vn 0.705457 -0.700077 -0.110558
vn 0.613719 -0.779865 -0.123124
vn -0.593053 -0.795350 -0.125327
vn -0.890663 -0.449140 -0.070663
vn -0.836768 -0.540896 -0.085147
vn -0.744038 -0.660002 -0.103949
vn 0.890615 -0.449179 -0.071015
vn 0.836788 -0.540818 -0.085450
vn 0.593252 -0.795171 -0.125519
vn -0.705328 -0.700248 -0.110296
vn -0.613868 -0.779790 -0.122855
vn 0.743872 -0.660140 -0.104257
vn -0.102841 0.992158 -0.071036
vn -0.000424 0.987768 0.155933
vn 0.000007 0.987791 0.155784
vn -0.000003 0.987792 0.155779
vn -0.000001 0.987792 0.155782
vn 0.000000 0.987793 0.155772
vn -0.037772 0.172524 -0.984281
vn 0.000014 0.987870 0.155283
vn 0.000005 0.987870 0.155282
vn 0.051741 0.968071 0.245279
vn 0.114478 0.940524 0.319859
vn 0.140391 0.929351 0.341463
vn -0.121694 0.947077 0.297046
vn -0.140429 0.929314 0.341549
vn -0.070667 0.973577 0.217149
vn 0.000003 0.987791 0.155782
vn -0.000005 0.987792 0.155780
vn -0.000164 0.987771 0.155910
vn -0.000004 0.987793 0.155771
vn -0.000004 0.987793 0.155771
vn -0.000055 0.987803 0.155709
vn 0.000006 0.987873 0.155266
vn -0.000007 0.987876 0.155247
vn -0.000007 0.987872 0.155270
vn -0.000002 0.987872 0.155272
vn 0.410493 0.163645 -0.897060
vn 0.337895 0.120847 -0.933393
vn 0.287486 0.091500 -0.953404
vn -0.000008 0.987873 0.155262
vn -0.000019 0.987874 0.155260
vn -0.000012 0.987871 0.155275
vn -0.000002 0.987871 0.155279
vn -0.182311 -0.040297 -0.982415
vn -0.017379 0.994438 0.103878
vn 0.025227 0.994103 0.105462
vn -0.040593 0.989927 0.135636
vn -0.000325 0.987600 0.156989
vn -0.032934 0.974829 0.220509
vn -0.041623 0.984695 0.169241
vn 0.031210 0.988882 0.145390
vn 0.033873 0.984450 0.172369
vn 0.021483 0.975456 0.219146
vn -0.087609 0.989867 0.111749
vn -0.025064 0.996416 0.080787
vn -0.133888 0.970957 0.198283
vn 0.040819 0.960823 0.274141
vn -0.090756 0.938615 0.332814
vn 0.076382 0.978223 0.192991
vn 0.077024 0.988551 0.129747
vn 0.034863 0.995718 0.085613
vn -0.232935 0.776185 -0.585899
vn 0.329825 0.769916 -0.546301
vn -0.659257 0.718747 -0.220870
vn -0.329780 0.565239 0.756142
vn -0.699366 0.631380 0.335033
vn 0.699369 0.703704 -0.125239
vn 0.659218 0.616369 0.430722
vn 0.232969 0.559025 0.795749
vn -0.695475 0.675629 -0.244623
vn -0.246759 0.736196 -0.630179
vn -0.736749 0.583578 0.341522
vn 0.246712 0.507322 0.825686
vn -0.346479 0.513792 0.784838
vn 0.695481 0.568001 0.440093
vn 0.736813 0.660142 -0.146008
vn 0.346529 0.729822 -0.589302
vn -0.000061 0.987881 0.155213
vn -0.000090 0.987854 0.155388
vn -0.000158 0.987888 0.155167
vn -0.000058 0.987871 0.155275
vn -0.000155 0.987879 0.155223
vn -0.000143 0.987861 0.155343
vn -0.000065 0.987873 0.155264
vn -0.000012 0.987865 0.155315
vn 0.000014 0.987861 0.155342
vn -0.000008 0.987857 0.155368
vn -0.000015 0.987874 0.155255
vn 0.000026 0.987878 0.155231
vn -0.000034 0.987877 0.155237
vn 0.000009 0.987874 0.155257
vn -0.000079 0.987864 0.155319
vn -0.000065 0.987861 0.155338
vn -0.447414 -0.138894 0.883476
vn 0.316007 -0.147368 0.937242
vn 0.047655 0.954348 0.294870
vn -0.067489 0.955618 0.286774
vn 0.894324 -0.069479 0.441993
vn 0.134949 0.966079 0.220181
vn 0.948774 0.049076 -0.312122
vn 0.447444 0.138868 -0.883465
vn 0.067482 0.997516 0.020224
vn 0.143151 0.983964 0.106407
vn -0.894348 0.069455 -0.441949
vn -0.948757 -0.049074 0.312173
vn -0.143129 0.969161 0.200600
vn -0.134925 0.987047 0.086799
vn -0.316053 0.147316 -0.937235
vn -0.047678 0.998790 0.012081
vn 0.317541 -0.147210 0.936748
vn 0.895068 -0.069249 0.440521
vn 0.150538 0.962153 0.227155
vn 0.053400 0.949048 0.310576
vn 0.948233 0.049308 -0.313726
vn 0.159482 0.982095 0.100276
vn 0.446004 0.138963 -0.884178
vn -0.317534 0.147211 -0.936750
vn -0.053409 0.998563 -0.004487
vn 0.075025 0.997172 0.004336
vn -0.895053 0.069228 -0.440554
vn -0.150524 0.985447 0.078970
vn -0.948228 -0.049294 0.313741
vn -0.159461 0.965505 0.205844
vn -0.445955 -0.138924 0.884208
vn -0.075007 0.950423 0.301777
vn -0.099919 0.983770 -0.149041
vn 0.141465 0.981098 -0.132039
vn -0.282766 0.959159 0.007558
vn -0.141478 0.893296 0.426622
vn -0.299980 0.921683 0.245995
vn 0.299994 0.952702 0.048617
vn 0.282788 0.915227 0.287038
vn 0.099932 0.890621 0.443630
vn -0.313724 0.949472 -0.008982
vn -0.111311 0.976804 -0.182934
vn -0.332404 0.907904 0.255377
vn 0.111308 0.873576 0.473790
vn -0.156333 0.876469 0.455370
vn 0.313723 0.900932 0.299833
vn 0.332384 0.942477 0.035460
vn 0.156321 0.973910 -0.164508
vn -0.046494 -0.955456 -0.291450
vn 0.065818 -0.956695 -0.283553
vn -0.131556 -0.966903 -0.218615
vn -0.065824 -0.997552 -0.023626
vn -0.139575 -0.984340 -0.107675
vn 0.139574 -0.969903 -0.199518
vn 0.131569 -0.987343 -0.088564
vn 0.046485 -0.998796 -0.015696
vn -0.147410 -0.962978 -0.225706
vn -0.052302 -0.950126 -0.307450
vn -0.156157 -0.982504 -0.101495
vn 0.052297 -0.998631 0.001117
vn -0.073430 -0.997272 -0.007554
vn 0.147378 -0.985790 -0.080603
vn 0.156146 -0.966268 -0.204806
vn 0.073440 -0.951500 -0.298755
vn -0.182832 -0.720481 -0.668939
vn 0.258880 -0.725366 -0.637828
vn -0.517500 -0.765498 -0.382369
vn -0.258887 -0.886049 0.384571
vn -0.549001 -0.834077 0.053976
vn 0.548988 -0.777302 -0.307268
vn 0.517492 -0.845891 0.129114
vn 0.182870 -0.890920 0.415716
vn -0.557614 -0.729584 -0.395947
vn -0.197863 -0.680996 -0.705049
vn -0.590729 -0.803474 0.073950
vn 0.197853 -0.864440 0.462166
vn -0.277784 -0.859319 0.429425
vn 0.557620 -0.815869 0.153026
vn 0.590724 -0.742043 -0.316887
vn 0.277784 -0.686150 -0.672335
vn -0.244371 0.740209 -0.626397
vn 0.346019 0.733656 -0.584825
vn -0.691661 0.679984 -0.243365
vn -0.346013 0.518834 0.781720
vn -0.733778 0.588284 0.339840
vn 0.733731 0.664220 -0.143008
vn 0.691661 0.572532 0.440241
vn 0.244418 0.512301 0.823291
vn -0.722821 0.638536 -0.264198
vn -0.256473 0.701562 -0.664855
vn -0.765795 0.542756 0.344927
vn 0.256461 0.463696 0.848064
vn -0.360096 0.470294 0.805702
vn 0.722840 0.526635 0.447389
vn 0.765828 0.622366 -0.161768
vn 0.360095 0.694828 -0.622532
s 1
g pCube137
usemtl initialShadingGroup
f 1780/2031/1825 1781/2365/1826 1713/2033/1827 1714/2034/1828
s 2
f 1751/2035/1829 1752/2036/1830 1811/2037/1831 1812/2038/1832
s 1
f 1719/2039/1833 1720/2040/1834 1772/2041/1835 1773/2042/1836
f 1819/2043/1837 1820/2354/1838 1730/2355/1839 1731/2046/1840
s 5
f 1963/2047/1841 1964/2048/1842 1965/2049/1843 1966/2050/1844
s 1
f 1818/2051/1845 1776/2052/1846 1732/2053/1847 1817/2054/1848
f 1687/2055/1849 1688/2350/1850 1704/2377/1851 1705/2058/1852
f 1783/2059/1853 1711/2060/1854 1712/2061/1855 1782/2062/1856
f 1690/2383/1857 1689/2064/1858 1706/2065/1859 1703/2066/1860
f 1716/2067/1861 1778/2068/1862 1779/2069/1863 1715/2070/1864
f 1691/2071/1865 1692/2357/1866 1707/2375/1867 1708/2074/1868
f 1722/2075/1869 1770/2076/1870 1771/2077/1871 1721/2078/1872
f 1694/2381/1873 1693/2080/1874 1709/2081/1875 1710/2374/1876
f 1775/2083/1877 1717/2084/1878 1718/2085/1879 1774/2086/1880
f 1782/2062/1856 1712/2061/1855 1713/2366/1881 1781/2032/1882
f 1705/2058/1852 1704/2377/1851 1696/2087/1883 1695/2088/1884
f 1715/2070/1864 1779/2069/1863 1780/2031/1825 1714/2034/1828
f 1703/2066/1860 1706/2065/1859 1698/2089/1885 1697/2090/1886
f 1708/2074/1868 1707/2375/1867 1700/2091/1887 1699/2092/1888
f 1774/2086/1880 1718/2085/1879 1719/2039/1833 1773/2042/1836
f 1710/2374/1876 1709/2081/1875 1702/2093/1889 1701/2368/1890
f 1721/2078/1872 1771/2077/1871 1772/2367/1891 1720/2364/1892
f 1806/2095/1893 1690/2063/1857 1703/2380/1860 1805/2096/1894
f 1804/2097/1895 1805/2096/1894 1703/2380/1860 1697/2361/1886
f 1803/2098/1896 1804/2360/1897 1697/2090/1886 1698/2089/1885
f 1706/2065/1859 1802/2099/1898 1803/2098/1896 1698/2089/1885
f 1689/2064/1858 1801/2100/1899 1802/2099/1898 1706/2065/1859
f 1816/2101/1900 1796/2102/1901 1735/2103/1902 1815/2104/1903
f 1793/2105/1904 1794/2106/1905 1691/2071/1865 1708/2074/1868
f 1792/2107/1906 1793/2105/1904 1708/2074/1868 1699/2092/1888
f 1699/2092/1888 1700/2091/1887 1791/2363/1907 1792/2107/1906
f 1707/2073/1867 1790/2109/1908 1791/2362/1909 1700/2376/1887
f 1692/2358/1866 1789/2110/1910 1790/2109/1908 1707/2073/1867
f 1734/2372/1911 1788/2112/1912 1808/2113/1913 1809/2356/1914
f 1783/2059/1853 1821/2115/1915 1822/2116/1916 1711/2060/1854
f 1833/2117/1917 1834/2349/1918 1688/2056/1850 1687/2055/1849
f 1831/2119/1919 1832/2120/1920 1778/2068/1862 1716/2067/1861
f 1829/2121/1921 1830/2122/1922 1800/2123/1923 1738/2124/1924
s 2
f 1755/2125/1925 1756/2126/1926 1825/2127/1927 1826/2128/1928
s 16
f 1972/2129/1929 1973/2130/1930 1974/2131/1931 1975/2132/1932
s 1
f 1784/2133/1933 1769/2134/1934 1729/2135/1935 1723/2136/1936
f 1731/2046/1840 1730/2355/1839 1724/2373/1937 1725/2138/1938
f 1732/2053/1847 1776/2052/1846 1777/2139/1939 1726/2140/1940
f 1733/2141/1941 1797/2142/1942 1798/2143/1943 1727/2144/1944
s 2
f 1758/2145/1945 1757/2146/1946 1752/2036/1830 1751/2035/1829
s 1
f 1763/2370/1947 1786/2148/1948 1787/2149/1949 1766/2371/1950
f 1797/2142/1942 1733/2141/1941 1735/2103/1902 1796/2102/1901
s 2
f 1751/2035/1829 1812/2038/1832 1813/2151/1951 1760/2152/1952
s 1
f 1691/2071/1865 1794/2106/1905 1795/2153/1953 1736/2154/1954
f 1727/2144/1944 1798/2143/1943 1799/2155/1955 1737/2156/1956
f 1801/2100/1899 1689/2064/1858 1738/2124/1924 1800/2123/1923
s 2
f 1755/2125/1925 1826/2128/1928 1827/2157/1957 1762/2158/1958
s 1
f 1734/2111/1911 1809/2114/1914 1810/2334/1959 1740/2160/1960
f 1692/2072/1866 1691/2071/1865 1742/2347/1961 1741/2336/1962
f 1689/2064/1858 1690/2384/1857 1744/2341/1963 1743/2345/1964
f 1690/2384/1857 1823/2352/1965 1824/2328/1966 1744/2341/1963
f 1763/2147/1947 1766/2150/1950 1767/2167/1967 1768/2168/1968
f 1733/2141/1969 1727/2144/1970 1746/2339/1971 1739/2343/1972
f 1691/2071/1865 1736/2154/1954 1747/2171/1973 1742/2347/1961
f 1815/2104/1974 1735/2103/1975 1748/2346/1976 1814/2173/1977
f 1735/2103/1975 1733/2141/1969 1739/2343/1972 1748/2346/1976
f 1727/2144/1970 1737/2156/1978 1749/2174/1979 1746/2339/1971
f 1829/2121/1980 1738/2124/1924 1750/2337/1981 1828/2176/1982
f 1738/2124/1924 1689/2064/1858 1743/2345/1964 1750/2337/1981
s 20
f 1740/2348/1983 1810/2159/1984 1811/2037/1985 1752/2036/1986
f 1741/2335/1987 1742/2161/1988 1754/2177/1989 1753/2178/1990
f 1743/2164/1991 1744/2342/1992 1756/2126/1993 1755/2125/1994
f 1744/2163/1992 1824/2166/1995 1825/2127/1996 1756/2126/1993
f 1745/2179/1997 1740/2348/1983 1752/2036/1986 1757/2146/1998
f 1739/2170/1999 1746/2340/2000 1758/2145/2001 1751/2035/2002
f 1742/2161/1988 1747/2332/2003 1759/2180/2004 1754/2177/1989
f 1814/2331/2005 1748/2172/2006 1760/2152/2007 1813/2151/2008
f 1748/2172/2006 1739/2344/1999 1751/2035/2002 1760/2152/2007
f 1746/2169/2000 1749/2327/2009 1761/2181/2010 1758/2145/2001
f 1828/2326/2011 1750/2338/2012 1762/2158/2013 1827/2157/2014
f 1750/2175/2012 1743/2164/1991 1755/2125/1994 1762/2158/2013
s 1
f 1728/2182/2015 1785/2183/2016 1786/2148/2017 1763/2370/1947
f 1723/2136/1936 1729/2135/1935 1765/2184/2018 1764/2185/2019
f 1788/2112/1912 1734/2372/1911 1766/2371/1950 1787/2149/2020
f 1734/2111/1911 1740/2160/1960 1767/2167/1967 1766/2150/1950
f 1740/2160/1960 1745/2329/2021 1768/2168/1968 1767/2167/1967
f 1745/2329/2021 1728/2353/2015 1763/2147/1947 1768/2168/1968
s 5
f 1968/2186/2022 1967/2187/2023 1964/2048/1842 1963/2047/1841
s 1
f 1771/2077/1871 1770/2076/1870 1694/2079/2024 1710/2082/2025
f 1772/2367/1891 1771/2077/1871 1710/2082/2025 1701/2369/2026
f 1773/2042/1836 1772/2041/1835 1701/2094/1890 1702/2093/1889
f 1709/2081/1875 1774/2086/1880 1773/2042/1836 1702/2093/1889
f 1693/2080/1874 1775/2083/1877 1774/2086/1880 1709/2081/1875
f 1819/2043/1837 1731/2046/1840 1776/2052/1846 1818/2051/1845
f 1777/2139/1939 1776/2052/1846 1731/2046/1840 1725/2138/1938
f 1778/2068/1862 1832/2120/1920 1833/2117/1917 1687/2055/1849
f 1779/2069/1863 1778/2068/1862 1687/2055/1849 1705/2058/1852
f 1780/2031/1825 1779/2069/1863 1705/2058/1852 1695/2088/1884
f 1695/2088/1884 1696/2378/1883 1781/2365/1826 1780/2031/1825
f 1704/2057/2027 1782/2062/1856 1781/2032/1882 1696/2379/2028
f 1688/2351/2029 1783/2059/1853 1782/2062/1856 1704/2057/2027
f 1688/2351/2029 1834/2118/2030 1821/2115/1915 1783/2059/1853
f 1724/2137/2031 1730/2045/2032 1769/2134/1934 1784/2133/1933
f 1785/2183/2016 1723/2136/1936 1764/2185/2019 1786/2148/2017
f 1787/2149/1949 1786/2148/1948 1764/2185/2033 1765/2184/2034
f 1729/2135/1935 1788/2112/1912 1787/2149/2020 1765/2184/2018
f 1808/2113/1913 1788/2112/1912 1729/2135/1935 1807/2188/2035
f 1790/2109/1908 1789/2110/1910 1722/2075/1869 1721/2078/1872
f 1791/2362/1909 1790/2109/1908 1721/2078/1872 1720/2364/1892
f 1792/2107/1906 1791/2108/1907 1720/2040/1834 1719/2039/1833
f 1719/2039/1833 1718/2085/1879 1793/2105/1904 1792/2107/1906
f 1718/2085/1879 1717/2084/1878 1794/2106/1905 1793/2105/1904
f 1798/2143/1943 1797/2142/1942 1732/2053/1847 1726/2140/1940
f 1802/2099/1898 1801/2100/1899 1716/2067/1861 1715/2070/1864
f 1803/2098/1896 1802/2099/1898 1715/2070/1864 1714/2034/1828
f 1714/2034/1828 1713/2033/1827 1804/2359/1897 1803/2098/1896
f 1713/2366/1881 1712/2061/1855 1805/2096/1894 1804/2097/1895
f 1711/2060/1854 1806/2095/1893 1805/2096/1894 1712/2061/1855
s 16
f 1977/2189/2036 1976/2190/2037 1973/2130/1930 1972/2129/1929
s 5
f 1964/2048/1842 1969/2191/2038 1970/2192/2039 1965/2049/1843
s 1
f 1789/2110/1910 1808/2113/1913 1807/2188/2035 1722/2075/1869
f 1809/2356/1914 1808/2113/1913 1789/2110/1910 1692/2358/1866
f 1810/2334/1959 1809/2114/1914 1692/2072/1866 1741/2336/1962
s 20
f 1811/2037/1985 1810/2159/1984 1741/2162/1987 1753/2178/1990
s 2
f 1812/2038/1832 1811/2037/1831 1753/2178/2040 1754/2177/2041
f 1813/2151/1951 1812/2038/1832 1754/2177/2041 1759/2180/2042
s 20
f 1747/2333/2003 1814/2330/2005 1813/2151/2008 1759/2180/2004
s 1
f 1736/2154/1954 1815/2104/1974 1814/2173/1977 1747/2171/1973
f 1795/2153/1953 1816/2101/1900 1815/2104/1903 1736/2154/1954
f 1775/2083/1877 1818/2051/1845 1817/2054/1848 1717/2084/1878
f 1693/2080/1874 1819/2043/1837 1818/2051/1845 1775/2083/1877
f 1693/2080/1874 1694/2382/1873 1820/2354/1838 1819/2043/1837
s 5
f 1964/2048/1842 1967/2187/2023 1971/2193/2043 1969/2191/2038
s 1
f 1821/2115/1915 1784/2133/1933 1723/2136/1936 1822/2116/1916
s 16
f 1973/2130/1930 1976/2190/2037 1978/2194/2044 1979/2195/2045
f 1974/2131/1931 1973/2130/1930 1979/2195/2045 1980/2196/2046
s 1
f 1824/2328/1966 1823/2352/1965 1728/2353/2015 1745/2329/2021
s 20
f 1825/2127/1996 1824/2166/1995 1745/2179/1997 1757/2146/1998
s 2
f 1826/2128/1928 1825/2127/1927 1757/2146/1946 1758/2145/1945
f 1827/2157/1957 1826/2128/1928 1758/2145/1945 1761/2181/2047
s 20
f 1749/2327/2009 1828/2325/2011 1827/2157/2014 1761/2181/2010
s 1
f 1737/2156/1978 1829/2121/1980 1828/2176/1982 1749/2174/1979
f 1737/2156/1956 1799/2155/1955 1830/2122/1922 1829/2121/1921
f 1726/2140/1940 1777/2139/1939 1832/2120/1920 1831/2119/1919
f 1833/2117/1917 1832/2120/1920 1777/2139/1939 1725/2138/1938
f 1725/2138/1938 1724/2373/1937 1834/2349/1918 1833/2117/1917
f 1821/2115/1915 1834/2118/2030 1724/2137/2031 1784/2133/1933
f 1807/2188/2035 1729/2135/1935 1837/2197/2048 1836/2198/2049
f 1729/2135/1935 1769/2134/1934 1835/2199/2050 1837/2197/2048
f 1730/2045/2032 1820/2044/2051 1838/2200/2052 1839/2201/2053
f 1769/2134/1934 1730/2045/2032 1839/2201/2053 1835/2199/2050
f 1770/2076/1870 1722/2075/1869 1841/2202/2054 1840/2203/2055
f 1722/2075/1869 1807/2188/2035 1836/2198/2049 1841/2202/2054
f 1820/2044/2051 1694/2079/2024 1842/2204/2056 1838/2200/2052
f 1694/2079/2024 1770/2076/1870 1840/2203/2055 1842/2204/2056
f 1823/2165/1965 1690/2063/1857 1845/2205/2057 1844/2206/2058
f 1690/2063/1857 1806/2095/1893 1843/2207/2059 1845/2205/2057
f 1711/2060/1854 1822/2116/1916 1846/2208/2060 1847/2209/2061
f 1806/2095/1893 1711/2060/1854 1847/2209/2061 1843/2207/2059
f 1822/2116/1916 1723/2136/1936 1848/2210/2062 1846/2208/2060
f 1723/2136/1936 1785/2183/2016 1849/2211/2063 1848/2210/2062
f 1785/2183/2016 1728/2182/2015 1850/2212/2064 1849/2211/2063
f 1728/2182/2015 1823/2165/1965 1844/2206/2058 1850/2212/2064
f 1836/2198/2049 1837/2197/2048 1853/2464/2065 1852/2214/2066
f 1837/2197/2048 1835/2199/2050 1851/2215/2067 1853/2213/2065
f 1839/2201/2053 1838/2200/2052 1854/2216/2068 1855/2217/2069
f 1835/2199/2050 1839/2201/2053 1855/2463/2069 1851/2215/2067
f 1840/2203/2055 1841/2202/2054 1857/2462/2070 1856/2219/2071
f 1841/2202/2054 1836/2198/2049 1852/2214/2066 1857/2218/2070
f 1838/2200/2052 1842/2204/2056 1858/2461/2072 1854/2216/2068
f 1842/2204/2056 1840/2203/2055 1856/2219/2071 1858/2220/2072
f 1844/2206/2058 1845/2205/2057 1861/2460/2073 1860/2222/2074
f 1845/2205/2057 1843/2207/2059 1859/2223/2075 1861/2221/2073
f 1847/2209/2061 1846/2208/2060 1862/2224/2076 1863/2225/2077
f 1843/2207/2059 1847/2209/2061 1863/2459/2077 1859/2223/2075
f 1846/2208/2060 1848/2210/2062 1864/2458/2078 1862/2224/2076
f 1848/2210/2062 1849/2211/2063 1865/2227/2079 1864/2226/2078
f 1849/2211/2063 1850/2212/2064 1866/2457/2080 1865/2227/2079
f 1850/2212/2064 1844/2206/2058 1860/2222/2074 1866/2228/2080
f 1852/2214/2066 1853/2464/2065 1869/2455/2081 1868/2397/2082
f 1853/2213/2065 1851/2215/2067 1867/2398/2083 1869/2400/2081
f 1855/2217/2069 1854/2216/2068 1870/2395/2084 1871/2399/2085
f 1851/2215/2067 1855/2463/2069 1871/2453/2085 1867/2398/2083
f 1856/2219/2071 1857/2462/2070 1873/2451/2086 1872/2393/2087
f 1857/2218/2070 1852/2214/2066 1868/2397/2082 1873/2396/2086
f 1854/2216/2068 1858/2461/2072 1874/2449/2088 1870/2395/2084
f 1858/2220/2072 1856/2219/2071 1872/2393/2087 1874/2394/2088
f 1860/2222/2074 1861/2460/2073 1877/2447/2089 1876/2385/2090
f 1861/2221/2073 1859/2223/2075 1875/2391/2091 1877/2392/2089
f 1863/2225/2077 1862/2224/2076 1878/2389/2092 1879/2390/2093
f 1859/2223/2075 1863/2459/2077 1879/2445/2093 1875/2391/2091
f 1862/2224/2076 1864/2458/2078 1880/2443/2094 1878/2389/2092
f 1864/2226/2078 1865/2227/2079 1881/2387/2095 1880/2388/2094
f 1865/2227/2079 1866/2457/2080 1882/2441/2096 1881/2387/2095
f 1866/2228/2080 1860/2222/2074 1876/2385/2090 1882/2386/2096
s 5
f 1868/2230/2097 1869/2456/2098 1885/2440/2099 1884/2246/2100
f 1869/2229/2098 1867/2231/2101 1883/2247/2102 1885/2245/2099
f 1871/2233/2103 1870/2232/2104 1886/2248/2105 1887/2249/2106
f 1867/2231/2101 1871/2454/2103 1887/2439/2106 1883/2247/2102
f 1872/2235/2107 1873/2452/2108 1889/2438/2109 1888/2251/2110
f 1873/2234/2108 1868/2230/2097 1884/2246/2100 1889/2250/2109
f 1870/2232/2104 1874/2450/2111 1890/2437/2112 1886/2248/2105
f 1874/2236/2111 1872/2235/2107 1888/2251/2110 1890/2252/2112
s 16
f 1876/2238/2113 1877/2448/2114 1893/2436/2115 1892/2254/2116
f 1877/2237/2114 1875/2239/2117 1891/2255/2118 1893/2253/2115
f 1879/2241/2119 1878/2240/2120 1894/2256/2121 1895/2257/2122
f 1875/2239/2117 1879/2446/2119 1895/2435/2122 1891/2255/2118
f 1878/2240/2120 1880/2444/2123 1896/2434/2124 1894/2256/2121
f 1880/2242/2123 1881/2243/2125 1897/2259/2126 1896/2258/2124
f 1881/2243/2125 1882/2442/2127 1898/2433/2128 1897/2259/2126
f 1882/2244/2127 1876/2238/2113 1892/2254/2116 1898/2260/2128
s 5
f 1884/2246/2100 1885/2440/2099 1901/2432/2129 1900/2262/2130
f 1885/2245/2099 1883/2247/2102 1899/2263/2131 1901/2261/2129
f 1887/2249/2106 1886/2248/2105 1902/2264/2132 1903/2265/2133
f 1883/2247/2102 1887/2439/2106 1903/2431/2133 1899/2263/2131
f 1888/2251/2110 1889/2438/2109 1905/2430/2134 1904/2267/2135
f 1889/2250/2109 1884/2246/2100 1900/2262/2130 1905/2266/2134
f 1886/2248/2105 1890/2437/2112 1906/2429/2136 1902/2264/2132
f 1890/2252/2112 1888/2251/2110 1904/2267/2135 1906/2268/2136
s 16
f 1892/2254/2116 1893/2436/2115 1909/2428/2137 1908/2270/2138
f 1893/2253/2115 1891/2255/2118 1907/2271/2139 1909/2269/2137
f 1895/2257/2122 1894/2256/2121 1910/2272/2140 1911/2273/2141
f 1891/2255/2118 1895/2435/2122 1911/2427/2141 1907/2271/2139
f 1894/2256/2121 1896/2434/2124 1912/2426/2142 1910/2272/2140
f 1896/2258/2124 1897/2259/2126 1913/2275/2143 1912/2274/2142
f 1897/2259/2126 1898/2433/2128 1914/2425/2144 1913/2275/2143
f 1898/2260/2128 1892/2254/2116 1908/2270/2138 1914/2276/2144
s 5
f 1900/2262/2130 1901/2432/2129 1917/2424/2145 1916/2278/2146
f 1901/2261/2129 1899/2263/2131 1915/2279/2147 1917/2277/2145
f 1903/2265/2133 1902/2264/2132 1918/2280/2148 1919/2281/2149
f 1899/2263/2131 1903/2431/2133 1919/2423/2149 1915/2279/2147
f 1904/2267/2135 1905/2430/2134 1921/2422/2150 1920/2283/2151
f 1905/2266/2134 1900/2262/2130 1916/2278/2146 1921/2282/2150
f 1902/2264/2132 1906/2429/2136 1922/2421/2152 1918/2280/2148
f 1906/2268/2136 1904/2267/2135 1920/2283/2151 1922/2284/2152
s 16
f 1908/2270/2138 1909/2428/2137 1925/2420/2153 1924/2286/2154
f 1909/2269/2137 1907/2271/2139 1923/2287/2155 1925/2285/2153
f 1911/2273/2141 1910/2272/2140 1926/2288/2156 1927/2289/2157
f 1907/2271/2139 1911/2427/2141 1927/2419/2157 1923/2287/2155
f 1910/2272/2140 1912/2426/2142 1928/2418/2158 1926/2288/2156
f 1912/2274/2142 1913/2275/2143 1929/2291/2159 1928/2290/2158
f 1913/2275/2143 1914/2425/2144 1930/2417/2160 1929/2291/2159
f 1914/2276/2144 1908/2270/2138 1924/2286/2154 1930/2292/2160
s 5
f 1916/2278/2146 1917/2424/2145 1933/2416/2161 1932/2294/2162
f 1917/2277/2145 1915/2279/2147 1931/2295/2163 1933/2293/2161
f 1919/2281/2149 1918/2280/2148 1934/2296/2164 1935/2297/2165
f 1915/2279/2147 1919/2423/2149 1935/2415/2165 1931/2295/2163
f 1920/2283/2151 1921/2422/2150 1937/2414/2166 1936/2299/2167
f 1921/2282/2150 1916/2278/2146 1932/2294/2162 1937/2298/2166
f 1918/2280/2148 1922/2421/2152 1938/2413/2168 1934/2296/2164
f 1922/2284/2152 1920/2283/2151 1936/2299/2167 1938/2300/2168
s 16
f 1924/2286/2154 1925/2420/2153 1941/2412/2169 1940/2302/2170
f 1925/2285/2153 1923/2287/2155 1939/2303/2171 1941/2301/2169
f 1927/2289/2157 1926/2288/2156 1942/2304/2172 1943/2305/2173
f 1923/2287/2155 1927/2419/2157 1943/2411/2173 1939/2303/2171
f 1926/2288/2156 1928/2418/2158 1944/2410/2174 1942/2304/2172
f 1928/2290/2158 1929/2291/2159 1945/2307/2175 1944/2306/2174
f 1929/2291/2159 1930/2417/2160 1946/2409/2176 1945/2307/2175
f 1930/2292/2160 1924/2286/2154 1940/2302/2170 1946/2308/2176
s 5
f 1932/2294/2162 1933/2416/2161 1949/2408/2177 1948/2310/2178
f 1933/2293/2161 1931/2295/2163 1947/2311/2179 1949/2309/2177
f 1935/2297/2165 1934/2296/2164 1950/2312/2180 1951/2313/2181
f 1931/2295/2163 1935/2415/2165 1951/2407/2181 1947/2311/2179
f 1936/2299/2167 1937/2414/2166 1953/2406/2182 1952/2315/2183
f 1937/2298/2166 1932/2294/2162 1948/2310/2178 1953/2314/2182
f 1934/2296/2164 1938/2413/2168 1954/2405/2184 1950/2312/2180
f 1938/2300/2168 1936/2299/2167 1952/2315/2183 1954/2316/2184
s 16
f 1940/2302/2170 1941/2412/2169 1957/2404/2185 1956/2318/2186
f 1941/2301/2169 1939/2303/2171 1955/2319/2187 1957/2317/2185
f 1943/2305/2173 1942/2304/2172 1958/2320/2188 1959/2321/2189
f 1939/2303/2171 1943/2411/2173 1959/2403/2189 1955/2319/2187
f 1942/2304/2172 1944/2410/2174 1960/2402/2190 1958/2320/2188
f 1944/2306/2174 1945/2307/2175 1961/2323/2191 1960/2322/2190
f 1945/2307/2175 1946/2409/2176 1962/2401/2192 1961/2323/2191
f 1946/2308/2176 1940/2302/2170 1956/2318/2186 1962/2324/2192
s 5
f 1948/2310/2178 1949/2408/2177 1966/2050/1844 1965/2049/1843
f 1949/2309/2177 1947/2311/2179 1963/2047/1841 1966/2050/1844
f 1951/2313/2181 1950/2312/2180 1967/2187/2023 1968/2186/2022
f 1947/2311/2179 1951/2407/2181 1968/2186/2022 1963/2047/1841
f 1952/2315/2183 1953/2406/2182 1970/2192/2039 1969/2191/2038
f 1953/2314/2182 1948/2310/2178 1965/2049/1843 1970/2192/2039
f 1950/2312/2180 1954/2405/2184 1971/2193/2043 1967/2187/2023
f 1954/2316/2184 1952/2315/2183 1969/2191/2038 1971/2193/2043
s 16
f 1956/2318/2186 1957/2404/2185 1975/2132/1932 1974/2131/1931
f 1957/2317/2185 1955/2319/2187 1972/2129/1929 1975/2132/1932
f 1959/2321/2189 1958/2320/2188 1976/2190/2037 1977/2189/2036
f 1955/2319/2187 1959/2403/2189 1977/2189/2036 1972/2129/1929
f 1958/2320/2188 1960/2402/2190 1978/2194/2044 1976/2190/2037
f 1960/2322/2190 1961/2323/2191 1979/2195/2045 1978/2194/2044
f 1961/2323/2191 1962/2401/2192 1980/2196/2046 1979/2195/2045
f 1962/2324/2192 1956/2318/2186 1974/2131/1931 1980/2196/2046
s 1
f 1831/2119/1919 1716/2067/1861 1801/2100/1899 1800/2123/1923
f 1795/2153/1953 1794/2106/1905 1717/2084/1878 1817/2054/1848
f 1800/2123/1923 1830/2122/1922 1726/2140/1940 1831/2119/1919
f 1817/2054/1848 1732/2053/1847 1816/2101/1900 1795/2153/1953
f 1799/2155/1955 1798/2143/1943 1726/2140/1940 1830/2122/1922
f 1797/2142/1942 1796/2102/1901 1816/2101/1900 1732/2053/1847
g default
v -0.281062 -0.431362 1.230061
v -1.718937 -0.431362 1.230061
v -0.281062 0.431363 1.230061
v -1.718937 0.431363 1.230061
v -1.718937 -0.431362 0.769939
v -1.718937 0.431363 0.769939
v -0.281062 -0.431362 0.769939
v -0.281062 0.431363 0.769939
v -1.718937 0.350202 0.769939
v -1.718937 0.350202 1.230061
v -0.281062 0.350202 1.230061
v -0.281062 0.350202 0.769939
v -1.718937 0.319788 0.769939
v -1.718937 0.319788 1.230061
v -0.281062 0.319788 1.230061
v -0.281062 0.319788 0.769939
v -1.704293 0.350202 0.781898
v -1.704293 0.350202 1.218102
v -1.704293 0.319788 0.781898
v -1.704293 0.319788 1.218102
v -0.295707 0.350202 1.218102
v -0.295707 0.319788 1.218102
v -0.295707 0.350202 0.781898
v -0.295707 0.319788 0.781898
vt 0.312291 0.740621
vt 0.667403 0.740622
vt 0.687447 0.740621
vt 0.312291 0.760666
vt 0.667403 0.626985
vt 0.667403 0.606941
vt 0.312291 0.626985
vt 0.292247 0.626985
vt 0.663786 0.763619
vt 0.663786 0.603988
vt 0.663786 0.596476
vt 0.663786 0.771131
vt 0.288630 0.737668
vt 0.281119 0.737668
vt 0.315908 0.603988
vt 0.315908 0.596476
vt 0.667403 0.774084
vt 0.702192 0.626985
vt 0.667403 0.408011
vt 0.887703 0.740622
vt 0.277502 0.740621
vt 0.312291 0.959596
vt 0.312291 0.593523
vt 0.091990 0.626985
vt 0.288630 0.629939
vt 0.281119 0.629939
vt 0.277502 0.626985
vt 0.312291 0.606941
vt 0.315908 0.771130
vt 0.315908 0.763619
vt 0.312291 0.774084
vt 0.292247 0.740621
vt 0.691064 0.737668
vt 0.698575 0.737668
vt 0.702192 0.740622
vt 0.691064 0.629939
vt 0.698575 0.629939
vt 0.667403 0.593523
vt 0.667403 0.760666
vt 0.687447 0.626985
vt 0.312291 0.408011
vt 0.667403 0.959596
vt 0.887703 0.626985
vt 0.091990 0.740621
vn 0.000000 0.000000 1.000000
vn 0.000000 0.000000 1.000000
vn 0.000000 0.000000 1.000000
vn 0.000000 0.000000 1.000000
vn -1.000000 0.000000 0.000000
vn -1.000000 0.000000 0.000000
vn -1.000000 0.000000 0.000000
vn -1.000000 0.000000 0.000000
vn 0.000000 0.000000 -1.000000
vn 0.000000 0.000000 -1.000000
vn 0.000000 0.000000 -1.000000
vn 0.000000 0.000000 -1.000000
vn 1.000000 0.000000 0.000000
vn 1.000000 0.000000 0.000000
vn 1.000000 0.000000 0.000000
vn 1.000000 0.000000 0.000000
vn 0.000000 1.000000 0.000000
vn 0.000000 1.000000 0.000000
vn 0.000000 1.000000 0.000000
vn 0.000000 1.000000 0.000000
vn -1.000000 0.000000 0.000000
vn -1.000000 0.000000 0.000000
vn -1.000000 0.000000 0.000000
vn -1.000000 0.000000 0.000000
vn 0.000000 0.000000 1.000000
vn 0.000000 0.000000 1.000000
vn 0.000000 0.000000 1.000000
vn 0.000000 0.000000 1.000000
vn 1.000000 0.000000 0.000000
vn 1.000000 0.000000 0.000000
vn 1.000000 0.000000 0.000000
vn 1.000000 0.000000 0.000000
vn 0.000000 0.000000 -1.000000
vn 0.000000 0.000000 -1.000000
vn 0.000000 0.000000 -1.000000
vn 0.000000 0.000000 -1.000000
vn -1.000000 0.000000 0.000000
vn -1.000000 0.000000 0.000000
vn -1.000000 0.000000 0.000000
vn -1.000000 0.000000 0.000000
vn 0.000000 0.000000 1.000000
vn 0.000000 0.000000 1.000000
vn 0.000000 0.000000 1.000000
vn 0.000000 0.000000 1.000000
vn 1.000000 0.000000 0.000000
vn 1.000000 0.000000 0.000000
vn 1.000000 0.000000 0.000000
vn 1.000000 0.000000 0.000000
vn 0.000000 0.000000 -1.000000
vn 0.000000 0.000000 -1.000000
vn 0.000000 0.000000 -1.000000
vn 0.000000 0.000000 -1.000000
vn 0.000000 -1.000000 0.000000
vn 0.000000 -1.000000 0.000000
vn 0.000000 -1.000000 0.000000
vn 0.000000 -1.000000 0.000000
vn 0.000000 1.000000 0.000000
vn 0.000000 1.000000 0.000000
vn 0.000000 1.000000 0.000000
vn 0.000000 1.000000 0.000000
vn 0.000000 -1.000000 0.000001
vn 0.000000 -1.000000 0.000001
vn 0.000000 -1.000000 0.000001
vn 0.000000 -1.000000 0.000001
vn 0.000000 1.000000 -0.000001
vn 0.000000 1.000000 -0.000001
vn 0.000000 1.000000 -0.000001
vn 0.000000 1.000000 -0.000001
vn 0.000000 -1.000000 0.000000
vn 0.000000 -1.000000 0.000000
vn 0.000000 -1.000000 0.000000
vn 0.000000 -1.000000 0.000000
vn 0.000000 1.000000 0.000000
vn 0.000000 1.000000 0.000000
vn 0.000000 1.000000 0.000000
vn 0.000000 1.000000 0.000000
vn 0.000000 -1.000000 -0.000002
vn 0.000000 -1.000000 -0.000002
vn 0.000000 -1.000000 -0.000002
vn 0.000000 -1.000000 -0.000002
vn 0.000000 1.000000 0.000001
vn 0.000000 1.000000 0.000001
vn 0.000000 1.000000 0.000001
vn 0.000000 1.000000 0.000001
s off
g Xbox:Cube_2_
usemtl initialShadingGroup
f 1983/2465/2193 1984/2466/2194 1990/2503/2195 1991/2468/2196
f 1984/2466/2197 1986/2469/2198 1989/2504/2199 1990/2467/2200
f 1986/2469/2201 1988/2471/2202 1992/2492/2203 1989/2470/2204
f 1988/2471/2205 1983/2465/2206 1991/2496/2207 1992/2472/2208
f 1988/2471/2209 1986/2469/2210 1984/2466/2211 1983/2465/2212
f 1998/2497/2213 1997/2500/2214 1999/2501/2215 2000/2498/2216
f 2001/2494/2217 1998/2473/2218 2000/2476/2219 2002/2493/2220
f 2003/2489/2221 2001/2477/2222 2002/2478/2223 2004/2490/2224
f 1997/2474/2225 2003/2479/2226 2004/2480/2227 1999/2475/2228
f 1994/2499/2229 1993/2482/2230 1985/2507/2231 1982/2484/2232
f 1995/2495/2233 1994/2481/2234 1982/2506/2235 1981/2486/2236
f 1996/2491/2237 1995/2485/2238 1981/2508/2239 1987/2488/2240
f 1993/2502/2241 1996/2487/2242 1987/2505/2243 1985/2483/2244
f 1990/2467/2245 1989/2504/2246 1997/2500/2247 1998/2497/2248
f 1993/2482/2249 1994/2499/2250 2000/2498/2251 1999/2501/2252
f 1991/2468/2253 1990/2503/2254 1998/2473/2255 2001/2494/2256
f 1994/2481/2257 1995/2495/2258 2002/2493/2259 2000/2476/2260
f 1992/2472/2261 1991/2496/2262 2001/2477/2263 2003/2489/2264
f 1995/2485/2265 1996/2491/2266 2004/2490/2267 2002/2478/2268
f 1989/2470/2269 1992/2492/2270 2003/2479/2271 1997/2474/2272
f 1996/2487/2273 1993/2502/2274 1999/2475/2275 2004/2480/2276
g default
v -1.657903 0.431363 1.185202
v -1.307667 0.431363 1.185202
v -1.657903 0.480233 1.206176
v -1.307667 0.480233 1.206176
v -1.657903 0.480233 0.901952
v -1.307667 0.480233 0.901952
v -1.657903 0.431363 0.867949
v -1.307667 0.431363 0.867949
v -1.657903 0.445334 0.877670
v -1.657903 0.449971 0.880896
v -1.657903 0.450096 1.193242
v -1.657903 0.445209 1.191145
v -1.307667 0.450096 1.193242
v -1.307667 0.445209 1.191145
v -1.307667 0.445334 0.877670
v -1.307667 0.449971 0.880896
v -1.657903 0.461624 0.889005
v -1.657903 0.466261 0.892230
v -1.657903 0.466386 1.200233
v -1.657903 0.461500 1.198136
v -1.307667 0.466386 1.200233
v -1.307667 0.461500 1.198136
v -1.307667 0.466261 0.892230
v -1.307667 0.461624 0.889005
v -1.626362 0.445334 0.906720
v -1.626362 0.449971 0.909365
v -1.339209 0.449971 0.909365
v -1.339209 0.445334 0.906720
v -1.626362 0.445209 1.163733
v -1.626362 0.450096 1.165452
v -1.339209 0.445209 1.163733
v -1.339209 0.450096 1.165452
v -1.626362 0.461624 0.916012
v -1.626362 0.466261 0.918657
v -1.339209 0.466261 0.918657
v -1.339209 0.461624 0.916012
v -1.626362 0.461500 1.169465
v -1.626362 0.466386 1.171184
v -1.339209 0.461500 1.169465
v -1.339209 0.466386 1.171184
vt 0.171695 0.495558
vt 0.258193 0.495558
vt 0.258193 0.570693
vt 0.171695 0.570693
vt 0.139716 0.569516
vt 0.140860 0.568862
vt 0.289027 0.568862
vt 0.290172 0.569516
vt 0.179485 0.465095
vt 0.179485 0.466374
vt 0.290220 0.506041
vt 0.289013 0.505616
vt 0.159312 0.567217
vt 0.160457 0.566564
vt 0.269430 0.566564
vt 0.270575 0.567217
vt 0.179485 0.483383
vt 0.179485 0.484663
vt 0.270612 0.504622
vt 0.269405 0.504197
vt 0.168275 0.497026
vt 0.258193 0.491837
vt 0.261643 0.573093
vt 0.171695 0.574896
vt 0.171695 0.612644
vt 0.128454 0.500746
vt 0.171695 0.458325
vt 0.131931 0.576696
vt 0.258193 0.454603
vt 0.298015 0.499277
vt 0.301406 0.579098
vt 0.258193 0.608441
vt 0.171695 0.592917
vt 0.148666 0.498755
vt 0.171695 0.476302
vt 0.151526 0.573892
vt 0.258193 0.473238
vt 0.278406 0.497545
vt 0.281239 0.575895
vt 0.258193 0.589411
vt 0.250403 0.483383
vt 0.250403 0.484663
vt 0.261612 0.497026
vt 0.258193 0.476302
vt 0.159276 0.504622
vt 0.160483 0.504197
vt 0.171695 0.491837
vt 0.151482 0.497545
vt 0.250403 0.581423
vt 0.250403 0.582741
vt 0.278361 0.573892
vt 0.258193 0.574896
vt 0.179485 0.582741
vt 0.179485 0.581423
vt 0.168244 0.573093
vt 0.171695 0.589411
vt 0.250403 0.465095
vt 0.250403 0.466374
vt 0.281222 0.498755
vt 0.258193 0.458325
vt 0.139668 0.506041
vt 0.140875 0.505616
vt 0.171695 0.473238
vt 0.131873 0.499277
vt 0.250403 0.599948
vt 0.250403 0.601267
vt 0.297956 0.576696
vt 0.258193 0.592917
vt 0.179485 0.601267
vt 0.179485 0.599948
vt 0.148649 0.575895
vt 0.171695 0.608441
vt 0.258193 0.612644
vt 0.301434 0.500746
vt 0.128481 0.579098
vt 0.171695 0.454603
vn 0.000000 1.000000 0.000000
vn 0.000000 1.000000 0.000000
vn 0.000000 1.000000 0.000000
vn 0.000000 1.000000 0.000000
vn 0.000000 0.495498 -0.868609
vn 0.000000 0.495498 -0.868609
vn 0.000000 0.495498 -0.868609
vn 0.000000 0.495498 -0.868609
vn -1.000000 0.000000 0.000000
vn -1.000000 0.000000 0.000000
vn -1.000000 0.000000 0.000000
vn -1.000000 0.000000 0.000000
vn 0.000000 -0.331868 0.943326
vn 0.000000 -0.331868 0.943326
vn 0.000000 -0.331868 0.943326
vn 0.000000 -0.331868 0.943326
vn 1.000000 0.000000 0.000000
vn 1.000000 0.000000 0.000000
vn 1.000000 0.000000 0.000000
vn 1.000000 0.000000 0.000000
vn 0.000000 0.495476 -0.868621
vn 0.000000 0.495476 -0.868621
vn 0.000000 0.495476 -0.868621
vn 0.000000 0.495476 -0.868621
vn -1.000000 0.000000 0.000000
vn -1.000000 0.000000 0.000000
vn -1.000000 0.000000 0.000000
vn -1.000000 0.000000 0.000000
vn 0.000000 -0.331913 0.943310
vn 0.000000 -0.331913 0.943310
vn 0.000000 -0.331913 0.943310
vn 0.000000 -0.331913 0.943310
vn 1.000000 0.000000 0.000000
vn 1.000000 0.000000 0.000000
vn 1.000000 0.000000 0.000000
vn 1.000000 0.000000 0.000000
vn 0.000000 -0.394401 0.918938
vn 0.000000 -0.394401 0.918938
vn 0.000000 -0.394401 0.918938
vn 0.000000 -0.394401 0.918938
vn 0.000000 0.571131 -0.820859
vn 0.000000 0.571131 -0.820859
vn 0.000000 0.571131 -0.820859
vn 0.000000 0.571131 -0.820859
vn 1.000000 0.000003 0.000000
vn 1.000000 0.000003 0.000000
vn 1.000000 0.000003 0.000000
vn 1.000000 0.000003 0.000000
vn -1.000000 -0.000005 0.000000
vn -1.000000 -0.000005 0.000000
vn -1.000000 -0.000005 0.000000
vn -1.000000 -0.000005 0.000000
vn -1.000000 0.000008 0.000000
vn -1.000000 0.000008 0.000000
vn -1.000000 0.000008 0.000000
vn -1.000000 0.000008 0.000000
vn 0.000000 -0.394394 0.918941
vn 0.000000 -0.394394 0.918941
vn 0.000000 -0.394394 0.918941
vn 0.000000 -0.394394 0.918941
vn 1.000000 -0.000002 0.000000
vn 1.000000 -0.000002 0.000000
vn 1.000000 -0.000002 0.000000
vn 1.000000 -0.000002 0.000000
vn 0.000000 0.571123 -0.820865
vn 0.000000 0.571123 -0.820865
vn 0.000000 0.571123 -0.820865
vn 0.000000 0.571123 -0.820865
vn -1.000000 -0.000003 0.000000
vn -1.000000 -0.000003 0.000000
vn -1.000000 -0.000003 0.000000
vn -1.000000 -0.000003 0.000000
vn 0.000000 -0.394389 0.918944
vn 0.000000 -0.394389 0.918944
vn 0.000000 -0.394389 0.918944
vn 0.000000 -0.394389 0.918944
vn 1.000000 -0.000001 0.000000
vn 1.000000 -0.000001 0.000000
vn 1.000000 -0.000001 0.000000
vn 1.000000 -0.000001 0.000000
vn 0.000000 0.571133 -0.820858
vn 0.000000 0.571133 -0.820858
vn 0.000000 0.571133 -0.820858
vn 0.000000 0.571133 -0.820858
vn 0.000000 -1.000000 0.000002
vn 0.000000 -1.000000 0.000002
vn 0.000000 -1.000000 0.000002
vn 0.000000 -1.000000 0.000002
vn 0.000000 1.000000 0.000002
vn 0.000000 1.000000 0.000002
vn 0.000000 1.000000 0.000002
vn 0.000000 1.000000 0.000002
vn -0.000011 1.000000 0.000438
vn -0.000011 1.000000 0.000438
vn -0.000011 1.000000 0.000438
vn -0.000011 1.000000 0.000438
vn -0.000005 -1.000000 0.000439
vn -0.000005 -1.000000 0.000439
vn -0.000005 -1.000000 0.000439
vn -0.000005 -1.000000 0.000439
vn 0.000000 1.000000 0.000000
vn 0.000000 1.000000 0.000000
vn 0.000000 1.000000 0.000000
vn 0.000000 1.000000 0.000000
vn 0.000000 -1.000000 0.000002
vn 0.000000 -1.000000 0.000002
vn 0.000000 -1.000000 0.000002
vn 0.000000 -1.000000 0.000002
vn 0.000011 1.000000 0.000438
vn 0.000011 1.000000 0.000438
vn 0.000011 1.000000 0.000438
vn 0.000011 1.000000 0.000438
vn 0.000005 -1.000000 0.000439
vn 0.000005 -1.000000 0.000439
vn 0.000005 -1.000000 0.000439
vn 0.000005 -1.000000 0.000439
vn 0.000000 -1.000000 0.000000
vn 0.000000 -1.000000 0.000000
vn 0.000000 -1.000000 0.000000
vn 0.000000 -1.000000 0.000000
vn 0.000000 1.000000 -0.000000
vn 0.000000 1.000000 -0.000000
vn 0.000000 1.000000 -0.000000
vn 0.000000 1.000000 -0.000000
vn 0.000012 1.000000 0.000444
vn 0.000012 1.000000 0.000444
vn 0.000012 1.000000 0.000444
vn 0.000012 1.000000 0.000444
vn 0.000019 -1.000000 0.000446
vn 0.000019 -1.000000 0.000446
vn 0.000019 -1.000000 0.000446
vn 0.000019 -1.000000 0.000446
vn 0.000000 1.000000 0.000000
vn 0.000000 1.000000 0.000000
vn 0.000000 1.000000 0.000000
vn 0.000000 1.000000 0.000000
vn 0.000000 -1.000000 0.000001
vn 0.000000 -1.000000 0.000001
vn 0.000000 -1.000000 0.000001
vn 0.000000 -1.000000 0.000001
vn -0.000012 1.000000 0.000444
vn -0.000012 1.000000 0.000444
vn -0.000012 1.000000 0.000444
vn -0.000012 1.000000 0.000444
vn -0.000019 -1.000000 0.000446
vn -0.000019 -1.000000 0.000446
vn -0.000019 -1.000000 0.000446
vn -0.000019 -1.000000 0.000446
s off
g pCube134
usemtl initialShadingGroup
f 2007/2509/2277 2008/2510/2278 2010/2511/2279 2009/2512/2280
f 2029/2577/2281 2030/2578/2282 2031/2573/2283 2032/2574/2284
f 2030/2514/2285 2029/2513/2286 2033/2569/2287 2034/2570/2288
f 2034/2518/2289 2033/2517/2290 2035/2565/2291 2036/2566/2292
f 2036/2520/2293 2035/2519/2294 2032/2516/2295 2031/2515/2296
f 2037/2561/2297 2038/2562/2298 2039/2557/2299 2040/2558/2300
f 2038/2522/2301 2037/2521/2302 2041/2553/2303 2042/2554/2304
f 2042/2526/2305 2041/2525/2306 2043/2549/2307 2044/2550/2308
f 2044/2528/2309 2043/2527/2310 2040/2524/2311 2039/2523/2312
f 2023/2555/2313 2025/2530/2314 2008/2510/2315 2007/2509/2316
f 2009/2512/2317 2010/2511/2318 2027/2560/2319 2022/2532/2320
f 2025/2551/2321 2027/2531/2322 2010/2511/2323 2008/2510/2324
f 2022/2563/2325 2023/2529/2326 2007/2509/2327 2009/2512/2328
f 2011/2583/2329 2005/2534/2330 2016/2572/2331 2013/2536/2332
f 2005/2584/2333 2006/2537/2334 2018/2568/2335 2016/2535/2336
f 2006/2582/2337 2012/2539/2338 2019/2575/2339 2018/2538/2340
f 2013/2580/2341 2019/2540/2342 2012/2581/2343 2011/2533/2344
f 2014/2579/2345 2015/2542/2346 2024/2556/2347 2021/2544/2348
f 2015/2571/2349 2017/2545/2350 2026/2552/2351 2024/2543/2352
f 2017/2567/2353 2020/2547/2354 2028/2559/2355 2026/2546/2356
f 2021/2564/2357 2028/2548/2358 2020/2576/2359 2014/2541/2360
f 2014/2541/2361 2020/2576/2362 2031/2573/2363 2030/2578/2364
f 2019/2540/2365 2013/2580/2366 2029/2577/2367 2032/2574/2368
f 2013/2536/2369 2016/2572/2370 2033/2569/2371 2029/2513/2372
f 2015/2542/2373 2014/2579/2374 2030/2514/2375 2034/2570/2376
f 2016/2535/2377 2018/2568/2378 2035/2565/2379 2033/2517/2380
f 2017/2545/2381 2015/2571/2382 2034/2518/2383 2036/2566/2384
f 2018/2538/2385 2019/2575/2386 2032/2516/2387 2035/2519/2388
f 2020/2547/2389 2017/2567/2390 2036/2520/2391 2031/2515/2392
f 2022/2532/2393 2027/2560/2394 2039/2557/2395 2038/2562/2396
f 2028/2548/2397 2021/2564/2398 2037/2561/2399 2040/2558/2400
f 2021/2544/2401 2024/2556/2402 2041/2553/2403 2037/2521/2404
f 2023/2529/2405 2022/2563/2406 2038/2522/2407 2042/2554/2408
f 2024/2543/2409 2026/2552/2410 2043/2549/2411 2041/2525/2412
f 2025/2530/2413 2023/2555/2414 2042/2526/2415 2044/2550/2416
f 2026/2546/2417 2028/2559/2418 2040/2524/2419 2043/2527/2420
f 2027/2531/2421 2025/2551/2422 2044/2528/2423 2039/2523/2424
g default
v -0.362939 0.431363 1.094704
v -0.409421 0.431363 1.075450
v -0.455904 0.431363 1.094704
v -0.475157 0.431363 1.141186
v -0.455904 0.431363 1.187669
v -0.409421 0.431363 1.206922
v -0.362939 0.431363 1.187669
v -0.343685 0.431363 1.141186
v -0.347646 0.601550 1.079411
v -0.409421 0.601550 1.053822
v -0.471197 0.601550 1.079411
v -0.496785 0.601550 1.141186
v -0.471197 0.601550 1.202962
v -0.409421 0.601550 1.228550
v -0.347646 0.601550 1.202962
v -0.322057 0.601550 1.141186
v -0.353659 0.601550 1.085424
v -0.409421 0.601550 1.062327
v -0.465183 0.601550 1.085424
v -0.488281 0.601550 1.141186
v -0.465183 0.601550 1.196948
v -0.409421 0.601550 1.220046
v -0.353659 0.601550 1.196948
v -0.330562 0.601550 1.141186
v -0.375539 0.438048 1.107304
v -0.409421 0.438048 1.093269
v -0.409421 0.438048 1.141186
v -0.443304 0.438048 1.107304
v -0.457338 0.438048 1.141186
v -0.443304 0.438048 1.175068
v -0.409421 0.438048 1.189103
v -0.375539 0.438048 1.175069
v -0.361504 0.438048 1.141186
v -0.384265 0.431363 1.080454
v -0.375989 0.601550 1.060473
v -0.379243 0.601550 1.068330
v -0.391084 0.438048 1.096917
v -0.434577 0.431363 1.080454
v -0.442854 0.601550 1.060472
v -0.439599 0.601550 1.068330
v -0.427758 0.438048 1.096917
v -0.348689 0.431363 1.116030
v -0.328708 0.601550 1.107754
v -0.336565 0.601550 1.111008
v -0.365152 0.438048 1.122849
v -0.348689 0.431363 1.166342
v -0.328708 0.601550 1.174619
v -0.336565 0.601550 1.171365
v -0.365152 0.438048 1.159523
v -0.384265 0.431363 1.201918
v -0.375989 0.601550 1.221900
v -0.379243 0.601550 1.214043
v -0.391084 0.438048 1.185456
v -0.434577 0.431363 1.201918
v -0.442854 0.601550 1.221900
v -0.439599 0.601550 1.214043
v -0.427758 0.438048 1.185456
v -0.470153 0.431363 1.166342
v -0.490135 0.601550 1.174619
v -0.482278 0.601550 1.171365
v -0.453691 0.438048 1.159523
v -0.470153 0.431363 1.116030
v -0.490135 0.601550 1.107753
v -0.482278 0.601550 1.111008
v -0.453691 0.438048 1.122849
vt 0.909051 0.708130
vt 0.909591 0.701819
vt 0.985666 0.570263
vt 0.982444 0.562486
vt 0.909819 0.695489
vt 0.909736 0.689155
vt 0.982444 0.586460
vt 0.985666 0.578682
vt 0.909342 0.682833
vt 0.908637 0.676537
vt 0.968713 0.595634
vt 0.976491 0.592413
vt 0.907624 0.670284
vt 0.906304 0.664089
vt 0.952517 0.592413
vt 0.960295 0.595634
vt 0.904681 0.657966
vt 0.902759 0.651930
vt 0.943343 0.578682
vt 0.946564 0.586460
vt 0.900542 0.645996
vt 0.901760 0.738874
vt 0.946564 0.562486
vt 0.943343 0.570263
vt 0.903820 0.732883
vt 0.905583 0.726799
vt 0.960295 0.553311
vt 0.952517 0.556533
vt 0.907045 0.720636
vt 0.908202 0.714408
vt 0.976491 0.556533
vt 0.968713 0.553311
vt 0.976464 0.573860
vt 0.874669 0.572637
vt 0.974697 0.582744
vt 0.964858 0.576169
vt 0.883897 0.572637
vt 0.967166 0.587776
vt 0.893029 0.573971
vt 0.958283 0.586009
vt 0.901872 0.576613
vt 0.953251 0.578478
vt 0.910239 0.580505
vt 0.955018 0.569595
vt 0.848327 0.580505
vt 0.962549 0.564562
vt 0.856694 0.576613
vt 0.971432 0.566329
vt 0.865537 0.573971
vt 0.871689 0.531648
vt 0.864135 0.532474
vt 0.886877 0.531648
vt 0.879283 0.531373
vt 0.901906 0.533845
vt 0.894431 0.532474
vt 0.916459 0.538192
vt 0.909261 0.535754
vt 0.930230 0.544598
vt 0.923460 0.541145
vt 0.828336 0.544598
vt 0.936731 0.548533
vt 0.842107 0.538192
vt 0.835106 0.541145
vt 0.856660 0.533845
vt 0.849305 0.535754
vt 0.968304 0.593574
vt 0.960705 0.593574
vt 0.950615 0.670789
vt 0.949268 0.662479
vt 0.953684 0.590666
vt 0.948310 0.585293
vt 0.947514 0.654245
vt 0.945357 0.646107
vt 0.945402 0.578272
vt 0.945402 0.570673
vt 0.942803 0.638085
vt 0.938349 0.761451
vt 0.948310 0.563652
vt 0.953684 0.558279
vt 0.941475 0.753635
vt 0.944213 0.745674
vt 0.960704 0.555371
vt 0.968304 0.555371
vt 0.946556 0.737588
vt 0.948499 0.729397
vt 0.975324 0.558279
vt 0.980698 0.563652
vt 0.950036 0.721120
vt 0.951165 0.712777
vt 0.980698 0.585293
vt 0.975324 0.590666
vt 0.952076 0.687558
vt 0.951551 0.679155
vt 0.983606 0.570673
vt 0.983606 0.578272
vt 0.951882 0.704389
vt 0.952186 0.695976
vt 0.821835 0.548533
vt 0.899408 0.744755
vt 0.939857 0.630199
vt 0.962549 0.587776
vt 0.897498 0.575132
vt 0.955018 0.582744
vt 0.906126 0.578407
vt 0.953251 0.573860
vt 0.844376 0.582896
vt 0.914189 0.582896
vt 0.958283 0.566329
vt 0.852440 0.578407
vt 0.967166 0.564562
vt 0.861068 0.575132
vt 0.974697 0.569595
vt 0.870079 0.573138
vt 0.971432 0.586009
vt 0.888488 0.573138
vt 0.976464 0.578478
vt 0.879283 0.572469
vn 0.701466 -0.126070 -0.701464
vn 0.379631 -0.126070 -0.916508
vn 0.379631 -0.126070 -0.916508
vn 0.701466 -0.126070 -0.701464
vn -0.000000 -0.126070 -0.992021
vn -0.379630 -0.126070 -0.916508
vn -0.379629 -0.126070 -0.916508
vn 0.000000 -0.126070 -0.992021
vn -0.701465 -0.126070 -0.701465
vn -0.916508 -0.126069 -0.379631
vn -0.916508 -0.126069 -0.379632
vn -0.701465 -0.126070 -0.701466
vn -0.992022 -0.126069 -0.000001
vn -0.916509 -0.126069 0.379630
vn -0.916509 -0.126069 0.379630
vn -0.992022 -0.126069 -0.000001
vn -0.701465 -0.126069 0.701465
vn -0.379633 -0.126068 0.916507
vn -0.379634 -0.126068 0.916507
vn -0.701465 -0.126069 0.701465
vn 0.000000 -0.126068 0.992022
vn 0.379634 -0.126068 0.916507
vn 0.379633 -0.126068 0.916507
vn -0.000000 -0.126068 0.992022
vn 0.701465 -0.126068 0.701466
vn 0.916508 -0.126069 0.379631
vn 0.916508 -0.126069 0.379631
vn 0.701465 -0.126068 0.701466
vn 0.992021 -0.126070 0.000000
vn 0.916508 -0.126070 -0.379631
vn 0.916508 -0.126070 -0.379631
vn 0.992021 -0.126070 0.000000
vn -0.000002 1.000000 0.000002
vn -0.000001 1.000000 0.000002
vn 0.000000 1.000000 0.000002
vn -0.000000 1.000000 0.000000
vn 0.000001 1.000000 0.000002
vn 0.000002 1.000000 0.000002
vn 0.000002 1.000000 0.000002
vn 0.000002 1.000000 -0.000000
vn 0.000002 1.000000 -0.000002
vn 0.000002 1.000000 -0.000002
vn 0.000001 1.000000 -0.000002
vn 0.000000 1.000000 -0.000002
vn -0.000001 1.000000 -0.000002
vn -0.000002 1.000000 -0.000002
vn -0.000002 1.000000 -0.000002
vn -0.000002 1.000000 -0.000000
vn -0.000002 1.000000 0.000002
vn -0.000040 1.000000 0.000055
vn -0.000027 1.000000 0.000059
vn -0.000027 1.000000 0.000059
vn -0.000040 1.000000 0.000055
vn 0.000014 1.000000 0.000065
vn 0.000027 1.000000 0.000064
vn 0.000027 1.000000 0.000064
vn 0.000014 1.000000 0.000065
vn 0.000059 1.000000 0.000039
vn 0.000065 1.000000 0.000027
vn 0.000065 1.000000 0.000027
vn 0.000059 1.000000 0.000039
vn 0.000070 1.000000 -0.000014
vn 0.000065 1.000000 -0.000026
vn 0.000065 1.000000 -0.000026
vn 0.000070 1.000000 -0.000014
vn 0.000040 1.000000 -0.000059
vn 0.000027 1.000000 -0.000064
vn 0.000027 1.000000 -0.000064
vn 0.000040 1.000000 -0.000059
vn -0.000014 1.000000 -0.000075
vn -0.000027 1.000000 -0.000065
vn -0.000027 1.000000 -0.000065
vn -0.000014 1.000000 -0.000075
vn -0.000059 1.000000 -0.000041
vn -0.000065 1.000000 -0.000027
vn -0.000065 1.000000 -0.000027
vn -0.000059 1.000000 -0.000041
vn -0.000070 1.000000 0.000014
vn -0.000065 1.000000 0.000026
vn -0.000065 1.000000 0.000026
vn -0.000070 1.000000 0.000014
vn -0.694776 0.185950 0.694772
vn -0.376011 0.185950 0.907766
vn -0.376011 0.185950 0.907765
vn -0.694777 0.185950 0.694772
vn -0.000000 0.185949 0.982560
vn 0.376008 0.185949 0.907767
vn 0.376008 0.185949 0.907767
vn -0.000000 0.185949 0.982560
vn 0.694775 0.185949 0.694773
vn 0.907766 0.185949 0.376010
vn 0.907766 0.185949 0.376010
vn 0.694775 0.185949 0.694773
vn 0.982560 0.185949 0.000001
vn 0.907767 0.185949 -0.376008
vn 0.907767 0.185949 -0.376008
vn 0.982560 0.185949 0.000001
vn 0.694774 0.185950 -0.694775
vn 0.376010 0.185949 -0.907766
vn 0.376010 0.185949 -0.907766
vn 0.694774 0.185950 -0.694774
vn 0.000002 0.185949 -0.982559
vn -0.376010 0.185949 -0.907766
vn -0.376010 0.185949 -0.907766
vn 0.000002 0.185949 -0.982559
vn -0.694775 0.185950 -0.694773
vn -0.907766 0.185950 -0.376009
vn -0.907766 0.185950 -0.376009
vn -0.694775 0.185950 -0.694773
vn -0.982559 0.185950 -0.000000
vn -0.907766 0.185950 0.376010
vn -0.907766 0.185950 0.376010
vn -0.982559 0.185950 -0.000001
vn -0.000014 1.000000 0.000062
vn -0.000014 1.000000 0.000062
vn 0.000040 1.000000 0.000062
vn 0.000040 1.000000 0.000062
vn -0.000059 1.000000 0.000038
vn -0.000059 1.000000 0.000038
vn -0.000070 1.000000 -0.000012
vn -0.000070 1.000000 -0.000012
vn -0.000040 1.000000 -0.000055
vn -0.000040 1.000000 -0.000055
vn 0.000014 1.000000 -0.000069
vn 0.000014 1.000000 -0.000069
vn 0.000059 1.000000 -0.000038
vn 0.000059 1.000000 -0.000038
vn 0.000070 1.000000 0.000015
vn 0.000070 1.000000 0.000015
s 1
g pCylinder8
usemtl initialShadingGroup
f 2045/2585/2425 2078/2586/2426 2079/2680/2427 2053/2673/2428
f 2046/2589/2429 2082/2590/2430 2083/2676/2431 2054/2681/2432
f 2047/2593/2433 2106/2594/2434 2107/2652/2435 2055/2677/2436
f 2048/2597/2437 2102/2598/2438 2103/2656/2439 2056/2653/2440
f 2049/2601/2441 2098/2602/2442 2099/2660/2443 2057/2657/2444
f 2050/2683/2445 2094/2606/2446 2095/2664/2447 2058/2661/2448
f 2051/2609/2449 2090/2610/2450 2091/2668/2451 2059/2665/2452
f 2052/2613/2453 2086/2614/2454 2087/2672/2455 2060/2669/2456
s 8
f 2069/2617/2457 2081/2700/2458 2070/2619/2459 2071/2620/2460
f 2070/2619/2459 2085/2698/2461 2072/2622/2462 2071/2620/2460
f 2072/2622/2462 2109/2685/2463 2073/2624/2464 2071/2620/2460
f 2073/2624/2464 2105/2687/2465 2074/2626/2466 2071/2620/2460
f 2074/2626/2466 2101/2689/2467 2075/2628/2468 2071/2620/2460
f 2075/2628/2468 2097/2692/2469 2076/2630/2470 2071/2620/2460
f 2076/2630/2470 2093/2694/2471 2077/2632/2472 2071/2620/2460
f 2077/2632/2472 2089/2696/2473 2069/2617/2457 2071/2620/2460
s 9
f 2053/2588/2474 2079/2587/2475 2080/2678/2476 2061/2671/2477
s 10
f 2054/2592/2478 2083/2591/2479 2084/2674/2480 2062/2679/2481
s 11
f 2055/2596/2482 2107/2595/2483 2108/2650/2484 2063/2675/2485
s 12
f 2056/2600/2486 2103/2599/2487 2104/2654/2488 2064/2651/2489
s 13
f 2057/2604/2490 2099/2603/2491 2100/2658/2492 2065/2655/2493
s 14
f 2058/2608/2494 2095/2607/2495 2096/2662/2496 2066/2659/2497
s 15
f 2059/2612/2498 2091/2611/2499 2092/2666/2500 2067/2663/2501
s 16
f 2060/2616/2502 2087/2615/2503 2088/2670/2504 2068/2667/2505
s 17
f 2061/2635/2506 2080/2634/2507 2081/2618/2508 2069/2697/2509
f 2062/2637/2510 2084/2636/2511 2085/2621/2512 2070/2701/2513
f 2063/2639/2514 2108/2638/2515 2109/2623/2516 2072/2699/2517
f 2064/2641/2518 2104/2640/2519 2105/2625/2520 2073/2686/2521
f 2065/2643/2522 2100/2642/2523 2101/2627/2524 2074/2688/2525
f 2066/2682/2526 2096/2644/2527 2097/2629/2528 2075/2690/2529
f 2067/2647/2530 2092/2646/2531 2093/2631/2532 2076/2693/2533
f 2068/2649/2534 2088/2648/2535 2089/2633/2536 2077/2695/2537
s 1
f 2078/2586/2426 2046/2589/2429 2054/2681/2432 2079/2680/2427
s 9
f 2080/2678/2476 2079/2587/2475 2054/2592/2538 2062/2679/2539
s 17
f 2081/2618/2508 2080/2634/2507 2062/2637/2510 2070/2701/2513
s 1
f 2082/2590/2430 2047/2593/2433 2055/2677/2436 2083/2676/2431
s 10
f 2084/2674/2480 2083/2591/2479 2055/2596/2540 2063/2675/2541
s 17
f 2085/2621/2512 2084/2636/2511 2063/2639/2514 2072/2699/2517
s 1
f 2086/2614/2454 2045/2585/2425 2053/2673/2428 2087/2672/2455
s 16
f 2088/2670/2504 2087/2615/2503 2053/2588/2542 2061/2671/2543
s 17
f 2089/2633/2536 2088/2648/2535 2061/2635/2506 2069/2697/2509
s 1
f 2090/2610/2450 2052/2613/2453 2060/2669/2456 2091/2668/2451
s 15
f 2092/2666/2500 2091/2611/2499 2060/2616/2544 2068/2667/2545
s 17
f 2093/2631/2532 2092/2646/2531 2068/2649/2534 2077/2695/2537
s 1
f 2094/2606/2446 2051/2609/2449 2059/2665/2452 2095/2664/2447
s 14
f 2096/2662/2496 2095/2607/2495 2059/2612/2546 2067/2663/2547
s 17
f 2097/2629/2528 2096/2644/2527 2067/2647/2530 2076/2693/2533
s 1
f 2098/2602/2442 2050/2605/2445 2058/2684/2448 2099/2660/2443
s 13
f 2100/2658/2492 2099/2603/2491 2058/2608/2548 2066/2659/2549
s 17
f 2101/2627/2524 2100/2642/2523 2066/2645/2526 2075/2691/2529
s 1
f 2102/2598/2438 2049/2601/2441 2057/2657/2444 2103/2656/2439
s 12
f 2104/2654/2488 2103/2599/2487 2057/2604/2550 2065/2655/2551
s 17
f 2105/2625/2520 2104/2640/2519 2065/2643/2522 2074/2688/2525
s 1
f 2106/2594/2434 2048/2597/2437 2056/2653/2440 2107/2652/2435
s 11
f 2108/2650/2484 2107/2595/2483 2056/2600/2552 2064/2651/2553
s 17
f 2109/2623/2516 2108/2638/2515 2064/2641/2518 2073/2686/2521
g default
v -1.229685 0.431363 1.185202
v -0.879449 0.431363 1.185202
v -1.229685 0.496356 1.185202
v -0.879449 0.496356 1.185202
v -1.229685 0.496356 1.015281
v -0.879449 0.496356 1.015281
v -1.229685 0.431363 1.015281
v -0.879449 0.431363 1.015281
vt 0.025127 0.437325
vt 0.127675 0.421274
vt 0.127675 0.437325
vt 0.041178 0.437325
vt 0.127675 0.479291
vt 0.041178 0.479291
vt 0.143727 0.479291
vt 0.041178 0.495342
vt 0.127675 0.495342
vt 0.025127 0.479291
vt 0.143727 0.437325
vt 0.041178 0.421274
vn 0.000000 0.000000 1.000000
vn 0.000000 0.000000 1.000000
vn 0.000000 0.000000 1.000000
vn 0.000000 0.000000 1.000000
vn 0.000000 1.000000 0.000000
vn 0.000000 1.000000 0.000000
vn 0.000000 1.000000 0.000000
vn 0.000000 1.000000 0.000000
vn 0.000000 0.000000 -1.000000
vn 0.000000 0.000000 -1.000000
vn 0.000000 0.000000 -1.000000
vn 0.000000 0.000000 -1.000000
vn 1.000000 0.000000 0.000000
vn 1.000000 0.000000 0.000000
vn 1.000000 0.000000 0.000000
vn 1.000000 0.000000 0.000000
vn -1.000000 0.000000 0.000000
vn -1.000000 0.000000 0.000000
vn -1.000000 0.000000 0.000000
vn -1.000000 0.000000 0.000000
s off
g pCube135
usemtl initialShadingGroup
f 2110/2713/2554 2111/2703/2555 2113/2704/2556 2112/2705/2557
f 2112/2705/2558 2113/2704/2559 2115/2706/2560 2114/2707/2561
f 2114/2707/2562 2115/2706/2563 2117/2710/2564 2116/2709/2565
f 2111/2712/2566 2117/2708/2567 2115/2706/2568 2113/2704/2569
f 2116/2711/2570 2110/2702/2571 2112/2705/2572 2114/2707/2573
