# This file uses centimeters as units for non-parametric coordinates.

mtllib SillonBase.mtl
g default
v 1.133571 -0.108684 -3.973999
v 1.133571 -0.120457 -4.003673
v 1.161994 -0.108684 -4.003673
v 1.173767 -0.080261 -4.003673
v 1.161994 -0.080261 -3.973999
v 1.133571 -0.080261 -3.961709
v 1.133571 0.068769 -3.973999
v 1.133571 0.040346 -3.961709
v 1.161994 0.040346 -3.973999
v 1.173767 0.040346 -4.003673
v 1.161994 0.068769 -4.003673
v 1.133571 0.080542 -4.003673
v 1.133571 0.068769 -4.910146
v 1.133571 0.080542 -4.880473
v 1.161994 0.068769 -4.880473
v 1.173767 0.040346 -4.880473
v 1.161994 0.040346 -4.910146
v 1.133571 0.040346 -4.922438
v 1.133571 -0.108684 -4.910146
v 1.133571 -0.080261 -4.922438
v 1.161994 -0.080261 -4.910146
v 1.173767 -0.080261 -4.880473
v 1.161994 -0.108684 -4.880473
v 1.133571 -0.120457 -4.880473
v 0.011772 0.068769 -4.880473
v 0.040195 0.080542 -4.880473
v 0.040195 0.068769 -4.910146
v 0.040195 0.040346 -4.922438
v 0.011772 0.040346 -4.910146
v -0.000001 0.040346 -4.880473
v 0.011772 -0.108684 -4.880473
v -0.000001 -0.080261 -4.880473
v 0.011772 -0.080261 -4.910146
v 0.040195 -0.080261 -4.922438
v 0.040195 -0.108684 -4.910146
v 0.040195 -0.120457 -4.880473
v 0.011772 -0.080261 -3.973999
v -0.000001 -0.080261 -4.003673
v 0.011772 -0.108684 -4.003673
v 0.040195 -0.120457 -4.003673
v 0.040195 -0.108684 -3.973999
v 0.040195 -0.080261 -3.961709
v 0.011772 0.068769 -4.003673
v -0.000001 0.040346 -4.003673
v 0.011772 0.040346 -3.973999
v 0.040195 0.040346 -3.961709
v 0.040195 0.068769 -3.973999
v 0.040195 0.080542 -4.003673
v 1.156770 -0.103460 -3.979453
v 1.156770 0.063545 -3.979453
v 1.156770 0.063545 -4.904693
v 1.156770 -0.103460 -4.904693
v 0.016996 0.063545 -4.904693
v 0.016996 -0.103460 -4.904693
v 0.016996 -0.103460 -3.979453
v 0.016996 0.063545 -3.979453
v 1.185980 -0.382722 -4.692350
v 1.380360 -0.382722 -4.692350
v 1.185980 -0.357432 -4.692350
v 1.380360 -0.357432 -4.692350
v 1.185980 -0.357432 -4.886730
v 1.380360 -0.357432 -4.886730
v 1.185980 -0.382722 -4.886730
v 1.380360 -0.398139 -4.886730
v 1.283170 -0.390895 -4.886730
v 1.283170 -0.382722 -4.692350
v 1.283170 -0.357432 -4.692350
v 1.283170 -0.357432 -4.886730
v 1.380360 -0.390895 -4.789540
v 1.283170 -0.390895 -4.789540
v 1.185980 -0.382722 -4.789540
v 1.185980 -0.357432 -4.789540
v 1.283170 -0.357432 -4.789540
v 1.380360 -0.357432 -4.789540
v 1.363547 -0.458525 -4.886730
v 1.380360 -0.458525 -4.886730
v 1.380360 -0.458525 -4.869917
v 1.363547 -0.458525 -4.869917
v 1.354768 -0.420549 -4.886730
v 1.354768 -0.420549 -4.861139
v 1.380360 -0.420549 -4.861139
v 1.380360 -0.420549 -4.886730
v 1.331392 -0.406753 -4.886730
v 1.331392 -0.406753 -4.837763
v 1.380360 -0.406753 -4.837763
v 1.380360 -0.406753 -4.886730
v -1.185980 -0.382722 -4.692350
v -1.380360 -0.382722 -4.692350
v -1.185980 -0.357432 -4.692350
v -1.380360 -0.357432 -4.692350
v -1.185980 -0.357432 -4.886730
v -1.380360 -0.357432 -4.886730
v -1.185980 -0.382722 -4.886730
v -1.380360 -0.398139 -4.886730
v -1.283170 -0.390895 -4.886730
v -1.283170 -0.382722 -4.692350
v -1.283170 -0.357432 -4.692350
v -1.283170 -0.357432 -4.886730
v -1.380360 -0.390895 -4.789540
v -1.283170 -0.390895 -4.789540
v -1.185980 -0.382722 -4.789540
v -1.185980 -0.357432 -4.789540
v -1.283170 -0.357432 -4.789540
v -1.380360 -0.357432 -4.789540
v -1.363547 -0.458525 -4.886730
v -1.380360 -0.458525 -4.886730
v -1.380360 -0.458525 -4.869917
v -1.363547 -0.458525 -4.869917
v -1.354768 -0.420549 -4.886730
v -1.354768 -0.420549 -4.861139
v -1.380360 -0.420549 -4.861139
v -1.380360 -0.420549 -4.886730
v -1.331392 -0.406753 -4.886730
v -1.331392 -0.406753 -4.837763
v -1.380360 -0.406753 -4.837763
v -1.380360 -0.406753 -4.886730
v 1.121314 0.441937 -3.862645
v -1.143856 0.441937 -3.862646
v -1.119944 -0.339250 -3.862646
v 1.121314 -0.339250 -3.862645
v -1.143859 0.051343 -3.862646
v 1.173470 -0.357432 -3.873545
v 1.165004 -0.354481 -3.868249
v 1.173470 0.460120 -3.851747
v 1.165003 0.457168 -3.857042
v -1.172122 0.460120 -3.851746
v -1.163655 0.457169 -3.857042
v 1.173470 0.460120 -3.873545
v 1.165004 0.457168 -3.868249
v -1.172122 -0.357432 -3.851746
v -1.163655 -0.354482 -3.857042
v -1.172122 0.460120 -3.873545
v -1.163655 0.457169 -3.868250
v 1.173470 -0.357432 -3.851747
v 1.165003 -0.354481 -3.857042
v -1.172122 -0.357432 -3.873545
v -1.163655 -0.354482 -3.868250
v -1.114428 0.432403 -3.759349
v -1.155224 0.452002 -3.767467
v -1.172122 0.460120 -3.787065
v -1.114428 0.432403 -3.965943
v -1.155224 0.452002 -3.957825
v -1.172122 0.460120 -3.938226
v 1.115776 0.432403 -3.965943
v 1.156572 0.452002 -3.957825
v 1.173470 0.460120 -3.938226
v 1.115776 -0.329716 -3.759349
v 1.156572 -0.349314 -3.767467
v 1.173470 -0.357432 -3.787066
v -1.114428 -0.329716 -3.759349
v -1.155224 -0.349314 -3.767467
v -1.172122 -0.357432 -3.787065
v -1.114428 -0.329716 -3.965943
v -1.155224 -0.349314 -3.957825
v -1.172122 -0.357432 -3.938226
v 1.115776 -0.329716 -3.965943
v 1.156572 -0.349314 -3.957825
v 1.173470 -0.357432 -3.938226
v 1.115776 0.432403 -3.759349
v 1.156572 0.452002 -3.767467
v 1.173470 0.460120 -3.787066
v -1.163655 0.242396 -3.868250
v -1.172122 0.243602 -3.873545
v -1.172122 0.243602 -3.938226
v -1.155224 0.240283 -3.957825
v 1.156572 0.240283 -3.957825
v 1.173470 0.243602 -3.938226
v 1.173470 0.243602 -3.873545
v 1.165004 0.242396 -3.868249
v 1.121314 0.236168 -3.862645
v 1.165003 0.242396 -3.857042
v 1.173470 0.243602 -3.851747
v 1.173470 0.243602 -3.787066
v 1.156572 0.240283 -3.767467
v 1.115776 0.232271 -3.759349
v -1.114428 0.232271 -3.759349
v -1.155224 0.240283 -3.767467
v -1.172122 0.243602 -3.787065
v -1.172122 0.243602 -3.851746
v -1.163655 0.242396 -3.857042
v 0.913030 -0.329716 -3.965943
v 0.946408 -0.349314 -3.957825
v 0.960234 -0.357432 -3.938226
v 0.960234 -0.357432 -3.873545
v 0.953308 -0.354481 -3.868249
v 0.917563 -0.339250 -3.862645
v 0.953306 -0.354481 -3.857042
v 0.960234 -0.357432 -3.851747
v 0.960234 -0.357432 -3.787066
v 0.946408 -0.349314 -3.767467
v 0.913030 -0.329716 -3.759349
v 0.913030 0.232271 -3.759349
v 0.913030 0.432403 -3.759349
v 0.946408 0.452002 -3.767467
v 0.960234 0.460120 -3.787066
v 0.960234 0.460120 -3.851747
v 0.953306 0.457168 -3.857042
v 0.917563 0.441937 -3.862645
v 0.953308 0.457168 -3.868249
v 0.960234 0.460120 -3.873545
v 0.960234 0.460120 -3.938226
v 0.946408 0.452002 -3.957825
v 0.913029 0.432403 -3.965943
v 0.710284 -0.329716 -3.965943
v 0.736245 -0.349314 -3.957825
v 0.746998 -0.357432 -3.938226
v 0.746998 -0.357432 -3.873545
v 0.741611 -0.354481 -3.868249
v 0.713813 -0.339250 -3.862645
v 0.741610 -0.354481 -3.857042
v 0.746998 -0.357432 -3.851747
v 0.746998 -0.357432 -3.787066
v 0.736245 -0.349314 -3.767467
v 0.710284 -0.329716 -3.759349
v 0.710284 0.232271 -3.759349
v 0.710284 0.432403 -3.759349
v 0.736245 0.452002 -3.767467
v 0.746998 0.460120 -3.787066
v 0.746998 0.460120 -3.851747
v 0.741610 0.457168 -3.857042
v 0.713813 0.441937 -3.862645
v 0.741611 0.457168 -3.868249
v 0.746998 0.460120 -3.873545
v 0.746998 0.460120 -3.938226
v 0.736245 0.452002 -3.957825
v 0.710283 0.432403 -3.965943
v 0.507538 -0.329716 -3.965943
v 0.526082 -0.349314 -3.957825
v 0.533762 -0.357432 -3.938227
v 0.533762 -0.357432 -3.873545
v 0.529915 -0.354481 -3.868249
v 0.510062 -0.339250 -3.862645
v 0.529914 -0.354481 -3.857042
v 0.533762 -0.357432 -3.851747
v 0.533762 -0.357432 -3.787066
v 0.526082 -0.349314 -3.767467
v 0.507538 -0.329716 -3.759349
v 0.507538 0.232271 -3.759349
v 0.507538 0.432403 -3.759349
v 0.526082 0.452002 -3.767467
v 0.533762 0.460120 -3.787066
v 0.533762 0.460120 -3.851747
v 0.529914 0.457168 -3.857042
v 0.510062 0.441937 -3.862645
v 0.529915 0.457168 -3.868249
v 0.533762 0.460120 -3.873545
v 0.533762 0.460120 -3.938227
v 0.526082 0.452002 -3.957825
v 0.507538 0.432403 -3.965943
v 0.304792 -0.329716 -3.965943
v 0.315919 -0.349314 -3.957825
v 0.320527 -0.357432 -3.938227
v 0.320527 -0.357432 -3.873545
v 0.318219 -0.354481 -3.868249
v 0.306311 -0.339250 -3.862645
v 0.318218 -0.354481 -3.857042
v 0.320527 -0.357432 -3.851747
v 0.320527 -0.357432 -3.787066
v 0.315919 -0.349314 -3.767467
v 0.304792 -0.329716 -3.759349
v 0.304792 0.232271 -3.759349
v 0.304792 0.432403 -3.759349
v 0.315919 0.452002 -3.767467
v 0.320527 0.460120 -3.787066
v 0.320527 0.460120 -3.851747
v 0.318218 0.457168 -3.857042
v 0.306311 0.441937 -3.862645
v 0.318219 0.457169 -3.868249
v 0.320527 0.460120 -3.873545
v 0.320527 0.460120 -3.938227
v 0.315919 0.452002 -3.957825
v 0.304792 0.432403 -3.965943
v 0.102047 -0.329716 -3.965943
v 0.105755 -0.349314 -3.957825
v 0.107291 -0.357432 -3.938227
v 0.107291 -0.357432 -3.873545
v 0.106523 -0.354481 -3.868249
v 0.102561 -0.339250 -3.862645
v 0.106522 -0.354481 -3.857042
v 0.107291 -0.357432 -3.851746
v 0.107291 -0.357432 -3.787066
v 0.105755 -0.349314 -3.767467
v 0.102047 -0.329716 -3.759349
v 0.102047 0.232271 -3.759349
v 0.102047 0.432403 -3.759349
v 0.105755 0.452002 -3.767467
v 0.107291 0.460120 -3.787066
v 0.107291 0.460120 -3.851746
v 0.106522 0.457169 -3.857042
v 0.102561 0.441937 -3.862645
v 0.106522 0.457169 -3.868249
v 0.107291 0.460120 -3.873545
v 0.107291 0.460120 -3.938227
v 0.105755 0.452002 -3.957825
v 0.102047 0.432403 -3.965943
v -0.100699 -0.329716 -3.965943
v -0.104408 -0.349314 -3.957825
v -0.105944 -0.357432 -3.938227
v -0.105944 -0.357432 -3.873545
v -0.105174 -0.354481 -3.868249
v -0.101190 -0.339250 -3.862646
v -0.105174 -0.354481 -3.857042
v -0.105944 -0.357432 -3.851746
v -0.105944 -0.357432 -3.787066
v -0.104408 -0.349314 -3.767467
v -0.100699 -0.329716 -3.759349
v -0.100699 0.232271 -3.759349
v -0.100699 0.432403 -3.759349
v -0.104408 0.452002 -3.767467
v -0.105944 0.460120 -3.787066
v -0.105944 0.460120 -3.851746
v -0.105174 0.457169 -3.857042
v -0.101190 0.441937 -3.862646
v -0.105174 0.457169 -3.868249
v -0.105944 0.460120 -3.873545
v -0.105944 0.460120 -3.938227
v -0.104408 0.452002 -3.957825
v -0.100699 0.432403 -3.965943
v -0.303445 -0.329716 -3.965943
v -0.314571 -0.349314 -3.957825
v -0.319180 -0.357432 -3.938227
v -0.319180 -0.357432 -3.873545
v -0.316870 -0.354482 -3.868249
v -0.304941 -0.339250 -3.862646
v -0.316871 -0.354481 -3.857042
v -0.319180 -0.357432 -3.851746
v -0.319180 -0.357432 -3.787066
v -0.314571 -0.349314 -3.767467
v -0.303445 -0.329716 -3.759349
v -0.303445 0.232271 -3.759349
v -0.303445 0.432403 -3.759349
v -0.314571 0.452002 -3.767467
v -0.319180 0.460120 -3.787066
v -0.319180 0.460120 -3.851746
v -0.316871 0.457169 -3.857042
v -0.304941 0.441937 -3.862646
v -0.316870 0.457169 -3.868249
v -0.319180 0.460120 -3.873545
v -0.319180 0.460120 -3.938227
v -0.314571 0.452002 -3.957825
v -0.303445 0.432403 -3.965943
v -0.506191 -0.329716 -3.965943
v -0.524734 -0.349314 -3.957825
v -0.532416 -0.357432 -3.938227
v -0.532416 -0.357432 -3.873545
v -0.528566 -0.354482 -3.868249
v -0.508692 -0.339250 -3.862646
v -0.528567 -0.354482 -3.857042
v -0.532416 -0.357432 -3.851746
v -0.532416 -0.357432 -3.787066
v -0.524734 -0.349314 -3.767467
v -0.506191 -0.329716 -3.759349
v -0.506191 0.232271 -3.759349
v -0.506191 0.432403 -3.759349
v -0.524734 0.452002 -3.767467
v -0.532416 0.460120 -3.787066
v -0.532416 0.460120 -3.851746
v -0.528567 0.457169 -3.857042
v -0.508692 0.441937 -3.862646
v -0.528566 0.457169 -3.868249
v -0.532416 0.460120 -3.873545
v -0.532416 0.460120 -3.938227
v -0.524734 0.452002 -3.957825
v -0.506191 0.432403 -3.965943
v -0.708937 -0.329716 -3.965943
v -0.734898 -0.349314 -3.957825
v -0.745651 -0.357432 -3.938227
v -0.745651 -0.357432 -3.873545
v -0.740262 -0.354482 -3.868249
v -0.712442 -0.339250 -3.862646
v -0.740263 -0.354482 -3.857042
v -0.745651 -0.357432 -3.851746
v -0.745651 -0.357432 -3.787066
v -0.734898 -0.349314 -3.767467
v -0.708937 -0.329716 -3.759349
v -0.708937 0.232271 -3.759349
v -0.708937 0.432403 -3.759349
v -0.734898 0.452002 -3.767467
v -0.745651 0.460120 -3.787066
v -0.745651 0.460120 -3.851746
v -0.740263 0.457169 -3.857042
v -0.712442 0.441937 -3.862646
v -0.740263 0.457169 -3.868249
v -0.745651 0.460120 -3.873545
v -0.745651 0.460120 -3.938227
v -0.734898 0.452002 -3.957825
v -0.708937 0.432403 -3.965943
v -0.911682 -0.329716 -3.965943
v -0.945061 -0.349314 -3.957825
v -0.958887 -0.357432 -3.938227
v -0.958887 -0.357432 -3.873545
v -0.951958 -0.354482 -3.868249
v -0.916193 -0.339250 -3.862646
v -0.951959 -0.354482 -3.857042
v -0.958887 -0.357432 -3.851746
v -0.958887 -0.357432 -3.787066
v -0.945061 -0.349314 -3.767467
v -0.911682 -0.329716 -3.759349
v -0.911682 0.232271 -3.759349
v -0.911682 0.432403 -3.759349
v -0.945061 0.452002 -3.767467
v -0.958887 0.460120 -3.787066
v -0.958887 0.460120 -3.851746
v -0.951959 0.457169 -3.857042
v -0.916193 0.441937 -3.862646
v -0.951959 0.457169 -3.868249
v -0.958887 0.460120 -3.873545
v -0.958887 0.460120 -3.938227
v -0.945061 0.452002 -3.957825
v -0.911682 0.432403 -3.965943
v -1.163655 0.041038 -3.857042
v -1.172122 0.041033 -3.851746
v -1.172122 0.041033 -3.787065
v -1.155224 0.041046 -3.767467
v -1.114428 0.041078 -3.759349
v -0.911682 0.041078 -3.759349
v -0.708937 0.041078 -3.759349
v -0.506191 0.041078 -3.759349
v -0.303445 0.041078 -3.759349
v -0.100699 0.041078 -3.759349
v 0.102047 0.041078 -3.759349
v 0.304792 0.041078 -3.759349
v 0.507538 0.041078 -3.759349
v 0.710284 0.041078 -3.759349
v 0.913030 0.041078 -3.759349
v 1.115776 0.041078 -3.759349
v 1.156572 0.041046 -3.767467
v 1.173470 0.041033 -3.787066
v 1.173470 0.041033 -3.851747
v 1.165003 0.041038 -3.857042
v 1.121314 0.041062 -3.862645
v 1.165004 0.041038 -3.868249
v 1.173470 0.041033 -3.873545
v 1.173470 0.041033 -3.938226
v 1.156572 0.041046 -3.957825
v 1.115776 0.041078 -3.965943
v 0.913030 0.041078 -3.965943
v 0.710284 0.041078 -3.965943
v 0.507538 0.041078 -3.965943
v 0.304792 0.041078 -3.965943
v 0.102047 0.041078 -3.965943
v -0.100699 0.041078 -3.965943
v -0.303445 0.041078 -3.965943
v -0.506191 0.041078 -3.965943
v -0.708937 0.041078 -3.965943
v -0.911682 0.041078 -3.965943
v -1.114428 0.041078 -3.965943
v -1.155224 0.041046 -3.957825
v -1.172122 0.041033 -3.938226
v -1.172122 0.041033 -3.873545
v -1.163655 0.041038 -3.868249
v 0.913030 0.174913 -3.965943
v 0.913029 0.292311 -3.965943
v 0.710284 0.174913 -3.965943
v 0.710283 0.292311 -3.965943
v 0.507538 0.174913 -3.965943
v 0.507538 0.292311 -3.965943
v 0.304792 0.174913 -3.965943
v 0.304792 0.292311 -3.965943
v 0.102047 0.174913 -3.965943
v 0.102047 0.292311 -3.965943
v -0.100699 0.174913 -3.965943
v -0.100699 0.292311 -3.965943
v -0.303445 0.174913 -3.965943
v -0.303445 0.292311 -3.965943
v -0.506191 0.174913 -3.965943
v -0.506191 0.292311 -3.965943
v -0.708937 0.174913 -3.965943
v -0.708937 0.292311 -3.965943
v -0.911682 0.174913 -3.965943
v -0.911682 0.292311 -3.965943
v 0.913030 0.262291 -3.954625
v 0.913030 0.203592 -3.953653
v 0.710284 0.262291 -3.954625
v 0.710284 0.203592 -3.953653
v 0.507538 0.262291 -3.954625
v 0.507538 0.203592 -3.953653
v 0.304792 0.262291 -3.954625
v 0.304792 0.203592 -3.953653
v 0.102047 0.262291 -3.954625
v 0.102047 0.203592 -3.953653
v -0.100699 0.262291 -3.954625
v -0.100699 0.203592 -3.953653
v -0.303445 0.262291 -3.954625
v -0.303445 0.203592 -3.953653
v -0.506191 0.262291 -3.954625
v -0.506191 0.203592 -3.953653
v -0.708937 0.262291 -3.954625
v -0.708937 0.203592 -3.953653
v -0.911682 0.262291 -3.954625
v -0.911682 0.203592 -3.953653
v -1.114428 0.229968 -3.947375
v -1.114428 0.226546 -3.965943
v -1.119941 0.233354 -3.964846
v -1.114428 0.237996 -3.965943
v -0.966507 0.226614 -3.965943
v -0.969004 0.230007 -3.947375
v -0.966638 0.238063 -3.965943
v 0.913030 0.226536 -3.942857
v 0.913030 0.229962 -3.923023
v 0.913030 0.237985 -3.942912
v 0.937573 0.238064 -3.954853
v 0.939940 0.230008 -3.936250
v 0.937445 0.226616 -3.954660
v 0.710284 0.226536 -3.942857
v 0.710284 0.229962 -3.923023
v 0.710284 0.237985 -3.942912
v 0.734827 0.238064 -3.954853
v 0.737194 0.230008 -3.936250
v 0.734699 0.226616 -3.954660
v 0.507538 0.226536 -3.942857
v 0.507538 0.229962 -3.923023
v 0.507538 0.237985 -3.942912
v 0.532081 0.238064 -3.954853
v 0.534448 0.230008 -3.936250
v 0.531953 0.226616 -3.954660
v 0.304792 0.226536 -3.942857
v 0.304792 0.229962 -3.923023
v 0.304792 0.237985 -3.942912
v 0.329335 0.238064 -3.954853
v 0.331702 0.230008 -3.936250
v 0.329207 0.226616 -3.954660
v 0.102047 0.226536 -3.942857
v 0.102047 0.229962 -3.923023
v 0.102047 0.237985 -3.942912
v 0.126589 0.238064 -3.954853
v 0.128957 0.230008 -3.936250
v 0.126461 0.226616 -3.954660
v -0.100699 0.226536 -3.942857
v -0.100699 0.229962 -3.923023
v -0.100699 0.237985 -3.942912
v -0.076156 0.238064 -3.954853
v -0.073789 0.230008 -3.936250
v -0.076284 0.226616 -3.954660
v -0.303445 0.226536 -3.942857
v -0.303445 0.229962 -3.923023
v -0.303445 0.237985 -3.942912
v -0.278902 0.238064 -3.954853
v -0.276535 0.230008 -3.936250
v -0.279030 0.226616 -3.954660
v -0.506191 0.226536 -3.942857
v -0.506191 0.229962 -3.923023
v -0.506191 0.237985 -3.942912
v -0.481648 0.238064 -3.954853
v -0.479281 0.230008 -3.936250
v -0.481776 0.226616 -3.954660
v -0.708937 0.226536 -3.942857
v -0.708937 0.229962 -3.923023
v -0.708937 0.237985 -3.942912
v -0.684394 0.238064 -3.954853
v -0.682027 0.230008 -3.936250
v -0.684522 0.226616 -3.954660
v -0.911682 0.237985 -3.942912
v -0.911682 0.229962 -3.923023
v -0.911682 0.226536 -3.942857
v -0.887139 0.238064 -3.954853
v -0.884772 0.230008 -3.936250
v -0.887268 0.226616 -3.954660
v -0.936097 0.226616 -3.954660
v -0.938592 0.230008 -3.936250
v -0.936225 0.238064 -3.954853
v 1.115776 0.229968 -3.947375
v 1.115776 0.237996 -3.965943
v 1.121289 0.233354 -3.964846
v 1.115776 0.226546 -3.965943
v 0.967986 0.238063 -3.965943
v 0.970352 0.230007 -3.947375
v 0.967855 0.226614 -3.965943
v 0.765240 0.238063 -3.965943
v 0.767606 0.230007 -3.947375
v 0.765109 0.226614 -3.965943
v 0.858074 0.238063 -3.965943
v 0.855708 0.230007 -3.947375
v 0.858205 0.226614 -3.965943
v 0.888487 0.238064 -3.954853
v 0.886120 0.230008 -3.936250
v 0.888615 0.226616 -3.954660
v 0.562494 0.238063 -3.965943
v 0.564860 0.230007 -3.947375
v 0.562363 0.226614 -3.965943
v 0.655328 0.238063 -3.965943
v 0.652962 0.230007 -3.947375
v 0.655459 0.226614 -3.965943
v 0.685741 0.238064 -3.954853
v 0.683374 0.230008 -3.936250
v 0.685869 0.226616 -3.954660
v 0.359748 0.238063 -3.965943
v 0.362114 0.230007 -3.947375
v 0.359617 0.226614 -3.965943
v 0.452582 0.238063 -3.965943
v 0.450216 0.230007 -3.947375
v 0.452713 0.226614 -3.965943
v 0.482995 0.238064 -3.954853
v 0.480628 0.230008 -3.936250
v 0.483123 0.226616 -3.954660
v 0.157002 0.238063 -3.965943
v 0.159368 0.230007 -3.947375
v 0.156871 0.226614 -3.965943
v 0.249837 0.238063 -3.965943
v 0.247471 0.230007 -3.947375
v 0.249968 0.226614 -3.965943
v 0.280249 0.238064 -3.954853
v 0.277882 0.230008 -3.936250
v 0.280378 0.226616 -3.954660
v -0.045743 0.238063 -3.965943
v -0.043377 0.230007 -3.947375
v -0.045874 0.226614 -3.965943
v 0.047091 0.238063 -3.965943
v 0.044725 0.230007 -3.947375
v 0.047222 0.226614 -3.965943
v 0.077504 0.238064 -3.954853
v 0.075137 0.230008 -3.936250
v 0.077632 0.226616 -3.954660
v -0.248489 0.238063 -3.965943
v -0.246123 0.230007 -3.947375
v -0.248620 0.226614 -3.965943
v -0.155655 0.238063 -3.965943
v -0.158021 0.230007 -3.947375
v -0.155524 0.226614 -3.965943
v -0.125242 0.238064 -3.954853
v -0.127609 0.230008 -3.936250
v -0.125114 0.226616 -3.954660
v -0.451235 0.238063 -3.965943
v -0.448869 0.230007 -3.947375
v -0.451366 0.226614 -3.965943
v -0.358401 0.238063 -3.965943
v -0.360767 0.230007 -3.947375
v -0.358270 0.226614 -3.965943
v -0.327988 0.238064 -3.954853
v -0.330355 0.230008 -3.936250
v -0.327860 0.226616 -3.954660
v -0.653981 0.238063 -3.965943
v -0.651615 0.230007 -3.947375
v -0.654112 0.226614 -3.965943
v -0.561146 0.238063 -3.965943
v -0.563512 0.230007 -3.947375
v -0.561016 0.226614 -3.965943
v -0.530734 0.238064 -3.954853
v -0.533101 0.230008 -3.936250
v -0.530605 0.226616 -3.954660
v -0.856727 0.238063 -3.965943
v -0.854361 0.230007 -3.947375
v -0.856858 0.226614 -3.965943
v -0.763892 0.238063 -3.965943
v -0.766258 0.230007 -3.947375
v -0.763761 0.226614 -3.965943
v -0.733480 0.238064 -3.954853
v -0.735847 0.230008 -3.936250
v -0.733351 0.226616 -3.954660
v -1.143858 0.220662 -3.862646
v -0.031692 -0.108684 -3.973999
v -0.031692 -0.120457 -4.003673
v -0.003269 -0.108684 -4.003673
v 0.008504 -0.080261 -4.003673
v -0.003269 -0.080261 -3.973999
v -0.031692 -0.080261 -3.961709
v -0.031692 0.068769 -3.973999
v -0.031692 0.040346 -3.961709
v -0.003269 0.040346 -3.973999
v 0.008504 0.040346 -4.003673
v -0.003269 0.068769 -4.003673
v -0.031692 0.080542 -4.003673
v -0.031692 0.068769 -4.910146
v -0.031692 0.080542 -4.880473
v -0.003269 0.068769 -4.880473
v 0.008504 0.040346 -4.880473
v -0.003269 0.040346 -4.910146
v -0.031692 0.040346 -4.922438
v -0.031692 -0.108684 -4.910146
v -0.031692 -0.080261 -4.922438
v -0.003269 -0.080261 -4.910146
v 0.008504 -0.080261 -4.880473
v -0.003269 -0.108684 -4.880473
v -0.031692 -0.120457 -4.880473
v -1.153491 0.068769 -4.880473
v -1.125068 0.080542 -4.880473
v -1.125068 0.068769 -4.910146
v -1.125068 0.040346 -4.922438
v -1.153491 0.040346 -4.910146
v -1.165264 0.040346 -4.880473
v -1.153491 -0.108684 -4.880473
v -1.165264 -0.080261 -4.880473
v -1.153491 -0.080261 -4.910146
v -1.125068 -0.080261 -4.922438
v -1.125068 -0.108684 -4.910146
v -1.125068 -0.120457 -4.880473
v -1.153491 -0.080261 -3.973999
v -1.165264 -0.080261 -4.003673
v -1.153491 -0.108684 -4.003673
v -1.125068 -0.120457 -4.003673
v -1.125068 -0.108684 -3.973999
v -1.125068 -0.080261 -3.961709
v -1.153491 0.068769 -4.003673
v -1.165264 0.040346 -4.003673
v -1.153491 0.040346 -3.973999
v -1.125068 0.040346 -3.961709
v -1.125068 0.068769 -3.973999
v -1.125068 0.080542 -4.003673
v -0.008493 -0.103460 -3.979453
v -0.008493 0.063545 -3.979453
v -0.008493 0.063545 -4.904693
v -0.008493 -0.103460 -4.904693
v -1.148267 0.063545 -4.904693
v -1.148267 -0.103460 -4.904693
v -1.148267 -0.103460 -3.979453
v -1.148267 0.063545 -3.979453
v 1.185980 -0.382722 -3.958112
v 1.380360 -0.382722 -3.958112
v 1.185980 -0.357432 -3.958112
v 1.380360 -0.357432 -3.958112
v 1.185980 -0.357432 -3.763732
v 1.380360 -0.357432 -3.763732
v 1.185980 -0.382722 -3.763732
v 1.380360 -0.398139 -3.763732
v 1.283170 -0.390895 -3.763732
v 1.283170 -0.382722 -3.958112
v 1.283170 -0.357432 -3.958112
v 1.283170 -0.357432 -3.763732
v 1.380360 -0.390895 -3.860922
v 1.283170 -0.390895 -3.860922
v 1.185980 -0.382722 -3.860922
v 1.185980 -0.357432 -3.860922
v 1.283170 -0.357432 -3.860922
v 1.380360 -0.357432 -3.860922
v 1.363547 -0.458525 -3.763732
v 1.380360 -0.458525 -3.763732
v 1.380360 -0.458525 -3.780545
v 1.363547 -0.458525 -3.780545
v 1.354768 -0.420549 -3.763732
v 1.354768 -0.420549 -3.789323
v 1.380360 -0.420549 -3.789323
v 1.380360 -0.420549 -3.763732
v 1.331392 -0.406753 -3.763732
v 1.331392 -0.406753 -3.812699
v 1.380360 -0.406753 -3.812699
v 1.380360 -0.406753 -3.763732
v -1.170297 -0.353962 -3.978347
v -1.161920 -0.357432 -3.978347
v -1.161920 -0.353962 -3.969969
v -1.161920 -0.345585 -3.966499
v -1.170297 -0.345585 -3.969969
v -1.173767 -0.345585 -3.978347
v 1.170297 -0.353962 -3.978347
v 1.173767 -0.345585 -3.978347
v 1.170297 -0.345585 -3.969969
v 1.161920 -0.345585 -3.966499
v 1.161920 -0.353962 -3.969969
v 1.161920 -0.357432 -3.978347
v -1.170297 -0.123927 -3.978347
v -1.173767 -0.132304 -3.978347
v -1.170297 -0.132304 -3.969969
v -1.161920 -0.132304 -3.966499
v -1.161920 -0.123927 -3.969969
v -1.161920 -0.120457 -3.978347
v 1.170297 -0.123927 -3.978347
v 1.161920 -0.120457 -3.978347
v 1.161920 -0.123927 -3.969969
v 1.161920 -0.132304 -3.966499
v 1.170297 -0.132304 -3.969969
v 1.173767 -0.132304 -3.978347
v -1.170297 -0.132304 -4.883260
v -1.173767 -0.132304 -4.874883
v -1.170297 -0.123927 -4.874883
v -1.161920 -0.120457 -4.874883
v -1.161920 -0.123927 -4.883260
v -1.161920 -0.132304 -4.886730
v 1.170297 -0.132304 -4.883260
v 1.161920 -0.132304 -4.886730
v 1.161920 -0.123927 -4.883260
v 1.161920 -0.120457 -4.874883
v 1.170297 -0.123927 -4.874883
v 1.173767 -0.132304 -4.874883
v -1.170297 -0.353962 -4.874883
v -1.173767 -0.345585 -4.874883
v -1.170297 -0.345585 -4.883260
v -1.161920 -0.345585 -4.886730
v -1.161920 -0.353962 -4.883260
v -1.161920 -0.357432 -4.874883
v 1.170297 -0.353962 -4.874883
v 1.161920 -0.357432 -4.874883
v 1.161920 -0.353962 -4.883260
v 1.161920 -0.345585 -4.886730
v 1.170297 -0.345585 -4.883260
v 1.173767 -0.345585 -4.874883
v -1.168758 -0.352423 -3.971509
v 1.168757 -0.352423 -3.971509
v -1.168758 -0.125467 -3.971509
v 1.168757 -0.125467 -3.971509
v -1.168758 -0.125467 -4.881721
v 1.168757 -0.125467 -4.881721
v -1.168758 -0.352423 -4.881721
v 1.168757 -0.352423 -4.881721
v -1.185980 -0.382722 -3.958112
v -1.380360 -0.382722 -3.958112
v -1.185980 -0.357432 -3.958112
v -1.380360 -0.357432 -3.958112
v -1.185980 -0.357432 -3.763732
v -1.380360 -0.357432 -3.763732
v -1.185980 -0.382722 -3.763732
v -1.380360 -0.398139 -3.763732
v -1.283170 -0.390895 -3.763732
v -1.283170 -0.382722 -3.958112
v -1.283170 -0.357432 -3.958112
v -1.283170 -0.357432 -3.763732
v -1.380360 -0.390895 -3.860922
v -1.283170 -0.390895 -3.860922
v -1.185980 -0.382722 -3.860922
v -1.185980 -0.357432 -3.860922
v -1.283170 -0.357432 -3.860922
v -1.380360 -0.357432 -3.860922
v -1.363547 -0.458525 -3.763732
v -1.380360 -0.458525 -3.763732
v -1.380360 -0.458525 -3.780545
v -1.363547 -0.458525 -3.780545
v -1.354768 -0.420549 -3.763732
v -1.354768 -0.420549 -3.789323
v -1.380360 -0.420549 -3.789323
v -1.380360 -0.420549 -3.763732
v -1.331392 -0.406753 -3.763732
v -1.331392 -0.406753 -3.812699
v -1.380360 -0.406753 -3.812699
v -1.380360 -0.406753 -3.763732
v 1.277064 0.441937 -4.861675
v 1.277063 0.441937 -3.784972
v 1.277063 -0.339250 -3.784972
v 1.277064 -0.339250 -4.861675
v 1.277063 0.051343 -3.784971
v 1.266164 -0.357432 -4.886730
v 1.271459 -0.354481 -4.882663
v 1.287962 0.460120 -4.886730
v 1.282667 0.457168 -4.882663
v 1.287962 0.460120 -3.759906
v 1.282667 0.457169 -3.763973
v 1.266164 0.460120 -4.886730
v 1.271459 0.457168 -4.882663
v 1.287962 -0.357432 -3.759906
v 1.282667 -0.354482 -3.763973
v 1.266163 0.460120 -3.759906
v 1.271459 0.457169 -3.763973
v 1.287962 -0.357432 -4.886730
v 1.282667 -0.354481 -4.882663
v 1.266163 -0.357432 -3.759906
v 1.271459 -0.354482 -3.763974
v 1.380360 0.432403 -3.787622
v 1.372242 0.452002 -3.768024
v 1.352643 0.460120 -3.759906
v 1.173766 0.432403 -3.787622
v 1.181884 0.452002 -3.768024
v 1.201482 0.460120 -3.759906
v 1.173766 0.432403 -4.859014
v 1.181884 0.452002 -4.878613
v 1.201482 0.460120 -4.886730
v 1.380360 -0.329716 -4.859014
v 1.372242 -0.349314 -4.878613
v 1.352643 -0.357432 -4.886730
v 1.380360 -0.329716 -3.787622
v 1.372242 -0.349314 -3.768024
v 1.352643 -0.357432 -3.759906
v 1.173766 -0.329716 -3.787622
v 1.181884 -0.349314 -3.768024
v 1.201482 -0.357432 -3.759906
v 1.173766 -0.329716 -4.859014
v 1.181884 -0.349314 -4.878613
v 1.201482 -0.357432 -4.886730
v 1.380360 0.432403 -4.859014
v 1.372242 0.452002 -4.878613
v 1.352643 0.460120 -4.886730
v -1.274700 0.441937 -4.861675
v -1.274701 0.441937 -3.784972
v -1.274701 -0.339250 -3.784972
v -1.274700 -0.339250 -4.861675
v -1.274701 0.051343 -3.784971
v -1.285600 -0.357432 -4.886730
v -1.280304 -0.354481 -4.882663
v -1.263801 0.460120 -4.886730
v -1.269097 0.457168 -4.882663
v -1.263801 0.460120 -3.759906
v -1.269097 0.457169 -3.763973
v -1.285600 0.460120 -4.886730
v -1.280304 0.457168 -4.882663
v -1.263801 -0.357432 -3.759906
v -1.269097 -0.354482 -3.763973
v -1.285600 0.460120 -3.759906
v -1.280305 0.457169 -3.763973
v -1.263801 -0.357432 -4.886730
v -1.269097 -0.354481 -4.882663
v -1.285600 -0.357432 -3.759906
v -1.280305 -0.354482 -3.763974
v -1.171404 0.432403 -3.787622
v -1.179522 0.452002 -3.768024
v -1.199120 0.460120 -3.759906
v -1.377998 0.432403 -3.787622
v -1.369880 0.452002 -3.768024
v -1.350281 0.460120 -3.759906
v -1.377998 0.432403 -4.859014
v -1.369880 0.452002 -4.878613
v -1.350281 0.460120 -4.886730
v -1.171404 -0.329716 -4.859014
v -1.179522 -0.349314 -4.878613
v -1.199120 -0.357432 -4.886730
v -1.171404 -0.329716 -3.787622
v -1.179522 -0.349314 -3.768024
v -1.199120 -0.357432 -3.759906
v -1.377998 -0.329716 -3.787622
v -1.369880 -0.349314 -3.768024
v -1.350281 -0.357432 -3.759906
v -1.377998 -0.329716 -4.859014
v -1.369880 -0.349314 -4.878613
v -1.350281 -0.357432 -4.886730
v -1.171404 0.432403 -4.859014
v -1.179522 0.452002 -4.878613
v -1.199120 0.460120 -4.886730
vt 0.658207 0.813859
vt 0.658379 0.819678
vt 0.456391 0.410020
vt 0.456525 0.812356
vt 0.657603 0.415470
vt 0.456637 0.415663
vt 0.689604 0.447687
vt 0.695212 0.447470
vt 0.662473 0.652307
vt 0.689619 0.609275
vt 0.656882 0.652836
vt 0.663290 0.415534
vt 0.666796 0.442467
vt 0.656979 0.437371
vt 0.667728 0.448343
vt 0.656747 0.442973
vt 0.457592 0.443305
vt 0.457350 0.437691
vt 0.656600 0.448743
vt 0.457753 0.449079
vt 0.662157 0.448586
vt 0.662024 0.608345
vt 0.656476 0.608172
vt 0.667579 0.608603
vt 0.656592 0.613936
vt 0.458185 0.614536
vt 0.458286 0.608760
vt 0.656767 0.619538
vt 0.458020 0.620146
vt 0.662504 0.618769
vt 0.689510 0.615142
vt 0.656850 0.641445
vt 0.656758 0.647052
vt 0.458128 0.647801
vt 0.458033 0.642168
vt 0.458014 0.653602
vt 0.452731 0.608942
vt 0.452203 0.448936
vt 0.447162 0.609206
vt 0.446646 0.448702
vt 0.448108 0.615085
vt 0.452354 0.642665
vt 0.425126 0.609935
vt 0.419519 0.610168
vt 0.450905 0.812362
vt 0.424765 0.448120
vt 0.424846 0.442252
vt 0.451665 0.438631
vt 0.662926 0.818637
vt 0.661635 0.443496
vt 0.661513 0.613444
vt 0.661228 0.647026
vt 0.453278 0.614065
vt 0.420622 0.614890
vt 0.420248 0.443142
vt 0.452696 0.443855
vt 0.447528 0.442914
vt 0.419172 0.447912
vt 0.451827 0.411102
vt 0.451778 0.817116
vt 0.456323 0.818166
vt 0.451045 0.415727
vt 0.425223 0.615709
vt 0.453634 0.647778
vt 0.452438 0.653077
vt 0.452407 0.619424
vt 0.662401 0.641928
vt 0.694116 0.614267
vt 0.695212 0.609500
vt 0.666685 0.614392
vt 0.662575 0.438263
vt 0.663810 0.813877
vt 0.662446 0.410908
vt 0.694128 0.442745
vt 0.689535 0.441913
vt 0.657838 0.409839
vt 0.933287 0.062880
vt 0.914684 0.063386
vt 0.914981 0.058628
vt 0.933905 0.058733
vt 0.933604 0.042719
vt 0.916362 0.040550
vt 0.921313 0.023278
vt 0.937970 0.026481
vt 0.923422 0.017567
vt 0.938831 0.022085
vt 0.940159 0.092204
vt 0.924806 0.096536
vt 0.914228 0.083055
vt 0.932105 0.077585
vt 0.899711 0.036266
vt 0.893761 0.034426
vt 0.897695 0.015875
vt 0.904780 0.017843
vt 0.942521 0.027444
vt 0.938070 0.042793
vt 0.924854 0.113144
vt 0.925860 0.115609
vt 0.923512 0.116981
vt 0.921733 0.113975
vt 0.896542 0.060699
vt 0.896431 0.055619
vt 0.907915 0.010443
vt 0.896302 0.078568
vt 0.938668 0.057077
vt 0.891958 0.053728
vt 0.908646 0.008938
vt 0.916924 0.012194
vt 0.893464 0.024511
vt 0.896263 0.015473
vt 0.901305 0.089964
vt 0.892863 0.086119
vt 0.923820 0.102464
vt 0.914920 0.099740
vt 0.918870 0.106601
vt 0.923705 0.106450
vt 0.890437 0.090061
vt 0.894597 0.092645
vt 0.889556 0.097834
vt 0.886827 0.096565
vt 0.894335 0.014634
vt 0.892236 0.019078
vt 0.886827 0.014049
vt 0.888159 0.011292
vt 0.914152 0.008369
vt 0.909652 0.006577
vt 0.912708 -0.000000
vt 0.915365 0.001435
vt 0.989136 0.062880
vt 0.970533 0.063386
vt 0.970830 0.058629
vt 0.989754 0.058733
vt 0.989453 0.042719
vt 0.972210 0.040550
vt 0.977162 0.023278
vt 0.993819 0.026481
vt 0.979270 0.017567
vt 0.994679 0.022085
vt 0.996007 0.092204
vt 0.980654 0.096536
vt 0.970077 0.083055
vt 0.987954 0.077585
vt 0.955559 0.036266
vt 0.949610 0.034426
vt 0.953543 0.015875
vt 0.960628 0.017843
vt 0.998370 0.027444
vt 0.993919 0.042793
vt 0.980703 0.113144
vt 0.981709 0.115609
vt 0.979360 0.116981
vt 0.977582 0.113975
vt 0.952391 0.060699
vt 0.952280 0.055619
vt 0.963764 0.010443
vt 0.952150 0.078568
vt 0.994517 0.057077
vt 0.947807 0.053728
vt 0.964494 0.008938
vt 0.972773 0.012194
vt 0.949313 0.024511
vt 0.952112 0.015473
vt 0.957153 0.089964
vt 0.948711 0.086119
vt 0.979668 0.102464
vt 0.970769 0.099740
vt 0.974718 0.106601
vt 0.979554 0.106450
vt 0.946286 0.090061
vt 0.950445 0.092645
vt 0.945404 0.097834
vt 0.942676 0.096565
vt 0.950184 0.014634
vt 0.948085 0.019078
vt 0.942676 0.014049
vt 0.944007 0.011292
vt 0.970001 0.008369
vt 0.965501 0.006577
vt 0.968556 0.000000
vt 0.971214 0.001435
vt 0.882440 0.413288
vt 0.883541 0.412000
vt 0.883843 0.450688
vt 0.882747 0.452260
vt 0.793733 0.008034
vt 0.793736 0.009851
vt 0.755532 0.010438
vt 0.755774 0.008605
vt 0.391996 0.883475
vt 0.393101 0.882211
vt 0.393102 0.920814
vt 0.391997 0.922358
vt 0.337817 0.479238
vt 0.338037 0.481059
vt 0.301098 0.481059
vt 0.301099 0.479238
vt 0.338039 0.935938
vt 0.337819 0.937759
vt 0.301098 0.937764
vt 0.301097 0.935942
vt 0.698411 0.411895
vt 0.699516 0.413194
vt 0.699409 0.452353
vt 0.698303 0.450765
vt 0.213957 0.922360
vt 0.212852 0.920816
vt 0.212853 0.882213
vt 0.213958 0.883476
vt 0.755985 0.467957
vt 0.755738 0.466126
vt 0.794064 0.466639
vt 0.794068 0.468458
vt 0.396062 0.917203
vt 0.396060 0.875689
vt 0.695346 0.447044
vt 0.695458 0.405262
vt 0.302980 0.941514
vt 0.231748 0.945795
vt 0.228971 0.937759
vt 0.792157 0.472203
vt 0.867407 0.468158
vt 0.864617 0.476217
vt 0.209893 0.912845
vt 0.209893 0.875691
vt 0.886743 0.442636
vt 0.886470 0.405406
vt 0.757014 0.000542
vt 0.793749 0.000003
vt 0.336682 0.471206
vt 0.301104 0.471206
vt 0.301105 0.874871
vt 0.335969 0.874869
vt 0.335970 0.911840
vt 0.301105 0.911843
vt 0.380202 0.922358
vt 0.380201 0.883475
vt 0.338038 0.924144
vt 0.301097 0.924147
vt 0.338037 0.492854
vt 0.301098 0.492854
vt 0.225753 0.883476
vt 0.225752 0.922360
vt 0.711360 0.452771
vt 0.711324 0.413506
vt 0.755573 0.454221
vt 0.794179 0.454906
vt 0.870871 0.452535
vt 0.870616 0.413531
vt 0.755401 0.022333
vt 0.793888 0.021608
vt 0.337432 0.919425
vt 0.301099 0.919428
vt 0.719348 0.442486
vt 0.715336 0.449824
vt 0.715183 0.411064
vt 0.718990 0.405002
vt 0.755982 0.027119
vt 0.793976 0.026288
vt 0.301106 0.505158
vt 0.301101 0.497572
vt 0.337432 0.497573
vt 0.335971 0.505158
vt 0.233490 0.874869
vt 0.233489 0.911840
vt 0.229621 0.919279
vt 0.229621 0.880955
vt 0.756150 0.449440
vt 0.794255 0.450224
vt 0.866927 0.449539
vt 0.866729 0.411081
vt 0.862934 0.442180
vt 0.862846 0.405044
vt 0.376334 0.919277
vt 0.376332 0.880954
vt 0.372465 0.911838
vt 0.372464 0.874868
vt 0.715704 0.468453
vt 0.715115 0.466639
vt 0.714771 0.454844
vt 0.716097 0.450108
vt 0.757518 0.442778
vt 0.755687 0.441860
vt 0.757829 0.440167
vt 0.719316 0.034110
vt 0.716061 0.026495
vt 0.755535 0.034711
vt 0.714735 0.021761
vt 0.715075 0.009964
vt 0.715665 0.008149
vt 0.718633 0.000142
vt 0.374204 0.471206
vt 0.376981 0.479238
vt 0.377520 0.481059
vt 0.377520 0.492854
vt 0.376039 0.497573
vt 0.372465 0.505158
vt 0.376040 0.919422
vt 0.377520 0.924141
vt 0.377522 0.935935
vt 0.376984 0.937756
vt 0.866552 0.065197
vt 0.862672 0.071255
vt 0.862738 0.034069
vt 0.866712 0.026692
vt 0.870438 0.062732
vt 0.870645 0.023682
vt 0.882513 0.023917
vt 0.882265 0.062942
vt 0.883611 0.025488
vt 0.883368 0.064230
vt 0.886309 0.070822
vt 0.886523 0.033538
vt 0.212854 0.534783
vt 0.209895 0.541301
vt 0.209895 0.504147
vt 0.212855 0.496180
vt 0.213960 0.533520
vt 0.213960 0.494636
vt 0.225755 0.494636
vt 0.225755 0.533520
vt 0.229623 0.536041
vt 0.229623 0.497718
vt 0.233491 0.505157
vt 0.233491 0.542128
vt 0.335971 0.542129
vt 0.301106 0.542129
vt 0.372465 0.542129
vt 0.376333 0.536043
vt 0.376334 0.497719
vt 0.380202 0.533522
vt 0.380202 0.494638
vt 0.391997 0.494638
vt 0.391996 0.533522
vt 0.393102 0.496182
vt 0.393102 0.534785
vt 0.396061 0.541303
vt 0.396062 0.504148
vt 0.698295 0.025773
vt 0.698385 0.064641
vt 0.695430 0.071262
vt 0.695346 0.033867
vt 0.699401 0.024186
vt 0.699490 0.063344
vt 0.711306 0.063026
vt 0.711340 0.023825
vt 0.715165 0.065469
vt 0.715311 0.026773
vt 0.718975 0.071526
vt 0.866532 0.103692
vt 0.862666 0.108395
vt 0.870401 0.101778
vt 0.882203 0.101955
vt 0.883309 0.102957
vt 0.886269 0.108085
vt 0.212854 0.573387
vt 0.209895 0.578456
vt 0.213960 0.572404
vt 0.225754 0.572404
vt 0.229623 0.574365
vt 0.233491 0.579099
vt 0.335970 0.579100
vt 0.301106 0.579100
vt 0.372465 0.579100
vt 0.376333 0.574366
vt 0.380201 0.572406
vt 0.391996 0.572406
vt 0.393102 0.573388
vt 0.396061 0.578457
vt 0.698389 0.103352
vt 0.695431 0.108484
vt 0.699494 0.102346
vt 0.711276 0.102107
vt 0.715132 0.104003
vt 0.718992 0.108683
vt 0.866545 0.142149
vt 0.862683 0.145504
vt 0.870410 0.140784
vt 0.882206 0.140918
vt 0.883313 0.141635
vt 0.886276 0.145296
vt 0.212854 0.611990
vt 0.209894 0.615610
vt 0.213959 0.611288
vt 0.225754 0.611288
vt 0.229622 0.612689
vt 0.233491 0.616071
vt 0.335970 0.616071
vt 0.301106 0.616071
vt 0.372464 0.616071
vt 0.376333 0.612690
vt 0.380201 0.611289
vt 0.391996 0.611290
vt 0.393101 0.611991
vt 0.396061 0.615611
vt 0.698429 0.141914
vt 0.695471 0.145570
vt 0.699535 0.141197
vt 0.711323 0.141036
vt 0.715185 0.142388
vt 0.719049 0.145727
vt 0.866561 0.180588
vt 0.862699 0.182600
vt 0.870425 0.179770
vt 0.882218 0.179852
vt 0.883325 0.180281
vt 0.886287 0.182476
vt 0.212854 0.650593
vt 0.209894 0.652764
vt 0.213959 0.650172
vt 0.225754 0.650172
vt 0.229622 0.651013
vt 0.233490 0.653042
vt 0.335970 0.653042
vt 0.301105 0.653042
vt 0.372464 0.653042
vt 0.376332 0.651014
vt 0.380201 0.650173
vt 0.391995 0.650173
vt 0.393101 0.650594
vt 0.396060 0.652766
vt 0.698467 0.180439
vt 0.695507 0.182628
vt 0.699573 0.180010
vt 0.711364 0.179923
vt 0.715227 0.180737
vt 0.719090 0.182742
vt 0.866570 0.219019
vt 0.862709 0.219691
vt 0.870433 0.218745
vt 0.882225 0.218769
vt 0.883331 0.218911
vt 0.886294 0.219641
vt 0.212853 0.689197
vt 0.209894 0.689919
vt 0.213959 0.689056
vt 0.225754 0.689056
vt 0.229622 0.689337
vt 0.233490 0.690013
vt 0.335969 0.690014
vt 0.301105 0.690013
vt 0.372464 0.690014
vt 0.376332 0.689337
vt 0.380200 0.689057
vt 0.391995 0.689057
vt 0.393101 0.689198
vt 0.396060 0.689920
vt 0.698486 0.218968
vt 0.695524 0.219693
vt 0.699593 0.218826
vt 0.711385 0.218807
vt 0.715248 0.219081
vt 0.719110 0.219753
vt 0.866572 0.257444
vt 0.862710 0.256777
vt 0.870435 0.257714
vt 0.882227 0.257675
vt 0.883333 0.257531
vt 0.886296 0.256795
vt 0.212853 0.727800
vt 0.209894 0.727073
vt 0.213959 0.727940
vt 0.225753 0.727940
vt 0.229622 0.727660
vt 0.233490 0.726984
vt 0.335969 0.726985
vt 0.301105 0.726985
vt 0.372464 0.726985
vt 0.376332 0.727661
vt 0.380200 0.727941
vt 0.391995 0.727941
vt 0.393100 0.727801
vt 0.396060 0.727074
vt 0.698492 0.257505
vt 0.695529 0.256768
vt 0.699598 0.257649
vt 0.711390 0.257696
vt 0.715253 0.257429
vt 0.719115 0.256765
vt 0.866574 0.295863
vt 0.862712 0.293857
vt 0.870438 0.296675
vt 0.882231 0.296573
vt 0.883337 0.296141
vt 0.886299 0.293939
vt 0.212853 0.766403
vt 0.209894 0.764228
vt 0.213959 0.766824
vt 0.225753 0.766824
vt 0.229622 0.765984
vt 0.233490 0.763955
vt 0.335969 0.763956
vt 0.301105 0.763956
vt 0.372463 0.763956
vt 0.376332 0.765984
vt 0.380200 0.766825
vt 0.391995 0.766825
vt 0.393100 0.766403
vt 0.396060 0.764228
vt 0.698484 0.296043
vt 0.695523 0.293842
vt 0.699590 0.296475
vt 0.711381 0.296590
vt 0.715245 0.295783
vt 0.719107 0.293784
vt 0.866589 0.334273
vt 0.862723 0.330930
vt 0.870456 0.335626
vt 0.882252 0.335464
vt 0.883357 0.334746
vt 0.886316 0.331080
vt 0.212853 0.805006
vt 0.209894 0.801382
vt 0.213959 0.805708
vt 0.225753 0.805708
vt 0.229622 0.804308
vt 0.233490 0.800926
vt 0.335969 0.800927
vt 0.301105 0.800927
vt 0.372463 0.800926
vt 0.376332 0.804308
vt 0.380200 0.805708
vt 0.391995 0.805708
vt 0.393100 0.805006
vt 0.396060 0.801382
vt 0.698458 0.334587
vt 0.695499 0.330918
vt 0.699563 0.335307
vt 0.711353 0.335495
vt 0.715216 0.334149
vt 0.719080 0.330816
vt 0.866639 0.372672
vt 0.862765 0.367992
vt 0.870511 0.374571
vt 0.882310 0.374360
vt 0.883414 0.373356
vt 0.886366 0.368226
vt 0.212853 0.843610
vt 0.209894 0.838536
vt 0.213959 0.844592
vt 0.225753 0.844592
vt 0.229622 0.842632
vt 0.233490 0.837898
vt 0.335969 0.837898
vt 0.301105 0.837899
vt 0.372463 0.837897
vt 0.376332 0.842631
vt 0.380200 0.844592
vt 0.391995 0.844591
vt 0.393100 0.843609
vt 0.396060 0.838536
vt 0.698419 0.373171
vt 0.695460 0.368026
vt 0.699524 0.374180
vt 0.711306 0.374439
vt 0.715164 0.372551
vt 0.719027 0.367884
vt 0.228433 0.935938
vt 0.228434 0.924143
vt 0.229915 0.919425
vt 0.229918 0.497572
vt 0.228437 0.492853
vt 0.228437 0.481058
vt 0.228976 0.479237
vt 0.231753 0.471205
vt 0.867117 0.008108
vt 0.864289 0.000065
vt 0.867672 0.009932
vt 0.867716 0.021734
vt 0.866272 0.026463
vt 0.794260 0.033818
vt 0.794953 0.070939
vt 0.795225 0.108022
vt 0.795347 0.145177
vt 0.795410 0.182374
vt 0.795438 0.219586
vt 0.795442 0.256802
vt 0.795421 0.294015
vt 0.795364 0.331220
vt 0.795243 0.368406
vt 0.795006 0.405525
vt 0.794524 0.442694
vt 0.866501 0.449777
vt 0.867966 0.454504
vt 0.867953 0.466332
vt 0.759777 0.441790
vt 0.757889 0.415523
vt 0.761256 0.415547
vt 0.754285 0.415575
vt 0.754766 0.071228
vt 0.757847 0.071214
vt 0.757897 0.075411
vt 0.754351 0.075867
vt 0.760704 0.071183
vt 0.761172 0.075800
vt 0.754921 0.108254
vt 0.757991 0.108222
vt 0.758041 0.112452
vt 0.754523 0.112933
vt 0.760835 0.108191
vt 0.761286 0.112851
vt 0.755046 0.145396
vt 0.758116 0.145364
vt 0.758160 0.149598
vt 0.754641 0.150079
vt 0.760959 0.145334
vt 0.761404 0.149998
vt 0.755115 0.182540
vt 0.758186 0.182514
vt 0.758225 0.186748
vt 0.754703 0.187221
vt 0.761030 0.182490
vt 0.761470 0.187154
vt 0.755145 0.219682
vt 0.758217 0.219664
vt 0.758251 0.223898
vt 0.754729 0.224362
vt 0.761062 0.219647
vt 0.761497 0.224313
vt 0.755149 0.256825
vt 0.758221 0.256816
vt 0.758252 0.261050
vt 0.754730 0.261504
vt 0.761066 0.256807
vt 0.761498 0.261474
vt 0.755129 0.293972
vt 0.758200 0.293971
vt 0.758227 0.298206
vt 0.754705 0.298650
vt 0.761044 0.293970
vt 0.761472 0.298638
vt 0.755074 0.331125
vt 0.758143 0.331131
vt 0.758164 0.335366
vt 0.754644 0.335802
vt 0.760987 0.331136
vt 0.761409 0.335805
vt 0.754967 0.368280
vt 0.758038 0.368289
vt 0.758054 0.372522
vt 0.754529 0.372957
vt 0.760884 0.368297
vt 0.761301 0.372964
vt 0.757677 0.036396
vt 0.757812 0.061055
vt 0.754207 0.061016
vt 0.759611 0.034767
vt 0.761179 0.061019
vt 0.765114 0.405451
vt 0.761112 0.410018
vt 0.760743 0.405378
vt 0.754412 0.410025
vt 0.750144 0.405425
vt 0.754807 0.405369
vt 0.761052 0.066545
vt 0.765079 0.071092
vt 0.750105 0.071197
vt 0.754350 0.066571
vt 0.765183 0.108150
vt 0.750279 0.108290
vt 0.765305 0.145296
vt 0.750402 0.145437
vt 0.765378 0.182460
vt 0.750468 0.182571
vt 0.765409 0.219628
vt 0.750497 0.219700
vt 0.765413 0.256799
vt 0.750501 0.256830
vt 0.765391 0.293972
vt 0.750482 0.293964
vt 0.765333 0.331147
vt 0.750429 0.331106
vt 0.765232 0.368315
vt 0.750321 0.368258
vt 0.754106 0.081377
vt 0.744126 0.071159
vt 0.754457 0.103587
vt 0.770916 0.070967
vt 0.761506 0.081299
vt 0.761225 0.103527
vt 0.754277 0.118482
vt 0.744366 0.108334
vt 0.754590 0.140723
vt 0.754153 0.098047
vt 0.761507 0.098003
vt 0.770958 0.108092
vt 0.761616 0.118386
vt 0.761352 0.140663
vt 0.754386 0.155630
vt 0.744486 0.145489
vt 0.754666 0.177866
vt 0.754296 0.135172
vt 0.761635 0.135130
vt 0.771079 0.145245
vt 0.761726 0.155536
vt 0.761431 0.177818
vt 0.754442 0.192770
vt 0.744546 0.182610
vt 0.754700 0.215006
vt 0.754380 0.172314
vt 0.761721 0.172284
vt 0.771153 0.182420
vt 0.761786 0.192693
vt 0.761467 0.214976
vt 0.754463 0.229909
vt 0.744573 0.219723
vt 0.754708 0.252148
vt 0.754420 0.209454
vt 0.761762 0.209441
vt 0.771185 0.219603
vt 0.761809 0.229853
vt 0.761474 0.252136
vt 0.754460 0.267051
vt 0.744577 0.256836
vt 0.754692 0.289293
vt 0.754432 0.246594
vt 0.761773 0.246601
vt 0.771189 0.256789
vt 0.761806 0.267015
vt 0.761457 0.289299
vt 0.754431 0.304196
vt 0.744560 0.293954
vt 0.754642 0.326445
vt 0.754419 0.283738
vt 0.761759 0.283764
vt 0.771167 0.293977
vt 0.761776 0.304180
vt 0.761405 0.326465
vt 0.754362 0.341347
vt 0.744511 0.331083
vt 0.754542 0.363600
vt 0.754376 0.320888
vt 0.761713 0.320929
vt 0.771108 0.331164
vt 0.761706 0.341346
vt 0.761307 0.363628
vt 0.754238 0.378502
vt 0.744402 0.368230
vt 0.754369 0.400730
vt 0.754283 0.358043
vt 0.761622 0.358092
vt 0.771009 0.368340
vt 0.761595 0.378501
vt 0.761188 0.400751
vt 0.744171 0.405499
vt 0.754112 0.395201
vt 0.761510 0.395253
vt 0.770951 0.405553
vt 0.757358 0.033785
vt 0.757897 0.409559
vt 0.757837 0.067020
vt 0.757979 0.103994
vt 0.758108 0.141130
vt 0.758185 0.178280
vt 0.758221 0.215430
vt 0.758228 0.252581
vt 0.758211 0.289736
vt 0.758160 0.326896
vt 0.758061 0.364055
vt 0.757888 0.405363
vt 0.757915 0.401163
vt 0.757917 0.097969
vt 0.757976 0.081401
vt 0.758053 0.135092
vt 0.758116 0.118488
vt 0.758138 0.172241
vt 0.758226 0.155637
vt 0.758179 0.209390
vt 0.758284 0.192787
vt 0.758190 0.246541
vt 0.758306 0.229937
vt 0.758177 0.283695
vt 0.758303 0.267090
vt 0.758132 0.320853
vt 0.758274 0.304246
vt 0.758040 0.358013
vt 0.758204 0.341406
vt 0.757899 0.395161
vt 0.758087 0.378559
vt 0.333856 0.941512
vt 0.374206 0.941509
vt 0.760119 0.471725
vt 0.718619 0.472168
vt 0.658207 0.404023
vt 0.658379 0.409843
vt 0.456323 0.408331
vt 0.456525 0.402520
vt 0.657838 0.000003
vt 0.657603 0.005634
vt 0.456637 0.005828
vt 0.456391 0.000184
vt 0.689604 0.037851
vt 0.695212 0.037634
vt 0.695212 0.199664
vt 0.689619 0.199439
vt 0.663810 0.404041
vt 0.656882 0.243000
vt 0.662473 0.242471
vt 0.663290 0.005698
vt 0.662575 0.028427
vt 0.656979 0.027535
vt 0.689535 0.032078
vt 0.667728 0.038507
vt 0.666796 0.032631
vt 0.656747 0.033138
vt 0.457592 0.033469
vt 0.457350 0.027856
vt 0.656600 0.038908
vt 0.457753 0.039243
vt 0.662157 0.038751
vt 0.662024 0.198510
vt 0.656476 0.198337
vt 0.667579 0.198768
vt 0.656592 0.204100
vt 0.458185 0.204700
vt 0.458286 0.198924
vt 0.656767 0.209703
vt 0.458020 0.210311
vt 0.662504 0.208934
vt 0.662401 0.232092
vt 0.656850 0.231609
vt 0.666685 0.204556
vt 0.689510 0.205307
vt 0.656758 0.237217
vt 0.458128 0.237966
vt 0.458033 0.232332
vt 0.458014 0.243766
vt 0.452731 0.199107
vt 0.452203 0.039100
vt 0.447162 0.199370
vt 0.446646 0.038866
vt 0.448108 0.205249
vt 0.425223 0.205873
vt 0.425126 0.200100
vt 0.452407 0.209589
vt 0.452354 0.232830
vt 0.419519 0.200332
vt 0.419172 0.038076
vt 0.424765 0.038285
vt 0.452438 0.243242
vt 0.450905 0.402527
vt 0.424846 0.032416
vt 0.447528 0.033078
vt 0.451045 0.005891
vt 0.451665 0.028795
vt 0.662446 0.001073
vt 0.662926 0.408802
vt 0.694128 0.032910
vt 0.661635 0.033660
vt 0.661513 0.203608
vt 0.661228 0.237190
vt 0.694116 0.204431
vt 0.453278 0.204229
vt 0.453634 0.237942
vt 0.420622 0.205055
vt 0.451827 0.001266
vt 0.420248 0.033306
vt 0.451778 0.407280
vt 0.452696 0.034020
vt 0.972565 0.156075
vt 0.953963 0.156581
vt 0.954260 0.151824
vt 0.973183 0.151928
vt 0.972882 0.135914
vt 0.955640 0.133745
vt 0.960591 0.116473
vt 0.977248 0.119676
vt 0.962700 0.110762
vt 0.978109 0.115280
vt 0.979437 0.185399
vt 0.964084 0.189731
vt 0.953506 0.176250
vt 0.971384 0.170780
vt 0.938989 0.129461
vt 0.933039 0.127621
vt 0.936973 0.109070
vt 0.944058 0.111038
vt 0.981800 0.120639
vt 0.977348 0.135988
vt 0.964133 0.206339
vt 0.965139 0.208804
vt 0.962790 0.210177
vt 0.961011 0.207171
vt 0.935820 0.153894
vt 0.935709 0.148814
vt 0.947193 0.103638
vt 0.935580 0.171763
vt 0.977947 0.150273
vt 0.931237 0.146923
vt 0.947924 0.102133
vt 0.956202 0.105389
vt 0.932742 0.117706
vt 0.935542 0.108668
vt 0.940583 0.183159
vt 0.932141 0.179314
vt 0.963098 0.195659
vt 0.954198 0.192935
vt 0.958148 0.199796
vt 0.962983 0.199645
vt 0.929715 0.183256
vt 0.933875 0.185840
vt 0.928834 0.191029
vt 0.926105 0.189760
vt 0.933614 0.107829
vt 0.931514 0.112273
vt 0.926105 0.107244
vt 0.927437 0.104487
vt 0.953430 0.101564
vt 0.948930 0.099772
vt 0.951986 0.093195
vt 0.954643 0.094630
vt 0.416957 0.470388
vt 0.416944 0.472042
vt 0.252286 0.468809
vt 0.252450 0.467164
vt 0.042520 0.510415
vt 0.042583 0.508764
vt 0.207995 0.508642
vt 0.208055 0.510295
vt 0.001653 0.467370
vt 0.000000 0.467424
vt 0.001684 0.042174
vt 0.003336 0.042241
vt 0.418609 0.470447
vt 0.416956 0.042366
vt 0.418609 0.042314
vt 0.040926 0.508736
vt 0.041990 0.469443
vt 0.043632 0.469656
vt 0.001670 0.469021
vt 0.040443 0.466464
vt 0.040650 0.468113
vt 0.044745 0.001656
vt 0.044692 0.000003
vt 0.210389 0.000511
vt 0.210320 0.002162
vt 0.416953 0.040713
vt 0.254511 0.044491
vt 0.254356 0.042844
vt 0.003369 0.040585
vt 0.042527 0.041841
vt 0.042310 0.043483
vt 0.043095 0.001671
vt 0.045522 0.040311
vt 0.043871 0.040516
vt 0.043705 0.468010
vt 0.206995 0.468342
vt 0.207063 0.469991
vt 0.043745 0.466364
vt 0.206957 0.466693
vt 0.042094 0.466397
vt 0.043960 0.043563
vt 0.045610 0.043609
vt 0.045582 0.041960
vt 0.209048 0.042911
vt 0.209000 0.044557
vt 0.209127 0.041265
vt 0.208713 0.469780
vt 0.209646 0.508621
vt 0.210087 0.468445
vt 0.210256 0.466798
vt 0.249148 0.467142
vt 0.249244 0.468797
vt 0.208607 0.466731
vt 0.210652 0.044533
vt 0.212305 0.044480
vt 0.212147 0.042823
vt 0.251314 0.042840
vt 0.251204 0.044486
vt 0.210769 0.041484
vt 0.211977 0.002197
vt 0.250800 0.467121
vt 0.252857 0.044521
vt 0.041174 0.510097
vt 0.418299 0.471790
vt 0.000311 0.468769
vt 0.418306 0.040970
vt 0.043346 0.000314
vt 0.002007 0.040828
vt 0.042247 0.467853
vt 0.044123 0.042108
vt 0.208460 0.468190
vt 0.210513 0.043072
vt 0.250775 0.468439
vt 0.209399 0.509979
vt 0.211734 0.000835
vt 0.252843 0.043205
vt 0.933287 0.234889
vt 0.914684 0.235395
vt 0.914981 0.230637
vt 0.933905 0.230742
vt 0.933604 0.214728
vt 0.916362 0.212558
vt 0.921313 0.195287
vt 0.937970 0.198489
vt 0.923422 0.189576
vt 0.938831 0.194094
vt 0.940159 0.264213
vt 0.924806 0.268545
vt 0.914228 0.255064
vt 0.932105 0.249594
vt 0.899711 0.208275
vt 0.893761 0.206435
vt 0.897695 0.187884
vt 0.904780 0.189852
vt 0.942521 0.199452
vt 0.938070 0.214801
vt 0.924854 0.285153
vt 0.925860 0.287617
vt 0.923512 0.288990
vt 0.921733 0.285984
vt 0.896542 0.232708
vt 0.896431 0.227627
vt 0.907915 0.182451
vt 0.896302 0.250577
vt 0.938668 0.229086
vt 0.891958 0.225737
vt 0.908646 0.180947
vt 0.916924 0.184203
vt 0.893464 0.196519
vt 0.896263 0.187482
vt 0.901305 0.261973
vt 0.892863 0.258128
vt 0.923820 0.274472
vt 0.914920 0.271748
vt 0.918870 0.278609
vt 0.923705 0.278459
vt 0.890437 0.262070
vt 0.894597 0.264653
vt 0.889556 0.269842
vt 0.886827 0.268573
vt 0.894335 0.186643
vt 0.892236 0.191087
vt 0.886827 0.186058
vt 0.888159 0.183301
vt 0.914152 0.180378
vt 0.909652 0.178585
vt 0.912708 0.172009
vt 0.915365 0.173444
vt 0.205423 0.530070
vt 0.206529 0.530812
vt 0.206529 0.734807
vt 0.205423 0.735549
vt 0.190408 0.514375
vt 0.190946 0.515593
vt 0.041864 0.515593
vt 0.042402 0.514375
vt 0.185170 0.774863
vt 0.186276 0.775605
vt 0.186276 0.979600
vt 0.185170 0.980342
vt 0.170155 0.759168
vt 0.170693 0.760386
vt 0.021611 0.760386
vt 0.022149 0.759168
vt 0.170693 0.994819
vt 0.170155 0.996037
vt 0.022149 0.996037
vt 0.021611 0.994819
vt 0.026281 0.530812
vt 0.027386 0.530070
vt 0.027386 0.735549
vt 0.026281 0.734807
vt 0.007134 0.980342
vt 0.006028 0.979600
vt 0.006028 0.775605
vt 0.007133 0.774863
vt 0.042402 0.751244
vt 0.041864 0.750026
vt 0.190946 0.750026
vt 0.190408 0.751244
vt 0.189235 0.975771
vt 0.189235 0.779432
vt 0.023321 0.730978
vt 0.023321 0.534639
vt 0.167377 1.000000
vt 0.096152 1.000000
vt 0.024926 1.000000
vt 0.116405 0.755207
vt 0.045179 0.755207
vt 0.187631 0.755207
vt 0.003069 0.975771
vt 0.003069 0.779432
vt 0.209488 0.730978
vt 0.209488 0.534639
vt 0.045179 0.510414
vt 0.187631 0.510414
vt 0.167377 0.755207
vt 0.024926 0.755207
vt 0.026665 0.779917
vt 0.165639 0.779917
vt 0.165639 0.975288
vt 0.026665 0.975288
vt 0.185892 0.730495
vt 0.046918 0.730495
vt 0.046918 0.535124
vt 0.185892 0.535124
vt 0.173376 0.980342
vt 0.173375 0.774863
vt 0.170693 0.983024
vt 0.021611 0.983024
vt 0.170693 0.772181
vt 0.021611 0.772181
vt 0.018928 0.774863
vt 0.018928 0.980342
vt 0.039181 0.735549
vt 0.039181 0.530070
vt 0.041864 0.738231
vt 0.190946 0.738231
vt 0.193628 0.735549
vt 0.193629 0.530070
vt 0.041864 0.527388
vt 0.190946 0.527388
vt 0.169213 0.979156
vt 0.023091 0.979156
vt 0.043049 0.734069
vt 0.043050 0.531550
vt 0.043344 0.531256
vt 0.189466 0.531256
vt 0.023091 0.776049
vt 0.169213 0.776049
vt 0.022797 0.978862
vt 0.022796 0.776343
vt 0.043344 0.734363
vt 0.189466 0.734363
vt 0.189760 0.734069
vt 0.189760 0.531550
vt 0.169507 0.978862
vt 0.169507 0.776343
vt 0.877448 0.495608
vt 0.878554 0.496350
vt 0.878554 0.700345
vt 0.877448 0.701087
vt 0.862433 0.479913
vt 0.862971 0.481131
vt 0.713889 0.481131
vt 0.714427 0.479913
vt 0.856581 0.740401
vt 0.857687 0.741143
vt 0.857687 0.945138
vt 0.856581 0.945880
vt 0.841566 0.724706
vt 0.842104 0.725924
vt 0.693022 0.725924
vt 0.693560 0.724706
vt 0.842104 0.960357
vt 0.841566 0.961575
vt 0.693560 0.961575
vt 0.693022 0.960357
vt 0.698306 0.496350
vt 0.699411 0.495608
vt 0.699411 0.701087
vt 0.698306 0.700345
vt 0.678545 0.945880
vt 0.677439 0.945138
vt 0.677439 0.741143
vt 0.678545 0.740401
vt 0.714427 0.716782
vt 0.713888 0.715564
vt 0.862971 0.715564
vt 0.862433 0.716782
vt 0.860646 0.941309
vt 0.860646 0.744970
vt 0.695346 0.696516
vt 0.695346 0.500177
vt 0.838789 0.965538
vt 0.767563 0.965538
vt 0.696337 0.965538
vt 0.788430 0.720745
vt 0.717204 0.720745
vt 0.859655 0.720745
vt 0.674480 0.941309
vt 0.674480 0.744970
vt 0.881513 0.696516
vt 0.881513 0.500177
vt 0.717204 0.475952
vt 0.859655 0.475952
vt 0.838788 0.720745
vt 0.696337 0.720745
vt 0.698076 0.745455
vt 0.837050 0.745455
vt 0.837050 0.940826
vt 0.698076 0.940826
vt 0.857917 0.696033
vt 0.718943 0.696033
vt 0.718943 0.500662
vt 0.857917 0.500662
vt 0.844787 0.945880
vt 0.844787 0.740401
vt 0.842104 0.948562
vt 0.693022 0.948562
vt 0.842104 0.737719
vt 0.693022 0.737719
vt 0.690339 0.740401
vt 0.690339 0.945880
vt 0.711206 0.701087
vt 0.711206 0.495608
vt 0.713888 0.703769
vt 0.862971 0.703769
vt 0.865653 0.701087
vt 0.865653 0.495608
vt 0.713889 0.492926
vt 0.862971 0.492926
vt 0.840624 0.944694
vt 0.694502 0.944694
vt 0.715074 0.699607
vt 0.715074 0.497088
vt 0.715369 0.496794
vt 0.861491 0.496794
vt 0.694502 0.741587
vt 0.840624 0.741587
vt 0.694208 0.944400
vt 0.694208 0.741881
vt 0.715369 0.699901
vt 0.861491 0.699901
vt 0.861785 0.699607
vt 0.861785 0.497088
vt 0.840918 0.944400
vt 0.840918 0.741881
vn 0.010378 -0.999863 0.012876
vn 0.006506 -0.929774 0.368073
vn -0.006506 -0.929774 0.368073
vn -0.010378 -0.999863 0.012876
vn 0.006803 -0.396149 0.918161
vn 0.010202 -0.081567 0.996616
vn -0.010202 -0.081567 0.996616
vn -0.006804 -0.396149 0.918161
vn 0.996880 -0.077993 0.012119
vn 0.924239 -0.381728 0.008112
vn 0.924239 -0.381728 -0.008112
vn 0.996880 -0.077993 -0.012119
vn 0.381727 -0.924240 0.008112
vn 0.010378 -0.999863 -0.012876
vn 0.381727 -0.924240 -0.008112
vn 0.390456 -0.053396 0.919072
vn 0.390456 0.053396 0.919072
vn 0.010202 0.081567 0.996616
vn 0.930477 -0.051145 0.362764
vn 0.996880 0.077993 0.012119
vn 0.930477 0.051144 0.362764
vn 0.006804 0.396148 0.918161
vn -0.006803 0.396148 0.918161
vn -0.010202 0.081567 0.996616
vn 0.006506 0.929774 0.368072
vn 0.010378 0.999863 0.012876
vn -0.010378 0.999863 0.012876
vn -0.006506 0.929774 0.368072
vn 0.381726 0.924240 0.008112
vn 0.381726 0.924240 -0.008112
vn 0.010378 0.999863 -0.012876
vn 0.924239 0.381728 0.008112
vn 0.996880 0.077993 -0.012119
vn 0.924239 0.381728 -0.008112
vn 0.006506 0.929771 -0.368080
vn -0.006506 0.929771 -0.368080
vn -0.010378 0.999863 -0.012876
vn 0.006804 0.396168 -0.918153
vn 0.010202 0.081571 -0.996615
vn -0.010202 0.081571 -0.996615
vn -0.006804 0.396168 -0.918153
vn 0.390472 0.053398 -0.919065
vn 0.390473 -0.053398 -0.919065
vn 0.010202 -0.081571 -0.996615
vn 0.930473 0.051145 -0.362772
vn 0.930474 -0.051145 -0.362772
vn 0.006804 -0.396168 -0.918153
vn -0.006804 -0.396168 -0.918153
vn -0.010202 -0.081571 -0.996615
vn 0.006506 -0.929771 -0.368081
vn -0.010378 -0.999863 -0.012876
vn -0.006506 -0.929771 -0.368081
vn -0.381726 0.924240 -0.008112
vn -0.381726 0.924240 0.008112
vn -0.924240 0.381726 -0.008112
vn -0.996880 0.077992 -0.012119
vn -0.996880 0.077992 0.012119
vn -0.924240 0.381726 0.008112
vn -0.930474 0.051144 -0.362771
vn -0.930474 -0.051144 -0.362770
vn -0.996880 -0.077992 -0.012119
vn -0.390471 0.053398 -0.919065
vn -0.390472 -0.053398 -0.919065
vn -0.924240 -0.381726 -0.008112
vn -0.924240 -0.381726 0.008112
vn -0.996880 -0.077992 0.012119
vn -0.381726 -0.924240 -0.008112
vn -0.381726 -0.924240 0.008112
vn -0.930477 -0.051144 0.362762
vn -0.930477 0.051144 0.362762
vn -0.390456 -0.053396 0.919072
vn -0.390455 0.053396 0.919072
vn 0.336385 -0.336391 0.879595
vn 0.326696 -0.891823 0.312923
vn 0.891821 -0.326701 0.312925
vn 0.326696 0.891823 0.312923
vn 0.336387 0.336391 0.879594
vn 0.891822 0.326698 0.312924
vn 0.336410 0.336400 -0.879582
vn 0.326693 0.891821 -0.312932
vn 0.891816 0.326705 -0.312936
vn 0.326697 -0.891820 -0.312931
vn 0.336418 -0.336399 -0.879579
vn 0.891818 -0.326700 -0.312932
vn -0.891817 0.326702 -0.312934
vn -0.326692 0.891822 -0.312932
vn -0.336411 0.336399 -0.879581
vn -0.326697 -0.891820 -0.312931
vn -0.891819 -0.326699 -0.312931
vn -0.336418 -0.336398 -0.879579
vn -0.336386 -0.336391 0.879594
vn -0.891823 -0.326698 0.312923
vn -0.326696 -0.891823 0.312924
vn -0.326696 0.891823 0.312924
vn -0.891822 0.326699 0.312924
vn -0.336384 0.336391 0.879595
vn 0.000000 0.000000 1.000000
vn 0.000000 0.000000 1.000000
vn 0.000000 0.000000 1.000000
vn 0.000000 0.000000 1.000000
vn 0.000000 1.000000 0.000000
vn 0.000000 1.000000 0.000000
vn 0.000000 1.000000 0.000000
vn 0.000000 1.000000 0.000000
vn -0.000003 0.000000 -1.000000
vn 0.000001 0.000000 -1.000000
vn 0.000001 0.000000 -1.000000
vn -0.000003 0.000000 -1.000000
vn -0.083798 -0.996483 0.000000
vn -0.083798 -0.996483 0.000000
vn -0.041973 -0.998237 0.041973
vn -0.062931 -0.997797 0.020977
vn 1.000000 0.000000 0.000000
vn 1.000000 0.000000 0.000000
vn 1.000000 0.000000 0.000000
vn 1.000000 0.000000 0.000000
vn -1.000000 0.000000 0.000000
vn -1.000000 0.000000 0.000000
vn -1.000000 0.000000 0.000000
vn -1.000000 0.000000 0.000000
vn 0.000000 -1.000000 0.000000
vn 0.000000 -1.000000 0.000000
vn 0.000000 -1.000000 0.000000
vn 0.000000 -1.000000 0.000000
vn 0.000000 0.000000 1.000000
vn 0.000000 0.000000 1.000000
vn 0.000000 1.000000 0.000000
vn 0.000000 1.000000 0.000000
vn 0.000003 0.000000 -1.000000
vn 0.000003 0.000000 -1.000000
vn 0.000000 -0.996483 0.083798
vn 0.000000 -0.996483 0.083798
vn -0.020977 -0.997797 0.062932
vn -0.041973 -0.998237 0.041973
vn -1.000000 0.000000 0.000000
vn -1.000000 0.000000 0.000000
vn 0.000000 1.000000 0.000000
vn 0.000000 1.000000 0.000000
vn 0.000000 1.000000 0.000000
vn 1.000000 0.000000 0.000000
vn 1.000000 0.000000 0.000000
vn 0.000009 0.000000 -1.000000
vn 0.000009 0.000000 -1.000000
vn 0.000006 0.000000 -1.000000
vn 0.000008 0.000000 -1.000000
vn 1.000000 0.000000 0.000000
vn 1.000000 0.000000 0.000000
vn 1.000000 0.000001 0.000000
vn 1.000000 0.000003 0.000000
vn 0.000000 -0.949957 0.312380
vn 0.000000 -0.949957 0.312380
vn 0.000000 -0.943656 0.330928
vn 0.000000 -0.934582 0.355749
vn -0.312382 -0.949957 0.000000
vn -0.312382 -0.949957 0.000000
vn -0.355750 -0.934581 0.000000
vn -0.330929 -0.943656 0.000000
vn -0.710298 -0.703901 0.000000
vn -0.780294 -0.625413 0.000000
vn -0.974306 -0.225227 0.000000
vn -0.974306 -0.225227 0.000000
vn 0.000000 -0.625411 0.780296
vn 0.000000 -0.703900 0.710299
vn 0.000000 -0.225223 0.974307
vn 0.000000 -0.225223 0.974307
vn 1.000000 0.000003 0.000000
vn 1.000000 0.000004 0.000000
vn 1.000000 0.000000 0.000000
vn 1.000000 0.000000 0.000000
vn 0.000000 0.000000 -1.000000
vn 0.000000 0.000000 -1.000000
vn 0.000000 0.000000 -1.000000
vn 0.000000 0.000000 -1.000000
vn 0.000000 0.000000 1.000000
vn 0.000000 0.000000 1.000000
vn 0.000000 0.000000 1.000000
vn 0.000000 0.000000 1.000000
vn 0.000000 1.000000 0.000000
vn 0.000000 1.000000 0.000000
vn 0.000000 1.000000 0.000000
vn 0.000000 1.000000 0.000000
vn 0.000005 0.000000 -1.000000
vn 0.000005 0.000000 -1.000000
vn -0.000000 0.000000 -1.000000
vn -0.000000 0.000000 -1.000000
vn 0.083798 -0.996483 0.000000
vn 0.062931 -0.997797 0.020977
vn 0.041973 -0.998237 0.041973
vn 0.083798 -0.996483 0.000000
vn -1.000000 0.000000 0.000000
vn -1.000000 0.000000 0.000000
vn -1.000000 0.000000 0.000000
vn -1.000000 0.000000 0.000000
vn 1.000000 0.000000 0.000000
vn 1.000000 0.000000 0.000000
vn 1.000000 0.000000 0.000000
vn 1.000000 0.000000 0.000000
vn 0.000000 -1.000000 0.000000
vn 0.000000 -1.000000 0.000000
vn 0.000000 -1.000000 0.000000
vn 0.000000 -1.000000 0.000000
vn 0.000000 0.000000 1.000000
vn 0.000000 0.000000 1.000000
vn 0.000000 1.000000 0.000000
vn 0.000000 1.000000 0.000000
vn -0.000004 0.000000 -1.000000
vn -0.000004 0.000000 -1.000000
vn 0.020977 -0.997797 0.062932
vn 0.000000 -0.996483 0.083798
vn 0.000000 -0.996483 0.083798
vn 0.041973 -0.998237 0.041973
vn 1.000000 0.000000 0.000000
vn 1.000000 0.000000 0.000000
vn 0.000000 1.000000 0.000000
vn 0.000000 1.000000 0.000000
vn 0.000000 1.000000 0.000000
vn -1.000000 0.000000 0.000000
vn -1.000000 0.000000 0.000000
vn -0.000005 0.000000 -1.000000
vn -0.000004 0.000000 -1.000000
vn -0.000003 0.000000 -1.000000
vn -0.000005 0.000000 -1.000000
vn -1.000000 0.000000 0.000000
vn -1.000000 0.000006 0.000000
vn -1.000000 0.000002 0.000000
vn -1.000000 0.000000 0.000000
vn 0.000000 -0.949957 0.312380
vn 0.000000 -0.934582 0.355749
vn 0.000000 -0.943656 0.330928
vn 0.000000 -0.949957 0.312380
vn 0.312382 -0.949957 0.000000
vn 0.330928 -0.943656 0.000000
vn 0.355749 -0.934581 0.000000
vn 0.312382 -0.949957 0.000000
vn 0.710299 -0.703900 0.000000
vn 0.974307 -0.225225 0.000000
vn 0.974307 -0.225225 0.000000
vn 0.780295 -0.625412 0.000000
vn 0.000000 -0.625411 0.780296
vn 0.000000 -0.225223 0.974307
vn 0.000000 -0.225223 0.974307
vn 0.000000 -0.703900 0.710299
vn -1.000000 0.000006 0.000000
vn -1.000000 0.000000 0.000000
vn -1.000000 0.000000 0.000000
vn -1.000000 0.000008 0.000000
vn 0.000000 0.000000 -1.000000
vn 0.000000 0.000000 -1.000000
vn 0.000000 0.000000 -1.000000
vn 0.000000 0.000000 -1.000000
vn -0.000000 -0.999118 0.041988
vn -0.000001 -0.516933 0.856026
vn -0.258216 -0.129732 0.957337
vn -0.883856 -0.457742 0.096285
vn 0.205935 0.000000 0.978566
vn 0.992806 0.000000 0.119738
vn 0.992775 0.000000 0.119993
vn 0.205648 0.000000 0.978626
vn 0.000000 0.999118 -0.041989
vn 0.000000 0.510987 -0.859588
vn -0.264720 0.298679 -0.916905
vn -0.721312 0.687495 -0.084020
vn 0.205616 0.000000 -0.978633
vn 0.992773 0.000000 -0.120005
vn 0.992804 0.000000 -0.119750
vn 0.205899 0.000000 -0.978573
vn -0.992772 -0.000000 -0.120012
vn -0.359265 0.000001 -0.933236
vn -0.270749 -0.003479 -0.962644
vn -0.992803 0.000000 -0.119757
vn -0.000001 0.510981 0.859592
vn -0.000000 0.999118 0.041989
vn -0.721311 0.687496 0.084020
vn -0.264716 0.298673 0.916908
vn -0.883858 -0.457740 -0.096281
vn -0.258231 -0.129732 -0.957333
vn 0.000000 -0.516939 -0.856022
vn -0.000000 -0.999118 -0.041988
vn -0.359276 0.000001 0.933231
vn -0.992772 -0.000000 0.120014
vn -0.992803 -0.000000 0.119762
vn -0.270742 -0.003479 0.962646
vn -0.665934 0.746010 -0.000006
vn -0.000000 1.000000 0.000006
vn -0.999861 -0.016680 -0.000041
vn -0.769710 -0.638394 -0.000024
vn 0.000000 -1.000000 0.000003
vn 1.000000 0.000000 0.000066
vn 1.000000 0.000000 0.000064
vn 0.000000 0.000000 1.000000
vn 0.000000 0.000000 1.000000
vn -0.033916 0.000000 0.999425
vn -0.033988 0.000000 0.999422
vn -0.722731 0.671845 0.162121
vn 0.000000 0.995444 0.095351
vn -0.980694 -0.000000 0.195551
vn -0.980759 -0.000000 0.195221
vn 0.980695 0.000000 0.195545
vn 0.980761 0.000000 0.195215
vn -0.000000 -0.995444 0.095352
vn -0.878916 -0.443879 0.174582
vn -0.722729 0.671848 -0.162121
vn 0.000000 0.995444 -0.095351
vn -0.980694 -0.000000 -0.195551
vn -0.980760 0.000000 -0.195220
vn -0.878915 -0.443880 -0.174581
vn -0.000000 -0.995444 -0.095352
vn 0.980695 -0.000000 -0.195545
vn 0.980761 0.000000 -0.195213
vn -0.437146 0.000000 0.899391
vn -0.437858 0.000000 0.899044
vn -0.056010 0.075374 -0.995581
vn -0.373576 0.388199 -0.842462
vn 0.000000 0.710768 -0.703426
vn 0.000000 0.148677 -0.988886
vn 0.451688 -0.000009 -0.892176
vn 0.438591 0.000000 -0.898687
vn 0.033989 0.000000 0.999422
vn 0.437868 0.000000 0.899040
vn 0.437153 0.000000 0.899387
vn 0.033916 0.000000 0.999425
vn 0.000000 -0.021150 0.999776
vn -0.038769 -0.027839 0.998860
vn -0.434856 -0.244500 0.866672
vn 0.000000 -0.710774 0.703421
vn -0.451687 -0.000009 -0.892176
vn -0.438589 0.000000 -0.898688
vn -0.434861 -0.244498 -0.866670
vn -0.000001 -0.710769 -0.703426
vn -0.038769 -0.027838 -0.998860
vn -0.000000 -0.021150 -0.999776
vn -0.372856 0.386405 0.843605
vn 0.000000 0.710774 0.703421
vn -0.036714 0.048721 0.998137
vn 0.000000 0.037533 0.999295
vn 0.248120 -0.000002 -0.968729
vn -0.047461 -0.083527 -0.995375
vn 0.009664 0.002851 -0.999949
vn 0.056010 0.075375 -0.995581
vn 0.373578 0.388200 -0.842461
vn 0.047461 -0.083526 -0.995375
vn 0.722727 0.671851 -0.162117
vn 0.721309 0.687500 0.084007
vn 0.197539 0.179264 0.963765
vn 0.568876 0.822423 0.000045
vn 0.197520 0.179261 -0.963769
vn 0.721309 0.687499 -0.084014
vn 0.722730 0.671848 0.162117
vn 0.372862 0.386403 0.843604
vn 0.036714 0.048723 0.998137
vn 0.000000 -0.710772 -0.703423
vn 0.000000 -0.021150 -0.999776
vn 0.038769 -0.027839 -0.998860
vn 0.434863 -0.244498 -0.866669
vn 0.000000 -0.995444 -0.095351
vn 0.878916 -0.443881 -0.174576
vn 0.883856 -0.457747 0.096263
vn 0.000000 -0.999118 0.041998
vn 0.214063 -0.105432 0.971113
vn 0.000000 -0.516947 0.856017
vn -0.000000 -1.000000 0.000015
vn 0.787100 -0.616825 0.000045
vn 0.000001 -0.516891 -0.856051
vn 0.214034 -0.105430 -0.971120
vn 0.000000 -0.999118 -0.042000
vn 0.883855 -0.457747 -0.096272
vn 0.878915 -0.443881 0.174578
vn 0.000000 -0.995444 0.095352
vn 0.000000 -0.710774 0.703420
vn 0.434866 -0.244498 0.866667
vn 0.038771 -0.027840 0.998860
vn 0.000000 -0.021151 0.999776
vn 0.000000 0.000000 1.000000
vn 0.000000 0.000000 1.000000
vn 0.000000 0.037534 0.999295
vn 0.000000 0.710774 0.703420
vn 0.000000 0.995444 0.095352
vn -0.000000 0.999118 -0.042002
vn -0.000000 0.516879 -0.856059
vn 0.000001 1.000000 0.000009
vn 0.000000 0.516932 0.856027
vn -0.000000 0.999118 0.041999
vn 0.000000 0.995444 -0.095351
vn 0.000000 0.710772 -0.703423
vn 0.000000 0.148680 -0.988885
vn 0.000000 -0.710770 -0.703425
vn 0.000000 -0.021150 -0.999776
vn 0.000000 -0.995444 -0.095351
vn 0.000000 -0.999118 0.041996
vn -0.000001 -0.516940 0.856022
vn 0.000000 -1.000000 0.000012
vn 0.000000 -0.516900 -0.856046
vn 0.000000 -0.999118 -0.041999
vn 0.000000 -0.995444 0.095352
vn 0.000000 -0.710773 0.703421
vn 0.000000 -0.021151 0.999776
vn 0.000000 0.000000 1.000000
vn 0.000000 0.000000 1.000000
vn 0.000000 0.037534 0.999295
vn 0.000000 0.710773 0.703421
vn 0.000000 0.995444 0.095352
vn -0.000000 0.999118 -0.042000
vn 0.000001 0.516885 -0.856055
vn 0.000000 1.000000 0.000014
vn 0.000000 0.516926 0.856030
vn 0.000000 0.999118 0.041998
vn 0.000000 0.995444 -0.095351
vn 0.000000 0.710770 -0.703424
vn 0.000000 0.382674 -0.923884
vn 0.000000 -0.710768 -0.703426
vn 0.000000 -0.021150 -0.999776
vn 0.000000 -0.995444 -0.095351
vn 0.000000 -0.999118 0.041996
vn 0.000000 -0.516935 0.856025
vn 0.000001 -1.000000 0.000010
vn 0.000000 -0.516903 -0.856044
vn 0.000000 -0.999118 -0.041998
vn 0.000000 -0.995444 0.095352
vn 0.000000 -0.710773 0.703421
vn 0.000000 -0.021151 0.999776
vn 0.000000 0.000000 1.000000
vn 0.000000 0.000000 1.000000
vn 0.000000 0.037534 0.999295
vn 0.000000 0.710774 0.703421
vn 0.000000 0.995444 0.095352
vn 0.000000 0.999118 -0.041999
vn -0.000000 0.516891 -0.856051
vn -0.000003 1.000000 0.000006
vn -0.000000 0.516921 0.856033
vn 0.000000 0.999118 0.041997
vn 0.000000 0.995444 -0.095351
vn 0.000000 0.710769 -0.703426
vn 0.000000 0.382672 -0.923884
vn 0.000000 -0.710768 -0.703427
vn 0.000000 -0.021150 -0.999776
vn 0.000000 -0.995444 -0.095351
vn 0.000000 -0.999118 0.041995
vn 0.000000 -0.516931 0.856027
vn -0.000000 -1.000000 0.000006
vn -0.000000 -0.516909 -0.856040
vn -0.000000 -0.999118 -0.041997
vn 0.000000 -0.995444 0.095352
vn 0.000000 -0.710773 0.703421
vn 0.000000 -0.021151 0.999776
vn 0.000000 0.000000 1.000000
vn 0.000000 0.000000 1.000000
vn 0.000000 0.037534 0.999295
vn 0.000000 0.710774 0.703420
vn 0.000000 0.995444 0.095352
vn -0.000000 0.999118 -0.041998
vn -0.000001 0.516895 -0.856049
vn -0.000001 1.000000 0.000010
vn -0.000001 0.516917 0.856036
vn 0.000000 0.999118 0.041996
vn 0.000000 0.995444 -0.095351
vn 0.000000 0.710768 -0.703426
vn 0.000000 0.382673 -0.923884
vn 0.000000 -0.710767 -0.703427
vn 0.000000 -0.021150 -0.999776
vn 0.000000 -0.995444 -0.095351
vn -0.000000 -0.999118 0.041994
vn -0.000000 -0.516927 0.856029
vn 0.000000 -1.000000 0.000005
vn -0.000000 -0.516918 -0.856035
vn -0.000000 -0.999118 -0.041995
vn 0.000000 -0.995444 0.095352
vn 0.000000 -0.710773 0.703421
vn 0.000000 -0.021151 0.999776
vn 0.000000 0.000000 1.000000
vn 0.000000 0.000000 1.000000
vn 0.000000 0.037534 0.999295
vn 0.000000 0.710774 0.703420
vn 0.000000 0.995444 0.095352
vn -0.000000 0.999118 -0.041997
vn -0.000000 0.516905 -0.856043
vn 0.000000 1.000000 0.000007
vn -0.000000 0.516914 0.856037
vn -0.000000 0.999118 0.041995
vn -0.000000 0.995444 -0.095351
vn -0.000000 0.710768 -0.703426
vn 0.000000 0.382673 -0.923884
vn 0.000001 -0.710768 -0.703427
vn 0.000000 -0.021150 -0.999776
vn 0.000000 -0.995444 -0.095351
vn -0.000000 -0.999118 0.041993
vn -0.000000 -0.516926 0.856030
vn 0.000001 -1.000000 0.000005
vn 0.000000 -0.516926 -0.856030
vn 0.000000 -0.999118 -0.041994
vn 0.000000 -0.995444 0.095353
vn 0.000000 -0.710773 0.703421
vn -0.000000 -0.021151 0.999776
vn -0.000000 0.000000 1.000000
vn -0.000000 0.000000 1.000000
vn 0.000000 0.037534 0.999295
vn 0.000000 0.710774 0.703421
vn 0.000000 0.995444 0.095352
vn 0.000000 0.999118 -0.041995
vn -0.000000 0.516913 -0.856038
vn 0.000000 1.000000 0.000005
vn 0.000001 0.516913 0.856038
vn 0.000000 0.999118 0.041994
vn -0.000000 0.995444 -0.095351
vn -0.000000 0.710768 -0.703427
vn 0.000000 0.382672 -0.923884
vn 0.000000 -0.710768 -0.703427
vn 0.000000 -0.021150 -0.999776
vn 0.000000 -0.995444 -0.095352
vn 0.000000 -0.999118 0.041992
vn -0.000000 -0.516928 0.856029
vn 0.000000 -1.000000 0.000003
vn -0.000000 -0.516933 -0.856026
vn 0.000000 -0.999118 -0.041993
vn 0.000000 -0.995444 0.095353
vn 0.000001 -0.710774 0.703421
vn -0.000000 -0.021151 0.999776
vn -0.000000 0.000000 1.000000
vn -0.000000 0.000000 1.000000
vn 0.000000 0.037534 0.999295
vn 0.000001 0.710773 0.703421
vn 0.000000 0.995444 0.095352
vn 0.000000 0.999118 -0.041994
vn -0.000000 0.516918 -0.856035
vn -0.000000 1.000000 0.000006
vn 0.000000 0.516914 0.856037
vn -0.000000 0.999118 0.041993
vn 0.000000 0.995444 -0.095351
vn 0.000000 0.710768 -0.703427
vn 0.000000 0.382672 -0.923884
vn 0.000000 -0.710768 -0.703427
vn 0.000000 -0.021150 -0.999776
vn 0.000000 -0.995444 -0.095352
vn 0.000000 -0.999118 0.041990
vn 0.000000 -0.516931 0.856027
vn -0.000001 -1.000000 0.000004
vn 0.000000 -0.516935 -0.856025
vn 0.000000 -0.999118 -0.041991
vn 0.000000 -0.995444 0.095353
vn 0.000000 -0.710773 0.703421
vn 0.000000 -0.021151 0.999776
vn 0.000000 0.000000 1.000000
vn 0.000000 0.000000 1.000000
vn 0.000000 0.037533 0.999295
vn 0.000000 0.710774 0.703421
vn 0.000000 0.995444 0.095352
vn 0.000000 0.999118 -0.041993
vn 0.000000 0.516921 -0.856033
vn 0.000000 1.000000 0.000006
vn -0.000000 0.516919 0.856035
vn 0.000000 0.999118 0.041991
vn 0.000000 0.995444 -0.095351
vn 0.000000 0.710768 -0.703426
vn 0.000000 0.382672 -0.923884
vn 0.000000 -0.710768 -0.703427
vn 0.000000 -0.021150 -0.999776
vn 0.000000 -0.995444 -0.095352
vn -0.000000 -0.999118 0.041989
vn 0.000001 -0.516935 0.856025
vn 0.000001 -1.000000 0.000002
vn -0.000000 -0.516935 -0.856025
vn 0.000000 -0.999118 -0.041990
vn 0.000000 -0.995444 0.095353
vn 0.000000 -0.710774 0.703420
vn 0.000000 -0.021150 0.999776
vn 0.000000 0.000000 1.000000
vn 0.000000 0.000000 1.000000
vn 0.000000 0.037533 0.999295
vn 0.000000 0.710774 0.703420
vn 0.000000 0.995444 0.095351
vn 0.000000 0.999118 -0.041991
vn 0.000000 0.516920 -0.856034
vn 0.000000 1.000000 0.000005
vn 0.000000 0.516921 0.856033
vn 0.000000 0.999118 0.041990
vn 0.000000 0.995444 -0.095351
vn 0.000000 0.710768 -0.703427
vn 0.000000 0.382672 -0.923884
vn 0.039443 0.000000 -0.999222
vn 0.000000 0.000000 -1.000000
vn 0.000000 0.000000 -1.000000
vn 0.000000 0.000000 -1.000000
vn 0.000000 0.000000 -1.000000
vn 0.000000 0.000000 -1.000000
vn 0.000000 0.000000 -1.000000
vn 0.000000 0.000000 -1.000000
vn 0.000000 0.000000 -1.000000
vn 0.000000 0.000000 -1.000000
vn -0.000000 0.000000 -1.000000
vn -0.039443 0.000000 -0.999222
vn -0.056181 0.084251 -0.994860
vn 0.065401 0.013094 -0.997773
vn 0.007446 0.090996 -0.995823
vn 0.008327 -0.086635 -0.996205
vn -0.000000 -0.827635 -0.561267
vn 0.000002 -0.053724 -0.998556
vn 0.396652 -0.005323 -0.917954
vn 0.292440 -0.582109 -0.758701
vn 0.000001 0.905187 -0.425014
vn 0.286355 0.642460 -0.710806
vn -0.000000 -0.827635 -0.561266
vn 0.000001 -0.053731 -0.998556
vn 0.396654 -0.005330 -0.917953
vn 0.292441 -0.582108 -0.758702
vn 0.000001 0.905187 -0.425014
vn 0.286356 0.642461 -0.710806
vn -0.000001 -0.827635 -0.561267
vn 0.000000 -0.053729 -0.998556
vn 0.396654 -0.005328 -0.917953
vn 0.292441 -0.582109 -0.758701
vn -0.000002 0.905186 -0.425015
vn 0.286355 0.642460 -0.710806
vn -0.000001 -0.827635 -0.561267
vn 0.000000 -0.053732 -0.998555
vn 0.396652 -0.005326 -0.917954
vn 0.292440 -0.582111 -0.758700
vn -0.000002 0.905186 -0.425015
vn 0.286354 0.642460 -0.710807
vn -0.000001 -0.827635 -0.561267
vn 0.000000 -0.053728 -0.998556
vn 0.396652 -0.005327 -0.917953
vn 0.292434 -0.582112 -0.758702
vn -0.000002 0.905187 -0.425015
vn 0.286355 0.642460 -0.710807
vn -0.000001 -0.827635 -0.561267
vn 0.000000 -0.053728 -0.998556
vn 0.396652 -0.005326 -0.917953
vn 0.292440 -0.582111 -0.758700
vn -0.000002 0.905186 -0.425015
vn 0.286355 0.642460 -0.710807
vn -0.000001 -0.827635 -0.561267
vn 0.000000 -0.053730 -0.998556
vn 0.396652 -0.005329 -0.917954
vn 0.292440 -0.582108 -0.758702
vn -0.000002 0.905187 -0.425015
vn 0.286354 0.642460 -0.710807
vn -0.000000 -0.827635 -0.561267
vn -0.000000 -0.053731 -0.998555
vn 0.396654 -0.005328 -0.917953
vn 0.292441 -0.582108 -0.758702
vn -0.000002 0.905187 -0.425014
vn 0.286355 0.642459 -0.710808
vn -0.000001 -0.827635 -0.561267
vn -0.000000 -0.053727 -0.998556
vn 0.396653 -0.005326 -0.917953
vn 0.292440 -0.582108 -0.758702
vn -0.000002 0.905187 -0.425015
vn 0.286355 0.642460 -0.710807
vn -0.009667 0.002850 -0.999949
vn -0.065403 0.013092 -0.997773
vn -0.008327 -0.086635 -0.996205
vn 0.056181 0.084251 -0.994860
vn -0.007446 0.090996 -0.995823
vn 0.000001 0.379611 -0.925146
vn 0.286360 0.642460 -0.710805
vn 0.000000 0.905187 -0.425014
vn 0.292434 -0.582112 -0.758701
vn -0.000000 -0.356474 -0.934305
vn -0.000001 -0.827635 -0.561267
vn -0.286358 0.642459 -0.710806
vn -0.000001 0.379611 -0.925146
vn 0.000003 -0.356474 -0.934305
vn -0.292436 -0.582113 -0.758700
vn -0.000001 0.379611 -0.925146
vn 0.000004 -0.356473 -0.934305
vn -0.000002 0.379611 -0.925146
vn 0.000004 -0.356474 -0.934305
vn -0.000002 0.379611 -0.925146
vn 0.000006 -0.356474 -0.934305
vn -0.000002 0.379611 -0.925146
vn 0.000000 -0.356473 -0.934305
vn -0.000002 0.379611 -0.925146
vn 0.000006 -0.356474 -0.934305
vn -0.000002 0.379611 -0.925146
vn 0.000004 -0.356474 -0.934305
vn -0.000002 0.379611 -0.925146
vn 0.000004 -0.356474 -0.934305
vn -0.000002 0.379611 -0.925146
vn 0.000004 -0.356473 -0.934305
vn 0.022740 -0.167367 -0.985632
vn -0.000001 -0.013815 -0.999905
vn -0.292435 -0.582114 -0.758700
vn 0.000001 0.008670 -0.999962
vn 0.020835 0.179041 -0.983621
vn -0.286357 0.642459 -0.710806
vn 0.022740 -0.167367 -0.985632
vn -0.000000 -0.052061 -0.998644
vn -0.292436 -0.582114 -0.758699
vn -0.022742 -0.167367 -0.985632
vn -0.020835 0.179041 -0.983621
vn -0.000000 0.008258 -0.999966
vn 0.020835 0.179041 -0.983621
vn -0.286358 0.642459 -0.710806
vn 0.022740 -0.167367 -0.985632
vn -0.000000 -0.052061 -0.998644
vn -0.292435 -0.582111 -0.758702
vn -0.022742 -0.167367 -0.985632
vn -0.020835 0.179041 -0.983621
vn -0.000000 0.008258 -0.999966
vn 0.020835 0.179041 -0.983621
vn -0.286358 0.642459 -0.710807
vn 0.022740 -0.167367 -0.985633
vn -0.000001 -0.052061 -0.998644
vn -0.292435 -0.582111 -0.758702
vn -0.022743 -0.167367 -0.985632
vn -0.020835 0.179042 -0.983621
vn -0.000000 0.008258 -0.999966
vn 0.020835 0.179041 -0.983621
vn -0.286358 0.642459 -0.710806
vn 0.022741 -0.167367 -0.985632
vn -0.000001 -0.052061 -0.998644
vn -0.292435 -0.582111 -0.758702
vn -0.022742 -0.167367 -0.985632
vn -0.020835 0.179042 -0.983621
vn -0.000000 0.008258 -0.999966
vn 0.020835 0.179041 -0.983621
vn -0.286358 0.642459 -0.710806
vn 0.022740 -0.167367 -0.985633
vn 0.000000 -0.052061 -0.998644
vn -0.292436 -0.582114 -0.758699
vn -0.022741 -0.167367 -0.985632
vn -0.020835 0.179041 -0.983621
vn -0.000000 0.008258 -0.999966
vn 0.020835 0.179041 -0.983621
vn -0.286358 0.642459 -0.710806
vn 0.022740 -0.167367 -0.985632
vn -0.000000 -0.052061 -0.998644
vn -0.292436 -0.582114 -0.758700
vn -0.022742 -0.167367 -0.985632
vn -0.020835 0.179042 -0.983621
vn -0.000000 0.008258 -0.999966
vn 0.020835 0.179041 -0.983621
vn -0.286357 0.642459 -0.710806
vn 0.022740 -0.167367 -0.985632
vn -0.000000 -0.052061 -0.998644
vn -0.292435 -0.582114 -0.758700
vn -0.022742 -0.167367 -0.985632
vn -0.020835 0.179041 -0.983621
vn -0.000000 0.008258 -0.999966
vn 0.020835 0.179042 -0.983621
vn -0.286357 0.642459 -0.710807
vn 0.022740 -0.167367 -0.985632
vn -0.000000 -0.052061 -0.998644
vn -0.292435 -0.582112 -0.758701
vn -0.022742 -0.167367 -0.985632
vn -0.020835 0.179041 -0.983621
vn -0.000000 0.008258 -0.999966
vn 0.020835 0.179041 -0.983621
vn -0.286358 0.642459 -0.710806
vn 0.000001 -0.013815 -0.999905
vn -0.022743 -0.167367 -0.985632
vn -0.020835 0.179041 -0.983621
vn -0.000001 0.008670 -0.999962
vn -0.248128 -0.000000 -0.968727
vn 0.396651 -0.005326 -0.917954
vn -0.396656 -0.005327 -0.917952
vn -0.396655 -0.005325 -0.917952
vn -0.396656 -0.005325 -0.917952
vn -0.396656 -0.005327 -0.917952
vn -0.396656 -0.005327 -0.917952
vn -0.396655 -0.005327 -0.917952
vn -0.396656 -0.005326 -0.917952
vn -0.396656 -0.005326 -0.917952
vn -0.396655 -0.005329 -0.917952
vn -0.000005 -0.053731 -0.998555
vn -0.396656 -0.005331 -0.917952
vn -0.095145 0.013467 -0.995372
vn 0.095148 0.013464 -0.995372
vn -0.095145 0.013467 -0.995372
vn 0.095148 0.013469 -0.995372
vn -0.095145 0.013466 -0.995372
vn 0.095148 0.013467 -0.995372
vn -0.095146 0.013466 -0.995372
vn 0.095147 0.013467 -0.995372
vn -0.095145 0.013466 -0.995372
vn 0.095148 0.013466 -0.995372
vn -0.095146 0.013467 -0.995372
vn 0.095148 0.013466 -0.995372
vn -0.095146 0.013466 -0.995372
vn 0.095148 0.013465 -0.995372
vn -0.095145 0.013463 -0.995372
vn 0.095148 0.013463 -0.995372
vn -0.095145 0.013468 -0.995372
vn 0.095148 0.013467 -0.995372
vn -1.000000 0.000005 -0.000025
vn 0.000000 0.000000 -1.000000
vn 0.000000 0.000000 -1.000000
vn 0.000000 0.000000 -1.000000
vn 0.000000 0.000000 -1.000000
vn 0.000000 0.000000 -1.000000
vn 0.000000 0.000000 -1.000000
vn 0.000000 0.000000 -1.000000
vn 0.000000 0.000000 -1.000000
vn 0.000000 0.000000 -1.000000
vn 0.000000 0.000000 -1.000000
vn 0.000000 0.000000 -1.000000
vn 0.000000 0.000000 -1.000000
vn 0.000000 0.000000 -1.000000
vn 0.000000 0.000000 -1.000000
vn 0.000000 0.000000 -1.000000
vn 0.000000 0.000000 -1.000000
vn 0.000000 0.000000 -1.000000
vn 0.000000 0.000000 -1.000000
vn 0.000000 0.000000 -1.000000
vn 0.000000 0.000000 -1.000000
vn 0.000000 0.000000 -1.000000
vn 0.000000 0.000000 -1.000000
vn 0.000000 0.000000 -1.000000
vn 0.000000 0.000000 -1.000000
vn 0.000000 0.000000 -1.000000
vn 0.000000 0.000000 -1.000000
vn 0.000000 0.000000 -1.000000
vn 0.000000 0.000000 -1.000000
vn 0.000000 0.000000 -1.000000
vn 0.000000 0.000000 -1.000000
vn 0.000000 0.000000 -1.000000
vn 0.000000 0.000000 -1.000000
vn 0.000000 0.000000 -1.000000
vn 0.000000 0.000000 -1.000000
vn 0.000000 0.000000 -1.000000
vn 0.000000 0.000000 -1.000000
vn 0.010378 -0.999863 0.012876
vn 0.006506 -0.929774 0.368073
vn -0.006506 -0.929774 0.368073
vn -0.010378 -0.999863 0.012876
vn 0.006804 -0.396149 0.918161
vn 0.010202 -0.081567 0.996616
vn -0.010202 -0.081567 0.996616
vn -0.006804 -0.396149 0.918161
vn 0.996880 -0.077992 0.012119
vn 0.924239 -0.381728 0.008112
vn 0.924239 -0.381728 -0.008112
vn 0.996880 -0.077992 -0.012119
vn 0.381727 -0.924240 0.008112
vn 0.010378 -0.999863 -0.012876
vn 0.381727 -0.924240 -0.008112
vn 0.390456 -0.053396 0.919072
vn 0.390456 0.053396 0.919072
vn 0.010202 0.081567 0.996616
vn 0.930477 -0.051145 0.362764
vn 0.996880 0.077992 0.012119
vn 0.930477 0.051144 0.362764
vn 0.006804 0.396148 0.918161
vn -0.006804 0.396148 0.918161
vn -0.010202 0.081567 0.996616
vn 0.006506 0.929774 0.368072
vn 0.010378 0.999863 0.012876
vn -0.010378 0.999863 0.012876
vn -0.006506 0.929774 0.368072
vn 0.381726 0.924240 0.008112
vn 0.381726 0.924240 -0.008112
vn 0.010378 0.999863 -0.012876
vn 0.924239 0.381727 0.008112
vn 0.996880 0.077992 -0.012119
vn 0.924239 0.381728 -0.008112
vn 0.006506 0.929771 -0.368080
vn -0.006506 0.929771 -0.368080
vn -0.010378 0.999863 -0.012876
vn 0.006804 0.396168 -0.918153
vn 0.010202 0.081571 -0.996615
vn -0.010202 0.081571 -0.996615
vn -0.006804 0.396168 -0.918153
vn 0.390472 0.053398 -0.919065
vn 0.390473 -0.053398 -0.919065
vn 0.010202 -0.081571 -0.996615
vn 0.930473 0.051145 -0.362772
vn 0.930474 -0.051144 -0.362772
vn 0.006804 -0.396168 -0.918153
vn -0.006804 -0.396168 -0.918153
vn -0.010202 -0.081571 -0.996615
vn 0.006506 -0.929771 -0.368081
vn -0.010378 -0.999863 -0.012876
vn -0.006506 -0.929771 -0.368080
vn -0.381727 0.924240 -0.008112
vn -0.381727 0.924240 0.008112
vn -0.924239 0.381728 -0.008112
vn -0.996880 0.077993 -0.012119
vn -0.996880 0.077993 0.012119
vn -0.924239 0.381728 0.008112
vn -0.930473 0.051144 -0.362772
vn -0.930474 -0.051144 -0.362772
vn -0.996880 -0.077993 -0.012119
vn -0.390472 0.053398 -0.919065
vn -0.390473 -0.053398 -0.919065
vn -0.924239 -0.381728 -0.008112
vn -0.924239 -0.381728 0.008112
vn -0.996880 -0.077993 0.012119
vn -0.381727 -0.924239 -0.008112
vn -0.381727 -0.924239 0.008112
vn -0.930477 -0.051144 0.362764
vn -0.930477 0.051144 0.362764
vn -0.390456 -0.053396 0.919072
vn -0.390456 0.053396 0.919072
vn 0.336385 -0.336391 0.879595
vn 0.326697 -0.891823 0.312924
vn 0.891821 -0.326700 0.312925
vn 0.326697 0.891823 0.312924
vn 0.336387 0.336391 0.879594
vn 0.891822 0.326699 0.312924
vn 0.336410 0.336400 -0.879582
vn 0.326693 0.891822 -0.312932
vn 0.891816 0.326703 -0.312936
vn 0.326697 -0.891820 -0.312931
vn 0.336418 -0.336398 -0.879579
vn 0.891819 -0.326700 -0.312932
vn -0.891817 0.326701 -0.312935
vn -0.326693 0.891821 -0.312932
vn -0.336412 0.336399 -0.879581
vn -0.326697 -0.891820 -0.312931
vn -0.891820 -0.326697 -0.312933
vn -0.336418 -0.336399 -0.879579
vn -0.336387 -0.336391 0.879594
vn -0.891822 -0.326698 0.312924
vn -0.326697 -0.891823 0.312924
vn -0.326696 0.891823 0.312924
vn -0.891822 0.326699 0.312925
vn -0.336385 0.336391 0.879595
vn 0.000000 0.000000 -1.000000
vn 0.000000 0.000000 -1.000000
vn 0.000000 0.000000 -1.000000
vn 0.000000 0.000000 -1.000000
vn 0.000000 1.000000 0.000000
vn 0.000000 1.000000 0.000000
vn 0.000000 1.000000 0.000000
vn 0.000000 1.000000 0.000000
vn 0.000000 0.000000 1.000000
vn 0.000000 0.000000 1.000000
vn 0.000002 0.000000 1.000000
vn 0.000002 0.000000 1.000000
vn -0.083798 -0.996483 0.000000
vn -0.062932 -0.997797 -0.020977
vn -0.041973 -0.998237 -0.041973
vn -0.083798 -0.996483 0.000000
vn 1.000000 0.000000 0.000000
vn 1.000000 0.000000 0.000000
vn 1.000000 0.000000 0.000000
vn 1.000000 0.000000 0.000000
vn -1.000000 0.000000 0.000000
vn -1.000000 0.000000 0.000000
vn -1.000000 0.000000 0.000000
vn -1.000000 0.000000 0.000000
vn 0.000000 -1.000000 0.000000
vn 0.000000 -1.000000 0.000000
vn 0.000000 -1.000000 0.000000
vn 0.000000 -1.000000 0.000000
vn 0.000000 0.000000 -1.000000
vn 0.000000 0.000000 -1.000000
vn 0.000000 1.000000 0.000000
vn 0.000000 1.000000 0.000000
vn 0.000004 0.000000 1.000000
vn 0.000004 0.000000 1.000000
vn -0.020977 -0.997797 -0.062932
vn 0.000000 -0.996483 -0.083798
vn 0.000000 -0.996483 -0.083798
vn -0.041973 -0.998237 -0.041973
vn -1.000000 0.000000 0.000000
vn -1.000000 0.000000 0.000000
vn 0.000000 1.000000 0.000000
vn 0.000000 1.000000 0.000000
vn 0.000000 1.000000 0.000000
vn 1.000000 0.000000 0.000000
vn 1.000000 0.000000 0.000000
vn -0.000002 0.000000 1.000000
vn -0.000002 0.000000 1.000000
vn -0.000001 0.000000 1.000000
vn -0.000002 0.000000 1.000000
vn 1.000000 0.000000 0.000000
vn 1.000000 0.000006 0.000000
vn 1.000000 0.000002 0.000000
vn 1.000000 0.000000 0.000000
vn 0.000000 -0.949957 -0.312380
vn 0.000000 -0.934582 -0.355749
vn 0.000000 -0.943656 -0.330928
vn 0.000000 -0.949957 -0.312380
vn -0.312381 -0.949957 0.000000
vn -0.330928 -0.943656 0.000000
vn -0.355749 -0.934581 0.000000
vn -0.312381 -0.949957 0.000000
vn -0.710300 -0.703899 0.000000
vn -0.974307 -0.225225 0.000000
vn -0.974307 -0.225225 0.000000
vn -0.780296 -0.625411 0.000000
vn 0.000000 -0.625411 -0.780296
vn 0.000000 -0.225223 -0.974307
vn 0.000000 -0.225223 -0.974307
vn 0.000000 -0.703900 -0.710299
vn 1.000000 0.000006 0.000000
vn 1.000000 0.000000 0.000000
vn 1.000000 0.000000 0.000000
vn 1.000000 0.000008 0.000000
vn 0.000000 0.000000 1.000000
vn 0.000000 0.000000 1.000000
vn 0.000000 0.000000 1.000000
vn 0.000000 0.000000 1.000000
vn -0.001483 -0.999992 0.003830
vn -0.382419 -0.923986 0.002374
vn -0.382419 -0.923986 -0.002374
vn -0.001483 -0.999992 -0.003830
vn -0.923984 -0.382425 0.002374
vn -0.999871 -0.015605 0.003784
vn -0.999871 -0.015605 -0.003784
vn -0.923984 -0.382425 -0.002374
vn -0.001468 -0.015634 0.999877
vn -0.000920 -0.382568 0.923927
vn 0.000920 -0.382568 0.923927
vn 0.001468 -0.015634 0.999877
vn -0.000920 -0.923922 0.382579
vn 0.001483 -0.999992 0.003830
vn 0.000920 -0.923922 0.382579
vn -0.924283 -0.009761 0.381583
vn -0.924283 0.009761 0.381583
vn -0.999871 0.015605 0.003784
vn -0.381578 -0.009761 0.924285
vn -0.001468 0.015634 0.999877
vn -0.381577 0.009761 0.924285
vn 0.999871 -0.015604 0.003784
vn 0.923989 -0.382412 0.002374
vn 0.923989 -0.382412 -0.002374
vn 0.999871 -0.015604 -0.003784
vn 0.382414 -0.923988 0.002374
vn 0.001483 -0.999992 -0.003830
vn 0.382414 -0.923988 -0.002374
vn 0.381578 -0.009761 0.924285
vn 0.381578 0.009761 0.924285
vn 0.001468 0.015634 0.999877
vn 0.924283 -0.009761 0.381583
vn 0.999871 0.015604 0.003784
vn 0.924283 0.009761 0.381583
vn -0.923984 0.382425 0.002374
vn -0.923984 0.382425 -0.002374
vn -0.999871 0.015605 -0.003784
vn -0.382421 0.923985 0.002374
vn -0.001483 0.999992 0.003830
vn -0.001483 0.999992 -0.003830
vn -0.382421 0.923985 -0.002374
vn -0.000920 0.923923 0.382578
vn 0.000920 0.923923 0.382578
vn 0.001483 0.999992 0.003830
vn -0.000919 0.382567 0.923927
vn 0.000919 0.382567 0.923927
vn 0.382416 0.923987 0.002374
vn 0.382416 0.923987 -0.002374
vn 0.001483 0.999992 -0.003830
vn 0.923989 0.382412 0.002374
vn 0.999871 0.015604 -0.003784
vn 0.923989 0.382412 -0.002374
vn -0.924283 0.009761 -0.381583
vn -0.924283 -0.009761 -0.381584
vn -0.381554 0.009761 -0.924295
vn -0.001468 0.015634 -0.999877
vn -0.001468 -0.015634 -0.999877
vn -0.381555 -0.009761 -0.924295
vn -0.000920 0.382567 -0.923927
vn 0.000920 0.382567 -0.923927
vn 0.001468 0.015634 -0.999877
vn -0.000920 0.923923 -0.382578
vn 0.000920 0.923923 -0.382578
vn 0.381555 0.009761 -0.924295
vn 0.381555 -0.009761 -0.924295
vn 0.001468 -0.015634 -0.999877
vn 0.924283 0.009761 -0.381583
vn 0.924283 -0.009761 -0.381583
vn -0.000920 -0.923922 -0.382579
vn 0.000920 -0.923922 -0.382579
vn -0.000920 -0.382568 -0.923927
vn 0.000920 -0.382568 -0.923927
vn -0.887923 -0.325255 0.325273
vn -0.325264 -0.887922 0.325267
vn -0.325248 -0.325262 0.887929
vn 0.325265 -0.887920 0.325269
vn 0.887924 -0.325253 0.325271
vn 0.325241 -0.325263 0.887931
vn -0.325264 0.887921 0.325268
vn -0.887929 0.325247 0.325264
vn -0.325215 0.325266 0.887940
vn 0.887927 0.325252 0.325263
vn 0.325264 0.887921 0.325268
vn 0.325228 0.325264 0.887936
vn -0.325306 0.325255 -0.887911
vn -0.887923 0.325255 -0.325272
vn -0.325270 0.887919 -0.325268
vn 0.887924 0.325253 -0.325270
vn 0.325319 0.325254 -0.887906
vn 0.325272 0.887918 -0.325269
vn -0.325270 -0.887920 -0.325267
vn -0.887918 -0.325261 -0.325279
vn -0.325319 -0.325254 -0.887906
vn 0.887921 -0.325260 -0.325273
vn 0.325270 -0.887919 -0.325267
vn 0.325332 -0.325252 -0.887902
vn 0.000000 0.000000 -1.000000
vn 0.000000 0.000000 -1.000000
vn 0.000000 0.000000 -1.000000
vn 0.000000 0.000000 -1.000000
vn 0.000000 1.000000 0.000000
vn 0.000000 1.000000 0.000000
vn 0.000000 1.000000 0.000000
vn 0.000000 1.000000 0.000000
vn 0.000000 0.000000 1.000000
vn -0.000001 0.000000 1.000000
vn -0.000002 0.000000 1.000000
vn 0.000000 0.000000 1.000000
vn 0.083798 -0.996483 0.000000
vn 0.083798 -0.996483 0.000000
vn 0.041973 -0.998237 -0.041973
vn 0.062932 -0.997797 -0.020977
vn -1.000000 0.000000 0.000000
vn -1.000000 0.000000 0.000000
vn -1.000000 0.000000 0.000000
vn -1.000000 0.000000 0.000000
vn 1.000000 0.000000 0.000000
vn 1.000000 0.000000 0.000000
vn 1.000000 0.000000 0.000000
vn 1.000000 0.000000 0.000000
vn 0.000000 -1.000000 0.000000
vn 0.000000 -1.000000 0.000000
vn 0.000000 -1.000000 0.000000
vn 0.000000 -1.000000 0.000000
vn 0.000000 0.000000 -1.000000
vn 0.000000 0.000000 -1.000000
vn 0.000000 1.000000 0.000000
vn 0.000000 1.000000 0.000000
vn -0.000003 0.000000 1.000000
vn -0.000003 0.000000 1.000000
vn 0.000000 -0.996483 -0.083798
vn 0.000000 -0.996483 -0.083798
vn 0.020977 -0.997797 -0.062932
vn 0.041973 -0.998237 -0.041973
vn 1.000000 0.000000 0.000000
vn 1.000000 0.000000 0.000000
vn 0.000000 1.000000 0.000000
vn 0.000000 1.000000 0.000000
vn 0.000000 1.000000 0.000000
vn -1.000000 0.000000 0.000000
vn -1.000000 0.000000 0.000000
vn 0.000000 0.000000 1.000000
vn 0.000000 0.000000 1.000000
vn 0.000000 0.000000 1.000000
vn 0.000000 0.000000 1.000000
vn -1.000000 0.000000 0.000000
vn -1.000000 0.000000 0.000000
vn -1.000000 0.000001 0.000000
vn -1.000000 0.000003 0.000000
vn 0.000000 -0.949957 -0.312380
vn 0.000000 -0.949957 -0.312380
vn 0.000000 -0.943656 -0.330928
vn 0.000000 -0.934582 -0.355749
vn 0.312381 -0.949957 0.000000
vn 0.312381 -0.949957 0.000000
vn 0.355750 -0.934581 0.000000
vn 0.330928 -0.943656 0.000000
vn 0.710300 -0.703899 0.000000
vn 0.780295 -0.625411 0.000000
vn 0.974306 -0.225227 0.000000
vn 0.974306 -0.225227 0.000000
vn 0.000000 -0.625411 -0.780296
vn 0.000000 -0.703900 -0.710299
vn 0.000000 -0.225223 -0.974307
vn 0.000000 -0.225223 -0.974307
vn -1.000000 0.000003 0.000000
vn -1.000000 0.000004 0.000000
vn -1.000000 0.000000 0.000000
vn -1.000000 0.000000 0.000000
vn 0.000000 0.000000 1.000000
vn 0.000000 0.000000 1.000000
vn 0.000000 0.000000 1.000000
vn 0.000000 0.000000 1.000000
vn 0.486765 -0.873533 -0.000000
vn 0.486765 -0.873533 -0.000000
vn 0.486765 -0.873533 -0.000000
vn 0.486765 -0.873533 -0.000000
vn 0.609075 0.000000 -0.793113
vn 0.609075 0.000000 -0.793113
vn 0.609075 0.000000 -0.793113
vn 0.609075 0.000000 -0.793113
vn -0.486809 0.873508 -0.000000
vn -0.486809 0.873508 -0.000000
vn -0.486809 0.873508 -0.000000
vn -0.486809 0.873508 -0.000000
vn -0.609111 0.000000 -0.793085
vn -0.609111 0.000000 -0.793085
vn -0.609111 0.000000 -0.793085
vn -0.609111 0.000000 -0.793085
vn -0.609157 0.000000 0.793049
vn -0.609157 0.000000 0.793049
vn -0.609157 0.000000 0.793049
vn -0.609157 0.000000 0.793049
vn 0.486784 0.873523 -0.000000
vn 0.486784 0.873523 -0.000000
vn 0.486784 0.873523 -0.000000
vn 0.486784 0.873523 -0.000000
vn -0.486796 -0.873515 -0.000000
vn -0.486796 -0.873515 -0.000000
vn -0.486796 -0.873516 -0.000000
vn -0.486796 -0.873515 -0.000000
vn 0.609185 -0.000000 0.793028
vn 0.609185 -0.000000 0.793028
vn 0.609185 -0.000000 0.793028
vn 0.609185 -0.000000 0.793028
vn -0.974083 0.190728 0.121596
vn -0.977084 0.146202 0.154698
vn -0.977075 0.146290 -0.154673
vn -0.974076 0.190755 -0.121607
vn 0.977065 0.146310 -0.154715
vn 0.977081 0.146226 0.154694
vn 0.974077 0.190759 0.121591
vn 0.974067 0.190781 -0.121640
vn -0.966184 0.000000 0.257853
vn -0.974082 -0.190733 0.121597
vn -0.977084 -0.146200 0.154704
vn 0.966186 -0.000000 0.257847
vn 0.977081 -0.146224 0.154698
vn 0.974077 -0.190762 0.121593
vn -0.974075 -0.190759 -0.121608
vn -0.977075 -0.146288 -0.154678
vn 0.977065 -0.146307 -0.154720
vn 0.974066 -0.190784 -0.121642
vn 0.999830 -0.015000 -0.010748
vn 0.999830 0.015000 -0.010748
vn 0.999830 0.015000 0.010748
vn 0.999830 -0.015000 0.010748
vn -0.999830 -0.015000 0.010748
vn -0.999830 0.015000 0.010748
vn -0.999830 0.015000 -0.010748
vn -0.999830 -0.015000 -0.010748
vn 0.000000 1.000000 0.000000
vn 0.000000 1.000000 0.000000
vn 0.077447 0.996997 0.000000
vn 0.077448 0.996997 0.000000
vn 0.077279 0.000000 0.997010
vn 0.000000 0.000000 1.000000
vn 0.000000 0.000000 1.000000
vn 0.077279 0.000000 0.997010
vn 0.000000 0.000000 -1.000000
vn 0.077268 0.000000 -0.997010
vn 0.077268 0.000000 -0.997010
vn 0.000000 0.000000 -1.000000
vn 0.077447 -0.996996 -0.000000
vn 0.077447 -0.996997 -0.000000
vn 0.000000 -1.000000 -0.000000
vn 0.000000 -1.000000 -0.000000
vn -0.077447 0.996997 0.000000
vn 0.000000 1.000000 0.000000
vn 0.000000 1.000000 0.000000
vn -0.077447 0.996997 0.000000
vn 0.000000 0.000000 1.000000
vn -0.077278 0.000000 0.997010
vn -0.077278 0.000000 0.997010
vn 0.000000 0.000000 1.000000
vn 0.000000 -1.000000 0.000000
vn 0.000000 -1.000000 0.000000
vn -0.077447 -0.996997 0.000000
vn -0.077447 -0.996996 0.000000
vn -0.077268 0.000000 -0.997010
vn 0.000000 0.000000 -1.000000
vn 0.000000 0.000000 -1.000000
vn -0.077268 0.000000 -0.997010
vn 0.923879 0.000000 0.382686
vn 0.923879 0.000000 0.382686
vn 0.382700 0.000000 0.923873
vn 0.382700 0.000000 0.923873
vn -0.923881 0.382681 0.000000
vn -0.923881 0.382681 0.000000
vn -0.382683 0.923880 0.000000
vn -0.382683 0.923880 0.000000
vn -0.923881 0.000000 -0.382680
vn -0.923881 0.000000 -0.382680
vn -0.382653 0.000000 -0.923892
vn -0.382653 0.000000 -0.923892
vn 0.923881 0.000000 -0.382680
vn 0.923881 0.000000 -0.382680
vn 0.382653 0.000000 -0.923892
vn 0.382653 0.000000 -0.923892
vn 0.923880 -0.382682 0.000000
vn 0.923880 -0.382682 0.000000
vn 0.382683 -0.923880 0.000000
vn 0.382683 -0.923880 0.000000
vn -0.382697 0.000000 0.923874
vn -0.382697 0.000000 0.923874
vn -0.923879 0.000000 0.382685
vn -0.923879 0.000000 0.382685
vn -0.382683 -0.923880 0.000000
vn -0.382683 -0.923880 0.000000
vn -0.923881 -0.382681 0.000000
vn -0.923881 -0.382681 0.000000
vn 0.382683 0.923880 0.000000
vn 0.382683 0.923880 0.000000
vn 0.923880 0.382682 0.000000
vn 0.923880 0.382682 0.000000
vn 0.486765 -0.873533 -0.000000
vn 0.486765 -0.873533 -0.000000
vn 0.486765 -0.873533 -0.000000
vn 0.486765 -0.873533 -0.000000
vn 0.609075 0.000000 -0.793113
vn 0.609075 0.000000 -0.793113
vn 0.609075 0.000000 -0.793113
vn 0.609075 0.000000 -0.793113
vn -0.486802 0.873512 -0.000000
vn -0.486802 0.873512 -0.000000
vn -0.486802 0.873512 -0.000000
vn -0.486802 0.873512 -0.000000
vn -0.609111 0.000000 -0.793085
vn -0.609111 0.000000 -0.793085
vn -0.609111 0.000000 -0.793085
vn -0.609111 0.000000 -0.793085
vn -0.609157 0.000000 0.793049
vn -0.609157 0.000000 0.793049
vn -0.609157 0.000000 0.793049
vn -0.609157 0.000000 0.793049
vn 0.486784 0.873523 -0.000000
vn 0.486784 0.873523 -0.000000
vn 0.486784 0.873523 -0.000000
vn 0.486784 0.873523 -0.000000
vn -0.486789 -0.873520 -0.000000
vn -0.486789 -0.873520 -0.000000
vn -0.486789 -0.873520 -0.000000
vn -0.486789 -0.873520 -0.000000
vn 0.609185 -0.000000 0.793028
vn 0.609185 -0.000000 0.793028
vn 0.609185 -0.000000 0.793028
vn 0.609185 -0.000000 0.793028
vn -0.974083 0.190728 0.121596
vn -0.977084 0.146202 0.154698
vn -0.977075 0.146290 -0.154673
vn -0.974076 0.190755 -0.121607
vn 0.977066 0.146308 -0.154715
vn 0.977081 0.146224 0.154694
vn 0.974078 0.190757 0.121592
vn 0.974067 0.190779 -0.121640
vn -0.966184 0.000000 0.257853
vn -0.974082 -0.190733 0.121597
vn -0.977084 -0.146200 0.154703
vn 0.966186 -0.000000 0.257847
vn 0.977081 -0.146224 0.154698
vn 0.974077 -0.190762 0.121593
vn -0.974075 -0.190760 -0.121608
vn -0.977074 -0.146288 -0.154678
vn 0.977065 -0.146307 -0.154720
vn 0.974066 -0.190784 -0.121641
vn 0.999830 -0.015000 -0.010748
vn 0.999830 0.015000 -0.010748
vn 0.999830 0.015000 0.010748
vn 0.999830 -0.015000 0.010748
vn -0.999830 -0.015000 0.010748
vn -0.999830 0.015000 0.010748
vn -0.999830 0.015000 -0.010748
vn -0.999830 -0.015000 -0.010748
vn 0.000000 1.000000 0.000000
vn 0.000000 1.000000 0.000000
vn 0.077447 0.996997 0.000000
vn 0.077448 0.996997 0.000000
vn 0.077279 0.000000 0.997010
vn 0.000000 0.000000 1.000000
vn 0.000000 0.000000 1.000000
vn 0.077279 0.000000 0.997010
vn 0.000000 0.000000 -1.000000
vn 0.077268 0.000000 -0.997010
vn 0.077268 0.000000 -0.997010
vn 0.000000 0.000000 -1.000000
vn 0.077447 -0.996997 -0.000000
vn 0.077447 -0.996997 -0.000000
vn 0.000000 -1.000000 -0.000000
vn 0.000000 -1.000000 -0.000000
vn -0.077447 0.996997 0.000000
vn 0.000000 1.000000 0.000000
vn 0.000000 1.000000 0.000000
vn -0.077447 0.996996 0.000000
vn 0.000000 0.000000 1.000000
vn -0.077278 0.000000 0.997010
vn -0.077278 0.000000 0.997010
vn 0.000000 0.000000 1.000000
vn 0.000000 -1.000000 0.000000
vn 0.000000 -1.000000 0.000000
vn -0.077447 -0.996997 0.000000
vn -0.077447 -0.996996 0.000000
vn -0.077268 0.000000 -0.997010
vn 0.000000 0.000000 -1.000000
vn 0.000000 0.000000 -1.000000
vn -0.077268 0.000000 -0.997010
vn 0.923879 0.000000 0.382686
vn 0.923879 0.000000 0.382686
vn 0.382700 0.000000 0.923873
vn 0.382700 0.000000 0.923873
vn -0.923879 0.382685 0.000000
vn -0.923879 0.382685 0.000000
vn -0.382683 0.923880 0.000000
vn -0.382683 0.923880 0.000000
vn -0.923881 0.000000 -0.382680
vn -0.923881 0.000000 -0.382680
vn -0.382653 0.000000 -0.923892
vn -0.382653 0.000000 -0.923892
vn 0.923881 0.000000 -0.382680
vn 0.923881 0.000000 -0.382680
vn 0.382653 0.000000 -0.923892
vn 0.382653 0.000000 -0.923892
vn 0.923880 -0.382682 0.000000
vn 0.923880 -0.382682 0.000000
vn 0.382683 -0.923880 0.000000
vn 0.382683 -0.923880 0.000000
vn -0.382697 0.000000 0.923874
vn -0.382697 0.000000 0.923874
vn -0.923879 0.000000 0.382685
vn -0.923879 0.000000 0.382685
vn -0.382683 -0.923880 0.000000
vn -0.382683 -0.923880 0.000000
vn -0.923879 -0.382686 0.000000
vn -0.923879 -0.382686 0.000000
vn 0.382683 0.923880 0.000000
vn 0.382683 0.923880 0.000000
vn 0.923880 0.382682 0.000000
vn 0.923880 0.382682 0.000000
s 1
g Sillon1
usemtl initialShadingGroup
f 2/1/1 1/2/2 41/61/3 40/4/4
s 2
f 1/76/5 6/5/6 42/6/7 41/3/8
s 3
f 4/7/9 3/8/10 23/69/11 22/10/12
s 1
f 3/72/13 2/1/1 24/11/14 23/9/15
s 2
f 6/5/6 5/12/16 9/71/17 8/14/18
s 3
f 5/75/19 4/7/9 10/15/20 9/13/21
s 2
f 8/14/18 7/16/22 47/17/23 46/18/24
s 4
f 7/16/25 12/19/26 48/20/27 47/17/28
f 12/19/26 11/21/29 15/22/30 14/23/31
s 3
f 11/21/32 10/15/20 16/24/33 15/22/34
s 4
f 14/23/31 13/25/35 27/26/36 26/27/37
s 5
f 13/25/38 18/28/39 28/29/40 27/26/41
f 18/28/39 17/30/42 21/67/43 20/32/44
s 3
f 17/70/45 16/24/33 22/10/12 21/31/46
s 5
f 20/32/44 19/33/47 35/34/48 34/35/49
s 1
f 19/33/50 24/11/14 36/36/51 35/34/52
s 4
f 26/27/37 25/37/53 43/38/54 48/20/27
s 6
f 25/37/55 30/39/56 44/40/57 43/38/58
f 30/39/56 29/41/59 33/63/60 32/43/61
s 5
f 29/66/62 28/29/40 34/35/49 33/42/63
s 6
f 32/43/61 31/44/64 39/58/65 38/46/66
s 1
f 31/65/67 36/36/51 40/4/4 39/45/68
s 6
f 38/46/66 37/47/69 45/57/70 44/40/57
s 2
f 37/62/71 42/6/7 46/18/24 45/48/72
s 3
f 4/7/9 22/10/12 16/24/33 10/15/20
s 5
f 28/29/40 18/28/39 20/32/44 34/35/49
s 1
f 40/4/4 36/36/51 24/11/14 2/1/1
s 2
f 46/18/24 42/6/7 6/5/6 8/14/18
s 4
f 26/27/37 48/20/27 12/19/26 14/23/31
s 6
f 30/39/56 32/43/61 38/46/66 44/40/57
s 2
f 5/12/16 6/5/6 1/76/5 49/73/73
s 1
f 1/2/2 2/1/1 3/72/13 49/49/74
s 3
f 3/8/10 4/7/9 5/75/19 49/74/75
s 4
f 11/21/29 12/19/26 7/16/25 50/50/76
s 2
f 7/16/22 8/14/18 9/71/17 50/50/77
s 3
f 9/13/21 10/15/20 11/21/32 50/50/78
s 5
f 17/30/42 18/28/39 13/25/38 51/51/79
s 4
f 13/25/35 14/23/31 15/22/30 51/51/80
s 3
f 15/22/34 16/24/33 17/70/45 51/51/81
s 1
f 23/9/15 24/11/14 19/33/50 52/52/82
s 5
f 19/33/47 20/32/44 21/67/43 52/52/83
s 3
f 21/31/46 22/10/12 23/69/11 52/68/84
s 6
f 29/41/59 30/39/56 25/37/55 53/53/85
s 4
f 25/37/53 26/27/37 27/26/36 53/53/86
s 5
f 27/26/41 28/29/40 29/66/62 53/53/87
s 1
f 35/34/52 36/36/51 31/65/67 54/64/88
s 6
f 31/44/64 32/43/61 33/63/60 54/54/89
s 5
f 33/42/63 34/35/49 35/34/48 54/64/90
s 2
f 41/3/8 42/6/7 37/62/71 55/59/91
s 6
f 37/47/69 38/46/66 39/58/65 55/55/92
s 1
f 39/45/68 40/4/4 41/61/3 55/60/93
s 4
f 47/17/28 48/20/27 43/38/54 56/56/94
s 6
f 43/38/58 44/40/57 45/57/70 56/56/95
s 2
f 45/48/72 46/18/24 47/17/23 56/56/96
s 7
f 57/77/97 66/78/98 67/79/99 59/80/100
s 8
f 72/81/101 73/82/102 68/83/103 61/84/104
s 9
f 61/84/105 68/83/106 65/85/107 63/86/108
s 10
f 63/87/109 65/88/110 70/89/111 71/90/112
s 11
f 74/91/113 69/92/114 64/93/115 62/94/116
s 12
f 63/95/117 71/96/118 72/81/119 61/84/120
s off
f 75/97/121 76/98/122 77/99/123 78/100/124
s 7
f 67/79/99 66/78/98 58/101/125 60/102/126
s 8
f 68/83/103 73/82/102 74/91/127 62/94/128
s 9
f 65/85/107 68/83/106 62/94/129 64/103/130
s 10
f 70/89/111 69/104/131 58/101/132 66/78/133
f 71/90/112 70/89/111 66/78/133 57/77/134
s 12
f 72/81/119 71/96/118 57/105/135 59/80/136
s 8
f 59/80/137 67/79/138 73/82/102 72/81/101
f 74/91/127 73/82/102 67/79/138 60/102/139
s 11
f 58/106/140 69/92/114 74/91/113 60/102/141
s 13
f 65/85/142 64/103/143 86/107/144 83/108/145
s 14
f 64/93/146 69/92/147 85/109/148 86/110/149
s 15
f 69/104/150 70/89/151 84/111/152 85/112/153
s 16
f 70/89/154 65/88/155 83/113/156 84/114/157
f 80/115/158 79/116/159 75/97/160 78/100/161
s 15
f 81/117/162 80/118/163 78/119/164 77/120/165
s 14
f 82/121/166 81/122/167 77/123/168 76/124/169
s 13
f 79/125/170 82/126/171 76/127/172 75/128/173
s 16
f 84/114/157 83/113/156 79/116/159 80/115/158
s 15
f 85/112/153 84/111/152 80/118/163 81/117/162
s 14
f 86/110/149 85/109/148 81/122/167 82/121/166
s 13
f 83/108/145 86/107/144 82/126/171 79/125/170
s 17
f 87/129/174 89/132/175 97/131/176 96/130/177
s 18
f 102/133/178 91/136/179 98/135/180 103/134/181
s 19
f 91/136/182 93/138/183 95/137/184 98/135/185
s 20
f 93/139/186 101/142/187 100/141/188 95/140/189
s 21
f 104/143/190 92/146/191 94/145/192 99/144/193
s 22
f 93/147/194 91/136/195 102/133/196 101/148/197
s off
f 105/149/198 108/152/199 107/151/200 106/150/201
s 17
f 97/131/176 90/154/202 88/153/203 96/130/177
s 18
f 98/135/180 92/146/204 104/143/205 103/134/181
s 19
f 95/137/184 94/155/206 92/146/207 98/135/185
s 20
f 100/141/188 96/130/208 88/153/209 99/156/210
f 101/142/187 87/129/211 96/130/208 100/141/188
s 22
f 102/133/196 89/132/212 87/157/213 101/148/197
s 18
f 89/132/214 102/133/178 103/134/181 97/131/215
f 104/143/205 90/154/216 97/131/215 103/134/181
s 21
f 88/158/217 90/154/218 104/143/190 99/144/193
s 23
f 95/137/219 113/160/220 116/159/221 94/155/222
s 24
f 94/145/223 116/162/224 115/161/225 99/144/226
s 25
f 99/156/227 115/164/228 114/163/229 100/141/230
s 26
f 100/141/231 114/166/232 113/165/233 95/140/234
f 110/167/235 108/152/236 105/149/237 109/168/238
s 25
f 111/169/239 107/172/240 108/171/241 110/170/242
s 24
f 112/173/243 106/176/244 107/175/245 111/174/246
s 23
f 109/177/247 105/180/248 106/179/249 112/178/250
s 26
f 114/166/232 110/167/235 109/168/238 113/165/233
s 25
f 115/164/228 111/169/239 110/170/242 114/163/229
s 24
f 116/162/224 112/173/243 111/174/246 115/161/225
s 23
f 113/160/220 109/177/247 112/178/250 116/159/221
s 27
f 391/181/251 392/182/252 137/183/253 136/184/254
f 432/185/255 433/186/256 168/187/257 169/188/258
f 403/189/259 404/190/260 127/191/261 126/192/262
f 171/193/263 172/194/264 429/195/265 430/196/266
f 179/197/267 180/198/268 411/199/269 412/200/270
f 406/201/271 407/202/272 132/203/273 133/204/274
f 130/205/275 131/206/276 394/207/277 395/208/278
f 162/209/279 163/210/280 450/211/281 451/212/282
f 118/213/283 127/191/261 404/190/260 405/214/284
f 406/201/271 133/204/274 118/215/283 405/216/284
f 411/199/269 121/217/285 119/218/286 131/219/276
f 121/220/285 451/212/282 137/221/253 119/222/286
f 131/206/276 119/223/286 393/224/287 394/207/277
f 119/225/286 137/183/253 392/182/252 393/226/287
f 432/185/255 169/188/258 170/227/288 431/228/289
f 170/229/288 171/193/263 430/196/266 431/230/289
f 416/231/290 399/232/291 176/233/292 415/234/293
f 403/189/259 126/192/262 140/235/294 402/236/295
f 178/237/296 179/197/267 412/200/270 413/238/297
f 172/194/264 173/239/298 428/240/299 429/195/265
f 396/241/300 152/242/301 130/205/275 395/208/278
f 143/243/302 132/203/273 407/202/272 408/244/303
f 163/210/280 164/245/304 449/246/305 450/211/281
f 391/181/251 136/184/254 155/247/306 390/248/307
f 167/249/308 168/187/257 433/186/256 434/250/309
f 176/233/292 177/251/310 414/252/311 415/234/293
f 177/251/310 178/237/296 413/238/297 414/252/311
f 141/253/312 142/254/313 409/255/314 410/256/315
f 142/254/313 143/243/302 408/244/303 409/255/314
f 166/257/316 167/249/308 434/250/309 435/258/317
f 426/259/318 427/260/319 174/261/320 175/262/321
f 427/260/319 428/240/299 173/239/298 174/261/320
f 398/263/322 150/264/323 151/265/324 397/266/325
f 151/265/324 152/242/301 396/241/300 397/266/325
f 165/267/326 448/268/327 449/246/305 164/245/304
f 154/269/328 389/270/329 390/248/307 155/247/306
f 153/271/330 388/272/331 389/270/329 154/269/328
f 139/273/332 401/274/333 402/236/295 140/235/294
f 138/275/334 400/276/335 401/274/333 139/273/332
f 133/277/274 132/278/273 163/210/280 162/209/279
f 132/278/273 143/279/302 164/245/304 163/210/280
f 142/280/313 165/267/326 164/245/304 143/279/302
f 494/281/336 165/267/326 495/282/337 492/283/338
f 144/284/339 145/285/340 166/257/316 563/286/341
f 145/285/340 146/287/342 167/249/308 166/257/316
f 146/287/342 128/288/343 168/187/257 167/249/308
f 169/188/258 168/187/257 128/288/343 129/289/344
f 170/227/288 169/188/258 129/289/344 117/290/345
f 117/291/345 125/292/346 171/193/263 170/229/288
f 125/292/346 124/293/347 172/194/264 171/193/263
f 124/293/347 161/294/348 173/239/298 172/194/264
f 174/261/320 173/239/298 161/294/348 160/295/349
f 175/262/321 174/261/320 160/295/349 159/296/350
f 176/233/292 399/232/291 400/276/335 138/275/334
f 138/275/334 139/297/332 177/251/310 176/233/292
f 139/297/332 140/298/294 178/237/296 177/251/310
f 140/298/294 126/299/262 179/197/267 178/237/296
f 126/299/262 127/300/261 180/198/268 179/197/267
f 182/301/351 181/302/352 156/303/353 157/304/354
f 183/305/355 182/301/351 157/304/354 158/306/356
f 122/307/357 184/308/358 183/305/355 158/306/356
f 122/307/357 123/309/359 185/310/360 184/308/358
f 186/311/361 185/310/360 123/309/359 120/312/362
f 187/313/363 186/314/361 120/315/362 135/316/364
f 188/317/365 187/313/363 135/316/364 134/318/366
f 149/319/367 189/320/368 188/317/365 134/318/366
f 190/321/369 189/320/368 149/319/367 148/322/370
f 147/323/371 191/324/372 190/321/369 148/322/370
f 426/259/318 175/262/321 192/325/373 425/326/374
f 193/327/375 192/325/373 175/262/321 159/296/350
f 194/328/376 193/327/375 159/296/350 160/329/349
f 195/330/377 194/328/376 160/329/349 161/331/348
f 124/332/347 196/333/378 195/330/377 161/331/348
f 124/332/347 125/334/346 197/335/379 196/333/378
f 198/336/380 197/335/379 125/334/346 117/337/345
f 129/338/344 199/339/381 198/340/380 117/341/345
f 129/338/344 128/342/343 200/343/382 199/339/381
f 201/344/383 200/343/382 128/342/343 146/345/342
f 202/346/384 201/344/383 146/345/342 145/347/340
f 203/348/385 202/346/384 145/347/340 144/284/339
f 205/349/386 204/350/387 181/302/352 182/301/351
f 206/351/388 205/349/386 182/301/351 183/305/355
f 184/308/358 207/352/389 206/351/388 183/305/355
f 184/308/358 185/310/360 208/353/390 207/352/389
f 209/354/391 208/353/390 185/310/360 186/311/361
f 210/355/392 209/356/391 186/314/361 187/313/363
f 211/357/393 210/355/392 187/313/363 188/317/365
f 189/320/368 212/358/394 211/357/393 188/317/365
f 213/359/395 212/358/394 189/320/368 190/321/369
f 191/324/372 214/360/396 213/359/395 190/321/369
f 425/326/374 192/325/373 215/361/397 424/362/398
f 216/363/399 215/361/397 192/325/373 193/327/375
f 217/364/400 216/363/399 193/327/375 194/328/376
f 218/365/401 217/364/400 194/328/376 195/330/377
f 196/333/378 219/366/402 218/365/401 195/330/377
f 196/333/378 197/335/379 220/367/403 219/366/402
f 221/368/404 220/367/403 197/335/379 198/336/380
f 199/339/381 222/369/405 221/370/404 198/340/380
f 199/339/381 200/343/382 223/371/406 222/369/405
f 224/372/407 223/371/406 200/343/382 201/344/383
f 225/373/408 224/372/407 201/344/383 202/346/384
f 226/374/409 225/373/408 202/346/384 203/348/385
f 228/375/410 227/376/411 204/350/387 205/349/386
f 229/377/412 228/375/410 205/349/386 206/351/388
f 207/352/389 230/378/413 229/377/412 206/351/388
f 207/352/389 208/353/390 231/379/414 230/378/413
f 232/380/415 231/379/414 208/353/390 209/354/391
f 233/381/416 232/382/415 209/356/391 210/355/392
f 234/383/417 233/381/416 210/355/392 211/357/393
f 212/358/394 235/384/418 234/383/417 211/357/393
f 236/385/419 235/384/418 212/358/394 213/359/395
f 214/360/396 237/386/420 236/385/419 213/359/395
f 424/362/398 215/361/397 238/387/421 423/388/422
f 239/389/423 238/387/421 215/361/397 216/363/399
f 240/390/424 239/389/423 216/363/399 217/364/400
f 241/391/425 240/390/424 217/364/400 218/365/401
f 219/366/402 242/392/426 241/391/425 218/365/401
f 219/366/402 220/367/403 243/393/427 242/392/426
f 244/394/428 243/393/427 220/367/403 221/368/404
f 222/369/405 245/395/429 244/396/428 221/370/404
f 222/369/405 223/371/406 246/397/430 245/395/429
f 247/398/431 246/397/430 223/371/406 224/372/407
f 248/399/432 247/398/431 224/372/407 225/373/408
f 249/400/433 248/399/432 225/373/408 226/374/409
f 251/401/434 250/402/435 227/376/411 228/375/410
f 252/403/436 251/401/434 228/375/410 229/377/412
f 230/378/413 253/404/437 252/403/436 229/377/412
f 230/378/413 231/379/414 254/405/438 253/404/437
f 255/406/439 254/405/438 231/379/414 232/380/415
f 256/407/440 255/408/439 232/382/415 233/381/416
f 257/409/441 256/407/440 233/381/416 234/383/417
f 235/384/418 258/410/442 257/409/441 234/383/417
f 259/411/443 258/410/442 235/384/418 236/385/419
f 237/386/420 260/412/444 259/411/443 236/385/419
f 423/388/422 238/387/421 261/413/445 422/414/446
f 262/415/447 261/413/445 238/387/421 239/389/423
f 263/416/448 262/415/447 239/389/423 240/390/424
f 264/417/449 263/416/448 240/390/424 241/391/425
f 242/392/426 265/418/450 264/417/449 241/391/425
f 242/392/426 243/393/427 266/419/451 265/418/450
f 267/420/452 266/419/451 243/393/427 244/394/428
f 245/395/429 268/421/453 267/422/452 244/396/428
f 245/395/429 246/397/430 269/423/454 268/421/453
f 270/424/455 269/423/454 246/397/430 247/398/431
f 271/425/456 270/424/455 247/398/431 248/399/432
f 272/426/457 271/425/456 248/399/432 249/400/433
f 274/427/458 273/428/459 250/402/435 251/401/434
f 275/429/460 274/427/458 251/401/434 252/403/436
f 253/404/437 276/430/461 275/429/460 252/403/436
f 253/404/437 254/405/438 277/431/462 276/430/461
f 278/432/463 277/431/462 254/405/438 255/406/439
f 279/433/464 278/434/463 255/408/439 256/407/440
f 280/435/465 279/433/464 256/407/440 257/409/441
f 258/410/442 281/436/466 280/435/465 257/409/441
f 282/437/467 281/436/466 258/410/442 259/411/443
f 260/412/444 283/438/468 282/437/467 259/411/443
f 422/414/446 261/413/445 284/439/469 421/440/470
f 285/441/471 284/439/469 261/413/445 262/415/447
f 286/442/472 285/441/471 262/415/447 263/416/448
f 287/443/473 286/442/472 263/416/448 264/417/449
f 265/418/450 288/444/474 287/443/473 264/417/449
f 265/418/450 266/419/451 289/445/475 288/444/474
f 290/446/476 289/445/475 266/419/451 267/420/452
f 268/421/453 291/447/477 290/448/476 267/422/452
f 268/421/453 269/423/454 292/449/478 291/447/477
f 293/450/479 292/449/478 269/423/454 270/424/455
f 294/451/480 293/450/479 270/424/455 271/425/456
f 295/452/481 294/451/480 271/425/456 272/426/457
f 297/453/482 296/454/483 273/428/459 274/427/458
f 298/455/484 297/453/482 274/427/458 275/429/460
f 276/430/461 299/456/485 298/455/484 275/429/460
f 276/430/461 277/431/462 300/457/486 299/456/485
f 301/458/487 300/457/486 277/431/462 278/432/463
f 302/459/488 301/460/487 278/434/463 279/433/464
f 303/461/489 302/459/488 279/433/464 280/435/465
f 281/436/466 304/462/490 303/461/489 280/435/465
f 305/463/491 304/462/490 281/436/466 282/437/467
f 283/438/468 306/464/492 305/463/491 282/437/467
f 421/440/470 284/439/469 307/465/493 420/466/494
f 308/467/495 307/465/493 284/439/469 285/441/471
f 309/468/496 308/467/495 285/441/471 286/442/472
f 310/469/497 309/468/496 286/442/472 287/443/473
f 288/444/474 311/470/498 310/469/497 287/443/473
f 288/444/474 289/445/475 312/471/499 311/470/498
f 313/472/500 312/471/499 289/445/475 290/446/476
f 291/447/477 314/473/501 313/474/500 290/448/476
f 291/447/477 292/449/478 315/475/502 314/473/501
f 316/476/503 315/475/502 292/449/478 293/450/479
f 317/477/504 316/476/503 293/450/479 294/451/480
f 318/478/505 317/477/504 294/451/480 295/452/481
f 320/479/506 319/480/507 296/454/483 297/453/482
f 321/481/508 320/479/506 297/453/482 298/455/484
f 299/456/485 322/482/509 321/481/508 298/455/484
f 299/456/485 300/457/486 323/483/510 322/482/509
f 324/484/511 323/483/510 300/457/486 301/458/487
f 325/485/512 324/486/511 301/460/487 302/459/488
f 326/487/513 325/485/512 302/459/488 303/461/489
f 304/462/490 327/488/514 326/487/513 303/461/489
f 328/489/515 327/488/514 304/462/490 305/463/491
f 306/464/492 329/490/516 328/489/515 305/463/491
f 420/466/494 307/465/493 330/491/517 419/492/518
f 331/493/519 330/491/517 307/465/493 308/467/495
f 332/494/520 331/493/519 308/467/495 309/468/496
f 333/495/521 332/494/520 309/468/496 310/469/497
f 311/470/498 334/496/522 333/495/521 310/469/497
f 311/470/498 312/471/499 335/497/523 334/496/522
f 336/498/524 335/497/523 312/471/499 313/472/500
f 314/473/501 337/499/525 336/500/524 313/474/500
f 314/473/501 315/475/502 338/501/526 337/499/525
f 339/502/527 338/501/526 315/475/502 316/476/503
f 340/503/528 339/502/527 316/476/503 317/477/504
f 341/504/529 340/503/528 317/477/504 318/478/505
f 343/505/530 342/506/531 319/480/507 320/479/506
f 344/507/532 343/505/530 320/479/506 321/481/508
f 322/482/509 345/508/533 344/507/532 321/481/508
f 322/482/509 323/483/510 346/509/534 345/508/533
f 347/510/535 346/509/534 323/483/510 324/484/511
f 348/511/536 347/512/535 324/486/511 325/485/512
f 349/513/537 348/511/536 325/485/512 326/487/513
f 327/488/514 350/514/538 349/513/537 326/487/513
f 351/515/539 350/514/538 327/488/514 328/489/515
f 329/490/516 352/516/540 351/515/539 328/489/515
f 419/492/518 330/491/517 353/517/541 418/518/542
f 354/519/543 353/517/541 330/491/517 331/493/519
f 355/520/544 354/519/543 331/493/519 332/494/520
f 356/521/545 355/520/544 332/494/520 333/495/521
f 334/496/522 357/522/546 356/521/545 333/495/521
f 334/496/522 335/497/523 358/523/547 357/522/546
f 359/524/548 358/523/547 335/497/523 336/498/524
f 337/499/525 360/525/549 359/526/548 336/500/524
f 337/499/525 338/501/526 361/527/550 360/525/549
f 362/528/551 361/527/550 338/501/526 339/502/527
f 363/529/552 362/528/551 339/502/527 340/503/528
f 364/530/553 363/529/552 340/503/528 341/504/529
f 366/531/554 365/532/555 342/506/531 343/505/530
f 367/533/556 366/531/554 343/505/530 344/507/532
f 345/508/533 368/534/557 367/533/556 344/507/532
f 345/508/533 346/509/534 369/535/558 368/534/557
f 370/536/559 369/535/558 346/509/534 347/510/535
f 371/537/560 370/538/559 347/512/535 348/511/536
f 372/539/561 371/537/560 348/511/536 349/513/537
f 350/514/538 373/540/562 372/539/561 349/513/537
f 374/541/563 373/540/562 350/514/538 351/515/539
f 352/516/540 375/542/564 374/541/563 351/515/539
f 418/518/542 353/517/541 376/543/565 417/544/566
f 377/545/567 376/543/565 353/517/541 354/519/543
f 378/546/568 377/545/567 354/519/543 355/520/544
f 379/547/569 378/546/568 355/520/544 356/521/545
f 357/522/546 380/548/570 379/547/569 356/521/545
f 357/522/546 358/523/547 381/549/571 380/548/570
f 382/550/572 381/549/571 358/523/547 359/524/548
f 360/525/549 383/551/573 382/552/572 359/526/548
f 360/525/549 361/527/550 384/553/574 383/551/573
f 385/554/575 384/553/574 361/527/550 362/528/551
f 386/555/576 385/554/575 362/528/551 363/529/552
f 387/556/577 386/555/576 363/529/552 364/530/553
f 389/270/329 388/272/331 365/532/555 366/531/554
f 390/248/307 389/270/329 366/531/554 367/533/556
f 368/534/557 391/181/251 390/248/307 367/533/556
f 368/534/557 369/535/558 392/182/252 391/181/251
f 393/226/287 392/182/252 369/535/558 370/536/559
f 394/207/277 393/224/287 370/538/559 371/537/560
f 395/208/278 394/207/277 371/537/560 372/539/561
f 373/540/562 396/241/300 395/208/278 372/539/561
f 397/266/325 396/241/300 373/540/562 374/541/563
f 375/542/564 398/263/322 397/266/325 374/541/563
f 417/544/566 376/543/565 399/232/291 416/231/290
f 400/276/335 399/232/291 376/543/565 377/545/567
f 401/274/333 400/276/335 377/545/567 378/546/568
f 402/236/295 401/274/333 378/546/568 379/547/569
f 380/548/570 403/189/259 402/236/295 379/547/569
f 380/548/570 381/549/571 404/190/260 403/189/259
f 405/214/284 404/190/260 381/549/571 382/550/572
f 383/551/573 406/201/271 405/216/284 382/552/572
f 383/551/573 384/553/574 407/202/272 406/201/271
f 408/244/303 407/202/272 384/553/574 385/554/575
f 409/255/314 408/244/303 385/554/575 386/555/576
f 410/256/315 409/255/314 386/555/576 387/556/577
f 412/200/270 411/199/269 131/219/276 130/557/275
f 413/238/297 412/200/270 130/557/275 152/558/301
f 414/252/311 413/238/297 152/558/301 151/559/324
f 415/234/293 414/252/311 151/559/324 150/264/323
f 398/263/322 416/231/290 415/234/293 150/264/323
f 375/542/564 417/544/566 416/231/290 398/263/322
f 352/516/540 418/518/542 417/544/566 375/542/564
f 329/490/516 419/492/518 418/518/542 352/516/540
f 306/464/492 420/466/494 419/492/518 329/490/516
f 283/438/468 421/440/470 420/466/494 306/464/492
f 260/412/444 422/414/446 421/440/470 283/438/468
f 237/386/420 423/388/422 422/414/446 260/412/444
f 214/360/396 424/362/398 423/388/422 237/386/420
f 191/324/372 425/326/374 424/362/398 214/360/396
f 147/323/371 426/259/318 425/326/374 191/324/372
f 147/323/371 148/560/370 427/260/319 426/259/318
f 148/560/370 149/561/367 428/240/299 427/260/319
f 429/195/265 428/240/299 149/561/367 134/562/366
f 430/196/266 429/195/265 134/562/366 135/563/364
f 431/230/289 430/196/266 135/563/364 120/564/362
f 123/565/359 432/185/255 431/228/289 120/566/362
f 123/565/359 122/567/357 433/186/256 432/185/255
f 434/250/309 433/186/256 122/567/357 158/568/356
f 435/258/317 434/250/309 158/568/356 157/569/354
f 436/570/578 435/258/317 157/569/354 156/303/353
f 181/302/352 437/571/579 436/570/578 156/303/353
f 204/350/387 438/572/580 437/571/579 181/302/352
f 227/376/411 439/573/581 438/572/580 204/350/387
f 250/402/435 440/574/582 439/573/581 227/376/411
f 273/428/459 441/575/583 440/574/582 250/402/435
f 296/454/483 442/576/584 441/575/583 273/428/459
f 319/480/507 443/577/585 442/576/584 296/454/483
f 342/506/531 444/578/586 443/577/585 319/480/507
f 365/532/555 445/579/587 444/578/586 342/506/531
f 388/272/331 446/580/588 445/579/587 365/532/555
f 153/271/330 447/581/589 446/580/588 388/272/331
f 448/268/327 447/581/589 153/271/330 154/582/328
f 449/246/305 448/268/327 154/582/328 155/583/306
f 450/211/281 449/246/305 155/583/306 136/584/254
f 451/212/282 450/211/281 136/584/254 137/221/253
f 165/267/326 493/585/590 447/581/589 448/268/327
f 493/585/590 492/283/338 497/586/591 496/587/592
f 492/283/338 495/282/337 498/588/593 497/586/591
f 501/589/594 500/590/595 576/591/596 575/592/597
f 500/590/595 499/593/598 577/594/599 576/591/596
f 507/595/600 506/596/601 585/597/602 584/598/603
f 506/596/601 505/599/604 586/600/605 585/597/602
f 513/601/606 512/602/607 594/603/608 593/604/609
f 512/602/607 511/605/610 595/606/611 594/603/608
f 519/607/612 518/608/613 603/609/614 602/610/615
f 518/608/613 517/611/616 604/612/617 603/609/614
f 525/613/618 524/614/619 612/615/620 611/616/621
f 524/614/619 523/617/622 613/618/623 612/615/620
f 531/619/624 530/620/625 621/621/626 620/622/627
f 530/620/625 529/623/628 622/624/629 621/621/626
f 537/625/630 536/626/631 630/627/632 629/628/633
f 536/626/631 535/629/634 631/630/635 630/627/632
f 543/631/636 542/632/637 639/633/638 638/634/639
f 542/632/637 541/635/640 640/636/641 639/633/638
f 549/637/642 548/638/643 648/639/644 647/640/645
f 548/638/643 547/641/646 649/642/647 648/639/644
f 563/286/341 562/643/648 567/644/649 566/645/650
f 562/643/648 565/646/651 568/647/652 567/644/649
f 491/648/653 559/649/654 555/650/655
f 561/651/656 490/652/657 553/653/658
f 504/654/659 473/655/660 499/593/598
f 472/656/661 502/657/662 501/589/594
f 473/655/660 577/594/599 499/593/598
f 575/592/597 472/656/661 501/589/594
f 475/658/663 586/600/605 505/599/604
f 584/598/603 474/659/664 507/595/600
f 477/660/665 595/606/611 511/605/610
f 593/604/609 476/661/666 513/601/606
f 479/662/667 604/612/617 517/611/616
f 602/610/615 478/663/668 519/607/612
f 481/664/669 613/618/623 523/617/622
f 611/616/621 480/665/670 525/613/618
f 483/666/671 622/624/629 529/623/628
f 620/622/627 482/667/672 531/619/624
f 485/668/673 631/630/635 535/629/634
f 629/628/633 484/669/674 537/625/630
f 487/670/675 640/636/641 541/635/640
f 638/634/639 486/671/676 543/631/636
f 489/672/677 649/642/647 547/641/646
f 647/640/645 488/673/678 549/637/642
f 572/674/679 453/675/680 472/656/661 575/592/597
f 474/659/664 508/676/681 507/595/600
f 453/675/680 566/645/650 502/657/662 472/656/661
f 144/284/339 453/675/680 203/348/385
f 568/647/652 452/677/682 473/655/660 504/654/659
f 436/570/578 452/677/682 568/647/652 565/646/651
f 452/677/682 574/678/683 577/594/599 473/655/660
f 510/679/684 475/658/663 505/599/604
f 581/680/685 455/681/686 474/659/664 584/598/603
f 476/661/666 514/682/687 513/601/606
f 455/681/686 569/683/688 508/676/681 474/659/664
f 571/684/689 454/685/690 475/658/663 510/679/684
f 452/677/682 454/685/690 571/684/689 574/678/683
f 454/685/690 583/686/691 586/600/605 475/658/663
f 516/687/692 477/660/665 511/605/610
f 590/688/693 457/689/694 476/661/666 593/604/609
f 478/663/668 520/690/695 519/607/612
f 457/689/694 578/691/696 514/682/687 476/661/666
f 580/692/697 456/693/698 477/660/665 516/687/692
f 454/685/690 456/693/698 580/692/697 583/686/691
f 456/693/698 592/694/699 595/606/611 477/660/665
f 522/695/700 479/662/667 517/611/616
f 599/696/701 459/697/702 478/663/668 602/610/615
f 480/665/670 526/698/703 525/613/618
f 459/697/702 587/699/704 520/690/695 478/663/668
f 589/700/705 458/701/706 479/662/667 522/695/700
f 456/693/698 458/701/706 589/700/705 592/694/699
f 458/701/706 601/702/707 604/612/617 479/662/667
f 528/703/708 481/664/669 523/617/622
f 608/704/709 461/705/710 480/665/670 611/616/621
f 482/667/672 532/706/711 531/619/624
f 461/705/710 596/707/712 526/698/703 480/665/670
f 598/708/713 460/709/714 481/664/669 528/703/708
f 458/701/706 460/709/714 598/708/713 601/702/707
f 460/709/714 610/710/715 613/618/623 481/664/669
f 534/711/716 483/666/671 529/623/628
f 617/712/717 463/713/718 482/667/672 620/622/627
f 484/669/674 538/714/719 537/625/630
f 463/713/718 605/715/720 532/706/711 482/667/672
f 607/716/721 462/717/722 483/666/671 534/711/716
f 460/709/714 462/717/722 607/716/721 610/710/715
f 462/717/722 619/718/723 622/624/629 483/666/671
f 540/719/724 485/668/673 535/629/634
f 626/720/725 465/721/726 484/669/674 629/628/633
f 486/671/676 544/722/727 543/631/636
f 465/721/726 614/723/728 538/714/719 484/669/674
f 616/724/729 464/725/730 485/668/673 540/719/724
f 462/717/722 464/725/730 616/724/729 619/718/723
f 464/725/730 628/726/731 631/630/635 485/668/673
f 546/727/732 487/670/675 541/635/640
f 635/728/733 467/729/734 486/671/676 638/634/639
f 488/673/678 550/730/735 549/637/642
f 467/729/734 623/731/736 544/722/727 486/671/676
f 625/732/737 466/733/738 487/670/675 546/727/732
f 464/725/730 466/733/738 625/732/737 628/726/731
f 466/733/738 637/734/739 640/636/641 487/670/675
f 552/735/740 489/672/677 547/641/646
f 644/736/741 469/737/742 488/673/678 647/640/645
f 490/652/657 556/738/743 553/653/658
f 469/737/742 632/739/744 550/730/735 488/673/678
f 634/740/745 468/741/746 489/672/677 552/735/740
f 466/733/738 468/741/746 634/740/745 637/734/739
f 468/741/746 646/742/747 649/642/647 489/672/677
f 558/743/748 491/648/653 555/650/655
f 471/744/749 641/745/750 556/738/743 490/652/657
f 643/746/751 470/747/752 491/648/653 558/743/748
f 468/741/746 470/747/752 643/746/751 646/742/747
f 470/747/752 496/587/592 559/649/654 491/648/653
f 447/581/589 470/747/752 446/580/588
f 498/588/593 471/744/749 490/652/657 561/651/656
f 141/253/312 471/744/749 498/588/593 495/282/337
f 494/281/336 492/283/338 493/585/590 165/267/326
f 565/646/651 562/643/648 564/748/753 166/257/316
f 496/587/592 497/586/591 560/749/754 559/649/654
f 497/586/591 498/588/593 561/651/656 560/749/754
f 499/593/598 500/590/595 503/750/755 504/654/659
f 500/590/595 501/589/594 502/657/662 503/750/755
f 505/599/604 506/596/601 509/751/756 510/679/684
f 506/596/601 507/595/600 508/676/681 509/751/756
f 511/605/610 512/602/607 515/752/757 516/687/692
f 512/602/607 513/601/606 514/682/687 515/752/757
f 517/611/616 518/608/613 521/753/758 522/695/700
f 518/608/613 519/607/612 520/690/695 521/753/758
f 523/617/622 524/614/619 527/754/759 528/703/708
f 524/614/619 525/613/618 526/698/703 527/754/759
f 529/623/628 530/620/625 533/755/760 534/711/716
f 530/620/625 531/619/624 532/706/711 533/755/760
f 535/629/634 536/626/631 539/756/761 540/719/724
f 536/626/631 537/625/630 538/714/719 539/756/761
f 541/635/640 542/632/637 545/757/762 546/727/732
f 542/632/637 543/631/636 544/722/727 545/757/762
f 547/641/646 548/638/643 551/758/763 552/735/740
f 548/638/643 549/637/642 550/730/735 551/758/763
f 555/650/655 554/759/764 557/760/765 558/743/748
f 554/759/764 553/653/658 556/738/743 557/760/765
f 553/653/658 554/759/764 560/749/754 561/651/656
f 554/759/764 555/650/655 559/649/654 560/749/754
f 504/654/659 503/750/755 567/644/649 568/647/652
f 503/750/755 502/657/662 566/645/650 567/644/649
f 510/679/684 509/751/756 570/761/766 571/684/689
f 509/751/756 508/676/681 569/683/688 570/761/766
f 571/684/689 570/761/766 573/762/767 574/678/683
f 570/761/766 569/683/688 572/674/679 573/762/767
f 574/678/683 573/762/767 576/591/596 577/594/599
f 573/762/767 572/674/679 575/592/597 576/591/596
f 516/687/692 515/752/757 579/763/768 580/692/697
f 515/752/757 514/682/687 578/691/696 579/763/768
f 580/692/697 579/763/768 582/764/769 583/686/691
f 579/763/768 578/691/696 581/680/685 582/764/769
f 583/686/691 582/764/769 585/597/602 586/600/605
f 582/764/769 581/680/685 584/598/603 585/597/602
f 522/695/700 521/753/758 588/765/770 589/700/705
f 521/753/758 520/690/695 587/699/704 588/765/770
f 589/700/705 588/765/770 591/766/771 592/694/699
f 588/765/770 587/699/704 590/688/693 591/766/771
f 592/694/699 591/766/771 594/603/608 595/606/611
f 591/766/771 590/688/693 593/604/609 594/603/608
f 528/703/708 527/754/759 597/767/772 598/708/713
f 527/754/759 526/698/703 596/707/712 597/767/772
f 598/708/713 597/767/772 600/768/773 601/702/707
f 597/767/772 596/707/712 599/696/701 600/768/773
f 601/702/707 600/768/773 603/609/614 604/612/617
f 600/768/773 599/696/701 602/610/615 603/609/614
f 534/711/716 533/755/760 606/769/774 607/716/721
f 533/755/760 532/706/711 605/715/720 606/769/774
f 607/716/721 606/769/774 609/770/775 610/710/715
f 606/769/774 605/715/720 608/704/709 609/770/775
f 610/710/715 609/770/775 612/615/620 613/618/623
f 609/770/775 608/704/709 611/616/621 612/615/620
f 540/719/724 539/756/761 615/771/776 616/724/729
f 539/756/761 538/714/719 614/723/728 615/771/776
f 616/724/729 615/771/776 618/772/777 619/718/723
f 615/771/776 614/723/728 617/712/717 618/772/777
f 619/718/723 618/772/777 621/621/626 622/624/629
f 618/772/777 617/712/717 620/622/627 621/621/626
f 546/727/732 545/757/762 624/773/778 625/732/737
f 545/757/762 544/722/727 623/731/736 624/773/778
f 625/732/737 624/773/778 627/774/779 628/726/731
f 624/773/778 623/731/736 626/720/725 627/774/779
f 628/726/731 627/774/779 630/627/632 631/630/635
f 627/774/779 626/720/725 629/628/633 630/627/632
f 552/735/740 551/758/763 633/775/780 634/740/745
f 551/758/763 550/730/735 632/739/744 633/775/780
f 634/740/745 633/775/780 636/776/781 637/734/739
f 633/775/780 632/739/744 635/728/733 636/776/781
f 637/734/739 636/776/781 639/633/638 640/636/641
f 636/776/781 635/728/733 638/634/639 639/633/638
f 558/743/748 557/760/765 642/777/782 643/746/751
f 557/760/765 556/738/743 641/745/750 642/777/782
f 643/746/751 642/777/782 645/778/783 646/742/747
f 642/777/782 641/745/750 644/736/741 645/778/783
f 646/742/747 645/778/783 648/639/644 649/642/647
f 645/778/783 644/736/741 647/640/645 648/639/644
f 455/681/686 453/675/680 572/674/679 569/683/688
f 457/689/694 455/681/686 581/680/685 578/691/696
f 459/697/702 457/689/694 590/688/693 587/699/704
f 461/705/710 459/697/702 599/696/701 596/707/712
f 463/713/718 461/705/710 608/704/709 605/715/720
f 465/721/726 463/713/718 617/712/717 614/723/728
f 467/729/734 465/721/726 626/720/725 623/731/736
f 469/737/742 467/729/734 635/728/733 632/739/744
f 471/744/749 469/737/742 644/736/741 641/745/750
f 438/572/580 454/685/690 452/677/682 437/571/579
f 439/573/581 456/693/698 454/685/690 438/572/580
f 440/574/582 458/701/706 456/693/698 439/573/581
f 441/575/583 460/709/714 458/701/706 440/574/582
f 442/576/584 462/717/722 460/709/714 441/575/583
f 443/577/585 464/725/730 462/717/722 442/576/584
f 444/578/586 466/733/738 464/725/730 443/577/585
f 445/579/587 468/741/746 466/733/738 444/578/586
f 446/580/588 470/747/752 468/741/746 445/579/587
f 447/581/589 493/585/590 496/587/592 470/747/752
f 410/256/315 471/744/749 141/253/312
f 141/253/312 495/282/337 165/267/326 142/280/313
f 563/286/341 166/257/316 564/748/753 562/643/648
f 565/646/651 166/257/316 435/258/317 436/570/578
f 180/198/268 650/779/784 121/217/285 411/199/269
f 127/300/261 118/780/283 650/779/784 180/198/268
f 162/209/279 451/212/282 121/220/285 650/781/784
f 650/781/784 118/782/283 133/277/274 162/209/279
f 563/286/341 566/645/650 453/675/680 144/284/339
f 437/571/579 452/677/682 436/570/578
s off
f 410/256/785 387/556/786 469/737/787 471/744/788
f 387/556/789 364/530/790 467/729/791 469/737/792
f 364/530/793 341/504/794 465/721/795 467/729/796
f 341/504/797 318/478/798 463/713/799 465/721/800
f 318/478/801 295/452/802 461/705/803 463/713/804
f 295/452/805 272/426/806 459/697/807 461/705/808
f 272/426/809 249/400/810 457/689/811 459/697/812
f 249/400/813 226/374/814 455/681/815 457/689/816
f 226/374/817 203/348/818 453/675/819 455/681/820
s 51
f 652/783/821 651/784/822 691/785/823 690/786/824
s 52
f 651/787/825 656/788/826 692/789/827 691/790/828
s 53
f 654/791/829 653/792/830 673/793/831 672/794/832
s 51
f 653/795/833 652/783/821 674/796/834 673/797/835
s 52
f 656/788/826 655/798/836 659/799/837 658/800/838
s 53
f 655/801/839 654/791/829 660/802/840 659/803/841
s 52
f 658/800/838 657/804/842 697/805/843 696/806/844
s 54
f 657/804/845 662/807/846 698/808/847 697/805/848
f 662/807/846 661/809/849 665/810/850 664/811/851
s 53
f 661/809/852 660/802/840 666/812/853 665/810/854
s 54
f 664/811/851 663/813/855 677/814/856 676/815/857
s 55
f 663/813/858 668/816/859 678/817/860 677/814/861
f 668/816/859 667/818/862 671/819/863 670/820/864
s 53
f 667/821/865 666/812/853 672/794/832 671/822/866
s 55
f 670/820/864 669/823/867 685/824/868 684/825/869
s 51
f 669/823/870 674/796/834 686/826/871 685/824/872
s 54
f 676/815/857 675/827/873 693/828/874 698/808/847
s 56
f 675/827/875 680/829/876 694/830/877 693/828/878
f 680/829/876 679/831/879 683/832/880 682/833/881
s 55
f 679/834/882 678/817/860 684/825/869 683/835/883
s 56
f 682/833/881 681/836/884 689/837/885 688/838/886
s 51
f 681/839/887 686/826/871 690/786/824 689/840/888
s 56
f 688/838/886 687/841/889 695/842/890 694/830/877
s 52
f 687/843/891 692/789/827 696/806/844 695/844/892
s 53
f 654/791/829 672/794/832 666/812/853 660/802/840
s 55
f 678/817/860 668/816/859 670/820/864 684/825/869
s 51
f 690/786/824 686/826/871 674/796/834 652/783/821
s 52
f 696/806/844 692/789/827 656/788/826 658/800/838
s 54
f 676/815/857 698/808/847 662/807/846 664/811/851
s 56
f 680/829/876 682/833/881 688/838/886 694/830/877
s 52
f 655/798/836 656/788/826 651/787/825 699/845/893
s 51
f 651/784/822 652/783/821 653/795/833 699/846/894
s 53
f 653/792/830 654/791/829 655/801/839 699/847/895
s 54
f 661/809/849 662/807/846 657/804/845 700/848/896
s 52
f 657/804/842 658/800/838 659/799/837 700/848/897
s 53
f 659/803/841 660/802/840 661/809/852 700/848/898
s 55
f 667/818/862 668/816/859 663/813/858 701/849/899
s 54
f 663/813/855 664/811/851 665/810/850 701/849/900
s 53
f 665/810/854 666/812/853 667/821/865 701/849/901
s 51
f 673/797/835 674/796/834 669/823/870 702/850/902
s 55
f 669/823/867 670/820/864 671/819/863 702/850/903
s 53
f 671/822/866 672/794/832 673/793/831 702/851/904
s 56
f 679/831/879 680/829/876 675/827/875 703/852/905
s 54
f 675/827/873 676/815/857 677/814/856 703/852/906
s 55
f 677/814/861 678/817/860 679/834/882 703/852/907
s 51
f 685/824/872 686/826/871 681/839/887 704/853/908
s 56
f 681/836/884 682/833/881 683/832/880 704/854/909
s 55
f 683/835/883 684/825/869 685/824/868 704/853/910
s 52
f 691/790/828 692/789/827 687/843/891 705/855/911
s 56
f 687/841/889 688/838/886 689/837/885 705/856/912
s 51
f 689/840/888 690/786/824 691/785/823 705/857/913
s 54
f 697/805/848 698/808/847 693/828/874 706/858/914
s 56
f 693/828/878 694/830/877 695/842/890 706/858/915
s 52
f 695/844/892 696/806/844 697/805/843 706/858/916
s 57
f 707/859/917 709/862/918 717/861/919 716/860/920
s 58
f 722/863/921 711/866/922 718/865/923 723/864/924
s 59
f 711/866/925 713/868/926 715/867/927 718/865/928
s 60
f 713/869/929 721/872/930 720/871/931 715/870/932
s 61
f 724/873/933 712/876/934 714/875/935 719/874/936
s 62
f 713/877/937 711/866/938 722/863/939 721/878/940
s off
f 725/879/941 728/882/942 727/881/943 726/880/944
s 57
f 717/861/919 710/884/945 708/883/946 716/860/920
s 58
f 718/865/923 712/876/947 724/873/948 723/864/924
s 59
f 715/867/927 714/885/949 712/876/950 718/865/928
s 60
f 720/871/931 716/860/951 708/883/952 719/886/953
f 721/872/930 707/859/954 716/860/951 720/871/931
s 62
f 722/863/939 709/862/955 707/887/956 721/878/940
s 58
f 709/862/957 722/863/921 723/864/924 717/861/958
f 724/873/948 710/884/959 717/861/958 723/864/924
s 61
f 708/888/960 710/884/961 724/873/933 719/874/936
s 63
f 715/867/962 733/890/963 736/889/964 714/885/965
s 64
f 714/875/966 736/892/967 735/891/968 719/874/969
s 65
f 719/886/970 735/894/971 734/893/972 720/871/973
s 66
f 720/871/974 734/896/975 733/895/976 715/870/977
f 730/897/978 728/882/979 725/879/980 729/898/981
s 65
f 731/899/982 727/902/983 728/901/984 730/900/985
s 64
f 732/903/986 726/906/987 727/905/988 731/904/989
s 63
f 729/907/990 725/910/991 726/909/992 732/908/993
s 66
f 734/896/975 730/897/978 729/898/981 733/895/976
s 65
f 735/894/971 731/899/982 730/900/985 734/893/972
s 64
f 736/892/967 732/903/986 731/904/989 735/891/968
s 63
f 733/890/963 729/907/990 732/908/993 736/889/964
s 67
f 738/911/994 737/912/995 773/913/996 778/914/997
s 68
f 737/915/998 742/916/999 774/917/1000 773/918/1001
s 69
f 740/919/1002 739/920/1003 747/921/1004 746/922/1005
s 67
f 739/923/1006 738/911/994 748/924/1007 747/925/1008
s 68
f 742/916/999 741/926/1009 751/927/1010 750/928/1011
s 69
f 741/929/1012 740/919/1002 752/930/1013 751/931/1014
s 70
f 744/932/1015 743/933/1016 779/934/1017 784/935/1018
s 67
f 743/936/1019 748/924/1007 780/937/1020 779/938/1021
s 69
f 746/922/1005 745/939/1022 759/940/1023 758/941/1024
s 70
f 745/942/1025 744/932/1015 760/943/1026 759/944/1027
s 68
f 750/928/1011 749/945/1028 763/946/1029 762/947/1030
s 71
f 749/945/1031 754/948/1032 764/949/1033 763/946/1034
f 754/948/1032 753/950/1035 757/951/1036 756/952/1037
s 69
f 753/950/1038 752/930/1013 758/941/1024 757/951/1039
s 71
f 756/952/1037 755/953/1040 771/954/1041 770/955/1042
s 70
f 755/953/1043 760/943/1026 772/956/1044 771/954/1045
s 68
f 762/947/1030 761/957/1046 775/958/1047 774/917/1000
s 72
f 761/959/1048 766/960/1049 776/961/1050 775/962/1051
f 766/960/1049 765/963/1052 769/964/1053 768/965/1054
s 71
f 765/963/1055 764/949/1033 770/955/1042 769/964/1056
s 72
f 768/965/1054 767/966/1057 783/967/1058 782/968/1059
s 70
f 767/969/1060 772/956/1044 784/935/1018 783/970/1061
s 67
f 778/914/997 777/971/1062 781/972/1063 780/937/1020
s 72
f 777/971/1064 776/961/1050 782/968/1059 781/972/1065
s 69
f 740/919/1002 746/922/1005 758/941/1024 752/930/1013
s 71
f 754/948/1032 756/952/1037 770/955/1042 764/949/1033
s 72
f 766/960/1049 768/965/1054 782/968/1059 776/961/1050
s 67
f 778/914/997 780/937/1020 748/924/1007 738/911/994
s 70
f 744/932/1015 784/935/1018 772/956/1044 760/943/1026
s 68
f 774/917/1000 742/916/999 750/928/1011 762/947/1030
f 741/926/1009 742/916/999 737/915/998 785/973/1066
s 67
f 737/912/995 738/911/994 739/923/1006 785/974/1067
s 69
f 739/920/1003 740/919/1002 741/929/1012 785/975/1068
s 67
f 747/925/1008 748/924/1007 743/936/1019 786/976/1069
s 70
f 743/933/1016 744/932/1015 745/942/1025 786/977/1070
s 69
f 745/939/1022 746/922/1005 747/921/1004 786/978/1071
s 71
f 753/950/1035 754/948/1032 749/945/1031 787/979/1072
s 68
f 749/945/1028 750/928/1011 751/927/1010 787/979/1073
s 69
f 751/931/1014 752/930/1013 753/950/1038 787/979/1074
s 70
f 759/944/1027 760/943/1026 755/953/1043 788/980/1075
s 71
f 755/953/1040 756/952/1037 757/951/1036 788/980/1076
s 69
f 757/951/1039 758/941/1024 759/940/1023 788/980/1077
s 72
f 765/963/1052 766/960/1049 761/959/1048 789/981/1078
s 68
f 761/957/1046 762/947/1030 763/946/1029 789/981/1079
s 71
f 763/946/1034 764/949/1033 765/963/1055 789/981/1080
s 70
f 771/954/1045 772/956/1044 767/969/1060 790/982/1081
s 72
f 767/966/1057 768/965/1054 769/964/1053 790/982/1082
s 71
f 769/964/1056 770/955/1042 771/954/1041 790/982/1083
s 67
f 777/971/1062 778/914/997 773/913/996 791/983/1084
s 68
f 773/918/1001 774/917/1000 775/958/1047 791/984/1085
s 72
f 775/962/1051 776/961/1050 777/971/1064 791/983/1086
s 70
f 783/970/1061 784/935/1018 779/934/1017 792/985/1087
s 67
f 779/938/1021 780/937/1020 781/972/1063 792/986/1088
s 72
f 781/972/1065 782/968/1059 783/967/1058 792/986/1089
s 73
f 793/987/1090 802/988/1091 803/989/1092 795/990/1093
s 74
f 808/991/1094 809/992/1095 804/993/1096 797/994/1097
s 75
f 797/994/1098 804/993/1099 801/995/1100 799/996/1101
s 76
f 799/997/1102 801/998/1103 806/999/1104 807/1000/1105
s 77
f 810/1001/1106 805/1002/1107 800/1003/1108 798/1004/1109
s 78
f 799/1005/1110 807/1006/1111 808/991/1112 797/994/1113
s off
f 811/1007/1114 812/1008/1115 813/1009/1116 814/1010/1117
s 73
f 803/989/1092 802/988/1091 794/1011/1118 796/1012/1119
s 74
f 804/993/1096 809/992/1095 810/1001/1120 798/1004/1121
s 75
f 801/995/1100 804/993/1099 798/1004/1122 800/1013/1123
s 76
f 806/999/1104 805/1014/1124 794/1011/1125 802/988/1126
f 807/1000/1105 806/999/1104 802/988/1126 793/987/1127
s 78
f 808/991/1112 807/1006/1111 793/1015/1128 795/990/1129
s 74
f 795/990/1130 803/989/1131 809/992/1095 808/991/1094
f 810/1001/1120 809/992/1095 803/989/1131 796/1012/1132
s 77
f 794/1016/1133 805/1002/1107 810/1001/1106 796/1012/1134
s 79
f 801/995/1135 800/1013/1136 822/1017/1137 819/1018/1138
s 80
f 800/1003/1139 805/1002/1140 821/1019/1141 822/1020/1142
s 81
f 805/1014/1143 806/999/1144 820/1021/1145 821/1022/1146
s 82
f 806/999/1147 801/998/1148 819/1023/1149 820/1024/1150
f 816/1025/1151 815/1026/1152 811/1007/1153 814/1010/1154
s 81
f 817/1027/1155 816/1028/1156 814/1029/1157 813/1030/1158
s 80
f 818/1031/1159 817/1032/1160 813/1033/1161 812/1034/1162
s 79
f 815/1035/1163 818/1036/1164 812/1037/1165 811/1038/1166
s 82
f 820/1024/1150 819/1023/1149 815/1026/1152 816/1025/1151
s 81
f 821/1022/1146 820/1021/1145 816/1028/1156 817/1027/1155
s 80
f 822/1020/1142 821/1019/1141 817/1032/1160 818/1031/1159
s 79
f 819/1018/1138 822/1017/1137 818/1036/1164 815/1035/1163
s off
f 828/1039/1167 829/1040/1168 843/1041/1169 842/1042/1170
f 829/1043/1171 828/1044/1172 834/1045/1173 835/1046/1174
f 830/1047/1175 831/1048/1176 833/1049/1177 832/1050/1178
f 831/1051/1179 830/1052/1180 840/1053/1181 841/1054/1182
f 832/1055/1183 833/1056/1184 837/1057/1185 836/1058/1186
f 835/1059/1187 834/1060/1188 838/1061/1189 839/1062/1190
f 836/1063/1191 837/1064/1192 841/1065/1193 840/1066/1194
f 839/1067/1195 838/1068/1196 842/1069/1197 843/1070/1198
s 83
f 824/1071/1199 833/1049/1200 831/1048/1201 823/1072/1202
s 84
f 835/1059/1203 839/1062/1204 824/1073/1205 823/1074/1206
s 83
f 833/1056/1200 824/1075/1199 827/1076/1207 825/1077/1208 837/1057/1209
s 84
f 827/1078/1210 824/1079/1205 839/1067/1204 843/1070/1211 825/1080/1212
s 83
f 837/1064/1209 825/1081/1208 826/1082/1213 841/1065/1214
s 84
f 825/1083/1212 843/1041/1211 829/1040/1215 826/1084/1216
f 829/1043/1215 835/1046/1203 823/1085/1206 826/1086/1216
s 83
f 823/1087/1202 831/1051/1201 841/1054/1214 826/1088/1213
s 85
f 853/1089/1217 865/1090/1218 844/1091/1219 856/1092/1220
s 86
f 859/1093/1221 847/1094/1222 850/1095/1223 862/1096/1224
s 87
f 830/1047/1225 832/1050/1226 846/1097/1227 867/1098/1228
s 88
f 846/1099/1229 832/1055/1230 836/1058/1231 858/1100/1232
s 89
f 830/1052/1233 867/1101/1234 855/1102/1235 840/1053/1236
s 90
f 855/1103/1237 858/1104/1238 836/1063/1239 840/1066/1240
s 91
f 849/1105/1241 838/1061/1242 834/1060/1243 852/1106/1244
s 92
f 838/1068/1245 849/1107/1246 861/1108/1247 842/1069/1248
s 93
f 828/1039/1249 842/1042/1250 861/1109/1251 864/1110/1252
s 94
f 852/1111/1253 834/1045/1254 828/1044/1255 864/1112/1256
s 85
f 844/1091/1219 845/1113/1257 857/1114/1258 856/1092/1220
s 88
f 845/1113/1259 846/1099/1229 858/1100/1232 857/1114/1260
s 86
f 847/1094/1222 848/1115/1261 851/1116/1262 850/1095/1223
s 91
f 848/1115/1263 849/1105/1241 852/1106/1244 851/1116/1264
s 86
f 850/1095/1223 851/1117/1265 863/1118/1266 862/1096/1224
s 94
f 851/1117/1267 852/1111/1253 864/1112/1256 863/1118/1268
s 85
f 853/1089/1217 854/1119/1269 866/1120/1270 865/1090/1218
s 89
f 854/1119/1271 855/1102/1235 867/1101/1234 866/1120/1272
s 85
f 853/1089/1217 856/1092/1220 857/1121/1273 854/1122/1274
s 90
f 857/1121/1275 858/1104/1238 855/1103/1237 854/1122/1276
s 92
f 848/1123/1277 860/1124/1278 861/1108/1247 849/1107/1246
s 86
f 847/1094/1222 859/1093/1221 860/1124/1279 848/1123/1280
s 93
f 860/1125/1281 863/1126/1282 864/1110/1252 861/1109/1251
s 86
f 859/1093/1221 862/1096/1224 863/1126/1283 860/1125/1284
s 87
f 845/1127/1285 866/1128/1286 867/1098/1228 846/1097/1227
s 85
f 844/1091/1219 865/1090/1218 866/1128/1287 845/1127/1288
s off
f 873/1129/1289 874/1130/1290 888/1131/1291 887/1132/1292
f 874/1133/1293 873/1134/1294 879/1135/1295 880/1136/1296
f 875/1137/1297 876/1138/1298 878/1139/1299 877/1140/1300
f 876/1141/1301 875/1142/1302 885/1143/1303 886/1144/1304
f 877/1145/1305 878/1146/1306 882/1147/1307 881/1148/1308
f 880/1149/1309 879/1150/1310 883/1151/1311 884/1152/1312
f 881/1153/1313 882/1154/1314 886/1155/1315 885/1156/1316
f 884/1157/1317 883/1158/1318 887/1159/1319 888/1160/1320
s 95
f 869/1161/1321 878/1139/1322 876/1138/1323 868/1162/1324
s 96
f 880/1149/1325 884/1152/1326 869/1163/1327 868/1164/1328
s 95
f 878/1146/1322 869/1165/1321 872/1166/1329 870/1167/1330 882/1147/1331
s 96
f 872/1168/1332 869/1169/1327 884/1157/1326 888/1160/1333 870/1170/1334
s 95
f 882/1154/1331 870/1171/1330 871/1172/1335 886/1155/1336
s 96
f 870/1173/1334 888/1131/1333 874/1130/1337 871/1174/1338
f 874/1133/1337 880/1136/1325 868/1175/1328 871/1176/1338
s 95
f 868/1177/1324 876/1141/1323 886/1144/1336 871/1178/1335
s 97
f 898/1179/1339 910/1180/1340 889/1181/1341 901/1182/1342
s 98
f 904/1183/1343 892/1184/1344 895/1185/1345 907/1186/1346
s 99
f 875/1137/1347 877/1140/1348 891/1187/1349 912/1188/1350
s 100
f 891/1189/1351 877/1145/1352 881/1148/1353 903/1190/1354
s 101
f 875/1142/1355 912/1191/1356 900/1192/1357 885/1143/1358
s 102
f 900/1193/1359 903/1194/1360 881/1153/1361 885/1156/1362
s 103
f 894/1195/1363 883/1151/1364 879/1150/1365 897/1196/1366
s 104
f 883/1158/1367 894/1197/1368 906/1198/1369 887/1159/1370
s 105
f 873/1129/1371 887/1132/1372 906/1199/1373 909/1200/1374
s 106
f 897/1201/1375 879/1135/1376 873/1134/1377 909/1202/1378
s 97
f 889/1181/1341 890/1203/1379 902/1204/1380 901/1182/1342
s 100
f 890/1203/1381 891/1189/1351 903/1190/1354 902/1204/1382
s 98
f 892/1184/1344 893/1205/1383 896/1206/1384 895/1185/1345
s 103
f 893/1205/1385 894/1195/1363 897/1196/1366 896/1206/1386
s 98
f 895/1185/1345 896/1207/1387 908/1208/1388 907/1186/1346
s 106
f 896/1207/1389 897/1201/1375 909/1202/1378 908/1208/1390
s 97
f 898/1179/1339 899/1209/1391 911/1210/1392 910/1180/1340
s 101
f 899/1209/1393 900/1192/1357 912/1191/1356 911/1210/1394
s 97
f 898/1179/1339 901/1182/1342 902/1211/1395 899/1212/1396
s 102
f 902/1211/1397 903/1194/1360 900/1193/1359 899/1212/1398
s 104
f 893/1213/1399 905/1214/1400 906/1198/1369 894/1197/1368
s 98
f 892/1184/1344 904/1183/1343 905/1214/1401 893/1213/1402
s 105
f 905/1215/1403 908/1216/1404 909/1200/1374 906/1199/1373
s 98
f 904/1183/1343 907/1186/1346 908/1216/1405 905/1215/1406
s 99
f 890/1217/1407 911/1218/1408 912/1188/1350 891/1187/1349
s 97
f 889/1181/1341 910/1180/1340 911/1218/1409 890/1217/1410
