# This file uses centimeters as units for non-parametric coordinates.

mtllib TheFinalProps.mtl
g default
v -3.862127 -0.694190 6.880298
v -3.849342 -0.694190 6.880298
v -3.862127 -0.664106 6.880298
v -3.849342 -0.664106 6.880298
v -3.862127 -0.664106 6.853772
v -3.849342 -0.664106 6.853772
v -3.862127 -0.694190 6.853772
v -3.849342 -0.694190 6.853772
v -3.852905 -0.665993 6.878386
v -3.855466 -0.665993 6.879446
v -3.858027 -0.665993 6.878386
v -3.859088 -0.665993 6.875824
v -3.858027 -0.665993 6.873264
v -3.855466 -0.665993 6.872202
v -3.852905 -0.665993 6.873264
v -3.851844 -0.665993 6.875824
v -3.852905 -0.658749 6.878386
v -3.855466 -0.658749 6.879446
v -3.858027 -0.658749 6.878386
v -3.859088 -0.658749 6.875824
v -3.858027 -0.658749 6.873264
v -3.855466 -0.658749 6.872202
v -3.852905 -0.658749 6.873264
v -3.851844 -0.658749 6.875824
v -3.852905 -0.650743 6.878386
v -3.855466 -0.650743 6.879446
v -3.858027 -0.650743 6.878386
v -3.859088 -0.650743 6.875824
v -3.858027 -0.650743 6.873264
v -3.855466 -0.650743 6.872202
v -3.852905 -0.650743 6.873264
v -3.851844 -0.650743 6.875824
v -3.852905 -0.648529 6.877911
v -3.855466 -0.648255 6.878936
v -3.858027 -0.648529 6.877911
v -3.859088 -0.649192 6.875437
v -3.858027 -0.649855 6.872964
v -3.855466 -0.650130 6.871939
v -3.852905 -0.649855 6.872964
v -3.851844 -0.649192 6.875437
v -3.852905 -0.645003 6.876611
v -3.855466 -0.644253 6.877361
v -3.858027 -0.645003 6.876611
v -3.859088 -0.646814 6.874800
v -3.858027 -0.648624 6.872989
v -3.855466 -0.649375 6.872238
v -3.852905 -0.648624 6.872989
v -3.851844 -0.646814 6.874800
v -3.852905 -0.643035 6.873425
v -3.855466 -0.642010 6.873699
v -3.858027 -0.643035 6.873425
v -3.859088 -0.645509 6.872762
v -3.858027 -0.647982 6.872099
v -3.855466 -0.649007 6.871824
v -3.852905 -0.647982 6.872099
v -3.851844 -0.645509 6.872762
v -3.852905 -0.642652 6.868258
v -3.855466 -0.641592 6.868258
v -3.858027 -0.642652 6.868258
v -3.859088 -0.645214 6.868257
v -3.858027 -0.647774 6.868257
v -3.855466 -0.648836 6.868257
v -3.852905 -0.647774 6.868257
v -3.851844 -0.645214 6.868257
v -3.852905 -0.665993 6.857045
v -3.855466 -0.665993 6.855984
v -3.858027 -0.665993 6.857045
v -3.859088 -0.665993 6.859606
v -3.858027 -0.665993 6.862166
v -3.855466 -0.665993 6.863228
v -3.852905 -0.665993 6.862166
v -3.851844 -0.665993 6.859606
v -3.852905 -0.658749 6.857045
v -3.855466 -0.658749 6.855984
v -3.858027 -0.658749 6.857045
v -3.859088 -0.658749 6.859606
v -3.858027 -0.658749 6.862166
v -3.855466 -0.658749 6.863228
v -3.852905 -0.658749 6.862166
v -3.851844 -0.658749 6.859606
v -3.852905 -0.650743 6.857045
v -3.855466 -0.650743 6.855984
v -3.858027 -0.650743 6.857045
v -3.859088 -0.650743 6.859606
v -3.858027 -0.650743 6.862166
v -3.855466 -0.650743 6.863228
v -3.852905 -0.650743 6.862166
v -3.851844 -0.650743 6.859606
v -3.852905 -0.648529 6.857519
v -3.855466 -0.648255 6.856495
v -3.858027 -0.648529 6.857519
v -3.859088 -0.649192 6.859993
v -3.858027 -0.649855 6.862467
v -3.855466 -0.650130 6.863492
v -3.852905 -0.649855 6.862467
v -3.851844 -0.649192 6.859993
v -3.852905 -0.645003 6.858819
v -3.855466 -0.644253 6.858069
v -3.858027 -0.645003 6.858819
v -3.859088 -0.646814 6.860631
v -3.858027 -0.648624 6.862441
v -3.855466 -0.649375 6.863192
v -3.852905 -0.648624 6.862441
v -3.851844 -0.646814 6.860631
v -3.852905 -0.643035 6.862005
v -3.855466 -0.642010 6.861731
v -3.858027 -0.643035 6.862005
v -3.859088 -0.645509 6.862669
v -3.858027 -0.647982 6.863332
v -3.855466 -0.649007 6.863605
v -3.852905 -0.647982 6.863332
v -3.851844 -0.645509 6.862669
v -3.852905 -0.642652 6.867173
v -3.855466 -0.641592 6.867173
v -3.858027 -0.642652 6.867173
v -3.859088 -0.645214 6.867173
v -3.858027 -0.647774 6.867173
v -3.855466 -0.648836 6.867173
v -3.852905 -0.647774 6.867173
v -3.851844 -0.645214 6.867173
v -4.434414 -0.900000 6.411808
v -3.872391 -0.900000 6.411808
v -4.434414 -0.900000 6.926283
v -3.872391 -0.900001 6.926283
v -4.434414 -0.340723 6.926283
v -4.434414 -0.340723 6.411808
v -3.872391 -0.340724 6.411808
v -3.872391 -0.340724 6.926283
v -3.872391 -0.340724 6.844559
v -3.872391 -0.900000 6.844559
v -4.434414 -0.900000 6.844559
v -4.434414 -0.340723 6.844559
v -3.872391 -0.340724 6.805658
v -3.872391 -0.900000 6.805658
v -4.434414 -0.900000 6.805658
v -4.434414 -0.340723 6.805658
v -3.872391 -0.610406 6.411808
v -4.434414 -0.610406 6.411808
v -4.434414 -0.610406 6.926283
v -3.872391 -0.610406 6.926283
v -3.872391 -0.544520 6.411808
v -4.434414 -0.544519 6.411808
v -4.434414 -0.544519 6.926283
v -3.872391 -0.544520 6.926283
v -3.872391 -0.361046 6.805658
v -3.872391 -0.361046 6.411808
v -4.434414 -0.361046 6.411808
v -4.434414 -0.361046 6.926283
v -3.872391 -0.361046 6.926283
v -3.872391 -0.361046 6.844559
v -3.872391 -0.879943 6.805658
v -3.872391 -0.879943 6.411808
v -4.434415 -0.879943 6.411808
v -4.434415 -0.879943 6.926283
v -3.872391 -0.879944 6.926283
v -3.872391 -0.879943 6.844559
v -3.872391 -0.879943 6.428882
v -3.872391 -0.610406 6.428882
v -3.872391 -0.544520 6.428882
v -3.872391 -0.361046 6.428882
v -3.872391 -0.340724 6.428882
v -4.434415 -0.340723 6.428882
v -4.434415 -0.900000 6.428882
v -3.872391 -0.900000 6.428882
v -3.872391 -0.879944 6.910270
v -3.872391 -0.610406 6.910270
v -3.872391 -0.544520 6.910270
v -3.872391 -0.361046 6.910270
v -3.872391 -0.340724 6.910270
v -4.434415 -0.340723 6.910270
v -4.434415 -0.900000 6.910270
v -3.872391 -0.900000 6.910270
v -3.864034 -0.879943 6.428882
v -3.864034 -0.610406 6.428882
v -3.864034 -0.610406 6.805658
v -3.864034 -0.879943 6.805658
v -3.864034 -0.879943 6.844559
v -3.864034 -0.610406 6.844559
v -3.864034 -0.544520 6.428882
v -3.864034 -0.544520 6.805658
v -3.818897 -0.610406 6.844559
v -3.818897 -0.610406 6.805658
v -3.818897 -0.544520 6.805658
v -3.818897 -0.544520 6.844559
v -3.864034 -0.544520 6.844559
v -3.864034 -0.361046 6.428882
v -3.864034 -0.361046 6.805658
v -3.864034 -0.361046 6.844559
v -3.864034 -0.610406 6.910270
v -3.864034 -0.879944 6.910270
v -3.864034 -0.544520 6.910270
v -3.864034 -0.361046 6.910270
v -3.864034 -0.610406 6.763714
v -3.864034 -0.544520 6.763714
v -3.864034 -0.361046 6.763714
v -3.872391 -0.361046 6.763714
v -3.872391 -0.340724 6.763714
v -4.434414 -0.340723 6.763714
v -4.434414 -0.900000 6.763714
v -3.872391 -0.900000 6.763714
v -3.872391 -0.879943 6.763714
v -3.864034 -0.879943 6.763714
v -3.864034 -0.610406 6.579816
v -3.864034 -0.544520 6.579816
v -3.864034 -0.361046 6.579816
v -3.872391 -0.361046 6.579816
v -3.872391 -0.340724 6.579816
v -4.434415 -0.340723 6.579816
v -4.434415 -0.900000 6.579816
v -3.872391 -0.900000 6.579816
v -3.872391 -0.879943 6.579816
v -3.864034 -0.879943 6.579816
v -3.864034 -0.697656 6.763714
v -3.864034 -0.710051 6.763714
v -3.864034 -0.710051 6.805658
v -3.864034 -0.697656 6.805658
v -3.864034 -0.710051 6.844559
v -3.864034 -0.697656 6.844559
v -3.864034 -0.697656 6.910270
v -3.864034 -0.710051 6.910270
v -3.872391 -0.697656 6.910270
v -3.872391 -0.710051 6.910270
v -3.872391 -0.697656 6.926283
v -3.872391 -0.710051 6.926283
v -4.434414 -0.710051 6.926283
v -4.434414 -0.697656 6.926283
v -4.434414 -0.697656 6.411808
v -4.434414 -0.710051 6.411808
v -3.872391 -0.710051 6.411808
v -3.872391 -0.697656 6.411808
v -3.872391 -0.697656 6.428882
v -3.872391 -0.710051 6.428882
v -3.864034 -0.697656 6.428882
v -3.864034 -0.710051 6.428882
v -3.864034 -0.697656 6.579816
v -3.864034 -0.710051 6.579816
v -3.864034 -0.738977 6.763714
v -3.864034 -0.751372 6.763714
v -3.864034 -0.751372 6.805658
v -3.864034 -0.738977 6.805658
v -3.864034 -0.751372 6.844559
v -3.864034 -0.738977 6.844559
v -3.864034 -0.738977 6.910270
v -3.864034 -0.751372 6.910270
v -3.872391 -0.738977 6.910270
v -3.872391 -0.751372 6.910270
v -3.872391 -0.738977 6.926283
v -3.872391 -0.751372 6.926283
v -4.434415 -0.751372 6.926283
v -4.434415 -0.738977 6.926283
v -4.434415 -0.738977 6.411808
v -4.434415 -0.751372 6.411808
v -3.872391 -0.751372 6.411808
v -3.872391 -0.738977 6.411808
v -3.872391 -0.738977 6.428882
v -3.872391 -0.751372 6.428882
v -3.864034 -0.738977 6.428882
v -3.864034 -0.751372 6.428882
v -3.864034 -0.738977 6.579816
v -3.864034 -0.751372 6.579816
v -3.864034 -0.780298 6.763714
v -3.864034 -0.792693 6.763714
v -3.864034 -0.792693 6.805658
v -3.864034 -0.780298 6.805658
v -3.864034 -0.792693 6.844559
v -3.864034 -0.780298 6.844559
v -3.864034 -0.792693 6.910270
v -3.864034 -0.780298 6.910270
v -3.872391 -0.792693 6.910270
v -3.872391 -0.780298 6.910270
v -3.872391 -0.792693 6.926283
v -3.872391 -0.780298 6.926283
v -4.434415 -0.792693 6.926283
v -4.434415 -0.780298 6.926283
v -4.434415 -0.792693 6.411808
v -4.434415 -0.780298 6.411808
v -3.872391 -0.792693 6.411808
v -3.872391 -0.780298 6.411808
v -3.872391 -0.792693 6.428882
v -3.872391 -0.780298 6.428882
v -3.864034 -0.792693 6.428882
v -3.864034 -0.780298 6.428882
v -3.864034 -0.792693 6.579816
v -3.864034 -0.780298 6.579816
v -3.856484 -0.701303 6.763714
v -3.849768 -0.710051 6.763714
v -3.849768 -0.710051 6.579816
v -3.856484 -0.701303 6.579816
v -3.856484 -0.742625 6.763714
v -3.849768 -0.751372 6.763714
v -3.849768 -0.751372 6.579816
v -3.856484 -0.742625 6.579816
v -3.856484 -0.783946 6.763714
v -3.849768 -0.792693 6.763714
v -3.849768 -0.792693 6.579816
v -3.856484 -0.783946 6.579816
vt 0.975774 0.042638
vt 0.974287 0.042638
vt 0.974287 0.039138
vt 0.974287 0.037650
vt 0.971200 0.039138
vt 0.969713 0.039138
vt 0.971200 0.042638
vt 0.971200 0.044126
vt 0.969713 0.042638
vt 0.971200 0.037650
vt 0.975774 0.039138
vt 0.974287 0.044126
vt 0.782167 0.012631
vt 0.782147 0.013473
vt 0.781810 0.013432
vt 0.781836 0.012599
vt 0.781471 0.013410
vt 0.781502 0.012577
vt 0.781135 0.013406
vt 0.781170 0.012564
vt 0.783770 0.012731
vt 0.783753 0.013608
vt 0.783426 0.013618
vt 0.783444 0.012731
vt 0.783109 0.013612
vt 0.783126 0.012722
vt 0.782794 0.013580
vt 0.782810 0.012700
vt 0.782476 0.013528
vt 0.782492 0.012667
vt 0.782098 0.014328
vt 0.781769 0.014264
vt 0.781440 0.014266
vt 0.781116 0.014314
vt 0.783732 0.014589
vt 0.783412 0.014666
vt 0.783079 0.014692
vt 0.782744 0.014604
vt 0.782422 0.014454
vt 0.782087 0.014539
vt 0.781758 0.014484
vt 0.781430 0.014487
vt 0.781114 0.014513
vt 0.783726 0.014748
vt 0.783409 0.014794
vt 0.783075 0.014800
vt 0.782737 0.014740
vt 0.782408 0.014635
vt 0.782040 0.014861
vt 0.781738 0.014851
vt 0.781438 0.014831
vt 0.781137 0.014813
vt 0.783792 0.014960
vt 0.783452 0.014954
vt 0.783070 0.014935
vt 0.782685 0.014905
vt 0.782343 0.014881
vt 0.782048 0.015188
vt 0.781731 0.015194
vt 0.781412 0.015174
vt 0.781089 0.015120
vt 0.783768 0.015186
vt 0.783432 0.015103
vt 0.783067 0.015032
vt 0.782699 0.015070
vt 0.782368 0.015143
vt 0.782087 0.015657
vt 0.781736 0.015663
vt 0.781390 0.015654
vt 0.781067 0.015641
vt 0.783665 0.015650
vt 0.783364 0.015630
vt 0.783056 0.015619
vt 0.782741 0.015626
vt 0.782423 0.015643
vt 0.782163 0.018781
vt 0.781832 0.018813
vt 0.781807 0.017980
vt 0.782144 0.017939
vt 0.781498 0.018834
vt 0.781468 0.018001
vt 0.781166 0.018846
vt 0.781133 0.018005
vt 0.783766 0.018684
vt 0.783440 0.018683
vt 0.783424 0.017797
vt 0.783750 0.017807
vt 0.783121 0.018692
vt 0.783106 0.017802
vt 0.782806 0.018713
vt 0.782792 0.017834
vt 0.782488 0.018745
vt 0.782473 0.017885
vt 0.781767 0.017148
vt 0.782097 0.017085
vt 0.781438 0.017145
vt 0.781115 0.017098
vt 0.783411 0.016749
vt 0.783731 0.016826
vt 0.783078 0.016722
vt 0.782744 0.016809
vt 0.782421 0.016959
vt 0.781757 0.016928
vt 0.782085 0.016874
vt 0.781429 0.016924
vt 0.781113 0.016899
vt 0.783409 0.016620
vt 0.783726 0.016667
vt 0.783074 0.016613
vt 0.782736 0.016673
vt 0.782407 0.016778
vt 0.781738 0.016561
vt 0.782039 0.016551
vt 0.781438 0.016580
vt 0.781136 0.016598
vt 0.783452 0.016460
vt 0.783792 0.016454
vt 0.783069 0.016479
vt 0.782684 0.016508
vt 0.782342 0.016532
vt 0.781731 0.016218
vt 0.782048 0.016225
vt 0.781412 0.016238
vt 0.781088 0.016292
vt 0.783432 0.016311
vt 0.783769 0.016228
vt 0.783066 0.016382
vt 0.782699 0.016343
vt 0.782367 0.016269
vt 0.781737 0.015750
vt 0.782088 0.015756
vt 0.781390 0.015758
vt 0.781066 0.015771
vt 0.783364 0.015785
vt 0.783668 0.015763
vt 0.783055 0.015795
vt 0.782740 0.015787
vt 0.782423 0.015770
vt 0.991764 0.851876
vt 0.989399 0.851876
vt 0.989399 0.786480
vt 0.991764 0.786480
vt 0.471008 0.849952
vt 0.466127 0.849952
vt 0.466127 0.784556
vt 0.471008 0.784556
vt 0.556261 0.586323
vt 0.556261 0.588688
vt 0.551380 0.588688
vt 0.551380 0.586323
vt 0.556261 0.654084
vt 0.551380 0.654084
vt 0.537345 0.586323
vt 0.537345 0.588688
vt 0.471949 0.588688
vt 0.471949 0.586323
vt 0.539208 0.586323
vt 0.539208 0.588688
vt 0.453955 0.784556
vt 0.453955 0.849952
vt 0.452091 0.849952
vt 0.452091 0.784556
vt 0.539208 0.654084
vt 0.537345 0.654084
vt 0.546854 0.586323
vt 0.546854 0.588688
vt 0.461601 0.849952
vt 0.461601 0.784556
vt 0.546854 0.654084
vt 0.428416 0.555947
vt 0.428416 0.563613
vt 0.423535 0.563613
vt 0.423535 0.555947
vt 0.968051 0.786480
vt 0.968051 0.851876
vt 0.960385 0.851876
vt 0.960385 0.786480
vt 0.537345 0.557309
vt 0.537345 0.564975
vt 0.471949 0.564975
vt 0.471949 0.557308
vt 0.539208 0.557309
vt 0.539208 0.564975
vt 0.969562 0.073991
vt 0.965036 0.073991
vt 0.965036 0.066325
vt 0.969562 0.066325
vt 0.969562 0.079243
vt 0.965036 0.079243
vt 0.959784 0.073991
vt 0.959784 0.066325
vt 0.965036 0.061073
vt 0.969562 0.061073
vt 0.974814 0.066325
vt 0.974814 0.073991
vt 0.428416 0.584962
vt 0.423535 0.584962
vt 0.419009 0.563613
vt 0.419009 0.584962
vt 0.556261 0.523612
vt 0.556261 0.525946
vt 0.551380 0.525946
vt 0.551380 0.523612
vt 0.929022 0.786480
vt 0.929022 0.851876
vt 0.926688 0.851876
vt 0.926688 0.786480
vt 0.537345 0.523612
vt 0.537345 0.525946
vt 0.471949 0.525946
vt 0.471949 0.523612
vt 0.539208 0.523612
vt 0.539208 0.525946
vt 0.546854 0.525946
vt 0.546854 0.523612
vt 0.597208 0.557309
vt 0.597208 0.564975
vt 0.595221 0.564975
vt 0.595221 0.557309
vt 0.597208 0.586323
vt 0.595221 0.586323
vt 0.597208 0.588688
vt 0.595221 0.588688
vt 0.597208 0.654084
vt 0.595221 0.654084
vt 0.511954 0.849952
vt 0.509968 0.849952
vt 0.509968 0.784556
vt 0.511954 0.784556
vt 0.597208 0.523612
vt 0.597208 0.525946
vt 0.595221 0.525946
vt 0.595221 0.523612
vt 0.419009 0.555947
vt 0.411363 0.563613
vt 0.411363 0.555947
vt 0.411363 0.584962
vt 0.423535 0.523612
vt 0.428416 0.523612
vt 0.428416 0.524584
vt 0.423535 0.524584
vt 0.419009 0.523612
vt 0.419009 0.524584
vt 0.468348 0.555947
vt 0.468348 0.563613
vt 0.467376 0.563613
vt 0.467376 0.555947
vt 0.468348 0.584962
vt 0.467376 0.584962
vt 0.428416 0.585934
vt 0.423535 0.585934
vt 0.419009 0.585934
vt 0.411363 0.523612
vt 0.411363 0.524584
vt 0.410390 0.563613
vt 0.410390 0.555947
vt 0.411363 0.585934
vt 0.410390 0.584962
vt 0.449814 0.555947
vt 0.449814 0.563613
vt 0.449814 0.584962
vt 0.449814 0.585934
vt 0.577659 0.586323
vt 0.577659 0.588688
vt 0.577659 0.654084
vt 0.492405 0.849952
vt 0.492405 0.784556
vt 0.577659 0.523612
vt 0.577659 0.525946
vt 0.449814 0.523612
vt 0.449814 0.524584
vt 0.467376 0.585934
vt 0.467376 0.523612
vt 0.467376 0.524584
vt 0.412672 0.114875
vt 0.411389 0.114875
vt 0.411389 0.093477
vt 0.412672 0.093477
vt 0.428416 0.544353
vt 0.428416 0.545795
vt 0.423535 0.545795
vt 0.423535 0.544353
vt 0.419009 0.545795
vt 0.419009 0.544353
vt 0.411363 0.545795
vt 0.411363 0.544353
vt 0.410390 0.545795
vt 0.410390 0.544353
vt 0.539208 0.545714
vt 0.539208 0.547156
vt 0.537345 0.547156
vt 0.537345 0.545714
vt 0.471949 0.547156
vt 0.471949 0.545714
vt 0.948790 0.786480
vt 0.950232 0.786480
vt 0.950232 0.851876
vt 0.948790 0.851876
vt 0.597208 0.545714
vt 0.597208 0.547156
vt 0.595221 0.547156
vt 0.595221 0.545714
vt 0.468348 0.544353
vt 0.468348 0.545795
vt 0.467376 0.545795
vt 0.467376 0.544353
vt 0.449814 0.545795
vt 0.449814 0.544353
vt 0.960760 0.093682
vt 0.962043 0.093682
vt 0.962043 0.115080
vt 0.960760 0.115080
vt 0.428416 0.539545
vt 0.428416 0.540987
vt 0.423535 0.540987
vt 0.423535 0.539545
vt 0.419009 0.540987
vt 0.419009 0.539545
vt 0.411363 0.540987
vt 0.411363 0.539544
vt 0.410390 0.540987
vt 0.410390 0.539544
vt 0.539208 0.540906
vt 0.539208 0.542348
vt 0.537345 0.542348
vt 0.537345 0.540906
vt 0.471949 0.542348
vt 0.471949 0.540906
vt 0.943982 0.786480
vt 0.945424 0.786480
vt 0.945424 0.851876
vt 0.943982 0.851876
vt 0.597208 0.540906
vt 0.597208 0.542348
vt 0.595221 0.542348
vt 0.595221 0.540906
vt 0.468348 0.539544
vt 0.468348 0.540987
vt 0.467376 0.540987
vt 0.467376 0.539545
vt 0.449814 0.540987
vt 0.449814 0.539545
vt 0.598689 0.001317
vt 0.599973 0.001317
vt 0.599973 0.022715
vt 0.598689 0.022715
vt 0.428416 0.534737
vt 0.428416 0.536179
vt 0.423535 0.536179
vt 0.423535 0.534737
vt 0.419009 0.536179
vt 0.419009 0.534737
vt 0.411363 0.536179
vt 0.411363 0.534736
vt 0.410390 0.536179
vt 0.410390 0.534736
vt 0.539208 0.536098
vt 0.539208 0.537540
vt 0.537345 0.537540
vt 0.537345 0.536098
vt 0.471949 0.537540
vt 0.471949 0.536098
vt 0.939174 0.786480
vt 0.940616 0.786480
vt 0.940616 0.851876
vt 0.939174 0.851876
vt 0.597208 0.536098
vt 0.597208 0.537540
vt 0.595221 0.537540
vt 0.595221 0.536098
vt 0.468348 0.534736
vt 0.468348 0.536179
vt 0.467376 0.536179
vt 0.467376 0.534736
vt 0.449814 0.536179
vt 0.449814 0.534736
vt 0.468348 0.524584
vt 0.410390 0.524584
vt 0.413543 0.115313
vt 0.412400 0.116192
vt 0.409728 0.114875
vt 0.409728 0.093477
vt 0.412400 0.092160
vt 0.413543 0.093039
vt 0.413647 0.093477
vt 0.413647 0.114875
vt 0.959888 0.093244
vt 0.961032 0.092366
vt 0.963703 0.093682
vt 0.963703 0.115080
vt 0.961032 0.116397
vt 0.959888 0.115519
vt 0.959784 0.115080
vt 0.959784 0.093682
vt 0.597818 0.000879
vt 0.598962 0.000001
vt 0.601633 0.001317
vt 0.601633 0.022715
vt 0.598962 0.024032
vt 0.597818 0.023154
vt 0.597714 0.022715
vt 0.597714 0.001317
vn 0.000000 0.000000 1.000000
vn 0.000000 0.000000 1.000000
vn 0.000000 0.000000 1.000000
vn 0.000000 0.000000 1.000000
vn 0.000000 1.000000 0.000000
vn 0.000000 1.000000 0.000000
vn 0.000000 1.000000 0.000000
vn 0.000000 1.000000 0.000000
vn 0.000000 0.000000 -1.000000
vn 0.000000 0.000000 -1.000000
vn 0.000000 0.000000 -1.000000
vn 0.000000 0.000000 -1.000000
vn 0.000000 -1.000000 0.000000
vn 0.000000 -1.000000 0.000000
vn 0.000000 -1.000000 0.000000
vn 0.000000 -1.000000 0.000000
vn 1.000000 0.000000 0.000000
vn 1.000000 0.000000 0.000000
vn 1.000000 0.000000 0.000000
vn 1.000000 0.000000 0.000000
vn 0.382671 0.000000 0.923885
vn 0.382671 0.000000 0.923885
vn 0.382671 0.000000 0.923885
vn 0.382671 0.000000 0.923885
vn -0.382671 0.000000 0.923885
vn -0.382671 0.000000 0.923885
vn -0.382671 0.000000 0.923885
vn -0.382671 0.000000 0.923885
vn -0.923945 0.000000 0.382526
vn -0.923945 0.000000 0.382526
vn -0.923945 0.000000 0.382526
vn -0.923945 0.000000 0.382526
vn -0.923836 0.000000 -0.382788
vn -0.923836 0.000000 -0.382788
vn -0.923836 0.000000 -0.382788
vn -0.923836 0.000000 -0.382788
vn -0.383145 0.000000 -0.923688
vn -0.383145 0.000000 -0.923688
vn -0.383145 0.000000 -0.923688
vn -0.383145 0.000000 -0.923688
vn 0.383145 0.000000 -0.923688
vn 0.383145 0.000000 -0.923688
vn 0.383145 0.000000 -0.923688
vn 0.383145 0.000000 -0.923688
vn 0.923836 0.000000 -0.382788
vn 0.923836 0.000000 -0.382788
vn 0.923836 0.000000 -0.382788
vn 0.923836 0.000000 -0.382788
vn 0.923945 0.000000 0.382526
vn 0.923945 0.000000 0.382526
vn 0.923945 0.000000 0.382526
vn 0.923945 0.000000 0.382526
vn 0.382656 0.000000 0.923891
vn 0.382656 0.000000 0.923891
vn 0.382656 0.000000 0.923891
vn 0.382656 0.000000 0.923891
vn -0.382656 0.000000 0.923891
vn -0.382656 0.000000 0.923891
vn -0.382656 0.000000 0.923891
vn -0.382656 0.000000 0.923891
vn -0.923941 0.000000 0.382536
vn -0.923941 0.000000 0.382536
vn -0.923941 0.000000 0.382536
vn -0.923941 0.000000 0.382536
vn -0.923842 0.000000 -0.382774
vn -0.923842 0.000000 -0.382774
vn -0.923842 0.000000 -0.382774
vn -0.923842 0.000000 -0.382774
vn -0.383229 0.000000 -0.923654
vn -0.383229 0.000000 -0.923654
vn -0.383229 0.000000 -0.923654
vn -0.383229 0.000000 -0.923654
vn 0.383229 0.000000 -0.923654
vn 0.383229 0.000000 -0.923654
vn 0.383229 0.000000 -0.923654
vn 0.383229 0.000000 -0.923654
vn 0.923842 0.000000 -0.382774
vn 0.923842 0.000000 -0.382774
vn 0.923842 0.000000 -0.382774
vn 0.923842 0.000000 -0.382774
vn 0.923941 0.000000 0.382536
vn 0.923941 0.000000 0.382536
vn 0.923941 0.000000 0.382536
vn 0.923941 0.000000 0.382536
vn 0.378819 0.189760 0.905808
vn 0.378819 0.189760 0.905808
vn 0.378819 0.189760 0.905807
vn 0.378819 0.189760 0.905808
vn -0.378814 0.189827 0.905795
vn -0.378814 0.189827 0.905795
vn -0.378814 0.189827 0.905795
vn -0.378814 0.189827 0.905795
vn -0.922158 0.086375 0.377046
vn -0.922158 0.086375 0.377046
vn -0.922158 0.086375 0.377046
vn -0.922158 0.086375 0.377046
vn -0.921246 -0.105686 -0.374349
vn -0.921246 -0.105686 -0.374349
vn -0.921246 -0.105686 -0.374349
vn -0.921246 -0.105686 -0.374349
vn -0.371746 -0.326277 -0.869108
vn -0.371746 -0.326277 -0.869108
vn -0.371746 -0.326277 -0.869108
vn -0.371746 -0.326277 -0.869108
vn 0.371746 -0.326277 -0.869108
vn 0.371746 -0.326277 -0.869108
vn 0.371746 -0.326277 -0.869108
vn 0.371746 -0.326277 -0.869108
vn 0.921246 -0.105686 -0.374349
vn 0.921246 -0.105686 -0.374349
vn 0.921246 -0.105686 -0.374349
vn 0.921246 -0.105686 -0.374349
vn 0.922146 0.086215 0.377113
vn 0.922146 0.086215 0.377113
vn 0.922146 0.086215 0.377113
vn 0.922146 0.086215 0.377113
vn 0.367521 0.331735 0.868838
vn 0.367521 0.331735 0.868838
vn 0.367521 0.331735 0.868838
vn 0.367521 0.331735 0.868838
vn -0.367521 0.331735 0.868838
vn -0.367521 0.331735 0.868838
vn -0.367521 0.331735 0.868838
vn -0.367521 0.331735 0.868838
vn -0.916009 0.125068 0.381163
vn -0.916009 0.125068 0.381163
vn -0.916009 0.125068 0.381163
vn -0.916009 0.125068 0.381163
vn -0.909432 -0.069450 -0.410013
vn -0.909432 -0.069450 -0.410013
vn -0.909432 -0.069450 -0.410013
vn -0.909432 -0.069450 -0.410013
vn -0.295826 0.154044 -0.942739
vn -0.295826 0.154044 -0.942739
vn -0.295826 0.154044 -0.942739
vn -0.295826 0.154044 -0.942739
vn 0.295668 0.154051 -0.942788
vn 0.295668 0.154051 -0.942788
vn 0.295668 0.154051 -0.942788
vn 0.295668 0.154051 -0.942788
vn 0.909419 -0.069648 -0.410007
vn 0.909419 -0.069648 -0.410007
vn 0.909419 -0.069648 -0.410007
vn 0.909419 -0.069648 -0.410007
vn 0.916028 0.125055 0.381123
vn 0.916028 0.125055 0.381123
vn 0.916028 0.125055 0.381123
vn 0.916028 0.125055 0.381123
vn 0.371269 0.791000 0.486291
vn 0.371269 0.791000 0.486291
vn 0.371269 0.791000 0.486291
vn 0.371269 0.791000 0.486291
vn -0.371373 0.790936 0.486316
vn -0.371373 0.790936 0.486316
vn -0.371373 0.790936 0.486316
vn -0.371372 0.790936 0.486316
vn -0.919006 0.334097 0.209302
vn -0.919006 0.334097 0.209302
vn -0.919006 0.334097 0.209302
vn -0.919006 0.334097 0.209302
vn -0.918778 -0.328741 -0.218577
vn -0.918778 -0.328741 -0.218577
vn -0.918778 -0.328741 -0.218577
vn -0.918778 -0.328741 -0.218577
vn -0.368761 -0.734959 -0.569079
vn -0.368761 -0.734959 -0.569078
vn -0.368761 -0.734959 -0.569078
vn -0.368761 -0.734959 -0.569078
vn 0.368761 -0.734959 -0.569079
vn 0.368761 -0.734959 -0.569079
vn 0.368761 -0.734959 -0.569078
vn 0.368761 -0.734959 -0.569078
vn 0.918777 -0.328712 -0.218624
vn 0.918777 -0.328712 -0.218624
vn 0.918777 -0.328712 -0.218624
vn 0.918777 -0.328712 -0.218624
vn 0.919023 0.334047 0.209306
vn 0.919023 0.334047 0.209306
vn 0.919023 0.334047 0.209306
vn 0.919023 0.334047 0.209306
vn 0.379275 0.922656 0.069683
vn 0.379275 0.922656 0.069683
vn 0.379275 0.922656 0.069683
vn 0.379275 0.922656 0.069683
vn -0.379220 0.922680 0.069673
vn -0.379220 0.922680 0.069673
vn -0.379220 0.922680 0.069673
vn -0.379220 0.922680 0.069673
vn -0.922565 0.384897 0.026969
vn -0.922565 0.384897 0.026969
vn -0.922565 0.384897 0.026969
vn -0.922565 0.384897 0.026969
vn -0.922359 -0.385635 -0.023236
vn -0.922359 -0.385635 -0.023236
vn -0.922359 -0.385634 -0.023236
vn -0.922359 -0.385635 -0.023236
vn -0.378963 -0.924199 -0.047359
vn -0.378963 -0.924199 -0.047359
vn -0.378963 -0.924199 -0.047359
vn -0.378963 -0.924199 -0.047359
vn 0.378947 -0.924206 -0.047357
vn 0.378947 -0.924206 -0.047357
vn 0.378947 -0.924206 -0.047357
vn 0.378947 -0.924206 -0.047357
vn 0.922385 -0.385571 -0.023241
vn 0.922385 -0.385571 -0.023241
vn 0.922385 -0.385571 -0.023241
vn 0.922385 -0.385571 -0.023241
vn 0.922572 0.384882 0.026969
vn 0.922571 0.384882 0.026969
vn 0.922572 0.384882 0.026969
vn 0.922572 0.384882 0.026969
vn 0.382829 0.000000 -0.923819
vn 0.382829 0.000000 -0.923819
vn 0.382829 0.000000 -0.923819
vn 0.382829 0.000000 -0.923819
vn -0.382829 0.000000 -0.923819
vn -0.382829 0.000000 -0.923819
vn -0.382829 0.000000 -0.923819
vn -0.382829 0.000000 -0.923819
vn -0.923918 0.000000 -0.382592
vn -0.923918 0.000000 -0.382592
vn -0.923918 0.000000 -0.382592
vn -0.923918 0.000000 -0.382592
vn -0.923890 0.000000 0.382657
vn -0.923890 0.000000 0.382657
vn -0.923890 0.000000 0.382657
vn -0.923890 0.000000 0.382657
vn -0.382829 0.000000 0.923819
vn -0.382829 0.000000 0.923819
vn -0.382829 0.000000 0.923819
vn -0.382829 0.000000 0.923819
vn 0.382829 0.000000 0.923819
vn 0.382829 0.000000 0.923819
vn 0.382829 0.000000 0.923819
vn 0.382829 0.000000 0.923819
vn 0.923890 0.000000 0.382657
vn 0.923890 0.000000 0.382657
vn 0.923890 0.000000 0.382657
vn 0.923890 0.000000 0.382657
vn 0.923918 0.000000 -0.382592
vn 0.923918 0.000000 -0.382592
vn 0.923918 0.000000 -0.382592
vn 0.923918 0.000000 -0.382592
vn 0.382799 0.000000 -0.923832
vn 0.382799 0.000000 -0.923832
vn 0.382799 0.000000 -0.923832
vn 0.382799 0.000000 -0.923832
vn -0.382799 0.000000 -0.923832
vn -0.382799 0.000000 -0.923832
vn -0.382799 0.000000 -0.923832
vn -0.382799 0.000000 -0.923832
vn -0.923891 0.000000 -0.382655
vn -0.923891 0.000000 -0.382655
vn -0.923891 0.000000 -0.382655
vn -0.923891 0.000000 -0.382655
vn -0.923916 0.000000 0.382596
vn -0.923916 0.000000 0.382596
vn -0.923916 0.000000 0.382596
vn -0.923916 0.000000 0.382596
vn -0.382799 0.000000 0.923832
vn -0.382799 0.000000 0.923832
vn -0.382799 0.000000 0.923832
vn -0.382799 0.000000 0.923832
vn 0.382799 0.000000 0.923832
vn 0.382799 0.000000 0.923832
vn 0.382799 0.000000 0.923832
vn 0.382799 0.000000 0.923832
vn 0.923916 0.000000 0.382596
vn 0.923916 0.000000 0.382596
vn 0.923916 0.000000 0.382596
vn 0.923916 0.000000 0.382596
vn 0.923891 0.000000 -0.382655
vn 0.923891 0.000000 -0.382655
vn 0.923891 0.000000 -0.382655
vn 0.923891 0.000000 -0.382655
vn 0.378816 0.189811 -0.905798
vn 0.378815 0.189810 -0.905798
vn 0.378815 0.189811 -0.905798
vn 0.378816 0.189810 -0.905798
vn -0.378814 0.189827 -0.905795
vn -0.378814 0.189827 -0.905795
vn -0.378814 0.189827 -0.905795
vn -0.378814 0.189827 -0.905795
vn -0.922136 0.086346 -0.377108
vn -0.922135 0.086346 -0.377108
vn -0.922136 0.086346 -0.377108
vn -0.922135 0.086346 -0.377108
vn -0.921256 -0.105586 0.374353
vn -0.921256 -0.105586 0.374353
vn -0.921255 -0.105586 0.374353
vn -0.921256 -0.105586 0.374353
vn -0.371701 -0.326606 0.869003
vn -0.371701 -0.326606 0.869003
vn -0.371701 -0.326606 0.869003
vn -0.371701 -0.326606 0.869003
vn 0.371682 -0.326747 0.868959
vn 0.371682 -0.326747 0.868959
vn 0.371682 -0.326747 0.868959
vn 0.371682 -0.326747 0.868959
vn 0.921266 -0.105673 0.374302
vn 0.921266 -0.105673 0.374302
vn 0.921266 -0.105673 0.374302
vn 0.921266 -0.105673 0.374302
vn 0.922148 0.086193 -0.377113
vn 0.922148 0.086193 -0.377113
vn 0.922148 0.086193 -0.377113
vn 0.922148 0.086193 -0.377113
vn 0.367312 0.331765 -0.868915
vn 0.367313 0.331765 -0.868915
vn 0.367313 0.331765 -0.868915
vn 0.367312 0.331765 -0.868915
vn -0.367318 0.331727 -0.868927
vn -0.367318 0.331727 -0.868927
vn -0.367318 0.331727 -0.868927
vn -0.367318 0.331727 -0.868927
vn -0.916000 0.125074 -0.381182
vn -0.916000 0.125074 -0.381182
vn -0.916000 0.125074 -0.381182
vn -0.916000 0.125074 -0.381182
vn -0.909457 -0.069586 0.409934
vn -0.909457 -0.069586 0.409934
vn -0.909457 -0.069586 0.409934
vn -0.909457 -0.069586 0.409934
vn -0.295629 0.154892 0.942662
vn -0.295629 0.154892 0.942662
vn -0.295629 0.154892 0.942662
vn -0.295629 0.154892 0.942662
vn 0.295784 0.154928 0.942607
vn 0.295784 0.154928 0.942608
vn 0.295784 0.154928 0.942607
vn 0.295784 0.154928 0.942607
vn 0.909427 -0.069527 0.410010
vn 0.909427 -0.069527 0.410010
vn 0.909427 -0.069527 0.410010
vn 0.909427 -0.069527 0.410010
vn 0.915994 0.125130 -0.381180
vn 0.915994 0.125130 -0.381180
vn 0.915994 0.125130 -0.381180
vn 0.915994 0.125130 -0.381180
vn 0.371185 0.791005 -0.486346
vn 0.371185 0.791005 -0.486346
vn 0.371185 0.791005 -0.486346
vn 0.371185 0.791005 -0.486346
vn -0.371307 0.790918 -0.486395
vn -0.371307 0.790918 -0.486395
vn -0.371307 0.790918 -0.486395
vn -0.371307 0.790918 -0.486395
vn -0.919058 0.333978 -0.209263
vn -0.919058 0.333978 -0.209263
vn -0.919058 0.333978 -0.209263
vn -0.919058 0.333978 -0.209263
vn -0.918840 -0.328622 0.218498
vn -0.918840 -0.328622 0.218498
vn -0.918840 -0.328622 0.218498
vn -0.918840 -0.328622 0.218498
vn -0.368594 -0.735242 0.568821
vn -0.368594 -0.735242 0.568821
vn -0.368594 -0.735242 0.568821
vn -0.368594 -0.735242 0.568821
vn 0.368594 -0.735242 0.568821
vn 0.368594 -0.735242 0.568821
vn 0.368594 -0.735242 0.568821
vn 0.368594 -0.735242 0.568821
vn 0.918779 -0.328755 0.218554
vn 0.918779 -0.328755 0.218554
vn 0.918779 -0.328755 0.218554
vn 0.918779 -0.328755 0.218554
vn 0.919075 0.333944 -0.209241
vn 0.919075 0.333944 -0.209241
vn 0.919075 0.333944 -0.209241
vn 0.919075 0.333944 -0.209241
vn 0.379276 0.922657 -0.069666
vn 0.379276 0.922657 -0.069666
vn 0.379276 0.922657 -0.069666
vn 0.379276 0.922657 -0.069666
vn -0.379262 0.922663 -0.069666
vn -0.379262 0.922663 -0.069666
vn -0.379262 0.922663 -0.069666
vn -0.379262 0.922663 -0.069666
vn -0.922517 0.385014 -0.026969
vn -0.922517 0.385014 -0.026969
vn -0.922517 0.385014 -0.026969
vn -0.922517 0.385014 -0.026969
vn -0.922364 -0.385622 0.023244
vn -0.922364 -0.385622 0.023244
vn -0.922364 -0.385622 0.023244
vn -0.922364 -0.385622 0.023244
vn -0.378960 -0.924200 0.047364
vn -0.378960 -0.924200 0.047364
vn -0.378960 -0.924200 0.047364
vn -0.378960 -0.924200 0.047364
vn 0.378960 -0.924200 0.047364
vn 0.378960 -0.924200 0.047364
vn 0.378960 -0.924200 0.047364
vn 0.378960 -0.924200 0.047364
vn 0.922332 -0.385698 0.023244
vn 0.922332 -0.385698 0.023244
vn 0.922332 -0.385698 0.023244
vn 0.922332 -0.385698 0.023244
vn 0.922519 0.385008 -0.026968
vn 0.922519 0.385008 -0.026968
vn 0.922519 0.385008 -0.026968
vn 0.922519 0.385008 -0.026968
vn 0.382635 0.923900 0.000000
vn 0.382635 0.923900 0.000000
vn 0.382635 0.923900 0.000000
vn 0.382635 0.923900 0.000000
vn 0.923919 0.382589 0.000000
vn 0.923919 0.382589 0.000000
vn 0.923919 0.382589 0.000000
vn 0.923919 0.382589 0.000000
vn 0.923883 -0.382676 0.000000
vn 0.923883 -0.382676 0.000000
vn 0.923883 -0.382676 0.000000
vn 0.923883 -0.382676 0.000000
vn 0.382909 -0.923786 0.000000
vn 0.382909 -0.923786 0.000000
vn 0.382909 -0.923786 0.000000
vn 0.382909 -0.923786 0.000000
vn -0.382909 -0.923786 0.000000
vn -0.382909 -0.923786 0.000000
vn -0.382909 -0.923786 0.000000
vn -0.382909 -0.923786 0.000000
vn -0.923883 -0.382676 0.000000
vn -0.923883 -0.382676 0.000000
vn -0.923883 -0.382676 0.000000
vn -0.923883 -0.382676 0.000000
vn -0.923919 0.382589 0.000000
vn -0.923919 0.382589 0.000000
vn -0.923919 0.382589 0.000000
vn -0.923919 0.382589 0.000000
vn -0.382635 0.923900 0.000000
vn -0.382635 0.923900 0.000000
vn -0.382635 0.923900 0.000000
vn -0.382635 0.923900 0.000000
vn 0.000001 0.000000 -1.000000
vn -0.000001 0.000000 -1.000000
vn -0.000001 0.000000 -1.000000
vn 0.000001 0.000000 -1.000000
vn -0.000001 -1.000000 0.000000
vn -0.000001 -1.000000 0.000000
vn -0.000001 -1.000000 0.000000
vn -0.000001 -1.000000 0.000000
vn 1.000000 0.000000 0.000000
vn 1.000000 0.000000 0.000000
vn 1.000000 0.000000 0.000000
vn 1.000000 0.000000 0.000000
vn 0.000000 1.000000 0.000000
vn 0.000000 1.000000 0.000000
vn 0.000000 1.000000 0.000000
vn 0.000000 1.000000 0.000000
vn 0.000000 0.000000 1.000000
vn -0.000000 0.000000 1.000000
vn -0.000000 0.000000 1.000000
vn 0.000000 0.000000 1.000000
vn 1.000000 0.000000 0.000000
vn 1.000000 0.000000 0.000000
vn 1.000000 0.000000 0.000000
vn 1.000000 0.000000 0.000000
vn -0.000001 -1.000000 -0.000001
vn -0.000001 -1.000000 -0.000001
vn -0.000001 -1.000000 -0.000001
vn -0.000001 -1.000000 -0.000001
vn 0.000000 1.000000 0.000000
vn 0.000000 1.000000 0.000000
vn 0.000000 1.000000 0.000000
vn 0.000000 1.000000 0.000000
vn 1.000000 0.000000 0.000000
vn 1.000000 0.000000 0.000000
vn -0.000001 -1.000000 -0.000001
vn -0.000001 -1.000000 -0.000001
vn 0.000000 1.000000 0.000000
vn 0.000000 1.000000 0.000000
vn 1.000000 0.000000 0.000000
vn 1.000000 0.000000 0.000000
vn 1.000000 0.000000 0.000000
vn 1.000000 0.000000 0.000000
vn -0.000001 0.000000 -1.000000
vn -0.000001 0.000000 -1.000000
vn 0.000000 0.000000 -1.000000
vn 0.000000 0.000000 -1.000000
vn 0.000001 0.000000 1.000000
vn 0.000000 0.000000 1.000000
vn 0.000000 0.000000 1.000000
vn 0.000001 0.000000 1.000000
vn 1.000000 0.000000 0.000000
vn 1.000000 0.000000 0.000000
vn 1.000000 0.000000 0.000000
vn 1.000000 0.000000 0.000000
vn 1.000000 0.000000 0.000000
vn 1.000000 0.000000 0.000000
vn 1.000000 0.000000 0.000000
vn 1.000000 0.000000 0.000000
vn 0.000000 -1.000000 0.000000
vn 0.000000 -1.000000 0.000000
vn 0.000000 -1.000000 0.000000
vn 0.000000 -1.000000 0.000000
vn 0.000000 0.000000 -1.000000
vn 0.000000 0.000000 -1.000000
vn 0.000000 0.000000 -1.000000
vn 0.000000 0.000000 -1.000000
vn 0.000000 1.000000 0.000000
vn 0.000000 1.000000 0.000000
vn 0.000000 1.000000 0.000000
vn 0.000000 1.000000 0.000000
vn 0.000000 0.000000 1.000000
vn 0.000000 0.000000 1.000000
vn 0.000000 0.000000 1.000000
vn 0.000000 0.000000 1.000000
vn 1.000000 0.000000 0.000000
vn 1.000000 0.000000 0.000000
vn 1.000000 0.000000 0.000000
vn 1.000000 0.000000 0.000000
vn 1.000000 0.000000 0.000000
vn 1.000000 0.000000 0.000000
vn 1.000000 0.000000 0.000000
vn 1.000000 0.000000 0.000000
vn -0.000001 0.000000 -1.000000
vn -0.000001 0.000000 -1.000000
vn 0.000001 0.000000 -1.000000
vn 0.000001 0.000000 -1.000000
vn -0.000000 0.000000 1.000000
vn 0.000000 0.000000 1.000000
vn 0.000000 0.000000 1.000000
vn -0.000000 0.000000 1.000000
vn 1.000000 0.000000 0.000000
vn 1.000000 0.000000 0.000000
vn 1.000000 0.000000 0.000000
vn 1.000000 0.000000 0.000000
vn 1.000000 0.000000 0.000000
vn 1.000000 0.000000 0.000000
vn 1.000000 0.000000 0.000000
vn 1.000000 0.000000 0.000000
vn 1.000000 0.000000 0.000000
vn 1.000000 0.000000 0.000000
vn 1.000000 0.000000 0.000000
vn 1.000000 0.000000 0.000000
vn 1.000000 0.000000 0.000000
vn 1.000000 0.000000 0.000000
vn 0.000000 1.000000 -0.000002
vn 0.000000 1.000000 -0.000000
vn 0.000000 1.000000 -0.000000
vn 0.000000 1.000000 -0.000002
vn -0.000001 -1.000000 -0.000006
vn -0.000001 -1.000000 -0.000001
vn -0.000001 -1.000000 -0.000001
vn -0.000001 -1.000000 -0.000006
vn 1.000000 0.000000 0.000000
vn 1.000000 0.000000 0.000000
vn 1.000000 0.000000 0.000000
vn 1.000000 0.000000 0.000000
vn 1.000000 0.000000 0.000000
vn 1.000000 0.000000 0.000000
vn 1.000000 0.000000 0.000000
vn 1.000000 0.000000 0.000000
vn 0.000000 -1.000000 0.000000
vn 0.000000 -1.000000 0.000000
vn 0.000000 -1.000000 0.000000
vn 0.000000 -1.000000 0.000000
vn 0.000000 -1.000000 0.000000
vn 0.000000 -1.000000 0.000000
vn 0.000000 -1.000000 0.000000
vn 0.000000 -1.000000 0.000000
vn 0.000000 0.000000 -1.000000
vn 0.000000 0.000000 -1.000000
vn 0.000000 0.000000 -1.000000
vn 0.000000 0.000000 -1.000000
vn 0.000000 0.000000 -1.000000
vn 0.000000 0.000000 -1.000000
vn 0.000000 0.000000 -1.000000
vn 0.000000 0.000000 -1.000000
vn 0.000000 1.000000 0.000000
vn 0.000000 1.000000 0.000000
vn 0.000000 1.000000 0.000000
vn 0.000000 1.000000 0.000000
vn 0.000000 1.000000 0.000000
vn 0.000000 1.000000 0.000000
vn 0.000000 1.000000 0.000000
vn 0.000000 1.000000 0.000000
vn 0.000000 -1.000000 -0.000003
vn 0.000000 -1.000000 -0.000003
vn 0.000000 -1.000000 -0.000003
vn 0.000000 -1.000000 -0.000003
vn 0.000000 0.000000 1.000000
vn 0.000000 0.000000 1.000000
vn 0.000000 0.000000 1.000000
vn 0.000000 0.000000 1.000000
vn 0.000000 1.000000 0.000001
vn 0.000000 1.000000 0.000001
vn 0.000000 1.000000 0.000001
vn 0.000000 1.000000 0.000001
vn 0.000000 0.000000 1.000000
vn 0.000000 0.000000 1.000000
vn 0.000000 0.000000 1.000000
vn 0.000000 0.000000 1.000000
vn 1.000000 0.000000 0.000000
vn 1.000000 0.000000 0.000000
vn 1.000000 0.000000 0.000000
vn 0.000000 1.000000 0.000000
vn 0.000000 1.000000 0.000000
vn 1.000000 0.000000 0.000000
vn 1.000000 0.000000 0.000000
vn 0.000000 1.000000 0.000000
vn 0.000000 1.000000 0.000000
vn -0.000001 -1.000000 0.000000
vn -0.000001 -1.000000 0.000000
vn 1.000000 0.000000 0.000000
vn 1.000000 0.000000 0.000000
vn 0.000000 -1.000000 0.000000
vn 0.000000 -1.000000 0.000000
vn 1.000000 0.000000 0.000000
vn 1.000000 0.000000 0.000000
vn 1.000000 0.000000 0.000000
vn 0.000000 1.000000 0.000000
vn 0.000000 1.000000 0.000000
vn 0.000000 -1.000000 0.000000
vn 0.000000 -1.000000 0.000000
vn 0.655849 0.754892 0.000000
vn 0.793153 0.609023 0.000000
vn 0.793153 0.609023 0.000000
vn 0.655849 0.754892 0.000000
vn 1.000000 0.000000 0.000000
vn 1.000000 0.000000 0.000000
vn 1.000000 0.000000 0.000000
vn 1.000000 0.000000 0.000000
vn 1.000000 0.000000 0.000000
vn 1.000000 0.000000 0.000000
vn 1.000000 0.000000 0.000000
vn 1.000000 0.000000 0.000000
vn 0.000000 0.000000 1.000000
vn 0.000000 0.000000 1.000000
vn 0.000000 0.000000 1.000000
vn 0.000000 0.000000 1.000000
vn 1.000000 0.000000 0.000000
vn 1.000000 0.000000 0.000000
vn 1.000000 0.000000 0.000000
vn 1.000000 0.000000 0.000000
vn 0.000000 0.000000 1.000000
vn 0.000001 0.000000 1.000000
vn 0.000001 0.000000 1.000000
vn 0.000000 0.000000 1.000000
vn 0.000001 0.000000 -1.000000
vn 0.000000 0.000000 -1.000000
vn 0.000000 0.000000 -1.000000
vn 0.000001 0.000000 -1.000000
vn 1.000000 0.000000 0.000000
vn 1.000000 0.000000 0.000000
vn 1.000000 0.000000 0.000000
vn 1.000000 0.000000 0.000000
vn 0.000000 0.000000 -1.000000
vn 0.000000 0.000000 -1.000000
vn 0.000000 0.000000 -1.000000
vn 0.000000 0.000000 -1.000000
vn 1.000000 0.000000 0.000000
vn 1.000000 0.000000 0.000000
vn 1.000000 0.000000 0.000000
vn 1.000000 0.000000 0.000000
vn 0.655851 0.754890 0.000000
vn 0.793155 0.609020 0.000000
vn 0.793155 0.609020 0.000000
vn 0.655851 0.754890 0.000000
vn 1.000000 0.000000 0.000000
vn 1.000000 0.000000 0.000000
vn 1.000000 0.000000 0.000000
vn 1.000000 0.000000 0.000000
vn 1.000000 0.000000 0.000000
vn 1.000000 0.000000 0.000000
vn 1.000000 0.000000 0.000000
vn 1.000000 0.000000 0.000000
vn 0.000000 0.000000 1.000000
vn 0.000000 0.000000 1.000000
vn 0.000000 0.000000 1.000000
vn 0.000000 0.000000 1.000000
vn 1.000000 0.000000 0.000000
vn 1.000000 0.000000 0.000000
vn 1.000000 0.000000 0.000000
vn 1.000000 0.000000 0.000000
vn -0.000000 0.000000 1.000000
vn -0.000000 0.000000 1.000000
vn -0.000000 0.000000 1.000000
vn -0.000000 0.000000 1.000000
vn -0.000001 0.000000 -1.000000
vn 0.000001 0.000000 -1.000000
vn 0.000001 0.000000 -1.000000
vn -0.000001 0.000000 -1.000000
vn 1.000000 0.000000 0.000000
vn 1.000000 0.000000 0.000000
vn 1.000000 0.000000 0.000000
vn 1.000000 0.000000 0.000000
vn 0.000000 0.000000 -1.000000
vn 0.000000 0.000000 -1.000000
vn 0.000000 0.000000 -1.000000
vn 0.000000 0.000000 -1.000000
vn 1.000000 0.000000 0.000000
vn 1.000000 0.000000 0.000000
vn 1.000000 0.000000 0.000000
vn 1.000000 0.000000 0.000000
vn 0.655855 0.754887 0.000000
vn 0.793159 0.609015 0.000000
vn 0.793159 0.609015 0.000000
vn 0.655855 0.754887 0.000000
vn 1.000000 0.000000 0.000000
vn 1.000000 0.000000 0.000000
vn 1.000000 0.000000 0.000000
vn 1.000000 0.000000 0.000000
vn 1.000000 0.000000 0.000000
vn 1.000000 0.000000 0.000000
vn 1.000000 0.000000 0.000000
vn 1.000000 0.000000 0.000000
vn 0.000000 0.000000 1.000000
vn 0.000000 0.000000 1.000000
vn 0.000000 0.000000 1.000000
vn 0.000000 0.000000 1.000000
vn 1.000000 0.000000 0.000000
vn 1.000000 0.000000 0.000000
vn 1.000000 0.000000 0.000000
vn 1.000000 0.000000 0.000000
vn 0.000001 0.000000 1.000000
vn -0.000000 0.000000 1.000000
vn -0.000000 0.000000 1.000000
vn 0.000001 0.000000 1.000000
vn -0.000001 0.000000 -1.000000
vn -0.000001 0.000000 -1.000000
vn -0.000001 0.000000 -1.000000
vn -0.000001 0.000000 -1.000000
vn 1.000000 0.000000 0.000000
vn 1.000000 0.000000 0.000000
vn 1.000000 0.000000 0.000000
vn 1.000000 0.000000 0.000000
vn 0.000000 0.000000 -1.000000
vn 0.000000 0.000000 -1.000000
vn 0.000000 0.000000 -1.000000
vn 0.000000 0.000000 -1.000000
vn 1.000000 0.000000 0.000000
vn 1.000000 0.000000 0.000000
vn 1.000000 0.000000 0.000000
vn 1.000000 0.000000 0.000000
vn 1.000000 0.000000 0.000000
vn 1.000000 0.000000 0.000000
vn 1.000000 0.000000 0.000000
vn 1.000000 0.000000 0.000000
vn 0.000000 0.000000 -1.000000
vn 0.000000 0.000000 -1.000000
vn 0.000000 0.000000 1.000000
vn 0.000000 0.000000 1.000000
vn 1.000000 0.000000 0.000000
vn 1.000000 0.000000 0.000000
vn 0.000017 0.000000 1.000000
vn 0.000017 0.000000 1.000000
vn 0.000017 0.000000 1.000000
vn 0.000017 0.000000 1.000000
vn 0.000000 -1.000000 0.000000
vn 0.000000 -1.000000 0.000000
vn 0.000000 -1.000000 0.000000
vn 0.000000 -1.000000 0.000000
vn 0.000034 0.000000 -1.000000
vn 0.000034 0.000000 -1.000000
vn 0.000034 0.000000 -1.000000
vn 0.000034 0.000000 -1.000000
vn 0.435008 0.900427 0.000000
vn 0.435008 0.900427 0.000000
vn 0.000017 0.000000 1.000000
vn 0.000017 0.000000 1.000000
vn 0.000017 0.000000 1.000000
vn 0.000017 0.000000 1.000000
vn 0.000000 -1.000000 0.000000
vn 0.000000 -1.000000 0.000000
vn 0.000000 -1.000000 0.000000
vn 0.000000 -1.000000 0.000000
vn 0.000000 0.000000 -1.000000
vn 0.000000 0.000000 -1.000000
vn 0.000000 0.000000 -1.000000
vn 0.000000 0.000000 -1.000000
vn 0.435008 0.900427 0.000000
vn 0.435008 0.900427 0.000000
vn 0.000017 0.000000 1.000000
vn 0.000017 0.000000 1.000000
vn 0.000017 0.000000 1.000000
vn 0.000017 0.000000 1.000000
vn 0.000000 -1.000000 0.000000
vn 0.000000 -1.000000 0.000000
vn 0.000000 -1.000000 0.000000
vn 0.000000 -1.000000 0.000000
vn 0.000000 0.000000 -1.000000
vn 0.000000 0.000000 -1.000000
vn 0.000000 0.000000 -1.000000
vn 0.000000 0.000000 -1.000000
vn 0.435008 0.900427 0.000000
vn 0.435008 0.900427 0.000000
s off
g pCube182
usemtl initialShadingGroup
f 1/1/1 2/2/2 4/3/3 3/11/4
f 3/4/5 4/3/6 6/5/7 5/10/8
f 5/6/9 6/5/10 8/7/11 7/9/12
f 7/8/13 8/7/14 2/2/15 1/12/16
f 2/2/17 8/7/18 6/5/19 4/3/20
f 9/13/21 17/14/22 18/15/23 10/16/24
f 10/16/25 18/15/26 19/17/27 11/18/28
f 11/18/29 19/17/30 20/19/31 12/20/32
f 12/21/33 20/22/34 21/23/35 13/24/36
f 13/24/37 21/23/38 22/25/39 14/26/40
f 14/26/41 22/25/42 23/27/43 15/28/44
f 15/28/45 23/27/46 24/29/47 16/30/48
f 16/30/49 24/29/50 17/14/51 9/13/52
f 17/14/53 25/31/54 26/32/55 18/15/56
f 18/15/57 26/32/58 27/33/59 19/17/60
f 19/17/61 27/33/62 28/34/63 20/19/64
f 20/22/65 28/35/66 29/36/67 21/23/68
f 21/23/69 29/36/70 30/37/71 22/25/72
f 22/25/73 30/37/74 31/38/75 23/27/76
f 23/27/77 31/38/78 32/39/79 24/29/80
f 24/29/81 32/39/82 25/31/83 17/14/84
f 25/31/85 33/40/86 34/41/87 26/32/88
f 26/32/89 34/41/90 35/42/91 27/33/92
f 27/33/93 35/42/94 36/43/95 28/34/96
f 28/35/97 36/44/98 37/45/99 29/36/100
f 29/36/101 37/45/102 38/46/103 30/37/104
f 30/37/105 38/46/106 39/47/107 31/38/108
f 31/38/109 39/47/110 40/48/111 32/39/112
f 32/39/113 40/48/114 33/40/115 25/31/116
f 33/40/117 41/49/118 42/50/119 34/41/120
f 34/41/121 42/50/122 43/51/123 35/42/124
f 35/42/125 43/51/126 44/52/127 36/43/128
f 36/44/129 44/53/130 45/54/131 37/45/132
f 37/45/133 45/54/134 46/55/135 38/46/136
f 38/46/137 46/55/138 47/56/139 39/47/140
f 39/47/141 47/56/142 48/57/143 40/48/144
f 40/48/145 48/57/146 41/49/147 33/40/148
f 41/49/149 49/58/150 50/59/151 42/50/152
f 42/50/153 50/59/154 51/60/155 43/51/156
f 43/51/157 51/60/158 52/61/159 44/52/160
f 44/53/161 52/62/162 53/63/163 45/54/164
f 45/54/165 53/63/166 54/64/167 46/55/168
f 46/55/169 54/64/170 55/65/171 47/56/172
f 47/56/173 55/65/174 56/66/175 48/57/176
f 48/57/177 56/66/178 49/58/179 41/49/180
f 49/58/181 57/67/182 58/68/183 50/59/184
f 50/59/185 58/68/186 59/69/187 51/60/188
f 51/60/189 59/69/190 60/70/191 52/61/192
f 52/62/193 60/71/194 61/72/195 53/63/196
f 53/63/197 61/72/198 62/73/199 54/64/200
f 54/64/201 62/73/202 63/74/203 55/65/204
f 55/65/205 63/74/206 64/75/207 56/66/208
f 56/66/209 64/75/210 57/67/211 49/58/212
f 65/76/213 66/77/214 74/78/215 73/79/216
f 66/77/217 67/80/218 75/81/219 74/78/220
f 67/80/221 68/82/222 76/83/223 75/81/224
f 68/84/225 69/85/226 77/86/227 76/87/228
f 69/85/229 70/88/230 78/89/231 77/86/232
f 70/88/233 71/90/234 79/91/235 78/89/236
f 71/90/237 72/92/238 80/93/239 79/91/240
f 72/92/241 65/76/242 73/79/243 80/93/244
f 73/79/245 74/78/246 82/94/247 81/95/248
f 74/78/249 75/81/250 83/96/251 82/94/252
f 75/81/253 76/83/254 84/97/255 83/96/256
f 76/87/257 77/86/258 85/98/259 84/99/260
f 77/86/261 78/89/262 86/100/263 85/98/264
f 78/89/265 79/91/266 87/101/267 86/100/268
f 79/91/269 80/93/270 88/102/271 87/101/272
f 80/93/273 73/79/274 81/95/275 88/102/276
f 81/95/277 82/94/278 90/103/279 89/104/280
f 82/94/281 83/96/282 91/105/283 90/103/284
f 83/96/285 84/97/286 92/106/287 91/105/288
f 84/99/289 85/98/290 93/107/291 92/108/292
f 85/98/293 86/100/294 94/109/295 93/107/296
f 86/100/297 87/101/298 95/110/299 94/109/300
f 87/101/301 88/102/302 96/111/303 95/110/304
f 88/102/305 81/95/306 89/104/307 96/111/308
f 89/104/309 90/103/310 98/112/311 97/113/312
f 90/103/313 91/105/314 99/114/315 98/112/316
f 91/105/317 92/106/318 100/115/319 99/114/320
f 92/108/321 93/107/322 101/116/323 100/117/324
f 93/107/325 94/109/326 102/118/327 101/116/328
f 94/109/329 95/110/330 103/119/331 102/118/332
f 95/110/333 96/111/334 104/120/335 103/119/336
f 96/111/337 89/104/338 97/113/339 104/120/340
f 97/113/341 98/112/342 106/121/343 105/122/344
f 98/112/345 99/114/346 107/123/347 106/121/348
f 99/114/349 100/115/350 108/124/351 107/123/352
f 100/117/353 101/116/354 109/125/355 108/126/356
f 101/116/357 102/118/358 110/127/359 109/125/360
f 102/118/361 103/119/362 111/128/363 110/127/364
f 103/119/365 104/120/366 112/129/367 111/128/368
f 104/120/369 97/113/370 105/122/371 112/129/372
f 105/122/373 106/121/374 114/130/375 113/131/376
f 106/121/377 107/123/378 115/132/379 114/130/380
f 107/123/381 108/124/382 116/133/383 115/132/384
f 108/126/385 109/125/386 117/134/387 116/135/388
f 109/125/389 110/127/390 118/136/391 117/134/392
f 110/127/393 111/128/394 119/137/395 118/136/396
f 111/128/397 112/129/398 120/138/399 119/137/400
f 112/129/401 105/122/402 113/131/403 120/138/404
f 58/68/405 57/67/406 113/131/407 114/130/408
f 57/67/409 64/75/410 120/138/411 113/131/412
f 64/75/413 63/74/414 119/137/415 120/138/416
f 63/74/417 62/73/418 118/136/419 119/137/420
f 62/73/421 61/72/422 117/134/423 118/136/424
f 61/72/425 60/71/426 116/135/427 117/134/428
f 60/70/429 59/69/430 115/132/431 116/133/432
f 59/69/433 58/68/434 114/130/435 115/132/436
s 1
f 127/139/437 146/140/438 147/141/439 126/142/440
s 2
f 200/143/441 134/144/442 135/145/443 199/146/444
s 3
f 196/147/445 197/148/446 133/149/447 145/150/448
s 4
f 198/151/449 136/152/450 133/149/451 197/148/452
s 5
f 149/153/453 128/154/454 125/155/455 148/156/456
s 3
f 168/157/457 169/158/458 128/154/459 149/153/460
s 2
f 171/159/461 172/160/462 124/161/463 123/162/464
s 4
f 169/158/465 170/163/466 125/164/467 128/154/468
s 3
f 150/165/469 145/150/448 133/149/447 129/166/470
s 2
f 135/145/443 134/144/442 130/167/471 131/168/472
s 4
f 133/149/451 136/152/450 132/169/473 129/166/474
s 9
f 193/170/475 194/171/476 180/172/477 175/173/478
s 1
f 142/174/479 141/175/480 137/176/481 138/177/482
s 5
f 140/178/483 144/179/484 143/180/485 139/181/486
s 3
f 166/182/487 167/183/488 144/179/489 140/178/490
s off
f 181/184/491 182/185/492 183/186/493 184/187/494
f 178/188/495 175/189/496 182/185/497 181/184/498
f 175/190/499 180/191/500 183/186/501 182/185/502
f 180/192/503 185/193/504 184/187/505 183/186/506
f 185/194/507 178/195/508 181/184/509 184/187/510
s 9
f 194/171/476 195/196/511 187/197/512 180/172/477
s 1
f 147/141/439 146/140/438 141/175/480 142/174/479
s 5
f 144/179/484 149/153/453 148/156/456 143/180/485
s 3
f 167/183/488 168/157/457 149/153/460 144/179/489
s 9
f 185/198/513 180/172/477 187/197/512 188/199/514
s 3
f 200/200/515 201/201/516 151/202/517 134/203/518
s 1
f 153/204/519 152/205/520 122/206/521 121/207/522
s 5
f 124/208/523 155/209/524 154/210/525 123/211/526
s 3
f 172/212/527 165/213/528 155/209/529 124/208/530
f 134/203/518 151/202/517 156/214/531 130/215/532
f 137/216/533 141/217/534 159/218/535 158/219/536
f 141/217/534 146/220/537 160/221/538 159/218/535
f 146/220/537 127/222/539 161/223/540 160/221/538
s 4
f 126/224/541 162/225/542 161/223/543 127/222/544
s 2
f 122/226/545 164/227/546 163/228/547 121/229/548
s 3
f 122/230/549 152/231/550 157/232/551 164/233/552
s 9
f 178/234/553 185/198/513 191/235/554 189/236/555
f 185/198/513 188/199/514 192/237/556 191/235/554
s 3
f 150/165/469 129/166/470 169/158/458 168/157/457
s 4
f 129/166/474 132/169/473 170/163/466 169/158/465
s 2
f 131/168/472 130/167/471 172/160/462 171/159/461
s 3
f 130/215/532 156/214/531 165/213/528 172/212/527
s 18
f 151/238/557 201/239/558 202/240/559 176/241/560
s off
f 156/242/561 151/238/562 176/241/563 177/243/564
s 19
f 158/244/565 159/245/566 179/246/567 174/247/568
s off
f 159/245/569 160/248/570 186/249/571 179/246/572
s 20
f 196/250/573 145/251/574 187/197/575 195/196/576
s off
f 145/251/577 150/252/578 188/199/579 187/197/580
f 165/253/581 156/242/582 177/243/583 190/254/584
s 21
f 167/255/585 166/256/586 189/236/587 191/235/588
s off
f 150/252/589 168/257/590 192/237/591 188/199/592
f 168/258/593 167/255/594 191/235/595 192/237/596
s 9
f 203/259/597 204/260/598 194/171/476 193/170/475
f 204/260/598 205/261/599 195/196/511 194/171/476
s 20
f 206/262/600 196/250/573 195/196/576 205/261/601
s 3
f 206/263/602 207/264/603 197/148/446 196/147/445
s 4
f 208/265/604 198/151/449 197/148/452 207/264/605
s 2
f 210/266/606 200/143/441 199/146/444 209/267/607
s 3
f 210/268/608 211/269/609 201/201/516 200/200/515
s 18
f 202/240/559 201/239/558 211/270/610 212/271/611
s 9
f 174/247/612 179/246/613 204/260/598 203/259/597
f 179/246/613 186/249/614 205/261/599 204/260/598
s 20
f 160/272/615 206/262/600 205/261/601 186/249/616
s 3
f 160/221/538 161/223/540 207/264/603 206/263/602
s 4
f 162/225/542 208/265/604 207/264/605 161/223/543
s 2
f 164/227/546 210/266/606 209/267/607 163/228/547
s 3
f 164/233/552 157/232/551 211/269/609 210/268/608
s 18
f 212/271/611 211/270/610 157/273/617 173/274/618
s 22
f 285/275/619 286/276/620 287/277/621 288/278/622
s 9
f 214/279/623 213/280/624 216/281/625 215/282/626
f 215/282/626 216/281/625 218/283/627 217/284/628
f 217/284/628 218/283/627 219/285/629 220/286/630
s 21
f 220/286/631 219/285/632 221/287/633 222/288/634
s 3
f 222/289/635 221/290/636 223/291/637 224/292/638
s 5
f 224/292/639 223/291/640 226/293/641 225/294/642
s 1
f 228/295/643 227/296/644 230/297/645 229/298/646
s 3
f 229/299/647 230/300/648 231/301/649 232/302/650
s 19
f 232/303/651 231/304/652 233/305/653 234/306/654
s 9
f 234/306/655 233/305/656 235/307/657 236/308/658
s 23
f 289/309/659 290/310/660 291/311/661 292/312/662
s 9
f 238/313/663 237/314/664 240/315/665 239/316/666
f 239/316/666 240/315/665 242/317/667 241/318/668
f 241/318/668 242/317/667 243/319/669 244/320/670
s 21
f 244/320/671 243/319/672 245/321/673 246/322/674
s 3
f 246/323/675 245/324/676 247/325/677 248/326/678
s 5
f 248/326/679 247/325/680 250/327/681 249/328/682
s 1
f 252/329/683 251/330/684 254/331/685 253/332/686
s 3
f 253/333/687 254/334/688 255/335/689 256/336/690
s 19
f 256/337/691 255/338/692 257/339/693 258/340/694
s 9
f 258/340/695 257/339/696 259/341/697 260/342/698
s 24
f 293/343/699 294/344/700 295/345/701 296/346/702
s 9
f 262/347/703 261/348/704 264/349/705 263/350/706
f 263/350/706 264/349/705 266/351/707 265/352/708
f 265/352/708 266/351/707 268/353/709 267/354/710
s 21
f 267/354/711 268/353/712 270/355/713 269/356/714
s 3
f 269/357/715 270/358/716 272/359/717 271/360/718
s 5
f 271/360/719 272/359/720 274/361/721 273/362/722
s 1
f 275/363/723 276/364/724 278/365/725 277/366/726
s 3
f 277/367/727 278/368/728 280/369/729 279/370/730
s 19
f 279/371/731 280/372/732 282/373/733 281/374/734
s 9
f 281/374/735 282/373/736 284/375/737 283/376/738
f 202/240/739 262/347/703 263/350/706 176/241/740
s 1
f 275/363/723 277/366/726 152/205/520 153/204/519
s 5
f 155/209/524 271/360/719 273/362/722 154/210/525
s 3
f 165/213/528 269/357/715 271/360/718 155/209/529
s 9
f 177/243/741 176/241/740 263/350/706 265/352/708
s 3
f 152/231/550 277/367/727 279/370/730 157/232/551
s 9
f 177/243/741 265/352/708 267/354/710 190/254/742
s 19
f 157/377/743 279/371/731 281/374/734 173/274/744
s 21
f 269/356/714 165/378/745 190/254/746 267/354/711
s 9
f 212/271/747 283/376/738 262/347/703 202/240/739
f 173/274/748 281/374/735 283/376/738 212/271/747
f 213/280/624 193/170/475 175/173/478 216/281/625
f 218/283/627 216/281/625 175/173/478 178/234/553
f 219/285/629 218/283/627 178/234/553 189/236/555
s 21
f 166/256/586 221/287/633 219/285/632 189/236/587
s 3
f 223/291/637 221/290/636 166/182/487 140/178/490
s 5
f 226/293/641 223/291/640 140/178/483 139/181/486
s 1
f 138/177/482 137/176/481 230/297/645 227/296/644
s 3
f 231/301/649 230/300/648 137/216/533 158/219/536
s 19
f 233/305/653 231/304/652 158/244/565 174/247/568
s 9
f 235/307/657 233/305/656 174/247/612 203/259/597
f 213/280/624 235/307/657 203/259/597 193/170/475
f 237/314/664 214/279/623 215/282/626 240/315/665
f 242/317/667 240/315/665 215/282/626 217/284/628
f 243/319/669 242/317/667 217/284/628 220/286/630
s 21
f 222/288/634 245/321/673 243/319/672 220/286/631
s 3
f 247/325/677 245/324/676 222/289/635 224/292/638
s 5
f 250/327/681 247/325/680 224/292/639 225/294/642
s 1
f 228/295/643 229/298/646 254/331/685 251/330/684
s 3
f 255/335/689 254/334/688 229/299/647 232/302/650
s 19
f 257/339/693 255/338/692 232/303/651 234/306/654
s 9
f 259/341/697 257/339/696 234/306/655 236/308/658
f 237/314/664 259/341/697 236/308/658 214/279/623
f 261/348/704 238/313/663 239/316/666 264/349/705
f 266/351/707 264/349/705 239/316/666 241/318/668
f 268/353/709 266/351/707 241/318/668 244/320/670
s 21
f 246/322/674 270/355/713 268/353/712 244/320/671
s 3
f 272/359/717 270/358/716 246/323/675 248/326/678
s 5
f 274/361/721 272/359/720 248/326/679 249/328/682
s 1
f 252/329/683 253/332/686 278/365/725 276/364/724
s 3
f 280/369/729 278/368/728 253/333/687 256/336/690
s 19
f 282/373/733 280/372/732 256/337/691 258/340/694
s 9
f 284/375/737 282/373/736 258/340/695 260/342/698
f 261/348/704 284/375/737 260/342/698 238/313/663
s off
f 213/379/749 214/380/750 286/276/751 285/275/752
f 214/381/753 236/382/754 287/277/755 286/276/756
f 236/383/757 235/384/758 288/278/759 287/277/760
s 22
f 235/385/761 213/386/762 285/275/619 288/278/622
s off
f 237/387/763 238/388/764 290/310/765 289/309/766
f 238/389/767 260/390/768 291/311/769 290/310/770
f 260/391/771 259/392/772 292/312/773 291/311/774
s 23
f 259/393/775 237/394/776 289/309/659 292/312/662
s off
f 261/395/777 262/396/778 294/344/779 293/343/780
f 262/397/781 283/398/782 295/345/783 294/344/784
f 283/399/785 284/400/786 296/346/787 295/345/788
s 24
f 284/401/789 261/402/790 293/343/699 296/346/702
g default
v 0.951819 -0.025206 7.133518
v 1.210842 -0.025206 7.133518
v 0.951819 -0.002919 7.133518
v 1.210842 -0.002919 7.133518
v 0.951819 -0.002919 5.995681
v 1.210842 -0.002919 5.995681
v 0.951819 -0.025206 5.995681
v 1.210842 -0.025206 5.995681
vt 0.416701 0.786160
vt 0.386561 0.786160
vt 0.386561 0.653764
vt 0.416701 0.653764
vt 0.419294 0.653764
vt 0.449433 0.653764
vt 0.449433 0.786160
vt 0.419294 0.786160
vn 0.000000 1.000000 0.000000
vn 0.000000 1.000000 0.000000
vn 0.000000 1.000000 0.000000
vn 0.000000 1.000000 0.000000
vn 0.000000 -1.000000 0.000000
vn 0.000000 -1.000000 0.000000
vn 0.000000 -1.000000 0.000000
vn 0.000000 -1.000000 0.000000
vn -1.000000 0.000000 0.000000
vn -1.000000 0.000000 0.000000
vn -1.000000 0.000000 0.000000
vn -1.000000 0.000000 0.000000
s off
g pCube187
usemtl initialShadingGroup
f 299/403/791 300/404/792 302/405/793 301/406/794
f 303/407/795 304/408/796 298/409/797 297/410/798
f 303/407/799 297/410/800 299/403/801 301/406/802
g default
v -3.862127 -0.694190 4.827022
v -3.849342 -0.694190 4.827022
v -3.862127 -0.664106 4.827022
v -3.849342 -0.664106 4.827022
v -3.862127 -0.664106 4.800496
v -3.849342 -0.664106 4.800496
v -3.862127 -0.694190 4.800496
v -3.849342 -0.694190 4.800496
v -3.852905 -0.665993 4.825109
v -3.855466 -0.665993 4.826170
v -3.858027 -0.665993 4.825109
v -3.859088 -0.665993 4.822548
v -3.858027 -0.665993 4.819988
v -3.855466 -0.665993 4.818926
v -3.852905 -0.665993 4.819988
v -3.851844 -0.665993 4.822548
v -3.852905 -0.658749 4.825109
v -3.855466 -0.658749 4.826170
v -3.858027 -0.658749 4.825109
v -3.859088 -0.658749 4.822548
v -3.858027 -0.658749 4.819988
v -3.855466 -0.658749 4.818926
v -3.852905 -0.658749 4.819988
v -3.851844 -0.658749 4.822548
v -3.852905 -0.650743 4.825109
v -3.855466 -0.650743 4.826170
v -3.858027 -0.650743 4.825109
v -3.859088 -0.650743 4.822548
v -3.858027 -0.650743 4.819988
v -3.855466 -0.650743 4.818926
v -3.852905 -0.650743 4.819988
v -3.851844 -0.650743 4.822548
v -3.852905 -0.648529 4.824635
v -3.855466 -0.648255 4.825659
v -3.858027 -0.648529 4.824635
v -3.859088 -0.649192 4.822161
v -3.858027 -0.649855 4.819687
v -3.855466 -0.650130 4.818662
v -3.852905 -0.649855 4.819687
v -3.851844 -0.649192 4.822161
v -3.852905 -0.645003 4.823335
v -3.855466 -0.644253 4.824085
v -3.858027 -0.645003 4.823335
v -3.859088 -0.646814 4.821523
v -3.858027 -0.648624 4.819713
v -3.855466 -0.649375 4.818962
v -3.852905 -0.648624 4.819713
v -3.851844 -0.646814 4.821523
v -3.852905 -0.643035 4.820148
v -3.855466 -0.642010 4.820423
v -3.858027 -0.643035 4.820148
v -3.859088 -0.645509 4.819485
v -3.858027 -0.647982 4.818822
v -3.855466 -0.649007 4.818548
v -3.852905 -0.647982 4.818822
v -3.851844 -0.645509 4.819485
v -3.852905 -0.642652 4.814981
v -3.855466 -0.641592 4.814981
v -3.858027 -0.642652 4.814981
v -3.859088 -0.645214 4.814981
v -3.858027 -0.647774 4.814981
v -3.855466 -0.648836 4.814981
v -3.852905 -0.647774 4.814981
v -3.851844 -0.645214 4.814981
v -3.852905 -0.665993 4.803769
v -3.855466 -0.665993 4.802708
v -3.858027 -0.665993 4.803769
v -3.859088 -0.665993 4.806330
v -3.858027 -0.665993 4.808890
v -3.855466 -0.665993 4.809952
v -3.852905 -0.665993 4.808890
v -3.851844 -0.665993 4.806330
v -3.852905 -0.658749 4.803769
v -3.855466 -0.658749 4.802708
v -3.858027 -0.658749 4.803769
v -3.859088 -0.658749 4.806330
v -3.858027 -0.658749 4.808890
v -3.855466 -0.658749 4.809952
v -3.852905 -0.658749 4.808890
v -3.851844 -0.658749 4.806330
v -3.852905 -0.650743 4.803769
v -3.855466 -0.650743 4.802708
v -3.858027 -0.650743 4.803769
v -3.859088 -0.650743 4.806330
v -3.858027 -0.650743 4.808890
v -3.855466 -0.650743 4.809952
v -3.852905 -0.650743 4.808890
v -3.851844 -0.650743 4.806330
v -3.852905 -0.648529 4.804243
v -3.855466 -0.648255 4.803218
v -3.858027 -0.648529 4.804243
v -3.859088 -0.649192 4.806717
v -3.858027 -0.649855 4.809190
v -3.855466 -0.650130 4.810215
v -3.852905 -0.649855 4.809190
v -3.851844 -0.649192 4.806717
v -3.852905 -0.645003 4.805543
v -3.855466 -0.644253 4.804793
v -3.858027 -0.645003 4.805543
v -3.859088 -0.646814 4.807354
v -3.858027 -0.648624 4.809165
v -3.855466 -0.649375 4.809916
v -3.852905 -0.648624 4.809165
v -3.851844 -0.646814 4.807354
v -3.852905 -0.643035 4.808729
v -3.855466 -0.642010 4.808455
v -3.858027 -0.643035 4.808729
v -3.859088 -0.645509 4.809392
v -3.858027 -0.647982 4.810055
v -3.855466 -0.649007 4.810329
v -3.852905 -0.647982 4.810055
v -3.851844 -0.645509 4.809392
v -3.852905 -0.642652 4.813897
v -3.855466 -0.641592 4.813897
v -3.858027 -0.642652 4.813897
v -3.859088 -0.645214 4.813897
v -3.858027 -0.647774 4.813897
v -3.855466 -0.648836 4.813897
v -3.852905 -0.647774 4.813897
v -3.851844 -0.645214 4.813897
v -4.434414 -0.900000 4.358531
v -3.872391 -0.900000 4.358531
v -4.434414 -0.900000 4.873006
v -3.872391 -0.900001 4.873006
v -4.434414 -0.340723 4.873006
v -4.434414 -0.340723 4.358531
v -3.872391 -0.340724 4.358531
v -3.872391 -0.340724 4.873006
v -3.872391 -0.340724 4.791283
v -3.872391 -0.900000 4.791283
v -4.434414 -0.900000 4.791283
v -4.434414 -0.340723 4.791283
v -3.872391 -0.340724 4.752382
v -3.872391 -0.900000 4.752382
v -4.434414 -0.900000 4.752382
v -4.434414 -0.340723 4.752382
v -3.872391 -0.610406 4.358531
v -4.434414 -0.610406 4.358531
v -4.434414 -0.610406 4.873006
v -3.872391 -0.610406 4.873006
v -3.872391 -0.544520 4.358531
v -4.434414 -0.544519 4.358531
v -4.434414 -0.544519 4.873006
v -3.872391 -0.544520 4.873006
v -3.872391 -0.361046 4.752382
v -3.872391 -0.361046 4.358531
v -4.434414 -0.361046 4.358531
v -4.434414 -0.361046 4.873006
v -3.872391 -0.361046 4.873006
v -3.872391 -0.361046 4.791283
v -3.872391 -0.879943 4.752382
v -3.872391 -0.879943 4.358531
v -4.434415 -0.879943 4.358531
v -4.434415 -0.879943 4.873006
v -3.872391 -0.879944 4.873006
v -3.872391 -0.879943 4.791283
v -3.872391 -0.879943 4.375606
v -3.872391 -0.610406 4.375606
v -3.872391 -0.544520 4.375606
v -3.872391 -0.361046 4.375606
v -3.872391 -0.340724 4.375606
v -4.434415 -0.340723 4.375606
v -4.434415 -0.900000 4.375606
v -3.872391 -0.900000 4.375606
v -3.872391 -0.879944 4.856993
v -3.872391 -0.610406 4.856993
v -3.872391 -0.544520 4.856993
v -3.872391 -0.361046 4.856993
v -3.872391 -0.340724 4.856993
v -4.434415 -0.340723 4.856993
v -4.434415 -0.900000 4.856993
v -3.872391 -0.900000 4.856993
v -3.864034 -0.879943 4.375606
v -3.864034 -0.610406 4.375606
v -3.864034 -0.610406 4.752382
v -3.864034 -0.879943 4.752382
v -3.864034 -0.879943 4.791283
v -3.864034 -0.610406 4.791283
v -3.864034 -0.544520 4.375606
v -3.864034 -0.544520 4.752382
v -3.818897 -0.610406 4.791283
v -3.818897 -0.610406 4.752382
v -3.818897 -0.544520 4.752382
v -3.818897 -0.544520 4.791283
v -3.864034 -0.544520 4.791283
v -3.864034 -0.361046 4.375606
v -3.864034 -0.361046 4.752382
v -3.864034 -0.361046 4.791283
v -3.864034 -0.610406 4.856993
v -3.864034 -0.879944 4.856993
v -3.864034 -0.544520 4.856993
v -3.864034 -0.361046 4.856993
v -3.864034 -0.610406 4.710438
v -3.864034 -0.544520 4.710438
v -3.864034 -0.361046 4.710438
v -3.872391 -0.361046 4.710438
v -3.872391 -0.340724 4.710438
v -4.434414 -0.340723 4.710438
v -4.434414 -0.900000 4.710438
v -3.872391 -0.900000 4.710438
v -3.872391 -0.879943 4.710438
v -3.864034 -0.879943 4.710438
v -3.864034 -0.610406 4.526539
v -3.864034 -0.544520 4.526539
v -3.864034 -0.361046 4.526539
v -3.872391 -0.361046 4.526539
v -3.872391 -0.340724 4.526539
v -4.434415 -0.340723 4.526539
v -4.434415 -0.900000 4.526539
v -3.872391 -0.900000 4.526539
v -3.872391 -0.879943 4.526539
v -3.864034 -0.879943 4.526539
v -3.864034 -0.697656 4.710438
v -3.864034 -0.710051 4.710438
v -3.864034 -0.710051 4.752382
v -3.864034 -0.697656 4.752382
v -3.864034 -0.710051 4.791283
v -3.864034 -0.697656 4.791283
v -3.864034 -0.697656 4.856993
v -3.864034 -0.710051 4.856993
v -3.872391 -0.697656 4.856993
v -3.872391 -0.710051 4.856993
v -3.872391 -0.697656 4.873006
v -3.872391 -0.710051 4.873006
v -4.434414 -0.710051 4.873006
v -4.434414 -0.697656 4.873006
v -4.434414 -0.697656 4.358531
v -4.434414 -0.710051 4.358531
v -3.872391 -0.710051 4.358531
v -3.872391 -0.697656 4.358531
v -3.872391 -0.697656 4.375606
v -3.872391 -0.710051 4.375606
v -3.864034 -0.697656 4.375606
v -3.864034 -0.710051 4.375606
v -3.864034 -0.697656 4.526539
v -3.864034 -0.710051 4.526539
v -3.864034 -0.738977 4.710438
v -3.864034 -0.751372 4.710438
v -3.864034 -0.751372 4.752382
v -3.864034 -0.738977 4.752382
v -3.864034 -0.751372 4.791283
v -3.864034 -0.738977 4.791283
v -3.864034 -0.738977 4.856993
v -3.864034 -0.751372 4.856993
v -3.872391 -0.738977 4.856993
v -3.872391 -0.751372 4.856993
v -3.872391 -0.738977 4.873006
v -3.872391 -0.751372 4.873006
v -4.434415 -0.751372 4.873006
v -4.434415 -0.738977 4.873006
v -4.434415 -0.738977 4.358531
v -4.434415 -0.751372 4.358531
v -3.872391 -0.751372 4.358531
v -3.872391 -0.738977 4.358531
v -3.872391 -0.738977 4.375606
v -3.872391 -0.751372 4.375606
v -3.864034 -0.738977 4.375606
v -3.864034 -0.751372 4.375606
v -3.864034 -0.738977 4.526539
v -3.864034 -0.751372 4.526539
v -3.864034 -0.780298 4.710438
v -3.864034 -0.792693 4.710438
v -3.864034 -0.792693 4.752382
v -3.864034 -0.780298 4.752382
v -3.864034 -0.792693 4.791283
v -3.864034 -0.780298 4.791283
v -3.864034 -0.792693 4.856993
v -3.864034 -0.780298 4.856993
v -3.872391 -0.792693 4.856993
v -3.872391 -0.780298 4.856993
v -3.872391 -0.792693 4.873006
v -3.872391 -0.780298 4.873006
v -4.434415 -0.792693 4.873006
v -4.434415 -0.780298 4.873006
v -4.434415 -0.792693 4.358531
v -4.434415 -0.780298 4.358531
v -3.872391 -0.792693 4.358531
v -3.872391 -0.780298 4.358531
v -3.872391 -0.792693 4.375606
v -3.872391 -0.780298 4.375606
v -3.864034 -0.792693 4.375606
v -3.864034 -0.780298 4.375606
v -3.864034 -0.792693 4.526539
v -3.864034 -0.780298 4.526539
v -3.856484 -0.701303 4.710438
v -3.849768 -0.710051 4.710438
v -3.849768 -0.710051 4.526539
v -3.856484 -0.701303 4.526539
v -3.856484 -0.742625 4.710438
v -3.849768 -0.751372 4.710438
v -3.849768 -0.751372 4.526539
v -3.856484 -0.742625 4.526539
v -3.856484 -0.783946 4.710438
v -3.849768 -0.792693 4.710438
v -3.849768 -0.792693 4.526539
v -3.856484 -0.783946 4.526539
vt 0.045777 0.039934
vt 0.044289 0.039934
vt 0.044289 0.036434
vt 0.044289 0.034946
vt 0.041203 0.036434
vt 0.039715 0.036434
vt 0.041203 0.039934
vt 0.041203 0.041422
vt 0.039715 0.039934
vt 0.041203 0.034946
vt 0.045777 0.036434
vt 0.044289 0.041422
vt 0.782167 0.018913
vt 0.782147 0.019755
vt 0.781810 0.019713
vt 0.781836 0.018881
vt 0.781471 0.019692
vt 0.781502 0.018858
vt 0.781135 0.019687
vt 0.781170 0.018846
vt 0.783770 0.019013
vt 0.783753 0.019890
vt 0.783426 0.019899
vt 0.783444 0.019013
vt 0.783109 0.019893
vt 0.783126 0.019004
vt 0.782795 0.019861
vt 0.782810 0.018981
vt 0.782476 0.019809
vt 0.782492 0.018949
vt 0.782098 0.020609
vt 0.781769 0.020546
vt 0.781440 0.020548
vt 0.781116 0.020595
vt 0.783732 0.020871
vt 0.783412 0.020947
vt 0.783079 0.020973
vt 0.782745 0.020886
vt 0.782422 0.020735
vt 0.782087 0.020820
vt 0.781758 0.020765
vt 0.781430 0.020769
vt 0.781114 0.020794
vt 0.783726 0.021029
vt 0.783409 0.021076
vt 0.783075 0.021082
vt 0.782737 0.021022
vt 0.782408 0.020916
vt 0.782040 0.021143
vt 0.781739 0.021133
vt 0.781438 0.021113
vt 0.781137 0.021095
vt 0.783792 0.021242
vt 0.783452 0.021235
vt 0.783070 0.021216
vt 0.782685 0.021186
vt 0.782343 0.021162
vt 0.782048 0.021469
vt 0.781731 0.021476
vt 0.781412 0.021455
vt 0.781089 0.021401
vt 0.783768 0.021468
vt 0.783432 0.021385
vt 0.783067 0.021313
vt 0.782699 0.021352
vt 0.782368 0.021425
vt 0.782087 0.021938
vt 0.781736 0.021944
vt 0.781390 0.021936
vt 0.781067 0.021922
vt 0.783665 0.021932
vt 0.783364 0.021911
vt 0.783056 0.021900
vt 0.782741 0.021907
vt 0.782423 0.021924
vt 0.782163 0.025063
vt 0.781832 0.025094
vt 0.781807 0.024261
vt 0.782144 0.024220
vt 0.781498 0.025116
vt 0.781468 0.024282
vt 0.781166 0.025128
vt 0.781132 0.024286
vt 0.783766 0.024966
vt 0.783440 0.024965
vt 0.783424 0.024078
vt 0.783750 0.024088
vt 0.783121 0.024973
vt 0.783106 0.024084
vt 0.782806 0.024995
vt 0.782792 0.024115
vt 0.782488 0.025027
vt 0.782473 0.024166
vt 0.781767 0.023429
vt 0.782097 0.023366
vt 0.781438 0.023426
vt 0.781115 0.023379
vt 0.783411 0.023030
vt 0.783731 0.023107
vt 0.783078 0.023003
vt 0.782743 0.023090
vt 0.782421 0.023240
vt 0.781757 0.023210
vt 0.782085 0.023155
vt 0.781429 0.023206
vt 0.781113 0.023180
vt 0.783409 0.022901
vt 0.783726 0.022948
vt 0.783074 0.022895
vt 0.782736 0.022954
vt 0.782407 0.023060
vt 0.781738 0.022842
vt 0.782039 0.022833
vt 0.781438 0.022862
vt 0.781136 0.022879
vt 0.783452 0.022742
vt 0.783792 0.022736
vt 0.783069 0.022761
vt 0.782684 0.022790
vt 0.782342 0.022813
vt 0.781731 0.022499
vt 0.782048 0.022506
vt 0.781412 0.022520
vt 0.781088 0.022573
vt 0.783432 0.022592
vt 0.783769 0.022509
vt 0.783066 0.022663
vt 0.782699 0.022624
vt 0.782367 0.022551
vt 0.781737 0.022031
vt 0.782088 0.022037
vt 0.781390 0.022039
vt 0.781066 0.022052
vt 0.783364 0.022066
vt 0.783668 0.022044
vt 0.783055 0.022077
vt 0.782740 0.022069
vt 0.782423 0.022051
vt 0.139873 0.741823
vt 0.137508 0.741823
vt 0.137508 0.676428
vt 0.139873 0.676428
vt 0.113096 0.758987
vt 0.117977 0.758987
vt 0.117977 0.824383
vt 0.113096 0.824383
vt 0.470873 0.651400
vt 0.470873 0.653764
vt 0.465993 0.653764
vt 0.465993 0.651400
vt 0.470873 0.719160
vt 0.465993 0.719160
vt 0.451957 0.651400
vt 0.451957 0.653764
vt 0.386561 0.653764
vt 0.386561 0.651400
vt 0.453820 0.651400
vt 0.453820 0.653764
vt 0.130149 0.824383
vt 0.130149 0.758987
vt 0.132012 0.758987
vt 0.132012 0.824383
vt 0.453820 0.719160
vt 0.451957 0.719160
vt 0.461466 0.651400
vt 0.461466 0.653764
vt 0.122503 0.758987
vt 0.122503 0.824383
vt 0.461466 0.719160
vt 0.530351 0.818815
vt 0.530351 0.826482
vt 0.525471 0.826482
vt 0.525471 0.818815
vt 0.116160 0.676428
vt 0.116160 0.741823
vt 0.108494 0.741823
vt 0.108494 0.676428
vt 0.451957 0.622385
vt 0.451957 0.630051
vt 0.386561 0.630051
vt 0.386561 0.622385
vt 0.453820 0.622385
vt 0.453820 0.630051
vt 0.969562 0.055821
vt 0.965036 0.055821
vt 0.965036 0.048154
vt 0.969562 0.048154
vt 0.969562 0.061073
vt 0.965036 0.061073
vt 0.959784 0.055821
vt 0.959784 0.048154
vt 0.965036 0.042902
vt 0.969562 0.042902
vt 0.974814 0.048154
vt 0.974814 0.055821
vt 0.530351 0.847830
vt 0.525471 0.847830
vt 0.520944 0.826482
vt 0.520944 0.847830
vt 0.470873 0.588688
vt 0.470873 0.591022
vt 0.465993 0.591022
vt 0.465993 0.588688
vt 0.077131 0.676428
vt 0.077131 0.741823
vt 0.074797 0.741823
vt 0.074797 0.676428
vt 0.451957 0.588688
vt 0.451957 0.591022
vt 0.386561 0.591022
vt 0.386561 0.588688
vt 0.453820 0.588688
vt 0.453820 0.591022
vt 0.461466 0.591022
vt 0.461466 0.588688
vt 0.511820 0.622385
vt 0.511820 0.630051
vt 0.509834 0.630051
vt 0.509834 0.622385
vt 0.511820 0.651400
vt 0.509834 0.651400
vt 0.511820 0.653764
vt 0.509834 0.653764
vt 0.511820 0.719160
vt 0.509834 0.719160
vt 0.072149 0.758987
vt 0.074136 0.758987
vt 0.074136 0.824383
vt 0.072149 0.824383
vt 0.511820 0.588688
vt 0.511820 0.591022
vt 0.509834 0.591022
vt 0.509834 0.588688
vt 0.520944 0.818815
vt 0.513298 0.826482
vt 0.513298 0.818815
vt 0.513298 0.847830
vt 0.525471 0.786480
vt 0.530351 0.786480
vt 0.530351 0.787453
vt 0.525471 0.787453
vt 0.520944 0.786480
vt 0.520944 0.787453
vt 0.570284 0.818815
vt 0.570284 0.826482
vt 0.569312 0.826482
vt 0.569312 0.818815
vt 0.570284 0.847830
vt 0.569312 0.847830
vt 0.530351 0.848803
vt 0.525471 0.848803
vt 0.520944 0.848803
vt 0.513298 0.786480
vt 0.513298 0.787453
vt 0.512326 0.826482
vt 0.512326 0.818815
vt 0.513298 0.848803
vt 0.512326 0.847830
vt 0.551749 0.818815
vt 0.551749 0.826482
vt 0.551749 0.847830
vt 0.551749 0.848803
vt 0.492271 0.651400
vt 0.492271 0.653764
vt 0.492271 0.719160
vt 0.091698 0.758987
vt 0.091698 0.824383
vt 0.492271 0.588688
vt 0.492271 0.591022
vt 0.551749 0.786480
vt 0.551749 0.787453
vt 0.569312 0.848803
vt 0.569312 0.786480
vt 0.569312 0.787453
vt 0.976628 0.112917
vt 0.975344 0.112917
vt 0.975344 0.091519
vt 0.976628 0.091519
vt 0.530351 0.807221
vt 0.530351 0.808663
vt 0.525471 0.808663
vt 0.525471 0.807221
vt 0.520944 0.808663
vt 0.520944 0.807221
vt 0.513298 0.808663
vt 0.513298 0.807221
vt 0.512326 0.808663
vt 0.512326 0.807221
vt 0.453820 0.610790
vt 0.453820 0.612232
vt 0.451957 0.612232
vt 0.451957 0.610790
vt 0.386561 0.612232
vt 0.386561 0.610790
vt 0.096899 0.676428
vt 0.098341 0.676428
vt 0.098341 0.741823
vt 0.096899 0.741823
vt 0.511820 0.610790
vt 0.511820 0.612232
vt 0.509834 0.612232
vt 0.509834 0.610790
vt 0.570284 0.807221
vt 0.570284 0.808663
vt 0.569312 0.808663
vt 0.569312 0.807221
vt 0.551749 0.808663
vt 0.551749 0.807221
vt 0.600657 0.069783
vt 0.599374 0.069783
vt 0.599374 0.048385
vt 0.600657 0.048385
vt 0.530351 0.802413
vt 0.530351 0.803855
vt 0.525471 0.803855
vt 0.525471 0.802413
vt 0.520944 0.803855
vt 0.520944 0.802413
vt 0.513298 0.803855
vt 0.513298 0.802413
vt 0.512326 0.803855
vt 0.512326 0.802413
vt 0.453820 0.605982
vt 0.453820 0.607424
vt 0.451957 0.607424
vt 0.451957 0.605982
vt 0.386561 0.607424
vt 0.386561 0.605982
vt 0.092091 0.676428
vt 0.093533 0.676428
vt 0.093533 0.741823
vt 0.092091 0.741823
vt 0.511820 0.605982
vt 0.511820 0.607424
vt 0.509834 0.607424
vt 0.509834 0.605982
vt 0.570284 0.802413
vt 0.570284 0.803855
vt 0.569312 0.803855
vt 0.569312 0.802413
vt 0.551749 0.803855
vt 0.551749 0.802413
vt 0.410704 0.024357
vt 0.411987 0.024357
vt 0.411987 0.045755
vt 0.410704 0.045755
vt 0.530351 0.797605
vt 0.530351 0.799047
vt 0.525471 0.799047
vt 0.525471 0.797605
vt 0.520944 0.799047
vt 0.520944 0.797605
vt 0.513298 0.799047
vt 0.513298 0.797605
vt 0.512326 0.799047
vt 0.512326 0.797605
vt 0.453820 0.601174
vt 0.453820 0.602616
vt 0.451957 0.602616
vt 0.451957 0.601174
vt 0.386561 0.602616
vt 0.386561 0.601174
vt 0.087283 0.676428
vt 0.088725 0.676428
vt 0.088725 0.741823
vt 0.087283 0.741823
vt 0.511820 0.601174
vt 0.511820 0.602616
vt 0.509834 0.602616
vt 0.509834 0.601174
vt 0.570284 0.797605
vt 0.570284 0.799047
vt 0.569312 0.799047
vt 0.569312 0.797605
vt 0.551749 0.799047
vt 0.551749 0.797605
vt 0.570284 0.787453
vt 0.512326 0.787453
vt 0.977499 0.113355
vt 0.976355 0.114234
vt 0.973684 0.112917
vt 0.973684 0.091519
vt 0.976355 0.090202
vt 0.977499 0.091081
vt 0.977603 0.091519
vt 0.977603 0.112917
vt 0.601529 0.070221
vt 0.600385 0.071100
vt 0.597714 0.069783
vt 0.597714 0.048385
vt 0.600385 0.047068
vt 0.601529 0.047947
vt 0.601633 0.048385
vt 0.601633 0.069783
vt 0.409832 0.023919
vt 0.410976 0.023040
vt 0.413647 0.024357
vt 0.413647 0.045755
vt 0.410976 0.047072
vt 0.409832 0.046193
vt 0.409728 0.045755
vt 0.409728 0.024357
vn 0.000000 0.000000 1.000000
vn 0.000000 0.000000 1.000000
vn 0.000000 0.000000 1.000000
vn 0.000000 0.000000 1.000000
vn 0.000000 1.000000 0.000000
vn 0.000000 1.000000 0.000000
vn 0.000000 1.000000 0.000000
vn 0.000000 1.000000 0.000000
vn 0.000000 0.000000 -1.000000
vn 0.000000 0.000000 -1.000000
vn 0.000000 0.000000 -1.000000
vn 0.000000 0.000000 -1.000000
vn 0.000000 -1.000000 0.000000
vn 0.000000 -1.000000 0.000000
vn 0.000000 -1.000000 0.000000
vn 0.000000 -1.000000 0.000000
vn 1.000000 0.000000 0.000000
vn 1.000000 0.000000 0.000000
vn 1.000000 0.000000 0.000000
vn 1.000000 0.000000 0.000000
vn 0.382671 0.000000 0.923885
vn 0.382671 0.000000 0.923885
vn 0.382671 0.000000 0.923885
vn 0.382671 0.000000 0.923885
vn -0.382671 0.000000 0.923885
vn -0.382671 0.000000 0.923885
vn -0.382671 0.000000 0.923885
vn -0.382671 0.000000 0.923885
vn -0.923918 0.000000 0.382592
vn -0.923918 0.000000 0.382592
vn -0.923918 0.000000 0.382592
vn -0.923918 0.000000 0.382592
vn -0.923863 0.000000 -0.382723
vn -0.923863 0.000000 -0.382723
vn -0.923863 0.000000 -0.382723
vn -0.923863 0.000000 -0.382723
vn -0.382987 0.000000 -0.923754
vn -0.382987 0.000000 -0.923754
vn -0.382987 0.000000 -0.923754
vn -0.382987 0.000000 -0.923754
vn 0.382987 0.000000 -0.923754
vn 0.382987 0.000000 -0.923754
vn 0.382987 0.000000 -0.923754
vn 0.382987 0.000000 -0.923754
vn 0.923863 0.000000 -0.382723
vn 0.923863 0.000000 -0.382723
vn 0.923863 0.000000 -0.382723
vn 0.923863 0.000000 -0.382723
vn 0.923918 0.000000 0.382592
vn 0.923918 0.000000 0.382592
vn 0.923918 0.000000 0.382592
vn 0.923918 0.000000 0.382592
vn 0.382656 0.000000 0.923891
vn 0.382656 0.000000 0.923891
vn 0.382656 0.000000 0.923891
vn 0.382656 0.000000 0.923891
vn -0.382656 0.000000 0.923891
vn -0.382656 0.000000 0.923891
vn -0.382656 0.000000 0.923891
vn -0.382656 0.000000 0.923891
vn -0.923941 0.000000 0.382536
vn -0.923941 0.000000 0.382536
vn -0.923941 0.000000 0.382536
vn -0.923941 0.000000 0.382536
vn -0.923867 0.000000 -0.382714
vn -0.923867 0.000000 -0.382714
vn -0.923867 0.000000 -0.382714
vn -0.923867 0.000000 -0.382714
vn -0.382942 0.000000 -0.923772
vn -0.382942 0.000000 -0.923772
vn -0.382942 0.000000 -0.923772
vn -0.382942 0.000000 -0.923772
vn 0.382942 0.000000 -0.923772
vn 0.382942 0.000000 -0.923772
vn 0.382942 0.000000 -0.923772
vn 0.382942 0.000000 -0.923772
vn 0.923867 0.000000 -0.382714
vn 0.923867 0.000000 -0.382714
vn 0.923867 0.000000 -0.382714
vn 0.923867 0.000000 -0.382714
vn 0.923941 0.000000 0.382536
vn 0.923941 0.000000 0.382536
vn 0.923941 0.000000 0.382536
vn 0.923941 0.000000 0.382536
vn 0.378819 0.189760 0.905808
vn 0.378819 0.189760 0.905807
vn 0.378819 0.189760 0.905808
vn 0.378819 0.189760 0.905807
vn -0.378814 0.189827 0.905795
vn -0.378814 0.189827 0.905795
vn -0.378814 0.189827 0.905795
vn -0.378814 0.189827 0.905795
vn -0.922158 0.086375 0.377046
vn -0.922158 0.086375 0.377046
vn -0.922158 0.086375 0.377046
vn -0.922158 0.086375 0.377046
vn -0.921286 -0.105660 -0.374256
vn -0.921286 -0.105660 -0.374256
vn -0.921286 -0.105660 -0.374256
vn -0.921287 -0.105660 -0.374256
vn -0.371422 -0.326692 -0.869090
vn -0.371422 -0.326692 -0.869090
vn -0.371422 -0.326692 -0.869090
vn -0.371422 -0.326692 -0.869090
vn 0.371513 -0.326679 -0.869056
vn 0.371513 -0.326679 -0.869056
vn 0.371513 -0.326679 -0.869056
vn 0.371513 -0.326679 -0.869056
vn 0.921313 -0.105393 -0.374266
vn 0.921313 -0.105393 -0.374266
vn 0.921313 -0.105393 -0.374266
vn 0.921313 -0.105393 -0.374266
vn 0.922158 0.086375 0.377046
vn 0.922158 0.086375 0.377046
vn 0.922158 0.086375 0.377046
vn 0.922158 0.086375 0.377046
vn 0.367403 0.331752 0.868882
vn 0.367403 0.331752 0.868882
vn 0.367403 0.331752 0.868882
vn 0.367403 0.331752 0.868882
vn -0.367408 0.331715 0.868894
vn -0.367408 0.331715 0.868894
vn -0.367408 0.331715 0.868894
vn -0.367408 0.331715 0.868894
vn -0.916000 0.125074 0.381182
vn -0.916000 0.125074 0.381182
vn -0.916000 0.125074 0.381182
vn -0.916000 0.125074 0.381182
vn -0.909415 -0.069456 -0.410050
vn -0.909415 -0.069456 -0.410050
vn -0.909415 -0.069456 -0.410050
vn -0.909415 -0.069456 -0.410050
vn -0.295928 0.154375 -0.942653
vn -0.295928 0.154375 -0.942653
vn -0.295928 0.154375 -0.942653
vn -0.295928 0.154375 -0.942653
vn 0.295928 0.154375 -0.942653
vn 0.295928 0.154375 -0.942653
vn 0.295928 0.154375 -0.942653
vn 0.295928 0.154375 -0.942653
vn 0.909385 -0.069661 -0.410081
vn 0.909385 -0.069661 -0.410081
vn 0.909385 -0.069661 -0.410081
vn 0.909385 -0.069661 -0.410081
vn 0.915982 0.125087 0.381222
vn 0.915982 0.125087 0.381222
vn 0.915982 0.125087 0.381222
vn 0.915982 0.125087 0.381222
vn 0.371336 0.790965 0.486296
vn 0.371336 0.790965 0.486296
vn 0.371336 0.790965 0.486296
vn 0.371336 0.790965 0.486296
vn -0.371330 0.790938 0.486344
vn -0.371330 0.790938 0.486344
vn -0.371330 0.790938 0.486344
vn -0.371331 0.790938 0.486344
vn -0.919041 0.334028 0.209259
vn -0.919041 0.334028 0.209259
vn -0.919041 0.334028 0.209259
vn -0.919041 0.334028 0.209259
vn -0.918778 -0.328741 -0.218577
vn -0.918778 -0.328741 -0.218577
vn -0.918778 -0.328741 -0.218577
vn -0.918778 -0.328741 -0.218577
vn -0.368528 -0.735109 -0.569036
vn -0.368528 -0.735109 -0.569036
vn -0.368528 -0.735109 -0.569036
vn -0.368528 -0.735109 -0.569036
vn 0.368500 -0.735156 -0.568993
vn 0.368500 -0.735156 -0.568993
vn 0.368500 -0.735156 -0.568993
vn 0.368500 -0.735156 -0.568993
vn 0.918808 -0.328653 -0.218584
vn 0.918808 -0.328653 -0.218584
vn 0.918808 -0.328653 -0.218584
vn 0.918808 -0.328653 -0.218584
vn 0.919093 0.333894 0.209245
vn 0.919093 0.333894 0.209245
vn 0.919093 0.333894 0.209245
vn 0.919093 0.333894 0.209245
vn 0.379285 0.922653 0.069673
vn 0.379285 0.922653 0.069673
vn 0.379285 0.922653 0.069673
vn 0.379285 0.922653 0.069673
vn -0.379230 0.922677 0.069663
vn -0.379230 0.922677 0.069663
vn -0.379230 0.922677 0.069663
vn -0.379230 0.922677 0.069663
vn -0.922551 0.384932 0.026973
vn -0.922551 0.384932 0.026973
vn -0.922551 0.384932 0.026973
vn -0.922551 0.384932 0.026973
vn -0.922364 -0.385623 -0.023241
vn -0.922364 -0.385623 -0.023241
vn -0.922364 -0.385623 -0.023241
vn -0.922364 -0.385623 -0.023241
vn -0.379014 -0.924178 -0.047360
vn -0.379014 -0.924178 -0.047360
vn -0.379014 -0.924178 -0.047360
vn -0.379014 -0.924178 -0.047360
vn 0.378959 -0.924201 -0.047359
vn 0.378959 -0.924201 -0.047359
vn 0.378959 -0.924201 -0.047359
vn 0.378959 -0.924201 -0.047359
vn 0.922414 -0.385502 -0.023242
vn 0.922414 -0.385502 -0.023242
vn 0.922414 -0.385502 -0.023242
vn 0.922414 -0.385502 -0.023242
vn 0.922557 0.384917 0.026973
vn 0.922557 0.384917 0.026973
vn 0.922557 0.384917 0.026973
vn 0.922557 0.384917 0.026973
vn 0.382671 0.000000 -0.923885
vn 0.382671 0.000000 -0.923885
vn 0.382671 0.000000 -0.923885
vn 0.382671 0.000000 -0.923885
vn -0.382671 0.000000 -0.923885
vn -0.382671 0.000000 -0.923885
vn -0.382671 0.000000 -0.923885
vn -0.382671 0.000000 -0.923885
vn -0.923918 0.000000 -0.382592
vn -0.923918 0.000000 -0.382592
vn -0.923918 0.000000 -0.382592
vn -0.923918 0.000000 -0.382592
vn -0.923890 0.000000 0.382657
vn -0.923890 0.000000 0.382657
vn -0.923890 0.000000 0.382657
vn -0.923890 0.000000 0.382657
vn -0.382987 0.000000 0.923754
vn -0.382987 0.000000 0.923754
vn -0.382987 0.000000 0.923754
vn -0.382987 0.000000 0.923754
vn 0.382987 0.000000 0.923754
vn 0.382987 0.000000 0.923754
vn 0.382987 0.000000 0.923754
vn 0.382987 0.000000 0.923754
vn 0.923890 0.000000 0.382657
vn 0.923890 0.000000 0.382657
vn 0.923890 0.000000 0.382657
vn 0.923890 0.000000 0.382657
vn 0.923918 0.000000 -0.382592
vn 0.923918 0.000000 -0.382592
vn 0.923918 0.000000 -0.382592
vn 0.923918 0.000000 -0.382592
vn 0.382656 0.000000 -0.923891
vn 0.382656 0.000000 -0.923891
vn 0.382656 0.000000 -0.923891
vn 0.382656 0.000000 -0.923891
vn -0.382656 0.000000 -0.923891
vn -0.382656 0.000000 -0.923891
vn -0.382656 0.000000 -0.923891
vn -0.382656 0.000000 -0.923891
vn -0.923941 0.000000 -0.382536
vn -0.923941 0.000000 -0.382536
vn -0.923941 0.000000 -0.382536
vn -0.923941 0.000000 -0.382536
vn -0.923867 0.000000 0.382714
vn -0.923867 0.000000 0.382714
vn -0.923867 0.000000 0.382714
vn -0.923867 0.000000 0.382714
vn -0.382942 0.000000 0.923772
vn -0.382942 0.000000 0.923772
vn -0.382942 0.000000 0.923772
vn -0.382942 0.000000 0.923772
vn 0.382942 0.000000 0.923772
vn 0.382942 0.000000 0.923772
vn 0.382942 0.000000 0.923772
vn 0.382942 0.000000 0.923772
vn 0.923867 0.000000 0.382714
vn 0.923867 0.000000 0.382714
vn 0.923867 0.000000 0.382714
vn 0.923867 0.000000 0.382714
vn 0.923941 0.000000 -0.382536
vn 0.923941 0.000000 -0.382536
vn 0.923941 0.000000 -0.382536
vn 0.923941 0.000000 -0.382536
vn 0.378818 0.189777 -0.905804
vn 0.378818 0.189777 -0.905804
vn 0.378818 0.189777 -0.905804
vn 0.378818 0.189777 -0.905804
vn -0.378814 0.189827 -0.905795
vn -0.378814 0.189827 -0.905795
vn -0.378814 0.189827 -0.905795
vn -0.378814 0.189827 -0.905795
vn -0.922165 0.086288 -0.377049
vn -0.922165 0.086288 -0.377049
vn -0.922165 0.086288 -0.377049
vn -0.922165 0.086288 -0.377049
vn -0.921276 -0.105573 0.374306
vn -0.921276 -0.105573 0.374306
vn -0.921276 -0.105573 0.374306
vn -0.921276 -0.105573 0.374306
vn -0.371519 -0.326632 0.869071
vn -0.371519 -0.326632 0.869071
vn -0.371519 -0.326632 0.869071
vn -0.371519 -0.326632 0.869071
vn 0.371526 -0.326585 0.869086
vn 0.371526 -0.326585 0.869086
vn 0.371526 -0.326585 0.869086
vn 0.371526 -0.326585 0.869086
vn 0.921292 -0.105406 0.374313
vn 0.921292 -0.105406 0.374313
vn 0.921292 -0.105406 0.374313
vn 0.921292 -0.105406 0.374313
vn 0.922160 0.086354 -0.377046
vn 0.922160 0.086354 -0.377046
vn 0.922160 0.086354 -0.377046
vn 0.922160 0.086354 -0.377046
vn 0.367458 0.331744 -0.868862
vn 0.367458 0.331744 -0.868862
vn 0.367458 0.331744 -0.868862
vn 0.367458 0.331744 -0.868862
vn -0.367458 0.331744 -0.868862
vn -0.367458 0.331744 -0.868862
vn -0.367458 0.331744 -0.868862
vn -0.367458 0.331744 -0.868862
vn -0.916007 0.125018 -0.381185
vn -0.916007 0.125018 -0.381185
vn -0.916007 0.125018 -0.381185
vn -0.916007 0.125018 -0.381185
vn -0.909426 -0.069549 0.410010
vn -0.909426 -0.069549 0.410010
vn -0.909426 -0.069549 0.410010
vn -0.909426 -0.069549 0.410010
vn -0.295807 0.154441 0.942680
vn -0.295807 0.154441 0.942680
vn -0.295807 0.154441 0.942680
vn -0.295807 0.154441 0.942680
vn 0.295887 0.154419 0.942659
vn 0.295887 0.154419 0.942659
vn 0.295887 0.154419 0.942659
vn 0.295887 0.154419 0.942659
vn 0.909436 -0.069657 0.409969
vn 0.909436 -0.069657 0.409969
vn 0.909436 -0.069657 0.409969
vn 0.909436 -0.069657 0.409969
vn 0.916019 0.125061 -0.381143
vn 0.916019 0.125061 -0.381143
vn 0.916018 0.125061 -0.381143
vn 0.916018 0.125061 -0.381143
vn 0.371305 0.790987 -0.486283
vn 0.371305 0.790987 -0.486283
vn 0.371305 0.790987 -0.486283
vn 0.371305 0.790987 -0.486283
vn -0.371355 0.790924 -0.486348
vn -0.371355 0.790924 -0.486348
vn -0.371355 0.790924 -0.486348
vn -0.371355 0.790924 -0.486348
vn -0.919058 0.333978 -0.209263
vn -0.919058 0.333978 -0.209263
vn -0.919058 0.333978 -0.209263
vn -0.919058 0.333978 -0.209263
vn -0.918809 -0.328681 0.218538
vn -0.918809 -0.328681 0.218538
vn -0.918809 -0.328681 0.218538
vn -0.918809 -0.328681 0.218538
vn -0.368473 -0.735203 0.568950
vn -0.368473 -0.735203 0.568950
vn -0.368473 -0.735203 0.568950
vn -0.368473 -0.735203 0.568950
vn 0.368442 -0.735194 0.568982
vn 0.368442 -0.735194 0.568982
vn 0.368442 -0.735194 0.568982
vn 0.368442 -0.735194 0.568982
vn 0.918839 -0.328593 0.218545
vn 0.918839 -0.328593 0.218545
vn 0.918839 -0.328593 0.218545
vn 0.918839 -0.328593 0.218545
vn 0.919058 0.333978 -0.209263
vn 0.919058 0.333978 -0.209263
vn 0.919058 0.333978 -0.209263
vn 0.919058 0.333978 -0.209263
vn 0.379286 0.922652 -0.069675
vn 0.379286 0.922652 -0.069675
vn 0.379286 0.922652 -0.069675
vn 0.379286 0.922652 -0.069675
vn -0.379249 0.922668 -0.069667
vn -0.379249 0.922668 -0.069667
vn -0.379249 0.922668 -0.069667
vn -0.379249 0.922668 -0.069667
vn -0.922557 0.384917 -0.026972
vn -0.922557 0.384917 -0.026972
vn -0.922557 0.384917 -0.026972
vn -0.922557 0.384917 -0.026972
vn -0.922375 -0.385597 0.023243
vn -0.922375 -0.385597 0.023243
vn -0.922375 -0.385597 0.023243
vn -0.922375 -0.385597 0.023243
vn -0.378958 -0.924201 0.047360
vn -0.378958 -0.924201 0.047360
vn -0.378958 -0.924201 0.047360
vn -0.378958 -0.924201 0.047360
vn 0.378982 -0.924192 0.047359
vn 0.378982 -0.924191 0.047359
vn 0.378982 -0.924191 0.047359
vn 0.378982 -0.924192 0.047359
vn 0.922404 -0.385528 0.023243
vn 0.922404 -0.385528 0.023243
vn 0.922404 -0.385528 0.023243
vn 0.922404 -0.385528 0.023243
vn 0.922560 0.384910 -0.026971
vn 0.922560 0.384910 -0.026971
vn 0.922560 0.384910 -0.026971
vn 0.922560 0.384910 -0.026971
vn 0.382502 0.923955 0.000000
vn 0.382502 0.923955 0.000000
vn 0.382502 0.923955 0.000000
vn 0.382502 0.923955 0.000000
vn 0.923919 0.382589 0.000000
vn 0.923919 0.382589 0.000000
vn 0.923919 0.382589 0.000000
vn 0.923919 0.382589 0.000000
vn 0.923928 -0.382566 0.000000
vn 0.923928 -0.382566 0.000000
vn 0.923928 -0.382566 0.000000
vn 0.923928 -0.382566 0.000000
vn 0.382776 -0.923841 0.000000
vn 0.382776 -0.923841 0.000000
vn 0.382776 -0.923841 0.000000
vn 0.382776 -0.923841 0.000000
vn -0.382776 -0.923841 0.000000
vn -0.382776 -0.923841 0.000000
vn -0.382776 -0.923841 0.000000
vn -0.382776 -0.923841 0.000000
vn -0.923928 -0.382566 0.000000
vn -0.923928 -0.382566 0.000000
vn -0.923928 -0.382566 0.000000
vn -0.923928 -0.382566 0.000000
vn -0.923919 0.382589 0.000000
vn -0.923919 0.382589 0.000000
vn -0.923919 0.382589 0.000000
vn -0.923919 0.382589 0.000000
vn -0.382502 0.923955 0.000000
vn -0.382502 0.923955 0.000000
vn -0.382502 0.923955 0.000000
vn -0.382502 0.923955 0.000000
vn -0.000000 0.000000 -1.000000
vn -0.000000 0.000000 -1.000000
vn -0.000000 0.000000 -1.000000
vn -0.000000 0.000000 -1.000000
vn -0.000001 -1.000000 0.000000
vn -0.000001 -1.000000 0.000000
vn -0.000001 -1.000000 0.000000
vn -0.000001 -1.000000 0.000000
vn 1.000000 0.000000 0.000000
vn 1.000000 0.000000 0.000000
vn 1.000000 0.000000 0.000000
vn 1.000000 0.000000 0.000000
vn 0.000000 1.000000 0.000000
vn 0.000000 1.000000 0.000000
vn 0.000000 1.000000 0.000000
vn 0.000000 1.000000 0.000000
vn -0.000000 0.000000 1.000000
vn -0.000000 0.000000 1.000000
vn -0.000000 0.000000 1.000000
vn -0.000000 0.000000 1.000000
vn 1.000000 0.000000 0.000000
vn 1.000000 0.000000 0.000000
vn 1.000000 0.000000 0.000000
vn 1.000000 0.000000 0.000000
vn -0.000001 -1.000000 -0.000001
vn -0.000001 -1.000000 -0.000001
vn -0.000001 -1.000000 -0.000001
vn -0.000001 -1.000000 -0.000001
vn 0.000000 1.000000 0.000000
vn 0.000000 1.000000 0.000000
vn 0.000000 1.000000 0.000000
vn 0.000000 1.000000 0.000000
vn 1.000000 0.000000 0.000000
vn 1.000000 0.000000 0.000000
vn -0.000001 -1.000000 -0.000001
vn -0.000001 -1.000000 -0.000001
vn 0.000000 1.000000 0.000000
vn 0.000000 1.000000 0.000000
vn 1.000000 0.000000 0.000000
vn 1.000000 0.000000 0.000000
vn 1.000000 0.000000 0.000000
vn 1.000000 0.000000 0.000000
vn 0.000000 0.000000 -1.000000
vn 0.000000 0.000000 -1.000000
vn 0.000000 0.000000 -1.000000
vn 0.000000 0.000000 -1.000000
vn 0.000000 0.000000 1.000000
vn -0.000000 0.000000 1.000000
vn -0.000000 0.000000 1.000000
vn 0.000000 0.000000 1.000000
vn 1.000000 0.000000 0.000000
vn 1.000000 0.000000 0.000000
vn 1.000000 0.000000 0.000000
vn 1.000000 0.000000 0.000000
vn 1.000000 0.000000 0.000000
vn 1.000000 0.000000 0.000000
vn 1.000000 0.000000 0.000000
vn 1.000000 0.000000 0.000000
vn 0.000000 -1.000000 0.000000
vn 0.000000 -1.000000 0.000000
vn 0.000000 -1.000000 0.000000
vn 0.000000 -1.000000 0.000000
vn 0.000000 0.000000 -1.000000
vn 0.000000 0.000000 -1.000000
vn 0.000000 0.000000 -1.000000
vn 0.000000 0.000000 -1.000000
vn 0.000000 1.000000 0.000000
vn 0.000000 1.000000 0.000000
vn 0.000000 1.000000 0.000000
vn 0.000000 1.000000 0.000000
vn 0.000000 0.000000 1.000000
vn 0.000000 0.000000 1.000000
vn 0.000000 0.000000 1.000000
vn 0.000000 0.000000 1.000000
vn 1.000000 0.000000 0.000000
vn 1.000000 0.000000 0.000000
vn 1.000000 0.000000 0.000000
vn 1.000000 0.000000 0.000000
vn 1.000000 0.000000 0.000000
vn 1.000000 0.000000 0.000000
vn 1.000000 0.000000 0.000000
vn 1.000000 0.000000 0.000000
vn -0.000000 0.000000 -1.000000
vn -0.000000 0.000000 -1.000000
vn 0.000000 0.000000 -1.000000
vn 0.000000 0.000000 -1.000000
vn -0.000000 0.000000 1.000000
vn 0.000000 0.000000 1.000000
vn 0.000000 0.000000 1.000000
vn -0.000000 0.000000 1.000000
vn 1.000000 0.000000 0.000000
vn 1.000000 0.000000 0.000000
vn 1.000000 0.000000 0.000000
vn 1.000000 0.000000 0.000000
vn 1.000000 0.000000 0.000000
vn 1.000000 0.000000 0.000000
vn 1.000000 0.000000 0.000000
vn 1.000000 0.000000 0.000000
vn 1.000000 0.000000 0.000000
vn 1.000000 0.000000 0.000000
vn 1.000000 0.000000 0.000000
vn 1.000000 0.000000 0.000000
vn 1.000000 0.000000 0.000000
vn 1.000000 0.000000 0.000000
vn 0.000000 1.000000 -0.000002
vn 0.000000 1.000000 -0.000000
vn 0.000000 1.000000 -0.000000
vn 0.000000 1.000000 -0.000002
vn -0.000001 -1.000000 -0.000006
vn -0.000001 -1.000000 -0.000001
vn -0.000001 -1.000000 -0.000001
vn -0.000001 -1.000000 -0.000006
vn 1.000000 0.000000 0.000000
vn 1.000000 0.000000 0.000000
vn 1.000000 0.000000 0.000000
vn 1.000000 0.000000 0.000000
vn 1.000000 0.000000 0.000000
vn 1.000000 0.000000 0.000000
vn 1.000000 0.000000 0.000000
vn 1.000000 0.000000 0.000000
vn 0.000000 -1.000000 0.000000
vn 0.000000 -1.000000 0.000000
vn 0.000000 -1.000000 0.000000
vn 0.000000 -1.000000 0.000000
vn 0.000000 -1.000000 0.000000
vn 0.000000 -1.000000 0.000000
vn 0.000000 -1.000000 0.000000
vn 0.000000 -1.000000 0.000000
vn 0.000000 0.000000 -1.000000
vn 0.000000 0.000000 -1.000000
vn 0.000000 0.000000 -1.000000
vn 0.000000 0.000000 -1.000000
vn 0.000000 0.000000 -1.000000
vn 0.000000 0.000000 -1.000000
vn 0.000000 0.000000 -1.000000
vn 0.000000 0.000000 -1.000000
vn 0.000000 1.000000 0.000000
vn 0.000000 1.000000 0.000000
vn 0.000000 1.000000 0.000000
vn 0.000000 1.000000 0.000000
vn 0.000000 1.000000 0.000000
vn 0.000000 1.000000 0.000000
vn 0.000000 1.000000 0.000000
vn 0.000000 1.000000 0.000000
vn 0.000000 -1.000000 -0.000003
vn 0.000000 -1.000000 -0.000003
vn 0.000000 -1.000000 -0.000003
vn 0.000000 -1.000000 -0.000003
vn 0.000000 0.000000 1.000000
vn 0.000000 0.000000 1.000000
vn 0.000000 0.000000 1.000000
vn 0.000000 0.000000 1.000000
vn 0.000000 1.000000 0.000001
vn 0.000000 1.000000 0.000001
vn 0.000000 1.000000 0.000001
vn 0.000000 1.000000 0.000001
vn 0.000000 0.000000 1.000000
vn 0.000000 0.000000 1.000000
vn 0.000000 0.000000 1.000000
vn 0.000000 0.000000 1.000000
vn 1.000000 0.000000 0.000000
vn 1.000000 0.000000 0.000000
vn 1.000000 0.000000 0.000000
vn 0.000000 1.000000 0.000000
vn 0.000000 1.000000 0.000000
vn 1.000000 0.000000 0.000000
vn 1.000000 0.000000 0.000000
vn 0.000000 1.000000 0.000000
vn 0.000000 1.000000 0.000000
vn -0.000001 -1.000000 0.000000
vn -0.000001 -1.000000 0.000000
vn 1.000000 0.000000 0.000000
vn 1.000000 0.000000 0.000000
vn 0.000000 -1.000000 0.000000
vn 0.000000 -1.000000 0.000000
vn 1.000000 0.000000 0.000000
vn 1.000000 0.000000 0.000000
vn 1.000000 0.000000 0.000000
vn 0.000000 1.000000 0.000000
vn 0.000000 1.000000 0.000000
vn 0.000000 -1.000000 0.000000
vn 0.000000 -1.000000 0.000000
vn 0.655851 0.754891 0.000000
vn 0.793153 0.609022 0.000000
vn 0.793153 0.609022 0.000000
vn 0.655851 0.754891 0.000000
vn 1.000000 0.000000 0.000000
vn 1.000000 0.000000 0.000000
vn 1.000000 0.000000 0.000000
vn 1.000000 0.000000 0.000000
vn 1.000000 0.000000 0.000000
vn 1.000000 0.000000 0.000000
vn 1.000000 0.000000 0.000000
vn 1.000000 0.000000 0.000000
vn 0.000000 0.000000 1.000000
vn 0.000000 0.000000 1.000000
vn 0.000000 0.000000 1.000000
vn 0.000000 0.000000 1.000000
vn 1.000000 0.000000 0.000000
vn 1.000000 0.000000 0.000000
vn 1.000000 0.000000 0.000000
vn 1.000000 0.000000 0.000000
vn 0.000000 0.000000 1.000000
vn 0.000000 0.000000 1.000000
vn 0.000000 0.000000 1.000000
vn 0.000000 0.000000 1.000000
vn -0.000000 0.000000 -1.000000
vn -0.000000 0.000000 -1.000000
vn -0.000000 0.000000 -1.000000
vn -0.000000 0.000000 -1.000000
vn 1.000000 0.000000 0.000000
vn 1.000000 0.000000 0.000000
vn 1.000000 0.000000 0.000000
vn 1.000000 0.000000 0.000000
vn 0.000000 0.000000 -1.000000
vn 0.000000 0.000000 -1.000000
vn 0.000000 0.000000 -1.000000
vn 0.000000 0.000000 -1.000000
vn 1.000000 0.000000 0.000000
vn 1.000000 0.000000 0.000000
vn 1.000000 0.000000 0.000000
vn 1.000000 0.000000 0.000000
vn 0.655852 0.754889 0.000000
vn 0.793155 0.609019 0.000000
vn 0.793155 0.609019 0.000000
vn 0.655852 0.754889 0.000000
vn 1.000000 0.000000 0.000000
vn 1.000000 0.000000 0.000000
vn 1.000000 0.000000 0.000000
vn 1.000000 0.000000 0.000000
vn 1.000000 0.000000 0.000000
vn 1.000000 0.000000 0.000000
vn 1.000000 0.000000 0.000000
vn 1.000000 0.000000 0.000000
vn 0.000000 0.000000 1.000000
vn 0.000000 0.000000 1.000000
vn 0.000000 0.000000 1.000000
vn 0.000000 0.000000 1.000000
vn 1.000000 0.000000 0.000000
vn 1.000000 0.000000 0.000000
vn 1.000000 0.000000 0.000000
vn 1.000000 0.000000 0.000000
vn -0.000000 0.000000 1.000000
vn -0.000000 0.000000 1.000000
vn -0.000000 0.000000 1.000000
vn -0.000000 0.000000 1.000000
vn -0.000000 0.000000 -1.000000
vn -0.000000 0.000000 -1.000000
vn -0.000000 0.000000 -1.000000
vn -0.000000 0.000000 -1.000000
vn 1.000000 0.000000 0.000000
vn 1.000000 0.000000 0.000000
vn 1.000000 0.000000 0.000000
vn 1.000000 0.000000 0.000000
vn 0.000000 0.000000 -1.000000
vn 0.000000 0.000000 -1.000000
vn 0.000000 0.000000 -1.000000
vn 0.000000 0.000000 -1.000000
vn 1.000000 0.000000 0.000000
vn 1.000000 0.000000 0.000000
vn 1.000000 0.000000 0.000000
vn 1.000000 0.000000 0.000000
vn 0.655856 0.754886 0.000000
vn 0.793159 0.609014 0.000000
vn 0.793159 0.609014 0.000000
vn 0.655856 0.754886 0.000000
vn 1.000000 0.000000 0.000000
vn 1.000000 0.000000 0.000000
vn 1.000000 0.000000 0.000000
vn 1.000000 0.000000 0.000000
vn 1.000000 0.000000 0.000000
vn 1.000000 0.000000 0.000000
vn 1.000000 0.000000 0.000000
vn 1.000000 0.000000 0.000000
vn 0.000000 0.000000 1.000000
vn 0.000000 0.000000 1.000000
vn 0.000000 0.000000 1.000000
vn 0.000000 0.000000 1.000000
vn 1.000000 0.000000 0.000000
vn 1.000000 0.000000 0.000000
vn 1.000000 0.000000 0.000000
vn 1.000000 0.000000 0.000000
vn 0.000000 0.000000 1.000000
vn -0.000000 0.000000 1.000000
vn -0.000000 0.000000 1.000000
vn 0.000000 0.000000 1.000000
vn -0.000001 0.000000 -1.000000
vn 0.000000 0.000000 -1.000000
vn 0.000000 0.000000 -1.000000
vn -0.000001 0.000000 -1.000000
vn 1.000000 0.000000 0.000000
vn 1.000000 0.000000 0.000000
vn 1.000000 0.000000 0.000000
vn 1.000000 0.000000 0.000000
vn 0.000000 0.000000 -1.000000
vn 0.000000 0.000000 -1.000000
vn 0.000000 0.000000 -1.000000
vn 0.000000 0.000000 -1.000000
vn 1.000000 0.000000 0.000000
vn 1.000000 0.000000 0.000000
vn 1.000000 0.000000 0.000000
vn 1.000000 0.000000 0.000000
vn 1.000000 0.000000 0.000000
vn 1.000000 0.000000 0.000000
vn 1.000000 0.000000 0.000000
vn 1.000000 0.000000 0.000000
vn 0.000000 0.000000 -1.000000
vn 0.000000 0.000000 -1.000000
vn 0.000000 0.000000 1.000000
vn 0.000000 0.000000 1.000000
vn 1.000000 0.000000 0.000000
vn 1.000000 0.000000 0.000000
vn 0.000000 0.000000 1.000000
vn 0.000000 0.000000 1.000000
vn 0.000000 0.000000 1.000000
vn 0.000000 0.000000 1.000000
vn 0.000000 -1.000000 0.000000
vn 0.000000 -1.000000 0.000000
vn 0.000000 -1.000000 0.000000
vn 0.000000 -1.000000 0.000000
vn 0.000000 0.000000 -1.000000
vn 0.000000 0.000000 -1.000000
vn 0.000000 0.000000 -1.000000
vn 0.000000 0.000000 -1.000000
vn 0.435010 0.900426 0.000000
vn 0.435010 0.900426 0.000000
vn 0.000000 0.000000 1.000000
vn 0.000000 0.000000 1.000000
vn 0.000000 0.000000 1.000000
vn 0.000000 0.000000 1.000000
vn 0.000000 -1.000000 0.000000
vn 0.000000 -1.000000 0.000000
vn 0.000000 -1.000000 0.000000
vn 0.000000 -1.000000 0.000000
vn 0.000000 0.000000 -1.000000
vn 0.000000 0.000000 -1.000000
vn 0.000000 0.000000 -1.000000
vn 0.000000 0.000000 -1.000000
vn 0.435010 0.900426 0.000000
vn 0.435010 0.900426 0.000000
vn -0.000034 0.000000 1.000000
vn -0.000034 0.000000 1.000000
vn -0.000034 0.000000 1.000000
vn -0.000034 0.000000 1.000000
vn 0.000000 -1.000000 0.000000
vn 0.000000 -1.000000 0.000000
vn 0.000000 -1.000000 0.000000
vn 0.000000 -1.000000 0.000000
vn 0.000000 0.000000 -1.000000
vn 0.000000 0.000000 -1.000000
vn 0.000000 0.000000 -1.000000
vn 0.000000 0.000000 -1.000000
vn 0.435010 0.900426 0.000000
vn 0.435010 0.900426 0.000000
s off
g pCube179
usemtl initialShadingGroup
f 305/411/803 306/412/804 308/413/805 307/421/806
f 307/414/807 308/413/808 310/415/809 309/420/810
f 309/416/811 310/415/812 312/417/813 311/419/814
f 311/418/815 312/417/816 306/412/817 305/422/818
f 306/412/819 312/417/820 310/415/821 308/413/822
f 313/423/823 321/424/824 322/425/825 314/426/826
f 314/426/827 322/425/828 323/427/829 315/428/830
f 315/428/831 323/427/832 324/429/833 316/430/834
f 316/431/835 324/432/836 325/433/837 317/434/838
f 317/434/839 325/433/840 326/435/841 318/436/842
f 318/436/843 326/435/844 327/437/845 319/438/846
f 319/438/847 327/437/848 328/439/849 320/440/850
f 320/440/851 328/439/852 321/424/853 313/423/854
f 321/424/855 329/441/856 330/442/857 322/425/858
f 322/425/859 330/442/860 331/443/861 323/427/862
f 323/427/863 331/443/864 332/444/865 324/429/866
f 324/432/867 332/445/868 333/446/869 325/433/870
f 325/433/871 333/446/872 334/447/873 326/435/874
f 326/435/875 334/447/876 335/448/877 327/437/878
f 327/437/879 335/448/880 336/449/881 328/439/882
f 328/439/883 336/449/884 329/441/885 321/424/886
f 329/441/887 337/450/888 338/451/889 330/442/890
f 330/442/891 338/451/892 339/452/893 331/443/894
f 331/443/895 339/452/896 340/453/897 332/444/898
f 332/445/899 340/454/900 341/455/901 333/446/902
f 333/446/903 341/455/904 342/456/905 334/447/906
f 334/447/907 342/456/908 343/457/909 335/448/910
f 335/448/911 343/457/912 344/458/913 336/449/914
f 336/449/915 344/458/916 337/450/917 329/441/918
f 337/450/919 345/459/920 346/460/921 338/451/922
f 338/451/923 346/460/924 347/461/925 339/452/926
f 339/452/927 347/461/928 348/462/929 340/453/930
f 340/454/931 348/463/932 349/464/933 341/455/934
f 341/455/935 349/464/936 350/465/937 342/456/938
f 342/456/939 350/465/940 351/466/941 343/457/942
f 343/457/943 351/466/944 352/467/945 344/458/946
f 344/458/947 352/467/948 345/459/949 337/450/950
f 345/459/951 353/468/952 354/469/953 346/460/954
f 346/460/955 354/469/956 355/470/957 347/461/958
f 347/461/959 355/470/960 356/471/961 348/462/962
f 348/463/963 356/472/964 357/473/965 349/464/966
f 349/464/967 357/473/968 358/474/969 350/465/970
f 350/465/971 358/474/972 359/475/973 351/466/974
f 351/466/975 359/475/976 360/476/977 352/467/978
f 352/467/979 360/476/980 353/468/981 345/459/982
f 353/468/983 361/477/984 362/478/985 354/469/986
f 354/469/987 362/478/988 363/479/989 355/470/990
f 355/470/991 363/479/992 364/480/993 356/471/994
f 356/472/995 364/481/996 365/482/997 357/473/998
f 357/473/999 365/482/1000 366/483/1001 358/474/1002
f 358/474/1003 366/483/1004 367/484/1005 359/475/1006
f 359/475/1007 367/484/1008 368/485/1009 360/476/1010
f 360/476/1011 368/485/1012 361/477/1013 353/468/1014
f 369/486/1015 370/487/1016 378/488/1017 377/489/1018
f 370/487/1019 371/490/1020 379/491/1021 378/488/1022
f 371/490/1023 372/492/1024 380/493/1025 379/491/1026
f 372/494/1027 373/495/1028 381/496/1029 380/497/1030
f 373/495/1031 374/498/1032 382/499/1033 381/496/1034
f 374/498/1035 375/500/1036 383/501/1037 382/499/1038
f 375/500/1039 376/502/1040 384/503/1041 383/501/1042
f 376/502/1043 369/486/1044 377/489/1045 384/503/1046
f 377/489/1047 378/488/1048 386/504/1049 385/505/1050
f 378/488/1051 379/491/1052 387/506/1053 386/504/1054
f 379/491/1055 380/493/1056 388/507/1057 387/506/1058
f 380/497/1059 381/496/1060 389/508/1061 388/509/1062
f 381/496/1063 382/499/1064 390/510/1065 389/508/1066
f 382/499/1067 383/501/1068 391/511/1069 390/510/1070
f 383/501/1071 384/503/1072 392/512/1073 391/511/1074
f 384/503/1075 377/489/1076 385/505/1077 392/512/1078
f 385/505/1079 386/504/1080 394/513/1081 393/514/1082
f 386/504/1083 387/506/1084 395/515/1085 394/513/1086
f 387/506/1087 388/507/1088 396/516/1089 395/515/1090
f 388/509/1091 389/508/1092 397/517/1093 396/518/1094
f 389/508/1095 390/510/1096 398/519/1097 397/517/1098
f 390/510/1099 391/511/1100 399/520/1101 398/519/1102
f 391/511/1103 392/512/1104 400/521/1105 399/520/1106
f 392/512/1107 385/505/1108 393/514/1109 400/521/1110
f 393/514/1111 394/513/1112 402/522/1113 401/523/1114
f 394/513/1115 395/515/1116 403/524/1117 402/522/1118
f 395/515/1119 396/516/1120 404/525/1121 403/524/1122
f 396/518/1123 397/517/1124 405/526/1125 404/527/1126
f 397/517/1127 398/519/1128 406/528/1129 405/526/1130
f 398/519/1131 399/520/1132 407/529/1133 406/528/1134
f 399/520/1135 400/521/1136 408/530/1137 407/529/1138
f 400/521/1139 393/514/1140 401/523/1141 408/530/1142
f 401/523/1143 402/522/1144 410/531/1145 409/532/1146
f 402/522/1147 403/524/1148 411/533/1149 410/531/1150
f 403/524/1151 404/525/1152 412/534/1153 411/533/1154
f 404/527/1155 405/526/1156 413/535/1157 412/536/1158
f 405/526/1159 406/528/1160 414/537/1161 413/535/1162
f 406/528/1163 407/529/1164 415/538/1165 414/537/1166
f 407/529/1167 408/530/1168 416/539/1169 415/538/1170
f 408/530/1171 401/523/1172 409/532/1173 416/539/1174
f 409/532/1175 410/531/1176 418/540/1177 417/541/1178
f 410/531/1179 411/533/1180 419/542/1181 418/540/1182
f 411/533/1183 412/534/1184 420/543/1185 419/542/1186
f 412/536/1187 413/535/1188 421/544/1189 420/545/1190
f 413/535/1191 414/537/1192 422/546/1193 421/544/1194
f 414/537/1195 415/538/1196 423/547/1197 422/546/1198
f 415/538/1199 416/539/1200 424/548/1201 423/547/1202
f 416/539/1203 409/532/1204 417/541/1205 424/548/1206
f 362/478/1207 361/477/1208 417/541/1209 418/540/1210
f 361/477/1211 368/485/1212 424/548/1213 417/541/1214
f 368/485/1215 367/484/1216 423/547/1217 424/548/1218
f 367/484/1219 366/483/1220 422/546/1221 423/547/1222
f 366/483/1223 365/482/1224 421/544/1225 422/546/1226
f 365/482/1227 364/481/1228 420/545/1229 421/544/1230
f 364/480/1231 363/479/1232 419/542/1233 420/543/1234
f 363/479/1235 362/478/1236 418/540/1237 419/542/1238
s 1
f 431/549/1239 450/550/1240 451/551/1241 430/552/1242
s 2
f 504/553/1243 438/554/1244 439/555/1245 503/556/1246
s 3
f 500/557/1247 501/558/1248 437/559/1249 449/560/1250
s 4
f 502/561/1251 440/562/1252 437/559/1253 501/558/1254
s 5
f 453/563/1255 432/564/1256 429/565/1257 452/566/1258
s 3
f 472/567/1259 473/568/1260 432/564/1261 453/563/1262
s 2
f 475/569/1263 476/570/1264 428/571/1265 427/572/1266
s 4
f 473/568/1267 474/573/1268 429/574/1269 432/564/1270
s 3
f 454/575/1271 449/560/1250 437/559/1249 433/576/1272
s 2
f 439/555/1245 438/554/1244 434/577/1273 435/578/1274
s 4
f 437/559/1253 440/562/1252 436/579/1275 433/576/1276
s 9
f 497/580/1277 498/581/1278 484/582/1279 479/583/1280
s 1
f 446/584/1281 445/585/1282 441/586/1283 442/587/1284
s 5
f 444/588/1285 448/589/1286 447/590/1287 443/591/1288
s 3
f 470/592/1289 471/593/1290 448/589/1291 444/588/1292
s off
f 485/594/1293 486/595/1294 487/596/1295 488/597/1296
f 482/598/1297 479/599/1298 486/595/1299 485/594/1300
f 479/600/1301 484/601/1302 487/596/1303 486/595/1304
f 484/602/1305 489/603/1306 488/597/1307 487/596/1308
f 489/604/1309 482/605/1310 485/594/1311 488/597/1312
s 9
f 498/581/1278 499/606/1313 491/607/1314 484/582/1279
s 1
f 451/551/1241 450/550/1240 445/585/1282 446/584/1281
s 5
f 448/589/1286 453/563/1255 452/566/1258 447/590/1287
s 3
f 471/593/1290 472/567/1259 453/563/1262 448/589/1291
s 9
f 489/608/1315 484/582/1279 491/607/1314 492/609/1316
s 3
f 504/610/1317 505/611/1318 455/612/1319 438/613/1320
s 1
f 457/614/1321 456/615/1322 426/616/1323 425/617/1324
s 5
f 428/618/1325 459/619/1326 458/620/1327 427/621/1328
s 3
f 476/622/1329 469/623/1330 459/619/1331 428/618/1332
f 438/613/1320 455/612/1319 460/624/1333 434/625/1334
f 441/626/1335 445/627/1336 463/628/1337 462/629/1338
f 445/627/1336 450/630/1339 464/631/1340 463/628/1337
f 450/630/1339 431/632/1341 465/633/1342 464/631/1340
s 4
f 430/634/1343 466/635/1344 465/633/1345 431/632/1346
s 2
f 426/636/1347 468/637/1348 467/638/1349 425/639/1350
s 3
f 426/640/1351 456/641/1352 461/642/1353 468/643/1354
s 9
f 482/644/1355 489/608/1315 495/645/1356 493/646/1357
f 489/608/1315 492/609/1316 496/647/1358 495/645/1356
s 3
f 454/575/1271 433/576/1272 473/568/1260 472/567/1259
s 4
f 433/576/1276 436/579/1275 474/573/1268 473/568/1267
s 2
f 435/578/1274 434/577/1273 476/570/1264 475/569/1263
s 3
f 434/625/1334 460/624/1333 469/623/1330 476/622/1329
s 18
f 455/648/1359 505/649/1360 506/650/1361 480/651/1362
s off
f 460/652/1363 455/648/1364 480/651/1365 481/653/1366
s 19
f 462/654/1367 463/655/1368 483/656/1369 478/657/1370
s off
f 463/655/1371 464/658/1372 490/659/1373 483/656/1374
s 20
f 500/660/1375 449/661/1376 491/607/1377 499/606/1378
s off
f 449/661/1379 454/662/1380 492/609/1381 491/607/1382
f 469/663/1383 460/652/1384 481/653/1385 494/664/1386
s 21
f 471/665/1387 470/666/1388 493/646/1389 495/645/1390
s off
f 454/662/1391 472/667/1392 496/647/1393 492/609/1394
f 472/668/1395 471/665/1396 495/645/1397 496/647/1398
s 9
f 507/669/1399 508/670/1400 498/581/1278 497/580/1277
f 508/670/1400 509/671/1401 499/606/1313 498/581/1278
s 20
f 510/672/1402 500/660/1375 499/606/1378 509/671/1403
s 3
f 510/673/1404 511/674/1405 501/558/1248 500/557/1247
s 4
f 512/675/1406 502/561/1251 501/558/1254 511/674/1407
s 2
f 514/676/1408 504/553/1243 503/556/1246 513/677/1409
s 3
f 514/678/1410 515/679/1411 505/611/1318 504/610/1317
s 18
f 506/650/1361 505/649/1360 515/680/1412 516/681/1413
s 9
f 478/657/1414 483/656/1415 508/670/1400 507/669/1399
f 483/656/1415 490/659/1416 509/671/1401 508/670/1400
s 20
f 464/682/1417 510/672/1402 509/671/1403 490/659/1418
s 3
f 464/631/1340 465/633/1342 511/674/1405 510/673/1404
s 4
f 466/635/1344 512/675/1406 511/674/1407 465/633/1345
s 2
f 468/637/1348 514/676/1408 513/677/1409 467/638/1349
s 3
f 468/643/1354 461/642/1353 515/679/1411 514/678/1410
s 18
f 516/681/1413 515/680/1412 461/683/1419 477/684/1420
s 22
f 589/685/1421 590/686/1422 591/687/1423 592/688/1424
s 9
f 518/689/1425 517/690/1426 520/691/1427 519/692/1428
f 519/692/1428 520/691/1427 522/693/1429 521/694/1430
f 521/694/1430 522/693/1429 523/695/1431 524/696/1432
s 21
f 524/696/1433 523/695/1434 525/697/1435 526/698/1436
s 3
f 526/699/1437 525/700/1438 527/701/1439 528/702/1440
s 5
f 528/702/1441 527/701/1442 530/703/1443 529/704/1444
s 1
f 532/705/1445 531/706/1446 534/707/1447 533/708/1448
s 3
f 533/709/1449 534/710/1450 535/711/1451 536/712/1452
s 19
f 536/713/1453 535/714/1454 537/715/1455 538/716/1456
s 9
f 538/716/1457 537/715/1458 539/717/1459 540/718/1460
s 23
f 593/719/1461 594/720/1462 595/721/1463 596/722/1464
s 9
f 542/723/1465 541/724/1466 544/725/1467 543/726/1468
f 543/726/1468 544/725/1467 546/727/1469 545/728/1470
f 545/728/1470 546/727/1469 547/729/1471 548/730/1472
s 21
f 548/730/1473 547/729/1474 549/731/1475 550/732/1476
s 3
f 550/733/1477 549/734/1478 551/735/1479 552/736/1480
s 5
f 552/736/1481 551/735/1482 554/737/1483 553/738/1484
s 1
f 556/739/1485 555/740/1486 558/741/1487 557/742/1488
s 3
f 557/743/1489 558/744/1490 559/745/1491 560/746/1492
s 19
f 560/747/1493 559/748/1494 561/749/1495 562/750/1496
s 9
f 562/750/1497 561/749/1498 563/751/1499 564/752/1500
s 24
f 597/753/1501 598/754/1502 599/755/1503 600/756/1504
s 9
f 566/757/1505 565/758/1506 568/759/1507 567/760/1508
f 567/760/1508 568/759/1507 570/761/1509 569/762/1510
f 569/762/1510 570/761/1509 572/763/1511 571/764/1512
s 21
f 571/764/1513 572/763/1514 574/765/1515 573/766/1516
s 3
f 573/767/1517 574/768/1518 576/769/1519 575/770/1520
s 5
f 575/770/1521 576/769/1522 578/771/1523 577/772/1524
s 1
f 579/773/1525 580/774/1526 582/775/1527 581/776/1528
s 3
f 581/777/1529 582/778/1530 584/779/1531 583/780/1532
s 19
f 583/781/1533 584/782/1534 586/783/1535 585/784/1536
s 9
f 585/784/1537 586/783/1538 588/785/1539 587/786/1540
f 506/650/1541 566/757/1505 567/760/1508 480/651/1542
s 1
f 579/773/1525 581/776/1528 456/615/1322 457/614/1321
s 5
f 459/619/1326 575/770/1521 577/772/1524 458/620/1327
s 3
f 469/623/1330 573/767/1517 575/770/1520 459/619/1331
s 9
f 481/653/1543 480/651/1542 567/760/1508 569/762/1510
s 3
f 456/641/1352 581/777/1529 583/780/1532 461/642/1353
s 9
f 481/653/1543 569/762/1510 571/764/1512 494/664/1544
s 19
f 461/787/1545 583/781/1533 585/784/1536 477/684/1546
s 21
f 573/766/1516 469/788/1547 494/664/1548 571/764/1513
s 9
f 516/681/1549 587/786/1540 566/757/1505 506/650/1541
f 477/684/1550 585/784/1537 587/786/1540 516/681/1549
f 517/690/1426 497/580/1277 479/583/1280 520/691/1427
f 522/693/1429 520/691/1427 479/583/1280 482/644/1355
f 523/695/1431 522/693/1429 482/644/1355 493/646/1357
s 21
f 470/666/1388 525/697/1435 523/695/1434 493/646/1389
s 3
f 527/701/1439 525/700/1438 470/592/1289 444/588/1292
s 5
f 530/703/1443 527/701/1442 444/588/1285 443/591/1288
s 1
f 442/587/1284 441/586/1283 534/707/1447 531/706/1446
s 3
f 535/711/1451 534/710/1450 441/626/1335 462/629/1338
s 19
f 537/715/1455 535/714/1454 462/654/1367 478/657/1370
s 9
f 539/717/1459 537/715/1458 478/657/1414 507/669/1399
f 517/690/1426 539/717/1459 507/669/1399 497/580/1277
f 541/724/1466 518/689/1425 519/692/1428 544/725/1467
f 546/727/1469 544/725/1467 519/692/1428 521/694/1430
f 547/729/1471 546/727/1469 521/694/1430 524/696/1432
s 21
f 526/698/1436 549/731/1475 547/729/1474 524/696/1433
s 3
f 551/735/1479 549/734/1478 526/699/1437 528/702/1440
s 5
f 554/737/1483 551/735/1482 528/702/1441 529/704/1444
s 1
f 532/705/1445 533/708/1448 558/741/1487 555/740/1486
s 3
f 559/745/1491 558/744/1490 533/709/1449 536/712/1452
s 19
f 561/749/1495 559/748/1494 536/713/1453 538/716/1456
s 9
f 563/751/1499 561/749/1498 538/716/1457 540/718/1460
f 541/724/1466 563/751/1499 540/718/1460 518/689/1425
f 565/758/1506 542/723/1465 543/726/1468 568/759/1507
f 570/761/1509 568/759/1507 543/726/1468 545/728/1470
f 572/763/1511 570/761/1509 545/728/1470 548/730/1472
s 21
f 550/732/1476 574/765/1515 572/763/1514 548/730/1473
s 3
f 576/769/1519 574/768/1518 550/733/1477 552/736/1480
s 5
f 578/771/1523 576/769/1522 552/736/1481 553/738/1484
s 1
f 556/739/1485 557/742/1488 582/775/1527 580/774/1526
s 3
f 584/779/1531 582/778/1530 557/743/1489 560/746/1492
s 19
f 586/783/1535 584/782/1534 560/747/1493 562/750/1496
s 9
f 588/785/1539 586/783/1538 562/750/1497 564/752/1500
f 565/758/1506 588/785/1539 564/752/1500 542/723/1465
s off
f 517/789/1551 518/790/1552 590/686/1553 589/685/1554
f 518/791/1555 540/792/1556 591/687/1557 590/686/1558
f 540/793/1559 539/794/1560 592/688/1561 591/687/1562
s 22
f 539/795/1563 517/796/1564 589/685/1421 592/688/1424
s off
f 541/797/1565 542/798/1566 594/720/1567 593/719/1568
f 542/799/1569 564/800/1570 595/721/1571 594/720/1572
f 564/801/1573 563/802/1574 596/722/1575 595/721/1576
s 23
f 563/803/1577 541/804/1578 593/719/1461 596/722/1464
s off
f 565/805/1579 566/806/1580 598/754/1581 597/753/1582
f 566/807/1583 587/808/1584 599/755/1585 598/754/1586
f 587/809/1587 588/810/1588 600/756/1589 599/755/1590
s 24
f 588/811/1591 565/812/1592 597/753/1501 600/756/1504
g default
v 1.024429 0.279006 7.133518
v 1.224012 0.279006 7.133518
v 1.024429 0.301294 7.133518
v 1.224012 0.301294 7.133518
v 1.024429 0.301294 5.995681
v 1.224012 0.301294 5.995681
v 1.024429 0.279006 5.995681
v 1.224012 0.279006 5.995681
vt 0.535549 0.786480
vt 0.512326 0.786480
vt 0.512326 0.654084
vt 0.535549 0.654084
vt 0.538142 0.654084
vt 0.561365 0.654084
vt 0.561365 0.786480
vt 0.538142 0.786480
vn 0.000000 1.000000 0.000000
vn 0.000000 1.000000 0.000000
vn 0.000000 1.000000 0.000000
vn 0.000000 1.000000 0.000000
vn 0.000000 -1.000000 0.000000
vn 0.000000 -1.000000 0.000000
vn 0.000000 -1.000000 0.000000
vn 0.000000 -1.000000 0.000000
vn -1.000000 0.000000 0.000000
vn -1.000000 0.000000 0.000000
vn -1.000000 0.000000 0.000000
vn -1.000000 0.000000 0.000000
s off
g pCube186
usemtl initialShadingGroup
f 603/813/1593 604/814/1594 606/815/1595 605/816/1596
f 607/817/1597 608/818/1598 602/819/1599 601/820/1600
f 607/817/1601 601/820/1602 603/813/1603 605/816/1604
g default
v -1.960867 5.699239 4.990633
v -1.960867 5.684670 4.968834
v -1.960867 5.662874 4.954269
v -1.960867 5.637159 4.949154
v -1.960867 5.611444 4.954269
v -1.960867 5.589644 4.968834
v -1.960867 5.575079 4.990633
v -1.960867 5.569965 5.016348
v -1.960867 5.575079 5.042062
v -1.960867 5.589644 5.063861
v -1.960867 5.611444 5.078427
v -1.960867 5.637159 5.083543
v -1.960867 5.662874 5.078427
v -1.960867 5.684670 5.063861
v -1.960867 5.699239 5.042062
v -1.960867 5.704354 5.016348
v -1.975289 5.699239 4.990633
v -1.975289 5.684670 4.968834
v -1.975289 5.662874 4.954269
v -1.975289 5.637159 4.949154
v -1.975289 5.611444 4.954269
v -1.975289 5.589644 4.968834
v -1.975289 5.575079 4.990633
v -1.975289 5.569965 5.016348
v -1.975289 5.575079 5.042062
v -1.975289 5.589644 5.063861
v -1.975289 5.611444 5.078427
v -1.975289 5.637159 5.083543
v -1.975289 5.662874 5.078427
v -1.975289 5.684670 5.063861
v -1.975289 5.699239 5.042062
v -1.975289 5.704354 5.016348
v -1.975290 5.662656 5.005786
v -1.975290 5.656673 4.996834
v -1.975290 5.647719 4.990852
v -1.975290 5.637159 4.988750
v -1.975290 5.626598 4.990852
v -1.975290 5.617645 4.996834
v -1.975290 5.611662 5.005786
v -1.975290 5.609560 5.016349
v -1.975290 5.611662 5.026909
v -1.975290 5.617645 5.035863
v -1.975290 5.626598 5.041844
v -1.975290 5.637159 5.043946
v -1.975290 5.647719 5.041844
v -1.975290 5.656673 5.035863
v -1.975290 5.662656 5.026909
v -1.975290 5.664755 5.016349
v -2.002311 5.662656 5.005786
v -2.002311 5.656673 4.996834
v -2.002311 5.647719 4.990852
v -2.002311 5.637159 4.988750
v -2.002311 5.626598 4.990852
v -2.002311 5.617645 4.996834
v -2.002311 5.611662 5.005786
v -2.002311 5.609560 5.016349
v -2.002311 5.611662 5.026909
v -2.002311 5.617645 5.035863
v -2.002311 5.626598 5.041844
v -2.002311 5.637159 5.043946
v -2.002311 5.647719 5.041844
v -2.002311 5.656673 5.035863
v -2.002311 5.662656 5.026909
v -2.002311 5.664755 5.016349
v -2.011783 5.684402 4.996778
v -2.011783 5.673317 4.980190
v -2.011783 5.656726 4.969105
v -2.011783 5.637159 4.965211
v -2.011783 5.617589 4.969105
v -2.011783 5.601001 4.980190
v -2.011783 5.589915 4.996778
v -2.011783 5.586023 5.016349
v -2.011783 5.589915 5.035917
v -2.011783 5.601001 5.052506
v -2.011783 5.617589 5.063591
v -2.011783 5.637159 5.067484
v -2.011783 5.656726 5.063591
v -2.011783 5.673317 5.052506
v -2.011783 5.684402 5.035917
v -2.011783 5.688293 5.016349
v -2.049115 5.684402 4.996778
v -2.049115 5.673317 4.980190
v -2.049115 5.656726 4.969105
v -2.049115 5.637159 4.965211
v -2.049115 5.617589 4.969105
v -2.049115 5.601001 4.980190
v -2.049115 5.589915 4.996778
v -2.049115 5.586023 5.016349
v -2.049115 5.589915 5.035917
v -2.049115 5.601001 5.052506
v -2.049115 5.617589 5.063591
v -2.049115 5.637159 5.067484
v -2.049115 5.656726 5.063591
v -2.049115 5.673317 5.052506
v -2.049115 5.684402 5.035917
v -2.049115 5.688293 5.016349
v -2.054966 5.676910 4.999881
v -2.054966 5.667583 4.985924
v -2.054966 5.637159 5.016349
v -2.054966 5.653623 4.976597
v -2.054966 5.637159 4.973321
v -2.054966 5.620693 4.976597
v -2.054966 5.606735 4.985924
v -2.054966 5.597407 4.999881
v -2.054966 5.594132 5.016349
v -2.054966 5.597407 5.032814
v -2.054966 5.606735 5.046772
v -2.054966 5.620693 5.056099
v -2.054966 5.637159 5.059375
v -2.054966 5.653623 5.056099
v -2.054966 5.667583 5.046772
v -2.054966 5.676910 5.032814
v -2.054966 5.680184 5.016349
vt 0.025591 0.098795
vt 0.023017 0.101389
vt 0.973953 0.082568
vt 0.971796 0.080411
vt 0.019639 0.102801
vt 0.975121 0.085386
vt 0.015972 0.102807
vt 0.975121 0.088437
vt 0.012583 0.101406
vt 0.973953 0.091256
vt 0.009997 0.098815
vt 0.971796 0.093413
vt 0.008605 0.095438
vt 0.968977 0.094580
vt 0.008605 0.091788
vt 0.965927 0.094580
vt 0.009993 0.088413
vt 0.963108 0.093412
vt 0.012566 0.085819
vt 0.960951 0.091255
vt 0.015944 0.084407
vt 0.959784 0.088437
vt 0.019612 0.084401
vt 0.959784 0.085386
vt 0.023000 0.085802
vt 0.960952 0.082567
vt 0.025586 0.088393
vt 0.963109 0.080411
vt 0.026979 0.091770
vt 0.965927 0.079243
vt 0.026979 0.095420
vt 0.968978 0.079243
vt 0.045273 0.003270
vt 0.046017 0.005070
vt 0.041120 0.006040
vt 0.046015 0.007018
vt 0.045268 0.008817
vt 0.043890 0.010193
vt 0.042089 0.010937
vt 0.040141 0.010936
vt 0.038342 0.010188
vt 0.036966 0.008810
vt 0.036222 0.007009
vt 0.036224 0.005062
vt 0.036971 0.003262
vt 0.038350 0.001887
vt 0.040150 0.001143
vt 0.042098 0.001144
vt 0.043897 0.001891
vt 0.037641 0.028851
vt 0.038110 0.027791
vt 0.037615 0.030009
vt 0.038033 0.031089
vt 0.038833 0.031925
vt 0.039891 0.032391
vt 0.041045 0.032415
vt 0.042119 0.031994
vt 0.042950 0.031192
vt 0.043422 0.030140
vt 0.043455 0.028988
vt 0.043041 0.027910
vt 0.042245 0.027072
vt 0.041188 0.026602
vt 0.040030 0.026574
vt 0.038949 0.026991
vt 0.039946 0.017448
vt 0.040425 0.016301
vt 0.039943 0.018691
vt 0.040415 0.019840
vt 0.041291 0.020722
vt 0.042438 0.021201
vt 0.043680 0.021204
vt 0.044830 0.020732
vt 0.045711 0.019856
vt 0.046190 0.018709
vt 0.046194 0.017466
vt 0.045722 0.016317
vt 0.044846 0.015435
vt 0.043699 0.014956
vt 0.042456 0.014953
vt 0.041307 0.015425
vt 0.020090 0.070938
vt 0.022105 0.070139
vt 0.018533 0.072450
vt 0.017673 0.074444
vt 0.017643 0.076615
vt 0.018446 0.078633
vt 0.019960 0.080189
vt 0.021954 0.081046
vt 0.024121 0.081073
vt 0.026132 0.080269
vt 0.027678 0.078756
vt 0.028524 0.076767
vt 0.028542 0.074604
vt 0.027753 0.072591
vt 0.026254 0.071036
vt 0.024270 0.070174
vt 0.047158 0.004839
vt 0.046238 0.002620
vt 0.047158 0.007241
vt 0.046239 0.009460
vt 0.044540 0.011158
vt 0.042321 0.012078
vt 0.039919 0.012078
vt 0.037700 0.011159
vt 0.036001 0.009460
vt 0.035082 0.007241
vt 0.035082 0.004839
vt 0.036001 0.002620
vt 0.037699 0.000921
vt 0.039918 0.000002
vt 0.042320 0.000002
vt 0.044540 0.000921
vt 0.024953 0.066400
vt 0.021288 0.066393
vt 0.028332 0.067809
vt 0.030909 0.070401
vt 0.032299 0.073774
vt 0.032307 0.077418
vt 0.030923 0.080799
vt 0.028345 0.083400
vt 0.024962 0.084814
vt 0.021292 0.084821
vt 0.017900 0.083421
vt 0.015304 0.080828
vt 0.013900 0.077440
vt 0.013900 0.073773
vt 0.015304 0.070385
vt 0.017899 0.067793
vt 0.039669 0.012992
vt 0.037981 0.014680
vt 0.041874 0.012078
vt 0.044262 0.012078
vt 0.046467 0.012991
vt 0.048155 0.014679
vt 0.049069 0.016885
vt 0.049069 0.019272
vt 0.048155 0.021477
vt 0.046468 0.023165
vt 0.044262 0.024079
vt 0.041875 0.024079
vt 0.039670 0.023166
vt 0.037981 0.021478
vt 0.037068 0.019273
vt 0.037068 0.016885
vt 0.037441 0.024880
vt 0.035908 0.026419
vt 0.039446 0.024046
vt 0.041617 0.024043
vt 0.043624 0.024871
vt 0.045159 0.026405
vt 0.045988 0.028407
vt 0.045988 0.030572
vt 0.045162 0.032571
vt 0.043640 0.034104
vt 0.041645 0.034943
vt 0.039477 0.034955
vt 0.037468 0.034134
vt 0.035926 0.032604
vt 0.035088 0.030600
vt 0.035082 0.028428
vt 0.968079 0.083762
vt 0.969236 0.084241
vt 0.966826 0.083762
vt 0.965668 0.084241
vt 0.964782 0.085127
vt 0.964303 0.086285
vt 0.964303 0.087538
vt 0.964782 0.088695
vt 0.965668 0.089581
vt 0.966826 0.090061
vt 0.968079 0.090061
vt 0.969236 0.089581
vt 0.970122 0.088696
vt 0.970602 0.087538
vt 0.970602 0.086285
vt 0.970122 0.085127
vt 0.025360 0.095113
vt 0.024208 0.097899
vt 0.025363 0.092098
vt 0.024216 0.089310
vt 0.022090 0.087176
vt 0.019303 0.086020
vt 0.016285 0.086020
vt 0.013502 0.087175
vt 0.011376 0.089309
vt 0.010224 0.092095
vt 0.010221 0.095111
vt 0.011367 0.097898
vt 0.013494 0.100032
vt 0.016281 0.101188
vt 0.019299 0.101188
vt 0.022081 0.100033
vn 0.000000 0.923864 -0.382721
vn 0.000000 0.707102 -0.707112
vn -0.861219 0.359373 -0.359379
vn -0.861212 0.469550 -0.194516
vn 0.000000 0.382690 -0.923877
vn -0.861210 0.194505 -0.469559
vn 0.000000 -0.000000 -1.000000
vn -0.861206 0.000004 -0.508256
vn 0.000000 -0.382658 -0.923890
vn -0.861213 -0.194486 -0.469561
vn 0.000000 -0.707107 -0.707107
vn -0.861211 -0.359388 -0.359383
vn 0.000000 -0.923896 -0.382643
vn -0.861219 -0.469556 -0.194473
vn 0.000000 -1.000000 -0.000000
vn -0.861217 -0.508237 -0.000000
vn 0.000000 -0.923891 0.382656
vn -0.861212 -0.469564 0.194484
vn 0.000000 -0.707111 0.707103
vn -0.861213 -0.359384 0.359383
vn 0.000000 -0.382688 0.923878
vn -0.861213 -0.194496 0.469557
vn 0.000000 0.000000 1.000000
vn -0.861205 0.000000 0.508257
vn 0.000000 0.382720 0.923864
vn -0.861211 0.194515 0.469552
vn 0.000000 0.707106 0.707108
vn -0.861219 0.359375 0.359376
vn 0.000000 0.923859 0.382733
vn -0.861204 0.469561 0.194528
vn 0.000000 1.000000 -0.000000
vn -0.861220 0.508232 -0.000000
vn -0.970925 0.221167 -0.091600
vn -0.970926 0.169255 -0.169279
vn -1.000000 -0.000001 0.000000
vn -0.970929 0.091610 -0.221146
vn -0.970926 0.000002 -0.239379
vn -0.970927 -0.091608 -0.221153
vn -0.970928 -0.169256 -0.169265
vn -0.970927 -0.221155 -0.091605
vn -0.970926 -0.239379 0.000001
vn -0.970927 -0.221156 0.091607
vn -0.970928 -0.169260 0.169264
vn -0.970925 -0.091603 0.221163
vn -0.970924 0.000001 0.239387
vn -0.970927 0.091602 0.221154
vn -0.970925 0.169259 0.169281
vn -0.970924 0.221169 0.091604
vn -0.970926 0.239380 0.000001
vn -1.000000 0.000012 -0.000013
vn -1.000000 0.000016 -0.000007
vn -1.000000 0.000010 -0.000017
vn -1.000000 0.000005 -0.000018
vn -1.000000 -0.000010 -0.000017
vn -1.000000 -0.000018 -0.000013
vn -1.000000 -0.000017 -0.000007
vn -1.000000 -0.000018 0.000000
vn -1.000000 -0.000015 0.000007
vn -1.000000 -0.000009 0.000013
vn -1.000000 -0.000003 0.000017
vn -1.000000 0.000000 0.000018
vn -1.000000 0.000005 0.000017
vn -1.000000 0.000013 0.000013
vn -1.000000 0.000017 0.000007
vn -1.000000 0.000019 0.000000
vn 0.000000 0.923916 -0.382596
vn 0.000000 0.707046 -0.707167
vn 0.000000 0.707046 -0.707167
vn 0.000000 0.923916 -0.382596
vn 0.000000 0.382694 -0.923875
vn 0.000000 0.382694 -0.923875
vn 0.000000 0.000000 -1.000000
vn 0.000000 0.000000 -1.000000
vn 0.000000 -0.382694 -0.923875
vn 0.000000 -0.382694 -0.923875
vn 0.000000 -0.707086 -0.707128
vn 0.000000 -0.707086 -0.707128
vn 0.000000 -0.923851 -0.382752
vn 0.000000 -0.923851 -0.382752
vn 0.000000 -1.000000 0.000000
vn 0.000000 -1.000000 0.000000
vn 0.000000 -0.923844 0.382769
vn 0.000000 -0.923844 0.382769
vn 0.000000 -0.707095 0.707118
vn 0.000000 -0.707095 0.707118
vn 0.000000 -0.382675 0.923883
vn 0.000000 -0.382675 0.923883
vn 0.000000 0.000000 1.000000
vn 0.000000 0.000000 1.000000
vn 0.000000 0.382675 0.923883
vn 0.000000 0.382675 0.923883
vn 0.000000 0.707056 0.707157
vn 0.000000 0.707056 0.707157
vn 0.000000 0.923909 0.382613
vn 0.000000 0.923909 0.382613
vn 0.000000 1.000000 -0.000000
vn 0.000000 1.000000 -0.000000
vn 0.927700 0.344917 -0.142847
vn 0.927698 0.263968 -0.264001
vn 0.927698 0.263972 -0.263997
vn 0.927700 0.344914 -0.142855
vn 0.927698 0.142883 -0.344906
vn 0.927699 0.142881 -0.344907
vn 0.927705 0.000000 -0.373316
vn 0.927704 -0.000001 -0.373316
vn 0.927701 -0.142876 -0.344903
vn 0.927701 -0.142876 -0.344903
vn 0.927700 -0.263968 -0.263996
vn 0.927700 -0.263970 -0.263994
vn 0.927702 -0.344901 -0.142871
vn 0.927702 -0.344901 -0.142870
vn 0.927697 -0.373335 0.000001
vn 0.927697 -0.373335 -0.000001
vn 0.927695 -0.344914 0.142884
vn 0.927695 -0.344916 0.142880
vn 0.927694 -0.263987 0.263999
vn 0.927694 -0.263990 0.263996
vn 0.927694 -0.142877 0.344920
vn 0.927694 -0.142880 0.344919
vn 0.927700 -0.000004 0.373327
vn 0.927700 -0.000006 0.373327
vn 0.927694 0.142878 0.344921
vn 0.927694 0.142878 0.344921
vn 0.927695 0.263981 0.264001
vn 0.927695 0.263985 0.263997
vn 0.927697 0.344921 0.142857
vn 0.927697 0.344919 0.142860
vn 0.927699 0.373329 0.000001
vn 0.927699 0.373329 -0.000001
vn 0.000000 0.923894 -0.382649
vn 0.000000 0.707064 -0.707150
vn -0.157150 0.698279 -0.698362
vn -0.157151 0.912414 -0.377896
vn 0.000000 0.382708 -0.923869
vn -0.157146 0.377954 -0.912390
vn 0.000000 0.000000 -1.000000
vn -0.157143 0.000001 -0.987576
vn 0.000000 -0.382708 -0.923869
vn -0.157149 -0.377951 -0.912391
vn 0.000000 -0.707084 -0.707129
vn -0.157152 -0.698299 -0.698342
vn 0.000000 -0.923876 -0.382693
vn -0.157148 -0.912397 -0.377937
vn 0.000000 -1.000000 0.000000
vn -0.157149 -0.987575 -0.000000
vn 0.000000 -0.923871 0.382706
vn -0.157146 -0.912392 0.377949
vn 0.000000 -0.707102 0.707111
vn -0.157143 -0.698318 0.698325
vn 0.000000 -0.382687 0.923878
vn -0.157143 -0.377933 0.912400
vn 0.000000 -0.000000 1.000000
vn -0.157144 0.000000 0.987576
vn 0.000000 0.382687 0.923878
vn -0.157148 0.377934 0.912398
vn 0.000000 0.707082 0.707132
vn -0.157145 0.698297 0.698345
vn 0.000000 0.923888 0.382662
vn -0.157148 0.912409 0.377907
vn 0.000000 1.000000 0.000000
vn -0.157151 0.987575 -0.000000
s 1
g pCylinder39
usemtl initialShadingGroup
f 609/821/1605 610/822/1606 626/1013/1607 625/999/1608
f 610/822/1606 611/825/1609 627/1012/1610 626/1013/1607
f 611/825/1609 612/827/1611 628/1011/1612 627/1012/1610
f 612/827/1611 613/829/1613 629/1010/1614 628/1011/1612
f 613/829/1613 614/831/1615 630/1009/1616 629/1010/1614
f 614/831/1615 615/833/1617 631/1008/1618 630/1009/1616
f 615/833/1617 616/835/1619 632/1007/1620 631/1008/1618
f 616/835/1619 617/837/1621 633/1006/1622 632/1007/1620
f 617/837/1621 618/839/1623 634/1005/1624 633/1006/1622
f 618/839/1623 619/841/1625 635/1004/1626 634/1005/1624
f 619/841/1625 620/843/1627 636/1003/1628 635/1004/1626
f 620/843/1627 621/845/1629 637/1002/1630 636/1003/1628
f 621/845/1629 622/847/1631 638/1001/1632 637/1002/1630
f 622/847/1631 623/849/1633 639/1000/1634 638/1001/1632
f 623/849/1633 624/851/1635 640/998/1636 639/1000/1634
f 624/851/1635 609/821/1605 625/999/1608 640/998/1636
s 2
f 705/853/1637 706/854/1638 707/855/1639
f 706/854/1638 708/856/1640 707/855/1639
f 708/856/1640 709/857/1641 707/855/1639
f 709/857/1641 710/858/1642 707/855/1639
f 710/858/1642 711/859/1643 707/855/1639
f 711/859/1643 712/860/1644 707/855/1639
f 712/860/1644 713/861/1645 707/855/1639
f 713/861/1645 714/862/1646 707/855/1639
f 714/862/1646 715/863/1647 707/855/1639
f 715/863/1647 716/864/1648 707/855/1639
f 716/864/1648 717/865/1649 707/855/1639
f 717/865/1649 718/866/1650 707/855/1639
f 718/866/1650 719/867/1651 707/855/1639
f 719/867/1651 720/868/1652 707/855/1639
f 720/868/1652 721/869/1653 707/855/1639
f 721/869/1653 705/853/1637 707/855/1639
s 1
f 625/824/1608 626/823/1607 642/997/1654 641/983/1655
f 626/823/1607 627/826/1610 643/996/1656 642/997/1654
f 627/826/1610 628/828/1612 644/995/1657 643/996/1656
f 628/828/1612 629/830/1614 645/994/1658 644/995/1657
f 629/830/1614 630/832/1616 646/993/1659 645/994/1658
f 630/832/1616 631/834/1618 647/992/1660 646/993/1659
f 631/834/1618 632/836/1620 648/991/1661 647/992/1660
f 632/836/1620 633/838/1622 649/990/1662 648/991/1661
f 633/838/1622 634/840/1624 650/989/1663 649/990/1662
f 634/840/1624 635/842/1626 651/988/1664 650/989/1663
f 635/842/1626 636/844/1628 652/987/1665 651/988/1664
f 636/844/1628 637/846/1630 653/986/1666 652/987/1665
f 637/846/1630 638/848/1632 654/985/1667 653/986/1666
f 638/848/1632 639/850/1634 655/984/1668 654/985/1667
f 639/850/1634 640/852/1636 656/982/1669 655/984/1668
f 640/852/1636 625/824/1608 641/983/1655 656/982/1669
s 3
f 641/871/1670 642/870/1671 658/981/1672 657/967/1673
f 642/870/1671 643/872/1674 659/980/1675 658/981/1672
f 643/872/1674 644/873/1676 660/979/1677 659/980/1675
f 644/873/1676 645/874/1678 661/978/1679 660/979/1677
f 645/874/1678 646/875/1680 662/977/1681 661/978/1679
f 646/875/1680 647/876/1682 663/976/1683 662/977/1681
f 647/876/1682 648/877/1684 664/975/1685 663/976/1683
f 648/877/1684 649/878/1686 665/974/1687 664/975/1685
f 649/878/1686 650/879/1688 666/973/1689 665/974/1687
f 650/879/1688 651/880/1690 667/972/1691 666/973/1689
f 651/880/1690 652/881/1692 668/971/1693 667/972/1691
f 652/881/1692 653/882/1694 669/970/1695 668/971/1693
f 653/882/1694 654/883/1696 670/969/1697 669/970/1695
f 654/883/1696 655/884/1698 671/968/1699 670/969/1697
f 655/884/1698 656/885/1700 672/966/1701 671/968/1699
f 656/885/1700 641/871/1670 657/967/1673 672/966/1701
s 4
f 657/887/1702 658/886/1703 674/965/1704 673/951/1705
f 658/886/1703 659/888/1706 675/964/1707 674/965/1704
f 659/888/1706 660/889/1708 676/963/1709 675/964/1707
f 660/889/1708 661/890/1710 677/962/1711 676/963/1709
f 661/890/1710 662/891/1712 678/961/1713 677/962/1711
f 662/891/1712 663/892/1714 679/960/1715 678/961/1713
f 663/892/1714 664/893/1716 680/959/1717 679/960/1715
f 664/893/1716 665/894/1718 681/958/1719 680/959/1717
f 665/894/1718 666/895/1720 682/957/1721 681/958/1719
f 666/895/1720 667/896/1722 683/956/1723 682/957/1721
f 667/896/1722 668/897/1724 684/955/1725 683/956/1723
f 668/897/1724 669/898/1726 685/954/1727 684/955/1725
f 669/898/1726 670/899/1728 686/953/1729 685/954/1727
f 670/899/1728 671/900/1730 687/952/1731 686/953/1729
f 671/900/1730 672/901/1732 688/950/1733 687/952/1731
f 672/901/1732 657/887/1702 673/951/1705 688/950/1733
s 2
f 673/903/1734 674/902/1735 690/949/1736 689/935/1737
f 674/902/1735 675/904/1738 691/948/1739 690/949/1736
f 675/904/1738 676/905/1740 692/947/1741 691/948/1739
f 676/905/1740 677/906/1742 693/946/1743 692/947/1741
f 677/906/1742 678/907/1744 694/945/1745 693/946/1743
f 678/907/1744 679/908/1746 695/944/1747 694/945/1745
f 679/908/1746 680/909/1748 696/943/1749 695/944/1747
f 680/909/1748 681/910/1750 697/942/1751 696/943/1749
f 681/910/1750 682/911/1752 698/941/1753 697/942/1751
f 682/911/1752 683/912/1754 699/940/1755 698/941/1753
f 683/912/1754 684/913/1756 700/939/1757 699/940/1755
f 684/913/1756 685/914/1758 701/938/1759 700/939/1757
f 685/914/1758 686/915/1760 702/937/1761 701/938/1759
f 686/915/1760 687/916/1762 703/936/1763 702/937/1761
f 687/916/1762 688/917/1764 704/934/1765 703/936/1763
f 688/917/1764 673/903/1734 689/935/1737 704/934/1765
f 689/919/1737 690/918/1736 706/854/1638 705/853/1637
f 690/918/1736 691/920/1739 708/856/1640 706/854/1638
f 691/920/1739 692/921/1741 709/857/1641 708/856/1640
f 692/921/1741 693/922/1743 710/858/1642 709/857/1641
f 693/922/1743 694/923/1745 711/859/1643 710/858/1642
f 694/923/1745 695/924/1747 712/860/1644 711/859/1643
f 695/924/1747 696/925/1749 713/861/1645 712/860/1644
f 696/925/1749 697/926/1751 714/862/1646 713/861/1645
f 697/926/1751 698/927/1753 715/863/1647 714/862/1646
f 698/927/1753 699/928/1755 716/864/1648 715/863/1647
f 699/928/1755 700/929/1757 717/865/1649 716/864/1648
f 700/929/1757 701/930/1759 718/866/1650 717/865/1649
f 701/930/1759 702/931/1761 719/867/1651 718/866/1650
f 702/931/1761 703/932/1763 720/868/1652 719/867/1651
f 703/932/1763 704/933/1765 721/869/1653 720/868/1652
f 704/933/1765 689/919/1737 705/853/1637 721/869/1653
g default
v 1.300001 1.400000 7.162052
v 1.300000 -0.900000 7.162052
v 1.100000 1.400000 7.162052
v 0.800000 -0.900000 7.162052
v 1.300000 -0.900000 5.962051
v 0.800000 -0.900000 5.962051
v 1.300001 1.400000 5.962051
v 1.100000 1.400000 5.962051
v 1.100000 1.400000 7.105679
v 1.300001 1.400000 7.105679
v 0.800000 -0.900000 7.105679
v 1.100000 1.400000 6.018425
v 1.300001 1.400000 6.018425
v 0.800000 -0.900000 6.018425
v 1.254102 1.399747 5.962051
v 1.177951 -0.900253 5.962051
v 1.177951 -0.900253 6.018425
v 1.177951 -0.900253 7.105679
v 1.177951 -0.900253 7.162052
v 1.254102 1.399747 7.162052
v 1.254102 1.399747 7.105679
v 1.254102 1.399747 6.018425
vt 0.010221 0.194131
vt 0.265983 0.280306
vt 0.246695 0.319828
vt 0.959168 0.139631
vt 0.317484 0.058735
vt 0.049934 0.023274
vt 0.959168 0.000002
vt 0.317604 0.014758
vt 0.049072 0.029776
vt 0.044465 0.047105
vt 0.316622 0.065238
vt 0.012315 0.187915
vt 0.015823 0.170331
vt 0.268077 0.274090
vt 0.953827 0.000002
vt 0.317604 0.000557
vt 0.240432 0.332574
vt 0.000000 0.215038
vt 0.953827 0.133072
vt 0.953827 0.006561
vt 0.305282 0.107728
vt 0.276640 0.230954
vt 0.959168 0.133072
vt 0.959168 0.006561
vt 0.002372 0.210253
vt 0.977098 0.139631
vt 0.050000 0.005343
vt 0.049982 0.000002
vt 0.977098 0.006561
vt 0.977098 0.133072
vt 0.977098 0.000002
vt 0.953827 0.139631
vn 0.000002 0.000000 1.000000
vn 0.000002 0.000000 1.000000
vn 0.000000 0.000000 1.000000
vn -0.000000 0.000000 1.000000
vn 0.000001 0.000000 -1.000000
vn 0.000001 0.000000 -1.000000
vn 0.000001 0.000000 -1.000000
vn 0.000001 0.000000 -1.000000
vn 0.001641 0.999999 0.000000
vn 0.001641 0.999999 0.000000
vn -0.004493 0.999990 0.000000
vn 0.000000 1.000000 0.000000
vn -0.991601 0.129339 -0.000000
vn -0.991601 0.129339 -0.000000
vn -0.991600 0.129339 -0.000000
vn -0.991601 0.129339 -0.000000
vn 0.001641 0.999999 0.000000
vn 0.001641 0.999999 0.000000
vn 0.000000 1.000000 0.000000
vn -0.004493 0.999990 0.000000
vn -0.991600 0.129341 0.000000
vn -0.991600 0.129341 0.000000
vn -0.991600 0.129341 0.000000
vn -0.991600 0.129341 0.000000
vn 0.000000 0.000000 -1.000000
vn 0.000000 0.000000 -1.000000
vn -0.000006 0.000000 1.000000
vn -0.000006 0.000000 1.000000
vn -0.005509 0.999985 0.000000
vn -0.005509 0.999985 0.000000
vn -0.005509 0.999985 0.000000
vn -0.005509 0.999985 0.000000
vn -0.999452 0.033091 0.000000
vn -0.999452 0.033091 0.000000
vn -0.999452 0.033091 0.000000
vn -0.999452 0.033091 0.000000
vn -0.000004 0.000000 -1.000000
vn -0.000004 0.000000 -1.000000
vn -0.000004 0.000000 -1.000000
vn -0.000004 0.000000 -1.000000
vn 0.000002 0.000000 1.000000
vn 0.000002 0.000000 1.000000
vn 0.000002 0.000000 1.000000
vn 0.000002 0.000000 1.000000
s 1
g Cube__2_2:Cube_2_
usemtl initialShadingGroup
f 724/1014/1766 725/1015/1767 740/1016/1768 741/1038/1769
s 2
f 727/1018/1770 729/1019/1771 736/1040/1772 737/1021/1773
s 3
f 729/1044/1774 733/1042/1775 743/1037/1776 736/1020/1777
s off
f 729/1019/1778 727/1018/1779 735/1024/1780 733/1022/1781
s 3
f 730/1043/1782 724/1039/1783 741/1017/1784 742/1036/1785
s off
f 730/1025/1786 732/1027/1787 725/1015/1788 724/1014/1789
s 2
f 737/1021/1773 736/1040/1772 728/1041/1790 726/1029/1791
s 1
f 741/1038/1769 740/1016/1768 723/1030/1792 722/1031/1793
s 3
f 742/1036/1785 741/1017/1784 722/1045/1794 731/1032/1795
f 743/1037/1776 742/1036/1785 731/1032/1795 734/1033/1796
f 736/1020/1777 743/1037/1776 734/1033/1796 728/1028/1797
s off
f 738/1034/1798 739/1035/1799 742/1026/1800 743/1023/1801
f 732/1027/1802 730/1025/1803 742/1026/1804 739/1035/1805
f 733/1022/1806 735/1024/1807 738/1034/1808 743/1023/1809
g default
v -3.862127 -0.694190 5.515187
v -3.849342 -0.694190 5.515187
v -3.862127 -0.664106 5.515187
v -3.849342 -0.664106 5.515187
v -3.862127 -0.664106 5.488662
v -3.849342 -0.664106 5.488662
v -3.862127 -0.694190 5.488662
v -3.849342 -0.694190 5.488662
v -3.852905 -0.665993 5.513275
v -3.855466 -0.665993 5.514336
v -3.858027 -0.665993 5.513275
v -3.859088 -0.665993 5.510714
v -3.858027 -0.665993 5.508153
v -3.855466 -0.665993 5.507092
v -3.852905 -0.665993 5.508153
v -3.851844 -0.665993 5.510714
v -3.852905 -0.658749 5.513275
v -3.855466 -0.658749 5.514336
v -3.858027 -0.658749 5.513275
v -3.859088 -0.658749 5.510714
v -3.858027 -0.658749 5.508153
v -3.855466 -0.658749 5.507092
v -3.852905 -0.658749 5.508153
v -3.851844 -0.658749 5.510714
v -3.852905 -0.650743 5.513275
v -3.855466 -0.650743 5.514336
v -3.858027 -0.650743 5.513275
v -3.859088 -0.650743 5.510714
v -3.858027 -0.650743 5.508153
v -3.855466 -0.650743 5.507092
v -3.852905 -0.650743 5.508153
v -3.851844 -0.650743 5.510714
v -3.852905 -0.648529 5.512800
v -3.855466 -0.648255 5.513825
v -3.858027 -0.648529 5.512800
v -3.859088 -0.649192 5.510326
v -3.858027 -0.649855 5.507853
v -3.855466 -0.650130 5.506828
v -3.852905 -0.649855 5.507853
v -3.851844 -0.649192 5.510326
v -3.852905 -0.645003 5.511500
v -3.855466 -0.644253 5.512250
v -3.858027 -0.645003 5.511500
v -3.859088 -0.646814 5.509689
v -3.858027 -0.648624 5.507878
v -3.855466 -0.649375 5.507128
v -3.852905 -0.648624 5.507878
v -3.851844 -0.646814 5.509689
v -3.852905 -0.643035 5.508314
v -3.855466 -0.642010 5.508589
v -3.858027 -0.643035 5.508314
v -3.859088 -0.645509 5.507651
v -3.858027 -0.647982 5.506988
v -3.855466 -0.649007 5.506714
v -3.852905 -0.647982 5.506988
v -3.851844 -0.645509 5.507651
v -3.852905 -0.642652 5.503147
v -3.855466 -0.641592 5.503147
v -3.858027 -0.642652 5.503147
v -3.859088 -0.645214 5.503146
v -3.858027 -0.647774 5.503146
v -3.855466 -0.648836 5.503146
v -3.852905 -0.647774 5.503146
v -3.851844 -0.645214 5.503146
v -3.852905 -0.665993 5.491934
v -3.855466 -0.665993 5.490873
v -3.858027 -0.665993 5.491934
v -3.859088 -0.665993 5.494495
v -3.858027 -0.665993 5.497056
v -3.855466 -0.665993 5.498117
v -3.852905 -0.665993 5.497056
v -3.851844 -0.665993 5.494495
v -3.852905 -0.658749 5.491934
v -3.855466 -0.658749 5.490873
v -3.858027 -0.658749 5.491934
v -3.859088 -0.658749 5.494495
v -3.858027 -0.658749 5.497056
v -3.855466 -0.658749 5.498117
v -3.852905 -0.658749 5.497056
v -3.851844 -0.658749 5.494495
v -3.852905 -0.650743 5.491934
v -3.855466 -0.650743 5.490873
v -3.858027 -0.650743 5.491934
v -3.859088 -0.650743 5.494495
v -3.858027 -0.650743 5.497056
v -3.855466 -0.650743 5.498117
v -3.852905 -0.650743 5.497056
v -3.851844 -0.650743 5.494495
v -3.852905 -0.648529 5.492409
v -3.855466 -0.648255 5.491384
v -3.858027 -0.648529 5.492409
v -3.859088 -0.649192 5.494883
v -3.858027 -0.649855 5.497356
v -3.855466 -0.650130 5.498381
v -3.852905 -0.649855 5.497356
v -3.851844 -0.649192 5.494883
v -3.852905 -0.645003 5.493709
v -3.855466 -0.644253 5.492959
v -3.858027 -0.645003 5.493709
v -3.859088 -0.646814 5.495520
v -3.858027 -0.648624 5.497331
v -3.855466 -0.649375 5.498081
v -3.852905 -0.648624 5.497331
v -3.851844 -0.646814 5.495520
v -3.852905 -0.643035 5.496895
v -3.855466 -0.642010 5.496620
v -3.858027 -0.643035 5.496895
v -3.859088 -0.645509 5.497558
v -3.858027 -0.647982 5.498221
v -3.855466 -0.649007 5.498495
v -3.852905 -0.647982 5.498221
v -3.851844 -0.645509 5.497558
v -3.852905 -0.642652 5.502062
v -3.855466 -0.641592 5.502062
v -3.858027 -0.642652 5.502062
v -3.859088 -0.645214 5.502063
v -3.858027 -0.647774 5.502063
v -3.855466 -0.648836 5.502063
v -3.852905 -0.647774 5.502063
v -3.851844 -0.645214 5.502063
v -4.434414 -0.900000 5.046697
v -3.872391 -0.900000 5.046697
v -4.434414 -0.900000 5.561172
v -3.872391 -0.900001 5.561172
v -4.434414 -0.340723 5.561172
v -4.434414 -0.340723 5.046697
v -3.872391 -0.340724 5.046697
v -3.872391 -0.340724 5.561172
v -3.872391 -0.340724 5.479448
v -3.872391 -0.900000 5.479448
v -4.434414 -0.900000 5.479448
v -4.434414 -0.340723 5.479448
v -3.872391 -0.340724 5.440547
v -3.872391 -0.900000 5.440547
v -4.434414 -0.900000 5.440547
v -4.434414 -0.340723 5.440547
v -3.872391 -0.610406 5.046697
v -4.434414 -0.610406 5.046697
v -4.434414 -0.610406 5.561172
v -3.872391 -0.610406 5.561172
v -3.872391 -0.544520 5.046697
v -4.434414 -0.544519 5.046697
v -4.434414 -0.544519 5.561172
v -3.872391 -0.544520 5.561172
v -3.872391 -0.361046 5.440547
v -3.872391 -0.361046 5.046697
v -4.434414 -0.361046 5.046697
v -4.434414 -0.361046 5.561172
v -3.872391 -0.361046 5.561172
v -3.872391 -0.361046 5.479448
v -3.872391 -0.879943 5.440547
v -3.872391 -0.879943 5.046697
v -4.434415 -0.879943 5.046697
v -4.434415 -0.879943 5.561172
v -3.872391 -0.879944 5.561172
v -3.872391 -0.879943 5.479448
v -3.872391 -0.879943 5.063771
v -3.872391 -0.610406 5.063771
v -3.872391 -0.544520 5.063771
v -3.872391 -0.361046 5.063771
v -3.872391 -0.340724 5.063771
v -4.434415 -0.340723 5.063771
v -4.434415 -0.900000 5.063771
v -3.872391 -0.900000 5.063771
v -3.872391 -0.879944 5.545159
v -3.872391 -0.610406 5.545159
v -3.872391 -0.544520 5.545159
v -3.872391 -0.361046 5.545159
v -3.872391 -0.340724 5.545159
v -4.434415 -0.340723 5.545159
v -4.434415 -0.900000 5.545159
v -3.872391 -0.900000 5.545159
v -3.864034 -0.879943 5.063771
v -3.864034 -0.610406 5.063771
v -3.864034 -0.610406 5.440547
v -3.864034 -0.879943 5.440547
v -3.864034 -0.879943 5.479448
v -3.864034 -0.610406 5.479448
v -3.864034 -0.544520 5.063771
v -3.864034 -0.544520 5.440547
v -3.818897 -0.610406 5.479448
v -3.818897 -0.610406 5.440547
v -3.818897 -0.544520 5.440547
v -3.818897 -0.544520 5.479448
v -3.864034 -0.544520 5.479448
v -3.864034 -0.361046 5.063771
v -3.864034 -0.361046 5.440547
v -3.864034 -0.361046 5.479448
v -3.864034 -0.610406 5.545159
v -3.864034 -0.879944 5.545159
v -3.864034 -0.544520 5.545159
v -3.864034 -0.361046 5.545159
v -3.864034 -0.610406 5.398603
v -3.864034 -0.544520 5.398603
v -3.864034 -0.361046 5.398603
v -3.872391 -0.361046 5.398603
v -3.872391 -0.340724 5.398603
v -4.434414 -0.340723 5.398603
v -4.434414 -0.900000 5.398603
v -3.872391 -0.900000 5.398603
v -3.872391 -0.879943 5.398603
v -3.864034 -0.879943 5.398603
v -3.864034 -0.610406 5.214705
v -3.864034 -0.544520 5.214705
v -3.864034 -0.361046 5.214705
v -3.872391 -0.361046 5.214705
v -3.872391 -0.340724 5.214705
v -4.434415 -0.340723 5.214705
v -4.434415 -0.900000 5.214705
v -3.872391 -0.900000 5.214705
v -3.872391 -0.879943 5.214705
v -3.864034 -0.879943 5.214705
v -3.864034 -0.697656 5.398603
v -3.864034 -0.710051 5.398603
v -3.864034 -0.710051 5.440547
v -3.864034 -0.697656 5.440547
v -3.864034 -0.710051 5.479448
v -3.864034 -0.697656 5.479448
v -3.864034 -0.697656 5.545159
v -3.864034 -0.710051 5.545159
v -3.872391 -0.697656 5.545159
v -3.872391 -0.710051 5.545159
v -3.872391 -0.697656 5.561172
v -3.872391 -0.710051 5.561172
v -4.434414 -0.710051 5.561172
v -4.434414 -0.697656 5.561172
v -4.434414 -0.697656 5.046697
v -4.434414 -0.710051 5.046697
v -3.872391 -0.710051 5.046697
v -3.872391 -0.697656 5.046697
v -3.872391 -0.697656 5.063771
v -3.872391 -0.710051 5.063771
v -3.864034 -0.697656 5.063771
v -3.864034 -0.710051 5.063771
v -3.864034 -0.697656 5.214705
v -3.864034 -0.710051 5.214705
v -3.864034 -0.738977 5.398603
v -3.864034 -0.751372 5.398603
v -3.864034 -0.751372 5.440547
v -3.864034 -0.738977 5.440547
v -3.864034 -0.751372 5.479448
v -3.864034 -0.738977 5.479448
v -3.864034 -0.738977 5.545159
v -3.864034 -0.751372 5.545159
v -3.872391 -0.738977 5.545159
v -3.872391 -0.751372 5.545159
v -3.872391 -0.738977 5.561172
v -3.872391 -0.751372 5.561172
v -4.434415 -0.751372 5.561172
v -4.434415 -0.738977 5.561172
v -4.434415 -0.738977 5.046697
v -4.434415 -0.751372 5.046697
v -3.872391 -0.751372 5.046697
v -3.872391 -0.738977 5.046697
v -3.872391 -0.738977 5.063771
v -3.872391 -0.751372 5.063771
v -3.864034 -0.738977 5.063771
v -3.864034 -0.751372 5.063771
v -3.864034 -0.738977 5.214705
v -3.864034 -0.751372 5.214705
v -3.864034 -0.780298 5.398603
v -3.864034 -0.792693 5.398603
v -3.864034 -0.792693 5.440547
v -3.864034 -0.780298 5.440547
v -3.864034 -0.792693 5.479448
v -3.864034 -0.780298 5.479448
v -3.864034 -0.792693 5.545159
v -3.864034 -0.780298 5.545159
v -3.872391 -0.792693 5.545159
v -3.872391 -0.780298 5.545159
v -3.872391 -0.792693 5.561172
v -3.872391 -0.780298 5.561172
v -4.434415 -0.792693 5.561172
v -4.434415 -0.780298 5.561172
v -4.434415 -0.792693 5.046697
v -4.434415 -0.780298 5.046697
v -3.872391 -0.792693 5.046697
v -3.872391 -0.780298 5.046697
v -3.872391 -0.792693 5.063771
v -3.872391 -0.780298 5.063771
v -3.864034 -0.792693 5.063771
v -3.864034 -0.780298 5.063771
v -3.864034 -0.792693 5.214705
v -3.864034 -0.780298 5.214705
v -3.856484 -0.701303 5.398603
v -3.849768 -0.710051 5.398603
v -3.849768 -0.710051 5.214705
v -3.856484 -0.701303 5.214705
v -3.856484 -0.742625 5.398603
v -3.849768 -0.751372 5.398603
v -3.849768 -0.751372 5.214705
v -3.856484 -0.742625 5.214705
v -3.856484 -0.783946 5.398603
v -3.849768 -0.792693 5.398603
v -3.849768 -0.792693 5.214705
v -3.856484 -0.783946 5.214705
vt 0.975774 0.060809
vt 0.974287 0.060809
vt 0.974287 0.057308
vt 0.974287 0.055821
vt 0.971200 0.057308
vt 0.969713 0.057308
vt 0.971200 0.060809
vt 0.971200 0.062296
vt 0.969713 0.060809
vt 0.971200 0.055821
vt 0.975774 0.057308
vt 0.974287 0.062296
vt 0.782168 0.000068
vt 0.782147 0.000911
vt 0.781810 0.000869
vt 0.781836 0.000037
vt 0.781471 0.000848
vt 0.781502 0.000014
vt 0.781135 0.000843
vt 0.781170 0.000002
vt 0.783770 0.000169
vt 0.783753 0.001046
vt 0.783426 0.001055
vt 0.783445 0.000169
vt 0.783109 0.001049
vt 0.783126 0.000160
vt 0.782795 0.001017
vt 0.782810 0.000137
vt 0.782476 0.000965
vt 0.782492 0.000105
vt 0.782098 0.001765
vt 0.781769 0.001702
vt 0.781440 0.001704
vt 0.781116 0.001751
vt 0.783732 0.002027
vt 0.783412 0.002103
vt 0.783079 0.002129
vt 0.782745 0.002042
vt 0.782422 0.001891
vt 0.782087 0.001976
vt 0.781758 0.001921
vt 0.781430 0.001925
vt 0.781114 0.001950
vt 0.783726 0.002185
vt 0.783409 0.002232
vt 0.783075 0.002238
vt 0.782737 0.002178
vt 0.782408 0.002072
vt 0.782040 0.002299
vt 0.781739 0.002289
vt 0.781438 0.002269
vt 0.781137 0.002251
vt 0.783792 0.002398
vt 0.783452 0.002391
vt 0.783070 0.002372
vt 0.782685 0.002342
vt 0.782343 0.002318
vt 0.782048 0.002625
vt 0.781731 0.002632
vt 0.781412 0.002611
vt 0.781089 0.002557
vt 0.783768 0.002624
vt 0.783432 0.002541
vt 0.783067 0.002469
vt 0.782699 0.002508
vt 0.782368 0.002581
vt 0.782087 0.003094
vt 0.781736 0.003100
vt 0.781390 0.003092
vt 0.781067 0.003078
vt 0.783665 0.003088
vt 0.783364 0.003067
vt 0.783056 0.003056
vt 0.782741 0.003063
vt 0.782423 0.003080
vt 0.782163 0.006219
vt 0.781832 0.006250
vt 0.781807 0.005417
vt 0.782144 0.005376
vt 0.781498 0.006272
vt 0.781468 0.005438
vt 0.781166 0.006284
vt 0.781132 0.005442
vt 0.783766 0.006122
vt 0.783440 0.006121
vt 0.783424 0.005234
vt 0.783750 0.005244
vt 0.783121 0.006129
vt 0.783106 0.005240
vt 0.782806 0.006151
vt 0.782792 0.005271
vt 0.782488 0.006183
vt 0.782473 0.005322
vt 0.781767 0.004585
vt 0.782097 0.004522
vt 0.781438 0.004582
vt 0.781115 0.004535
vt 0.783411 0.004186
vt 0.783731 0.004263
vt 0.783078 0.004159
vt 0.782743 0.004246
vt 0.782421 0.004396
vt 0.781757 0.004366
vt 0.782085 0.004311
vt 0.781429 0.004362
vt 0.781113 0.004336
vt 0.783409 0.004057
vt 0.783726 0.004104
vt 0.783074 0.004051
vt 0.782736 0.004110
vt 0.782407 0.004216
vt 0.781738 0.003998
vt 0.782039 0.003988
vt 0.781438 0.004018
vt 0.781136 0.004035
vt 0.783452 0.003898
vt 0.783792 0.003892
vt 0.783069 0.003917
vt 0.782684 0.003946
vt 0.782342 0.003969
vt 0.781731 0.003655
vt 0.782048 0.003662
vt 0.781412 0.003676
vt 0.781088 0.003729
vt 0.783432 0.003748
vt 0.783769 0.003665
vt 0.783066 0.003819
vt 0.782699 0.003780
vt 0.782367 0.003707
vt 0.781737 0.003187
vt 0.782088 0.003193
vt 0.781390 0.003195
vt 0.781066 0.003208
vt 0.783364 0.003222
vt 0.783668 0.003200
vt 0.783055 0.003233
vt 0.782740 0.003225
vt 0.782423 0.003207
vt 0.198784 0.817818
vt 0.196419 0.817818
vt 0.196419 0.752423
vt 0.198784 0.752423
vt 0.468360 0.784556
vt 0.463479 0.784556
vt 0.463479 0.719160
vt 0.468360 0.719160
vt 0.952089 0.586323
vt 0.952089 0.588688
vt 0.947209 0.588688
vt 0.947209 0.586323
vt 0.952089 0.654084
vt 0.947209 0.654084
vt 0.933173 0.586323
vt 0.933173 0.588688
vt 0.867777 0.588688
vt 0.867777 0.586323
vt 0.935036 0.586323
vt 0.935036 0.588688
vt 0.451307 0.719160
vt 0.451307 0.784556
vt 0.449444 0.784556
vt 0.449444 0.719160
vt 0.935036 0.654084
vt 0.933173 0.654084
vt 0.942682 0.586323
vt 0.942682 0.588688
vt 0.458953 0.784556
vt 0.458953 0.719160
vt 0.942682 0.654084
vt 0.803062 0.555947
vt 0.803062 0.563613
vt 0.798182 0.563613
vt 0.798182 0.555947
vt 0.175071 0.752423
vt 0.175071 0.817818
vt 0.167404 0.817818
vt 0.167404 0.752423
vt 0.933173 0.557308
vt 0.933173 0.564975
vt 0.867777 0.564975
vt 0.867777 0.557308
vt 0.935036 0.557308
vt 0.935036 0.564975
vt 0.969562 0.037650
vt 0.965036 0.037650
vt 0.965036 0.029984
vt 0.969562 0.029984
vt 0.969562 0.042902
vt 0.965036 0.042902
vt 0.959784 0.037650
vt 0.959784 0.029984
vt 0.965036 0.024732
vt 0.969562 0.024732
vt 0.974814 0.029984
vt 0.974814 0.037650
vt 0.803062 0.584962
vt 0.798182 0.584962
vt 0.793655 0.563613
vt 0.793655 0.584962
vt 0.952089 0.523612
vt 0.952089 0.525946
vt 0.947209 0.525946
vt 0.947209 0.523612
vt 0.136042 0.752422
vt 0.136042 0.817818
vt 0.133708 0.817818
vt 0.133708 0.752423
vt 0.933173 0.523612
vt 0.933173 0.525946
vt 0.867777 0.525946
vt 0.867777 0.523612
vt 0.935036 0.523612
vt 0.935036 0.525946
vt 0.942682 0.525946
vt 0.942682 0.523612
vt 0.993036 0.557308
vt 0.993036 0.564975
vt 0.991049 0.564975
vt 0.991049 0.557308
vt 0.993036 0.586323
vt 0.991049 0.586323
vt 0.993036 0.588688
vt 0.991049 0.588688
vt 0.993036 0.654084
vt 0.991049 0.654084
vt 0.509307 0.784556
vt 0.507320 0.784556
vt 0.507320 0.719160
vt 0.509307 0.719160
vt 0.993036 0.523612
vt 0.993036 0.525946
vt 0.991049 0.525946
vt 0.991049 0.523612
vt 0.793655 0.555947
vt 0.786009 0.563613
vt 0.786009 0.555947
vt 0.786009 0.584962
vt 0.798182 0.523612
vt 0.803062 0.523612
vt 0.803062 0.524584
vt 0.798182 0.524584
vt 0.793655 0.523612
vt 0.793655 0.524584
vt 0.842995 0.555947
vt 0.842995 0.563613
vt 0.842023 0.563613
vt 0.842023 0.555947
vt 0.842995 0.584962
vt 0.842023 0.584962
vt 0.803062 0.585934
vt 0.798182 0.585934
vt 0.793655 0.585934
vt 0.786009 0.523612
vt 0.786009 0.524584
vt 0.785037 0.563613
vt 0.785037 0.555947
vt 0.786009 0.585934
vt 0.785037 0.584962
vt 0.824460 0.555947
vt 0.824460 0.563613
vt 0.824460 0.584962
vt 0.824460 0.585934
vt 0.973487 0.586323
vt 0.973487 0.588688
vt 0.973487 0.654084
vt 0.489758 0.784556
vt 0.489758 0.719160
vt 0.973487 0.523612
vt 0.973487 0.525946
vt 0.824460 0.523612
vt 0.824460 0.524584
vt 0.842023 0.585934
vt 0.842023 0.523612
vt 0.842023 0.524584
vt 0.598689 0.071425
vt 0.599973 0.071425
vt 0.599973 0.092823
vt 0.598689 0.092823
vt 0.803062 0.544353
vt 0.803062 0.545795
vt 0.798182 0.545795
vt 0.798182 0.544353
vt 0.793655 0.545795
vt 0.793655 0.544353
vt 0.786009 0.545795
vt 0.786009 0.544353
vt 0.785037 0.545795
vt 0.785037 0.544353
vt 0.935036 0.545714
vt 0.935036 0.547156
vt 0.933173 0.547156
vt 0.933173 0.545714
vt 0.867777 0.547156
vt 0.867777 0.545714
vt 0.155810 0.752423
vt 0.157252 0.752423
vt 0.157252 0.817818
vt 0.155810 0.817818
vt 0.993036 0.545714
vt 0.993036 0.547156
vt 0.991049 0.547156
vt 0.991049 0.545714
vt 0.842995 0.544353
vt 0.842995 0.545795
vt 0.842023 0.545795
vt 0.842023 0.544353
vt 0.824460 0.545795
vt 0.824460 0.544353
vt 0.410704 0.070437
vt 0.411987 0.070437
vt 0.411987 0.091835
vt 0.410704 0.091835
vt 0.803062 0.539545
vt 0.803062 0.540987
vt 0.798182 0.540987
vt 0.798182 0.539545
vt 0.793655 0.540987
vt 0.793655 0.539545
vt 0.786009 0.540987
vt 0.786009 0.539545
vt 0.785037 0.540987
vt 0.785037 0.539545
vt 0.935036 0.540906
vt 0.935036 0.542348
vt 0.933173 0.542348
vt 0.933173 0.540906
vt 0.867777 0.542348
vt 0.867777 0.540906
vt 0.151002 0.752422
vt 0.152444 0.752422
vt 0.152444 0.817818
vt 0.151002 0.817818
vt 0.993036 0.540906
vt 0.993036 0.542348
vt 0.991049 0.542348
vt 0.991049 0.540906
vt 0.842995 0.539545
vt 0.842995 0.540987
vt 0.842023 0.540987
vt 0.842023 0.539545
vt 0.824460 0.540987
vt 0.824460 0.539545
vt 0.600657 0.045755
vt 0.599374 0.045755
vt 0.599374 0.024357
vt 0.600657 0.024357
vt 0.803062 0.534737
vt 0.803062 0.536179
vt 0.798182 0.536179
vt 0.798182 0.534737
vt 0.793655 0.536179
vt 0.793655 0.534737
vt 0.786009 0.536179
vt 0.786009 0.534737
vt 0.785037 0.536179
vt 0.785037 0.534737
vt 0.935036 0.536098
vt 0.935036 0.537540
vt 0.933173 0.537540
vt 0.933173 0.536098
vt 0.867777 0.537540
vt 0.867777 0.536098
vt 0.146194 0.752422
vt 0.147636 0.752422
vt 0.147636 0.817818
vt 0.146194 0.817818
vt 0.993036 0.536098
vt 0.993036 0.537540
vt 0.991049 0.537540
vt 0.991049 0.536098
vt 0.842995 0.534737
vt 0.842995 0.536179
vt 0.842023 0.536179
vt 0.842023 0.534737
vt 0.824460 0.536179
vt 0.824460 0.534737
vt 0.842995 0.524584
vt 0.785037 0.524584
vt 0.597818 0.070987
vt 0.598962 0.070108
vt 0.601633 0.071425
vt 0.601633 0.092823
vt 0.598962 0.094140
vt 0.597818 0.093261
vt 0.597714 0.092823
vt 0.597714 0.071425
vt 0.409832 0.069999
vt 0.410976 0.069120
vt 0.413647 0.070437
vt 0.413647 0.091835
vt 0.410976 0.093152
vt 0.409832 0.092273
vt 0.409728 0.091835
vt 0.409728 0.070437
vt 0.601529 0.046194
vt 0.600385 0.047072
vt 0.597714 0.045755
vt 0.597714 0.024357
vt 0.600385 0.023041
vt 0.601529 0.023919
vt 0.601633 0.024357
vt 0.601633 0.045755
vn 0.000000 0.000000 1.000000
vn 0.000000 0.000000 1.000000
vn 0.000000 0.000000 1.000000
vn 0.000000 0.000000 1.000000
vn 0.000000 1.000000 0.000000
vn 0.000000 1.000000 0.000000
vn 0.000000 1.000000 0.000000
vn 0.000000 1.000000 0.000000
vn 0.000000 0.000000 -1.000000
vn 0.000000 0.000000 -1.000000
vn 0.000000 0.000000 -1.000000
vn 0.000000 0.000000 -1.000000
vn 0.000000 -1.000000 0.000000
vn 0.000000 -1.000000 0.000000
vn 0.000000 -1.000000 0.000000
vn 0.000000 -1.000000 0.000000
vn 1.000000 0.000000 0.000000
vn 1.000000 0.000000 0.000000
vn 1.000000 0.000000 0.000000
vn 1.000000 0.000000 0.000000
vn 0.382671 0.000000 0.923885
vn 0.382671 0.000000 0.923885
vn 0.382671 0.000000 0.923885
vn 0.382671 0.000000 0.923885
vn -0.382671 0.000000 0.923885
vn -0.382671 0.000000 0.923885
vn -0.382671 0.000000 0.923885
vn -0.382671 0.000000 0.923885
vn -0.923945 0.000000 0.382526
vn -0.923945 0.000000 0.382526
vn -0.923945 0.000000 0.382526
vn -0.923945 0.000000 0.382526
vn -0.923863 0.000000 -0.382723
vn -0.923863 0.000000 -0.382723
vn -0.923863 0.000000 -0.382723
vn -0.923863 0.000000 -0.382723
vn -0.382987 0.000000 -0.923754
vn -0.382987 0.000000 -0.923754
vn -0.382987 0.000000 -0.923754
vn -0.382987 0.000000 -0.923754
vn 0.382987 0.000000 -0.923754
vn 0.382987 0.000000 -0.923754
vn 0.382987 0.000000 -0.923754
vn 0.382987 0.000000 -0.923754
vn 0.923863 0.000000 -0.382723
vn 0.923863 0.000000 -0.382723
vn 0.923863 0.000000 -0.382723
vn 0.923863 0.000000 -0.382723
vn 0.923945 0.000000 0.382526
vn 0.923945 0.000000 0.382526
vn 0.923945 0.000000 0.382526
vn 0.923945 0.000000 0.382526
vn 0.382799 0.000000 0.923832
vn 0.382799 0.000000 0.923832
vn 0.382799 0.000000 0.923832
vn 0.382799 0.000000 0.923832
vn -0.382799 0.000000 0.923832
vn -0.382799 0.000000 0.923832
vn -0.382799 0.000000 0.923832
vn -0.382799 0.000000 0.923832
vn -0.923916 0.000000 0.382596
vn -0.923916 0.000000 0.382596
vn -0.923916 0.000000 0.382596
vn -0.923916 0.000000 0.382596
vn -0.923867 0.000000 -0.382714
vn -0.923867 0.000000 -0.382714
vn -0.923867 0.000000 -0.382714
vn -0.923867 0.000000 -0.382714
vn -0.383085 0.000000 -0.923713
vn -0.383085 0.000000 -0.923713
vn -0.383085 0.000000 -0.923713
vn -0.383085 0.000000 -0.923713
vn 0.383085 0.000000 -0.923713
vn 0.383085 0.000000 -0.923713
vn 0.383085 0.000000 -0.923713
vn 0.383085 0.000000 -0.923713
vn 0.923867 0.000000 -0.382714
vn 0.923867 0.000000 -0.382714
vn 0.923867 0.000000 -0.382714
vn 0.923867 0.000000 -0.382714
vn 0.923916 0.000000 0.382596
vn 0.923916 0.000000 0.382596
vn 0.923916 0.000000 0.382596
vn 0.923916 0.000000 0.382596
vn 0.378819 0.189760 0.905808
vn 0.378819 0.189760 0.905807
vn 0.378819 0.189760 0.905808
vn 0.378819 0.189760 0.905807
vn -0.378814 0.189827 0.905795
vn -0.378814 0.189827 0.905795
vn -0.378814 0.189827 0.905795
vn -0.378814 0.189827 0.905795
vn -0.922158 0.086375 0.377046
vn -0.922158 0.086375 0.377046
vn -0.922158 0.086375 0.377046
vn -0.922158 0.086375 0.377046
vn -0.921246 -0.105686 -0.374349
vn -0.921246 -0.105686 -0.374349
vn -0.921246 -0.105686 -0.374349
vn -0.921246 -0.105686 -0.374349
vn -0.371513 -0.326679 -0.869056
vn -0.371513 -0.326679 -0.869056
vn -0.371513 -0.326679 -0.869056
vn -0.371513 -0.326679 -0.869056
vn 0.371513 -0.326679 -0.869056
vn 0.371513 -0.326679 -0.869056
vn 0.371513 -0.326679 -0.869056
vn 0.371513 -0.326679 -0.869056
vn 0.921272 -0.105419 -0.374359
vn 0.921272 -0.105419 -0.374359
vn 0.921272 -0.105419 -0.374359
vn 0.921272 -0.105419 -0.374359
vn 0.922158 0.086375 0.377046
vn 0.922158 0.086375 0.377046
vn 0.922158 0.086375 0.377046
vn 0.922158 0.086375 0.377046
vn 0.367412 0.331751 0.868878
vn 0.367412 0.331751 0.868878
vn 0.367412 0.331751 0.868878
vn 0.367412 0.331751 0.868878
vn -0.367563 0.331693 0.868837
vn -0.367563 0.331693 0.868837
vn -0.367563 0.331693 0.868837
vn -0.367563 0.331693 0.868837
vn -0.915996 0.125077 0.381192
vn -0.915996 0.125077 0.381192
vn -0.915996 0.125077 0.381192
vn -0.915996 0.125077 0.381192
vn -0.909423 -0.069453 -0.410031
vn -0.909423 -0.069453 -0.410031
vn -0.909423 -0.069453 -0.410031
vn -0.909423 -0.069453 -0.410031
vn -0.295889 0.154377 -0.942665
vn -0.295889 0.154377 -0.942665
vn -0.295889 0.154377 -0.942665
vn -0.295889 0.154377 -0.942665
vn 0.295889 0.154377 -0.942665
vn 0.295889 0.154377 -0.942665
vn 0.295889 0.154377 -0.942665
vn 0.295889 0.154377 -0.942665
vn 0.909376 -0.069664 -0.410100
vn 0.909376 -0.069664 -0.410100
vn 0.909376 -0.069664 -0.410100
vn 0.909376 -0.069664 -0.410100
vn 0.916014 0.125064 0.381153
vn 0.916014 0.125064 0.381153
vn 0.916014 0.125064 0.381153
vn 0.916014 0.125064 0.381153
vn 0.371245 0.790996 0.486315
vn 0.371245 0.790996 0.486315
vn 0.371245 0.790996 0.486315
vn 0.371245 0.790996 0.486315
vn -0.371276 0.790957 0.486355
vn -0.371276 0.790957 0.486355
vn -0.371276 0.790957 0.486355
vn -0.371276 0.790957 0.486355
vn -0.919041 0.334028 0.209259
vn -0.919041 0.334028 0.209259
vn -0.919041 0.334028 0.209259
vn -0.919041 0.334028 0.209259
vn -0.918778 -0.328741 -0.218577
vn -0.918778 -0.328741 -0.218577
vn -0.918778 -0.328741 -0.218577
vn -0.918778 -0.328741 -0.218577
vn -0.368351 -0.735165 -0.569079
vn -0.368351 -0.735165 -0.569079
vn -0.368351 -0.735165 -0.569079
vn -0.368351 -0.735165 -0.569079
vn 0.368500 -0.735156 -0.568993
vn 0.368500 -0.735156 -0.568993
vn 0.368500 -0.735156 -0.568993
vn 0.368500 -0.735156 -0.568993
vn 0.918808 -0.328653 -0.218584
vn 0.918808 -0.328653 -0.218584
vn 0.918808 -0.328653 -0.218584
vn 0.918808 -0.328653 -0.218584
vn 0.919075 0.333928 0.209267
vn 0.919075 0.333928 0.209267
vn 0.919075 0.333928 0.209267
vn 0.919075 0.333928 0.209267
vn 0.379285 0.922653 0.069673
vn 0.379285 0.922653 0.069673
vn 0.379285 0.922653 0.069673
vn 0.379285 0.922653 0.069673
vn -0.379230 0.922677 0.069663
vn -0.379230 0.922677 0.069663
vn -0.379230 0.922677 0.069663
vn -0.379230 0.922677 0.069663
vn -0.922561 0.384907 0.026971
vn -0.922561 0.384907 0.026971
vn -0.922561 0.384907 0.026971
vn -0.922561 0.384907 0.026971
vn -0.922364 -0.385623 -0.023241
vn -0.922364 -0.385623 -0.023241
vn -0.922364 -0.385623 -0.023241
vn -0.922364 -0.385623 -0.023241
vn -0.378975 -0.924194 -0.047361
vn -0.378975 -0.924194 -0.047361
vn -0.378975 -0.924194 -0.047361
vn -0.378975 -0.924194 -0.047361
vn 0.378959 -0.924201 -0.047359
vn 0.378959 -0.924201 -0.047359
vn 0.378959 -0.924201 -0.047359
vn 0.378959 -0.924201 -0.047359
vn 0.922414 -0.385502 -0.023242
vn 0.922414 -0.385502 -0.023242
vn 0.922414 -0.385502 -0.023242
vn 0.922414 -0.385502 -0.023242
vn 0.922578 0.384868 0.026969
vn 0.922578 0.384868 0.026969
vn 0.922578 0.384868 0.026969
vn 0.922578 0.384868 0.026969
vn 0.382671 0.000000 -0.923885
vn 0.382671 0.000000 -0.923885
vn 0.382671 0.000000 -0.923885
vn 0.382671 0.000000 -0.923885
vn -0.382671 0.000000 -0.923885
vn -0.382671 0.000000 -0.923885
vn -0.382671 0.000000 -0.923885
vn -0.382671 0.000000 -0.923885
vn -0.923918 0.000000 -0.382592
vn -0.923918 0.000000 -0.382592
vn -0.923918 0.000000 -0.382592
vn -0.923918 0.000000 -0.382592
vn -0.923863 0.000000 0.382723
vn -0.923863 0.000000 0.382723
vn -0.923863 0.000000 0.382723
vn -0.923863 0.000000 0.382723
vn -0.382987 0.000000 0.923754
vn -0.382987 0.000000 0.923754
vn -0.382987 0.000000 0.923754
vn -0.382987 0.000000 0.923754
vn 0.382987 0.000000 0.923754
vn 0.382987 0.000000 0.923754
vn 0.382987 0.000000 0.923754
vn 0.382987 0.000000 0.923754
vn 0.923863 0.000000 0.382723
vn 0.923863 0.000000 0.382723
vn 0.923863 0.000000 0.382723
vn 0.923863 0.000000 0.382723
vn 0.923918 0.000000 -0.382592
vn 0.923918 0.000000 -0.382592
vn 0.923918 0.000000 -0.382592
vn 0.923918 0.000000 -0.382592
vn 0.382656 0.000000 -0.923891
vn 0.382656 0.000000 -0.923891
vn 0.382656 0.000000 -0.923891
vn 0.382656 0.000000 -0.923891
vn -0.382656 0.000000 -0.923891
vn -0.382656 0.000000 -0.923891
vn -0.382656 0.000000 -0.923891
vn -0.382656 0.000000 -0.923891
vn -0.923916 0.000000 -0.382596
vn -0.923916 0.000000 -0.382596
vn -0.923916 0.000000 -0.382596
vn -0.923916 0.000000 -0.382596
vn -0.923891 0.000000 0.382655
vn -0.923891 0.000000 0.382655
vn -0.923891 0.000000 0.382655
vn -0.923891 0.000000 0.382655
vn -0.382942 0.000000 0.923772
vn -0.382942 0.000000 0.923772
vn -0.382942 0.000000 0.923772
vn -0.382942 0.000000 0.923772
vn 0.382942 0.000000 0.923772
vn 0.382942 0.000000 0.923772
vn 0.382942 0.000000 0.923772
vn 0.382942 0.000000 0.923772
vn 0.923891 0.000000 0.382655
vn 0.923891 0.000000 0.382655
vn 0.923891 0.000000 0.382655
vn 0.923891 0.000000 0.382655
vn 0.923916 0.000000 -0.382596
vn 0.923916 0.000000 -0.382596
vn 0.923916 0.000000 -0.382596
vn 0.923916 0.000000 -0.382596
vn 0.378818 0.189777 -0.905804
vn 0.378818 0.189777 -0.905804
vn 0.378818 0.189777 -0.905805
vn 0.378818 0.189777 -0.905804
vn -0.378814 0.189827 -0.905795
vn -0.378814 0.189827 -0.905795
vn -0.378814 0.189827 -0.905795
vn -0.378814 0.189827 -0.905795
vn -0.922165 0.086288 -0.377049
vn -0.922165 0.086288 -0.377049
vn -0.922165 0.086288 -0.377049
vn -0.922165 0.086288 -0.377049
vn -0.921296 -0.105560 0.374260
vn -0.921296 -0.105560 0.374260
vn -0.921296 -0.105560 0.374260
vn -0.921296 -0.105560 0.374260
vn -0.371519 -0.326632 0.869071
vn -0.371519 -0.326632 0.869071
vn -0.371519 -0.326632 0.869071
vn -0.371519 -0.326632 0.869071
vn 0.371526 -0.326585 0.869086
vn 0.371526 -0.326585 0.869086
vn 0.371526 -0.326585 0.869086
vn 0.371526 -0.326585 0.869086
vn 0.921292 -0.105406 0.374313
vn 0.921292 -0.105406 0.374313
vn 0.921292 -0.105406 0.374313
vn 0.921292 -0.105406 0.374313
vn 0.922160 0.086354 -0.377046
vn 0.922160 0.086354 -0.377046
vn 0.922160 0.086354 -0.377046
vn 0.922160 0.086354 -0.377046
vn 0.367458 0.331744 -0.868862
vn 0.367458 0.331744 -0.868862
vn 0.367458 0.331744 -0.868862
vn 0.367458 0.331744 -0.868862
vn -0.367458 0.331744 -0.868862
vn -0.367458 0.331744 -0.868862
vn -0.367458 0.331744 -0.868862
vn -0.367458 0.331744 -0.868862
vn -0.916007 0.125018 -0.381185
vn -0.916007 0.125018 -0.381185
vn -0.916007 0.125018 -0.381185
vn -0.916007 0.125018 -0.381185
vn -0.909426 -0.069549 0.410010
vn -0.909426 -0.069549 0.410010
vn -0.909426 -0.069549 0.410010
vn -0.909426 -0.069549 0.410010
vn -0.295807 0.154441 0.942680
vn -0.295807 0.154441 0.942680
vn -0.295807 0.154441 0.942680
vn -0.295807 0.154441 0.942680
vn 0.295808 0.154423 0.942683
vn 0.295808 0.154423 0.942683
vn 0.295808 0.154423 0.942683
vn 0.295808 0.154423 0.942683
vn 0.909418 -0.069664 0.410007
vn 0.909418 -0.069664 0.410007
vn 0.909418 -0.069664 0.410007
vn 0.909418 -0.069664 0.410006
vn 0.915982 0.125087 -0.381222
vn 0.915982 0.125087 -0.381222
vn 0.915982 0.125087 -0.381222
vn 0.915982 0.125087 -0.381222
vn 0.371378 0.790963 -0.486268
vn 0.371378 0.790963 -0.486268
vn 0.371378 0.790963 -0.486268
vn 0.371378 0.790963 -0.486268
vn -0.371355 0.790924 -0.486348
vn -0.371355 0.790924 -0.486348
vn -0.371355 0.790924 -0.486348
vn -0.371355 0.790924 -0.486348
vn -0.919058 0.333978 -0.209263
vn -0.919058 0.333978 -0.209263
vn -0.919058 0.333978 -0.209263
vn -0.919058 0.333978 -0.209263
vn -0.918794 -0.328711 0.218557
vn -0.918794 -0.328711 0.218557
vn -0.918794 -0.328711 0.218557
vn -0.918794 -0.328711 0.218557
vn -0.368473 -0.735203 0.568950
vn -0.368473 -0.735203 0.568950
vn -0.368473 -0.735203 0.568950
vn -0.368473 -0.735203 0.568950
vn 0.368487 -0.735180 0.568971
vn 0.368486 -0.735180 0.568971
vn 0.368486 -0.735180 0.568971
vn 0.368486 -0.735180 0.568971
vn 0.918839 -0.328593 0.218545
vn 0.918839 -0.328593 0.218545
vn 0.918839 -0.328593 0.218545
vn 0.918839 -0.328593 0.218545
vn 0.919049 0.333996 -0.209274
vn 0.919049 0.333996 -0.209274
vn 0.919049 0.333996 -0.209274
vn 0.919049 0.333996 -0.209274
vn 0.379307 0.922644 -0.069674
vn 0.379307 0.922644 -0.069674
vn 0.379307 0.922644 -0.069674
vn 0.379307 0.922644 -0.069674
vn -0.379249 0.922668 -0.069667
vn -0.379249 0.922668 -0.069667
vn -0.379249 0.922668 -0.069667
vn -0.379249 0.922668 -0.069667
vn -0.922553 0.384926 -0.026972
vn -0.922553 0.384926 -0.026972
vn -0.922553 0.384926 -0.026972
vn -0.922553 0.384926 -0.026972
vn -0.922387 -0.385568 0.023241
vn -0.922387 -0.385568 0.023241
vn -0.922387 -0.385568 0.023241
vn -0.922387 -0.385568 0.023241
vn -0.378948 -0.924205 0.047360
vn -0.378948 -0.924205 0.047360
vn -0.378948 -0.924205 0.047360
vn -0.378948 -0.924205 0.047360
vn 0.378962 -0.924199 0.047360
vn 0.378962 -0.924200 0.047360
vn 0.378962 -0.924200 0.047360
vn 0.378962 -0.924200 0.047360
vn 0.922411 -0.385509 0.023242
vn 0.922411 -0.385510 0.023242
vn 0.922411 -0.385509 0.023242
vn 0.922411 -0.385510 0.023242
vn 0.922549 0.384935 -0.026973
vn 0.922549 0.384935 -0.026973
vn 0.922549 0.384935 -0.026973
vn 0.922549 0.384935 -0.026973
vn 0.382635 0.923900 0.000000
vn 0.382635 0.923900 0.000000
vn 0.382635 0.923900 0.000000
vn 0.382635 0.923900 0.000000
vn 0.923919 0.382589 0.000000
vn 0.923919 0.382589 0.000000
vn 0.923919 0.382589 0.000000
vn 0.923919 0.382589 0.000000
vn 0.923928 -0.382566 0.000000
vn 0.923928 -0.382566 0.000000
vn 0.923928 -0.382566 0.000000
vn 0.923928 -0.382566 0.000000
vn 0.382909 -0.923786 0.000000
vn 0.382909 -0.923786 0.000000
vn 0.382909 -0.923786 0.000000
vn 0.382909 -0.923786 0.000000
vn -0.382909 -0.923786 0.000000
vn -0.382909 -0.923786 0.000000
vn -0.382909 -0.923786 0.000000
vn -0.382909 -0.923786 0.000000
vn -0.923928 -0.382566 0.000000
vn -0.923928 -0.382566 0.000000
vn -0.923928 -0.382566 0.000000
vn -0.923928 -0.382566 0.000000
vn -0.923919 0.382589 0.000000
vn -0.923919 0.382589 0.000000
vn -0.923919 0.382589 0.000000
vn -0.923919 0.382589 0.000000
vn -0.382635 0.923900 0.000000
vn -0.382635 0.923900 0.000000
vn -0.382635 0.923900 0.000000
vn -0.382635 0.923900 0.000000
vn -0.000000 0.000000 -1.000000
vn -0.000000 0.000000 -1.000000
vn -0.000000 0.000000 -1.000000
vn -0.000000 0.000000 -1.000000
vn -0.000001 -1.000000 0.000000
vn -0.000001 -1.000000 0.000000
vn -0.000001 -1.000000 0.000000
vn -0.000001 -1.000000 0.000000
vn 1.000000 0.000000 0.000000
vn 1.000000 0.000000 0.000000
vn 1.000000 0.000000 0.000000
vn 1.000000 0.000000 0.000000
vn 0.000000 1.000000 0.000000
vn 0.000000 1.000000 0.000000
vn 0.000000 1.000000 0.000000
vn 0.000000 1.000000 0.000000
vn 0.000000 0.000000 1.000000
vn -0.000000 0.000000 1.000000
vn -0.000000 0.000000 1.000000
vn 0.000000 0.000000 1.000000
vn 1.000000 0.000000 0.000000
vn 1.000000 0.000000 0.000000
vn 1.000000 0.000000 0.000000
vn 1.000000 0.000000 0.000000
vn -0.000001 -1.000000 -0.000001
vn -0.000001 -1.000000 -0.000001
vn -0.000001 -1.000000 -0.000001
vn -0.000001 -1.000000 -0.000001
vn 0.000000 1.000000 0.000000
vn 0.000000 1.000000 0.000000
vn 0.000000 1.000000 0.000000
vn 0.000000 1.000000 0.000000
vn 1.000000 0.000000 0.000000
vn 1.000000 0.000000 0.000000
vn -0.000001 -1.000000 -0.000001
vn -0.000001 -1.000000 -0.000001
vn 0.000000 1.000000 0.000000
vn 0.000000 1.000000 0.000000
vn 1.000000 0.000000 0.000000
vn 1.000000 0.000000 0.000000
vn 1.000000 0.000000 0.000000
vn 1.000000 0.000000 0.000000
vn -0.000000 0.000000 -1.000000
vn -0.000000 0.000000 -1.000000
vn -0.000000 0.000000 -1.000000
vn -0.000000 0.000000 -1.000000
vn -0.000000 0.000000 1.000000
vn 0.000000 0.000000 1.000000
vn 0.000000 0.000000 1.000000
vn -0.000000 0.000000 1.000000
vn 1.000000 0.000000 0.000000
vn 1.000000 0.000000 0.000000
vn 1.000000 0.000000 0.000000
vn 1.000000 0.000000 0.000000
vn 1.000000 0.000000 0.000000
vn 1.000000 0.000000 0.000000
vn 1.000000 0.000000 0.000000
vn 1.000000 0.000000 0.000000
vn 0.000000 -1.000000 0.000000
vn 0.000000 -1.000000 0.000000
vn 0.000000 -1.000000 0.000000
vn 0.000000 -1.000000 0.000000
vn 0.000000 0.000000 -1.000000
vn 0.000000 0.000000 -1.000000
vn 0.000000 0.000000 -1.000000
vn 0.000000 0.000000 -1.000000
vn 0.000000 1.000000 0.000000
vn 0.000000 1.000000 0.000000
vn 0.000000 1.000000 0.000000
vn 0.000000 1.000000 0.000000
vn 0.000000 0.000000 1.000000
vn 0.000000 0.000000 1.000000
vn 0.000000 0.000000 1.000000
vn 0.000000 0.000000 1.000000
vn 1.000000 0.000000 0.000000
vn 1.000000 0.000000 0.000000
vn 1.000000 0.000000 0.000000
vn 1.000000 0.000000 0.000000
vn 1.000000 0.000000 0.000000
vn 1.000000 0.000000 0.000000
vn 1.000000 0.000000 0.000000
vn 1.000000 0.000000 0.000000
vn 0.000000 0.000000 -1.000000
vn 0.000000 0.000000 -1.000000
vn 0.000000 0.000000 -1.000000
vn 0.000000 0.000000 -1.000000
vn -0.000000 0.000000 1.000000
vn 0.000000 0.000000 1.000000
vn 0.000000 0.000000 1.000000
vn -0.000000 0.000000 1.000000
vn 1.000000 0.000000 0.000000
vn 1.000000 0.000000 0.000000
vn 1.000000 0.000000 0.000000
vn 1.000000 0.000000 0.000000
vn 1.000000 0.000000 0.000000
vn 1.000000 0.000000 0.000000
vn 1.000000 0.000000 0.000000
vn 1.000000 0.000000 0.000000
vn 1.000000 0.000000 0.000000
vn 1.000000 0.000000 0.000000
vn 1.000000 0.000000 0.000000
vn 1.000000 0.000000 0.000000
vn 1.000000 0.000000 0.000000
vn 1.000000 0.000000 0.000000
vn 0.000000 1.000000 -0.000002
vn 0.000000 1.000000 -0.000000
vn 0.000000 1.000000 -0.000000
vn 0.000000 1.000000 -0.000002
vn -0.000001 -1.000000 -0.000006
vn -0.000001 -1.000000 -0.000001
vn -0.000001 -1.000000 -0.000001
vn -0.000001 -1.000000 -0.000006
vn 1.000000 0.000000 0.000000
vn 1.000000 0.000000 0.000000
vn 1.000000 0.000000 0.000000
vn 1.000000 0.000000 0.000000
vn 1.000000 0.000000 0.000000
vn 1.000000 0.000000 0.000000
vn 1.000000 0.000000 0.000000
vn 1.000000 0.000000 0.000000
vn 0.000000 -1.000000 0.000000
vn 0.000000 -1.000000 0.000000
vn 0.000000 -1.000000 0.000000
vn 0.000000 -1.000000 0.000000
vn 0.000000 -1.000000 0.000000
vn 0.000000 -1.000000 0.000000
vn 0.000000 -1.000000 0.000000
vn 0.000000 -1.000000 0.000000
vn 0.000000 0.000000 -1.000000
vn 0.000000 0.000000 -1.000000
vn 0.000000 0.000000 -1.000000
vn 0.000000 0.000000 -1.000000
vn 0.000000 0.000000 -1.000000
vn 0.000000 0.000000 -1.000000
vn 0.000000 0.000000 -1.000000
vn 0.000000 0.000000 -1.000000
vn 0.000000 1.000000 0.000000
vn 0.000000 1.000000 0.000000
vn 0.000000 1.000000 0.000000
vn 0.000000 1.000000 0.000000
vn 0.000000 1.000000 0.000000
vn 0.000000 1.000000 0.000000
vn 0.000000 1.000000 0.000000
vn 0.000000 1.000000 0.000000
vn 0.000000 -1.000000 -0.000003
vn 0.000000 -1.000000 -0.000003
vn 0.000000 -1.000000 -0.000003
vn 0.000000 -1.000000 -0.000003
vn 0.000000 0.000000 1.000000
vn 0.000000 0.000000 1.000000
vn 0.000000 0.000000 1.000000
vn 0.000000 0.000000 1.000000
vn 0.000000 1.000000 0.000001
vn 0.000000 1.000000 0.000001
vn 0.000000 1.000000 0.000001
vn 0.000000 1.000000 0.000001
vn 0.000000 0.000000 1.000000
vn 0.000000 0.000000 1.000000
vn 0.000000 0.000000 1.000000
vn 0.000000 0.000000 1.000000
vn 1.000000 0.000000 0.000000
vn 1.000000 0.000000 0.000000
vn 1.000000 0.000000 0.000000
vn 0.000000 1.000000 0.000000
vn 0.000000 1.000000 0.000000
vn 1.000000 0.000000 0.000000
vn 1.000000 0.000000 0.000000
vn 0.000000 1.000000 0.000000
vn 0.000000 1.000000 0.000000
vn -0.000001 -1.000000 0.000000
vn -0.000001 -1.000000 0.000000
vn 1.000000 0.000000 0.000000
vn 1.000000 0.000000 0.000000
vn 0.000000 -1.000000 0.000000
vn 0.000000 -1.000000 0.000000
vn 1.000000 0.000000 0.000000
vn 1.000000 0.000000 0.000000
vn 1.000000 0.000000 0.000000
vn 0.000000 1.000000 0.000000
vn 0.000000 1.000000 0.000000
vn 0.000000 -1.000000 0.000000
vn 0.000000 -1.000000 0.000000
vn 0.655851 0.754891 0.000000
vn 0.793154 0.609021 0.000000
vn 0.793154 0.609021 0.000000
vn 0.655851 0.754891 0.000000
vn 1.000000 0.000000 0.000000
vn 1.000000 0.000000 0.000000
vn 1.000000 0.000000 0.000000
vn 1.000000 0.000000 0.000000
vn 1.000000 0.000000 0.000000
vn 1.000000 0.000000 0.000000
vn 1.000000 0.000000 0.000000
vn 1.000000 0.000000 0.000000
vn 0.000000 0.000000 1.000000
vn 0.000000 0.000000 1.000000
vn 0.000000 0.000000 1.000000
vn 0.000000 0.000000 1.000000
vn 1.000000 0.000000 0.000000
vn 1.000000 0.000000 0.000000
vn 1.000000 0.000000 0.000000
vn 1.000000 0.000000 0.000000
vn 0.000000 0.000000 1.000000
vn -0.000001 0.000000 1.000000
vn -0.000001 0.000000 1.000000
vn 0.000000 0.000000 1.000000
vn 0.000000 0.000000 -1.000000
vn 0.000000 0.000000 -1.000000
vn 0.000000 0.000000 -1.000000
vn 0.000000 0.000000 -1.000000
vn 1.000000 0.000000 0.000000
vn 1.000000 0.000000 0.000000
vn 1.000000 0.000000 0.000000
vn 1.000000 0.000000 0.000000
vn 0.000000 0.000000 -1.000000
vn 0.000000 0.000000 -1.000000
vn 0.000000 0.000000 -1.000000
vn 0.000000 0.000000 -1.000000
vn 1.000000 0.000000 0.000000
vn 1.000000 0.000000 0.000000
vn 1.000000 0.000000 0.000000
vn 1.000000 0.000000 0.000000
vn 0.655852 0.754889 0.000000
vn 0.793155 0.609019 0.000000
vn 0.793155 0.609019 0.000000
vn 0.655852 0.754889 0.000000
vn 1.000000 0.000000 0.000000
vn 1.000000 0.000000 0.000000
vn 1.000000 0.000000 0.000000
vn 1.000000 0.000000 0.000000
vn 1.000000 0.000000 0.000000
vn 1.000000 0.000000 0.000000
vn 1.000000 0.000000 0.000000
vn 1.000000 0.000000 0.000000
vn 0.000000 0.000000 1.000000
vn 0.000000 0.000000 1.000000
vn 0.000000 0.000000 1.000000
vn 0.000000 0.000000 1.000000
vn 1.000000 0.000000 0.000000
vn 1.000000 0.000000 0.000000
vn 1.000000 0.000000 0.000000
vn 1.000000 0.000000 0.000000
vn -0.000000 0.000000 1.000000
vn -0.000000 0.000000 1.000000
vn -0.000000 0.000000 1.000000
vn -0.000000 0.000000 1.000000
vn 0.000000 0.000000 -1.000000
vn 0.000000 0.000000 -1.000000
vn 0.000000 0.000000 -1.000000
vn 0.000000 0.000000 -1.000000
vn 1.000000 0.000000 0.000000
vn 1.000000 0.000000 0.000000
vn 1.000000 0.000000 0.000000
vn 1.000000 0.000000 0.000000
vn 0.000000 0.000000 -1.000000
vn 0.000000 0.000000 -1.000000
vn 0.000000 0.000000 -1.000000
vn 0.000000 0.000000 -1.000000
vn 1.000000 0.000000 0.000000
vn 1.000000 0.000000 0.000000
vn 1.000000 0.000000 0.000000
vn 1.000000 0.000000 0.000000
vn 0.655856 0.754886 0.000000
vn 0.793159 0.609014 0.000000
vn 0.793159 0.609014 0.000000
vn 0.655856 0.754886 0.000000
vn 1.000000 0.000000 0.000000
vn 1.000000 0.000000 0.000000
vn 1.000000 0.000000 0.000000
vn 1.000000 0.000000 0.000000
vn 1.000000 0.000000 0.000000
vn 1.000000 0.000000 0.000000
vn 1.000000 0.000000 0.000000
vn 1.000000 0.000000 0.000000
vn 0.000000 0.000000 1.000000
vn 0.000000 0.000000 1.000000
vn 0.000000 0.000000 1.000000
vn 0.000000 0.000000 1.000000
vn 1.000000 0.000000 0.000000
vn 1.000000 0.000000 0.000000
vn 1.000000 0.000000 0.000000
vn 1.000000 0.000000 0.000000
vn 0.000000 0.000000 1.000000
vn -0.000000 0.000000 1.000000
vn -0.000000 0.000000 1.000000
vn 0.000000 0.000000 1.000000
vn 0.000000 0.000000 -1.000000
vn 0.000000 0.000000 -1.000000
vn 0.000000 0.000000 -1.000000
vn 0.000000 0.000000 -1.000000
vn 1.000000 0.000000 0.000000
vn 1.000000 0.000000 0.000000
vn 1.000000 0.000000 0.000000
vn 1.000000 0.000000 0.000000
vn 0.000000 0.000000 -1.000000
vn 0.000000 0.000000 -1.000000
vn 0.000000 0.000000 -1.000000
vn 0.000000 0.000000 -1.000000
vn 1.000000 0.000000 0.000000
vn 1.000000 0.000000 0.000000
vn 1.000000 0.000000 0.000000
vn 1.000000 0.000000 0.000000
vn 1.000000 0.000000 0.000000
vn 1.000000 0.000000 0.000000
vn 1.000000 0.000000 0.000000
vn 1.000000 0.000000 0.000000
vn 0.000000 0.000000 -1.000000
vn 0.000000 0.000000 -1.000000
vn 0.000000 0.000000 1.000000
vn 0.000000 0.000000 1.000000
vn 1.000000 0.000000 0.000000
vn 1.000000 0.000000 0.000000
vn -0.000017 0.000000 1.000000
vn -0.000017 0.000000 1.000000
vn -0.000017 0.000000 1.000000
vn -0.000017 0.000000 1.000000
vn 0.000000 -1.000000 0.000000
vn 0.000000 -1.000000 0.000000
vn 0.000000 -1.000000 0.000000
vn 0.000000 -1.000000 0.000000
vn -0.000034 0.000000 -1.000000
vn -0.000034 0.000000 -1.000000
vn -0.000034 0.000000 -1.000000
vn -0.000034 0.000000 -1.000000
vn 0.435009 0.900426 0.000000
vn 0.435009 0.900426 0.000000
vn -0.000017 0.000000 1.000000
vn -0.000017 0.000000 1.000000
vn -0.000017 0.000000 1.000000
vn -0.000017 0.000000 1.000000
vn 0.000000 -1.000000 0.000000
vn 0.000000 -1.000000 0.000000
vn 0.000000 -1.000000 0.000000
vn 0.000000 -1.000000 0.000000
vn 0.000034 0.000000 -1.000000
vn 0.000034 0.000000 -1.000000
vn 0.000034 0.000000 -1.000000
vn 0.000034 0.000000 -1.000000
vn 0.435009 0.900426 0.000000
vn 0.435009 0.900426 0.000000
vn 0.000017 0.000000 1.000000
vn 0.000017 0.000000 1.000000
vn 0.000017 0.000000 1.000000
vn 0.000017 0.000000 1.000000
vn 0.000000 -1.000000 0.000000
vn 0.000000 -1.000000 0.000000
vn 0.000000 -1.000000 0.000000
vn 0.000000 -1.000000 0.000000
vn 0.000000 0.000000 -1.000000
vn 0.000000 0.000000 -1.000000
vn 0.000000 0.000000 -1.000000
vn 0.000000 0.000000 -1.000000
vn 0.435009 0.900426 0.000000
vn 0.435009 0.900426 0.000000
s off
g pCube180
usemtl initialShadingGroup
f 744/1046/1810 745/1047/1811 747/1048/1812 746/1056/1813
f 746/1049/1814 747/1048/1815 749/1050/1816 748/1055/1817
f 748/1051/1818 749/1050/1819 751/1052/1820 750/1054/1821
f 750/1053/1822 751/1052/1823 745/1047/1824 744/1057/1825
f 745/1047/1826 751/1052/1827 749/1050/1828 747/1048/1829
f 752/1058/1830 760/1059/1831 761/1060/1832 753/1061/1833
f 753/1061/1834 761/1060/1835 762/1062/1836 754/1063/1837
f 754/1063/1838 762/1062/1839 763/1064/1840 755/1065/1841
f 755/1066/1842 763/1067/1843 764/1068/1844 756/1069/1845
f 756/1069/1846 764/1068/1847 765/1070/1848 757/1071/1849
f 757/1071/1850 765/1070/1851 766/1072/1852 758/1073/1853
f 758/1073/1854 766/1072/1855 767/1074/1856 759/1075/1857
f 759/1075/1858 767/1074/1859 760/1059/1860 752/1058/1861
f 760/1059/1862 768/1076/1863 769/1077/1864 761/1060/1865
f 761/1060/1866 769/1077/1867 770/1078/1868 762/1062/1869
f 762/1062/1870 770/1078/1871 771/1079/1872 763/1064/1873
f 763/1067/1874 771/1080/1875 772/1081/1876 764/1068/1877
f 764/1068/1878 772/1081/1879 773/1082/1880 765/1070/1881
f 765/1070/1882 773/1082/1883 774/1083/1884 766/1072/1885
f 766/1072/1886 774/1083/1887 775/1084/1888 767/1074/1889
f 767/1074/1890 775/1084/1891 768/1076/1892 760/1059/1893
f 768/1076/1894 776/1085/1895 777/1086/1896 769/1077/1897
f 769/1077/1898 777/1086/1899 778/1087/1900 770/1078/1901
f 770/1078/1902 778/1087/1903 779/1088/1904 771/1079/1905
f 771/1080/1906 779/1089/1907 780/1090/1908 772/1081/1909
f 772/1081/1910 780/1090/1911 781/1091/1912 773/1082/1913
f 773/1082/1914 781/1091/1915 782/1092/1916 774/1083/1917
f 774/1083/1918 782/1092/1919 783/1093/1920 775/1084/1921
f 775/1084/1922 783/1093/1923 776/1085/1924 768/1076/1925
f 776/1085/1926 784/1094/1927 785/1095/1928 777/1086/1929
f 777/1086/1930 785/1095/1931 786/1096/1932 778/1087/1933
f 778/1087/1934 786/1096/1935 787/1097/1936 779/1088/1937
f 779/1089/1938 787/1098/1939 788/1099/1940 780/1090/1941
f 780/1090/1942 788/1099/1943 789/1100/1944 781/1091/1945
f 781/1091/1946 789/1100/1947 790/1101/1948 782/1092/1949
f 782/1092/1950 790/1101/1951 791/1102/1952 783/1093/1953
f 783/1093/1954 791/1102/1955 784/1094/1956 776/1085/1957
f 784/1094/1958 792/1103/1959 793/1104/1960 785/1095/1961
f 785/1095/1962 793/1104/1963 794/1105/1964 786/1096/1965
f 786/1096/1966 794/1105/1967 795/1106/1968 787/1097/1969
f 787/1098/1970 795/1107/1971 796/1108/1972 788/1099/1973
f 788/1099/1974 796/1108/1975 797/1109/1976 789/1100/1977
f 789/1100/1978 797/1109/1979 798/1110/1980 790/1101/1981
f 790/1101/1982 798/1110/1983 799/1111/1984 791/1102/1985
f 791/1102/1986 799/1111/1987 792/1103/1988 784/1094/1989
f 792/1103/1990 800/1112/1991 801/1113/1992 793/1104/1993
f 793/1104/1994 801/1113/1995 802/1114/1996 794/1105/1997
f 794/1105/1998 802/1114/1999 803/1115/2000 795/1106/2001
f 795/1107/2002 803/1116/2003 804/1117/2004 796/1108/2005
f 796/1108/2006 804/1117/2007 805/1118/2008 797/1109/2009
f 797/1109/2010 805/1118/2011 806/1119/2012 798/1110/2013
f 798/1110/2014 806/1119/2015 807/1120/2016 799/1111/2017
f 799/1111/2018 807/1120/2019 800/1112/2020 792/1103/2021
f 808/1121/2022 809/1122/2023 817/1123/2024 816/1124/2025
f 809/1122/2026 810/1125/2027 818/1126/2028 817/1123/2029
f 810/1125/2030 811/1127/2031 819/1128/2032 818/1126/2033
f 811/1129/2034 812/1130/2035 820/1131/2036 819/1132/2037
f 812/1130/2038 813/1133/2039 821/1134/2040 820/1131/2041
f 813/1133/2042 814/1135/2043 822/1136/2044 821/1134/2045
f 814/1135/2046 815/1137/2047 823/1138/2048 822/1136/2049
f 815/1137/2050 808/1121/2051 816/1124/2052 823/1138/2053
f 816/1124/2054 817/1123/2055 825/1139/2056 824/1140/2057
f 817/1123/2058 818/1126/2059 826/1141/2060 825/1139/2061
f 818/1126/2062 819/1128/2063 827/1142/2064 826/1141/2065
f 819/1132/2066 820/1131/2067 828/1143/2068 827/1144/2069
f 820/1131/2070 821/1134/2071 829/1145/2072 828/1143/2073
f 821/1134/2074 822/1136/2075 830/1146/2076 829/1145/2077
f 822/1136/2078 823/1138/2079 831/1147/2080 830/1146/2081
f 823/1138/2082 816/1124/2083 824/1140/2084 831/1147/2085
f 824/1140/2086 825/1139/2087 833/1148/2088 832/1149/2089
f 825/1139/2090 826/1141/2091 834/1150/2092 833/1148/2093
f 826/1141/2094 827/1142/2095 835/1151/2096 834/1150/2097
f 827/1144/2098 828/1143/2099 836/1152/2100 835/1153/2101
f 828/1143/2102 829/1145/2103 837/1154/2104 836/1152/2105
f 829/1145/2106 830/1146/2107 838/1155/2108 837/1154/2109
f 830/1146/2110 831/1147/2111 839/1156/2112 838/1155/2113
f 831/1147/2114 824/1140/2115 832/1149/2116 839/1156/2117
f 832/1149/2118 833/1148/2119 841/1157/2120 840/1158/2121
f 833/1148/2122 834/1150/2123 842/1159/2124 841/1157/2125
f 834/1150/2126 835/1151/2127 843/1160/2128 842/1159/2129
f 835/1153/2130 836/1152/2131 844/1161/2132 843/1162/2133
f 836/1152/2134 837/1154/2135 845/1163/2136 844/1161/2137
f 837/1154/2138 838/1155/2139 846/1164/2140 845/1163/2141
f 838/1155/2142 839/1156/2143 847/1165/2144 846/1164/2145
f 839/1156/2146 832/1149/2147 840/1158/2148 847/1165/2149
f 840/1158/2150 841/1157/2151 849/1166/2152 848/1167/2153
f 841/1157/2154 842/1159/2155 850/1168/2156 849/1166/2157
f 842/1159/2158 843/1160/2159 851/1169/2160 850/1168/2161
f 843/1162/2162 844/1161/2163 852/1170/2164 851/1171/2165
f 844/1161/2166 845/1163/2167 853/1172/2168 852/1170/2169
f 845/1163/2170 846/1164/2171 854/1173/2172 853/1172/2173
f 846/1164/2174 847/1165/2175 855/1174/2176 854/1173/2177
f 847/1165/2178 840/1158/2179 848/1167/2180 855/1174/2181
f 848/1167/2182 849/1166/2183 857/1175/2184 856/1176/2185
f 849/1166/2186 850/1168/2187 858/1177/2188 857/1175/2189
f 850/1168/2190 851/1169/2191 859/1178/2192 858/1177/2193
f 851/1171/2194 852/1170/2195 860/1179/2196 859/1180/2197
f 852/1170/2198 853/1172/2199 861/1181/2200 860/1179/2201
f 853/1172/2202 854/1173/2203 862/1182/2204 861/1181/2205
f 854/1173/2206 855/1174/2207 863/1183/2208 862/1182/2209
f 855/1174/2210 848/1167/2211 856/1176/2212 863/1183/2213
f 801/1113/2214 800/1112/2215 856/1176/2216 857/1175/2217
f 800/1112/2218 807/1120/2219 863/1183/2220 856/1176/2221
f 807/1120/2222 806/1119/2223 862/1182/2224 863/1183/2225
f 806/1119/2226 805/1118/2227 861/1181/2228 862/1182/2229
f 805/1118/2230 804/1117/2231 860/1179/2232 861/1181/2233
f 804/1117/2234 803/1116/2235 859/1180/2236 860/1179/2237
f 803/1115/2238 802/1114/2239 858/1177/2240 859/1178/2241
f 802/1114/2242 801/1113/2243 857/1175/2244 858/1177/2245
s 1
f 870/1184/2246 889/1185/2247 890/1186/2248 869/1187/2249
s 2
f 943/1188/2250 877/1189/2251 878/1190/2252 942/1191/2253
s 3
f 939/1192/2254 940/1193/2255 876/1194/2256 888/1195/2257
s 4
f 941/1196/2258 879/1197/2259 876/1194/2260 940/1193/2261
s 5
f 892/1198/2262 871/1199/2263 868/1200/2264 891/1201/2265
s 3
f 911/1202/2266 912/1203/2267 871/1199/2268 892/1198/2269
s 2
f 914/1204/2270 915/1205/2271 867/1206/2272 866/1207/2273
s 4
f 912/1203/2274 913/1208/2275 868/1209/2276 871/1199/2277
s 3
f 893/1210/2278 888/1195/2257 876/1194/2256 872/1211/2279
s 2
f 878/1190/2252 877/1189/2251 873/1212/2280 874/1213/2281
s 4
f 876/1194/2260 879/1197/2259 875/1214/2282 872/1211/2283
s 9
f 936/1215/2284 937/1216/2285 923/1217/2286 918/1218/2287
s 1
f 885/1219/2288 884/1220/2289 880/1221/2290 881/1222/2291
s 5
f 883/1223/2292 887/1224/2293 886/1225/2294 882/1226/2295
s 3
f 909/1227/2296 910/1228/2297 887/1224/2298 883/1223/2299
s off
f 924/1229/2300 925/1230/2301 926/1231/2302 927/1232/2303
f 921/1233/2304 918/1234/2305 925/1230/2306 924/1229/2307
f 918/1235/2308 923/1236/2309 926/1231/2310 925/1230/2311
f 923/1237/2312 928/1238/2313 927/1232/2314 926/1231/2315
f 928/1239/2316 921/1240/2317 924/1229/2318 927/1232/2319
s 9
f 937/1216/2285 938/1241/2320 930/1242/2321 923/1217/2286
s 1
f 890/1186/2248 889/1185/2247 884/1220/2289 885/1219/2288
s 5
f 887/1224/2293 892/1198/2262 891/1201/2265 886/1225/2294
s 3
f 910/1228/2297 911/1202/2266 892/1198/2269 887/1224/2298
s 9
f 928/1243/2322 923/1217/2286 930/1242/2321 931/1244/2323
s 3
f 943/1245/2324 944/1246/2325 894/1247/2326 877/1248/2327
s 1
f 896/1249/2328 895/1250/2329 865/1251/2330 864/1252/2331
s 5
f 867/1253/2332 898/1254/2333 897/1255/2334 866/1256/2335
s 3
f 915/1257/2336 908/1258/2337 898/1254/2338 867/1253/2339
f 877/1248/2327 894/1247/2326 899/1259/2340 873/1260/2341
f 880/1261/2342 884/1262/2343 902/1263/2344 901/1264/2345
f 884/1262/2343 889/1265/2346 903/1266/2347 902/1263/2344
f 889/1265/2346 870/1267/2348 904/1268/2349 903/1266/2347
s 4
f 869/1269/2350 905/1270/2351 904/1268/2352 870/1267/2353
s 2
f 865/1271/2354 907/1272/2355 906/1273/2356 864/1274/2357
s 3
f 865/1275/2358 895/1276/2359 900/1277/2360 907/1278/2361
s 9
f 921/1279/2362 928/1243/2322 934/1280/2363 932/1281/2364
f 928/1243/2322 931/1244/2323 935/1282/2365 934/1280/2363
s 3
f 893/1210/2278 872/1211/2279 912/1203/2267 911/1202/2266
s 4
f 872/1211/2283 875/1214/2282 913/1208/2275 912/1203/2274
s 2
f 874/1213/2281 873/1212/2280 915/1205/2271 914/1204/2270
s 3
f 873/1260/2341 899/1259/2340 908/1258/2337 915/1257/2336
s 18
f 894/1283/2366 944/1284/2367 945/1285/2368 919/1286/2369
s off
f 899/1287/2370 894/1283/2371 919/1286/2372 920/1288/2373
s 19
f 901/1289/2374 902/1290/2375 922/1291/2376 917/1292/2377
s off
f 902/1290/2378 903/1293/2379 929/1294/2380 922/1291/2381
s 20
f 939/1295/2382 888/1296/2383 930/1242/2384 938/1241/2385
s off
f 888/1296/2386 893/1297/2387 931/1244/2388 930/1242/2389
f 908/1298/2390 899/1287/2391 920/1288/2392 933/1299/2393
s 21
f 910/1300/2394 909/1301/2395 932/1281/2396 934/1280/2397
s off
f 893/1297/2398 911/1302/2399 935/1282/2400 931/1244/2401
f 911/1303/2402 910/1300/2403 934/1280/2404 935/1282/2405
s 9
f 946/1304/2406 947/1305/2407 937/1216/2285 936/1215/2284
f 947/1305/2407 948/1306/2408 938/1241/2320 937/1216/2285
s 20
f 949/1307/2409 939/1295/2382 938/1241/2385 948/1306/2410
s 3
f 949/1308/2411 950/1309/2412 940/1193/2255 939/1192/2254
s 4
f 951/1310/2413 941/1196/2258 940/1193/2261 950/1309/2414
s 2
f 953/1311/2415 943/1188/2250 942/1191/2253 952/1312/2416
s 3
f 953/1313/2417 954/1314/2418 944/1246/2325 943/1245/2324
s 18
f 945/1285/2368 944/1284/2367 954/1315/2419 955/1316/2420
s 9
f 917/1292/2421 922/1291/2422 947/1305/2407 946/1304/2406
f 922/1291/2422 929/1294/2423 948/1306/2408 947/1305/2407
s 20
f 903/1317/2424 949/1307/2409 948/1306/2410 929/1294/2425
s 3
f 903/1266/2347 904/1268/2349 950/1309/2412 949/1308/2411
s 4
f 905/1270/2351 951/1310/2413 950/1309/2414 904/1268/2352
s 2
f 907/1272/2355 953/1311/2415 952/1312/2416 906/1273/2356
s 3
f 907/1278/2361 900/1277/2360 954/1314/2418 953/1313/2417
s 18
f 955/1316/2420 954/1315/2419 900/1318/2426 916/1319/2427
s 22
f 1028/1320/2428 1029/1321/2429 1030/1322/2430 1031/1323/2431
s 9
f 957/1324/2432 956/1325/2433 959/1326/2434 958/1327/2435
f 958/1327/2435 959/1326/2434 961/1328/2436 960/1329/2437
f 960/1329/2437 961/1328/2436 962/1330/2438 963/1331/2439
s 21
f 963/1331/2440 962/1330/2441 964/1332/2442 965/1333/2443
s 3
f 965/1334/2444 964/1335/2445 966/1336/2446 967/1337/2447
s 5
f 967/1337/2448 966/1336/2449 969/1338/2450 968/1339/2451
s 1
f 971/1340/2452 970/1341/2453 973/1342/2454 972/1343/2455
s 3
f 972/1344/2456 973/1345/2457 974/1346/2458 975/1347/2459
s 19
f 975/1348/2460 974/1349/2461 976/1350/2462 977/1351/2463
s 9
f 977/1351/2464 976/1350/2465 978/1352/2466 979/1353/2467
s 23
f 1032/1354/2468 1033/1355/2469 1034/1356/2470 1035/1357/2471
s 9
f 981/1358/2472 980/1359/2473 983/1360/2474 982/1361/2475
f 982/1361/2475 983/1360/2474 985/1362/2476 984/1363/2477
f 984/1363/2477 985/1362/2476 986/1364/2478 987/1365/2479
s 21
f 987/1365/2480 986/1364/2481 988/1366/2482 989/1367/2483
s 3
f 989/1368/2484 988/1369/2485 990/1370/2486 991/1371/2487
s 5
f 991/1371/2488 990/1370/2489 993/1372/2490 992/1373/2491
s 1
f 995/1374/2492 994/1375/2493 997/1376/2494 996/1377/2495
s 3
f 996/1378/2496 997/1379/2497 998/1380/2498 999/1381/2499
s 19
f 999/1382/2500 998/1383/2501 1000/1384/2502 1001/1385/2503
s 9
f 1001/1385/2504 1000/1384/2505 1002/1386/2506 1003/1387/2507
s 24
f 1036/1388/2508 1037/1389/2509 1038/1390/2510 1039/1391/2511
s 9
f 1005/1392/2512 1004/1393/2513 1007/1394/2514 1006/1395/2515
f 1006/1395/2515 1007/1394/2514 1009/1396/2516 1008/1397/2517
f 1008/1397/2517 1009/1396/2516 1011/1398/2518 1010/1399/2519
s 21
f 1010/1399/2520 1011/1398/2521 1013/1400/2522 1012/1401/2523
s 3
f 1012/1402/2524 1013/1403/2525 1015/1404/2526 1014/1405/2527
s 5
f 1014/1405/2528 1015/1404/2529 1017/1406/2530 1016/1407/2531
s 1
f 1018/1408/2532 1019/1409/2533 1021/1410/2534 1020/1411/2535
s 3
f 1020/1412/2536 1021/1413/2537 1023/1414/2538 1022/1415/2539
s 19
f 1022/1416/2540 1023/1417/2541 1025/1418/2542 1024/1419/2543
s 9
f 1024/1419/2544 1025/1418/2545 1027/1420/2546 1026/1421/2547
f 945/1285/2548 1005/1392/2512 1006/1395/2515 919/1286/2549
s 1
f 1018/1408/2532 1020/1411/2535 895/1250/2329 896/1249/2328
s 5
f 898/1254/2333 1014/1405/2528 1016/1407/2531 897/1255/2334
s 3
f 908/1258/2337 1012/1402/2524 1014/1405/2527 898/1254/2338
s 9
f 920/1288/2550 919/1286/2549 1006/1395/2515 1008/1397/2517
s 3
f 895/1276/2359 1020/1412/2536 1022/1415/2539 900/1277/2360
s 9
f 920/1288/2550 1008/1397/2517 1010/1399/2519 933/1299/2551
s 19
f 900/1422/2552 1022/1416/2540 1024/1419/2543 916/1319/2553
s 21
f 1012/1401/2523 908/1423/2554 933/1299/2555 1010/1399/2520
s 9
f 955/1316/2556 1026/1421/2547 1005/1392/2512 945/1285/2548
f 916/1319/2557 1024/1419/2544 1026/1421/2547 955/1316/2556
f 956/1325/2433 936/1215/2284 918/1218/2287 959/1326/2434
f 961/1328/2436 959/1326/2434 918/1218/2287 921/1279/2362
f 962/1330/2438 961/1328/2436 921/1279/2362 932/1281/2364
s 21
f 909/1301/2395 964/1332/2442 962/1330/2441 932/1281/2396
s 3
f 966/1336/2446 964/1335/2445 909/1227/2296 883/1223/2299
s 5
f 969/1338/2450 966/1336/2449 883/1223/2292 882/1226/2295
s 1
f 881/1222/2291 880/1221/2290 973/1342/2454 970/1341/2453
s 3
f 974/1346/2458 973/1345/2457 880/1261/2342 901/1264/2345
s 19
f 976/1350/2462 974/1349/2461 901/1289/2374 917/1292/2377
s 9
f 978/1352/2466 976/1350/2465 917/1292/2421 946/1304/2406
f 956/1325/2433 978/1352/2466 946/1304/2406 936/1215/2284
f 980/1359/2473 957/1324/2432 958/1327/2435 983/1360/2474
f 985/1362/2476 983/1360/2474 958/1327/2435 960/1329/2437
f 986/1364/2478 985/1362/2476 960/1329/2437 963/1331/2439
s 21
f 965/1333/2443 988/1366/2482 986/1364/2481 963/1331/2440
s 3
f 990/1370/2486 988/1369/2485 965/1334/2444 967/1337/2447
s 5
f 993/1372/2490 990/1370/2489 967/1337/2448 968/1339/2451
s 1
f 971/1340/2452 972/1343/2455 997/1376/2494 994/1375/2493
s 3
f 998/1380/2498 997/1379/2497 972/1344/2456 975/1347/2459
s 19
f 1000/1384/2502 998/1383/2501 975/1348/2460 977/1351/2463
s 9
f 1002/1386/2506 1000/1384/2505 977/1351/2464 979/1353/2467
f 980/1359/2473 1002/1386/2506 979/1353/2467 957/1324/2432
f 1004/1393/2513 981/1358/2472 982/1361/2475 1007/1394/2514
f 1009/1396/2516 1007/1394/2514 982/1361/2475 984/1363/2477
f 1011/1398/2518 1009/1396/2516 984/1363/2477 987/1365/2479
s 21
f 989/1367/2483 1013/1400/2522 1011/1398/2521 987/1365/2480
s 3
f 1015/1404/2526 1013/1403/2525 989/1368/2484 991/1371/2487
s 5
f 1017/1406/2530 1015/1404/2529 991/1371/2488 992/1373/2491
s 1
f 995/1374/2492 996/1377/2495 1021/1410/2534 1019/1409/2533
s 3
f 1023/1414/2538 1021/1413/2537 996/1378/2496 999/1381/2499
s 19
f 1025/1418/2542 1023/1417/2541 999/1382/2500 1001/1385/2503
s 9
f 1027/1420/2546 1025/1418/2545 1001/1385/2504 1003/1387/2507
f 1004/1393/2513 1027/1420/2546 1003/1387/2507 981/1358/2472
s off
f 956/1424/2558 957/1425/2559 1029/1321/2560 1028/1320/2561
f 957/1426/2562 979/1427/2563 1030/1322/2564 1029/1321/2565
f 979/1428/2566 978/1429/2567 1031/1323/2568 1030/1322/2569
s 22
f 978/1430/2570 956/1431/2571 1028/1320/2428 1031/1323/2431
s off
f 980/1432/2572 981/1433/2573 1033/1355/2574 1032/1354/2575
f 981/1434/2576 1003/1435/2577 1034/1356/2578 1033/1355/2579
f 1003/1436/2580 1002/1437/2581 1035/1357/2582 1034/1356/2583
s 23
f 1002/1438/2584 980/1439/2585 1032/1354/2468 1035/1357/2471
s off
f 1004/1440/2586 1005/1441/2587 1037/1389/2588 1036/1388/2589
f 1005/1442/2590 1026/1443/2591 1038/1390/2592 1037/1389/2593
f 1026/1444/2594 1027/1445/2595 1039/1391/2596 1038/1390/2597
s 24
f 1027/1446/2598 1004/1447/2599 1036/1388/2508 1039/1391/2511
g default
v 1.035193 0.731338 7.133518
v 1.234776 0.731338 7.133518
v 1.035193 0.753626 7.133518
v 1.234776 0.753626 7.133518
v 1.035193 0.753626 5.995681
v 1.234776 0.753626 5.995681
v 1.035193 0.731338 5.995681
v 1.234776 0.731338 5.995681
vt 0.823484 0.786161
vt 0.800261 0.786161
vt 0.800261 0.653764
vt 0.823484 0.653764
vt 0.826078 0.653764
vt 0.849301 0.653764
vt 0.849301 0.786161
vt 0.826078 0.786161
vn 0.000000 1.000000 0.000000
vn 0.000000 1.000000 0.000000
vn 0.000000 1.000000 0.000000
vn 0.000000 1.000000 0.000000
vn 0.000000 -1.000000 0.000000
vn 0.000000 -1.000000 0.000000
vn 0.000000 -1.000000 0.000000
vn 0.000000 -1.000000 0.000000
vn -1.000000 0.000000 0.000000
vn -1.000000 0.000000 0.000000
vn -1.000000 0.000000 0.000000
vn -1.000000 0.000000 0.000000
s off
g pCube185
usemtl initialShadingGroup
f 1042/1448/2600 1043/1449/2601 1045/1450/2602 1044/1451/2603
f 1046/1452/2604 1047/1453/2605 1041/1454/2606 1040/1455/2607
f 1046/1452/2608 1040/1455/2609 1042/1448/2610 1044/1451/2611
g default
v -1.350000 -0.339422 9.112051
v -1.350000 -0.957031 9.112051
v -1.350000 -0.339422 8.412052
v -1.350000 -0.957031 8.412052
v -0.650000 -0.957031 9.112051
v -0.650000 -0.957031 8.412052
v -0.650000 -0.339422 9.112051
v -0.650000 -0.339422 8.412052
v -1.350000 -0.339422 8.518602
v -1.350000 -0.957031 8.518602
v -0.650000 -0.339422 8.518602
v -1.350000 -0.339422 9.005499
v -1.350000 -0.957031 9.005499
v -0.650000 -0.339422 9.005499
v -1.350000 -0.851077 8.518602
v -1.350000 -0.851077 9.005499
v -1.350000 -0.851077 9.112051
v -0.650000 -0.851077 9.112051
v -0.650000 -0.851077 9.005499
v -0.650000 -0.851077 8.518602
v -0.650000 -0.851077 8.412052
v -1.350000 -0.851077 8.412052
vt 0.953199 0.259988
vt 0.953199 0.200453
vt 0.953199 0.331921
vt 0.000000 0.834617
vt 0.071864 0.822219
vt 0.871749 0.344250
vt 0.071864 0.834617
vt 0.871749 0.200453
vt 0.871749 0.259988
vt 0.871749 0.272386
vt 0.871749 0.331921
vt 0.871749 0.071865
vt 0.871749 0.012330
vt 0.059535 0.753167
vt 0.000000 0.753167
vt 0.953199 0.143799
vt 0.953199 0.084263
vt 0.953199 0.000002
vt 0.871749 0.000002
vt 0.071864 0.765565
vt 0.871749 0.084263
vt 0.871749 0.143799
vt 0.953199 0.012330
vt 0.071864 0.753167
vt 0.059535 0.834617
vt 0.953199 0.272386
vt 0.953199 0.344250
vt 0.953199 0.071866
vt 0.059535 0.765565
vt 0.059535 0.822219
vt 0.000000 0.822219
vt 0.000000 0.765565
vn -1.000000 0.000000 -0.000000
vn -1.000000 0.000001 -0.000000
vn -1.000000 0.000000 0.000000
vn -1.000000 0.000000 -0.000000
vn 0.000000 1.000000 0.000000
vn 0.000000 1.000000 0.000000
vn 0.000000 1.000000 0.000000
vn 0.000000 1.000000 0.000000
vn 0.000000 0.000000 -1.000000
vn 0.000000 0.000000 -1.000000
vn 0.000000 0.000000 -1.000000
vn 0.000000 0.000000 -1.000000
vn 0.000000 0.000000 1.000000
vn 0.000000 0.000000 1.000000
vn 0.000000 0.000000 1.000000
vn 0.000000 0.000000 1.000000
vn -1.000000 -0.000000 0.000000
vn -1.000000 0.000000 -0.000000
vn -1.000000 0.000001 -0.000000
vn -1.000000 -0.000000 0.000000
vn 0.000000 1.000000 0.000000
vn 0.000000 1.000000 0.000000
vn 0.000000 1.000000 0.000000
vn 0.000000 1.000000 0.000000
vn -1.000000 0.000001 -0.000000
vn -1.000000 0.000001 0.000000
vn -1.000000 0.000000 0.000000
vn 0.000000 0.000000 1.000000
vn 0.000000 0.000000 1.000000
vn 0.000000 0.000000 -1.000000
vn 0.000000 0.000000 -1.000000
vn -1.000000 0.000001 -0.000000
vn 0.000000 1.000000 0.000000
vn 0.000000 1.000000 0.000000
vn 0.000000 1.000000 0.000000
vn 0.000000 1.000000 0.000000
vn 0.000000 0.000000 -1.000000
vn 0.000000 0.000000 -1.000000
vn 0.000000 0.000000 -1.000000
vn 0.000000 0.000000 -1.000000
vn 0.000000 0.000000 1.000000
vn 0.000000 0.000000 1.000000
vn 0.000000 0.000000 1.000000
vn 0.000000 0.000000 1.000000
s 1
g Cube__3_1:Cube_3_
usemtl initialShadingGroup
f 1059/1486/2612 1063/1485/2613 1064/1480/2614 1048/1459/2615
s off
f 1061/1464/2616 1059/1456/2617 1048/1481/2618 1054/1465/2619
s 2
f 1055/1467/2620 1068/1468/2621 1069/1478/2622 1050/1483/2623
s 3
f 1048/1481/2624 1064/1458/2625 1065/1466/2626 1054/1465/2627
s 1
f 1050/1470/2628 1069/1469/2629 1062/1484/2630 1056/1487/2631
s off
f 1055/1467/2632 1050/1483/2633 1056/1472/2634 1058/1476/2635
s 1
f 1062/1484/2630 1057/1475/2636 1060/1460/2637 1063/1485/2613
f 1064/1480/2614 1063/1485/2613 1060/1460/2637 1049/1462/2638
s 3
f 1065/1466/2626 1064/1458/2625 1049/1482/2639 1052/1461/2640
s 2
f 1069/1478/2622 1068/1468/2621 1053/1474/2641 1051/1473/2642
s 1
f 1062/1484/2630 1069/1469/2629 1051/1479/2643 1057/1475/2636
s off
f 1062/1471/2644 1063/1457/2645 1066/1463/2646 1067/1477/2647
f 1059/1456/2648 1061/1464/2649 1066/1463/2650 1063/1457/2651
f 1058/1476/2652 1056/1472/2653 1062/1471/2654 1067/1477/2655
g default
v 0.869190 -0.728261 7.133518
v 1.194577 -0.728261 7.133518
v 0.869190 -0.705974 7.133518
v 1.194577 -0.705974 7.133518
v 0.869190 -0.705974 5.995681
v 1.194577 -0.705974 5.995681
v 0.869190 -0.728261 5.995681
v 1.194577 -0.728261 5.995681
vt 0.909610 0.476646
vt 0.871749 0.476646
vt 0.871749 0.344250
vt 0.909610 0.344250
vt 0.912203 0.344250
vt 0.950065 0.344250
vt 0.950065 0.476646
vt 0.912203 0.476646
vn 0.000000 1.000000 0.000000
vn 0.000000 1.000000 0.000000
vn 0.000000 1.000000 0.000000
vn 0.000000 1.000000 0.000000
vn 0.000000 -1.000000 0.000000
vn 0.000000 -1.000000 0.000000
vn 0.000000 -1.000000 0.000000
vn 0.000000 -1.000000 0.000000
vn -1.000000 0.000000 0.000000
vn -1.000000 0.000000 0.000000
vn -1.000000 0.000000 0.000000
vn -1.000000 0.000000 0.000000
s off
g pCube189
usemtl initialShadingGroup
f 1072/1488/2656 1073/1489/2657 1075/1490/2658 1074/1491/2659
f 1076/1492/2660 1077/1493/2661 1071/1494/2662 1070/1495/2663
f 1076/1492/2664 1070/1495/2665 1072/1488/2666 1074/1491/2667
g default
v 0.898220 -0.360455 7.133518
v 1.194577 -0.360455 7.133518
v 0.898220 -0.338167 7.133518
v 1.194577 -0.338167 7.133518
v 0.898220 -0.338167 5.995681
v 1.194577 -0.338167 5.995681
v 0.898220 -0.360455 5.995681
v 1.194577 -0.360455 5.995681
vt 0.947879 0.654084
vt 0.982362 0.654084
vt 0.982362 0.786480
vt 0.947879 0.786480
vt 0.945285 0.786480
vt 0.910802 0.786480
vt 0.910802 0.654084
vt 0.945285 0.654084
vn 0.000000 1.000000 0.000000
vn 0.000000 1.000000 0.000000
vn 0.000000 1.000000 0.000000
vn 0.000000 1.000000 0.000000
vn 0.000000 -1.000000 0.000000
vn 0.000000 -1.000000 0.000000
vn 0.000000 -1.000000 0.000000
vn 0.000000 -1.000000 0.000000
vn -1.000000 0.000000 0.000000
vn -1.000000 0.000000 0.000000
vn -1.000000 0.000000 0.000000
vn -1.000000 0.000000 0.000000
s off
g pCube188
usemtl initialShadingGroup
f 1080/1496/2668 1081/1497/2669 1083/1498/2670 1082/1499/2671
f 1084/1500/2672 1085/1501/2673 1079/1502/2674 1078/1503/2675
f 1084/1500/2676 1078/1503/2677 1080/1496/2678 1082/1499/2679
g default
v -3.862127 -0.694190 6.191813
v -3.849342 -0.694190 6.191813
v -3.862127 -0.664106 6.191813
v -3.849342 -0.664106 6.191813
v -3.862127 -0.664106 6.165287
v -3.849342 -0.664106 6.165287
v -3.862127 -0.694190 6.165287
v -3.849342 -0.694190 6.165287
v -3.852905 -0.665993 6.189899
v -3.855466 -0.665993 6.190961
v -3.858027 -0.665993 6.189899
v -3.859088 -0.665993 6.187339
v -3.858027 -0.665993 6.184778
v -3.855466 -0.665993 6.183717
v -3.852905 -0.665993 6.184778
v -3.851844 -0.665993 6.187339
v -3.852905 -0.658749 6.189899
v -3.855466 -0.658749 6.190961
v -3.858027 -0.658749 6.189899
v -3.859088 -0.658749 6.187339
v -3.858027 -0.658749 6.184778
v -3.855466 -0.658749 6.183717
v -3.852905 -0.658749 6.184778
v -3.851844 -0.658749 6.187339
v -3.852905 -0.650743 6.189899
v -3.855466 -0.650743 6.190961
v -3.858027 -0.650743 6.189899
v -3.859088 -0.650743 6.187339
v -3.858027 -0.650743 6.184778
v -3.855466 -0.650743 6.183717
v -3.852905 -0.650743 6.184778
v -3.851844 -0.650743 6.187339
v -3.852905 -0.648529 6.189425
v -3.855466 -0.648255 6.190450
v -3.858027 -0.648529 6.189425
v -3.859088 -0.649192 6.186952
v -3.858027 -0.649855 6.184478
v -3.855466 -0.650130 6.183453
v -3.852905 -0.649855 6.184478
v -3.851844 -0.649192 6.186952
v -3.852905 -0.645003 6.188126
v -3.855466 -0.644253 6.188875
v -3.858027 -0.645003 6.188126
v -3.859088 -0.646814 6.186314
v -3.858027 -0.648624 6.184504
v -3.855466 -0.649375 6.183753
v -3.852905 -0.648624 6.184504
v -3.851844 -0.646814 6.186314
v -3.852905 -0.643035 6.184939
v -3.855466 -0.642010 6.185214
v -3.858027 -0.643035 6.184939
v -3.859088 -0.645509 6.184276
v -3.858027 -0.647982 6.183613
v -3.855466 -0.649007 6.183339
v -3.852905 -0.647982 6.183613
v -3.851844 -0.645509 6.184276
v -3.852905 -0.642652 6.179771
v -3.855466 -0.641592 6.179771
v -3.858027 -0.642652 6.179771
v -3.859088 -0.645214 6.179771
v -3.858027 -0.647774 6.179771
v -3.855466 -0.648836 6.179771
v -3.852905 -0.647774 6.179771
v -3.851844 -0.645214 6.179771
v -3.852905 -0.665993 6.168559
v -3.855466 -0.665993 6.167499
v -3.858027 -0.665993 6.168559
v -3.859088 -0.665993 6.171121
v -3.858027 -0.665993 6.173680
v -3.855466 -0.665993 6.174743
v -3.852905 -0.665993 6.173680
v -3.851844 -0.665993 6.171121
v -3.852905 -0.658749 6.168559
v -3.855466 -0.658749 6.167499
v -3.858027 -0.658749 6.168559
v -3.859088 -0.658749 6.171121
v -3.858027 -0.658749 6.173680
v -3.855466 -0.658749 6.174743
v -3.852905 -0.658749 6.173680
v -3.851844 -0.658749 6.171121
v -3.852905 -0.650743 6.168559
v -3.855466 -0.650743 6.167499
v -3.858027 -0.650743 6.168559
v -3.859088 -0.650743 6.171121
v -3.858027 -0.650743 6.173680
v -3.855466 -0.650743 6.174743
v -3.852905 -0.650743 6.173680
v -3.851844 -0.650743 6.171121
v -3.852905 -0.648529 6.169034
v -3.855466 -0.648255 6.168009
v -3.858027 -0.648529 6.169034
v -3.859088 -0.649192 6.171508
v -3.858027 -0.649855 6.173981
v -3.855466 -0.650130 6.175006
v -3.852905 -0.649855 6.173981
v -3.851844 -0.649192 6.171508
v -3.852905 -0.645003 6.170334
v -3.855466 -0.644253 6.169583
v -3.858027 -0.645003 6.170334
v -3.859088 -0.646814 6.172145
v -3.858027 -0.648624 6.173956
v -3.855466 -0.649375 6.174706
v -3.852905 -0.648624 6.173956
v -3.851844 -0.646814 6.172145
v -3.852905 -0.643035 6.173520
v -3.855466 -0.642010 6.173245
v -3.858027 -0.643035 6.173520
v -3.859088 -0.645509 6.174183
v -3.858027 -0.647982 6.174846
v -3.855466 -0.649007 6.175120
v -3.852905 -0.647982 6.174846
v -3.851844 -0.645509 6.174183
v -3.852905 -0.642652 6.178687
v -3.855466 -0.641592 6.178687
v -3.858027 -0.642652 6.178687
v -3.859088 -0.645214 6.178688
v -3.858027 -0.647774 6.178688
v -3.855466 -0.648836 6.178688
v -3.852905 -0.647774 6.178688
v -3.851844 -0.645214 6.178688
v -4.434414 -0.900000 5.723322
v -3.872391 -0.900000 5.723322
v -4.434414 -0.900000 6.237797
v -3.872391 -0.900001 6.237797
v -4.434414 -0.340723 6.237797
v -4.434414 -0.340723 5.723322
v -3.872391 -0.340724 5.723322
v -3.872391 -0.340724 6.237797
v -3.872391 -0.340724 6.156074
v -3.872391 -0.900000 6.156074
v -4.434414 -0.900000 6.156074
v -4.434414 -0.340723 6.156074
v -3.872391 -0.340724 6.117172
v -3.872391 -0.900000 6.117172
v -4.434414 -0.900000 6.117172
v -4.434414 -0.340723 6.117172
v -3.872391 -0.610406 5.723322
v -4.434414 -0.610406 5.723322
v -4.434414 -0.610406 6.237797
v -3.872391 -0.610406 6.237797
v -3.872391 -0.544520 5.723322
v -4.434414 -0.544519 5.723322
v -4.434414 -0.544519 6.237797
v -3.872391 -0.544520 6.237797
v -3.872391 -0.361046 6.117172
v -3.872391 -0.361046 5.723322
v -4.434414 -0.361046 5.723322
v -4.434414 -0.361046 6.237797
v -3.872391 -0.361046 6.237797
v -3.872391 -0.361046 6.156074
v -3.872391 -0.879943 6.117172
v -3.872391 -0.879943 5.723322
v -4.434415 -0.879943 5.723322
v -4.434415 -0.879943 6.237797
v -3.872391 -0.879944 6.237797
v -3.872391 -0.879943 6.156074
v -3.872391 -0.879943 5.740396
v -3.872391 -0.610406 5.740396
v -3.872391 -0.544520 5.740396
v -3.872391 -0.361046 5.740396
v -3.872391 -0.340724 5.740396
v -4.434415 -0.340723 5.740396
v -4.434415 -0.900000 5.740396
v -3.872391 -0.900000 5.740396
v -3.872391 -0.879944 6.221784
v -3.872391 -0.610406 6.221784
v -3.872391 -0.544520 6.221784
v -3.872391 -0.361046 6.221784
v -3.872391 -0.340724 6.221784
v -4.434415 -0.340723 6.221784
v -4.434415 -0.900000 6.221784
v -3.872391 -0.900000 6.221784
v -3.864034 -0.879943 5.740396
v -3.864034 -0.610406 5.740396
v -3.864034 -0.610406 6.117172
v -3.864034 -0.879943 6.117172
v -3.864034 -0.879943 6.156074
v -3.864034 -0.610406 6.156074
v -3.864034 -0.544520 5.740396
v -3.864034 -0.544520 6.117172
v -3.818897 -0.610406 6.156074
v -3.818897 -0.610406 6.117172
v -3.818897 -0.544520 6.117172
v -3.818897 -0.544520 6.156074
v -3.864034 -0.544520 6.156074
v -3.864034 -0.361046 5.740396
v -3.864034 -0.361046 6.117172
v -3.864034 -0.361046 6.156074
v -3.864034 -0.610406 6.221784
v -3.864034 -0.879944 6.221784
v -3.864034 -0.544520 6.221784
v -3.864034 -0.361046 6.221784
v -3.864034 -0.610406 6.075229
v -3.864034 -0.544520 6.075229
v -3.864034 -0.361046 6.075229
v -3.872391 -0.361046 6.075229
v -3.872391 -0.340724 6.075229
v -4.434414 -0.340723 6.075229
v -4.434414 -0.900000 6.075229
v -3.872391 -0.900000 6.075229
v -3.872391 -0.879943 6.075229
v -3.864034 -0.879943 6.075229
v -3.864034 -0.610406 5.891330
v -3.864034 -0.544520 5.891330
v -3.864034 -0.361046 5.891330
v -3.872391 -0.361046 5.891330
v -3.872391 -0.340724 5.891330
v -4.434415 -0.340723 5.891330
v -4.434415 -0.900000 5.891330
v -3.872391 -0.900000 5.891330
v -3.872391 -0.879943 5.891330
v -3.864034 -0.879943 5.891330
v -3.864034 -0.697656 6.075229
v -3.864034 -0.710051 6.075229
v -3.864034 -0.710051 6.117172
v -3.864034 -0.697656 6.117172
v -3.864034 -0.710051 6.156074
v -3.864034 -0.697656 6.156074
v -3.864034 -0.697656 6.221784
v -3.864034 -0.710051 6.221784
v -3.872391 -0.697656 6.221784
v -3.872391 -0.710051 6.221784
v -3.872391 -0.697656 6.237797
v -3.872391 -0.710051 6.237797
v -4.434414 -0.710051 6.237797
v -4.434414 -0.697656 6.237797
v -4.434414 -0.697656 5.723322
v -4.434414 -0.710051 5.723322
v -3.872391 -0.710051 5.723322
v -3.872391 -0.697656 5.723322
v -3.872391 -0.697656 5.740396
v -3.872391 -0.710051 5.740396
v -3.864034 -0.697656 5.740396
v -3.864034 -0.710051 5.740396
v -3.864034 -0.697656 5.891330
v -3.864034 -0.710051 5.891330
v -3.864034 -0.738977 6.075229
v -3.864034 -0.751372 6.075229
v -3.864034 -0.751372 6.117172
v -3.864034 -0.738977 6.117172
v -3.864034 -0.751372 6.156074
v -3.864034 -0.738977 6.156074
v -3.864034 -0.738977 6.221784
v -3.864034 -0.751372 6.221784
v -3.872391 -0.738977 6.221784
v -3.872391 -0.751372 6.221784
v -3.872391 -0.738977 6.237797
v -3.872391 -0.751372 6.237797
v -4.434415 -0.751372 6.237797
v -4.434415 -0.738977 6.237797
v -4.434415 -0.738977 5.723322
v -4.434415 -0.751372 5.723322
v -3.872391 -0.751372 5.723322
v -3.872391 -0.738977 5.723322
v -3.872391 -0.738977 5.740396
v -3.872391 -0.751372 5.740396
v -3.864034 -0.738977 5.740396
v -3.864034 -0.751372 5.740396
v -3.864034 -0.738977 5.891330
v -3.864034 -0.751372 5.891330
v -3.864034 -0.780298 6.075229
v -3.864034 -0.792693 6.075229
v -3.864034 -0.792693 6.117172
v -3.864034 -0.780298 6.117172
v -3.864034 -0.792693 6.156074
v -3.864034 -0.780298 6.156074
v -3.864034 -0.792693 6.221784
v -3.864034 -0.780298 6.221784
v -3.872391 -0.792693 6.221784
v -3.872391 -0.780298 6.221784
v -3.872391 -0.792693 6.237797
v -3.872391 -0.780298 6.237797
v -4.434415 -0.792693 6.237797
v -4.434415 -0.780298 6.237797
v -4.434415 -0.792693 5.723322
v -4.434415 -0.780298 5.723322
v -3.872391 -0.792693 5.723322
v -3.872391 -0.780298 5.723322
v -3.872391 -0.792693 5.740396
v -3.872391 -0.780298 5.740396
v -3.864034 -0.792693 5.740396
v -3.864034 -0.780298 5.740396
v -3.864034 -0.792693 5.891330
v -3.864034 -0.780298 5.891330
v -3.856484 -0.701303 6.075229
v -3.849768 -0.710051 6.075229
v -3.849768 -0.710051 5.891330
v -3.856484 -0.701303 5.891330
v -3.856484 -0.742625 6.075229
v -3.849768 -0.751372 6.075229
v -3.849768 -0.751372 5.891330
v -3.856484 -0.742625 5.891330
v -3.856484 -0.783946 6.075229
v -3.849768 -0.792693 6.075229
v -3.849768 -0.792693 5.891330
v -3.856484 -0.783946 5.891330
vt 0.975774 0.024468
vt 0.974287 0.024468
vt 0.974287 0.020967
vt 0.974287 0.019480
vt 0.971200 0.020967
vt 0.969713 0.020967
vt 0.971200 0.024468
vt 0.971200 0.025956
vt 0.969713 0.024468
vt 0.971200 0.019480
vt 0.975774 0.020967
vt 0.974287 0.025956
vt 0.782168 0.006350
vt 0.782147 0.007192
vt 0.781810 0.007150
vt 0.781837 0.006318
vt 0.781471 0.007129
vt 0.781503 0.006296
vt 0.781135 0.007125
vt 0.781170 0.006283
vt 0.783771 0.006450
vt 0.783753 0.007327
vt 0.783426 0.007337
vt 0.783445 0.006450
vt 0.783109 0.007330
vt 0.783126 0.006441
vt 0.782795 0.007298
vt 0.782810 0.006419
vt 0.782476 0.007247
vt 0.782492 0.006386
vt 0.782098 0.008046
vt 0.781769 0.007983
vt 0.781440 0.007985
vt 0.781116 0.008032
vt 0.783732 0.008308
vt 0.783412 0.008384
vt 0.783079 0.008411
vt 0.782745 0.008323
vt 0.782422 0.008172
vt 0.782087 0.008257
vt 0.781758 0.008203
vt 0.781430 0.008206
vt 0.781114 0.008231
vt 0.783726 0.008467
vt 0.783409 0.008513
vt 0.783075 0.008519
vt 0.782737 0.008459
vt 0.782408 0.008353
vt 0.782040 0.008580
vt 0.781739 0.008570
vt 0.781439 0.008550
vt 0.781137 0.008532
vt 0.783792 0.008679
vt 0.783452 0.008673
vt 0.783070 0.008653
vt 0.782685 0.008624
vt 0.782343 0.008600
vt 0.782048 0.008907
vt 0.781731 0.008913
vt 0.781412 0.008892
vt 0.781089 0.008838
vt 0.783768 0.008905
vt 0.783432 0.008822
vt 0.783067 0.008751
vt 0.782699 0.008789
vt 0.782368 0.008862
vt 0.782087 0.009376
vt 0.781736 0.009382
vt 0.781390 0.009373
vt 0.781067 0.009359
vt 0.783665 0.009369
vt 0.783364 0.009349
vt 0.783056 0.009338
vt 0.782741 0.009344
vt 0.782423 0.009362
vt 0.782163 0.012500
vt 0.781832 0.012531
vt 0.781807 0.011699
vt 0.782144 0.011658
vt 0.781498 0.012553
vt 0.781468 0.011720
vt 0.781166 0.012565
vt 0.781132 0.011724
vt 0.783765 0.012403
vt 0.783440 0.012402
vt 0.783423 0.011515
vt 0.783750 0.011526
vt 0.783121 0.012411
vt 0.783106 0.011521
vt 0.782806 0.012432
vt 0.782792 0.011552
vt 0.782488 0.012464
vt 0.782473 0.011604
vt 0.781767 0.010866
vt 0.782097 0.010804
vt 0.781438 0.010864
vt 0.781114 0.010816
vt 0.783411 0.010467
vt 0.783731 0.010545
vt 0.783078 0.010441
vt 0.782743 0.010528
vt 0.782421 0.010678
vt 0.781757 0.010647
vt 0.782085 0.010593
vt 0.781429 0.010643
vt 0.781113 0.010617
vt 0.783409 0.010339
vt 0.783726 0.010386
vt 0.783074 0.010332
vt 0.782736 0.010392
vt 0.782407 0.010497
vt 0.781738 0.010279
vt 0.782039 0.010270
vt 0.781437 0.010299
vt 0.781136 0.010317
vt 0.783452 0.010179
vt 0.783792 0.010173
vt 0.783069 0.010198
vt 0.782684 0.010227
vt 0.782342 0.010251
vt 0.781731 0.009937
vt 0.782048 0.009943
vt 0.781412 0.009957
vt 0.781088 0.010011
vt 0.783432 0.010030
vt 0.783769 0.009947
vt 0.783066 0.010101
vt 0.782699 0.010062
vt 0.782367 0.009988
vt 0.781737 0.009468
vt 0.782088 0.009474
vt 0.781390 0.009476
vt 0.781066 0.009489
vt 0.783364 0.009503
vt 0.783668 0.009481
vt 0.783055 0.009514
vt 0.782740 0.009506
vt 0.782423 0.009489
vt 0.451637 0.851556
vt 0.449273 0.851556
vt 0.449273 0.786161
vt 0.451637 0.786161
vt 0.803953 0.851556
vt 0.799073 0.851556
vt 0.799073 0.786161
vt 0.803953 0.786161
vt 0.869349 0.651400
vt 0.869349 0.653764
vt 0.864469 0.653764
vt 0.864469 0.651400
vt 0.869349 0.719160
vt 0.864469 0.719160
vt 0.850433 0.651400
vt 0.850433 0.653764
vt 0.785037 0.653764
vt 0.785037 0.651400
vt 0.852296 0.651400
vt 0.852296 0.653764
vt 0.786900 0.786161
vt 0.786900 0.851556
vt 0.785037 0.851556
vt 0.785037 0.786161
vt 0.852296 0.719160
vt 0.850433 0.719160
vt 0.859942 0.651400
vt 0.859942 0.653764
vt 0.794546 0.851556
vt 0.794546 0.786161
vt 0.859942 0.719160
vt 0.159014 0.850154
vt 0.159014 0.857820
vt 0.154134 0.857820
vt 0.154134 0.850154
vt 0.427924 0.786161
vt 0.427924 0.851556
vt 0.420258 0.851556
vt 0.420258 0.786161
vt 0.850433 0.622385
vt 0.850433 0.630051
vt 0.785037 0.630051
vt 0.785037 0.622385
vt 0.852296 0.622385
vt 0.852296 0.630051
vt 0.969562 0.019480
vt 0.965036 0.019480
vt 0.965036 0.011813
vt 0.969562 0.011813
vt 0.969562 0.024732
vt 0.965036 0.024732
vt 0.959784 0.019480
vt 0.959784 0.011813
vt 0.965036 0.006561
vt 0.969562 0.006561
vt 0.974814 0.011813
vt 0.974814 0.019480
vt 0.159014 0.879168
vt 0.154134 0.879168
vt 0.149607 0.857820
vt 0.149607 0.879168
vt 0.869349 0.588688
vt 0.869349 0.591022
vt 0.864469 0.591022
vt 0.864469 0.588688
vt 0.388895 0.786160
vt 0.388895 0.851556
vt 0.386561 0.851556
vt 0.386561 0.786161
vt 0.850433 0.588688
vt 0.850433 0.591022
vt 0.785037 0.591022
vt 0.785037 0.588688
vt 0.852296 0.588688
vt 0.852296 0.591022
vt 0.859942 0.591022
vt 0.859942 0.588688
vt 0.910296 0.622385
vt 0.910296 0.630051
vt 0.908309 0.630051
vt 0.908309 0.622385
vt 0.910296 0.651400
vt 0.908309 0.651400
vt 0.910296 0.653764
vt 0.908309 0.653764
vt 0.910296 0.719160
vt 0.908309 0.719160
vt 0.844900 0.851556
vt 0.842913 0.851556
vt 0.842913 0.786161
vt 0.844900 0.786161
vt 0.910296 0.588688
vt 0.910296 0.591022
vt 0.908309 0.591022
vt 0.908309 0.588688
vt 0.149607 0.850154
vt 0.141961 0.857820
vt 0.141961 0.850154
vt 0.141961 0.879168
vt 0.154134 0.817818
vt 0.159014 0.817818
vt 0.159014 0.818791
vt 0.154134 0.818791
vt 0.149607 0.817818
vt 0.149607 0.818791
vt 0.198947 0.850153
vt 0.198947 0.857820
vt 0.197974 0.857820
vt 0.197974 0.850153
vt 0.198947 0.879168
vt 0.197974 0.879168
vt 0.159014 0.880141
vt 0.154134 0.880141
vt 0.149607 0.880141
vt 0.141961 0.817818
vt 0.141961 0.818791
vt 0.140989 0.857820
vt 0.140989 0.850154
vt 0.141961 0.880141
vt 0.140989 0.879168
vt 0.180412 0.850154
vt 0.180412 0.857820
vt 0.180412 0.879168
vt 0.180412 0.880141
vt 0.890747 0.651400
vt 0.890747 0.653764
vt 0.890747 0.719160
vt 0.825351 0.851556
vt 0.825351 0.786161
vt 0.890747 0.588688
vt 0.890747 0.591022
vt 0.180412 0.817818
vt 0.180412 0.818791
vt 0.197974 0.880141
vt 0.197974 0.817818
vt 0.197974 0.818791
vt 0.412672 0.068795
vt 0.411389 0.068795
vt 0.411389 0.047397
vt 0.412672 0.047397
vt 0.159014 0.838559
vt 0.159014 0.840001
vt 0.154134 0.840001
vt 0.154134 0.838559
vt 0.149607 0.840001
vt 0.149607 0.838559
vt 0.141961 0.840001
vt 0.141961 0.838559
vt 0.140989 0.840001
vt 0.140989 0.838559
vt 0.852296 0.610790
vt 0.852296 0.612232
vt 0.850433 0.612232
vt 0.850433 0.610790
vt 0.785037 0.612232
vt 0.785037 0.610790
vt 0.408663 0.786161
vt 0.410106 0.786161
vt 0.410106 0.851556
vt 0.408663 0.851556
vt 0.910296 0.610790
vt 0.910296 0.612232
vt 0.908309 0.612232
vt 0.908309 0.610790
vt 0.198947 0.838559
vt 0.198947 0.840001
vt 0.197974 0.840001
vt 0.197974 0.838559
vt 0.180412 0.840001
vt 0.180412 0.838559
vt 0.038025 0.057226
vt 0.036742 0.057226
vt 0.036742 0.035828
vt 0.038025 0.035828
vt 0.159014 0.833751
vt 0.159014 0.835193
vt 0.154134 0.835193
vt 0.154134 0.833751
vt 0.149607 0.835193
vt 0.149607 0.833751
vt 0.141961 0.835193
vt 0.141961 0.833751
vt 0.140989 0.835193
vt 0.140989 0.833751
vt 0.852296 0.605982
vt 0.852296 0.607424
vt 0.850433 0.607424
vt 0.850433 0.605982
vt 0.785037 0.607424
vt 0.785037 0.605982
vt 0.403855 0.786160
vt 0.405298 0.786160
vt 0.405298 0.851556
vt 0.403855 0.851556
vt 0.910296 0.605982
vt 0.910296 0.607424
vt 0.908309 0.607424
vt 0.908309 0.605982
vt 0.198947 0.833751
vt 0.198947 0.835193
vt 0.197974 0.835193
vt 0.197974 0.833751
vt 0.180412 0.835193
vt 0.180412 0.833751
vt 0.412672 0.022715
vt 0.411389 0.022715
vt 0.411389 0.001317
vt 0.412672 0.001317
vt 0.159014 0.828943
vt 0.159014 0.830385
vt 0.154134 0.830385
vt 0.154134 0.828943
vt 0.149607 0.830385
vt 0.149607 0.828943
vt 0.141961 0.830385
vt 0.141961 0.828943
vt 0.140989 0.830385
vt 0.140989 0.828943
vt 0.852296 0.601174
vt 0.852296 0.602616
vt 0.850433 0.602616
vt 0.850433 0.601174
vt 0.785037 0.602616
vt 0.785037 0.601174
vt 0.399047 0.786160
vt 0.400490 0.786160
vt 0.400490 0.851556
vt 0.399047 0.851556
vt 0.910296 0.601174
vt 0.910296 0.602616
vt 0.908309 0.602616
vt 0.908309 0.601174
vt 0.198947 0.828943
vt 0.198947 0.830385
vt 0.197974 0.830385
vt 0.197974 0.828943
vt 0.180412 0.830385
vt 0.180412 0.828943
vt 0.198947 0.818791
vt 0.140989 0.818791
vt 0.413543 0.069233
vt 0.412400 0.070112
vt 0.409728 0.068795
vt 0.409728 0.047397
vt 0.412399 0.046080
vt 0.413543 0.046959
vt 0.413647 0.047397
vt 0.413647 0.068795
vt 0.038897 0.057664
vt 0.037753 0.058543
vt 0.035082 0.057226
vt 0.035082 0.035828
vt 0.037753 0.034511
vt 0.038897 0.035390
vt 0.039001 0.035828
vt 0.039001 0.057226
vt 0.413543 0.023153
vt 0.412400 0.024031
vt 0.409728 0.022715
vt 0.409728 0.001317
vt 0.412400 0.000000
vt 0.413543 0.000878
vt 0.413647 0.001317
vt 0.413647 0.022715
vn 0.000000 0.000000 1.000000
vn 0.000000 0.000000 1.000000
vn 0.000000 0.000000 1.000000
vn 0.000000 0.000000 1.000000
vn 0.000000 1.000000 0.000000
vn 0.000000 1.000000 0.000000
vn 0.000000 1.000000 0.000000
vn 0.000000 1.000000 0.000000
vn 0.000000 0.000000 -1.000000
vn 0.000000 0.000000 -1.000000
vn 0.000000 0.000000 -1.000000
vn 0.000000 0.000000 -1.000000
vn 0.000000 -1.000000 0.000000
vn 0.000000 -1.000000 0.000000
vn 0.000000 -1.000000 0.000000
vn 0.000000 -1.000000 0.000000
vn 1.000000 0.000000 0.000000
vn 1.000000 0.000000 0.000000
vn 1.000000 0.000000 0.000000
vn 1.000000 0.000000 0.000000
vn 0.382829 0.000000 0.923819
vn 0.382829 0.000000 0.923819
vn 0.382829 0.000000 0.923819
vn 0.382829 0.000000 0.923819
vn -0.382829 0.000000 0.923819
vn -0.382829 0.000000 0.923819
vn -0.382829 0.000000 0.923819
vn -0.382829 0.000000 0.923819
vn -0.923890 0.000000 0.382657
vn -0.923890 0.000000 0.382657
vn -0.923890 0.000000 0.382657
vn -0.923890 0.000000 0.382657
vn -0.923918 0.000000 -0.382592
vn -0.923918 0.000000 -0.382592
vn -0.923918 0.000000 -0.382592
vn -0.923918 0.000000 -0.382592
vn -0.382829 0.000000 -0.923819
vn -0.382829 0.000000 -0.923819
vn -0.382829 0.000000 -0.923819
vn -0.382829 0.000000 -0.923819
vn 0.382829 0.000000 -0.923819
vn 0.382829 0.000000 -0.923819
vn 0.382829 0.000000 -0.923819
vn 0.382829 0.000000 -0.923819
vn 0.923918 0.000000 -0.382592
vn 0.923918 0.000000 -0.382592
vn 0.923918 0.000000 -0.382592
vn 0.923918 0.000000 -0.382592
vn 0.923890 0.000000 0.382657
vn 0.923890 0.000000 0.382657
vn 0.923890 0.000000 0.382657
vn 0.923890 0.000000 0.382657
vn 0.382799 0.000000 0.923832
vn 0.382799 0.000000 0.923832
vn 0.382799 0.000000 0.923832
vn 0.382799 0.000000 0.923832
vn -0.382799 0.000000 0.923832
vn -0.382799 0.000000 0.923832
vn -0.382799 0.000000 0.923832
vn -0.382799 0.000000 0.923832
vn -0.923891 0.000000 0.382655
vn -0.923891 0.000000 0.382655
vn -0.923891 0.000000 0.382655
vn -0.923891 0.000000 0.382655
vn -0.923916 0.000000 -0.382596
vn -0.923916 0.000000 -0.382596
vn -0.923916 0.000000 -0.382596
vn -0.923916 0.000000 -0.382596
vn -0.382799 0.000000 -0.923832
vn -0.382799 0.000000 -0.923832
vn -0.382799 0.000000 -0.923832
vn -0.382799 0.000000 -0.923832
vn 0.382799 0.000000 -0.923832
vn 0.382799 0.000000 -0.923832
vn 0.382799 0.000000 -0.923832
vn 0.382799 0.000000 -0.923832
vn 0.923916 0.000000 -0.382596
vn 0.923916 0.000000 -0.382596
vn 0.923916 0.000000 -0.382596
vn 0.923916 0.000000 -0.382596
vn 0.923891 0.000000 0.382655
vn 0.923891 0.000000 0.382655
vn 0.923891 0.000000 0.382655
vn 0.923891 0.000000 0.382655
vn 0.379054 0.189807 0.905699
vn 0.379054 0.189807 0.905699
vn 0.379054 0.189807 0.905699
vn 0.379054 0.189807 0.905699
vn -0.379059 0.189740 0.905711
vn -0.379059 0.189740 0.905711
vn -0.379059 0.189740 0.905711
vn -0.379059 0.189740 0.905711
vn -0.922132 0.086389 0.377107
vn -0.922132 0.086389 0.377107
vn -0.922132 0.086389 0.377107
vn -0.922132 0.086389 0.377107
vn -0.921286 -0.105660 -0.374256
vn -0.921286 -0.105660 -0.374256
vn -0.921286 -0.105660 -0.374256
vn -0.921286 -0.105660 -0.374256
vn -0.371487 -0.326867 -0.868997
vn -0.371487 -0.326867 -0.868997
vn -0.371487 -0.326867 -0.868997
vn -0.371487 -0.326867 -0.868997
vn 0.371487 -0.326867 -0.868997
vn 0.371487 -0.326867 -0.868997
vn 0.371487 -0.326867 -0.868997
vn 0.371487 -0.326867 -0.868997
vn 0.921286 -0.105660 -0.374256
vn 0.921286 -0.105660 -0.374256
vn 0.921286 -0.105660 -0.374256
vn 0.921286 -0.105660 -0.374256
vn 0.922146 0.086215 0.377113
vn 0.922146 0.086215 0.377113
vn 0.922146 0.086215 0.377113
vn 0.922146 0.086215 0.377113
vn 0.367200 0.331744 0.868971
vn 0.367200 0.331744 0.868971
vn 0.367200 0.331744 0.868971
vn 0.367200 0.331744 0.868971
vn -0.367195 0.331781 0.868959
vn -0.367194 0.331781 0.868959
vn -0.367195 0.331781 0.868959
vn -0.367195 0.331781 0.868959
vn -0.916037 0.125048 0.381103
vn -0.916037 0.125048 0.381103
vn -0.916037 0.125048 0.381103
vn -0.916037 0.125048 0.381103
vn -0.909402 -0.069655 -0.410044
vn -0.909402 -0.069655 -0.410044
vn -0.909402 -0.069655 -0.410044
vn -0.909402 -0.069655 -0.410044
vn -0.295668 0.154892 -0.942650
vn -0.295668 0.154892 -0.942650
vn -0.295668 0.154892 -0.942650
vn -0.295668 0.154892 -0.942650
vn 0.295668 0.154892 -0.942650
vn 0.295668 0.154892 -0.942650
vn 0.295668 0.154892 -0.942650
vn 0.295668 0.154892 -0.942650
vn 0.909402 -0.069655 -0.410044
vn 0.909402 -0.069655 -0.410044
vn 0.909402 -0.069655 -0.410044
vn 0.909402 -0.069655 -0.410044
vn 0.916037 0.125048 0.381103
vn 0.916037 0.125048 0.381103
vn 0.916037 0.125048 0.381103
vn 0.916037 0.125048 0.381103
vn 0.371228 0.790985 0.486346
vn 0.371228 0.790985 0.486346
vn 0.371228 0.790985 0.486346
vn 0.371228 0.790985 0.486346
vn -0.371295 0.790933 0.486379
vn -0.371295 0.790933 0.486379
vn -0.371295 0.790933 0.486379
vn -0.371295 0.790933 0.486379
vn -0.919075 0.333944 0.209241
vn -0.919075 0.333944 0.209241
vn -0.919075 0.333944 0.209241
vn -0.919076 0.333944 0.209241
vn -0.918779 -0.328769 -0.218530
vn -0.918779 -0.328769 -0.218530
vn -0.918779 -0.328769 -0.218530
vn -0.918779 -0.328769 -0.218530
vn -0.368594 -0.735242 -0.568821
vn -0.368594 -0.735242 -0.568821
vn -0.368594 -0.735242 -0.568821
vn -0.368594 -0.735242 -0.568821
vn 0.368771 -0.735186 -0.568778
vn 0.368771 -0.735186 -0.568778
vn 0.368771 -0.735186 -0.568778
vn 0.368771 -0.735186 -0.568778
vn 0.918779 -0.328769 -0.218530
vn 0.918779 -0.328769 -0.218530
vn 0.918779 -0.328769 -0.218530
vn 0.918779 -0.328769 -0.218530
vn 0.919093 0.333909 0.209220
vn 0.919093 0.333909 0.209220
vn 0.919093 0.333909 0.209220
vn 0.919093 0.333909 0.209220
vn 0.379268 0.922661 0.069664
vn 0.379268 0.922661 0.069664
vn 0.379268 0.922661 0.069664
vn 0.379268 0.922661 0.069664
vn -0.379257 0.922665 0.069662
vn -0.379257 0.922666 0.069662
vn -0.379257 0.922665 0.069662
vn -0.379257 0.922666 0.069662
vn -0.922514 0.385021 0.026972
vn -0.922514 0.385021 0.026972
vn -0.922513 0.385021 0.026972
vn -0.922513 0.385021 0.026972
vn -0.922356 -0.385641 -0.023247
vn -0.922356 -0.385641 -0.023247
vn -0.922356 -0.385641 -0.023247
vn -0.922356 -0.385641 -0.023247
vn -0.378948 -0.924205 -0.047363
vn -0.378948 -0.924205 -0.047363
vn -0.378948 -0.924205 -0.047363
vn -0.378948 -0.924205 -0.047363
vn 0.378964 -0.924198 -0.047365
vn 0.378964 -0.924198 -0.047365
vn 0.378964 -0.924198 -0.047365
vn 0.378964 -0.924199 -0.047365
vn 0.922320 -0.385727 -0.023246
vn 0.922320 -0.385727 -0.023246
vn 0.922320 -0.385727 -0.023246
vn 0.922320 -0.385727 -0.023246
vn 0.922520 0.385007 0.026972
vn 0.922520 0.385007 0.026972
vn 0.922520 0.385007 0.026972
vn 0.922520 0.385007 0.026972
vn 0.382512 0.000000 -0.923950
vn 0.382512 0.000000 -0.923950
vn 0.382512 0.000000 -0.923950
vn 0.382512 0.000000 -0.923950
vn -0.382512 0.000000 -0.923950
vn -0.382512 0.000000 -0.923950
vn -0.382512 0.000000 -0.923950
vn -0.382512 0.000000 -0.923950
vn -0.923945 0.000000 -0.382526
vn -0.923945 0.000000 -0.382526
vn -0.923945 0.000000 -0.382526
vn -0.923945 0.000000 -0.382526
vn -0.923863 0.000000 0.382723
vn -0.923863 0.000000 0.382723
vn -0.923863 0.000000 0.382723
vn -0.923863 0.000000 0.382723
vn -0.382987 0.000000 0.923754
vn -0.382987 0.000000 0.923754
vn -0.382987 0.000000 0.923754
vn -0.382987 0.000000 0.923754
vn 0.382987 0.000000 0.923754
vn 0.382987 0.000000 0.923754
vn 0.382987 0.000000 0.923754
vn 0.382987 0.000000 0.923754
vn 0.923863 0.000000 0.382723
vn 0.923863 0.000000 0.382723
vn 0.923863 0.000000 0.382723
vn 0.923863 0.000000 0.382723
vn 0.923945 0.000000 -0.382526
vn 0.923945 0.000000 -0.382526
vn 0.923945 0.000000 -0.382526
vn 0.923945 0.000000 -0.382526
vn 0.382656 0.000000 -0.923891
vn 0.382656 0.000000 -0.923891
vn 0.382656 0.000000 -0.923891
vn 0.382656 0.000000 -0.923891
vn -0.382656 0.000000 -0.923891
vn -0.382656 0.000000 -0.923891
vn -0.382656 0.000000 -0.923891
vn -0.382656 0.000000 -0.923891
vn -0.923941 0.000000 -0.382536
vn -0.923941 0.000000 -0.382536
vn -0.923941 0.000000 -0.382536
vn -0.923941 0.000000 -0.382536
vn -0.923842 0.000000 0.382774
vn -0.923842 0.000000 0.382774
vn -0.923842 0.000000 0.382774
vn -0.923842 0.000000 0.382774
vn -0.383229 0.000000 0.923654
vn -0.383229 0.000000 0.923654
vn -0.383229 0.000000 0.923654
vn -0.383229 0.000000 0.923654
vn 0.383229 0.000000 0.923654
vn 0.383229 0.000000 0.923654
vn 0.383229 0.000000 0.923654
vn 0.383229 0.000000 0.923654
vn 0.923842 0.000000 0.382774
vn 0.923842 0.000000 0.382774
vn 0.923842 0.000000 0.382774
vn 0.923842 0.000000 0.382774
vn 0.923941 0.000000 -0.382536
vn 0.923941 0.000000 -0.382536
vn 0.923941 0.000000 -0.382536
vn 0.923941 0.000000 -0.382536
vn 0.379059 0.189740 -0.905711
vn 0.379059 0.189740 -0.905711
vn 0.379059 0.189740 -0.905711
vn 0.379059 0.189740 -0.905711
vn -0.379054 0.189807 -0.905699
vn -0.379054 0.189807 -0.905699
vn -0.379054 0.189807 -0.905699
vn -0.379054 0.189807 -0.905699
vn -0.922130 0.086411 -0.377106
vn -0.922130 0.086411 -0.377106
vn -0.922130 0.086411 -0.377106
vn -0.922130 0.086411 -0.377106
vn -0.921255 -0.105586 0.374353
vn -0.921255 -0.105586 0.374353
vn -0.921255 -0.105586 0.374353
vn -0.921255 -0.105586 0.374353
vn -0.371570 -0.326256 0.869191
vn -0.371571 -0.326256 0.869191
vn -0.371570 -0.326256 0.869191
vn -0.371570 -0.326256 0.869191
vn 0.371668 -0.326196 0.869172
vn 0.371668 -0.326196 0.869172
vn 0.371668 -0.326196 0.869172
vn 0.371668 -0.326196 0.869172
vn 0.921246 -0.105686 0.374349
vn 0.921246 -0.105686 0.374349
vn 0.921246 -0.105686 0.374349
vn 0.921246 -0.105686 0.374349
vn 0.922148 0.086193 -0.377113
vn 0.922148 0.086193 -0.377113
vn 0.922148 0.086193 -0.377113
vn 0.922148 0.086193 -0.377113
vn 0.367458 0.331744 -0.868862
vn 0.367458 0.331744 -0.868862
vn 0.367458 0.331744 -0.868862
vn 0.367458 0.331744 -0.868862
vn -0.367458 0.331744 -0.868862
vn -0.367458 0.331744 -0.868862
vn -0.367458 0.331744 -0.868862
vn -0.367458 0.331744 -0.868862
vn -0.915994 0.125130 -0.381180
vn -0.915994 0.125130 -0.381180
vn -0.915994 0.125130 -0.381180
vn -0.915994 0.125130 -0.381180
vn -0.909394 -0.069512 0.410086
vn -0.909394 -0.069512 0.410086
vn -0.909394 -0.069512 0.410086
vn -0.909394 -0.069512 0.410086
vn -0.295985 0.153994 0.942698
vn -0.295985 0.153994 0.942698
vn -0.295985 0.153994 0.942698
vn -0.295985 0.153994 0.942698
vn 0.295981 0.154078 0.942685
vn 0.295981 0.154078 0.942685
vn 0.295981 0.154078 0.942685
vn 0.295981 0.154078 0.942685
vn 0.909411 -0.069509 0.410048
vn 0.909411 -0.069509 0.410048
vn 0.909411 -0.069509 0.410048
vn 0.909411 -0.069509 0.410048
vn 0.916022 0.125033 -0.381144
vn 0.916022 0.125033 -0.381144
vn 0.916022 0.125033 -0.381144
vn 0.916022 0.125033 -0.381144
vn 0.371305 0.790987 -0.486283
vn 0.371305 0.790987 -0.486283
vn 0.371305 0.790987 -0.486283
vn 0.371305 0.790987 -0.486283
vn -0.371330 0.790956 -0.486316
vn -0.371330 0.790956 -0.486316
vn -0.371330 0.790956 -0.486316
vn -0.371330 0.790956 -0.486316
vn -0.919041 0.334013 -0.209284
vn -0.919041 0.334013 -0.209284
vn -0.919041 0.334013 -0.209284
vn -0.919041 0.334013 -0.209284
vn -0.918778 -0.328741 0.218577
vn -0.918778 -0.328741 0.218577
vn -0.918778 -0.328741 0.218577
vn -0.918778 -0.328741 0.218577
vn -0.368556 -0.735062 0.569079
vn -0.368556 -0.735062 0.569079
vn -0.368556 -0.735062 0.569079
vn -0.368556 -0.735062 0.569079
vn 0.368849 -0.734932 0.569057
vn 0.368849 -0.734932 0.569057
vn 0.368849 -0.734932 0.569057
vn 0.368849 -0.734932 0.569057
vn 0.918808 -0.328653 0.218584
vn 0.918808 -0.328653 0.218584
vn 0.918808 -0.328653 0.218584
vn 0.918808 -0.328653 0.218584
vn 0.919041 0.334013 -0.209284
vn 0.919041 0.334013 -0.209284
vn 0.919041 0.334013 -0.209284
vn 0.919041 0.334013 -0.209284
vn 0.379297 0.922647 -0.069684
vn 0.379297 0.922647 -0.069684
vn 0.379297 0.922647 -0.069684
vn 0.379297 0.922647 -0.069684
vn -0.379253 0.922666 -0.069676
vn -0.379253 0.922666 -0.069676
vn -0.379253 0.922666 -0.069676
vn -0.379253 0.922666 -0.069676
vn -0.922553 0.384926 -0.026972
vn -0.922553 0.384926 -0.026972
vn -0.922553 0.384926 -0.026972
vn -0.922553 0.384926 -0.026972
vn -0.922347 -0.385663 0.023237
vn -0.922347 -0.385663 0.023237
vn -0.922347 -0.385663 0.023237
vn -0.922347 -0.385663 0.023237
vn -0.378967 -0.924198 0.047360
vn -0.378967 -0.924197 0.047360
vn -0.378967 -0.924198 0.047360
vn -0.378967 -0.924197 0.047360
vn 0.378955 -0.924203 0.047355
vn 0.378955 -0.924203 0.047355
vn 0.378955 -0.924203 0.047355
vn 0.378955 -0.924203 0.047355
vn 0.922409 -0.385514 0.023238
vn 0.922409 -0.385514 0.023238
vn 0.922410 -0.385514 0.023238
vn 0.922410 -0.385514 0.023238
vn 0.922565 0.384898 -0.026970
vn 0.922565 0.384898 -0.026970
vn 0.922565 0.384898 -0.026970
vn 0.922565 0.384898 -0.026970
vn 0.382502 0.923955 0.000000
vn 0.382502 0.923955 0.000000
vn 0.382502 0.923955 0.000000
vn 0.382502 0.923955 0.000000
vn 0.924009 0.382370 0.000000
vn 0.924009 0.382370 0.000000
vn 0.924009 0.382370 0.000000
vn 0.924009 0.382370 0.000000
vn 0.923883 -0.382676 0.000000
vn 0.923883 -0.382676 0.000000
vn 0.923883 -0.382676 0.000000
vn 0.923883 -0.382676 0.000000
vn 0.382776 -0.923841 0.000000
vn 0.382776 -0.923841 0.000000
vn 0.382776 -0.923841 0.000000
vn 0.382776 -0.923841 0.000000
vn -0.382776 -0.923841 0.000000
vn -0.382776 -0.923841 0.000000
vn -0.382776 -0.923841 0.000000
vn -0.382776 -0.923841 0.000000
vn -0.923883 -0.382676 0.000000
vn -0.923883 -0.382676 0.000000
vn -0.923883 -0.382676 0.000000
vn -0.923883 -0.382676 0.000000
vn -0.924009 0.382370 0.000000
vn -0.924009 0.382370 0.000000
vn -0.924009 0.382370 0.000000
vn -0.924009 0.382370 0.000000
vn -0.382502 0.923955 0.000000
vn -0.382502 0.923955 0.000000
vn -0.382502 0.923955 0.000000
vn -0.382502 0.923955 0.000000
vn 0.000000 0.000000 -1.000000
vn 0.000000 0.000000 -1.000000
vn 0.000000 0.000000 -1.000000
vn 0.000000 0.000000 -1.000000
vn -0.000001 -1.000000 0.000000
vn -0.000001 -1.000000 0.000000
vn -0.000001 -1.000000 0.000000
vn -0.000001 -1.000000 0.000000
vn 1.000000 0.000000 0.000000
vn 1.000000 0.000000 0.000000
vn 1.000000 0.000000 0.000000
vn 1.000000 0.000000 0.000000
vn 0.000000 1.000000 0.000000
vn 0.000000 1.000000 0.000000
vn 0.000000 1.000000 0.000000
vn 0.000000 1.000000 0.000000
vn 0.000000 0.000000 1.000000
vn -0.000000 0.000000 1.000000
vn -0.000000 0.000000 1.000000
vn 0.000000 0.000000 1.000000
vn 1.000000 0.000000 0.000000
vn 1.000000 0.000000 0.000000
vn 1.000000 0.000000 0.000000
vn 1.000000 0.000000 0.000000
vn -0.000001 -1.000000 -0.000001
vn -0.000001 -1.000000 -0.000001
vn -0.000001 -1.000000 -0.000001
vn -0.000001 -1.000000 -0.000001
vn 0.000000 1.000000 0.000000
vn 0.000000 1.000000 0.000000
vn 0.000000 1.000000 0.000000
vn 0.000000 1.000000 0.000000
vn 1.000000 0.000000 0.000000
vn 1.000000 0.000000 0.000000
vn -0.000001 -1.000000 -0.000001
vn -0.000001 -1.000000 -0.000001
vn 0.000000 1.000000 0.000000
vn 0.000000 1.000000 0.000000
vn 1.000000 0.000000 0.000000
vn 1.000000 0.000000 0.000000
vn 1.000000 0.000000 0.000000
vn 1.000000 0.000000 0.000000
vn 0.000000 0.000000 -1.000000
vn 0.000000 0.000000 -1.000000
vn 0.000000 0.000000 -1.000000
vn 0.000000 0.000000 -1.000000
vn 0.000000 0.000000 1.000000
vn 0.000001 0.000000 1.000000
vn 0.000001 0.000000 1.000000
vn 0.000000 0.000000 1.000000
vn 1.000000 0.000000 0.000000
vn 1.000000 0.000000 0.000000
vn 1.000000 0.000000 0.000000
vn 1.000000 0.000000 0.000000
vn 1.000000 0.000000 0.000000
vn 1.000000 0.000000 0.000000
vn 1.000000 0.000000 0.000000
vn 1.000000 0.000000 0.000000
vn 0.000000 -1.000000 0.000000
vn 0.000000 -1.000000 0.000000
vn 0.000000 -1.000000 0.000000
vn 0.000000 -1.000000 0.000000
vn 0.000000 0.000000 -1.000000
vn 0.000000 0.000000 -1.000000
vn 0.000000 0.000000 -1.000000
vn 0.000000 0.000000 -1.000000
vn 0.000000 1.000000 0.000000
vn 0.000000 1.000000 0.000000
vn 0.000000 1.000000 0.000000
vn 0.000000 1.000000 0.000000
vn 0.000000 0.000000 1.000000
vn 0.000000 0.000000 1.000000
vn 0.000000 0.000000 1.000000
vn 0.000000 0.000000 1.000000
vn 1.000000 0.000000 0.000000
vn 1.000000 0.000000 0.000000
vn 1.000000 0.000000 0.000000
vn 1.000000 0.000000 0.000000
vn 1.000000 0.000000 0.000000
vn 1.000000 0.000000 0.000000
vn 1.000000 0.000000 0.000000
vn 1.000000 0.000000 0.000000
vn 0.000000 0.000000 -1.000000
vn 0.000000 0.000000 -1.000000
vn 0.000000 0.000000 -1.000000
vn 0.000000 0.000000 -1.000000
vn 0.000001 0.000000 1.000000
vn 0.000001 0.000000 1.000000
vn 0.000001 0.000000 1.000000
vn 0.000001 0.000000 1.000000
vn 1.000000 0.000000 0.000000
vn 1.000000 0.000000 0.000000
vn 1.000000 0.000000 0.000000
vn 1.000000 0.000000 0.000000
vn 1.000000 0.000000 0.000000
vn 1.000000 0.000000 0.000000
vn 1.000000 0.000000 0.000000
vn 1.000000 0.000000 0.000000
vn 1.000000 0.000000 0.000000
vn 1.000000 0.000000 0.000000
vn 1.000000 0.000000 0.000000
vn 1.000000 0.000000 0.000000
vn 1.000000 0.000000 0.000000
vn 1.000000 0.000000 0.000000
vn 0.000000 1.000000 -0.000002
vn 0.000000 1.000000 -0.000000
vn 0.000000 1.000000 -0.000000
vn 0.000000 1.000000 -0.000002
vn -0.000001 -1.000000 -0.000006
vn -0.000001 -1.000000 -0.000001
vn -0.000001 -1.000000 -0.000001
vn -0.000001 -1.000000 -0.000006
vn 1.000000 0.000000 0.000000
vn 1.000000 0.000000 0.000000
vn 1.000000 0.000000 0.000000
vn 1.000000 0.000000 0.000000
vn 1.000000 0.000000 0.000000
vn 1.000000 0.000000 0.000000
vn 1.000000 0.000000 0.000000
vn 1.000000 0.000000 0.000000
vn 0.000000 -1.000000 0.000000
vn 0.000000 -1.000000 0.000000
vn 0.000000 -1.000000 0.000000
vn 0.000000 -1.000000 0.000000
vn 0.000000 -1.000000 0.000000
vn 0.000000 -1.000000 0.000000
vn 0.000000 -1.000000 0.000000
vn 0.000000 -1.000000 0.000000
vn 0.000000 0.000000 -1.000000
vn 0.000000 0.000000 -1.000000
vn 0.000000 0.000000 -1.000000
vn 0.000000 0.000000 -1.000000
vn 0.000000 0.000000 -1.000000
vn 0.000000 0.000000 -1.000000
vn 0.000000 0.000000 -1.000000
vn 0.000000 0.000000 -1.000000
vn 0.000000 1.000000 0.000000
vn 0.000000 1.000000 0.000000
vn 0.000000 1.000000 0.000000
vn 0.000000 1.000000 0.000000
vn 0.000000 1.000000 0.000000
vn 0.000000 1.000000 0.000000
vn 0.000000 1.000000 0.000000
vn 0.000000 1.000000 0.000000
vn 0.000000 -1.000000 -0.000003
vn 0.000000 -1.000000 -0.000003
vn 0.000000 -1.000000 -0.000003
vn 0.000000 -1.000000 -0.000003
vn 0.000000 0.000000 1.000000
vn 0.000000 0.000000 1.000000
vn 0.000000 0.000000 1.000000
vn 0.000000 0.000000 1.000000
vn 0.000000 1.000000 0.000001
vn 0.000000 1.000000 0.000001
vn 0.000000 1.000000 0.000001
vn 0.000000 1.000000 0.000001
vn 0.000000 0.000000 1.000000
vn 0.000000 0.000000 1.000000
vn 0.000000 0.000000 1.000000
vn 0.000000 0.000000 1.000000
vn 1.000000 0.000000 0.000000
vn 1.000000 0.000000 0.000000
vn 1.000000 0.000000 0.000000
vn 0.000000 1.000000 0.000000
vn 0.000000 1.000000 0.000000
vn 1.000000 0.000000 0.000000
vn 1.000000 0.000000 0.000000
vn 0.000000 1.000000 0.000000
vn 0.000000 1.000000 0.000000
vn -0.000001 -1.000000 0.000000
vn -0.000001 -1.000000 0.000000
vn 1.000000 0.000000 0.000000
vn 1.000000 0.000000 0.000000
vn 0.000000 -1.000000 0.000000
vn 0.000000 -1.000000 0.000000
vn 1.000000 0.000000 0.000000
vn 1.000000 0.000000 0.000000
vn 1.000000 0.000000 0.000000
vn 0.000000 1.000000 0.000000
vn 0.000000 1.000000 0.000000
vn 0.000000 -1.000000 0.000000
vn 0.000000 -1.000000 0.000000
vn 0.655843 0.754898 0.000000
vn 0.793140 0.609040 0.000000
vn 0.793140 0.609040 0.000000
vn 0.655843 0.754898 0.000000
vn 1.000000 0.000000 0.000000
vn 1.000000 0.000000 0.000000
vn 1.000000 0.000000 0.000000
vn 1.000000 0.000000 0.000000
vn 1.000000 0.000000 0.000000
vn 1.000000 0.000000 0.000000
vn 1.000000 0.000000 0.000000
vn 1.000000 0.000000 0.000000
vn 0.000000 0.000000 1.000000
vn 0.000000 0.000000 1.000000
vn 0.000000 0.000000 1.000000
vn 0.000000 0.000000 1.000000
vn 1.000000 0.000000 0.000000
vn 1.000000 0.000000 0.000000
vn 1.000000 0.000000 0.000000
vn 1.000000 0.000000 0.000000
vn -0.000000 0.000000 1.000000
vn -0.000000 0.000000 1.000000
vn -0.000000 0.000000 1.000000
vn -0.000000 0.000000 1.000000
vn 0.000000 0.000000 -1.000000
vn 0.000000 0.000000 -1.000000
vn 0.000000 0.000000 -1.000000
vn 0.000000 0.000000 -1.000000
vn 1.000000 0.000000 0.000000
vn 1.000000 0.000000 0.000000
vn 1.000000 0.000000 0.000000
vn 1.000000 0.000000 0.000000
vn 0.000000 0.000000 -1.000000
vn 0.000000 0.000000 -1.000000
vn 0.000000 0.000000 -1.000000
vn 0.000000 0.000000 -1.000000
vn 1.000000 0.000000 0.000000
vn 1.000000 0.000000 0.000000
vn 1.000000 0.000000 0.000000
vn 1.000000 0.000000 0.000000
vn 0.655845 0.754895 0.000000
vn 0.793142 0.609036 0.000000
vn 0.793142 0.609036 0.000000
vn 0.655845 0.754895 0.000000
vn 1.000000 0.000000 0.000000
vn 1.000000 0.000000 0.000000
vn 1.000000 0.000000 0.000000
vn 1.000000 0.000000 0.000000
vn 1.000000 0.000000 0.000000
vn 1.000000 0.000000 0.000000
vn 1.000000 0.000000 0.000000
vn 1.000000 0.000000 0.000000
vn 0.000000 0.000000 1.000000
vn 0.000000 0.000000 1.000000
vn 0.000000 0.000000 1.000000
vn 0.000000 0.000000 1.000000
vn 1.000000 0.000000 0.000000
vn 1.000000 0.000000 0.000000
vn 1.000000 0.000000 0.000000
vn 1.000000 0.000000 0.000000
vn -0.000000 0.000000 1.000000
vn -0.000000 0.000000 1.000000
vn -0.000000 0.000000 1.000000
vn -0.000000 0.000000 1.000000
vn 0.000000 0.000000 -1.000000
vn 0.000000 0.000000 -1.000000
vn 0.000000 0.000000 -1.000000
vn 0.000000 0.000000 -1.000000
vn 1.000000 0.000000 0.000000
vn 1.000000 0.000000 0.000000
vn 1.000000 0.000000 0.000000
vn 1.000000 0.000000 0.000000
vn 0.000000 0.000000 -1.000000
vn 0.000000 0.000000 -1.000000
vn 0.000000 0.000000 -1.000000
vn 0.000000 0.000000 -1.000000
vn 1.000000 0.000000 0.000000
vn 1.000000 0.000000 0.000000
vn 1.000000 0.000000 0.000000
vn 1.000000 0.000000 0.000000
vn 0.655848 0.754893 0.000000
vn 0.793146 0.609032 0.000000
vn 0.793146 0.609032 0.000000
vn 0.655848 0.754893 0.000000
vn 1.000000 0.000000 0.000000
vn 1.000000 0.000000 0.000000
vn 1.000000 0.000000 0.000000
vn 1.000000 0.000000 0.000000
vn 1.000000 0.000000 0.000000
vn 1.000000 0.000000 0.000000
vn 1.000000 0.000000 0.000000
vn 1.000000 0.000000 0.000000
vn 0.000000 0.000000 1.000000
vn 0.000000 0.000000 1.000000
vn 0.000000 0.000000 1.000000
vn 0.000000 0.000000 1.000000
vn 1.000000 0.000000 0.000000
vn 1.000000 0.000000 0.000000
vn 1.000000 0.000000 0.000000
vn 1.000000 0.000000 0.000000
vn 0.000000 0.000000 1.000000
vn -0.000000 0.000000 1.000000
vn -0.000000 0.000000 1.000000
vn 0.000000 0.000000 1.000000
vn 0.000000 0.000000 -1.000000
vn 0.000000 0.000000 -1.000000
vn 0.000000 0.000000 -1.000000
vn 0.000000 0.000000 -1.000000
vn 1.000000 0.000000 0.000000
vn 1.000000 0.000000 0.000000
vn 1.000000 0.000000 0.000000
vn 1.000000 0.000000 0.000000
vn 0.000000 0.000000 -1.000000
vn 0.000000 0.000000 -1.000000
vn 0.000000 0.000000 -1.000000
vn 0.000000 0.000000 -1.000000
vn 1.000000 0.000000 0.000000
vn 1.000000 0.000000 0.000000
vn 1.000000 0.000000 0.000000
vn 1.000000 0.000000 0.000000
vn 1.000000 0.000000 0.000000
vn 1.000000 0.000000 0.000000
vn 1.000000 0.000000 0.000000
vn 1.000000 0.000000 0.000000
vn 0.000000 0.000000 -1.000000
vn 0.000000 0.000000 -1.000000
vn 0.000000 0.000000 1.000000
vn 0.000000 0.000000 1.000000
vn 1.000000 0.000000 0.000000
vn 1.000000 0.000000 0.000000
vn 0.000034 0.000000 1.000000
vn 0.000034 0.000000 1.000000
vn 0.000034 0.000000 1.000000
vn 0.000034 0.000000 1.000000
vn 0.000000 -1.000000 0.000000
vn 0.000000 -1.000000 0.000000
vn 0.000000 -1.000000 0.000000
vn 0.000000 -1.000000 0.000000
vn 0.000034 0.000000 -1.000000
vn 0.000034 0.000000 -1.000000
vn 0.000034 0.000000 -1.000000
vn 0.000034 0.000000 -1.000000
vn 0.435010 0.900426 0.000000
vn 0.435010 0.900426 0.000000
vn -0.000034 0.000000 1.000000
vn -0.000034 0.000000 1.000000
vn -0.000034 0.000000 1.000000
vn -0.000034 0.000000 1.000000
vn 0.000000 -1.000000 0.000000
vn 0.000000 -1.000000 0.000000
vn 0.000000 -1.000000 0.000000
vn 0.000000 -1.000000 0.000000
vn -0.000034 0.000000 -1.000000
vn -0.000034 0.000000 -1.000000
vn -0.000034 0.000000 -1.000000
vn -0.000034 0.000000 -1.000000
vn 0.435010 0.900426 0.000000
vn 0.435010 0.900426 0.000000
vn -0.000034 0.000000 1.000000
vn -0.000034 0.000000 1.000000
vn -0.000034 0.000000 1.000000
vn -0.000034 0.000000 1.000000
vn 0.000000 -1.000000 0.000000
vn 0.000000 -1.000000 0.000000
vn 0.000000 -1.000000 0.000000
vn 0.000000 -1.000000 0.000000
vn 0.000000 0.000000 -1.000000
vn 0.000000 0.000000 -1.000000
vn 0.000000 0.000000 -1.000000
vn 0.000000 0.000000 -1.000000
vn 0.435010 0.900426 0.000000
vn 0.435010 0.900426 0.000000
s off
g pCube181
usemtl initialShadingGroup
f 1086/1504/2680 1087/1505/2681 1089/1506/2682 1088/1514/2683
f 1088/1507/2684 1089/1506/2685 1091/1508/2686 1090/1513/2687
f 1090/1509/2688 1091/1508/2689 1093/1510/2690 1092/1512/2691
f 1092/1511/2692 1093/1510/2693 1087/1505/2694 1086/1515/2695
f 1087/1505/2696 1093/1510/2697 1091/1508/2698 1089/1506/2699
f 1094/1516/2700 1102/1517/2701 1103/1518/2702 1095/1519/2703
f 1095/1519/2704 1103/1518/2705 1104/1520/2706 1096/1521/2707
f 1096/1521/2708 1104/1520/2709 1105/1522/2710 1097/1523/2711
f 1097/1524/2712 1105/1525/2713 1106/1526/2714 1098/1527/2715
f 1098/1527/2716 1106/1526/2717 1107/1528/2718 1099/1529/2719
f 1099/1529/2720 1107/1528/2721 1108/1530/2722 1100/1531/2723
f 1100/1531/2724 1108/1530/2725 1109/1532/2726 1101/1533/2727
f 1101/1533/2728 1109/1532/2729 1102/1517/2730 1094/1516/2731
f 1102/1517/2732 1110/1534/2733 1111/1535/2734 1103/1518/2735
f 1103/1518/2736 1111/1535/2737 1112/1536/2738 1104/1520/2739
f 1104/1520/2740 1112/1536/2741 1113/1537/2742 1105/1522/2743
f 1105/1525/2744 1113/1538/2745 1114/1539/2746 1106/1526/2747
f 1106/1526/2748 1114/1539/2749 1115/1540/2750 1107/1528/2751
f 1107/1528/2752 1115/1540/2753 1116/1541/2754 1108/1530/2755
f 1108/1530/2756 1116/1541/2757 1117/1542/2758 1109/1532/2759
f 1109/1532/2760 1117/1542/2761 1110/1534/2762 1102/1517/2763
f 1110/1534/2764 1118/1543/2765 1119/1544/2766 1111/1535/2767
f 1111/1535/2768 1119/1544/2769 1120/1545/2770 1112/1536/2771
f 1112/1536/2772 1120/1545/2773 1121/1546/2774 1113/1537/2775
f 1113/1538/2776 1121/1547/2777 1122/1548/2778 1114/1539/2779
f 1114/1539/2780 1122/1548/2781 1123/1549/2782 1115/1540/2783
f 1115/1540/2784 1123/1549/2785 1124/1550/2786 1116/1541/2787
f 1116/1541/2788 1124/1550/2789 1125/1551/2790 1117/1542/2791
f 1117/1542/2792 1125/1551/2793 1118/1543/2794 1110/1534/2795
f 1118/1543/2796 1126/1552/2797 1127/1553/2798 1119/1544/2799
f 1119/1544/2800 1127/1553/2801 1128/1554/2802 1120/1545/2803
f 1120/1545/2804 1128/1554/2805 1129/1555/2806 1121/1546/2807
f 1121/1547/2808 1129/1556/2809 1130/1557/2810 1122/1548/2811
f 1122/1548/2812 1130/1557/2813 1131/1558/2814 1123/1549/2815
f 1123/1549/2816 1131/1558/2817 1132/1559/2818 1124/1550/2819
f 1124/1550/2820 1132/1559/2821 1133/1560/2822 1125/1551/2823
f 1125/1551/2824 1133/1560/2825 1126/1552/2826 1118/1543/2827
f 1126/1552/2828 1134/1561/2829 1135/1562/2830 1127/1553/2831
f 1127/1553/2832 1135/1562/2833 1136/1563/2834 1128/1554/2835
f 1128/1554/2836 1136/1563/2837 1137/1564/2838 1129/1555/2839
f 1129/1556/2840 1137/1565/2841 1138/1566/2842 1130/1557/2843
f 1130/1557/2844 1138/1566/2845 1139/1567/2846 1131/1558/2847
f 1131/1558/2848 1139/1567/2849 1140/1568/2850 1132/1559/2851
f 1132/1559/2852 1140/1568/2853 1141/1569/2854 1133/1560/2855
f 1133/1560/2856 1141/1569/2857 1134/1561/2858 1126/1552/2859
f 1134/1561/2860 1142/1570/2861 1143/1571/2862 1135/1562/2863
f 1135/1562/2864 1143/1571/2865 1144/1572/2866 1136/1563/2867
f 1136/1563/2868 1144/1572/2869 1145/1573/2870 1137/1564/2871
f 1137/1565/2872 1145/1574/2873 1146/1575/2874 1138/1566/2875
f 1138/1566/2876 1146/1575/2877 1147/1576/2878 1139/1567/2879
f 1139/1567/2880 1147/1576/2881 1148/1577/2882 1140/1568/2883
f 1140/1568/2884 1148/1577/2885 1149/1578/2886 1141/1569/2887
f 1141/1569/2888 1149/1578/2889 1142/1570/2890 1134/1561/2891
f 1150/1579/2892 1151/1580/2893 1159/1581/2894 1158/1582/2895
f 1151/1580/2896 1152/1583/2897 1160/1584/2898 1159/1581/2899
f 1152/1583/2900 1153/1585/2901 1161/1586/2902 1160/1584/2903
f 1153/1587/2904 1154/1588/2905 1162/1589/2906 1161/1590/2907
f 1154/1588/2908 1155/1591/2909 1163/1592/2910 1162/1589/2911
f 1155/1591/2912 1156/1593/2913 1164/1594/2914 1163/1592/2915
f 1156/1593/2916 1157/1595/2917 1165/1596/2918 1164/1594/2919
f 1157/1595/2920 1150/1579/2921 1158/1582/2922 1165/1596/2923
f 1158/1582/2924 1159/1581/2925 1167/1597/2926 1166/1598/2927
f 1159/1581/2928 1160/1584/2929 1168/1599/2930 1167/1597/2931
f 1160/1584/2932 1161/1586/2933 1169/1600/2934 1168/1599/2935
f 1161/1590/2936 1162/1589/2937 1170/1601/2938 1169/1602/2939
f 1162/1589/2940 1163/1592/2941 1171/1603/2942 1170/1601/2943
f 1163/1592/2944 1164/1594/2945 1172/1604/2946 1171/1603/2947
f 1164/1594/2948 1165/1596/2949 1173/1605/2950 1172/1604/2951
f 1165/1596/2952 1158/1582/2953 1166/1598/2954 1173/1605/2955
f 1166/1598/2956 1167/1597/2957 1175/1606/2958 1174/1607/2959
f 1167/1597/2960 1168/1599/2961 1176/1608/2962 1175/1606/2963
f 1168/1599/2964 1169/1600/2965 1177/1609/2966 1176/1608/2967
f 1169/1602/2968 1170/1601/2969 1178/1610/2970 1177/1611/2971
f 1170/1601/2972 1171/1603/2973 1179/1612/2974 1178/1610/2975
f 1171/1603/2976 1172/1604/2977 1180/1613/2978 1179/1612/2979
f 1172/1604/2980 1173/1605/2981 1181/1614/2982 1180/1613/2983
f 1173/1605/2984 1166/1598/2985 1174/1607/2986 1181/1614/2987
f 1174/1607/2988 1175/1606/2989 1183/1615/2990 1182/1616/2991
f 1175/1606/2992 1176/1608/2993 1184/1617/2994 1183/1615/2995
f 1176/1608/2996 1177/1609/2997 1185/1618/2998 1184/1617/2999
f 1177/1611/3000 1178/1610/3001 1186/1619/3002 1185/1620/3003
f 1178/1610/3004 1179/1612/3005 1187/1621/3006 1186/1619/3007
f 1179/1612/3008 1180/1613/3009 1188/1622/3010 1187/1621/3011
f 1180/1613/3012 1181/1614/3013 1189/1623/3014 1188/1622/3015
f 1181/1614/3016 1174/1607/3017 1182/1616/3018 1189/1623/3019
f 1182/1616/3020 1183/1615/3021 1191/1624/3022 1190/1625/3023
f 1183/1615/3024 1184/1617/3025 1192/1626/3026 1191/1624/3027
f 1184/1617/3028 1185/1618/3029 1193/1627/3030 1192/1626/3031
f 1185/1620/3032 1186/1619/3033 1194/1628/3034 1193/1629/3035
f 1186/1619/3036 1187/1621/3037 1195/1630/3038 1194/1628/3039
f 1187/1621/3040 1188/1622/3041 1196/1631/3042 1195/1630/3043
f 1188/1622/3044 1189/1623/3045 1197/1632/3046 1196/1631/3047
f 1189/1623/3048 1182/1616/3049 1190/1625/3050 1197/1632/3051
f 1190/1625/3052 1191/1624/3053 1199/1633/3054 1198/1634/3055
f 1191/1624/3056 1192/1626/3057 1200/1635/3058 1199/1633/3059
f 1192/1626/3060 1193/1627/3061 1201/1636/3062 1200/1635/3063
f 1193/1629/3064 1194/1628/3065 1202/1637/3066 1201/1638/3067
f 1194/1628/3068 1195/1630/3069 1203/1639/3070 1202/1637/3071
f 1195/1630/3072 1196/1631/3073 1204/1640/3074 1203/1639/3075
f 1196/1631/3076 1197/1632/3077 1205/1641/3078 1204/1640/3079
f 1197/1632/3080 1190/1625/3081 1198/1634/3082 1205/1641/3083
f 1143/1571/3084 1142/1570/3085 1198/1634/3086 1199/1633/3087
f 1142/1570/3088 1149/1578/3089 1205/1641/3090 1198/1634/3091
f 1149/1578/3092 1148/1577/3093 1204/1640/3094 1205/1641/3095
f 1148/1577/3096 1147/1576/3097 1203/1639/3098 1204/1640/3099
f 1147/1576/3100 1146/1575/3101 1202/1637/3102 1203/1639/3103
f 1146/1575/3104 1145/1574/3105 1201/1638/3106 1202/1637/3107
f 1145/1573/3108 1144/1572/3109 1200/1635/3110 1201/1636/3111
f 1144/1572/3112 1143/1571/3113 1199/1633/3114 1200/1635/3115
s 1
f 1212/1642/3116 1231/1643/3117 1232/1644/3118 1211/1645/3119
s 2
f 1285/1646/3120 1219/1647/3121 1220/1648/3122 1284/1649/3123
s 3
f 1281/1650/3124 1282/1651/3125 1218/1652/3126 1230/1653/3127
s 4
f 1283/1654/3128 1221/1655/3129 1218/1652/3130 1282/1651/3131
s 5
f 1234/1656/3132 1213/1657/3133 1210/1658/3134 1233/1659/3135
s 3
f 1253/1660/3136 1254/1661/3137 1213/1657/3138 1234/1656/3139
s 2
f 1256/1662/3140 1257/1663/3141 1209/1664/3142 1208/1665/3143
s 4
f 1254/1661/3144 1255/1666/3145 1210/1667/3146 1213/1657/3147
s 3
f 1235/1668/3148 1230/1653/3127 1218/1652/3126 1214/1669/3149
s 2
f 1220/1648/3122 1219/1647/3121 1215/1670/3150 1216/1671/3151
s 4
f 1218/1652/3130 1221/1655/3129 1217/1672/3152 1214/1669/3153
s 9
f 1278/1673/3154 1279/1674/3155 1265/1675/3156 1260/1676/3157
s 1
f 1227/1677/3158 1226/1678/3159 1222/1679/3160 1223/1680/3161
s 5
f 1225/1681/3162 1229/1682/3163 1228/1683/3164 1224/1684/3165
s 3
f 1251/1685/3166 1252/1686/3167 1229/1682/3168 1225/1681/3169
s off
f 1266/1687/3170 1267/1688/3171 1268/1689/3172 1269/1690/3173
f 1263/1691/3174 1260/1692/3175 1267/1688/3176 1266/1687/3177
f 1260/1693/3178 1265/1694/3179 1268/1689/3180 1267/1688/3181
f 1265/1695/3182 1270/1696/3183 1269/1690/3184 1268/1689/3185
f 1270/1697/3186 1263/1698/3187 1266/1687/3188 1269/1690/3189
s 9
f 1279/1674/3155 1280/1699/3190 1272/1700/3191 1265/1675/3156
s 1
f 1232/1644/3118 1231/1643/3117 1226/1678/3159 1227/1677/3158
s 5
f 1229/1682/3163 1234/1656/3132 1233/1659/3135 1228/1683/3164
s 3
f 1252/1686/3167 1253/1660/3136 1234/1656/3139 1229/1682/3168
s 9
f 1270/1701/3192 1265/1675/3156 1272/1700/3191 1273/1702/3193
s 3
f 1285/1703/3194 1286/1704/3195 1236/1705/3196 1219/1706/3197
s 1
f 1238/1707/3198 1237/1708/3199 1207/1709/3200 1206/1710/3201
s 5
f 1209/1711/3202 1240/1712/3203 1239/1713/3204 1208/1714/3205
s 3
f 1257/1715/3206 1250/1716/3207 1240/1712/3208 1209/1711/3209
f 1219/1706/3197 1236/1705/3196 1241/1717/3210 1215/1718/3211
f 1222/1719/3212 1226/1720/3213 1244/1721/3214 1243/1722/3215
f 1226/1720/3213 1231/1723/3216 1245/1724/3217 1244/1721/3214
f 1231/1723/3216 1212/1725/3218 1246/1726/3219 1245/1724/3217
s 4
f 1211/1727/3220 1247/1728/3221 1246/1726/3222 1212/1725/3223
s 2
f 1207/1729/3224 1249/1730/3225 1248/1731/3226 1206/1732/3227
s 3
f 1207/1733/3228 1237/1734/3229 1242/1735/3230 1249/1736/3231
s 9
f 1263/1737/3232 1270/1701/3192 1276/1738/3233 1274/1739/3234
f 1270/1701/3192 1273/1702/3193 1277/1740/3235 1276/1738/3233
s 3
f 1235/1668/3148 1214/1669/3149 1254/1661/3137 1253/1660/3136
s 4
f 1214/1669/3153 1217/1672/3152 1255/1666/3145 1254/1661/3144
s 2
f 1216/1671/3151 1215/1670/3150 1257/1663/3141 1256/1662/3140
s 3
f 1215/1718/3211 1241/1717/3210 1250/1716/3207 1257/1715/3206
s 18
f 1236/1741/3236 1286/1742/3237 1287/1743/3238 1261/1744/3239
s off
f 1241/1745/3240 1236/1741/3241 1261/1744/3242 1262/1746/3243
s 19
f 1243/1747/3244 1244/1748/3245 1264/1749/3246 1259/1750/3247
s off
f 1244/1748/3248 1245/1751/3249 1271/1752/3250 1264/1749/3251
s 20
f 1281/1753/3252 1230/1754/3253 1272/1700/3254 1280/1699/3255
s off
f 1230/1754/3256 1235/1755/3257 1273/1702/3258 1272/1700/3259
f 1250/1756/3260 1241/1745/3261 1262/1746/3262 1275/1757/3263
s 21
f 1252/1758/3264 1251/1759/3265 1274/1739/3266 1276/1738/3267
s off
f 1235/1755/3268 1253/1760/3269 1277/1740/3270 1273/1702/3271
f 1253/1761/3272 1252/1758/3273 1276/1738/3274 1277/1740/3275
s 9
f 1288/1762/3276 1289/1763/3277 1279/1674/3155 1278/1673/3154
f 1289/1763/3277 1290/1764/3278 1280/1699/3190 1279/1674/3155
s 20
f 1291/1765/3279 1281/1753/3252 1280/1699/3255 1290/1764/3280
s 3
f 1291/1766/3281 1292/1767/3282 1282/1651/3125 1281/1650/3124
s 4
f 1293/1768/3283 1283/1654/3128 1282/1651/3131 1292/1767/3284
s 2
f 1295/1769/3285 1285/1646/3120 1284/1649/3123 1294/1770/3286
s 3
f 1295/1771/3287 1296/1772/3288 1286/1704/3195 1285/1703/3194
s 18
f 1287/1743/3238 1286/1742/3237 1296/1773/3289 1297/1774/3290
s 9
f 1259/1750/3291 1264/1749/3292 1289/1763/3277 1288/1762/3276
f 1264/1749/3292 1271/1752/3293 1290/1764/3278 1289/1763/3277
s 20
f 1245/1775/3294 1291/1765/3279 1290/1764/3280 1271/1752/3295
s 3
f 1245/1724/3217 1246/1726/3219 1292/1767/3282 1291/1766/3281
s 4
f 1247/1728/3221 1293/1768/3283 1292/1767/3284 1246/1726/3222
s 2
f 1249/1730/3225 1295/1769/3285 1294/1770/3286 1248/1731/3226
s 3
f 1249/1736/3231 1242/1735/3230 1296/1772/3288 1295/1771/3287
s 18
f 1297/1774/3290 1296/1773/3289 1242/1776/3296 1258/1777/3297
s 22
f 1370/1778/3298 1371/1779/3299 1372/1780/3300 1373/1781/3301
s 9
f 1299/1782/3302 1298/1783/3303 1301/1784/3304 1300/1785/3305
f 1300/1785/3305 1301/1784/3304 1303/1786/3306 1302/1787/3307
f 1302/1787/3307 1303/1786/3306 1304/1788/3308 1305/1789/3309
s 21
f 1305/1789/3310 1304/1788/3311 1306/1790/3312 1307/1791/3313
s 3
f 1307/1792/3314 1306/1793/3315 1308/1794/3316 1309/1795/3317
s 5
f 1309/1795/3318 1308/1794/3319 1311/1796/3320 1310/1797/3321
s 1
f 1313/1798/3322 1312/1799/3323 1315/1800/3324 1314/1801/3325
s 3
f 1314/1802/3326 1315/1803/3327 1316/1804/3328 1317/1805/3329
s 19
f 1317/1806/3330 1316/1807/3331 1318/1808/3332 1319/1809/3333
s 9
f 1319/1809/3334 1318/1808/3335 1320/1810/3336 1321/1811/3337
s 23
f 1374/1812/3338 1375/1813/3339 1376/1814/3340 1377/1815/3341
s 9
f 1323/1816/3342 1322/1817/3343 1325/1818/3344 1324/1819/3345
f 1324/1819/3345 1325/1818/3344 1327/1820/3346 1326/1821/3347
f 1326/1821/3347 1327/1820/3346 1328/1822/3348 1329/1823/3349
s 21
f 1329/1823/3350 1328/1822/3351 1330/1824/3352 1331/1825/3353
s 3
f 1331/1826/3354 1330/1827/3355 1332/1828/3356 1333/1829/3357
s 5
f 1333/1829/3358 1332/1828/3359 1335/1830/3360 1334/1831/3361
s 1
f 1337/1832/3362 1336/1833/3363 1339/1834/3364 1338/1835/3365
s 3
f 1338/1836/3366 1339/1837/3367 1340/1838/3368 1341/1839/3369
s 19
f 1341/1840/3370 1340/1841/3371 1342/1842/3372 1343/1843/3373
s 9
f 1343/1843/3374 1342/1842/3375 1344/1844/3376 1345/1845/3377
s 24
f 1378/1846/3378 1379/1847/3379 1380/1848/3380 1381/1849/3381
s 9
f 1347/1850/3382 1346/1851/3383 1349/1852/3384 1348/1853/3385
f 1348/1853/3385 1349/1852/3384 1351/1854/3386 1350/1855/3387
f 1350/1855/3387 1351/1854/3386 1353/1856/3388 1352/1857/3389
s 21
f 1352/1857/3390 1353/1856/3391 1355/1858/3392 1354/1859/3393
s 3
f 1354/1860/3394 1355/1861/3395 1357/1862/3396 1356/1863/3397
s 5
f 1356/1863/3398 1357/1862/3399 1359/1864/3400 1358/1865/3401
s 1
f 1360/1866/3402 1361/1867/3403 1363/1868/3404 1362/1869/3405
s 3
f 1362/1870/3406 1363/1871/3407 1365/1872/3408 1364/1873/3409
s 19
f 1364/1874/3410 1365/1875/3411 1367/1876/3412 1366/1877/3413
s 9
f 1366/1877/3414 1367/1876/3415 1369/1878/3416 1368/1879/3417
f 1287/1743/3418 1347/1850/3382 1348/1853/3385 1261/1744/3419
s 1
f 1360/1866/3402 1362/1869/3405 1237/1708/3199 1238/1707/3198
s 5
f 1240/1712/3203 1356/1863/3398 1358/1865/3401 1239/1713/3204
s 3
f 1250/1716/3207 1354/1860/3394 1356/1863/3397 1240/1712/3208
s 9
f 1262/1746/3420 1261/1744/3419 1348/1853/3385 1350/1855/3387
s 3
f 1237/1734/3229 1362/1870/3406 1364/1873/3409 1242/1735/3230
s 9
f 1262/1746/3420 1350/1855/3387 1352/1857/3389 1275/1757/3421
s 19
f 1242/1880/3422 1364/1874/3410 1366/1877/3413 1258/1777/3423
s 21
f 1354/1859/3393 1250/1881/3424 1275/1757/3425 1352/1857/3390
s 9
f 1297/1774/3426 1368/1879/3417 1347/1850/3382 1287/1743/3418
f 1258/1777/3427 1366/1877/3414 1368/1879/3417 1297/1774/3426
f 1298/1783/3303 1278/1673/3154 1260/1676/3157 1301/1784/3304
f 1303/1786/3306 1301/1784/3304 1260/1676/3157 1263/1737/3232
f 1304/1788/3308 1303/1786/3306 1263/1737/3232 1274/1739/3234
s 21
f 1251/1759/3265 1306/1790/3312 1304/1788/3311 1274/1739/3266
s 3
f 1308/1794/3316 1306/1793/3315 1251/1685/3166 1225/1681/3169
s 5
f 1311/1796/3320 1308/1794/3319 1225/1681/3162 1224/1684/3165
s 1
f 1223/1680/3161 1222/1679/3160 1315/1800/3324 1312/1799/3323
s 3
f 1316/1804/3328 1315/1803/3327 1222/1719/3212 1243/1722/3215
s 19
f 1318/1808/3332 1316/1807/3331 1243/1747/3244 1259/1750/3247
s 9
f 1320/1810/3336 1318/1808/3335 1259/1750/3291 1288/1762/3276
f 1298/1783/3303 1320/1810/3336 1288/1762/3276 1278/1673/3154
f 1322/1817/3343 1299/1782/3302 1300/1785/3305 1325/1818/3344
f 1327/1820/3346 1325/1818/3344 1300/1785/3305 1302/1787/3307
f 1328/1822/3348 1327/1820/3346 1302/1787/3307 1305/1789/3309
s 21
f 1307/1791/3313 1330/1824/3352 1328/1822/3351 1305/1789/3310
s 3
f 1332/1828/3356 1330/1827/3355 1307/1792/3314 1309/1795/3317
s 5
f 1335/1830/3360 1332/1828/3359 1309/1795/3318 1310/1797/3321
s 1
f 1313/1798/3322 1314/1801/3325 1339/1834/3364 1336/1833/3363
s 3
f 1340/1838/3368 1339/1837/3367 1314/1802/3326 1317/1805/3329
s 19
f 1342/1842/3372 1340/1841/3371 1317/1806/3330 1319/1809/3333
s 9
f 1344/1844/3376 1342/1842/3375 1319/1809/3334 1321/1811/3337
f 1322/1817/3343 1344/1844/3376 1321/1811/3337 1299/1782/3302
f 1346/1851/3383 1323/1816/3342 1324/1819/3345 1349/1852/3384
f 1351/1854/3386 1349/1852/3384 1324/1819/3345 1326/1821/3347
f 1353/1856/3388 1351/1854/3386 1326/1821/3347 1329/1823/3349
s 21
f 1331/1825/3353 1355/1858/3392 1353/1856/3391 1329/1823/3350
s 3
f 1357/1862/3396 1355/1861/3395 1331/1826/3354 1333/1829/3357
s 5
f 1359/1864/3400 1357/1862/3399 1333/1829/3358 1334/1831/3361
s 1
f 1337/1832/3362 1338/1835/3365 1363/1868/3404 1361/1867/3403
s 3
f 1365/1872/3408 1363/1871/3407 1338/1836/3366 1341/1839/3369
s 19
f 1367/1876/3412 1365/1875/3411 1341/1840/3370 1343/1843/3373
s 9
f 1369/1878/3416 1367/1876/3415 1343/1843/3374 1345/1845/3377
f 1346/1851/3383 1369/1878/3416 1345/1845/3377 1323/1816/3342
s off
f 1298/1882/3428 1299/1883/3429 1371/1779/3430 1370/1778/3431
f 1299/1884/3432 1321/1885/3433 1372/1780/3434 1371/1779/3435
f 1321/1886/3436 1320/1887/3437 1373/1781/3438 1372/1780/3439
s 22
f 1320/1888/3440 1298/1889/3441 1370/1778/3298 1373/1781/3301
s off
f 1322/1890/3442 1323/1891/3443 1375/1813/3444 1374/1812/3445
f 1323/1892/3446 1345/1893/3447 1376/1814/3448 1375/1813/3449
f 1345/1894/3450 1344/1895/3451 1377/1815/3452 1376/1814/3453
s 23
f 1344/1896/3454 1322/1897/3455 1374/1812/3338 1377/1815/3341
s off
f 1346/1898/3456 1347/1899/3457 1379/1847/3458 1378/1846/3459
f 1347/1900/3460 1368/1901/3461 1380/1848/3462 1379/1847/3463
f 1368/1902/3464 1369/1903/3465 1381/1849/3466 1380/1848/3467
s 24
f 1369/1904/3468 1346/1905/3469 1378/1846/3378 1381/1849/3381
g default
v 1.072844 1.148416 7.133519
v 1.272427 1.148416 7.133519
v 1.072844 1.170704 7.133519
v 1.272427 1.170704 7.133519
v 1.072844 1.170704 5.995681
v 1.272427 1.170704 5.995681
v 1.072844 1.148416 5.995681
v 1.272427 1.148416 5.995681
vt 0.873128 0.851556
vt 0.849905 0.851556
vt 0.849905 0.719160
vt 0.873128 0.719160
vt 0.875722 0.719160
vt 0.898945 0.719160
vt 0.898945 0.851556
vt 0.875722 0.851556
vn 0.000000 1.000000 0.000000
vn 0.000000 1.000000 0.000000
vn 0.000000 1.000000 0.000000
vn 0.000000 1.000000 0.000000
vn 0.000000 -1.000000 0.000000
vn 0.000000 -1.000000 0.000000
vn 0.000000 -1.000000 0.000000
vn 0.000000 -1.000000 0.000000
vn -1.000000 0.000000 0.000000
vn -1.000000 0.000000 0.000000
vn -1.000000 0.000000 0.000000
vn -1.000000 0.000000 0.000000
s off
g pCube184
usemtl initialShadingGroup
f 1384/1906/3470 1385/1907/3471 1387/1908/3472 1386/1909/3473
f 1388/1910/3474 1389/1911/3475 1383/1912/3476 1382/1913/3477
f 1388/1910/3478 1382/1913/3479 1384/1906/3480 1386/1909/3481
g default
v -1.330037 -0.339422 9.092294
v -0.665297 -0.339422 9.092294
v -1.330037 -0.320681 9.092294
v -0.665297 -0.320681 9.092294
v -1.330037 -0.320681 8.424598
v -0.665297 -0.320681 8.424598
v -1.330037 -0.339422 8.424598
v -0.665297 -0.339422 8.424598
vt 0.283246 0.411126
vt 0.285366 0.333807
vt 0.281066 0.490624
vt 0.283186 0.413306
vt 0.203404 0.488495
vt 0.205524 0.411176
vt 0.203344 0.490675
vt 0.205583 0.408996
vt 0.201224 0.488435
vt 0.207704 0.331678
vt 0.283246 0.490684
vt 0.281006 0.492804
vt 0.203344 0.411116
vt 0.285366 0.413366
vn 0.000000 0.000000 1.000000
vn 0.000000 0.000000 1.000000
vn 0.000000 0.000000 1.000000
vn 0.000000 0.000000 1.000000
vn 0.000000 1.000000 0.000000
vn 0.000000 1.000000 0.000000
vn 0.000000 1.000000 0.000000
vn 0.000000 1.000000 0.000000
vn 0.000000 0.000000 -1.000000
vn 0.000000 0.000000 -1.000000
vn 0.000000 0.000000 -1.000000
vn 0.000000 0.000000 -1.000000
vn 0.000000 -1.000000 0.000000
vn 0.000000 -1.000000 0.000000
vn 0.000000 -1.000000 0.000000
vn 0.000000 -1.000000 0.000000
vn 1.000000 0.000000 0.000000
vn 1.000000 0.000000 0.000000
vn 1.000000 0.000000 0.000000
vn 1.000000 0.000000 0.000000
vn -1.000000 0.000000 0.000000
vn -1.000000 0.000000 0.000000
vn -1.000000 0.000000 0.000000
vn -1.000000 0.000000 0.000000
s off
g pCube183
usemtl initialShadingGroup
f 1390/1927/3482 1391/1924/3483 1393/1916/3484 1392/1917/3485
f 1392/1917/3486 1393/1916/3487 1395/1918/3488 1394/1919/3489
f 1394/1919/3490 1395/1918/3491 1397/1922/3492 1396/1926/3493
f 1396/1921/3494 1397/1923/3495 1391/1915/3496 1390/1914/3497
f 1391/1925/3498 1397/1920/3499 1395/1918/3500 1393/1916/3501
f 1396/1921/3502 1390/1914/3503 1392/1917/3504 1394/1919/3505
g default
v -1.072466 4.075511 9.151892
v -1.072467 8.575510 9.151892
v -1.072470 4.075510 4.051891
v -1.072471 8.575510 4.051891
v -1.072470 8.575510 5.666901
v -1.072470 8.575510 5.836884
v -1.072469 4.075510 5.836884
v -1.072469 4.075510 5.666901
v -1.072468 8.575510 7.366899
v -1.072468 8.575510 7.536882
v -1.072467 4.075511 7.536882
v -1.072467 4.075511 7.366899
v -1.072470 8.575510 4.840273
v -1.072470 8.575510 4.878519
v -1.072469 4.075510 4.840273
v -1.072469 4.075510 4.878519
v -1.072469 8.575510 6.582769
v -1.072469 8.575510 6.621016
v -1.072468 4.075510 6.582769
v -1.072468 4.075510 6.621016
v -1.072468 8.575510 8.325264
v -1.072468 8.575510 8.363510
v -1.072467 4.075511 8.325264
v -1.072467 4.075511 8.363510
v -1.072469 6.958417 5.666899
v -1.072469 7.037292 5.666899
v -1.072469 7.037292 5.836884
v -1.072469 6.958417 5.836884
v -1.072468 6.958417 7.366899
v -1.072468 7.037292 7.366899
v -1.072468 7.037292 7.536882
v -1.072468 6.958417 7.536882
v -1.072470 7.037292 4.878519
v -1.072470 6.958417 4.878519
v -1.072470 6.958417 4.840273
v -1.072470 7.037292 4.840273
v -1.072469 7.037292 6.621016
v -1.072469 6.958417 6.621016
v -1.072469 6.958417 6.582769
v -1.072469 7.037292 6.582769
v -1.072467 7.037292 8.363510
v -1.072467 6.958417 8.363510
v -1.072467 6.958417 8.325264
v -1.072467 7.037292 8.325264
v -1.072471 6.958417 4.051893
v -1.072471 7.037292 4.051893
v -1.072467 7.037292 9.151892
v -1.072467 6.958417 9.151892
v -1.056865 6.958417 4.840273
v -1.056865 6.958417 4.878519
v -1.056864 4.075510 4.840273
v -1.056864 4.075510 4.878519
v -1.056865 7.037292 4.878519
v -1.056865 7.037292 4.840273
v -1.056865 8.575510 4.878519
v -1.056865 8.575510 4.840273
v -1.056864 6.958417 6.582769
v -1.056864 6.958417 6.621016
v -1.056863 4.075510 6.582769
v -1.056863 4.075510 6.621016
v -1.056864 7.037292 6.621016
v -1.056864 7.037292 6.582769
v -1.056864 8.575510 6.621016
v -1.056864 8.575510 6.582769
v -1.056862 6.958417 8.325264
v -1.056862 6.958417 8.363510
v -1.056862 4.075511 8.325264
v -1.056862 4.075511 8.363510
v -1.056862 7.037292 8.363510
v -1.056862 7.037292 8.325264
v -1.056862 8.575510 8.363510
v -1.056862 8.575510 8.325264
v -1.045411 6.958417 5.666899
v -1.045411 7.037292 5.666899
v -1.045410 6.958417 5.836884
v -1.045410 7.037292 5.836884
v -1.045409 6.958417 7.366899
v -1.045409 7.037292 7.366899
v -1.045409 6.958417 7.536882
v -1.045409 7.037292 7.536882
v -1.045411 8.575510 5.666901
v -1.045411 8.575510 5.836884
v -1.045409 8.575510 7.366899
v -1.045409 8.575510 7.536882
v -1.045410 4.075510 5.666901
v -1.045410 4.075510 5.836884
v -1.045408 4.075511 7.366899
v -1.045408 4.075511 7.536882
vt 0.996690 0.188163
vt 0.996690 0.178986
vt 0.962432 0.318615
vt 0.979472 0.000002
vt 0.992719 0.344628
vt 0.992719 0.335451
vt 0.309117 0.428789
vt 0.955642 0.139631
vt 1.000000 0.188164
vt 1.000000 0.178986
vt 0.961908 0.141447
vt 0.315383 0.430605
vt 0.989409 0.344627
vt 0.989409 0.335450
vt 0.300512 0.463678
vt 0.001816 0.000002
vt 0.968698 0.320431
vt 0.985738 0.001818
vt 0.317722 0.344628
vt 0.317722 0.335451
vt 0.008082 0.001818
vt 0.306778 0.465493
vt 0.505707 0.188163
vt 0.505707 0.178986
vt 0.979472 0.001818
vt 0.983922 0.001818
vt 0.983922 0.337266
vt 0.979472 0.337266
vt 0.968698 0.318615
vt 0.964247 0.318615
vt 0.964247 0.139631
vt 0.968698 0.139631
vt 0.315383 0.428789
vt 0.310932 0.428789
vt 0.310932 0.093340
vt 0.315383 0.093340
vt 0.955642 0.141447
vt 0.960093 0.141447
vt 0.960093 0.320431
vt 0.955642 0.320431
vt 0.306778 0.463678
vt 0.302327 0.463678
vt 0.302327 0.128229
vt 0.306778 0.128229
vt 0.001816 0.001818
vt 0.006266 0.001818
vt 0.006266 0.180801
vt 0.001816 0.180801
vt 0.000000 0.180801
vt 0.693626 0.000002
vt 0.970513 0.139631
vt 0.317722 0.523612
vt 0.953827 0.320431
vt 0.871721 0.000002
vt 0.784932 0.523612
vt 0.992719 0.000002
vt 0.601891 0.523612
vt 0.989409 0.000002
vt 0.409456 0.000002
vt 0.317722 0.000002
vt 0.996690 0.000002
vt 0.413906 0.523612
vt 0.977656 0.337266
vt 0.505640 0.000002
vt 1.000000 0.000002
vt 0.780482 0.000002
vt 0.317198 0.093340
vt 0.693692 0.523612
vt 0.505707 0.000002
vt 0.597441 0.000002
vt 0.308593 0.128229
vt 0.505707 0.523612
vt 0.993542 0.188163
vt 0.993542 0.178986
vt 0.989570 0.344628
vt 0.989570 0.335451
vt 0.996852 0.188164
vt 0.996852 0.178986
vt 0.986261 0.344627
vt 0.986261 0.335450
vt 0.993542 0.000002
vt 0.989570 0.523612
vt 0.996852 0.000002
vt 0.986261 0.523611
vt 0.993542 0.523612
vt 0.989570 0.000002
vt 0.996852 0.523613
vt 0.986261 0.000002
vt 0.601891 0.178986
vt 0.000000 0.001818
vt 0.597441 0.178986
vt 0.006266 0.000002
vt 0.597441 0.188163
vt 0.308593 0.463678
vt 0.601891 0.188163
vt 0.302327 0.465493
vt 0.784932 0.178986
vt 0.953827 0.141447
vt 0.780482 0.178986
vt 0.960093 0.139631
vt 0.780482 0.188163
vt 0.317198 0.428789
vt 0.784932 0.188163
vt 0.310932 0.430605
vt 0.409456 0.344628
vt 0.970513 0.318615
vt 0.413906 0.344628
vt 0.964247 0.320431
vt 0.413906 0.335451
vt 0.977656 0.001818
vt 0.409456 0.335451
vt 0.983922 0.000002
vt 0.601891 0.000002
vt 0.008082 0.180801
vt 0.597441 0.523612
vt 0.300512 0.128229
vt 0.784932 0.000002
vt 0.961908 0.320431
vt 0.780482 0.523612
vt 0.309117 0.093340
vt 0.409456 0.523612
vt 0.962432 0.139631
vt 0.413906 0.000002
vt 0.985738 0.337266
vt 0.693626 0.523612
vt 0.693626 0.188163
vt 0.693692 0.188163
vt 1.000000 0.523613
vt 0.871721 0.523612
vt 0.871721 0.188163
vt 0.505640 0.335451
vt 0.996690 0.523612
vt 0.693626 0.178986
vt 0.989409 0.523611
vt 0.693692 0.000002
vt 0.693692 0.178986
vt 0.871721 0.178986
vt 0.992719 0.523612
vt 0.505640 0.523612
vt 0.505640 0.344628
vn -1.000000 -0.000000 0.000001
vn -1.000000 -0.000000 0.000001
vn -1.000000 -0.000000 0.000001
vn -1.000000 -0.000000 0.000001
vn -1.000000 -0.000000 0.000001
vn -1.000000 -0.000000 0.000001
vn -1.000000 -0.000000 0.000001
vn -1.000000 -0.000000 0.000001
vn -1.000000 -0.000000 0.000001
vn -1.000000 -0.000000 0.000001
vn -1.000000 -0.000000 0.000001
vn -1.000000 -0.000000 0.000001
vn -1.000000 -0.000000 0.000001
vn -1.000000 -0.000000 0.000001
vn -1.000000 -0.000000 0.000001
vn -1.000000 -0.000000 0.000001
vn -1.000000 -0.000000 0.000001
vn -1.000000 -0.000000 0.000001
vn -1.000000 -0.000000 0.000001
vn -1.000000 -0.000000 0.000001
vn -1.000000 -0.000000 0.000001
vn -1.000000 -0.000000 0.000001
vn -1.000000 -0.000000 0.000001
vn -1.000000 -0.000000 0.000001
vn -1.000000 -0.000000 0.000000
vn -1.000000 -0.000000 0.000000
vn -1.000000 -0.000000 0.000000
vn -1.000000 -0.000000 0.000000
vn -1.000000 -0.000000 0.000000
vn -1.000000 -0.000000 0.000000
vn -1.000000 -0.000000 0.000000
vn -1.000000 -0.000000 0.000000
vn -1.000000 -0.000000 0.000000
vn -1.000000 -0.000000 0.000000
vn -1.000000 -0.000000 0.000000
vn -1.000000 -0.000000 0.000000
vn -1.000000 -0.000000 0.000000
vn -1.000000 -0.000000 0.000000
vn -1.000000 -0.000000 0.000000
vn -1.000000 -0.000000 0.000000
vn -1.000000 -0.000000 0.000000
vn -1.000000 -0.000000 0.000000
vn -1.000000 -0.000000 0.000000
vn -1.000000 -0.000000 0.000000
vn -1.000000 -0.000000 0.000000
vn -1.000000 -0.000000 0.000000
vn -1.000000 -0.000000 0.000000
vn -1.000000 -0.000000 0.000000
vn -1.000000 -0.000000 0.000001
vn -1.000000 -0.000000 0.000001
vn -1.000000 -0.000000 0.000001
vn -1.000000 -0.000000 0.000001
vn -1.000000 -0.000000 0.000001
vn -1.000000 -0.000000 0.000001
vn -1.000000 -0.000000 0.000001
vn -1.000000 -0.000000 0.000001
vn -1.000000 -0.000000 0.000001
vn -1.000000 -0.000000 0.000001
vn -1.000000 -0.000000 0.000001
vn -1.000000 -0.000000 0.000001
vn -1.000000 -0.000000 0.000001
vn -1.000000 -0.000000 0.000001
vn -1.000000 -0.000000 0.000001
vn -1.000000 -0.000000 0.000001
vn -1.000000 -0.000000 0.000001
vn -1.000000 -0.000000 0.000001
vn -1.000000 -0.000000 0.000001
vn -1.000000 -0.000000 0.000001
vn -1.000000 -0.000000 0.000001
vn -1.000000 -0.000000 0.000001
vn -1.000000 -0.000000 0.000001
vn -1.000000 -0.000000 0.000001
vn 0.000000 -1.000000 0.000000
vn 0.000000 -1.000000 0.000000
vn 0.000000 -1.000000 0.000000
vn 0.000000 -1.000000 0.000000
vn 0.000000 0.000000 1.000000
vn 0.000000 0.000000 1.000000
vn 0.000000 0.000000 1.000000
vn 0.000000 0.000000 1.000000
vn 0.000000 0.000000 -1.000000
vn 0.000000 0.000000 -1.000000
vn 0.000000 0.000000 -1.000000
vn 0.000000 0.000000 -1.000000
vn 0.000000 1.000000 0.000000
vn 0.000000 1.000000 0.000000
vn 0.000000 1.000000 0.000000
vn 0.000000 1.000000 0.000000
vn 0.000000 0.000000 -1.000000
vn 0.000000 0.000000 -1.000000
vn 0.000000 0.000000 -1.000000
vn 0.000000 0.000000 -1.000000
vn 0.000000 0.000000 1.000000
vn 0.000000 0.000000 1.000000
vn 0.000000 0.000000 1.000000
vn 0.000000 0.000000 1.000000
vn 0.000000 -1.000000 0.000000
vn 0.000000 -1.000000 0.000000
vn 0.000000 -1.000000 0.000000
vn 0.000000 -1.000000 0.000000
vn 0.000000 0.000000 1.000000
vn 0.000000 0.000000 1.000000
vn 0.000000 0.000000 1.000000
vn 0.000000 0.000000 1.000000
vn 0.000000 0.000000 -1.000000
vn 0.000000 0.000000 -1.000000
vn 0.000000 0.000000 -1.000000
vn 0.000000 0.000000 -1.000000
vn 0.000000 1.000000 0.000000
vn 0.000000 1.000000 0.000000
vn 0.000000 1.000000 0.000000
vn 0.000000 1.000000 0.000000
vn 0.000000 0.000000 -1.000000
vn 0.000000 0.000000 -1.000000
vn 0.000000 0.000000 -1.000000
vn 0.000000 0.000000 -1.000000
vn 0.000000 0.000000 1.000000
vn 0.000000 0.000000 1.000000
vn 0.000000 0.000000 1.000000
vn 0.000000 0.000000 1.000000
vn 0.000000 -1.000000 0.000000
vn 0.000000 -1.000000 0.000000
vn 0.000000 -1.000000 0.000000
vn 0.000000 -1.000000 0.000000
vn 0.000000 0.000000 1.000000
vn 0.000000 0.000000 1.000000
vn 0.000000 0.000000 1.000000
vn 0.000000 0.000000 1.000000
vn 0.000000 0.000000 -1.000000
vn 0.000000 0.000000 -1.000000
vn 0.000000 0.000000 -1.000000
vn 0.000000 0.000000 -1.000000
vn 0.000000 1.000000 0.000000
vn 0.000000 1.000000 0.000000
vn 0.000000 1.000000 0.000000
vn 0.000000 1.000000 0.000000
vn 0.000000 0.000000 -1.000000
vn 0.000000 0.000000 -1.000000
vn 0.000000 0.000000 -1.000000
vn 0.000000 0.000000 -1.000000
vn 0.000000 0.000000 1.000000
vn 0.000000 0.000000 1.000000
vn 0.000000 0.000000 1.000000
vn 0.000000 0.000000 1.000000
vn 0.000000 0.000000 1.000000
vn 0.000000 0.000000 1.000000
vn 0.000000 0.000000 1.000000
vn 0.000000 0.000000 1.000000
vn 0.000000 0.000000 -1.000000
vn 0.000000 0.000000 -1.000000
vn 0.000000 0.000000 -1.000000
vn 0.000000 0.000000 -1.000000
vn 0.000000 0.000000 1.000000
vn 0.000000 0.000000 1.000000
vn 0.000000 0.000000 1.000000
vn 0.000000 0.000000 1.000000
vn 0.000000 0.000000 -1.000000
vn 0.000000 0.000000 -1.000000
vn 0.000000 0.000000 -1.000000
vn 0.000000 0.000000 -1.000000
vn 0.000000 -0.000001 1.000000
vn 0.000000 -0.000001 1.000000
vn 0.000000 -0.000001 1.000000
vn 0.000000 -0.000001 1.000000
vn 0.000000 0.000000 -1.000000
vn 0.000000 0.000000 -1.000000
vn 0.000000 0.000000 -1.000000
vn 0.000000 0.000000 -1.000000
vn 0.000000 0.000000 1.000000
vn 0.000000 0.000000 1.000000
vn 0.000000 0.000000 1.000000
vn 0.000000 0.000000 1.000000
vn 0.000000 0.000000 -1.000000
vn 0.000000 0.000000 -1.000000
vn 0.000000 0.000000 -1.000000
vn 0.000000 0.000000 -1.000000
vn 0.000000 0.000001 1.000000
vn 0.000000 0.000001 1.000000
vn 0.000000 0.000001 1.000000
vn 0.000000 0.000001 1.000000
vn 0.000000 0.000000 -1.000000
vn 0.000000 0.000000 -1.000000
vn 0.000000 0.000000 -1.000000
vn 0.000000 0.000000 -1.000000
vn 0.000000 0.000000 1.000000
vn 0.000000 0.000000 1.000000
vn 0.000000 0.000000 1.000000
vn 0.000000 0.000000 1.000000
vn 0.000000 0.000000 -1.000000
vn 0.000000 0.000000 -1.000000
vn 0.000000 0.000000 -1.000000
vn 0.000000 0.000000 -1.000000
s 1
g Cube__17_:Cube_17_
usemtl initialShadingGroup
f 1422/2058/3506 1423/2067/3507 1430/2034/3508 1431/2036/3509
s 2
f 1424/2064/3510 1425/2057/3511 1436/2030/3512 1437/2024/3513
f 1426/2054/3514 1427/2063/3515 1434/2026/3516 1435/2028/3517
s 4
f 1428/2060/3518 1429/2053/3519 1440/2022/3520 1441/2016/3521
s 1
f 1431/2036/3509 1430/2034/3508 1433/2032/3522 1432/2038/3523
f 1432/2038/3523 1433/2032/3522 1443/1946/3524 1442/1947/3525
s 2
f 1435/2028/3517 1434/2026/3516 1437/2024/3513 1436/2030/3512
s 4
f 1438/2018/3526 1439/2020/3527 1445/1950/3528 1444/1951/3529
f 1439/2020/3527 1438/2018/3526 1441/2016/3521 1440/2022/3520
s off
f 1447/1952/3530 1446/1953/3531 1448/1954/3532 1449/1955/3533
f 1451/1956/3534 1450/1957/3535 1452/1958/3536 1453/1959/3537
f 1455/1960/3538 1454/1961/3539 1456/1962/3540 1457/1963/3541
f 1459/1964/3542 1458/1965/3543 1460/1966/3544 1461/1967/3545
f 1463/1968/3546 1462/1969/3547 1464/1970/3548 1465/1971/3549
f 1467/1972/3550 1466/1973/3551 1468/1974/3552 1469/1975/3553
s 4
f 1418/2040/3554 1407/1977/3555 1428/2060/3518 1441/2016/3521
s 1
f 1410/2048/3556 1401/1979/3557 1443/1946/3524 1433/2032/3522
s 2
f 1414/2044/3558 1403/1981/3559 1424/2064/3510 1437/2024/3513
f 1416/1982/3560 1436/2030/3512 1425/2057/3511 1404/2056/3561
s 4
f 1420/1984/3562 1440/2022/3520 1429/2053/3519 1408/2052/3563
s 1
f 1412/1986/3564 1432/2038/3523 1442/1947/3525 1400/1987/3565
f 1402/2066/3566 1411/1989/3567 1430/2034/3508 1423/2067/3507
f 1422/2058/3506 1431/2036/3509 1413/2050/3568 1405/1991/3569
s 2
f 1406/2062/3570 1415/1993/3571 1434/2026/3516 1427/2063/3515
f 1426/2054/3514 1435/2028/3517 1417/2046/3572 1409/1995/3573
s 4
f 1399/1996/3574 1419/1997/3575 1438/2018/3526 1444/1951/3529
f 1445/1950/3528 1439/2020/3527 1421/2042/3576 1398/1999/3577
s off
f 1431/1931/3578 1432/2039/3579 1446/1953/3580 1447/1952/3581
f 1432/1945/3582 1412/2051/3583 1448/1954/3584 1446/1953/3585
f 1413/1990/3586 1431/2037/3587 1447/1952/3588 1449/1955/3589
f 1433/1944/3590 1430/2035/3591 1450/1957/3592 1451/1956/3593
f 1430/1930/3594 1411/2049/3595 1452/1958/3596 1450/1957/3597
f 1410/1978/3598 1433/2033/3599 1451/1956/3600 1453/1959/3601
f 1435/1939/3602 1436/2031/3603 1454/1961/3604 1455/1960/3605
f 1436/1934/3606 1416/2047/3607 1456/1962/3608 1454/1961/3609
f 1417/1994/3610 1435/2029/3611 1455/1960/3612 1457/1963/3613
f 1437/1935/3614 1434/2027/3615 1458/1965/3616 1459/1964/3617
f 1434/1938/3618 1415/2045/3619 1460/1966/3620 1458/1965/3621
f 1414/1980/3622 1437/2025/3623 1459/1964/3624 1461/1967/3625
f 1439/1949/3626 1440/2023/3627 1462/1969/3628 1463/1968/3629
f 1440/1942/3630 1420/2043/3631 1464/1970/3632 1462/1969/3633
f 1421/1998/3634 1439/2021/3635 1463/1968/3636 1465/1971/3637
f 1441/1943/3638 1438/2019/3639 1466/1973/3640 1467/1972/3641
f 1438/1948/3642 1419/2041/3643 1468/1974/3644 1466/1973/3645
f 1418/1976/3646 1441/2017/3647 1467/1972/3648 1469/1975/3649
f 1423/1929/3650 1422/1928/3651 1470/2000/3652 1471/2001/3653
f 1425/1933/3654 1424/1932/3655 1473/2002/3656 1472/2003/3657
f 1427/1937/3658 1426/1936/3659 1474/2004/3660 1475/2005/3661
f 1429/1941/3662 1428/1940/3663 1477/2006/3664 1476/2007/3665
f 1402/1988/3666 1423/1929/3667 1471/2001/3668 1478/2008/3669
f 1424/1932/3670 1403/2065/3671 1479/2009/3672 1473/2002/3673
f 1406/1992/3674 1427/1937/3675 1475/2005/3676 1480/2010/3677
f 1428/1940/3678 1407/2061/3679 1481/2011/3680 1477/2006/3681
f 1422/1928/3682 1405/2059/3683 1482/2012/3684 1470/2000/3685
f 1404/1983/3686 1425/1933/3687 1472/2003/3688 1483/2013/3689
f 1426/1936/3690 1409/2055/3691 1484/2014/3692 1474/2004/3693
f 1408/1985/3694 1429/1941/3695 1476/2007/3696 1485/2015/3697
g default
v 2.231266 -0.712398 -3.014753
v 2.216632 -0.712398 -3.036653
v 2.194732 -0.712398 -3.051286
v 2.168900 -0.712398 -3.056425
v 2.143066 -0.712398 -3.051286
v 2.121167 -0.712398 -3.036653
v 2.106534 -0.712398 -3.014753
v 2.101395 -0.712398 -2.988920
v 2.106534 -0.712398 -2.963087
v 2.121167 -0.712398 -2.941187
v 2.143066 -0.712398 -2.926554
v 2.168900 -0.712398 -2.921416
v 2.194732 -0.712398 -2.926554
v 2.216632 -0.712398 -2.941187
v 2.231266 -0.712398 -2.963087
v 2.236404 -0.712398 -2.988920
v 2.231266 -0.109317 -3.014753
v 2.216632 -0.109317 -3.036653
v 2.194732 -0.109317 -3.051286
v 2.168900 -0.109317 -3.056425
v 2.143066 -0.109317 -3.051286
v 2.121167 -0.109317 -3.036653
v 2.106534 -0.109317 -3.014753
v 2.101395 -0.109317 -2.988920
v 2.106534 -0.109317 -2.963087
v 2.121167 -0.109317 -2.941187
v 2.143066 -0.109317 -2.926554
v 2.168900 -0.109317 -2.921416
v 2.194732 -0.109317 -2.926554
v 2.216632 -0.109317 -2.941187
v 2.231266 -0.109317 -2.963087
v 2.236404 -0.109317 -2.988920
v 2.943546 -0.141818 -6.042880
v 2.769086 -0.141818 -6.303978
v 2.507987 -0.141818 -6.478439
v 2.200001 -0.141818 -6.539701
v 1.892014 -0.141818 -6.478439
v 1.630915 -0.141818 -6.303979
v 1.456454 -0.141818 -6.042881
v 1.395192 -0.141818 -5.734894
v 3.004808 -0.141818 -5.734893
v 2.943546 -0.096135 -6.042880
v 2.769086 -0.096135 -6.303978
v 2.507987 -0.096135 -6.478439
v 2.200001 -0.096135 -6.539701
v 1.892014 -0.096135 -6.478439
v 1.630915 -0.096135 -6.303979
v 1.456454 -0.096135 -6.042881
v 1.395192 -0.096135 -5.734894
v 3.004808 -0.096135 -5.734893
v 2.200000 -0.141818 -5.734893
v 2.200000 -0.096135 -5.734893
v 1.395192 -0.141818 -3.262740
v 1.456454 -0.141818 -2.954753
v 1.630914 -0.141818 -2.693655
v 1.892013 -0.141818 -2.519194
v 2.200000 -0.141818 -2.457932
v 2.507987 -0.141818 -2.519194
v 2.769085 -0.141818 -2.693654
v 2.943546 -0.141818 -2.954753
v 3.004808 -0.141818 -3.262740
v 1.395192 -0.096135 -3.262740
v 1.456454 -0.096135 -2.954753
v 1.630914 -0.096135 -2.693655
v 1.892013 -0.096135 -2.519194
v 2.200000 -0.096135 -2.457932
v 2.507987 -0.096135 -2.519194
v 2.769085 -0.096135 -2.693654
v 2.943546 -0.096135 -2.954753
v 3.004808 -0.096135 -3.262740
v 2.200000 -0.141818 -3.262740
v 2.200000 -0.096135 -3.262740
v 2.200000 -0.096135 -4.498816
v 3.004808 -0.096135 -4.498816
v 3.004808 -0.141818 -4.498816
v 2.200000 -0.141818 -4.498816
v 1.395192 -0.141818 -4.498817
v 1.395192 -0.096135 -4.498817
v 2.200000 -0.141818 -3.318654
v 1.395192 -0.141818 -3.318655
v 1.395192 -0.096135 -3.318655
v 2.200000 -0.096135 -3.318654
v 3.004808 -0.096135 -3.318654
v 3.004808 -0.141818 -3.318654
v 2.200000 -0.096135 -5.678978
v 3.004808 -0.096135 -5.678978
v 3.004808 -0.141818 -5.678978
v 2.200000 -0.141818 -5.678978
v 1.395192 -0.141818 -5.678980
v 1.395192 -0.096135 -5.678980
v 2.200000 -0.712398 -5.734893
v 1.395192 -0.712398 -5.734894
v 2.200000 -0.712398 -5.678978
v 1.395192 -0.712398 -5.678980
v 3.004808 -0.712398 -5.734893
v 3.004808 -0.712398 -5.678978
v 2.200000 -0.712398 -3.318654
v 1.395192 -0.712398 -3.318655
v 2.200000 -0.712398 -3.262740
v 1.395192 -0.712398 -3.262740
v 3.004808 -0.712398 -3.318654
v 3.004808 -0.712398 -3.262740
v 2.231266 -0.712398 -6.085242
v 2.216632 -0.712398 -6.107142
v 2.194732 -0.712398 -6.121776
v 2.168900 -0.712398 -6.126914
v 2.143066 -0.712398 -6.121776
v 2.121167 -0.712398 -6.107142
v 2.106534 -0.712398 -6.085242
v 2.101395 -0.712398 -6.059409
v 2.106534 -0.712398 -6.033576
v 2.121167 -0.712398 -6.011677
v 2.143066 -0.712398 -5.997044
v 2.168900 -0.712398 -5.991905
v 2.194732 -0.712398 -5.997044
v 2.216632 -0.712398 -6.011677
v 2.231266 -0.712398 -6.033576
v 2.236404 -0.712398 -6.059409
v 2.231266 -0.109317 -6.085242
v 2.216632 -0.109317 -6.107142
v 2.194732 -0.109317 -6.121776
v 2.168900 -0.109317 -6.126914
v 2.143066 -0.109317 -6.121776
v 2.121167 -0.109317 -6.107142
v 2.106534 -0.109317 -6.085242
v 2.101395 -0.109317 -6.059409
v 2.106534 -0.109317 -6.033576
v 2.121167 -0.109317 -6.011677
v 2.143066 -0.109317 -5.997044
v 2.168900 -0.109317 -5.991905
v 2.194732 -0.109317 -5.997044
v 2.216632 -0.109317 -6.011677
v 2.231266 -0.109317 -6.033576
v 2.236404 -0.109317 -6.059409
vt 0.021453 0.904790
vt 0.018388 0.904790
vt 0.018388 0.834617
vt 0.021453 0.834617
vt 0.015324 0.904790
vt 0.015324 0.834617
vt 0.012259 0.904790
vt 0.012259 0.834617
vt 0.009194 0.904790
vt 0.009194 0.834617
vt 0.006130 0.904790
vt 0.006130 0.834617
vt 0.003065 0.904790
vt 0.003065 0.834617
vt 0.000000 0.904790
vt 0.049036 0.834617
vt 0.045971 0.904790
vt 0.045971 0.834617
vt 0.042906 0.904790
vt 0.042906 0.834617
vt 0.039842 0.904790
vt 0.039842 0.834617
vt 0.036777 0.904790
vt 0.036777 0.834617
vt 0.033712 0.904790
vt 0.033712 0.834617
vt 0.030647 0.904790
vt 0.030647 0.834617
vt 0.027583 0.904790
vt 0.027583 0.834617
vt 0.024518 0.904790
vt 0.024518 0.834617
vt 0.049036 0.904790
vt 0.000000 0.834617
vt 0.012511 0.694734
vt 0.032430 0.723366
vt 0.028670 0.727114
vt 0.007711 0.696945
vt 0.061026 0.745011
vt 0.058794 0.749807
vt 0.095526 0.753703
vt 0.095299 0.758987
vt 0.130657 0.748230
vt 0.132469 0.753194
vt 0.161036 0.729330
vt 0.164517 0.733312
vt 0.182637 0.700153
vt 0.187298 0.702622
vt 0.191835 0.664062
vt 0.196959 0.665188
vt 0.005360 0.659893
vt 0.000058 0.660712
vt 0.141876 0.648999
vt 0.111495 0.669299
vt 0.075658 0.582782
vt 0.162176 0.618619
vt 0.169304 0.582782
vt 0.162176 0.546945
vt 0.141876 0.516564
vt 0.111495 0.496265
vt 0.075658 0.489136
vt 0.075658 0.676428
vt 0.379401 0.935807
vt 0.359101 0.966188
vt 0.292884 0.899970
vt 0.328720 0.986488
vt 0.292884 0.993616
vt 0.257047 0.986488
vt 0.226666 0.966188
vt 0.206366 0.935807
vt 0.199238 0.899970
vt 0.386529 0.899970
vt 0.192567 0.371246
vt 0.184586 0.335949
vt 0.189295 0.333551
vt 0.197834 0.370220
vt 0.164094 0.307362
vt 0.167700 0.303482
vt 0.134429 0.286922
vt 0.136482 0.282047
vt 0.099360 0.279651
vt 0.099392 0.274362
vt 0.064195 0.286562
vt 0.062200 0.281668
vt 0.034301 0.306705
vt 0.030672 0.302859
vt 0.013602 0.336826
vt 0.008847 0.334542
vt 0.005604 0.373304
vt 0.000435 0.372402
vt 0.118864 0.490331
vt 0.082326 0.490331
vt 0.100595 0.398484
vt 0.152622 0.476348
vt 0.178459 0.450511
vt 0.192441 0.416754
vt 0.192441 0.380215
vt 0.178458 0.346458
vt 0.152622 0.320621
vt 0.118864 0.306638
vt 0.199238 0.612316
vt 0.206366 0.576479
vt 0.292884 0.612316
vt 0.226666 0.546099
vt 0.257047 0.525799
vt 0.292884 0.518670
vt 0.328720 0.525799
vt 0.359101 0.546098
vt 0.379401 0.576479
vt 0.386529 0.612316
vt 0.292884 0.893464
vt 0.386529 0.893464
vt 0.199238 0.893464
vt 0.192234 0.657368
vt 0.197550 0.657736
vt 0.000000 0.653670
vt 0.005322 0.653455
vt 0.386529 0.756143
vt 0.292884 0.756143
vt 0.292884 0.618822
vt 0.386529 0.618822
vt 0.005324 0.516791
vt 0.000000 0.516914
vt 0.000108 0.379898
vt 0.005440 0.379995
vt 0.691359 0.727324
vt 0.597714 0.727324
vt 0.597714 0.590003
vt 0.691359 0.590003
vt 0.785005 0.727324
vt 0.785005 0.590003
vt 0.201264 0.517193
vt 0.195939 0.517264
vt 0.192763 0.377812
vt 0.198077 0.377392
vt 0.199238 0.756143
vt 0.199238 0.618822
vt 0.691360 0.864645
vt 0.597714 0.864645
vt 0.785005 0.864645
vt 0.009267 0.582782
vt 0.009267 0.489136
vt 0.785005 0.931037
vt 0.691359 0.931037
vt 0.028349 0.066393
vt 0.021843 0.066393
vt 0.021843 0.000002
vt 0.028349 0.000002
vt 0.009267 0.676428
vt 0.008605 0.000002
vt 0.015111 0.000002
vt 0.015111 0.066393
vt 0.008605 0.066393
vt 0.597714 0.931037
vt 0.691359 0.523612
vt 0.785005 0.523612
vt 0.017210 0.477378
vt 0.035479 0.385532
vt 0.021730 0.066393
vt 0.015224 0.066393
vt 0.015224 0.000002
vt 0.021730 0.000002
vt 0.597714 0.523612
vt 0.034969 0.066393
vt 0.028463 0.066393
vt 0.028463 0.000002
vt 0.034969 0.000002
vt 0.053749 0.293686
vt 0.112798 0.894556
vt 0.109733 0.894556
vt 0.109733 0.824383
vt 0.112798 0.824383
vt 0.106669 0.894556
vt 0.106669 0.824383
vt 0.103604 0.894556
vt 0.103604 0.824383
vt 0.100539 0.894556
vt 0.100539 0.824383
vt 0.097474 0.894556
vt 0.097474 0.824383
vt 0.094410 0.894556
vt 0.094410 0.824383
vt 0.091345 0.894556
vt 0.091345 0.824383
vt 0.140381 0.894556
vt 0.137316 0.894556
vt 0.137316 0.824383
vt 0.140381 0.824383
vt 0.134251 0.894556
vt 0.134251 0.824383
vt 0.131187 0.894556
vt 0.131187 0.824383
vt 0.128122 0.894556
vt 0.128122 0.824383
vt 0.125057 0.894556
vt 0.125057 0.824383
vt 0.121992 0.894556
vt 0.121992 0.824383
vt 0.118928 0.894556
vt 0.118928 0.824383
vt 0.115863 0.894556
vt 0.115863 0.824383
vn 0.923879 0.000000 -0.382684
vn 0.707108 0.000000 -0.707106
vn 0.707108 0.000000 -0.707106
vn 0.923879 0.000000 -0.382684
vn 0.382688 0.000000 -0.923878
vn 0.382688 0.000000 -0.923878
vn 0.000000 0.000000 -1.000000
vn 0.000000 0.000000 -1.000000
vn -0.382688 0.000000 -0.923878
vn -0.382688 0.000000 -0.923878
vn -0.707110 0.000000 -0.707103
vn -0.707110 0.000000 -0.707103
vn -0.923879 0.000000 -0.382684
vn -0.923879 0.000000 -0.382684
vn -1.000000 0.000000 0.000000
vn -1.000000 0.000000 0.000000
vn -0.923879 0.000000 0.382684
vn -0.923879 0.000000 0.382684
vn -0.707107 0.000000 0.707107
vn -0.707107 0.000000 0.707107
vn -0.382688 0.000000 0.923878
vn -0.382688 0.000000 0.923878
vn 0.000000 0.000000 1.000000
vn 0.000000 0.000000 1.000000
vn 0.382688 0.000000 0.923878
vn 0.382688 0.000000 0.923878
vn 0.707102 0.000000 0.707112
vn 0.707102 0.000000 0.707112
vn 0.923879 0.000000 0.382684
vn 0.923879 0.000000 0.382684
vn 1.000000 0.000000 0.000000
vn 1.000000 0.000000 0.000000
vn 0.923880 0.000000 -0.382684
vn 0.707107 0.000000 -0.707107
vn 0.707107 0.000000 -0.707107
vn 0.923880 0.000000 -0.382684
vn 0.382684 0.000000 -0.923879
vn 0.382684 0.000000 -0.923879
vn 0.000001 0.000000 -1.000000
vn 0.000001 0.000000 -1.000000
vn -0.382683 0.000000 -0.923880
vn -0.382683 0.000000 -0.923880
vn -0.707107 0.000000 -0.707107
vn -0.707107 0.000000 -0.707107
vn -0.923880 0.000000 -0.382684
vn -0.923880 0.000000 -0.382684
vn -0.980785 0.000000 -0.195091
vn -0.980785 0.000000 -0.195091
vn 0.980785 0.000000 -0.195091
vn 0.980785 0.000000 -0.195091
vn 0.000000 -1.000000 0.000000
vn 0.000000 -1.000000 0.000000
vn 0.000000 -1.000000 0.000000
vn 0.000000 -1.000000 0.000000
vn 0.000000 -1.000000 0.000000
vn 0.000000 -1.000000 0.000000
vn 0.000000 -1.000000 0.000000
vn 0.000000 -1.000000 0.000000
vn 0.000000 -1.000000 0.000000
vn 0.000000 -1.000000 0.000000
vn 0.000000 1.000000 0.000000
vn 0.000000 1.000000 0.000000
vn 0.000000 1.000000 0.000000
vn 0.000000 1.000000 -0.000000
vn 0.000000 1.000000 -0.000000
vn 0.000000 1.000000 -0.000000
vn 0.000000 1.000000 0.000000
vn 0.000000 1.000000 0.000000
vn 0.000000 1.000000 0.000000
vn 0.000000 1.000000 0.000000
vn -0.980785 0.000000 0.195090
vn -0.923880 0.000000 0.382683
vn -0.923880 0.000000 0.382683
vn -0.980785 0.000000 0.195090
vn -0.707107 0.000000 0.707107
vn -0.707107 0.000000 0.707107
vn -0.382683 0.000000 0.923880
vn -0.382683 0.000000 0.923880
vn -0.000000 0.000000 1.000000
vn -0.000000 0.000000 1.000000
vn 0.382683 0.000000 0.923880
vn 0.382683 0.000000 0.923880
vn 0.707107 0.000000 0.707107
vn 0.707107 0.000000 0.707107
vn 0.923880 0.000000 0.382684
vn 0.923880 0.000000 0.382684
vn 0.980785 0.000000 0.195091
vn 0.980785 0.000000 0.195091
vn 0.000000 -1.000000 0.000000
vn 0.000000 -1.000000 0.000000
vn 0.000000 -1.000000 -0.000000
vn 0.000000 -1.000000 -0.000000
vn 0.000000 -1.000000 -0.000000
vn 0.000000 -1.000000 -0.000000
vn 0.000000 -1.000000 0.000000
vn 0.000000 -1.000000 0.000000
vn 0.000000 -1.000000 -0.000000
vn 0.000000 -1.000000 -0.000000
vn 0.000000 1.000000 -0.000000
vn 0.000000 1.000000 -0.000000
vn 0.000000 1.000000 -0.000000
vn 0.000000 1.000000 0.000000
vn 0.000000 1.000000 0.000000
vn 0.000000 1.000000 -0.000000
vn 0.000000 1.000000 0.000000
vn 0.000000 1.000000 0.000000
vn 0.000000 1.000000 0.000000
vn 0.000000 1.000000 0.000000
vn 0.000000 1.000000 0.000000
vn 0.000000 1.000000 0.000000
vn 0.000000 1.000000 0.000000
vn 0.000000 1.000000 0.000000
vn 0.000000 1.000000 0.000000
vn 0.000000 1.000000 0.000000
vn 0.000000 1.000000 0.000000
vn 0.000000 1.000000 0.000000
vn -1.000000 0.000000 0.000000
vn -1.000000 0.000000 0.000000
vn -1.000000 0.000000 0.000000
vn -1.000000 0.000000 0.000000
vn 1.000000 0.000000 0.000000
vn 1.000000 0.000000 0.000000
vn 1.000000 0.000000 0.000000
vn 1.000000 0.000000 0.000000
vn 0.000000 1.000000 0.000000
vn 0.000000 1.000000 0.000000
vn 0.000000 1.000000 0.000000
vn 0.000000 1.000000 0.000000
vn 1.000000 0.000000 0.000000
vn 1.000000 0.000000 0.000000
vn 1.000000 0.000000 0.000000
vn 1.000000 0.000000 0.000000
vn 0.000000 -1.000000 0.000000
vn 0.000000 -1.000000 0.000000
vn 0.000000 -1.000000 0.000000
vn 0.000000 -1.000000 0.000000
vn 0.000000 -1.000000 0.000000
vn 0.000000 -1.000000 0.000000
vn 0.000000 -1.000000 0.000000
vn 0.000000 -1.000000 0.000000
vn -1.000000 0.000000 0.000000
vn -1.000000 0.000000 0.000000
vn -1.000000 0.000000 0.000000
vn -1.000000 0.000000 0.000000
vn 0.000000 1.000000 0.000000
vn 0.000000 1.000000 0.000000
vn 0.000000 1.000000 0.000000
vn 0.000000 1.000000 0.000000
vn -1.000000 0.000000 0.000000
vn -1.000000 0.000000 0.000000
vn 0.000000 1.000000 0.000000
vn 0.000000 1.000000 0.000000
vn 0.000000 1.000000 0.000000
vn 0.000000 1.000000 0.000000
vn 1.000000 0.000000 0.000000
vn 1.000000 0.000000 0.000000
vn 0.000000 -1.000000 0.000000
vn 0.000000 -1.000000 0.000000
vn 0.000000 -1.000000 0.000000
vn 0.000000 -1.000000 0.000000
vn 0.000001 0.000000 -1.000000
vn 0.000001 0.000000 -1.000000
vn 0.000001 0.000000 -1.000000
vn 0.000001 0.000000 -1.000000
vn -0.000002 0.000000 1.000000
vn -0.000002 0.000000 1.000000
vn -0.000002 0.000000 1.000000
vn -0.000002 0.000000 1.000000
vn -1.000000 0.000000 0.000000
vn -1.000000 0.000000 0.000000
vn -1.000000 0.000000 0.000000
vn -1.000000 0.000000 0.000000
vn 0.000000 0.000000 -1.000000
vn 0.000000 0.000000 -1.000000
vn 0.000000 0.000000 -1.000000
vn 0.000000 0.000000 -1.000000
vn 1.000000 0.000000 0.000000
vn 1.000000 0.000000 0.000000
vn 1.000000 0.000000 0.000000
vn 1.000000 0.000000 0.000000
vn 0.000000 0.000000 1.000000
vn 0.000000 0.000000 1.000000
vn 0.000000 0.000000 1.000000
vn 0.000000 0.000000 1.000000
vn 0.000001 0.000000 -1.000000
vn 0.000001 0.000000 -1.000000
vn 0.000001 0.000000 -1.000000
vn 0.000001 0.000000 -1.000000
vn -0.000000 0.000000 1.000000
vn -0.000000 0.000000 1.000000
vn -0.000000 0.000000 1.000000
vn -0.000000 0.000000 1.000000
vn -1.000000 0.000000 0.000000
vn -1.000000 0.000000 0.000000
vn -1.000000 0.000000 0.000000
vn -1.000000 0.000000 0.000000
vn 0.000000 0.000000 -1.000000
vn 0.000000 0.000000 -1.000000
vn 0.000000 0.000000 -1.000000
vn 0.000000 0.000000 -1.000000
vn 1.000000 0.000000 0.000000
vn 1.000000 0.000000 0.000000
vn 1.000000 0.000000 0.000000
vn 1.000000 0.000000 0.000000
vn 0.000000 0.000000 1.000000
vn 0.000000 0.000000 1.000000
vn 0.000000 0.000000 1.000000
vn 0.000000 0.000000 1.000000
vn 0.923881 0.000000 -0.382679
vn 0.707106 0.000000 -0.707108
vn 0.707106 0.000000 -0.707108
vn 0.923881 0.000000 -0.382679
vn 0.382681 0.000000 -0.923880
vn 0.382681 0.000000 -0.923880
vn 0.000000 0.000000 -1.000000
vn 0.000000 0.000000 -1.000000
vn -0.382681 0.000000 -0.923880
vn -0.382681 0.000000 -0.923880
vn -0.707110 0.000000 -0.707103
vn -0.707110 0.000000 -0.707103
vn -0.923881 0.000000 -0.382679
vn -0.923881 0.000000 -0.382679
vn -1.000000 0.000000 0.000000
vn -1.000000 0.000000 0.000000
vn -0.923878 0.000000 0.382687
vn -0.923878 0.000000 0.382687
vn -0.707107 0.000000 0.707107
vn -0.707107 0.000000 0.707107
vn -0.382681 0.000000 0.923880
vn -0.382681 0.000000 0.923880
vn 0.000000 0.000000 1.000000
vn 0.000000 0.000000 1.000000
vn 0.382681 0.000000 0.923880
vn 0.382681 0.000000 0.923880
vn 0.707102 0.000000 0.707112
vn 0.707102 0.000000 0.707112
vn 0.923878 0.000000 0.382687
vn 0.923878 0.000000 0.382687
vn 1.000000 0.000000 0.000000
vn 1.000000 0.000000 0.000000
s 1
g pCylinder46
usemtl initialShadingGroup
f 1486/2068/3698 1487/2069/3699 1503/2070/3700 1502/2071/3701
f 1487/2069/3699 1488/2072/3702 1504/2073/3703 1503/2070/3700
f 1488/2072/3702 1489/2074/3704 1505/2075/3705 1504/2073/3703
f 1489/2074/3704 1490/2076/3706 1506/2077/3707 1505/2075/3705
f 1490/2076/3706 1491/2078/3708 1507/2079/3709 1506/2077/3707
f 1491/2078/3708 1492/2080/3710 1508/2081/3711 1507/2079/3709
f 1492/2080/3710 1493/2082/3712 1509/2101/3713 1508/2081/3711
f 1493/2100/3712 1494/2084/3714 1510/2085/3715 1509/2083/3713
f 1494/2084/3714 1495/2086/3716 1511/2087/3717 1510/2085/3715
f 1495/2086/3716 1496/2088/3718 1512/2089/3719 1511/2087/3717
f 1496/2088/3718 1497/2090/3720 1513/2091/3721 1512/2089/3719
f 1497/2090/3720 1498/2092/3722 1514/2093/3723 1513/2091/3721
f 1498/2092/3722 1499/2094/3724 1515/2095/3725 1514/2093/3723
f 1499/2094/3724 1500/2096/3726 1516/2097/3727 1515/2095/3725
f 1500/2096/3726 1501/2098/3728 1517/2099/3729 1516/2097/3727
f 1501/2098/3728 1486/2068/3698 1502/2071/3701 1517/2099/3729
s 2
f 1518/2102/3730 1519/2103/3731 1528/2104/3732 1527/2105/3733
f 1519/2103/3731 1520/2106/3734 1529/2107/3735 1528/2104/3732
f 1520/2106/3734 1521/2108/3736 1530/2109/3737 1529/2107/3735
f 1521/2108/3736 1522/2110/3738 1531/2111/3739 1530/2109/3737
f 1522/2110/3738 1523/2112/3740 1532/2113/3741 1531/2111/3739
f 1523/2112/3740 1524/2114/3742 1533/2115/3743 1532/2113/3741
f 1524/2114/3742 1525/2116/3744 1534/2117/3745 1533/2115/3743
f 1526/2118/3746 1518/2102/3730 1527/2105/3733 1535/2119/3747
s 3
f 1519/2120/3748 1518/2121/3749 1536/2122/3750
f 1520/2123/3751 1519/2120/3748 1536/2122/3750
f 1521/2124/3752 1520/2123/3751 1536/2122/3750
f 1522/2125/3753 1521/2124/3752 1536/2122/3750
f 1523/2126/3754 1522/2125/3753 1536/2122/3750
f 1524/2127/3755 1523/2126/3754 1536/2122/3750
f 1525/2128/3756 1524/2127/3755 1536/2122/3750
f 1518/2121/3749 1526/2129/3757 1536/2122/3750
s 4
f 1527/2130/3758 1528/2131/3759 1537/2132/3760
f 1528/2131/3759 1529/2133/3761 1537/2132/3760
f 1529/2133/3761 1530/2134/3762 1537/2132/3760
f 1530/2134/3762 1531/2135/3763 1537/2132/3760
f 1531/2135/3763 1532/2136/3764 1537/2132/3760
f 1532/2136/3764 1533/2137/3765 1537/2132/3760
f 1533/2137/3765 1534/2138/3766 1537/2132/3760
f 1535/2139/3767 1527/2130/3758 1537/2132/3760
s 5
f 1538/2140/3768 1539/2141/3769 1548/2142/3770 1547/2143/3771
f 1539/2141/3769 1540/2144/3772 1549/2145/3773 1548/2142/3770
f 1540/2144/3772 1541/2146/3774 1550/2147/3775 1549/2145/3773
f 1541/2146/3774 1542/2148/3776 1551/2149/3777 1550/2147/3775
f 1542/2148/3776 1543/2150/3778 1552/2151/3779 1551/2149/3777
f 1543/2150/3778 1544/2152/3780 1553/2153/3781 1552/2151/3779
f 1544/2152/3780 1545/2154/3782 1554/2155/3783 1553/2153/3781
f 1545/2154/3782 1546/2156/3784 1555/2157/3785 1554/2155/3783
s 6
f 1539/2158/3786 1538/2159/3787 1556/2160/3788
f 1540/2161/3789 1539/2158/3786 1556/2160/3788
f 1541/2162/3790 1540/2161/3789 1556/2160/3788
f 1542/2163/3791 1541/2162/3790 1556/2160/3788
f 1543/2164/3792 1542/2163/3791 1556/2160/3788
f 1544/2165/3793 1543/2164/3792 1556/2160/3788
f 1545/2166/3794 1544/2165/3793 1556/2160/3788
f 1546/2167/3795 1545/2166/3794 1556/2160/3788
s 7
f 1547/2168/3796 1548/2169/3797 1557/2170/3798
f 1548/2169/3797 1549/2171/3799 1557/2170/3798
f 1549/2171/3799 1550/2172/3800 1557/2170/3798
f 1550/2172/3800 1551/2173/3801 1557/2170/3798
f 1551/2173/3801 1552/2174/3802 1557/2170/3798
f 1552/2174/3802 1553/2175/3803 1557/2170/3798
f 1553/2175/3803 1554/2176/3804 1557/2170/3798
f 1554/2176/3804 1555/2177/3805 1557/2170/3798
s 8
f 1535/2139/3806 1537/2132/3807 1570/2178/3808 1571/2179/3809
s 9
f 1537/2132/3810 1534/2138/3811 1575/2180/3812 1570/2178/3813
s 10
f 1534/2117/3814 1525/2116/3815 1574/2181/3816 1575/2182/3817
s 11
f 1526/2118/3818 1535/2119/3819 1571/2183/3820 1572/2184/3821
s 8
f 1559/2185/3822 1558/2186/3823 1567/2187/3824 1568/2188/3825
s 11
f 1560/2189/3826 1559/2190/3827 1568/2191/3828 1569/2192/3829
s 12
f 1561/2193/3830 1560/2194/3831 1569/2195/3832 1564/2196/3833
s 13
f 1562/2197/3834 1561/2193/3835 1564/2196/3836 1565/2198/3837
s 10
f 1563/2199/3838 1562/2200/3839 1565/2201/3840 1566/2202/3841
s 9
f 1558/2186/3842 1563/2203/3843 1566/2204/3844 1567/2187/3845
s 10
f 1566/2202/3841 1565/2201/3840 1538/2140/3846 1547/2143/3847
s 9
f 1567/2187/3845 1566/2204/3844 1547/2168/3848 1557/2170/3849
s 8
f 1568/2188/3825 1567/2187/3824 1557/2170/3850 1555/2177/3851
s 11
f 1569/2192/3829 1568/2191/3828 1555/2157/3852 1546/2156/3853
s 8
f 1571/2179/3809 1570/2178/3808 1558/2186/3823 1559/2185/3822
s 11
f 1572/2184/3821 1571/2183/3820 1559/2190/3827 1560/2189/3826
s 12
f 1573/2205/3854 1572/2206/3855 1560/2194/3831 1561/2193/3830
s 13
f 1574/2207/3856 1573/2205/3857 1561/2193/3835 1562/2197/3834
s 10
f 1575/2182/3817 1574/2181/3816 1562/2200/3839 1563/2199/3838
s 9
f 1570/2178/3813 1575/2180/3812 1563/2203/3843 1558/2186/3842
s off
f 1525/2128/3858 1536/2122/3859 1576/2208/3860 1577/2209/3861
f 1573/2205/3862 1574/2207/3863 1579/2210/3864 1578/2211/3865
f 1574/2212/3866 1525/2213/3867 1577/2214/3868 1579/2215/3869
f 1536/2122/3870 1526/2129/3871 1580/2216/3872 1576/2208/3873
f 1526/2217/3874 1572/2218/3875 1581/2219/3876 1580/2220/3877
f 1572/2206/3878 1573/2205/3879 1578/2211/3880 1581/2221/3881
f 1565/2198/3882 1564/2196/3883 1582/2222/3884 1583/2223/3885
f 1556/2160/3886 1538/2159/3887 1585/2224/3888 1584/2225/3889
f 1538/2226/3890 1565/2227/3891 1583/2228/3892 1585/2229/3893
f 1564/2196/3894 1569/2195/3895 1586/2230/3896 1582/2222/3897
f 1569/2231/3898 1546/2232/3899 1587/2233/3900 1586/2234/3901
f 1546/2167/3902 1556/2160/3903 1584/2225/3904 1587/2235/3905
s 14
f 1588/2236/3906 1589/2237/3907 1605/2238/3908 1604/2239/3909
f 1589/2237/3907 1590/2240/3910 1606/2241/3911 1605/2238/3908
f 1590/2240/3910 1591/2242/3912 1607/2243/3913 1606/2241/3911
f 1591/2242/3912 1592/2244/3914 1608/2245/3915 1607/2243/3913
f 1592/2244/3914 1593/2246/3916 1609/2247/3917 1608/2245/3915
f 1593/2246/3916 1594/2248/3918 1610/2249/3919 1609/2247/3917
f 1594/2248/3918 1595/2250/3920 1611/2251/3921 1610/2249/3919
f 1595/2252/3920 1596/2253/3922 1612/2254/3923 1611/2255/3921
f 1596/2253/3922 1597/2256/3924 1613/2257/3925 1612/2254/3923
f 1597/2256/3924 1598/2258/3926 1614/2259/3927 1613/2257/3925
f 1598/2258/3926 1599/2260/3928 1615/2261/3929 1614/2259/3927
f 1599/2260/3928 1600/2262/3930 1616/2263/3931 1615/2261/3929
f 1600/2262/3930 1601/2264/3932 1617/2265/3933 1616/2263/3931
f 1601/2264/3932 1602/2266/3934 1618/2267/3935 1617/2265/3933
f 1602/2266/3934 1603/2268/3936 1619/2269/3937 1618/2267/3935
f 1603/2268/3936 1588/2236/3906 1604/2239/3909 1619/2269/3937
