# This file uses centimeters as units for non-parametric coordinates.

mtllib Assets Sotano.mtl
g default
v -0.781075 0.517859 2.519274
v 0.222779 0.517859 2.519274
v -0.781075 0.708134 2.519274
v 0.222779 0.708134 2.519274
v -0.747549 0.701779 2.504986
v 0.189253 0.701779 2.504986
v -0.747549 0.524214 2.504986
v 0.189253 0.524214 2.504986
v -1.311631 0.517859 2.519274
v -0.825708 0.517859 2.519274
v -1.311631 0.708134 2.519274
v -0.825708 0.708134 2.519274
v -1.295403 0.701779 2.504986
v -0.841936 0.701779 2.504986
v -1.295403 0.524214 2.504986
v -0.841936 0.524214 2.504986
v -1.326900 0.032834 3.266934
v 0.768604 0.032834 3.266934
v -1.326900 0.778467 3.266934
v 0.768604 0.778467 3.266934
v -1.326900 0.778467 2.521301
v 0.768604 0.778467 2.521301
v -1.326900 0.032834 2.521301
v 0.768604 0.032834 2.521301
v 0.234990 0.778467 2.521301
v 0.234990 0.032834 2.521301
v 0.234990 0.032834 3.266934
v 0.234990 0.778467 3.266934
v -0.793286 0.778467 2.521301
v -0.793286 0.032834 2.521301
v -0.793286 0.032834 3.266934
v -0.793286 0.778467 3.266934
v 0.234990 0.511562 2.521301
v -0.793286 0.511562 2.521301
v -1.326900 0.511562 2.521301
v -1.326900 0.511562 3.266934
v -0.793286 0.511562 3.266934
v 0.234990 0.511562 3.266934
v 0.768604 0.511562 3.266934
v 0.768604 0.511562 2.521301
v 0.234990 0.726409 2.521301
v -0.793286 0.726409 2.521301
v -1.326900 0.726409 2.521301
v -1.326900 0.726409 3.266934
v -0.793286 0.726409 3.266934
v 0.234990 0.726409 3.266934
v 0.768604 0.726409 3.266934
v 0.768604 0.726409 2.521301
v -1.326900 0.778467 2.413457
v -0.793286 0.778467 2.413457
v -0.793286 0.726409 2.413457
v -1.326900 0.726409 2.413457
v 0.234990 0.778467 2.413457
v 0.768604 0.778467 2.413457
v 0.768604 0.726409 2.413457
v 0.234990 0.726409 2.413457
v 0.794934 0.726409 3.266934
v 0.794934 0.726409 2.521301
v 0.794934 0.778467 2.521301
v 0.794934 0.778467 3.266934
v 0.794934 0.726409 2.413457
v 0.794934 0.778467 2.413457
v -1.353230 0.726409 2.521301
v -1.353230 0.726409 3.266934
v -1.353230 0.778467 3.266934
v -1.353230 0.778467 2.521301
v -1.353230 0.778467 2.413457
v -1.353230 0.726409 2.413457
v -0.793286 0.274892 2.521301
v -1.326900 0.274892 2.521301
v -1.326900 0.274892 3.266934
v -0.793286 0.274892 3.266934
v -1.311631 0.069881 2.519274
v -0.825708 0.069881 2.519274
v -1.311631 0.260155 2.519274
v -0.825708 0.260155 2.519274
v -1.295403 0.253800 2.504986
v -0.841936 0.253800 2.504986
v -1.295403 0.076235 2.504986
v -0.841936 0.076235 2.504986
v 0.247871 0.045929 2.520155
v 0.737901 0.045929 2.520155
v 0.247871 0.712618 2.520155
v 0.737901 0.712618 2.520155
v 0.264237 0.690353 2.505867
v 0.721536 0.690353 2.505867
v 0.264237 0.068194 2.505867
v 0.721536 0.068194 2.505867
v -1.311631 0.298419 2.519274
v -0.825708 0.298419 2.519274
v -1.311631 0.488693 2.519274
v -0.825708 0.488693 2.519274
v -1.295403 0.482339 2.504986
v -0.841936 0.482339 2.504986
v -1.295403 0.304774 2.504986
v -0.841936 0.304774 2.504986
vt 0.835478 0.644114
vt 0.836883 0.796540
vt 0.834516 0.791464
vt 0.834516 0.649632
vt 0.807633 0.791464
vt 0.807633 0.649632
vt 0.806670 0.796982
vt 0.805265 0.644556
vt 0.805265 0.796540
vt 0.806670 0.644114
vt 0.835478 0.796982
vt 0.836883 0.644556
vt 0.968545 0.469033
vt 0.968545 0.542602
vt 0.966178 0.540145
vt 0.966178 0.471490
vt 0.939294 0.540145
vt 0.939294 0.471490
vt 0.936927 0.542602
vt 0.936927 0.469033
vt 0.938332 0.543418
vt 0.967140 0.543418
vt 0.938332 0.468216
vt 0.967140 0.468216
vt 0.747316 0.003989
vt 0.747316 0.084779
vt 0.739434 0.084779
vt 0.739434 0.003989
vt 0.314075 0.371855
vt 0.314075 0.452644
vt 0.201186 0.452644
vt 0.201186 0.371855
vt 1.000000 0.133206
vt 1.000000 0.213996
vt 0.992118 0.213996
vt 0.992118 0.133206
vt 0.992118 0.583670
vt 0.992118 0.470781
vt 1.000000 0.470781
vt 1.000000 0.583670
vt 0.992118 0.112892
vt 0.992118 0.000003
vt 1.000000 0.000003
vt 1.000000 0.112892
vt 1.000000 0.369677
vt 1.000000 0.450467
vt 0.992118 0.450467
vt 0.992118 0.369677
vt 0.739434 0.240460
vt 0.747316 0.240460
vt 0.747316 0.321250
vt 0.739434 0.321250
vt 0.201186 0.608326
vt 0.314075 0.608326
vt 0.314075 0.689115
vt 0.201186 0.689115
vt 0.819893 0.321250
vt 0.819893 0.402039
vt 0.784061 0.402039
vt 0.784061 0.321250
vt 0.626095 0.564297
vt 0.738984 0.564297
vt 0.738984 0.600129
vt 0.626095 0.600129
vt 0.815676 0.003989
vt 0.815676 0.084779
vt 0.779844 0.084779
vt 0.779844 0.003989
vt 0.852323 0.321250
vt 0.779844 0.321250
vt 0.779844 0.240460
vt 0.852323 0.240460
vt 0.626095 0.347925
vt 0.738984 0.347925
vt 0.738984 0.420404
vt 0.626095 0.420404
vt 0.819893 0.557721
vt 0.819893 0.638510
vt 0.747414 0.638510
vt 0.747414 0.557721
vt 0.723321 0.000003
vt 0.723321 0.072483
vt 0.610432 0.072483
vt 0.610432 0.000003
vt 0.723321 0.228164
vt 0.723321 0.263996
vt 0.610432 0.263996
vt 0.610432 0.228164
vt 0.852421 0.402039
vt 0.852421 0.557721
vt 0.852421 0.321250
vt 0.738984 0.632657
vt 0.626095 0.632657
vt 0.626095 0.315397
vt 0.738984 0.315397
vt 0.852421 0.638510
vt 0.184859 0.452644
vt 0.184859 0.371855
vt 0.626095 0.551868
vt 0.609767 0.632657
vt 0.609767 0.551868
vt 1.000000 0.129220
vt 0.992118 0.129220
vt 0.184859 0.689115
vt 0.184859 0.608326
vt 0.992118 0.454453
vt 1.000000 0.454453
vt 0.626095 0.396186
vt 0.609767 0.396186
vt 0.609767 0.315397
vt 0.626095 0.311410
vt 0.738984 0.311410
vt 0.314075 0.693102
vt 0.201186 0.693102
vt 0.747316 0.325236
vt 0.739434 0.325236
vt 0.609767 0.311410
vt 0.184859 0.693102
vt 0.738984 0.636643
vt 0.626095 0.636643
vt 0.739434 0.000003
vt 0.747316 0.000003
vt 0.201186 0.367869
vt 0.314075 0.367869
vt 0.184859 0.367869
vt 0.609767 0.636643
vt 0.747414 0.402039
vt 0.747414 0.321250
vt 0.626095 0.527650
vt 0.738984 0.527650
vt 0.852323 0.003989
vt 0.852323 0.084779
vt 0.723321 0.300644
vt 0.610432 0.300644
vt 0.346144 0.463629
vt 0.346144 0.537198
vt 0.343776 0.534741
vt 0.343776 0.466086
vt 0.316893 0.534741
vt 0.316893 0.466086
vt 0.314525 0.537198
vt 0.314525 0.463629
vt 0.315931 0.538014
vt 0.344739 0.538014
vt 0.315931 0.462812
vt 0.344739 0.462812
vt 0.701393 0.522610
vt 0.627203 0.522610
vt 0.629680 0.518605
vt 0.698916 0.518605
vt 0.629680 0.424410
vt 0.698916 0.424410
vt 0.627203 0.420404
vt 0.701393 0.420404
vt 0.626391 0.421039
vt 0.626391 0.521976
vt 0.702205 0.421039
vt 0.702205 0.521976
vt 0.734480 0.421221
vt 0.734480 0.494790
vt 0.732112 0.492333
vt 0.732112 0.423678
vt 0.705229 0.492333
vt 0.705229 0.423678
vt 0.702861 0.494790
vt 0.702861 0.421221
vt 0.704267 0.495607
vt 0.733074 0.495607
vt 0.704267 0.420404
vt 0.733074 0.420404
vn 0.000000 0.913711 -0.406366
vn 0.000000 0.913711 -0.406366
vn 0.000000 0.913711 -0.406366
vn 0.000000 0.913711 -0.406366
vn 0.000000 0.000000 -1.000000
vn 0.000000 0.000000 -1.000000
vn 0.000000 0.000000 -1.000000
vn 0.000000 0.000000 -1.000000
vn 0.000000 -0.913712 -0.406362
vn 0.000000 -0.913712 -0.406362
vn 0.000000 -0.913712 -0.406362
vn 0.000000 -0.913712 -0.406362
vn 0.392067 0.000000 -0.919937
vn 0.392067 0.000000 -0.919937
vn 0.392067 0.000000 -0.919937
vn 0.392067 0.000000 -0.919937
vn -0.392067 0.000000 -0.919937
vn -0.392067 0.000000 -0.919937
vn -0.392067 0.000000 -0.919937
vn -0.392067 0.000000 -0.919937
vn 0.000000 0.913710 -0.406367
vn 0.000000 0.913710 -0.406367
vn 0.000000 0.913710 -0.406367
vn 0.000000 0.913710 -0.406367
vn 0.000000 0.000000 -1.000000
vn 0.000000 0.000000 -1.000000
vn 0.000000 0.000000 -1.000000
vn 0.000000 0.000000 -1.000000
vn 0.000000 -0.913711 -0.406364
vn 0.000000 -0.913711 -0.406364
vn 0.000000 -0.913711 -0.406364
vn 0.000000 -0.913711 -0.406364
vn 0.660817 0.000000 -0.750547
vn 0.660817 0.000000 -0.750547
vn 0.660817 0.000000 -0.750547
vn 0.660818 0.000000 -0.750547
vn -0.660820 0.000000 -0.750544
vn -0.660820 0.000000 -0.750544
vn -0.660820 0.000000 -0.750544
vn -0.660820 0.000000 -0.750544
vn 0.000000 0.000000 1.000000
vn 0.000000 0.000000 1.000000
vn 0.000000 0.000000 1.000000
vn 0.000000 0.000000 1.000000
vn 0.000000 1.000000 0.000000
vn 0.000000 1.000000 0.000000
vn 0.000000 1.000000 0.000000
vn 0.000000 1.000000 0.000000
vn 0.000000 0.000000 -1.000000
vn 0.000000 0.000000 -1.000000
vn 0.000000 0.000000 -1.000000
vn 0.000000 0.000000 -1.000000
vn 1.000000 0.000000 0.000000
vn 1.000000 0.000000 0.000000
vn 1.000000 0.000000 0.000000
vn 1.000000 0.000000 0.000000
vn -1.000000 0.000000 0.000000
vn -1.000000 0.000000 0.000000
vn -1.000000 0.000000 0.000000
vn -1.000000 0.000000 0.000000
vn 0.000000 0.000000 -1.000000
vn 0.000000 0.000000 -1.000000
vn 0.000000 0.000000 -1.000000
vn 0.000000 0.000000 -1.000000
vn 0.000000 0.000000 1.000000
vn 0.000000 0.000000 1.000000
vn 0.000000 0.000000 1.000000
vn 0.000000 0.000000 1.000000
vn 0.000000 1.000000 0.000000
vn 0.000000 1.000000 0.000000
vn 0.000000 1.000000 0.000000
vn 0.000000 1.000000 0.000000
vn 0.000000 0.000000 -1.000000
vn 0.000000 0.000000 -1.000000
vn 0.000000 0.000000 -1.000000
vn 0.000000 0.000000 -1.000000
vn -1.000000 0.000000 0.000000
vn -1.000000 0.000000 0.000000
vn -1.000000 0.000000 0.000000
vn -1.000000 0.000000 0.000000
vn 0.000000 0.000000 1.000000
vn 0.000000 0.000000 1.000000
vn 0.000000 0.000000 1.000000
vn 0.000000 0.000000 1.000000
vn 0.000000 0.000000 1.000000
vn 0.000000 0.000000 1.000000
vn 0.000000 0.000000 1.000000
vn 0.000000 0.000000 1.000000
vn 1.000000 0.000000 0.000000
vn 1.000000 0.000000 0.000000
vn 1.000000 0.000000 0.000000
vn 1.000000 0.000000 0.000000
vn 0.000000 0.000000 -1.000000
vn 0.000000 0.000000 -1.000000
vn 0.000000 0.000000 -1.000000
vn 0.000000 0.000000 -1.000000
vn -1.000000 0.000000 0.000000
vn -1.000000 0.000000 0.000000
vn -1.000000 0.000000 0.000000
vn -1.000000 0.000000 0.000000
vn 1.000000 0.000000 0.000000
vn 1.000000 0.000000 0.000000
vn 1.000000 0.000000 0.000000
vn 1.000000 0.000000 0.000000
vn 0.000000 -1.000000 -0.000000
vn 0.000000 -1.000000 -0.000000
vn 0.000000 -1.000000 -0.000000
vn 0.000000 -1.000000 -0.000000
vn 0.000000 0.000000 -1.000000
vn 0.000000 0.000000 -1.000000
vn 0.000000 0.000000 -1.000000
vn -1.000000 0.000000 0.000000
vn -1.000000 0.000000 0.000000
vn 1.000000 0.000000 0.000000
vn 1.000000 0.000000 0.000000
vn 0.000000 0.000000 -1.000000
vn 0.000000 1.000000 0.000000
vn 0.000000 1.000000 0.000000
vn 0.000000 1.000000 0.000000
vn 0.000000 1.000000 0.000000
vn 0.000000 -1.000000 0.000000
vn 0.000000 -1.000000 0.000000
vn 0.000000 -1.000000 0.000000
vn 0.000000 -1.000000 0.000000
vn -1.000000 0.000000 0.000000
vn -1.000000 0.000000 0.000000
vn -1.000000 0.000000 0.000000
vn -1.000000 0.000000 0.000000
vn 0.000000 1.000000 0.000000
vn 0.000000 1.000000 0.000000
vn 0.000000 1.000000 0.000000
vn 0.000000 1.000000 0.000000
vn 1.000000 0.000000 0.000000
vn 1.000000 0.000000 0.000000
vn 1.000000 0.000000 0.000000
vn 1.000000 0.000000 0.000000
vn 0.000000 -1.000000 0.000000
vn 0.000000 -1.000000 0.000000
vn 0.000000 -1.000000 0.000000
vn 0.000000 -1.000000 0.000000
vn 0.000000 1.000000 0.000000
vn 0.000000 1.000000 0.000000
vn 0.000000 1.000000 0.000000
vn 0.000000 1.000000 0.000000
vn 0.000000 -1.000000 0.000000
vn 0.000000 -1.000000 0.000000
vn 0.000000 -1.000000 0.000000
vn 0.000000 -1.000000 0.000000
vn 0.000000 -1.000000 0.000000
vn 0.000000 -1.000000 0.000000
vn 0.000000 -1.000000 0.000000
vn 0.000000 -1.000000 0.000000
vn 0.000000 1.000000 0.000000
vn 0.000000 1.000000 0.000000
vn 0.000000 1.000000 0.000000
vn 0.000000 1.000000 0.000000
vn 0.000000 0.000000 1.000000
vn 0.000000 0.000000 1.000000
vn 0.000000 0.000000 1.000000
vn 0.000000 0.000000 1.000000
vn 0.000000 -1.000000 0.000000
vn 0.000000 -1.000000 0.000000
vn 0.000000 -1.000000 0.000000
vn 0.000000 -1.000000 0.000000
vn 0.000000 0.000000 -1.000000
vn 0.000000 0.000000 -1.000000
vn 0.000000 0.000000 -1.000000
vn 0.000000 0.000000 -1.000000
vn 0.000000 1.000000 0.000000
vn 0.000000 1.000000 0.000000
vn 0.000000 1.000000 0.000000
vn 0.000000 1.000000 0.000000
vn 0.000000 -1.000000 0.000000
vn 0.000000 -1.000000 0.000000
vn 0.000000 -1.000000 0.000000
vn 0.000000 -1.000000 0.000000
vn 0.000000 0.000000 1.000000
vn 0.000000 0.000000 1.000000
vn 0.000000 0.000000 1.000000
vn 0.000000 0.000000 1.000000
vn 0.000000 1.000000 0.000000
vn 0.000000 1.000000 0.000000
vn 0.000000 1.000000 0.000000
vn 0.000000 1.000000 0.000000
vn 0.000000 1.000000 0.000000
vn 0.000000 1.000000 0.000000
vn 0.000000 1.000000 0.000000
vn 0.000000 1.000000 0.000000
vn 0.000000 0.000000 -1.000000
vn 0.000000 0.000000 -1.000000
vn 0.000000 0.000000 -1.000000
vn 0.000000 0.000000 -1.000000
vn 0.000000 -1.000000 0.000000
vn 0.000000 -1.000000 0.000000
vn 0.000000 -1.000000 0.000000
vn 0.000000 -1.000000 0.000000
vn 0.000000 0.000000 -1.000000
vn 0.000000 0.000000 -1.000000
vn -1.000000 0.000000 0.000000
vn -1.000000 0.000000 0.000000
vn 0.000000 0.000000 1.000000
vn 0.000000 0.000000 1.000000
vn 1.000000 0.000000 0.000000
vn 1.000000 0.000000 0.000000
vn 0.000000 0.913710 -0.406366
vn 0.000000 0.913710 -0.406366
vn 0.000000 0.913710 -0.406366
vn 0.000000 0.913710 -0.406366
vn 0.000000 0.000000 -1.000000
vn 0.000000 0.000000 -1.000000
vn 0.000000 0.000000 -1.000000
vn 0.000000 0.000000 -1.000000
vn 0.000000 -0.913710 -0.406366
vn 0.000000 -0.913710 -0.406366
vn 0.000000 -0.913710 -0.406366
vn 0.000000 -0.913710 -0.406366
vn 0.660813 0.000000 -0.750551
vn 0.660813 0.000000 -0.750551
vn 0.660813 0.000000 -0.750551
vn 0.660813 0.000000 -0.750551
vn -0.660816 0.000000 -0.750548
vn -0.660816 0.000000 -0.750548
vn -0.660816 0.000000 -0.750548
vn -0.660816 0.000000 -0.750548
vn 0.000000 0.540091 -0.841607
vn 0.000000 0.540091 -0.841607
vn 0.000000 0.540091 -0.841607
vn 0.000000 0.540091 -0.841607
vn 0.000000 0.000000 -1.000000
vn 0.000000 0.000000 -1.000000
vn 0.000000 0.000000 -1.000000
vn 0.000000 0.000000 -1.000000
vn 0.000000 -0.540091 -0.841607
vn 0.000000 -0.540091 -0.841607
vn 0.000000 -0.540091 -0.841607
vn 0.000000 -0.540091 -0.841607
vn 0.657691 0.000000 -0.753288
vn 0.657691 0.000000 -0.753288
vn 0.657691 0.000000 -0.753288
vn 0.657691 0.000000 -0.753288
vn -0.657691 0.000000 -0.753288
vn -0.657690 0.000000 -0.753288
vn -0.657691 0.000000 -0.753288
vn -0.657690 0.000000 -0.753288
vn 0.000000 0.913710 -0.406367
vn 0.000000 0.913710 -0.406367
vn 0.000000 0.913710 -0.406367
vn 0.000000 0.913710 -0.406367
vn 0.000000 0.000000 -1.000000
vn 0.000000 0.000000 -1.000000
vn 0.000000 0.000000 -1.000000
vn 0.000000 0.000000 -1.000000
vn 0.000000 -0.913710 -0.406368
vn 0.000000 -0.913710 -0.406368
vn 0.000000 -0.913710 -0.406368
vn 0.000000 -0.913710 -0.406368
vn 0.660817 0.000000 -0.750547
vn 0.660817 0.000000 -0.750547
vn 0.660817 0.000000 -0.750547
vn 0.660817 0.000000 -0.750547
vn -0.660820 0.000000 -0.750544
vn -0.660820 0.000000 -0.750544
vn -0.660820 0.000000 -0.750544
vn -0.660820 0.000000 -0.750544
s off
g Escritorio
usemtl initialShadingGroup
f 3/12/1 4/2/2 6/3/3 5/4/4
f 5/4/5 6/3/6 8/5/7 7/6/8
f 7/6/9 8/5/10 2/9/11 1/8/12
f 2/7/13 8/5/14 6/3/15 4/11/16
f 7/6/17 1/10/18 3/1/19 5/4/20
f 11/13/21 12/14/22 14/15/23 13/16/24
f 13/16/25 14/15/26 16/17/27 15/18/28
f 15/18/29 16/17/30 10/19/31 9/20/32
f 10/21/33 16/17/34 14/15/35 12/22/36
f 15/18/37 9/23/38 11/24/39 13/16/40
s 1
f 44/25/41 45/26/42 32/27/43 19/28/44
s 2
f 19/29/45 32/30/46 29/31/47 21/32/48
s 3
f 49/33/49 50/34/50 51/35/51 52/36/52
s off
f 57/37/53 58/38/54 59/39/55 60/40/56
f 63/41/57 64/42/58 65/43/59 66/44/60
s 3
f 53/45/61 54/46/62 55/47/63 56/48/64
s 1
f 28/49/65 46/50/66 47/51/67 20/52/68
s 2
f 25/53/69 28/54/70 20/55/71 22/56/72
s 3
f 50/34/50 53/45/61 56/48/64 51/35/51
s 1
f 32/27/43 45/26/42 46/50/66 28/49/65
s 2
f 29/31/47 32/30/46 28/54/70 25/53/69
s 4
f 35/57/73 34/58/74 69/59/75 70/60/76
s 5
f 70/61/77 71/62/78 36/63/79 35/64/80
s 1
f 71/65/81 72/66/82 37/67/83 36/68/84
f 18/69/85 39/70/86 38/71/87 27/72/88
s 7
f 40/73/89 39/74/90 18/75/91 24/76/92
s 4
f 33/77/93 40/78/94 24/79/95 26/80/96
s off
f 27/81/97 38/82/98 33/83/99 26/84/100
s 9
f 37/85/101 72/86/102 69/87/103 34/88/104
s off
f 34/88/105 33/83/106 38/82/107 37/85/108
s 4
f 42/89/109 41/90/110 33/77/93 34/58/74
f 43/91/111 42/89/109 34/58/74 35/57/73
s 5
f 35/64/80 36/63/79 44/92/112 43/93/113
s 1
f 36/68/84 37/67/83 45/26/42 44/25/41
f 46/50/66 45/26/42 37/67/83 38/71/87
f 47/51/67 46/50/66 38/71/87 39/70/86
s 7
f 39/74/90 40/73/89 48/94/114 47/95/115
s 4
f 41/90/110 48/96/116 40/78/94 33/77/93
s off
f 21/32/117 29/31/118 50/97/119 49/98/120
f 42/99/121 43/93/122 52/100/123 51/101/124
f 63/41/125 66/44/126 67/102/127 68/103/128
f 25/53/129 22/56/130 54/104/131 53/105/132
f 59/39/133 58/38/134 61/106/135 62/107/136
f 48/94/137 41/108/138 56/109/139 55/110/140
f 29/31/141 25/53/142 53/105/143 50/97/144
f 41/108/145 42/99/146 51/101/147 56/109/148
f 47/95/149 48/94/150 58/111/151 57/112/152
f 22/56/153 20/55/154 60/113/155 59/114/156
f 20/52/157 47/51/158 57/115/159 60/116/160
f 48/94/161 55/110/162 61/117/163 58/111/164
f 55/47/165 54/46/166 62/107/167 61/106/168
f 54/104/169 22/56/170 59/114/171 62/118/172
f 43/93/173 44/92/174 64/119/175 63/120/176
f 44/25/177 19/28/178 65/121/179 64/122/180
f 19/29/181 21/32/182 66/123/183 65/124/184
f 21/32/185 49/98/186 67/125/187 66/123/188
f 49/33/189 52/36/190 68/103/191 67/102/192
f 52/100/193 43/93/194 63/120/195 68/126/196
s 4
f 70/60/76 69/59/75 30/127/197 23/128/198
s 5
f 23/129/199 17/130/200 71/62/78 70/61/77
s 1
f 17/131/201 31/132/202 72/66/82 71/65/81
s 9
f 69/87/103 72/86/102 31/133/203 30/134/204
s off
f 75/135/205 76/136/206 78/137/207 77/138/208
f 77/138/209 78/137/210 80/139/211 79/140/212
f 79/140/213 80/139/214 74/141/215 73/142/216
f 74/143/217 80/139/218 78/137/219 76/144/220
f 79/140/221 73/145/222 75/146/223 77/138/224
f 83/147/225 84/148/226 86/149/227 85/150/228
f 85/150/229 86/149/230 88/151/231 87/152/232
f 87/152/233 88/151/234 82/153/235 81/154/236
f 82/155/237 88/151/238 86/149/239 84/156/240
f 87/152/241 81/157/242 83/158/243 85/150/244
f 91/159/245 92/160/246 94/161/247 93/162/248
f 93/162/249 94/161/250 96/163/251 95/164/252
f 95/164/253 96/163/254 90/165/255 89/166/256
f 90/167/257 96/163/258 94/161/259 92/168/260
f 95/164/261 89/169/262 91/170/263 93/162/264
g default
v -3.327198 0.055086 -0.288992
v -3.329948 0.055086 -0.293831
v -3.334064 0.055086 -0.297064
v -3.338919 0.055086 -0.298200
v -3.343775 0.055086 -0.297064
v -3.347891 0.055086 -0.293831
v -3.350641 0.055086 -0.288992
v -3.351607 0.055086 -0.283284
v -3.350641 0.055086 -0.277576
v -3.347891 0.055086 -0.272737
v -3.343775 0.055086 -0.269504
v -3.338919 0.055086 -0.268368
v -3.334064 0.055086 -0.269504
v -3.329948 0.055086 -0.272737
v -3.327198 0.055086 -0.277576
v -3.326232 0.055086 -0.283284
v -3.327198 0.529701 -0.288992
v -3.329948 0.529701 -0.293831
v -3.334064 0.529701 -0.297064
v -3.338919 0.529701 -0.298200
v -3.343775 0.529701 -0.297064
v -3.347891 0.529701 -0.293831
v -3.350641 0.529701 -0.288992
v -3.351607 0.529701 -0.283284
v -3.350641 0.529701 -0.277576
v -3.347891 0.529701 -0.272737
v -3.343775 0.529701 -0.269504
v -3.338919 0.529701 -0.268368
v -3.334064 0.529701 -0.269504
v -3.329948 0.529701 -0.272737
v -3.327198 0.529701 -0.277576
v -3.326232 0.529701 -0.283284
v -2.732366 0.055086 -0.288992
v -2.729616 0.055086 -0.293831
v -2.725500 0.055086 -0.297064
v -2.720645 0.055086 -0.298200
v -2.715790 0.055086 -0.297064
v -2.711673 0.055086 -0.293831
v -2.708923 0.055086 -0.288992
v -2.707958 0.055086 -0.283284
v -2.708923 0.055086 -0.277576
v -2.711673 0.055086 -0.272737
v -2.715790 0.055086 -0.269504
v -2.720645 0.055086 -0.268368
v -2.725500 0.055086 -0.269504
v -2.729616 0.055086 -0.272737
v -2.732366 0.055086 -0.277576
v -2.733332 0.055086 -0.283284
v -2.732366 0.529701 -0.288992
v -2.729616 0.529701 -0.293831
v -2.725500 0.529701 -0.297064
v -2.720645 0.529701 -0.298200
v -2.715790 0.529701 -0.297064
v -2.711673 0.529701 -0.293831
v -2.708923 0.529701 -0.288992
v -2.707958 0.529701 -0.283284
v -2.708923 0.529701 -0.277576
v -2.711673 0.529701 -0.272737
v -2.715790 0.529701 -0.269504
v -2.720645 0.529701 -0.268368
v -2.725500 0.529701 -0.269504
v -2.729616 0.529701 -0.272737
v -2.732366 0.529701 -0.277576
v -2.733332 0.529701 -0.283284
v -3.318077 0.547555 0.873021
v -3.313712 0.549637 0.872718
v -3.313735 0.547588 0.868815
v -3.313758 0.546881 0.864481
v -3.318084 0.545059 0.864569
v -3.319876 0.540658 0.864641
v -3.319876 0.540898 0.869512
v -3.319876 0.542516 0.873330
v -2.741489 0.547556 0.873005
v -2.739688 0.542516 0.873330
v -2.739688 0.540908 0.869522
v -2.739688 0.540676 0.864653
v -2.741484 0.545064 0.864570
v -2.745821 0.546881 0.864471
v -2.745836 0.547588 0.868812
v -2.745852 0.549637 0.872718
v -3.318076 0.540735 -0.528782
v -3.319876 0.540735 -0.524436
v -3.318076 0.545081 -0.524436
v -3.313730 0.546881 -0.524436
v -3.313730 0.545081 -0.528782
v -3.313730 0.540735 -0.530582
v -2.741488 0.540735 -0.528782
v -2.745835 0.540735 -0.530582
v -2.745835 0.545081 -0.528782
v -2.745835 0.546881 -0.524436
v -2.741488 0.545081 -0.524436
v -2.739688 0.540735 -0.524436
v -3.313975 0.515223 0.869042
v -3.318389 0.518284 0.870918
v -3.319876 0.526058 0.873260
v -3.319876 0.519847 0.869855
v -3.319876 0.515223 0.864488
v -2.739688 0.515223 0.864488
v -2.739688 0.520065 0.869992
v -2.739688 0.526532 0.873445
v -2.741142 0.518421 0.871011
v -2.745589 0.515223 0.869042
v -3.319876 0.515223 -0.524436
v -3.318076 0.515223 -0.528782
v -3.313730 0.515223 -0.530582
v -2.745835 0.515223 -0.530582
v -2.741488 0.515223 -0.528782
v -2.739688 0.515223 -0.524436
v -3.318076 0.853054 1.293720
v -3.319876 0.850386 1.290272
v -3.318076 0.846749 1.292674
v -3.313730 0.845246 1.293674
v -3.313729 0.849411 1.296155
v -3.313730 0.854154 1.295151
v -2.741488 0.853053 1.293720
v -2.745835 0.854154 1.295151
v -2.745644 0.849453 1.296207
v -2.745605 0.845387 1.293855
v -2.741420 0.846823 1.292765
v -2.739688 0.850386 1.290272
v -2.746110 0.859571 1.289344
v -2.746033 0.856972 1.293298
v -2.741546 0.855968 1.291802
v -2.739688 0.853435 1.288268
v -2.741546 0.857017 1.285803
v -2.746033 0.858469 1.284736
v -3.318076 0.856052 1.291749
v -3.313730 0.857139 1.293189
v -3.313630 0.859622 1.289309
v -3.313531 0.858469 1.284736
v -3.318018 0.857017 1.285803
v -3.319876 0.853435 1.288268
v -3.318081 0.545667 0.869183
v -2.741485 0.545670 0.869177
v -3.317277 0.544282 -0.527983
v -2.742287 0.544282 -0.527983
v -3.317276 0.849592 1.295065
v -2.742210 0.849625 1.295103
v -2.742399 0.858457 1.289146
v -3.317235 0.858493 1.289124
v -3.326544 0.843567 1.277845
v -3.329288 0.847335 1.274809
v -3.333395 0.849853 1.272781
v -3.338240 0.850737 1.272069
v -3.343084 0.849853 1.272781
v -3.347191 0.847335 1.274808
v -3.349935 0.843567 1.277845
v -3.350899 0.839122 1.281426
v -3.349935 0.834678 1.285006
v -3.347191 0.830909 1.288043
v -3.343084 0.828391 1.290070
v -3.338240 0.827507 1.290783
v -3.333395 0.828391 1.290070
v -3.329288 0.830909 1.288043
v -3.326544 0.834678 1.285006
v -3.325580 0.839122 1.281426
v -3.326544 0.538390 0.899063
v -3.329288 0.542158 0.896029
v -3.333395 0.544676 0.893999
v -3.338240 0.545560 0.893286
v -3.343084 0.544676 0.893999
v -3.347191 0.542158 0.896029
v -3.349935 0.538390 0.899063
v -3.350899 0.533945 0.902646
v -3.349935 0.529500 0.906227
v -3.347191 0.525732 0.909263
v -3.343084 0.523214 0.911291
v -3.338240 0.522330 0.912003
v -3.333395 0.523214 0.911291
v -3.329288 0.525732 0.909263
v -3.326544 0.529500 0.906227
v -3.325580 0.533945 0.902646
v -2.733020 0.843567 1.277845
v -2.730276 0.847335 1.274809
v -2.726169 0.849853 1.272781
v -2.721324 0.850737 1.272069
v -2.716480 0.849853 1.272781
v -2.712373 0.847335 1.274808
v -2.709629 0.843567 1.277845
v -2.708665 0.839122 1.281426
v -2.709629 0.834678 1.285006
v -2.712373 0.830909 1.288043
v -2.716480 0.828391 1.290070
v -2.721324 0.827507 1.290783
v -2.726169 0.828391 1.290070
v -2.730276 0.830909 1.288043
v -2.733020 0.834678 1.285006
v -2.733984 0.839122 1.281426
v -2.733020 0.538390 0.899063
v -2.730276 0.542158 0.896029
v -2.726169 0.544676 0.893999
v -2.721324 0.545560 0.893286
v -2.716480 0.544676 0.893999
v -2.712373 0.542158 0.896029
v -2.709629 0.538390 0.899063
v -2.708665 0.533945 0.902646
v -2.709629 0.529500 0.906227
v -2.712373 0.525732 0.909263
v -2.716480 0.523214 0.911291
v -2.721324 0.522330 0.912003
v -2.726169 0.523214 0.911291
v -2.730276 0.525732 0.909263
v -2.733020 0.529500 0.906227
v -2.733984 0.533945 0.902646
v -3.326942 0.847755 1.283042
v -3.329593 0.852054 1.280666
v -3.333560 0.855366 1.279623
v -3.338240 0.857187 1.280073
v -3.342919 0.857240 1.281948
v -3.346886 0.855516 1.284961
v -3.349537 0.852278 1.288657
v -3.350468 0.848020 1.292470
v -3.349537 0.843389 1.295819
v -3.346886 0.839090 1.298195
v -3.342919 0.835778 1.299240
v -3.338240 0.833957 1.298788
v -3.333560 0.833904 1.296913
v -3.329593 0.835628 1.293900
v -3.326942 0.838866 1.290207
v -3.326012 0.843124 1.286394
v -2.729971 0.852054 1.280666
v -2.732622 0.847755 1.283042
v -2.726004 0.855366 1.279623
v -2.721324 0.857187 1.280073
v -2.716645 0.857240 1.281948
v -2.712678 0.855516 1.284961
v -2.710027 0.852278 1.288657
v -2.709096 0.848020 1.292470
v -2.710027 0.843389 1.295819
v -2.712678 0.839090 1.298195
v -2.716645 0.835778 1.299240
v -2.721324 0.833957 1.298788
v -2.726004 0.833904 1.296913
v -2.729971 0.835628 1.293900
v -2.732622 0.838866 1.290207
v -2.733552 0.843124 1.286394
v -3.325378 0.853266 1.289883
v -3.327755 0.858059 1.288118
v -3.331312 0.862111 1.287995
v -3.335507 0.864805 1.289529
v -3.339703 0.865730 1.292486
v -3.343259 0.864747 1.296419
v -3.345636 0.862004 1.300728
v -3.346471 0.857919 1.304756
v -3.345636 0.853114 1.307891
v -3.343260 0.848321 1.309653
v -3.339703 0.844269 1.309779
v -3.335507 0.841575 1.308244
v -3.331312 0.840649 1.305287
v -3.327755 0.841633 1.301353
v -3.325378 0.844376 1.297044
v -3.324544 0.848461 1.293017
v -2.731809 0.858059 1.288118
v -2.734186 0.853266 1.289883
v -2.728252 0.862111 1.287995
v -2.724057 0.864805 1.289529
v -2.719861 0.865730 1.292486
v -2.716305 0.864747 1.296419
v -2.713928 0.862004 1.300728
v -2.713093 0.857919 1.304756
v -2.713928 0.853114 1.307891
v -2.716305 0.848321 1.309653
v -2.719861 0.844269 1.309779
v -2.724057 0.841575 1.308244
v -2.728252 0.840649 1.305287
v -2.731809 0.841633 1.301353
v -2.734186 0.844376 1.297044
v -2.735020 0.848461 1.293017
v -3.322415 0.857696 1.295382
v -3.324356 0.862914 1.294143
v -3.327260 0.867601 1.294809
v -3.330686 0.871044 1.297273
v -3.334111 0.872720 1.301161
v -3.337015 0.872371 1.305883
v -3.338956 0.870053 1.310718
v -3.339637 0.866117 1.314932
v -3.338956 0.861163 1.317881
v -3.337015 0.855945 1.319116
v -3.334111 0.851258 1.318454
v -3.330686 0.847815 1.315988
v -3.327260 0.846139 1.312098
v -3.324356 0.846488 1.307377
v -3.322415 0.848806 1.302543
v -3.321734 0.852742 1.298330
v -2.735209 0.862914 1.294143
v -2.737149 0.857696 1.295382
v -2.732304 0.867601 1.294809
v -2.728878 0.871044 1.297273
v -2.725453 0.872720 1.301161
v -2.722549 0.872372 1.305883
v -2.720608 0.870053 1.310718
v -2.719927 0.866117 1.314932
v -2.720608 0.861163 1.317881
v -2.722549 0.855945 1.319116
v -2.725453 0.851258 1.318454
v -2.728878 0.847815 1.315988
v -2.732304 0.846139 1.312099
v -2.735209 0.846488 1.307377
v -2.737149 0.848806 1.302543
v -2.737830 0.852742 1.298331
v -3.318787 0.860827 1.299268
v -3.320159 0.866371 1.298435
v -3.322213 0.871546 1.299704
v -3.324635 0.875565 1.302883
v -3.327057 0.877815 1.307485
v -3.329111 0.877954 1.312812
v -3.330483 0.875962 1.318053
v -3.330965 0.872140 1.322408
v -3.330483 0.867072 1.325214
v -3.329111 0.861528 1.326046
v -3.327057 0.856353 1.324778
v -3.324635 0.852335 1.321600
v -3.322213 0.850084 1.316997
v -3.320159 0.849945 1.311669
v -3.318787 0.851938 1.306429
v -3.318305 0.855759 1.302075
v -2.739405 0.866371 1.298435
v -2.740777 0.860827 1.299268
v -2.737351 0.871546 1.299704
v -2.734929 0.875565 1.302883
v -2.732507 0.877815 1.307485
v -2.730453 0.877954 1.312812
v -2.729081 0.875962 1.318053
v -2.728599 0.872140 1.322408
v -2.729081 0.867072 1.325214
v -2.730453 0.861528 1.326046
v -2.732507 0.856353 1.324778
v -2.734929 0.852335 1.321600
v -2.737351 0.850084 1.316997
v -2.739405 0.849945 1.311669
v -2.740777 0.851938 1.306429
v -2.741259 0.855759 1.302075
v -3.315567 0.862560 1.301418
v -3.316277 0.868309 1.300840
v -3.317340 0.873790 1.302492
v -3.318594 0.878170 1.306116
v -3.319847 0.880782 1.311170
v -3.320910 0.881228 1.316876
v -3.321621 0.879440 1.322369
v -3.321870 0.875691 1.326815
v -3.321621 0.870551 1.329533
v -3.320910 0.864802 1.330110
v -3.319847 0.859321 1.328459
v -3.318594 0.854941 1.324834
v -3.317340 0.852329 1.319782
v -3.316277 0.851883 1.314075
v -3.315567 0.853671 1.308582
v -3.315317 0.857420 1.304136
v -2.743287 0.868309 1.300841
v -2.743998 0.862560 1.301418
v -2.742224 0.873790 1.302492
v -2.740971 0.878170 1.306116
v -2.739717 0.880782 1.311170
v -2.738654 0.881228 1.316876
v -2.737943 0.879441 1.322369
v -2.737694 0.875691 1.326815
v -2.737943 0.870551 1.329533
v -2.738654 0.864802 1.330110
v -2.739717 0.859321 1.328459
v -2.740971 0.854941 1.324834
v -2.742224 0.852329 1.319782
v -2.743287 0.851883 1.314075
v -2.743998 0.853671 1.308582
v -2.744247 0.857420 1.304136
v -3.309743 0.864034 1.303249
v -3.309743 0.869853 1.302756
v -3.309743 0.875439 1.304536
v -3.309743 0.879942 1.308315
v -3.309743 0.882677 1.313520
v -3.309742 0.883228 1.319359
v -3.309743 0.881510 1.324939
v -3.309743 0.877785 1.329414
v -3.309743 0.872620 1.332100
v -3.309743 0.866802 1.332593
v -3.309743 0.861216 1.330813
v -3.309743 0.856712 1.327033
v -3.309743 0.853977 1.321829
v -3.309743 0.853427 1.315991
v -3.309743 0.855145 1.310410
v -3.309743 0.858870 1.305935
v -2.749821 0.869853 1.302756
v -2.749822 0.864034 1.303249
v -2.749821 0.875439 1.304536
v -2.749822 0.879942 1.308316
v -2.749822 0.882678 1.313520
v -2.749822 0.883228 1.319359
v -2.749821 0.881510 1.324939
v -2.749822 0.877785 1.329414
v -2.749821 0.872620 1.332100
v -2.749822 0.866802 1.332593
v -2.749822 0.861216 1.330813
v -2.749822 0.856713 1.327033
v -2.749821 0.853977 1.321829
v -2.749821 0.853427 1.315991
v -2.749822 0.855145 1.310410
v -2.749822 0.858870 1.305935
v -3.319200 0.167248 0.887004
v -2.740364 0.167248 0.887004
v -3.319200 0.198907 0.887004
v -2.740364 0.198907 0.887004
v -3.319200 0.198907 -0.364120
v -2.740364 0.198907 -0.364120
v -3.319200 0.167248 -0.364120
v -2.740364 0.167248 -0.364120
v -3.312057 0.198907 0.875277
v -2.747507 0.198907 0.875277
v -2.747507 0.198907 -0.352392
v -3.312057 0.198907 -0.352392
v -3.312057 0.167347 0.875277
v -2.747507 0.167347 0.875277
v -2.747507 0.167347 -0.352392
v -3.312057 0.167347 -0.352392
v -2.710348 0.052563 -0.290301
v -2.710348 0.049590 -0.296137
v -2.710348 0.044959 -0.300768
v -2.710348 0.039123 -0.303741
v -2.710348 0.032655 -0.304766
v -2.710348 0.026186 -0.303741
v -2.710348 0.020351 -0.300768
v -2.710348 0.015720 -0.296137
v -2.710348 0.012746 -0.290301
v -2.710348 0.011722 -0.283833
v -2.710348 0.012746 -0.277364
v -2.710348 0.015720 -0.271529
v -2.710348 0.020351 -0.266897
v -2.710348 0.026186 -0.263924
v -2.710348 0.032655 -0.262900
v -2.710348 0.039123 -0.263924
v -2.710348 0.044959 -0.266897
v -2.710348 0.049590 -0.271529
v -2.710348 0.052563 -0.277364
v -2.710348 0.053588 -0.283833
v -2.729846 0.052563 -0.290301
v -2.729846 0.049590 -0.296137
v -2.729846 0.044959 -0.300768
v -2.729846 0.039123 -0.303741
v -2.729846 0.032655 -0.304766
v -2.729846 0.026186 -0.303741
v -2.729846 0.020351 -0.300768
v -2.729846 0.015720 -0.296137
v -2.729846 0.012746 -0.290301
v -2.729846 0.011722 -0.283833
v -2.729846 0.012746 -0.277364
v -2.729846 0.015720 -0.271529
v -2.729846 0.020351 -0.266897
v -2.729846 0.026186 -0.263924
v -2.729846 0.032655 -0.262900
v -2.729846 0.039123 -0.263924
v -2.729846 0.044959 -0.266897
v -2.729846 0.049590 -0.271529
v -2.729846 0.052563 -0.277364
v -2.729846 0.053588 -0.283833
v -2.710348 0.049002 -0.289144
v -2.710348 0.046561 -0.293936
v -2.710348 0.042758 -0.297738
v -2.710348 0.037966 -0.300180
v -2.710348 0.032655 -0.301021
v -2.710348 0.027343 -0.300180
v -2.710348 0.022552 -0.297738
v -2.710348 0.018749 -0.293936
v -2.710348 0.016308 -0.289144
v -2.710348 0.015466 -0.283833
v -2.710348 0.016308 -0.278521
v -2.710348 0.018749 -0.273730
v -2.710348 0.022552 -0.269927
v -2.710348 0.027343 -0.267485
v -2.710348 0.032655 -0.266644
v -2.710348 0.037966 -0.267485
v -2.710348 0.042758 -0.269927
v -2.710348 0.046561 -0.273730
v -2.710348 0.049002 -0.278521
v -2.710348 0.049843 -0.283833
v -2.729846 0.049002 -0.289144
v -2.729846 0.046561 -0.293936
v -2.729846 0.042758 -0.297738
v -2.729846 0.037966 -0.300180
v -2.729846 0.032655 -0.301021
v -2.729846 0.027343 -0.300180
v -2.729846 0.022552 -0.297738
v -2.729846 0.018749 -0.293936
v -2.729846 0.016308 -0.289144
v -2.729846 0.015466 -0.283833
v -2.729846 0.016308 -0.278521
v -2.729846 0.018749 -0.273730
v -2.729846 0.022552 -0.269927
v -2.729846 0.027343 -0.267485
v -2.729846 0.032655 -0.266644
v -2.729846 0.037966 -0.267485
v -2.729846 0.042758 -0.269927
v -2.729846 0.046561 -0.273730
v -2.729846 0.049002 -0.278521
v -2.729846 0.049843 -0.283833
v -2.711412 0.046954 -0.288479
v -2.711412 0.044818 -0.292670
v -2.711412 0.041492 -0.295996
v -2.711412 0.037301 -0.298132
v -2.711412 0.032655 -0.298868
v -2.711412 0.028009 -0.298132
v -2.711412 0.023818 -0.295996
v -2.711412 0.020491 -0.292670
v -2.711412 0.018356 -0.288479
v -2.711412 0.017620 -0.283833
v -2.711412 0.018356 -0.279187
v -2.711412 0.020491 -0.274995
v -2.711412 0.023818 -0.271669
v -2.711412 0.028009 -0.269534
v -2.711412 0.032655 -0.268798
v -2.711412 0.037301 -0.269534
v -2.711412 0.041492 -0.271669
v -2.711412 0.044818 -0.274995
v -2.711412 0.046954 -0.279187
v -2.711412 0.047690 -0.283833
v -2.728782 0.046954 -0.288479
v -2.728782 0.044818 -0.292670
v -2.728782 0.041492 -0.295996
v -2.728782 0.037301 -0.298132
v -2.728782 0.032655 -0.298868
v -2.728782 0.028009 -0.298132
v -2.728782 0.023818 -0.295996
v -2.728782 0.020491 -0.292670
v -2.728782 0.018356 -0.288479
v -2.728782 0.017620 -0.283833
v -2.728782 0.018356 -0.279187
v -2.728782 0.020491 -0.274995
v -2.728782 0.023818 -0.271669
v -2.728782 0.028009 -0.269534
v -2.728782 0.032655 -0.268798
v -2.728782 0.037301 -0.269534
v -2.728782 0.041492 -0.271669
v -2.728782 0.044818 -0.274995
v -2.728782 0.046954 -0.279187
v -2.728782 0.047690 -0.283833
v -2.709399 0.042342 -0.286980
v -2.709399 0.040895 -0.289819
v -2.709399 0.032655 -0.283833
v -2.709399 0.038642 -0.292073
v -2.709399 0.035802 -0.293519
v -2.709399 0.032655 -0.294018
v -2.709399 0.029507 -0.293519
v -2.709399 0.026668 -0.292073
v -2.709399 0.024415 -0.289819
v -2.709399 0.022968 -0.286980
v -2.709399 0.022470 -0.283833
v -2.709399 0.022968 -0.280685
v -2.709399 0.024415 -0.277846
v -2.709399 0.026668 -0.275592
v -2.709399 0.029507 -0.274146
v -2.709399 0.032655 -0.273647
v -2.709399 0.035802 -0.274146
v -2.709399 0.038642 -0.275592
v -2.709399 0.040895 -0.277846
v -2.709399 0.042342 -0.280685
v -2.709399 0.042840 -0.283833
v -2.726768 0.042342 -0.286980
v -2.726768 0.040895 -0.289819
v -2.726768 0.032655 -0.283833
v -2.726768 0.038642 -0.292073
v -2.726768 0.035802 -0.293519
v -2.726768 0.032655 -0.294018
v -2.726768 0.029507 -0.293519
v -2.726768 0.026668 -0.292073
v -2.726768 0.024415 -0.289819
v -2.726768 0.022968 -0.286980
v -2.726768 0.022470 -0.283833
v -2.726768 0.022968 -0.280685
v -2.726768 0.024415 -0.277846
v -2.726768 0.026668 -0.275592
v -2.726768 0.029507 -0.274146
v -2.726768 0.032655 -0.273647
v -2.726768 0.035802 -0.274146
v -2.726768 0.038642 -0.275592
v -2.726768 0.040895 -0.277846
v -2.726768 0.042342 -0.280685
v -2.726768 0.042840 -0.283833
v -2.723114 0.475420 -0.287162
v -2.723114 0.473980 -0.289988
v -2.723114 0.471737 -0.292231
v -2.723114 0.468910 -0.293672
v -2.723114 0.465777 -0.294168
v -2.723114 0.462643 -0.293672
v -2.723114 0.459817 -0.292231
v -2.723114 0.457573 -0.289988
v -2.723114 0.456133 -0.287162
v -2.723114 0.455637 -0.284028
v -2.723114 0.456133 -0.280895
v -2.723114 0.457573 -0.278068
v -2.723114 0.459817 -0.275825
v -2.723114 0.462643 -0.274385
v -2.723114 0.465777 -0.273888
v -2.723114 0.468910 -0.274385
v -2.723114 0.471737 -0.275825
v -2.723114 0.473980 -0.278068
v -2.723114 0.475420 -0.280895
v -2.723114 0.475916 -0.284028
v -3.336450 0.475420 -0.287162
v -3.336450 0.473980 -0.289988
v -3.336450 0.471737 -0.292231
v -3.336450 0.468910 -0.293672
v -3.336450 0.465777 -0.294168
v -3.336450 0.462643 -0.293672
v -3.336450 0.459817 -0.292231
v -3.336450 0.457573 -0.289988
v -3.336450 0.456133 -0.287162
v -3.336450 0.455637 -0.284028
v -3.336450 0.456133 -0.280895
v -3.336450 0.457573 -0.278068
v -3.336450 0.459817 -0.275825
v -3.336450 0.462643 -0.274385
v -3.336450 0.465777 -0.273888
v -3.336450 0.468910 -0.274385
v -3.336450 0.471737 -0.275825
v -3.336450 0.473980 -0.278068
v -3.336450 0.475420 -0.280895
v -3.336450 0.475916 -0.284028
v -3.327198 0.539354 1.292678
v -3.329948 0.544193 1.292678
v -3.334064 0.547426 1.292678
v -3.338919 0.548562 1.292678
v -3.343775 0.547426 1.292678
v -3.347891 0.544193 1.292678
v -3.350641 0.539354 1.292678
v -3.351607 0.533646 1.292678
v -3.350641 0.527938 1.292678
v -3.347891 0.523099 1.292678
v -3.343775 0.519866 1.292678
v -3.338919 0.518730 1.292678
v -3.334064 0.519866 1.292678
v -3.329948 0.523099 1.292678
v -3.327198 0.527938 1.292678
v -3.326232 0.533646 1.292678
v -2.732366 0.539354 1.292678
v -2.729616 0.544193 1.292678
v -2.725500 0.547426 1.292678
v -2.720645 0.548562 1.292678
v -2.715790 0.547426 1.292678
v -2.711673 0.544193 1.292678
v -2.708923 0.539354 1.292678
v -2.707958 0.533646 1.292678
v -2.708923 0.527938 1.292678
v -2.711673 0.523099 1.292678
v -2.715790 0.519866 1.292678
v -2.720645 0.518730 1.292678
v -2.725500 0.519866 1.292678
v -2.729616 0.523099 1.292678
v -2.732366 0.527938 1.292678
v -2.733332 0.533646 1.292678
v -3.327597 0.539354 1.299354
v -3.330254 0.544193 1.300200
v -3.334230 0.547426 1.301466
v -3.338919 0.548562 1.302959
v -3.343609 0.547426 1.304452
v -3.347585 0.544193 1.305718
v -3.350242 0.539354 1.306563
v -3.351174 0.533646 1.306860
v -3.350242 0.527938 1.306563
v -3.347585 0.523099 1.305718
v -3.343609 0.519866 1.304452
v -3.338919 0.518730 1.302959
v -3.334230 0.519866 1.301466
v -3.330254 0.523099 1.300200
v -3.327597 0.527938 1.299354
v -3.326664 0.533646 1.299057
v -2.729310 0.544193 1.300200
v -2.731967 0.539354 1.299354
v -2.725334 0.547426 1.301466
v -2.720645 0.548562 1.302959
v -2.715955 0.547426 1.304452
v -2.711979 0.544193 1.305718
v -2.709322 0.539354 1.306563
v -2.708390 0.533646 1.306860
v -2.709322 0.527938 1.306563
v -2.711979 0.523099 1.305718
v -2.715955 0.519866 1.304452
v -2.720645 0.518730 1.302959
v -2.725334 0.519866 1.301466
v -2.729310 0.523099 1.300200
v -2.731967 0.527938 1.299354
v -2.732900 0.533646 1.299057
v -3.326030 0.539354 1.308137
v -3.328412 0.544193 1.309771
v -3.331976 0.547426 1.312216
v -3.336181 0.548562 1.315101
v -3.340386 0.547426 1.317985
v -3.343951 0.544193 1.320431
v -3.346332 0.539354 1.322064
v -3.347169 0.533646 1.322638
v -3.346332 0.527938 1.322064
v -3.343951 0.523099 1.320431
v -3.340386 0.519866 1.317985
v -3.336181 0.518730 1.315101
v -3.331976 0.519866 1.312216
v -3.328412 0.523099 1.309771
v -3.326030 0.527938 1.308137
v -3.325194 0.533646 1.307563
v -2.731152 0.544193 1.309771
v -2.733534 0.539354 1.308137
v -2.727588 0.547426 1.312216
v -2.723383 0.548562 1.315101
v -2.719178 0.547426 1.317985
v -2.715614 0.544193 1.320431
v -2.713232 0.539354 1.322064
v -2.712395 0.533646 1.322638
v -2.713232 0.527938 1.322064
v -2.715614 0.523099 1.320431
v -2.719178 0.519866 1.317985
v -2.723383 0.518730 1.315101
v -2.727588 0.519866 1.312216
v -2.731152 0.523099 1.309771
v -2.733534 0.527938 1.308137
v -2.734370 0.533646 1.307563
v -3.323060 0.539354 1.315198
v -3.325005 0.544193 1.317509
v -3.327915 0.547426 1.320967
v -3.331349 0.548562 1.325046
v -3.334782 0.547426 1.329126
v -3.337692 0.544193 1.332584
v -3.339637 0.539354 1.334894
v -3.340320 0.533646 1.335706
v -3.339637 0.527938 1.334894
v -3.337692 0.523099 1.332584
v -3.334782 0.519866 1.329126
v -3.331349 0.518730 1.325046
v -3.327915 0.519866 1.320967
v -3.325005 0.523099 1.317509
v -3.323060 0.527938 1.315198
v -3.322377 0.533646 1.314387
v -2.734559 0.544193 1.317509
v -2.736504 0.539354 1.315198
v -2.731649 0.547426 1.320967
v -2.728215 0.548562 1.325046
v -2.724782 0.547426 1.329126
v -2.721872 0.544193 1.332584
v -2.719927 0.539354 1.334894
v -2.719244 0.533646 1.335706
v -2.719927 0.527938 1.334894
v -2.721872 0.523099 1.332584
v -2.724782 0.519866 1.329126
v -2.728215 0.518730 1.325046
v -2.731649 0.519866 1.320967
v -2.734559 0.523099 1.317509
v -2.736504 0.527938 1.315198
v -2.737187 0.533646 1.314387
v -3.319424 0.539354 1.320189
v -3.320799 0.544193 1.323020
v -3.322857 0.547426 1.327255
v -3.325285 0.548562 1.332251
v -3.327713 0.547426 1.337247
v -3.329771 0.544193 1.341482
v -3.331146 0.539354 1.344312
v -3.331629 0.533646 1.345306
v -3.331146 0.527938 1.344312
v -3.329771 0.523099 1.341482
v -3.327713 0.519866 1.337247
v -3.325285 0.518730 1.332251
v -3.322857 0.519866 1.327255
v -3.320799 0.523099 1.323020
v -3.319424 0.527938 1.320189
v -3.318941 0.533646 1.319196
v -2.738765 0.544193 1.323020
v -2.740140 0.539354 1.320189
v -2.736707 0.547426 1.327255
v -2.734279 0.548562 1.332251
v -2.731852 0.547426 1.337247
v -2.729794 0.544193 1.341482
v -2.728418 0.539354 1.344312
v -2.727936 0.533646 1.345306
v -2.728418 0.527938 1.344312
v -2.729794 0.523099 1.341482
v -2.731852 0.519866 1.337247
v -2.734279 0.518730 1.332251
v -2.736707 0.519866 1.327255
v -2.738765 0.523099 1.323020
v -2.740140 0.527938 1.320189
v -2.740623 0.533646 1.319196
v -3.316196 0.539354 1.322952
v -3.316908 0.544193 1.326108
v -3.317974 0.547426 1.330832
v -3.319230 0.548562 1.336404
v -3.320487 0.547426 1.341977
v -3.321552 0.544193 1.346701
v -3.322264 0.539354 1.349857
v -3.322514 0.533646 1.350966
v -3.322264 0.527938 1.349857
v -3.321552 0.523099 1.346701
v -3.320487 0.519866 1.341977
v -3.319230 0.518730 1.336404
v -3.317974 0.519866 1.330832
v -3.316908 0.523099 1.326108
v -3.316196 0.527938 1.322952
v -3.315946 0.533646 1.321843
v -2.742656 0.544193 1.326108
v -2.743368 0.539354 1.322952
v -2.741590 0.547426 1.330832
v -2.740334 0.548562 1.336405
v -2.739078 0.547426 1.341977
v -2.738012 0.544193 1.346701
v -2.737300 0.539354 1.349857
v -2.737050 0.533646 1.350966
v -2.737300 0.527938 1.349857
v -2.738012 0.523099 1.346701
v -2.739078 0.519866 1.341977
v -2.740334 0.518730 1.336405
v -2.741590 0.519866 1.330832
v -2.742656 0.523099 1.326108
v -2.743368 0.527938 1.322952
v -2.743618 0.533646 1.321843
v -3.310359 0.539354 1.325301
v -3.310359 0.544193 1.328569
v -3.310360 0.547426 1.333460
v -3.310360 0.548562 1.339229
v -3.310359 0.547426 1.344998
v -3.310359 0.544193 1.349888
v -3.310360 0.539354 1.353156
v -3.310359 0.533646 1.354303
v -3.310360 0.527938 1.353156
v -3.310360 0.523099 1.349888
v -3.310359 0.519866 1.344998
v -3.310360 0.518730 1.339229
v -3.310360 0.519866 1.333460
v -3.310359 0.523099 1.328569
v -3.310359 0.527938 1.325301
v -3.310360 0.533646 1.324154
v -2.749205 0.544193 1.328569
v -2.749205 0.539354 1.325301
v -2.749205 0.547426 1.333460
v -2.749205 0.548562 1.339229
v -2.749205 0.547426 1.344998
v -2.749205 0.544193 1.349888
v -2.749205 0.539354 1.353156
v -2.749205 0.533646 1.354304
v -2.749205 0.527938 1.353156
v -2.749205 0.523099 1.349888
v -2.749205 0.519866 1.344998
v -2.749205 0.518730 1.339229
v -2.749205 0.519866 1.333460
v -2.749205 0.523099 1.328569
v -2.749205 0.527938 1.325301
v -2.749205 0.533646 1.324154
v -3.327198 0.539354 -0.510869
v -3.329948 0.544193 -0.510869
v -3.334064 0.547426 -0.510869
v -3.338919 0.548562 -0.510869
v -3.343775 0.547426 -0.510869
v -3.347891 0.544193 -0.510869
v -3.350641 0.539354 -0.510869
v -3.351607 0.533646 -0.510869
v -3.350641 0.527938 -0.510869
v -3.347891 0.523099 -0.510869
v -3.343775 0.519866 -0.510869
v -3.338919 0.518730 -0.510869
v -3.334064 0.519866 -0.510869
v -3.329948 0.523099 -0.510869
v -3.327198 0.527938 -0.510869
v -3.326232 0.533646 -0.510869
v -2.732366 0.539354 -0.510869
v -2.729616 0.544193 -0.510869
v -2.725500 0.547426 -0.510869
v -2.720645 0.548562 -0.510869
v -2.715790 0.547426 -0.510869
v -2.711673 0.544193 -0.510869
v -2.708923 0.539354 -0.510869
v -2.707958 0.533646 -0.510869
v -2.708923 0.527938 -0.510869
v -2.711673 0.523099 -0.510869
v -2.715790 0.519866 -0.510869
v -2.720645 0.518730 -0.510869
v -2.725500 0.519866 -0.510869
v -2.729616 0.523099 -0.510869
v -2.732366 0.527938 -0.510869
v -2.733332 0.533646 -0.510869
v -3.327597 0.539354 -0.517544
v -3.330254 0.544193 -0.518390
v -3.334230 0.547426 -0.519656
v -3.338919 0.548562 -0.521149
v -3.343609 0.547426 -0.522642
v -3.347585 0.544193 -0.523908
v -3.350242 0.539354 -0.524754
v -3.351174 0.533646 -0.525051
v -3.350242 0.527938 -0.524754
v -3.347585 0.523099 -0.523908
v -3.343609 0.519866 -0.522642
v -3.338919 0.518730 -0.521149
v -3.334230 0.519866 -0.519656
v -3.330254 0.523099 -0.518390
v -3.327597 0.527938 -0.517544
v -3.326664 0.533646 -0.517247
v -2.729310 0.544193 -0.518390
v -2.731967 0.539354 -0.517544
v -2.725334 0.547426 -0.519656
v -2.720645 0.548562 -0.521149
v -2.715955 0.547426 -0.522642
v -2.711979 0.544193 -0.523908
v -2.709322 0.539354 -0.524754
v -2.708390 0.533646 -0.525051
v -2.709322 0.527938 -0.524754
v -2.711979 0.523099 -0.523908
v -2.715955 0.519866 -0.522642
v -2.720645 0.518730 -0.521149
v -2.725334 0.519866 -0.519656
v -2.729310 0.523099 -0.518390
v -2.731967 0.527938 -0.517544
v -2.732900 0.533646 -0.517247
v -3.326030 0.539354 -0.526327
v -3.328412 0.544193 -0.527961
v -3.331976 0.547426 -0.530407
v -3.336181 0.548562 -0.533291
v -3.340386 0.547426 -0.536175
v -3.343951 0.544193 -0.538621
v -3.346332 0.539354 -0.540255
v -3.347169 0.533646 -0.540828
v -3.346332 0.527938 -0.540255
v -3.343951 0.523099 -0.538621
v -3.340386 0.519866 -0.536175
v -3.336181 0.518730 -0.533291
v -3.331976 0.519866 -0.530407
v -3.328412 0.523099 -0.527961
v -3.326030 0.527938 -0.526327
v -3.325194 0.533646 -0.525754
v -2.731152 0.544193 -0.527961
v -2.733534 0.539354 -0.526327
v -2.727588 0.547426 -0.530407
v -2.723383 0.548562 -0.533291
v -2.719178 0.547426 -0.536175
v -2.715614 0.544193 -0.538621
v -2.713232 0.539354 -0.540255
v -2.712395 0.533646 -0.540828
v -2.713232 0.527938 -0.540255
v -2.715614 0.523099 -0.538621
v -2.719178 0.519866 -0.536175
v -2.723383 0.518730 -0.533291
v -2.727588 0.519866 -0.530407
v -2.731152 0.523099 -0.527961
v -2.733534 0.527938 -0.526327
v -2.734370 0.533646 -0.525754
v -3.323060 0.539354 -0.533388
v -3.325005 0.544193 -0.535699
v -3.327915 0.547426 -0.539157
v -3.331349 0.548562 -0.543237
v -3.334782 0.547426 -0.547316
v -3.337692 0.544193 -0.550774
v -3.339637 0.539354 -0.553085
v -3.340320 0.533646 -0.553896
v -3.339637 0.527938 -0.553085
v -3.337692 0.523099 -0.550774
v -3.334782 0.519866 -0.547316
v -3.331349 0.518730 -0.543237
v -3.327915 0.519866 -0.539157
v -3.325005 0.523099 -0.535699
v -3.323060 0.527938 -0.533388
v -3.322377 0.533646 -0.532577
v -2.734559 0.544193 -0.535699
v -2.736504 0.539354 -0.533388
v -2.731649 0.547426 -0.539157
v -2.728215 0.548562 -0.543237
v -2.724782 0.547426 -0.547316
v -2.721872 0.544193 -0.550774
v -2.719927 0.539354 -0.553085
v -2.719244 0.533646 -0.553896
v -2.719927 0.527938 -0.553085
v -2.721872 0.523099 -0.550774
v -2.724782 0.519866 -0.547316
v -2.728215 0.518730 -0.543237
v -2.731649 0.519866 -0.539157
v -2.734559 0.523099 -0.535699
v -2.736504 0.527938 -0.533388
v -2.737187 0.533646 -0.532577
v -3.319424 0.539354 -0.538380
v -3.320799 0.544193 -0.541210
v -3.322857 0.547426 -0.545445
v -3.325285 0.548562 -0.550441
v -3.327713 0.547426 -0.555437
v -3.329771 0.544193 -0.559673
v -3.331146 0.539354 -0.562503
v -3.331629 0.533646 -0.563496
v -3.331146 0.527938 -0.562503
v -3.329771 0.523099 -0.559673
v -3.327713 0.519866 -0.555437
v -3.325285 0.518730 -0.550441
v -3.322857 0.519866 -0.545445
v -3.320799 0.523099 -0.541210
v -3.319424 0.527938 -0.538380
v -3.318941 0.533646 -0.537386
v -2.738765 0.544193 -0.541210
v -2.740140 0.539354 -0.538380
v -2.736707 0.547426 -0.545445
v -2.734279 0.548562 -0.550441
v -2.731852 0.547426 -0.555437
v -2.729794 0.544193 -0.559673
v -2.728418 0.539354 -0.562503
v -2.727936 0.533646 -0.563497
v -2.728418 0.527938 -0.562503
v -2.729794 0.523099 -0.559673
v -2.731852 0.519866 -0.555437
v -2.734279 0.518730 -0.550441
v -2.736707 0.519866 -0.545445
v -2.738765 0.523099 -0.541210
v -2.740140 0.527938 -0.538380
v -2.740623 0.533646 -0.537386
v -3.316196 0.539354 -0.541142
v -3.316908 0.544193 -0.544298
v -3.317974 0.547426 -0.549022
v -3.319230 0.548562 -0.554595
v -3.320487 0.547426 -0.560167
v -3.321552 0.544193 -0.564891
v -3.322264 0.539354 -0.568048
v -3.322514 0.533646 -0.569156
v -3.322264 0.527938 -0.568048
v -3.321552 0.523099 -0.564891
v -3.320487 0.519866 -0.560167
v -3.319230 0.518730 -0.554595
v -3.317974 0.519866 -0.549022
v -3.316908 0.523099 -0.544298
v -3.316196 0.527938 -0.541142
v -3.315946 0.533646 -0.540034
v -2.742656 0.544193 -0.544298
v -2.743368 0.539354 -0.541142
v -2.741590 0.547426 -0.549023
v -2.740334 0.548562 -0.554595
v -2.739078 0.547426 -0.560167
v -2.738012 0.544193 -0.564891
v -2.737300 0.539354 -0.568048
v -2.737050 0.533646 -0.569156
v -2.737300 0.527938 -0.568048
v -2.738012 0.523099 -0.564891
v -2.739078 0.519866 -0.560167
v -2.740334 0.518730 -0.554595
v -2.741590 0.519866 -0.549023
v -2.742656 0.523099 -0.544298
v -2.743368 0.527938 -0.541142
v -2.743618 0.533646 -0.540034
v -3.310359 0.539354 -0.543491
v -3.310359 0.544193 -0.546759
v -3.310360 0.547426 -0.551650
v -3.310360 0.548562 -0.557419
v -3.310359 0.547426 -0.563188
v -3.310359 0.544193 -0.568078
v -3.310360 0.539354 -0.571346
v -3.310359 0.533646 -0.572494
v -3.310360 0.527938 -0.571346
v -3.310360 0.523099 -0.568078
v -3.310359 0.519866 -0.563188
v -3.310360 0.518730 -0.557419
v -3.310360 0.519866 -0.551650
v -3.310359 0.523099 -0.546759
v -3.310359 0.527938 -0.543491
v -3.310360 0.533646 -0.542344
v -2.749205 0.544193 -0.546759
v -2.749205 0.539354 -0.543492
v -2.749205 0.547426 -0.551650
v -2.749205 0.548562 -0.557419
v -2.749205 0.547426 -0.563188
v -2.749205 0.544193 -0.568078
v -2.749205 0.539354 -0.571346
v -2.749205 0.533646 -0.572494
v -2.749205 0.527938 -0.571346
v -2.749205 0.523099 -0.568079
v -2.749205 0.519866 -0.563188
v -2.749205 0.518730 -0.557419
v -2.749205 0.519866 -0.551650
v -2.749205 0.523099 -0.546759
v -2.749205 0.527938 -0.543492
v -2.749205 0.533646 -0.542344
v -3.327198 0.055086 0.812523
v -3.329948 0.055086 0.807684
v -3.334064 0.055086 0.804451
v -3.338919 0.055086 0.803317
v -3.343775 0.055086 0.804451
v -3.347891 0.055086 0.807684
v -3.350641 0.055086 0.812523
v -3.351607 0.055086 0.818232
v -3.350641 0.055086 0.823940
v -3.347891 0.055086 0.828779
v -3.343775 0.055086 0.832013
v -3.338919 0.055086 0.833147
v -3.334064 0.055086 0.832013
v -3.329948 0.055086 0.828779
v -3.327198 0.055086 0.823940
v -3.326232 0.055086 0.818232
v -3.327198 0.533162 0.812523
v -3.329948 0.533162 0.807684
v -3.334064 0.533162 0.804451
v -3.338919 0.533162 0.803317
v -3.343775 0.533162 0.804451
v -3.347891 0.533162 0.807684
v -3.350641 0.533162 0.812523
v -3.351607 0.533162 0.818232
v -3.350641 0.533162 0.823940
v -3.347891 0.533162 0.828779
v -3.343775 0.533162 0.832013
v -3.338919 0.533162 0.833147
v -3.334064 0.533162 0.832013
v -3.329948 0.533162 0.828779
v -3.327198 0.533162 0.823940
v -3.326232 0.533162 0.818232
v -2.732366 0.055086 0.812523
v -2.729616 0.055086 0.807684
v -2.725500 0.055086 0.804451
v -2.720645 0.055086 0.803317
v -2.715790 0.055086 0.804451
v -2.711673 0.055086 0.807684
v -2.708923 0.055086 0.812523
v -2.707958 0.055086 0.818232
v -2.708923 0.055086 0.823940
v -2.711673 0.055086 0.828779
v -2.715790 0.055086 0.832013
v -2.720645 0.055086 0.833147
v -2.725500 0.055086 0.832013
v -2.729616 0.055086 0.828779
v -2.732366 0.055086 0.823940
v -2.733332 0.055086 0.818232
v -2.732366 0.533162 0.812523
v -2.729616 0.533162 0.807684
v -2.725500 0.533162 0.804451
v -2.720645 0.533162 0.803317
v -2.715790 0.533162 0.804451
v -2.711673 0.533162 0.807684
v -2.708923 0.533162 0.812523
v -2.707958 0.533162 0.818232
v -2.708923 0.533162 0.823940
v -2.711673 0.533162 0.828779
v -2.715790 0.533162 0.832013
v -2.720645 0.533162 0.833147
v -2.725500 0.533162 0.832013
v -2.729616 0.533162 0.828779
v -2.732366 0.533162 0.823940
v -2.733332 0.533162 0.818232
v -2.706554 0.060311 -0.292819
v -2.706554 0.056181 -0.300925
v -2.706554 0.049747 -0.307359
v -2.706554 0.041641 -0.311489
v -2.706554 0.032655 -0.312912
v -2.706554 0.023669 -0.311489
v -2.706554 0.056181 -0.266740
v -2.706554 0.060311 -0.274847
v -2.706554 0.061734 -0.283833
v -2.733640 0.060311 -0.292819
v -2.733640 0.056181 -0.300925
v -2.733640 0.049747 -0.307359
v -2.733640 0.041641 -0.311489
v -2.733640 0.032655 -0.312912
v -2.733640 0.023669 -0.311489
v -2.733640 0.056181 -0.266740
v -2.733640 0.060311 -0.274847
v -2.733640 0.061734 -0.283833
v -2.706554 0.032655 -0.283833
v -2.733640 0.032655 -0.283833
vt 0.851592 0.217826
vt 0.850963 0.217826
vt 0.850963 0.164248
vt 0.851592 0.164248
vt 0.850372 0.217826
vt 0.850372 0.164248
vt 0.849810 0.217826
vt 0.849810 0.164248
vt 0.849247 0.217826
vt 0.849247 0.164248
vt 0.848656 0.217826
vt 0.848656 0.164248
vt 0.848027 0.217826
vt 0.848027 0.164248
vt 0.847374 0.217826
vt 0.847374 0.164248
vt 0.846720 0.217826
vt 0.846720 0.164248
vt 0.846092 0.217826
vt 0.846092 0.164248
vt 0.845501 0.217826
vt 0.845501 0.164248
vt 0.844938 0.217826
vt 0.844938 0.164248
vt 0.844375 0.217826
vt 0.844375 0.164248
vt 0.843785 0.217826
vt 0.843785 0.164248
vt 0.843156 0.217826
vt 0.843156 0.164248
vt 0.842503 0.217826
vt 0.852245 0.164248
vt 0.738549 0.186148
vt 0.738549 0.239726
vt 0.737920 0.239726
vt 0.737920 0.186148
vt 0.737329 0.239726
vt 0.737329 0.186148
vt 0.736767 0.239726
vt 0.736767 0.186148
vt 0.736204 0.239726
vt 0.736204 0.186148
vt 0.735613 0.239726
vt 0.735613 0.186148
vt 0.734985 0.239726
vt 0.734984 0.186148
vt 0.734331 0.239726
vt 0.734331 0.186148
vt 0.733677 0.239726
vt 0.733677 0.186148
vt 0.733049 0.239726
vt 0.733049 0.186148
vt 0.732458 0.239726
vt 0.732458 0.186148
vt 0.731895 0.239726
vt 0.731895 0.186148
vt 0.731332 0.239726
vt 0.731332 0.186148
vt 0.730742 0.239726
vt 0.730742 0.186148
vt 0.730113 0.239726
vt 0.730113 0.186148
vt 0.729460 0.239726
vt 0.739202 0.186148
vt 0.729460 0.186148
vt 0.739202 0.239726
vt 0.852245 0.217826
vt 0.842503 0.164248
vt 0.603536 0.910244
vt 0.604071 0.910161
vt 0.603491 0.968806
vt 0.602945 0.968792
vt 0.304025 0.854916
vt 0.304630 0.854872
vt 0.277770 0.906872
vt 0.277288 0.906644
vt 0.603537 0.909251
vt 0.603542 0.909747
vt 0.539159 0.909998
vt 0.539165 0.909501
vt 0.539164 0.910497
vt 0.304667 0.853860
vt 0.304136 0.853938
vt 0.277288 0.699463
vt 0.277813 0.699386
vt 0.604067 0.909241
vt 0.603553 0.752790
vt 0.604084 0.752773
vt 0.304735 0.854413
vt 0.307075 0.854042
vt 0.306467 0.854548
vt 0.307495 0.853364
vt 0.142953 0.490076
vt 0.143558 0.490117
vt 0.170318 0.541837
vt 0.169836 0.542065
vt 0.538630 0.910411
vt 0.539470 0.968197
vt 0.538924 0.968208
vt 0.142919 0.489066
vt 0.142850 0.489619
vt 0.140530 0.489266
vt 0.140088 0.488568
vt 0.141166 0.489782
vt 0.538634 0.909491
vt 0.539053 0.752349
vt 0.539584 0.752368
vt 0.143449 0.489143
vt 0.169793 0.334595
vt 0.170318 0.334671
vt 0.277695 0.698872
vt 0.280537 0.698338
vt 0.280645 0.698859
vt 0.737030 0.000068
vt 0.736997 0.000594
vt 0.734114 0.000537
vt 0.734136 0.000003
vt 0.737528 0.000583
vt 0.737528 0.064665
vt 0.736997 0.064654
vt 0.603568 0.752259
vt 0.539572 0.751837
vt 0.737030 0.065181
vt 0.734141 0.065243
vt 0.734119 0.064711
vt 0.169912 0.334082
vt 0.166962 0.334068
vt 0.167071 0.333544
vt 0.307307 0.854163
vt 0.278632 0.907259
vt 0.278147 0.907039
vt 0.307944 0.854075
vt 0.279106 0.907499
vt 0.139641 0.489279
vt 0.140291 0.489379
vt 0.168984 0.542462
vt 0.168531 0.542705
vt 0.169460 0.542232
vt 0.011516 0.010290
vt 0.011430 0.010790
vt 0.011034 0.010803
vt 0.010999 0.010279
vt 0.011426 0.011277
vt 0.011021 0.011279
vt 0.011974 0.011244
vt 0.011987 0.075411
vt 0.011442 0.075354
vt 0.012518 0.011154
vt 0.012518 0.075463
vt 0.011428 0.075851
vt 0.011036 0.075809
vt 0.011060 0.075321
vt 0.011410 0.076364
vt 0.010926 0.076321
vt 0.010523 0.075329
vt 0.010500 0.011258
vt 0.009991 0.075416
vt 0.009974 0.011176
vt 0.669250 0.691842
vt 0.669278 0.752554
vt 0.605114 0.752554
vt 0.605115 0.691816
vt 0.304159 0.854460
vt 0.604084 0.909723
vt 0.538617 0.909974
vt 0.143425 0.489663
vt 0.737452 0.000159
vt 0.277294 0.699031
vt 0.603996 0.752345
vt 0.170313 0.334240
vt 0.737451 0.065090
vt 0.539144 0.751921
vt 0.011854 0.010852
vt 0.012129 0.010575
vt 0.011983 0.076262
vt 0.011887 0.075840
vt 0.012300 0.075994
vt 0.010358 0.076005
vt 0.010625 0.075727
vt 0.010383 0.010576
vt 0.010626 0.010864
vt 0.669944 0.753068
vt 0.669944 0.909862
vt 0.604447 0.909862
vt 0.604447 0.753068
vt 0.669250 0.910556
vt 0.605141 0.910556
vt 0.669741 0.910353
vt 0.604651 0.910353
vt 0.732963 0.130837
vt 0.732914 0.186145
vt 0.732282 0.186146
vt 0.732331 0.130873
vt 0.731688 0.186146
vt 0.731737 0.130916
vt 0.731122 0.186147
vt 0.731169 0.130960
vt 0.730555 0.186147
vt 0.730600 0.131003
vt 0.729960 0.186147
vt 0.730001 0.131040
vt 0.729326 0.186148
vt 0.729362 0.131067
vt 0.728666 0.186147
vt 0.728696 0.131079
vt 0.728006 0.186146
vt 0.728030 0.131067
vt 0.727372 0.186146
vt 0.727391 0.131040
vt 0.726777 0.186145
vt 0.726791 0.131002
vt 0.726211 0.186144
vt 0.726222 0.130959
vt 0.725645 0.186142
vt 0.725654 0.130914
vt 0.725051 0.186141
vt 0.725059 0.130870
vt 0.724419 0.186140
vt 0.724427 0.130833
vt 0.723762 0.186140
vt 0.723770 0.130811
vt 0.733620 0.130816
vt 0.733572 0.186145
vt 0.732973 0.055319
vt 0.732341 0.055282
vt 0.732365 0.000010
vt 0.732997 0.000011
vt 0.731746 0.055238
vt 0.731771 0.000008
vt 0.731179 0.055193
vt 0.731205 0.000007
vt 0.730610 0.055150
vt 0.730638 0.000006
vt 0.730011 0.055112
vt 0.730043 0.000005
vt 0.729372 0.055084
vt 0.729409 0.000004
vt 0.728706 0.055072
vt 0.728749 0.000003
vt 0.728040 0.055082
vt 0.728089 0.000003
vt 0.727400 0.055109
vt 0.727455 0.000003
vt 0.726801 0.055146
vt 0.726860 0.000003
vt 0.726232 0.055188
vt 0.726294 0.000004
vt 0.725664 0.055232
vt 0.725728 0.000004
vt 0.725069 0.055276
vt 0.725134 0.000004
vt 0.724437 0.055312
vt 0.724503 0.000004
vt 0.723779 0.055333
vt 0.723845 0.000004
vt 0.733630 0.055340
vt 0.733655 0.000012
vt 0.732306 0.129898
vt 0.732950 0.129903
vt 0.731704 0.129876
vt 0.731137 0.129849
vt 0.730573 0.129829
vt 0.729981 0.129821
vt 0.729352 0.129820
vt 0.728696 0.129820
vt 0.728041 0.129820
vt 0.727411 0.129821
vt 0.726820 0.129828
vt 0.726255 0.129848
vt 0.725688 0.129875
vt 0.725086 0.129896
vt 0.724442 0.129900
vt 0.723777 0.129874
vt 0.733615 0.129879
vt 0.732959 0.056252
vt 0.732314 0.056256
vt 0.731713 0.056277
vt 0.731145 0.056304
vt 0.730581 0.056323
vt 0.729990 0.056331
vt 0.729360 0.056331
vt 0.728704 0.056330
vt 0.728049 0.056330
vt 0.727420 0.056329
vt 0.726828 0.056320
vt 0.726264 0.056300
vt 0.725696 0.056273
vt 0.725095 0.056250
vt 0.724450 0.056246
vt 0.723785 0.056270
vt 0.733624 0.056277
vt 0.732329 0.128625
vt 0.732974 0.128648
vt 0.731725 0.128569
vt 0.731151 0.128505
vt 0.730579 0.128452
vt 0.729982 0.128418
vt 0.729350 0.128402
vt 0.728697 0.128397
vt 0.728043 0.128402
vt 0.727412 0.128418
vt 0.726815 0.128451
vt 0.726243 0.128504
vt 0.725669 0.128568
vt 0.725065 0.128623
vt 0.724420 0.128645
vt 0.723757 0.128613
vt 0.733637 0.128617
vt 0.732980 0.057506
vt 0.732336 0.057528
vt 0.731731 0.057583
vt 0.731158 0.057647
vt 0.730586 0.057699
vt 0.729988 0.057733
vt 0.729357 0.057749
vt 0.728703 0.057753
vt 0.728050 0.057748
vt 0.727419 0.057732
vt 0.726821 0.057698
vt 0.726249 0.057644
vt 0.725676 0.057580
vt 0.725071 0.057524
vt 0.724427 0.057501
vt 0.723763 0.057533
vt 0.733644 0.057539
vt 0.732359 0.127497
vt 0.733010 0.127538
vt 0.731742 0.127414
vt 0.731152 0.127324
vt 0.730566 0.127248
vt 0.729963 0.127197
vt 0.729338 0.127169
vt 0.728697 0.127159
vt 0.728057 0.127169
vt 0.727432 0.127198
vt 0.726829 0.127249
vt 0.726243 0.127324
vt 0.725653 0.127413
vt 0.725036 0.127495
vt 0.724385 0.127536
vt 0.723720 0.127500
vt 0.733675 0.127503
vt 0.733015 0.058615
vt 0.732364 0.058656
vt 0.731747 0.058738
vt 0.731157 0.058827
vt 0.730571 0.058902
vt 0.729969 0.058953
vt 0.729343 0.058982
vt 0.728703 0.058991
vt 0.728063 0.058981
vt 0.727437 0.058953
vt 0.726835 0.058901
vt 0.726248 0.058826
vt 0.725658 0.058736
vt 0.725042 0.058653
vt 0.724391 0.058612
vt 0.723726 0.058647
vt 0.733680 0.058651
vt 0.732395 0.126550
vt 0.733056 0.126613
vt 0.731761 0.126442
vt 0.731151 0.126329
vt 0.730548 0.126234
vt 0.729940 0.126166
vt 0.729322 0.126125
vt 0.728697 0.126109
vt 0.728072 0.126125
vt 0.727455 0.126167
vt 0.726847 0.126235
vt 0.726245 0.126330
vt 0.725635 0.126442
vt 0.725001 0.126549
vt 0.724340 0.126611
vt 0.723671 0.126581
vt 0.733725 0.126583
vt 0.733060 0.059539
vt 0.732399 0.059602
vt 0.731766 0.059709
vt 0.731156 0.059821
vt 0.730554 0.059916
vt 0.729946 0.059984
vt 0.729328 0.060025
vt 0.728703 0.060041
vt 0.728078 0.060025
vt 0.727460 0.059984
vt 0.726852 0.059916
vt 0.726250 0.059821
vt 0.725639 0.059708
vt 0.725006 0.059600
vt 0.724344 0.059537
vt 0.723675 0.059567
vt 0.733729 0.059570
vt 0.732449 0.125856
vt 0.733111 0.125955
vt 0.731809 0.125709
vt 0.731186 0.125561
vt 0.730567 0.125437
vt 0.729947 0.125345
vt 0.729323 0.125289
vt 0.728697 0.125268
vt 0.728070 0.125290
vt 0.727447 0.125346
vt 0.726828 0.125438
vt 0.726210 0.125562
vt 0.725587 0.125710
vt 0.724948 0.125856
vt 0.724287 0.125954
vt 0.723617 0.125942
vt 0.733781 0.125944
vt 0.733114 0.060197
vt 0.732452 0.060295
vt 0.731813 0.060441
vt 0.731191 0.060588
vt 0.730573 0.060713
vt 0.729953 0.060804
vt 0.729330 0.060861
vt 0.728704 0.060882
vt 0.728077 0.060861
vt 0.727453 0.060805
vt 0.726833 0.060714
vt 0.726215 0.060589
vt 0.725591 0.060441
vt 0.724952 0.060294
vt 0.724290 0.060195
vt 0.723619 0.060206
vt 0.733784 0.060209
vt 0.732613 0.124863
vt 0.733267 0.124949
vt 0.731962 0.124738
vt 0.731312 0.124606
vt 0.730659 0.124490
vt 0.730004 0.124402
vt 0.729349 0.124349
vt 0.728695 0.124333
vt 0.728041 0.124350
vt 0.727386 0.124403
vt 0.726733 0.124491
vt 0.726083 0.124608
vt 0.725434 0.124739
vt 0.724786 0.124863
vt 0.724134 0.124949
vt 0.723475 0.124965
vt 0.733925 0.124966
vt 0.733267 0.061202
vt 0.732614 0.061287
vt 0.731966 0.061411
vt 0.731318 0.061543
vt 0.730667 0.061659
vt 0.730014 0.061747
vt 0.729360 0.061800
vt 0.728706 0.061817
vt 0.728051 0.061801
vt 0.727396 0.061748
vt 0.726741 0.061661
vt 0.726088 0.061544
vt 0.725438 0.061412
vt 0.724788 0.061287
vt 0.724134 0.061201
vt 0.723475 0.061184
vt 0.733925 0.061186
vt 0.811915 0.557551
vt 0.746571 0.557551
vt 0.746571 0.553977
vt 0.811915 0.553977
vt 0.811109 0.549090
vt 0.747377 0.549090
vt 0.747377 0.410500
vt 0.811109 0.410500
vt 0.811915 0.405613
vt 0.746571 0.405613
vt 0.746571 0.402039
vt 0.811915 0.402039
vt 0.739434 0.550414
vt 0.739434 0.409176
vt 0.743008 0.409176
vt 0.743008 0.550414
vt 0.819052 0.409176
vt 0.819052 0.550414
vt 0.815478 0.550414
vt 0.815478 0.409176
vt 0.747377 0.552653
vt 0.811109 0.552653
vt 0.743814 0.410500
vt 0.743814 0.549090
vt 0.811109 0.406937
vt 0.747377 0.406937
vt 0.814671 0.549090
vt 0.814671 0.410500
vt 0.003663 0.001810
vt 0.003011 0.002009
vt 0.002142 0.000392
vt 0.003337 0.000003
vt 0.002453 0.002400
vt 0.001126 0.001130
vt 0.002043 0.002944
vt 0.000388 0.002147
vt 0.001821 0.003589
vt 0.000000 0.003341
vt 0.001809 0.004271
vt 0.000000 0.004596
vt 0.002008 0.004923
vt 0.000388 0.005790
vt 0.002399 0.005481
vt 0.001125 0.006807
vt 0.002942 0.005892
vt 0.002141 0.007546
vt 0.003586 0.006114
vt 0.003337 0.007934
vt 0.004267 0.006127
vt 0.004593 0.007934
vt 0.004918 0.005928
vt 0.005788 0.007545
vt 0.005476 0.005537
vt 0.006804 0.006807
vt 0.005887 0.004993
vt 0.007542 0.005790
vt 0.006108 0.004348
vt 0.007929 0.004596
vt 0.006120 0.003666
vt 0.007929 0.003341
vt 0.005921 0.003015
vt 0.007542 0.002147
vt 0.005531 0.002456
vt 0.006804 0.001130
vt 0.004987 0.002045
vt 0.005788 0.000391
vt 0.004343 0.001823
vt 0.004593 0.000003
vt 0.071014 0.002528
vt 0.070724 0.002738
vt 0.070205 0.001717
vt 0.071225 0.002238
vt 0.071336 0.001898
vt 0.071336 0.001540
vt 0.071226 0.001199
vt 0.071016 0.000909
vt 0.070726 0.000698
vt 0.070386 0.000587
vt 0.070027 0.000586
vt 0.069687 0.000697
vt 0.069396 0.000907
vt 0.069186 0.001196
vt 0.069075 0.001537
vt 0.069074 0.001895
vt 0.069184 0.002236
vt 0.069395 0.002526
vt 0.069684 0.002737
vt 0.070025 0.002848
vt 0.070383 0.002848
vt 0.123922 0.001375
vt 0.124209 0.001584
vt 0.123405 0.002386
vt 0.124417 0.001872
vt 0.124527 0.002210
vt 0.124526 0.002565
vt 0.124416 0.002903
vt 0.124207 0.003190
vt 0.123919 0.003398
vt 0.123581 0.003507
vt 0.123226 0.003507
vt 0.122889 0.003397
vt 0.122602 0.003187
vt 0.122393 0.002900
vt 0.122284 0.002562
vt 0.122285 0.002207
vt 0.122395 0.001869
vt 0.122604 0.001582
vt 0.122892 0.001374
vt 0.123229 0.001265
vt 0.123585 0.001265
vt 0.178261 0.004045
vt 0.177658 0.004484
vt 0.177466 0.004108
vt 0.177963 0.003747
vt 0.178700 0.003442
vt 0.178324 0.003250
vt 0.178931 0.002732
vt 0.178513 0.002666
vt 0.178931 0.001986
vt 0.178513 0.002052
vt 0.178700 0.001276
vt 0.178324 0.001468
vt 0.178261 0.000672
vt 0.177963 0.000971
vt 0.177658 0.000234
vt 0.177466 0.000610
vt 0.176948 0.000003
vt 0.176882 0.000420
vt 0.176202 0.000003
vt 0.176268 0.000420
vt 0.175492 0.000234
vt 0.175684 0.000610
vt 0.174888 0.000672
vt 0.175187 0.000971
vt 0.174450 0.001276
vt 0.174826 0.001468
vt 0.174219 0.001986
vt 0.174636 0.002052
vt 0.174219 0.002732
vt 0.174636 0.002666
vt 0.174450 0.003442
vt 0.174826 0.003250
vt 0.174888 0.004045
vt 0.175187 0.003747
vt 0.175492 0.004484
vt 0.175684 0.004108
vt 0.176202 0.004715
vt 0.176268 0.004297
vt 0.176948 0.004715
vt 0.176882 0.004297
vt 0.124501 0.000236
vt 0.125111 0.000680
vt 0.124813 0.000978
vt 0.124309 0.000612
vt 0.125555 0.001291
vt 0.125179 0.001482
vt 0.125788 0.002009
vt 0.125371 0.002075
vt 0.125788 0.002763
vt 0.125371 0.002697
vt 0.125555 0.003481
vt 0.125179 0.003290
vt 0.125111 0.004092
vt 0.124813 0.003793
vt 0.124501 0.004536
vt 0.124309 0.004159
vt 0.123783 0.004769
vt 0.123717 0.004352
vt 0.123028 0.004769
vt 0.123094 0.004352
vt 0.122310 0.004536
vt 0.122502 0.004159
vt 0.121699 0.004092
vt 0.121998 0.003793
vt 0.121256 0.003481
vt 0.121632 0.003290
vt 0.121022 0.002763
vt 0.121439 0.002697
vt 0.121022 0.002008
vt 0.121439 0.002075
vt 0.121256 0.001291
vt 0.121632 0.001482
vt 0.121699 0.000680
vt 0.121998 0.000978
vt 0.122310 0.000236
vt 0.122502 0.000612
vt 0.123028 0.000003
vt 0.123094 0.000420
vt 0.123783 0.000003
vt 0.123717 0.000420
vt 0.177343 0.003867
vt 0.177771 0.003556
vt 0.178082 0.003127
vt 0.178246 0.002624
vt 0.178246 0.002095
vt 0.178083 0.001591
vt 0.177772 0.001163
vt 0.177343 0.000851
vt 0.176840 0.000688
vt 0.176311 0.000688
vt 0.175807 0.000851
vt 0.175379 0.001162
vt 0.175067 0.001590
vt 0.174904 0.002094
vt 0.174904 0.002623
vt 0.175067 0.003127
vt 0.175378 0.003555
vt 0.175806 0.003866
vt 0.176310 0.004030
vt 0.176839 0.004030
vt 0.124622 0.001169
vt 0.124187 0.000853
vt 0.124939 0.001605
vt 0.125105 0.002117
vt 0.125105 0.002655
vt 0.124938 0.003167
vt 0.124622 0.003603
vt 0.124186 0.003919
vt 0.123674 0.004086
vt 0.123136 0.004085
vt 0.122624 0.003919
vt 0.122188 0.003602
vt 0.121872 0.003167
vt 0.121706 0.002655
vt 0.121706 0.002116
vt 0.121872 0.001604
vt 0.122189 0.001169
vt 0.122625 0.000853
vt 0.123137 0.000686
vt 0.123675 0.000686
vt 0.071433 0.002945
vt 0.070993 0.003264
vt 0.071752 0.002505
vt 0.071920 0.001989
vt 0.071920 0.001446
vt 0.071752 0.000929
vt 0.071433 0.000490
vt 0.070993 0.000171
vt 0.070477 0.000003
vt 0.069934 0.000003
vt 0.069417 0.000171
vt 0.068978 0.000490
vt 0.068659 0.000929
vt 0.068491 0.001446
vt 0.068491 0.001989
vt 0.068659 0.002505
vt 0.068978 0.002945
vt 0.069417 0.003264
vt 0.069934 0.003432
vt 0.070477 0.003432
vt 0.725266 0.239726
vt 0.725624 0.239726
vt 0.725624 0.308965
vt 0.725266 0.308965
vt 0.725982 0.239726
vt 0.725982 0.308965
vt 0.726340 0.239726
vt 0.726340 0.308965
vt 0.726698 0.239726
vt 0.726698 0.308965
vt 0.727056 0.239726
vt 0.727056 0.308965
vt 0.727414 0.239726
vt 0.727414 0.308965
vt 0.727773 0.239726
vt 0.727773 0.308965
vt 0.728131 0.239726
vt 0.728131 0.308965
vt 0.728489 0.239726
vt 0.728489 0.308965
vt 0.728847 0.239726
vt 0.728847 0.308965
vt 0.729205 0.239726
vt 0.729205 0.308965
vt 0.729563 0.239726
vt 0.729563 0.308965
vt 0.729921 0.239726
vt 0.729921 0.308965
vt 0.730280 0.239726
vt 0.730280 0.308965
vt 0.730638 0.239726
vt 0.730638 0.308965
vt 0.723475 0.239726
vt 0.723833 0.239726
vt 0.723833 0.308965
vt 0.723475 0.308965
vt 0.724191 0.239726
vt 0.724191 0.308965
vt 0.724549 0.239726
vt 0.724549 0.308965
vt 0.724908 0.239726
vt 0.724908 0.308965
vt 0.240982 0.701782
vt 0.241043 0.700831
vt 0.241632 0.701003
vt 0.241609 0.701811
vt 0.240392 0.701753
vt 0.240493 0.700627
vt 0.239830 0.701728
vt 0.239976 0.700409
vt 0.239268 0.701704
vt 0.239458 0.700191
vt 0.238678 0.701679
vt 0.238908 0.699978
vt 0.238050 0.701652
vt 0.238315 0.699779
vt 0.237397 0.701625
vt 0.237685 0.699607
vt 0.837836 0.913747
vt 0.838105 0.915626
vt 0.837475 0.915798
vt 0.837183 0.913773
vt 0.838464 0.913721
vt 0.838698 0.915427
vt 0.839055 0.913697
vt 0.839247 0.915214
vt 0.839617 0.913674
vt 0.839765 0.914995
vt 0.840179 0.913649
vt 0.840283 0.914778
vt 0.840769 0.913621
vt 0.840832 0.914574
vt 0.841397 0.913592
vt 0.841421 0.914401
vt 0.842050 0.913575
vt 0.842031 0.914280
vt 0.242242 0.701124
vt 0.242262 0.701829
vt 0.309828 0.701788
vt 0.309804 0.700979
vt 0.310393 0.700806
vt 0.310455 0.701759
vt 0.310942 0.700602
vt 0.311045 0.701731
vt 0.311459 0.700385
vt 0.311608 0.701706
vt 0.311977 0.700166
vt 0.312170 0.701683
vt 0.312526 0.699953
vt 0.312760 0.701659
vt 0.313120 0.699754
vt 0.313388 0.701633
vt 0.313750 0.699582
vt 0.314042 0.701607
vt 0.913828 0.913755
vt 0.913540 0.915773
vt 0.912910 0.915601
vt 0.913175 0.913728
vt 0.912316 0.915402
vt 0.912547 0.913701
vt 0.911767 0.915189
vt 0.911957 0.913676
vt 0.911249 0.914970
vt 0.911394 0.913652
vt 0.910731 0.914753
vt 0.910832 0.913626
vt 0.910182 0.914549
vt 0.910242 0.913598
vt 0.909593 0.914377
vt 0.909615 0.913569
vt 0.908983 0.914256
vt 0.908962 0.913551
vt 0.309175 0.701805
vt 0.309194 0.701100
vt 0.241365 0.699616
vt 0.241876 0.699935
vt 0.240898 0.699254
vt 0.240458 0.698874
vt 0.240013 0.698493
vt 0.239534 0.698118
vt 0.239010 0.697759
vt 0.238444 0.697432
vt 0.838805 0.917652
vt 0.838240 0.917979
vt 0.839329 0.917291
vt 0.839808 0.916915
vt 0.840252 0.916533
vt 0.840691 0.916153
vt 0.841157 0.915791
vt 0.841668 0.915471
vt 0.842218 0.915221
vt 0.242426 0.700184
vt 0.309557 0.699909
vt 0.310067 0.699589
vt 0.310534 0.699227
vt 0.310973 0.698847
vt 0.311417 0.698465
vt 0.311895 0.698089
vt 0.312419 0.697728
vt 0.312985 0.697401
vt 0.912781 0.917948
vt 0.912215 0.917621
vt 0.911690 0.917262
vt 0.911212 0.916887
vt 0.910767 0.916506
vt 0.910327 0.916126
vt 0.909860 0.915764
vt 0.909349 0.915445
vt 0.908798 0.915196
vt 0.309007 0.700159
vt 0.241867 0.698627
vt 0.242278 0.699067
vt 0.241500 0.698141
vt 0.241156 0.697637
vt 0.240806 0.697131
vt 0.240427 0.696628
vt 0.240009 0.696136
vt 0.239547 0.695672
vt 0.839811 0.919276
vt 0.839351 0.919742
vt 0.840228 0.918783
vt 0.840606 0.918279
vt 0.840955 0.917772
vt 0.841298 0.917268
vt 0.841664 0.916781
vt 0.842073 0.916340
vt 0.842536 0.915976
vt 0.242742 0.699429
vt 0.309151 0.699040
vt 0.309561 0.698599
vt 0.309927 0.698112
vt 0.310270 0.697608
vt 0.310619 0.697101
vt 0.310996 0.696597
vt 0.311413 0.696104
vt 0.311874 0.695638
vt 0.911677 0.919708
vt 0.911216 0.919244
vt 0.910797 0.918752
vt 0.910419 0.918249
vt 0.910069 0.917743
vt 0.909724 0.917239
vt 0.909357 0.916753
vt 0.908946 0.916313
vt 0.908483 0.915951
vt 0.308689 0.699404
vt 0.242453 0.697911
vt 0.242753 0.698443
vt 0.242193 0.697335
vt 0.241954 0.696742
vt 0.241713 0.696149
vt 0.241452 0.695559
vt 0.241163 0.694976
vt 0.240835 0.694410
vt 0.840970 0.920437
vt 0.840644 0.921004
vt 0.841258 0.919853
vt 0.841517 0.919262
vt 0.841757 0.918667
vt 0.841994 0.918074
vt 0.842252 0.917496
vt 0.842551 0.916964
vt 0.842902 0.916508
vt 0.243107 0.698897
vt 0.308673 0.698416
vt 0.308972 0.697884
vt 0.309230 0.697306
vt 0.309468 0.696713
vt 0.309707 0.696118
vt 0.309966 0.695527
vt 0.310254 0.694943
vt 0.310580 0.694376
vt 0.910390 0.920970
vt 0.910062 0.920404
vt 0.909772 0.919821
vt 0.909512 0.919231
vt 0.909270 0.918638
vt 0.909032 0.918045
vt 0.908772 0.917469
vt 0.908472 0.916937
vt 0.908118 0.916483
vt 0.308322 0.698872
vt 0.242974 0.697487
vt 0.243169 0.698081
vt 0.242828 0.696850
vt 0.242705 0.696202
vt 0.242582 0.695556
vt 0.242444 0.694916
vt 0.242284 0.694282
vt 0.242097 0.693655
vt 0.842095 0.921130
vt 0.841911 0.921757
vt 0.842253 0.920495
vt 0.842389 0.919854
vt 0.842510 0.919207
vt 0.842631 0.918558
vt 0.842776 0.917921
vt 0.842970 0.917325
vt 0.843217 0.916800
vt 0.243419 0.698605
vt 0.308255 0.698055
vt 0.308449 0.697459
vt 0.308594 0.696822
vt 0.308715 0.696173
vt 0.308836 0.695526
vt 0.308971 0.694885
vt 0.309129 0.694250
vt 0.309314 0.693623
vt 0.909128 0.921724
vt 0.908941 0.921098
vt 0.908780 0.920464
vt 0.908642 0.919824
vt 0.908520 0.919178
vt 0.908397 0.918530
vt 0.908251 0.917893
vt 0.908056 0.917299
vt 0.907806 0.916775
vt 0.308008 0.698580
vt 0.243825 0.697070
vt 0.243897 0.697715
vt 0.243789 0.696417
vt 0.243774 0.695761
vt 0.243765 0.695102
vt 0.243752 0.694444
vt 0.243728 0.693788
vt 0.243693 0.693132
vt 0.843542 0.921622
vt 0.843511 0.922278
vt 0.843564 0.920965
vt 0.843575 0.920307
vt 0.843582 0.919648
vt 0.843595 0.918991
vt 0.843629 0.918338
vt 0.843700 0.917692
vt 0.843802 0.917052
vt 0.244000 0.698352
vt 0.307524 0.697688
vt 0.307595 0.697042
vt 0.307630 0.696389
vt 0.307643 0.695732
vt 0.307649 0.695073
vt 0.307661 0.694414
vt 0.307682 0.693758
vt 0.307714 0.693102
vt 0.907532 0.922248
vt 0.907497 0.921592
vt 0.907473 0.920936
vt 0.907459 0.920278
vt 0.907450 0.919619
vt 0.907436 0.918963
vt 0.907399 0.918310
vt 0.907328 0.917665
vt 0.907224 0.917028
vt 0.307422 0.698328
vt 0.240977 0.905499
vt 0.241604 0.905470
vt 0.241628 0.906279
vt 0.241038 0.906452
vt 0.240386 0.905527
vt 0.240489 0.906655
vt 0.239824 0.905551
vt 0.239972 0.906873
vt 0.239262 0.905575
vt 0.239454 0.907091
vt 0.238672 0.905599
vt 0.238904 0.907304
vt 0.238044 0.905625
vt 0.238311 0.907504
vt 0.237390 0.905651
vt 0.237681 0.907676
vt 0.837836 0.709751
vt 0.837183 0.709724
vt 0.837472 0.707706
vt 0.838102 0.707878
vt 0.838464 0.709778
vt 0.838695 0.708077
vt 0.839054 0.709803
vt 0.839245 0.708290
vt 0.839616 0.709827
vt 0.839763 0.708508
vt 0.840178 0.709853
vt 0.840280 0.708726
vt 0.840768 0.709881
vt 0.840829 0.708929
vt 0.841396 0.709910
vt 0.841419 0.709102
vt 0.842049 0.709928
vt 0.842028 0.709224
vt 0.242257 0.905453
vt 0.242238 0.906158
vt 0.309829 0.905469
vt 0.310456 0.905499
vt 0.310395 0.906450
vt 0.309806 0.906278
vt 0.311046 0.905527
vt 0.310944 0.906654
vt 0.311608 0.905553
vt 0.311462 0.906872
vt 0.312170 0.905577
vt 0.311980 0.907090
vt 0.312761 0.905602
vt 0.312529 0.907303
vt 0.313388 0.905629
vt 0.313123 0.907502
vt 0.314042 0.905656
vt 0.313753 0.907674
vt 0.913834 0.709729
vt 0.913181 0.709755
vt 0.912913 0.707876
vt 0.913543 0.707704
vt 0.912553 0.709781
vt 0.912320 0.708076
vt 0.911963 0.709805
vt 0.911771 0.708289
vt 0.911400 0.709828
vt 0.911253 0.708507
vt 0.910838 0.709853
vt 0.910735 0.708724
vt 0.910248 0.709881
vt 0.910186 0.708928
vt 0.909620 0.709910
vt 0.909597 0.709101
vt 0.908967 0.709927
vt 0.908987 0.709222
vt 0.309176 0.905452
vt 0.309196 0.906156
vt 0.241874 0.907349
vt 0.241363 0.907668
vt 0.240896 0.908031
vt 0.240457 0.908411
vt 0.240013 0.908792
vt 0.239535 0.909168
vt 0.239011 0.909529
vt 0.238446 0.909856
vt 0.838232 0.705531
vt 0.838798 0.705857
vt 0.839322 0.706217
vt 0.839801 0.706592
vt 0.840246 0.706973
vt 0.840686 0.707352
vt 0.841153 0.707715
vt 0.841664 0.708034
vt 0.842214 0.708283
vt 0.242424 0.907099
vt 0.310072 0.907665
vt 0.309561 0.907346
vt 0.310539 0.908028
vt 0.310979 0.908407
vt 0.311423 0.908788
vt 0.311902 0.909163
vt 0.312427 0.909523
vt 0.312993 0.909849
vt 0.912213 0.705851
vt 0.912779 0.705524
vt 0.911690 0.706212
vt 0.911211 0.706588
vt 0.910767 0.706969
vt 0.910328 0.707349
vt 0.909861 0.707712
vt 0.909351 0.708031
vt 0.908801 0.708281
vt 0.309011 0.907097
vt 0.242278 0.908217
vt 0.241868 0.908658
vt 0.241502 0.909145
vt 0.241159 0.909649
vt 0.240811 0.910156
vt 0.240433 0.910660
vt 0.240016 0.911153
vt 0.239556 0.911618
vt 0.839336 0.703770
vt 0.839798 0.704234
vt 0.840216 0.704726
vt 0.840595 0.705229
vt 0.840945 0.705735
vt 0.841289 0.706239
vt 0.841656 0.706725
vt 0.842067 0.707166
vt 0.842530 0.707529
vt 0.242741 0.907854
vt 0.309568 0.908654
vt 0.309157 0.908214
vt 0.309935 0.909141
vt 0.310280 0.909645
vt 0.310630 0.910151
vt 0.311008 0.910654
vt 0.311427 0.911146
vt 0.311889 0.911610
vt 0.911208 0.704227
vt 0.911668 0.703762
vt 0.910791 0.704720
vt 0.910414 0.705224
vt 0.910065 0.705731
vt 0.909722 0.706235
vt 0.909356 0.706722
vt 0.908946 0.707163
vt 0.908484 0.707526
vt 0.308694 0.907851
vt 0.242755 0.908842
vt 0.242456 0.909374
vt 0.242198 0.909951
vt 0.241961 0.910544
vt 0.241722 0.911138
vt 0.241463 0.911728
vt 0.241175 0.912313
vt 0.240849 0.912880
vt 0.840624 0.702507
vt 0.840952 0.703073
vt 0.841242 0.703656
vt 0.841502 0.704246
vt 0.841744 0.704840
vt 0.841983 0.705432
vt 0.842242 0.706010
vt 0.842543 0.706541
vt 0.842896 0.706997
vt 0.243107 0.908386
vt 0.308982 0.909370
vt 0.308682 0.908839
vt 0.309242 0.909947
vt 0.309481 0.910540
vt 0.309722 0.911134
vt 0.309983 0.911724
vt 0.310273 0.912307
vt 0.310601 0.912873
vt 0.910050 0.703067
vt 0.910376 0.702500
vt 0.909762 0.703652
vt 0.909503 0.704242
vt 0.909263 0.704836
vt 0.909026 0.705429
vt 0.908768 0.706006
vt 0.908469 0.706538
vt 0.908118 0.706994
vt 0.308329 0.908383
vt 0.243173 0.909203
vt 0.242980 0.909797
vt 0.242835 0.910434
vt 0.242714 0.911083
vt 0.242593 0.911730
vt 0.242457 0.912370
vt 0.242299 0.913005
vt 0.242114 0.913632
vt 0.841887 0.701751
vt 0.842074 0.702378
vt 0.842234 0.703012
vt 0.842372 0.703653
vt 0.842495 0.704299
vt 0.842617 0.704948
vt 0.842764 0.705585
vt 0.842960 0.706180
vt 0.843209 0.706704
vt 0.243420 0.908678
vt 0.308461 0.909795
vt 0.308265 0.909200
vt 0.308607 0.910432
vt 0.308730 0.911081
vt 0.308853 0.911727
vt 0.308990 0.912368
vt 0.309151 0.913002
vt 0.309338 0.913629
vt 0.908925 0.702375
vt 0.909110 0.701748
vt 0.908767 0.703010
vt 0.908631 0.703650
vt 0.908510 0.704297
vt 0.908390 0.704946
vt 0.908245 0.705582
vt 0.908051 0.706177
vt 0.907804 0.706702
vt 0.308016 0.908676
vt 0.243903 0.909568
vt 0.243833 0.910214
vt 0.243798 0.910866
vt 0.243786 0.911523
vt 0.243779 0.912182
vt 0.243767 0.912840
vt 0.243745 0.913496
vt 0.243713 0.914152
vt 0.843485 0.701227
vt 0.843519 0.701883
vt 0.843542 0.702540
vt 0.843556 0.703198
vt 0.843564 0.703857
vt 0.843579 0.704514
vt 0.843615 0.705166
vt 0.843688 0.705812
vt 0.843792 0.706452
vt 0.244004 0.908931
vt 0.307609 0.910213
vt 0.307537 0.909568
vt 0.307645 0.910866
vt 0.307660 0.911523
vt 0.307669 0.912182
vt 0.307682 0.912840
vt 0.307706 0.913497
vt 0.307740 0.914153
vt 0.907479 0.701884
vt 0.907512 0.701228
vt 0.907457 0.702540
vt 0.907446 0.703198
vt 0.907439 0.703857
vt 0.907426 0.704514
vt 0.907392 0.705166
vt 0.907322 0.705812
vt 0.907220 0.706449
vt 0.307433 0.908928
vt 0.789086 0.218217
vt 0.788457 0.218217
vt 0.788457 0.164248
vt 0.789086 0.164248
vt 0.787866 0.218217
vt 0.787866 0.164248
vt 0.787304 0.218217
vt 0.787304 0.164248
vt 0.786741 0.218217
vt 0.786741 0.164248
vt 0.786150 0.218217
vt 0.786150 0.164248
vt 0.785521 0.218217
vt 0.785521 0.164248
vt 0.784868 0.218217
vt 0.784868 0.164248
vt 0.784214 0.218217
vt 0.784214 0.164248
vt 0.783586 0.218217
vt 0.783586 0.164248
vt 0.782995 0.218217
vt 0.782995 0.164248
vt 0.782432 0.218217
vt 0.782432 0.164248
vt 0.781869 0.218217
vt 0.781869 0.164248
vt 0.781278 0.218217
vt 0.781278 0.164248
vt 0.780650 0.218217
vt 0.780650 0.164248
vt 0.779997 0.218217
vt 0.779997 0.164248
vt 0.789739 0.218217
vt 0.789739 0.164248
vt 0.213896 0.106431
vt 0.213896 0.160401
vt 0.213268 0.160401
vt 0.213268 0.106431
vt 0.212677 0.160401
vt 0.212677 0.106431
vt 0.212114 0.160401
vt 0.212114 0.106431
vt 0.211551 0.160401
vt 0.211551 0.106431
vt 0.210961 0.160401
vt 0.210961 0.106431
vt 0.210332 0.160401
vt 0.210332 0.106431
vt 0.209679 0.160401
vt 0.209679 0.106431
vt 0.209025 0.160401
vt 0.209025 0.106431
vt 0.208397 0.160401
vt 0.208397 0.106431
vt 0.207806 0.160401
vt 0.207806 0.106431
vt 0.207243 0.160401
vt 0.207243 0.106431
vt 0.206680 0.160401
vt 0.206680 0.106431
vt 0.206089 0.160401
vt 0.206089 0.106431
vt 0.205461 0.160401
vt 0.205461 0.106431
vt 0.204807 0.160401
vt 0.204807 0.106431
vt 0.214550 0.106431
vt 0.214550 0.160401
vt 0.217174 0.006367
vt 0.217174 0.007394
vt 0.214117 0.007394
vt 0.214117 0.006367
vt 0.217174 0.008421
vt 0.214117 0.008421
vt 0.217174 0.009448
vt 0.214117 0.009448
vt 0.217174 0.010475
vt 0.214117 0.010475
vt 0.217174 0.011502
vt 0.214117 0.011502
vt 0.217174 0.003286
vt 0.217174 0.004313
vt 0.214117 0.004313
vt 0.214117 0.003286
vt 0.217174 0.005340
vt 0.214117 0.005340
vt 0.118280 0.004803
vt 0.118280 0.005830
vt 0.115038 0.005317
vt 0.117963 0.003827
vt 0.117359 0.002996
vt 0.116528 0.002392
vt 0.115551 0.002075
vt 0.117359 0.007638
vt 0.116528 0.008242
vt 0.117963 0.006807
vt 0.209062 0.001755
vt 0.209380 0.002732
vt 0.206137 0.003245
vt 0.209380 0.003759
vt 0.209062 0.004735
vt 0.208458 0.005566
vt 0.207628 0.006170
vt 0.206651 0.000003
vt 0.207628 0.000320
vt 0.208458 0.000924
vt 0.217174 0.014785
vt 0.214117 0.014785
vt 0.217174 0.000003
vt 0.214117 0.000003
vn 0.943179 0.000000 -0.332286
vn 0.761710 0.000000 -0.647918
vn 0.761710 0.000000 -0.647918
vn 0.943179 0.000000 -0.332286
vn 0.437804 0.000000 -0.899070
vn 0.437804 0.000000 -0.899070
vn 0.000000 0.000000 -1.000000
vn 0.000000 0.000000 -1.000000
vn -0.437799 0.000000 -0.899073
vn -0.437799 0.000000 -0.899073
vn -0.761710 0.000000 -0.647918
vn -0.761710 0.000000 -0.647918
vn -0.943179 0.000000 -0.332284
vn -0.943179 0.000000 -0.332284
vn -1.000000 0.000000 -0.000000
vn -1.000000 0.000000 -0.000000
vn -0.943179 0.000000 0.332286
vn -0.943179 0.000000 0.332286
vn -0.761709 0.000000 0.647919
vn -0.761709 0.000000 0.647919
vn -0.437797 0.000000 0.899074
vn -0.437797 0.000000 0.899074
vn 0.000000 0.000000 1.000000
vn 0.000000 0.000000 1.000000
vn 0.437797 0.000000 0.899074
vn 0.437797 0.000000 0.899074
vn 0.761709 0.000000 0.647919
vn 0.761709 0.000000 0.647919
vn 0.943179 0.000000 0.332286
vn 0.943179 0.000000 0.332286
vn 1.000000 0.000000 -0.000000
vn 1.000000 0.000000 -0.000000
vn -0.943179 0.000000 -0.332286
vn -0.943179 0.000000 -0.332286
vn -0.761710 0.000000 -0.647918
vn -0.761710 0.000000 -0.647918
vn -0.437804 0.000000 -0.899070
vn -0.437804 0.000000 -0.899070
vn 0.000000 0.000000 -1.000000
vn 0.000000 0.000000 -1.000000
vn 0.437799 0.000000 -0.899073
vn 0.437799 0.000000 -0.899073
vn 0.761710 0.000000 -0.647918
vn 0.761710 0.000000 -0.647918
vn 0.943179 0.000000 -0.332284
vn 0.943179 0.000000 -0.332284
vn 1.000000 0.000000 -0.000000
vn 1.000000 0.000000 -0.000000
vn 0.943179 0.000000 0.332286
vn 0.943179 0.000000 0.332286
vn 0.761709 0.000000 0.647919
vn 0.761709 0.000000 0.647919
vn 0.437797 0.000000 0.899074
vn 0.437797 0.000000 0.899074
vn 0.000000 0.000000 1.000000
vn 0.000000 0.000000 1.000000
vn -0.437797 0.000000 0.899074
vn -0.437797 0.000000 0.899074
vn -0.761709 0.000000 0.647919
vn -0.761709 0.000000 0.647919
vn -0.943179 0.000000 0.332286
vn -0.943179 0.000000 0.332286
vn -1.000000 0.000000 -0.000000
vn -1.000000 0.000000 -0.000000
vn -0.003610 0.800977 -0.598684
vn -0.381459 0.740682 -0.553064
vn -0.380874 0.741171 -0.552811
vn -0.003173 0.802319 -0.596887
vn -0.919703 0.314425 -0.235125
vn -0.996688 0.065223 -0.048573
vn -0.988956 0.119661 -0.087446
vn -0.919768 0.315423 -0.233529
vn -0.003204 0.999995 -0.000506
vn -0.003546 0.948593 -0.316479
vn 0.003532 0.948541 -0.316634
vn 0.003204 0.999995 -0.000506
vn 0.003606 0.800977 -0.598685
vn -0.998213 0.059757 -0.000016
vn -0.925087 0.379756 -0.000110
vn -0.925094 0.379737 -0.000784
vn -0.998197 0.060015 -0.001224
vn -0.385472 0.922720 -0.000425
vn -0.003162 0.999994 -0.001289
vn -0.385322 0.922782 -0.000797
vn -0.998211 0.058221 -0.013644
vn -1.000000 -0.000014 0.000000
vn -0.977544 -0.166195 0.129564
vn -1.000000 0.000013 0.000000
vn 0.996555 0.066525 -0.049521
vn 0.919814 0.314209 -0.234981
vn 0.919878 0.315297 -0.233267
vn 0.988719 0.120971 -0.088328
vn 0.380654 0.740956 -0.553251
vn 0.003167 0.802271 -0.596952
vn 0.380056 0.741535 -0.552886
vn 0.998213 0.059759 -0.000016
vn 0.998229 0.057928 -0.013576
vn 1.000000 0.000002 0.000000
vn 1.000000 0.000000 0.000000
vn 0.979367 -0.159412 0.124213
vn 0.384632 0.923070 -0.000427
vn 0.384485 0.923131 -0.000796
vn 0.003157 0.999994 -0.001289
vn 0.924718 0.380654 -0.000111
vn 0.998193 0.060077 -0.001224
vn 0.924727 0.380631 -0.000786
vn -0.924960 0.038656 -0.378095
vn -0.923873 0.000000 -0.382698
vn -0.999999 0.000013 -0.001294
vn -0.378083 0.038652 -0.924964
vn -0.002983 0.060043 -0.998191
vn -0.003146 0.000000 -0.999995
vn -0.382687 0.000000 -0.923878
vn -0.001946 0.382469 -0.923966
vn 0.001946 0.382469 -0.923966
vn 0.002983 0.060043 -0.998191
vn -0.001946 0.923964 -0.382475
vn 0.001946 0.923964 -0.382475
vn 0.378083 0.038652 -0.924965
vn 0.382687 0.000000 -0.923878
vn 0.003146 0.000000 -0.999995
vn 0.924960 0.038653 -0.378095
vn 0.999999 0.000000 -0.001294
vn 0.923873 0.000000 -0.382698
vn -0.939753 -0.269600 0.210190
vn -0.939703 -0.268564 0.211737
vn -0.992677 -0.094244 0.075563
vn -0.332204 -0.744907 0.578579
vn -0.001633 -0.789575 0.613652
vn -0.002708 -0.787573 0.616215
vn -0.330180 -0.743602 0.581410
vn 0.001633 -0.789575 0.613652
vn 0.341911 -0.742216 0.576379
vn 0.339865 -0.741031 0.579107
vn 0.002717 -0.787581 0.616205
vn 0.945442 -0.256990 0.200237
vn 0.992938 -0.092560 0.074207
vn 0.945404 -0.255929 0.201769
vn -0.916275 0.076852 0.393107
vn -0.920886 0.337751 0.194661
vn -0.355820 0.373211 0.856800
vn -0.002529 0.359782 0.933033
vn -0.002501 0.729488 0.683990
vn -0.361799 0.645711 0.672427
vn -0.001978 0.213249 0.976996
vn 0.001970 0.213382 0.976967
vn 0.002433 0.354660 0.934992
vn -0.002045 -0.506501 0.862237
vn 0.001811 -0.506429 0.862280
vn 0.356077 0.387769 0.850203
vn 0.350832 0.656233 0.668038
vn 0.002474 0.727139 0.686486
vn 0.917534 0.090100 0.387315
vn 0.915753 0.347061 0.202350
vn 0.002016 0.838832 0.544387
vn -0.001798 0.838873 0.544324
vn 0.001951 0.971085 -0.238726
vn -0.001944 0.971054 -0.238853
vn -0.506166 -0.727404 0.463335
vn -0.506166 -0.727404 0.463335
vn 0.514648 -0.718908 0.467235
vn 0.514648 -0.718908 0.467235
vn -0.933052 0.346821 -0.095546
vn -0.406822 0.872924 -0.269257
vn 0.405604 0.873405 -0.269537
vn 0.932850 0.347401 -0.095409
vn -0.325260 0.325290 -0.887914
vn -0.887898 0.325330 -0.325266
vn -0.325272 0.887917 -0.325272
vn 0.887905 0.325307 -0.325270
vn 0.325257 0.325291 -0.887915
vn 0.325260 0.887925 -0.325260
vn -0.320405 0.231795 0.918483
vn -0.881709 -0.077196 0.465436
vn -0.320424 -0.515771 0.794550
vn 0.888716 -0.059991 0.454516
vn 0.326929 0.251851 0.910873
vn 0.335632 -0.503224 0.796315
vn 0.313480 0.914513 -0.255729
vn 0.313720 0.773305 0.550980
vn 0.882852 0.462633 0.080891
vn -0.889058 0.453174 0.064886
vn -0.326525 0.775738 0.540011
vn -0.319272 0.907015 -0.274571
vn -0.749557 -0.318338 0.580367
vn -0.749557 -0.318338 0.580367
vn -0.749557 -0.318338 0.580367
vn 0.754710 -0.308992 0.578737
vn 0.754710 -0.308992 0.578737
vn 0.754710 -0.308992 0.578737
vn 0.000000 -1.000000 0.000000
vn 0.000000 -1.000000 0.000000
vn 0.000000 -1.000000 0.000000
vn 0.000000 -1.000000 0.000000
vn 0.000000 -1.000000 -0.000000
vn 0.000000 -1.000000 -0.000000
vn 0.000000 -1.000000 -0.000000
vn 0.000000 -1.000000 -0.000000
vn 0.000000 -1.000000 -0.000005
vn 0.000000 -1.000000 -0.000005
vn 0.000000 -1.000000 -0.000005
vn 0.000000 -1.000000 -0.000005
vn 0.000000 -1.000000 0.000030
vn 0.000000 -1.000000 0.000030
vn 0.000000 -1.000000 0.000030
vn 0.000000 -1.000000 0.000030
vn 0.000000 -1.000000 0.000030
vn 0.000000 -1.000000 0.000030
vn 0.943395 0.258281 -0.208081
vn 0.943395 0.258280 -0.208080
vn 0.762417 0.503881 -0.405984
vn 0.762411 0.503887 -0.405989
vn 0.438608 0.699798 -0.563831
vn 0.438622 0.699793 -0.563827
vn 0.000002 0.778710 -0.627384
vn 0.000002 0.778710 -0.627384
vn -0.438608 0.699804 -0.563824
vn -0.438619 0.699799 -0.563821
vn -0.762414 0.503889 -0.405981
vn -0.762408 0.503895 -0.405986
vn -0.943394 0.258285 -0.208079
vn -0.943394 0.258284 -0.208078
vn -1.000000 0.000005 -0.000009
vn -1.000000 0.000000 -0.000005
vn -0.943393 -0.258287 0.208082
vn -0.943393 -0.258286 0.208082
vn -0.762423 -0.503879 0.405978
vn -0.762425 -0.503877 0.405976
vn -0.438563 -0.699825 0.563833
vn -0.438573 -0.699821 0.563830
vn -0.000000 -0.778709 0.627385
vn -0.000000 -0.778710 0.627385
vn 0.438561 -0.699816 0.563845
vn 0.438571 -0.699813 0.563842
vn 0.762422 -0.503881 0.405976
vn 0.762423 -0.503880 0.405975
vn 0.943400 -0.258260 0.208085
vn 0.943400 -0.258259 0.208084
vn 1.000000 0.000037 -0.000009
vn 1.000000 0.000032 -0.000005
vn -0.943397 0.258274 -0.208080
vn -0.762398 0.503913 -0.405981
vn -0.762404 0.503908 -0.405977
vn -0.943397 0.258273 -0.208079
vn -0.438614 0.699799 -0.563825
vn -0.438601 0.699805 -0.563829
vn -0.000003 0.778710 -0.627384
vn -0.000003 0.778710 -0.627384
vn 0.438613 0.699807 -0.563816
vn 0.438602 0.699811 -0.563820
vn 0.762408 0.503895 -0.405985
vn 0.762414 0.503890 -0.405981
vn 0.943397 0.258272 -0.208079
vn 0.943397 0.258273 -0.208079
vn 1.000000 -0.000016 -0.000005
vn 1.000000 -0.000011 -0.000009
vn 0.943395 -0.258277 0.208083
vn 0.943395 -0.258278 0.208083
vn 0.762423 -0.503881 0.405974
vn 0.762421 -0.503883 0.405975
vn 0.438572 -0.699823 0.563828
vn 0.438562 -0.699826 0.563832
vn 0.000000 -0.778710 0.627384
vn 0.000000 -0.778710 0.627384
vn -0.438562 -0.699829 0.563829
vn -0.438552 -0.699833 0.563832
vn -0.762414 -0.503899 0.405970
vn -0.762412 -0.503900 0.405971
vn -0.943401 -0.258257 0.208084
vn -0.943400 -0.258258 0.208084
vn -1.000000 0.000027 -0.000005
vn -1.000000 0.000032 -0.000009
vn 0.874237 0.403737 -0.269640
vn 0.874237 0.403737 -0.269640
vn 0.874237 0.403737 -0.269640
vn 0.874237 0.403737 -0.269640
vn 0.626698 0.617991 -0.474697
vn 0.626698 0.617991 -0.474697
vn 0.626698 0.617991 -0.474697
vn 0.626698 0.617991 -0.474697
vn 0.232248 0.758659 -0.608685
vn 0.232248 0.758659 -0.608685
vn 0.232248 0.758659 -0.608685
vn 0.232248 0.758659 -0.608685
vn -0.231675 0.758574 -0.609010
vn -0.231675 0.758574 -0.609010
vn -0.231675 0.758574 -0.609010
vn -0.231675 0.758574 -0.609010
vn -0.623868 0.615914 -0.481080
vn -0.623868 0.615914 -0.481080
vn -0.623868 0.615914 -0.481080
vn -0.623868 0.615914 -0.481080
vn -0.872415 0.394480 -0.288577
vn -0.872415 0.394480 -0.288577
vn -0.872415 0.394480 -0.288577
vn -0.872415 0.394480 -0.288577
vn -0.985967 0.146285 -0.080433
vn -0.985967 0.146285 -0.080433
vn -0.985967 0.146285 -0.080433
vn -0.985967 0.146285 -0.080433
vn -0.985971 -0.109674 0.125829
vn -0.985971 -0.109674 0.125829
vn -0.985971 -0.109674 0.125829
vn -0.985971 -0.109674 0.125829
vn -0.872374 -0.365950 0.324107
vn -0.872374 -0.365950 0.324107
vn -0.872374 -0.365950 0.324107
vn -0.872374 -0.365950 0.324107
vn -0.623966 -0.601076 0.499374
vn -0.623966 -0.601076 0.499374
vn -0.623966 -0.601076 0.499374
vn -0.623966 -0.601076 0.499374
vn -0.231565 -0.756487 0.611642
vn -0.231565 -0.756487 0.611642
vn -0.231565 -0.756487 0.611642
vn -0.231565 -0.756487 0.611642
vn 0.232259 -0.756159 0.611784
vn 0.232259 -0.756159 0.611784
vn 0.232259 -0.756159 0.611784
vn 0.232259 -0.756159 0.611784
vn 0.626661 -0.595318 0.502883
vn 0.626661 -0.595318 0.502883
vn 0.626661 -0.595318 0.502883
vn 0.626661 -0.595318 0.502883
vn 0.874233 -0.349409 0.337090
vn 0.874233 -0.349409 0.337090
vn 0.874233 -0.349409 0.337090
vn 0.874233 -0.349409 0.337090
vn 0.984834 -0.086742 0.150259
vn 0.984834 -0.086742 0.150259
vn 0.984834 -0.086742 0.150259
vn 0.984834 -0.086742 0.150259
vn 0.984836 0.165280 -0.052741
vn 0.984836 0.165280 -0.052741
vn 0.984836 0.165280 -0.052741
vn 0.984836 0.165280 -0.052741
vn -0.874226 0.403761 -0.269640
vn -0.874226 0.403761 -0.269640
vn -0.874226 0.403761 -0.269640
vn -0.874226 0.403761 -0.269640
vn -0.626702 0.617984 -0.474700
vn -0.626702 0.617984 -0.474700
vn -0.626702 0.617984 -0.474700
vn -0.626702 0.617984 -0.474700
vn -0.232257 0.758658 -0.608683
vn -0.232257 0.758658 -0.608683
vn -0.232257 0.758658 -0.608683
vn -0.232257 0.758658 -0.608683
vn 0.231676 0.758571 -0.609013
vn 0.231676 0.758571 -0.609013
vn 0.231676 0.758571 -0.609013
vn 0.231676 0.758571 -0.609013
vn 0.623871 0.615910 -0.481082
vn 0.623871 0.615910 -0.481082
vn 0.623871 0.615910 -0.481082
vn 0.623871 0.615910 -0.481082
vn 0.872420 0.394469 -0.288578
vn 0.872420 0.394470 -0.288578
vn 0.872420 0.394470 -0.288578
vn 0.872420 0.394469 -0.288578
vn 0.985972 0.146252 -0.080433
vn 0.985972 0.146252 -0.080433
vn 0.985972 0.146252 -0.080433
vn 0.985972 0.146252 -0.080433
vn 0.985970 -0.109686 0.125829
vn 0.985970 -0.109686 0.125829
vn 0.985970 -0.109686 0.125829
vn 0.985970 -0.109686 0.125829
vn 0.872380 -0.365935 0.324105
vn 0.872381 -0.365935 0.324105
vn 0.872380 -0.365935 0.324105
vn 0.872380 -0.365935 0.324105
vn 0.623984 -0.601050 0.499383
vn 0.623984 -0.601050 0.499383
vn 0.623984 -0.601050 0.499383
vn 0.623984 -0.601050 0.499383
vn 0.231567 -0.756482 0.611647
vn 0.231567 -0.756482 0.611647
vn 0.231567 -0.756482 0.611647
vn 0.231567 -0.756482 0.611647
vn -0.232257 -0.756163 0.611780
vn -0.232257 -0.756163 0.611780
vn -0.232257 -0.756163 0.611780
vn -0.232257 -0.756163 0.611780
vn -0.626650 -0.595335 0.502879
vn -0.626650 -0.595335 0.502879
vn -0.626650 -0.595335 0.502879
vn -0.626650 -0.595335 0.502879
vn -0.874241 -0.349388 0.337093
vn -0.874241 -0.349388 0.337093
vn -0.874241 -0.349388 0.337093
vn -0.874241 -0.349388 0.337093
vn -0.984837 -0.086717 0.150257
vn -0.984837 -0.086717 0.150257
vn -0.984837 -0.086717 0.150257
vn -0.984837 -0.086717 0.150257
vn -0.984836 0.165280 -0.052741
vn -0.984836 0.165280 -0.052741
vn -0.984836 0.165280 -0.052741
vn -0.984836 0.165280 -0.052741
vn 0.858830 0.279322 -0.429406
vn 0.858830 0.279322 -0.429406
vn 0.858830 0.279322 -0.429406
vn 0.858830 0.279322 -0.429406
vn 0.611257 0.531668 -0.586254
vn 0.611257 0.531668 -0.586254
vn 0.611257 0.531668 -0.586254
vn 0.611257 0.531668 -0.586254
vn 0.224860 0.727128 -0.648632
vn 0.224860 0.727128 -0.648632
vn 0.224860 0.727128 -0.648632
vn 0.224860 0.727128 -0.648632
vn -0.223358 0.790433 -0.570374
vn -0.223358 0.790433 -0.570374
vn -0.223358 0.790433 -0.570374
vn -0.223358 0.790433 -0.570374
vn -0.602463 0.702599 -0.378673
vn -0.602463 0.702599 -0.378673
vn -0.602463 0.702599 -0.378673
vn -0.602463 0.702599 -0.378673
vn -0.844452 0.515573 -0.145209
vn -0.844452 0.515573 -0.145209
vn -0.844452 0.515573 -0.145209
vn -0.844452 0.515573 -0.145209
vn -0.956078 0.280918 0.083666
vn -0.956078 0.280918 0.083666
vn -0.956078 0.280918 0.083666
vn -0.956078 0.280918 0.083666
vn -0.956079 0.021994 0.292282
vn -0.956079 0.021994 0.292282
vn -0.956079 0.021994 0.292282
vn -0.956079 0.021994 0.292282
vn -0.844404 -0.251698 0.472896
vn -0.844404 -0.251698 0.472896
vn -0.844404 -0.251698 0.472896
vn -0.844404 -0.251698 0.472896
vn -0.602650 -0.519317 0.605906
vn -0.602650 -0.519317 0.605906
vn -0.602650 -0.519317 0.605906
vn -0.602650 -0.519317 0.605906
vn -0.223248 -0.725526 0.650978
vn -0.223248 -0.725526 0.650978
vn -0.223248 -0.725526 0.650978
vn -0.223248 -0.725526 0.650978
vn 0.224771 -0.788550 0.572423
vn 0.224771 -0.788550 0.572422
vn 0.224771 -0.788550 0.572422
vn 0.224771 -0.788550 0.572422
vn 0.611294 -0.685923 0.394751
vn 0.611294 -0.685923 0.394751
vn 0.611294 -0.685923 0.394751
vn 0.611294 -0.685923 0.394751
vn 0.858800 -0.479061 0.181557
vn 0.858800 -0.479061 0.181557
vn 0.858800 -0.479061 0.181557
vn 0.858800 -0.479061 0.181557
vn 0.971755 -0.234042 -0.030265
vn 0.971755 -0.234042 -0.030265
vn 0.971755 -0.234042 -0.030265
vn 0.971755 -0.234042 -0.030265
vn 0.971760 0.020247 -0.235103
vn 0.971760 0.020247 -0.235103
vn 0.971760 0.020247 -0.235103
vn 0.971760 0.020247 -0.235103
vn -0.858833 0.279320 -0.429403
vn -0.858833 0.279320 -0.429403
vn -0.858833 0.279320 -0.429403
vn -0.858833 0.279320 -0.429403
vn -0.611261 0.531668 -0.586250
vn -0.611261 0.531668 -0.586250
vn -0.611261 0.531668 -0.586250
vn -0.611261 0.531668 -0.586250
vn -0.224862 0.727143 -0.648614
vn -0.224862 0.727143 -0.648614
vn -0.224862 0.727143 -0.648614
vn -0.224862 0.727143 -0.648614
vn 0.223359 0.790437 -0.570369
vn 0.223359 0.790437 -0.570369
vn 0.223359 0.790437 -0.570369
vn 0.223359 0.790437 -0.570369
vn 0.602447 0.702617 -0.378663
vn 0.602447 0.702617 -0.378663
vn 0.602447 0.702617 -0.378663
vn 0.602447 0.702617 -0.378663
vn 0.844459 0.515561 -0.145211
vn 0.844459 0.515561 -0.145211
vn 0.844459 0.515561 -0.145211
vn 0.844459 0.515561 -0.145211
vn 0.956081 0.280907 0.083666
vn 0.956081 0.280907 0.083666
vn 0.956081 0.280907 0.083666
vn 0.956081 0.280907 0.083666
vn 0.956079 0.021974 0.292283
vn 0.956079 0.021974 0.292283
vn 0.956079 0.021974 0.292283
vn 0.956079 0.021974 0.292283
vn 0.844399 -0.251718 0.472893
vn 0.844399 -0.251718 0.472893
vn 0.844399 -0.251718 0.472893
vn 0.844399 -0.251718 0.472893
vn 0.602644 -0.519343 0.605890
vn 0.602644 -0.519343 0.605890
vn 0.602644 -0.519343 0.605890
vn 0.602644 -0.519343 0.605890
vn 0.223253 -0.725519 0.650984
vn 0.223253 -0.725519 0.650984
vn 0.223253 -0.725519 0.650984
vn 0.223253 -0.725519 0.650984
vn -0.224765 -0.788562 0.572408
vn -0.224765 -0.788562 0.572408
vn -0.224765 -0.788562 0.572408
vn -0.224765 -0.788562 0.572408
vn -0.611289 -0.685927 0.394754
vn -0.611289 -0.685927 0.394754
vn -0.611289 -0.685927 0.394754
vn -0.611289 -0.685927 0.394754
vn -0.858815 -0.479033 0.181560
vn -0.858815 -0.479033 0.181560
vn -0.858815 -0.479033 0.181560
vn -0.858815 -0.479033 0.181560
vn -0.971747 -0.234077 -0.030263
vn -0.971747 -0.234077 -0.030263
vn -0.971747 -0.234077 -0.030263
vn -0.971747 -0.234077 -0.030263
vn -0.971761 0.020210 -0.235102
vn -0.971761 0.020210 -0.235102
vn -0.971761 0.020210 -0.235102
vn -0.971761 0.020210 -0.235102
vn 0.797950 0.170631 -0.578067
vn 0.797950 0.170631 -0.578067
vn 0.797950 0.170631 -0.578067
vn 0.797950 0.170631 -0.578067
vn 0.559129 0.456339 -0.692192
vn 0.559129 0.456339 -0.692192
vn 0.559129 0.456339 -0.692192
vn 0.559129 0.456339 -0.692192
vn 0.202514 0.698566 -0.686290
vn 0.202514 0.698566 -0.686290
vn 0.202514 0.698566 -0.686290
vn 0.202514 0.698566 -0.686290
vn -0.200029 0.821040 -0.534679
vn -0.200029 0.821040 -0.534679
vn -0.200029 0.821040 -0.534679
vn -0.200029 0.821040 -0.534679
vn -0.542461 0.790893 -0.283240
vn -0.542461 0.790893 -0.283240
vn -0.542461 0.790893 -0.283240
vn -0.542461 0.790893 -0.283240
vn -0.767122 0.641462 -0.007141
vn -0.767122 0.641462 -0.007141
vn -0.767122 0.641462 -0.007141
vn -0.767122 0.641462 -0.007141
vn -0.873452 0.419335 0.247466
vn -0.873452 0.419335 0.247466
vn -0.873452 0.419335 0.247466
vn -0.873452 0.419335 0.247466
vn -0.873436 0.152643 0.462396
vn -0.873436 0.152643 0.462396
vn -0.873436 0.152643 0.462396
vn -0.873436 0.152643 0.462396
vn -0.767063 -0.143585 0.625298
vn -0.767063 -0.143585 0.625298
vn -0.767063 -0.143585 0.625298
vn -0.767063 -0.143585 0.625298
vn -0.542580 -0.444885 0.712520
vn -0.542580 -0.444885 0.712520
vn -0.542580 -0.444885 0.712520
vn -0.542580 -0.444885 0.712520
vn -0.199973 -0.697112 0.688509
vn -0.199973 -0.697112 0.688509
vn -0.199973 -0.697112 0.688509
vn -0.199973 -0.697112 0.688509
vn 0.202588 -0.819157 0.536600
vn 0.202588 -0.819157 0.536600
vn 0.202588 -0.819157 0.536600
vn 0.202588 -0.819157 0.536600
vn 0.559323 -0.773319 0.298557
vn 0.559323 -0.773319 0.298557
vn 0.559323 -0.773319 0.298557
vn 0.559323 -0.773319 0.298557
vn 0.797857 -0.601249 0.043878
vn 0.797857 -0.601249 0.043878
vn 0.797857 -0.601249 0.043878
vn 0.797857 -0.601249 0.043878
vn 0.910431 -0.367382 -0.190121
vn 0.910431 -0.367382 -0.190121
vn 0.910431 -0.367382 -0.190121
vn 0.910431 -0.367382 -0.190121
vn 0.910422 -0.107530 -0.399460
vn 0.910422 -0.107530 -0.399460
vn 0.910422 -0.107530 -0.399460
vn 0.910422 -0.107530 -0.399460
vn -0.797947 0.170624 -0.578073
vn -0.797947 0.170624 -0.578073
vn -0.797946 0.170624 -0.578073
vn -0.797947 0.170624 -0.578073
vn -0.559115 0.456349 -0.692196
vn -0.559115 0.456349 -0.692196
vn -0.559115 0.456349 -0.692197
vn -0.559115 0.456349 -0.692196
vn -0.202489 0.698594 -0.686269
vn -0.202489 0.698594 -0.686269
vn -0.202489 0.698594 -0.686269
vn -0.202489 0.698594 -0.686269
vn 0.200004 0.821033 -0.534699
vn 0.200004 0.821033 -0.534699
vn 0.200004 0.821033 -0.534699
vn 0.200004 0.821033 -0.534699
vn 0.542442 0.790913 -0.283220
vn 0.542442 0.790913 -0.283220
vn 0.542442 0.790913 -0.283220
vn 0.542442 0.790913 -0.283220
vn 0.767136 0.641445 -0.007147
vn 0.767136 0.641445 -0.007147
vn 0.767136 0.641445 -0.007147
vn 0.767136 0.641445 -0.007147
vn 0.873456 0.419329 0.247464
vn 0.873456 0.419329 0.247464
vn 0.873456 0.419329 0.247464
vn 0.873456 0.419329 0.247464
vn 0.873436 0.152631 0.462399
vn 0.873436 0.152631 0.462399
vn 0.873436 0.152631 0.462399
vn 0.873436 0.152631 0.462399
vn 0.767062 -0.143584 0.625299
vn 0.767063 -0.143584 0.625299
vn 0.767062 -0.143584 0.625299
vn 0.767063 -0.143584 0.625299
vn 0.542592 -0.444872 0.712519
vn 0.542592 -0.444872 0.712519
vn 0.542592 -0.444872 0.712519
vn 0.542592 -0.444872 0.712519
vn 0.199972 -0.697114 0.688508
vn 0.199972 -0.697114 0.688508
vn 0.199972 -0.697114 0.688508
vn 0.199972 -0.697114 0.688508
vn -0.202533 -0.819168 0.536605
vn -0.202533 -0.819168 0.536605
vn -0.202533 -0.819168 0.536605
vn -0.202533 -0.819168 0.536605
vn -0.559305 -0.773344 0.298526
vn -0.559305 -0.773344 0.298526
vn -0.559305 -0.773344 0.298526
vn -0.559305 -0.773344 0.298526
vn -0.797868 -0.601233 0.043878
vn -0.797868 -0.601233 0.043878
vn -0.797868 -0.601233 0.043878
vn -0.797868 -0.601233 0.043878
vn -0.910408 -0.367433 -0.190135
vn -0.910408 -0.367433 -0.190135
vn -0.910408 -0.367433 -0.190135
vn -0.910408 -0.367433 -0.190135
vn -0.910415 -0.107527 -0.399477
vn -0.910415 -0.107527 -0.399477
vn -0.910415 -0.107527 -0.399477
vn -0.910415 -0.107527 -0.399477
vn 0.690171 0.073829 -0.719871
vn 0.690171 0.073829 -0.719871
vn 0.690171 0.073829 -0.719871
vn 0.690171 0.073829 -0.719871
vn 0.471312 0.391937 -0.790095
vn 0.471312 0.391937 -0.790095
vn 0.471312 0.391937 -0.790095
vn 0.471312 0.391937 -0.790095
vn 0.166477 0.674456 -0.719301
vn 0.166477 0.674456 -0.719301
vn 0.166477 0.674456 -0.719301
vn 0.166477 0.674456 -0.719301
vn -0.162947 0.848004 -0.504319
vn -0.162947 0.848004 -0.504319
vn -0.162947 0.848004 -0.504319
vn -0.162947 0.848004 -0.504319
vn -0.444685 0.872778 -0.201280
vn -0.444685 0.872778 -0.201280
vn -0.444685 0.872778 -0.201280
vn -0.444685 0.872778 -0.201280
vn -0.636629 0.762269 0.116828
vn -0.636629 0.762269 0.116828
vn -0.636629 0.762269 0.116828
vn -0.636629 0.762269 0.116828
vn -0.730821 0.552427 0.400904
vn -0.730821 0.552427 0.400904
vn -0.730821 0.552427 0.400904
vn -0.730821 0.552427 0.400904
vn -0.730766 0.274177 0.625146
vn -0.730766 0.274177 0.625146
vn -0.730766 0.274177 0.625146
vn -0.730766 0.274177 0.625146
vn -0.636575 -0.048087 0.769715
vn -0.636575 -0.048087 0.769715
vn -0.636575 -0.048087 0.769715
vn -0.636575 -0.048087 0.769715
vn -0.444817 -0.382224 0.809965
vn -0.444817 -0.382224 0.809965
vn -0.444817 -0.382224 0.809965
vn -0.444817 -0.382224 0.809965
vn -0.163033 -0.673174 0.721288
vn -0.163033 -0.673174 0.721288
vn -0.163033 -0.673174 0.721288
vn -0.163033 -0.673174 0.721288
vn 0.166541 -0.846406 0.505828
vn 0.166541 -0.846406 0.505828
vn 0.166541 -0.846406 0.505828
vn 0.166541 -0.846406 0.505828
vn 0.471404 -0.855352 0.214828
vn 0.471404 -0.855352 0.214828
vn 0.471404 -0.855352 0.214828
vn 0.471404 -0.855352 0.214828
vn 0.690155 -0.719128 -0.080875
vn 0.690155 -0.719128 -0.080875
vn 0.690155 -0.719128 -0.080875
vn 0.690155 -0.719128 -0.080875
vn 0.799340 -0.495395 -0.340057
vn 0.799340 -0.495395 -0.340057
vn 0.799340 -0.495395 -0.340057
vn 0.799341 -0.495395 -0.340057
vn 0.799309 -0.226803 -0.556477
vn 0.799309 -0.226803 -0.556477
vn 0.799309 -0.226803 -0.556477
vn 0.799309 -0.226803 -0.556477
vn -0.690173 0.073859 -0.719866
vn -0.690173 0.073859 -0.719866
vn -0.690173 0.073859 -0.719866
vn -0.690173 0.073859 -0.719866
vn -0.471295 0.391999 -0.790075
vn -0.471295 0.391999 -0.790075
vn -0.471295 0.391999 -0.790075
vn -0.471295 0.391999 -0.790075
vn -0.166439 0.674453 -0.719313
vn -0.166439 0.674453 -0.719313
vn -0.166439 0.674453 -0.719313
vn -0.166439 0.674453 -0.719313
vn 0.162958 0.848001 -0.504321
vn 0.162958 0.848001 -0.504321
vn 0.162958 0.848001 -0.504321
vn 0.162958 0.848001 -0.504321
vn 0.444695 0.872772 -0.201283
vn 0.444695 0.872772 -0.201283
vn 0.444695 0.872772 -0.201283
vn 0.444695 0.872772 -0.201283
vn 0.636635 0.762263 0.116837
vn 0.636635 0.762263 0.116837
vn 0.636635 0.762263 0.116837
vn 0.636635 0.762263 0.116837
vn 0.730812 0.552450 0.400890
vn 0.730812 0.552450 0.400890
vn 0.730812 0.552450 0.400890
vn 0.730812 0.552450 0.400890
vn 0.730765 0.274155 0.625157
vn 0.730765 0.274155 0.625157
vn 0.730765 0.274155 0.625157
vn 0.730765 0.274155 0.625157
vn 0.636574 -0.048101 0.769714
vn 0.636574 -0.048101 0.769714
vn 0.636574 -0.048101 0.769714
vn 0.636574 -0.048101 0.769714
vn 0.444819 -0.382211 0.809969
vn 0.444819 -0.382211 0.809969
vn 0.444819 -0.382211 0.809969
vn 0.444819 -0.382211 0.809969
vn 0.163039 -0.673170 0.721291
vn 0.163039 -0.673170 0.721291
vn 0.163039 -0.673170 0.721291
vn 0.163039 -0.673170 0.721291
vn -0.166496 -0.846395 0.505861
vn -0.166496 -0.846395 0.505861
vn -0.166496 -0.846395 0.505861
vn -0.166496 -0.846395 0.505861
vn -0.471437 -0.855342 0.214796
vn -0.471437 -0.855342 0.214796
vn -0.471437 -0.855342 0.214796
vn -0.471437 -0.855342 0.214796
vn -0.690089 -0.719193 -0.080862
vn -0.690089 -0.719193 -0.080862
vn -0.690089 -0.719193 -0.080862
vn -0.690089 -0.719193 -0.080862
vn -0.799356 -0.495376 -0.340049
vn -0.799356 -0.495376 -0.340049
vn -0.799356 -0.495376 -0.340049
vn -0.799356 -0.495376 -0.340049
vn -0.799326 -0.226831 -0.556440
vn -0.799326 -0.226831 -0.556440
vn -0.799326 -0.226831 -0.556440
vn -0.799326 -0.226831 -0.556440
vn 0.541709 -0.005106 -0.840551
vn 0.541709 -0.005106 -0.840551
vn 0.541709 -0.005106 -0.840551
vn 0.541709 -0.005106 -0.840551
vn 0.353162 0.341997 -0.870813
vn 0.353162 0.341997 -0.870813
vn 0.353162 0.341997 -0.870813
vn 0.353162 0.341997 -0.870813
vn 0.119559 0.656022 -0.745212
vn 0.119559 0.656022 -0.745212
vn 0.119559 0.656022 -0.745212
vn 0.119559 0.656022 -0.745212
vn -0.114314 0.869131 -0.481189
vn -0.114314 0.869131 -0.481190
vn -0.114314 0.869131 -0.481190
vn -0.114314 0.869131 -0.481190
vn -0.311468 0.940200 -0.137884
vn -0.311468 0.940200 -0.137884
vn -0.311468 0.940200 -0.137884
vn -0.311468 0.940200 -0.137884
vn -0.449757 0.866187 0.217805
vn -0.449757 0.866187 0.217805
vn -0.449757 0.866187 0.217805
vn -0.449757 0.866187 0.217805
vn -0.519990 0.668431 0.531799
vn -0.519990 0.668431 0.531799
vn -0.519990 0.668431 0.531799
vn -0.519989 0.668431 0.531799
vn -0.520032 0.377391 0.766253
vn -0.520032 0.377391 0.766253
vn -0.520032 0.377391 0.766253
vn -0.520032 0.377391 0.766252
vn -0.449813 0.028454 0.892669
vn -0.449813 0.028454 0.892669
vn -0.449813 0.028454 0.892669
vn -0.449813 0.028454 0.892669
vn -0.311456 -0.334698 0.889366
vn -0.311456 -0.334698 0.889367
vn -0.311456 -0.334698 0.889367
vn -0.311456 -0.334698 0.889367
vn -0.114301 -0.655024 0.746913
vn -0.114301 -0.655024 0.746913
vn -0.114301 -0.655024 0.746913
vn -0.114301 -0.655024 0.746913
vn 0.119518 -0.867722 0.482466
vn 0.119518 -0.867722 0.482466
vn 0.119518 -0.867722 0.482466
vn 0.119518 -0.867722 0.482466
vn 0.353019 -0.923722 0.148715
vn 0.353019 -0.923722 0.148715
vn 0.353019 -0.923722 0.148715
vn 0.353019 -0.923722 0.148715
vn 0.541762 -0.820190 -0.183798
vn 0.541762 -0.820190 -0.183798
vn 0.541762 -0.820190 -0.183798
vn 0.541762 -0.820190 -0.183798
vn 0.646449 -0.604129 -0.465974
vn 0.646449 -0.604129 -0.465974
vn 0.646449 -0.604129 -0.465974
vn 0.646449 -0.604129 -0.465974
vn 0.646303 -0.326924 -0.689502
vn 0.646303 -0.326924 -0.689502
vn 0.646303 -0.326925 -0.689502
vn 0.646303 -0.326924 -0.689502
vn -0.541721 -0.005070 -0.840543
vn -0.541721 -0.005070 -0.840543
vn -0.541721 -0.005070 -0.840543
vn -0.541721 -0.005070 -0.840543
vn -0.353198 0.341926 -0.870826
vn -0.353198 0.341926 -0.870826
vn -0.353198 0.341926 -0.870826
vn -0.353198 0.341926 -0.870826
vn -0.119562 0.656022 -0.745212
vn -0.119562 0.656022 -0.745212
vn -0.119562 0.656022 -0.745212
vn -0.119562 0.656022 -0.745212
vn 0.114314 0.869131 -0.481190
vn 0.114314 0.869131 -0.481189
vn 0.114314 0.869131 -0.481189
vn 0.114314 0.869131 -0.481190
vn 0.311471 0.940202 -0.137861
vn 0.311471 0.940202 -0.137861
vn 0.311471 0.940202 -0.137861
vn 0.311471 0.940202 -0.137861
vn 0.449763 0.866190 0.217782
vn 0.449763 0.866190 0.217782
vn 0.449763 0.866190 0.217782
vn 0.449763 0.866190 0.217782
vn 0.520001 0.668401 0.531827
vn 0.520001 0.668401 0.531827
vn 0.520001 0.668401 0.531827
vn 0.520001 0.668401 0.531827
vn 0.520053 0.377404 0.766232
vn 0.520053 0.377404 0.766232
vn 0.520053 0.377404 0.766232
vn 0.520053 0.377404 0.766232
vn 0.449816 0.028430 0.892668
vn 0.449817 0.028430 0.892668
vn 0.449817 0.028430 0.892668
vn 0.449817 0.028430 0.892668
vn 0.311481 -0.334696 0.889359
vn 0.311481 -0.334696 0.889359
vn 0.311481 -0.334696 0.889359
vn 0.311481 -0.334696 0.889359
vn 0.114301 -0.655019 0.746917
vn 0.114301 -0.655019 0.746917
vn 0.114301 -0.655019 0.746917
vn 0.114301 -0.655019 0.746917
vn -0.119541 -0.867701 0.482498
vn -0.119541 -0.867701 0.482498
vn -0.119541 -0.867701 0.482498
vn -0.119541 -0.867701 0.482498
vn -0.353052 -0.923706 0.148731
vn -0.353052 -0.923706 0.148731
vn -0.353052 -0.923706 0.148731
vn -0.353052 -0.923706 0.148731
vn -0.541818 -0.820157 -0.183781
vn -0.541818 -0.820157 -0.183781
vn -0.541818 -0.820157 -0.183781
vn -0.541818 -0.820157 -0.183781
vn -0.646494 -0.604055 -0.466007
vn -0.646494 -0.604055 -0.466007
vn -0.646494 -0.604055 -0.466007
vn -0.646494 -0.604055 -0.466007
vn -0.646330 -0.326899 -0.689489
vn -0.646330 -0.326899 -0.689489
vn -0.646330 -0.326899 -0.689489
vn -0.646330 -0.326899 -0.689489
vn 0.304955 -0.069184 -0.949850
vn 0.304955 -0.069184 -0.949851
vn 0.304955 -0.069184 -0.949850
vn 0.304955 -0.069184 -0.949851
vn 0.191770 0.307401 -0.932056
vn 0.191770 0.307401 -0.932056
vn 0.191770 0.307401 -0.932056
vn 0.191770 0.307401 -0.932056
vn 0.062695 0.644171 -0.762308
vn 0.062695 0.644171 -0.762308
vn 0.062695 0.644171 -0.762308
vn 0.062695 0.644171 -0.762308
vn -0.058602 0.882291 -0.467041
vn -0.058602 0.882291 -0.467041
vn -0.058602 0.882291 -0.467041
vn -0.058602 0.882291 -0.467041
vn -0.157332 0.982541 -0.099295
vn -0.157332 0.982541 -0.099295
vn -0.157332 0.982541 -0.099295
vn -0.157332 0.982541 -0.099295
vn -0.226263 0.932725 0.280764
vn -0.226263 0.932725 0.280764
vn -0.226263 0.932725 0.280764
vn -0.226263 0.932725 0.280764
vn -0.261503 0.743424 0.615578
vn -0.261503 0.743424 0.615578
vn -0.261503 0.743424 0.615578
vn -0.261503 0.743424 0.615578
vn -0.261455 0.443333 0.857378
vn -0.261455 0.443333 0.857378
vn -0.261455 0.443333 0.857378
vn -0.261455 0.443333 0.857378
vn -0.226265 0.075956 0.971100
vn -0.226265 0.075956 0.971100
vn -0.226265 0.075956 0.971100
vn -0.226265 0.075956 0.971100
vn -0.157418 -0.306200 0.938862
vn -0.157418 -0.306200 0.938862
vn -0.157418 -0.306200 0.938862
vn -0.157418 -0.306200 0.938862
vn -0.058572 -0.644062 0.762728
vn -0.058572 -0.644062 0.762728
vn -0.058572 -0.644062 0.762728
vn -0.058572 -0.644062 0.762727
vn 0.062702 -0.881802 0.467433
vn 0.062702 -0.881802 0.467433
vn 0.062702 -0.881802 0.467433
vn 0.062702 -0.881802 0.467433
vn 0.191950 -0.976097 0.101930
vn 0.191950 -0.976097 0.101930
vn 0.191950 -0.976097 0.101930
vn 0.191950 -0.976097 0.101930
vn 0.304812 -0.913436 -0.269673
vn 0.304812 -0.913436 -0.269673
vn 0.304812 -0.913436 -0.269673
vn 0.304812 -0.913436 -0.269673
vn 0.371639 -0.716705 -0.590101
vn 0.371639 -0.716705 -0.590101
vn 0.371639 -0.716705 -0.590101
vn 0.371639 -0.716705 -0.590101
vn 0.371836 -0.424074 -0.825772
vn 0.371836 -0.424074 -0.825772
vn 0.371836 -0.424074 -0.825772
vn 0.371836 -0.424074 -0.825772
vn -0.304919 -0.069172 -0.949863
vn -0.304919 -0.069172 -0.949863
vn -0.304919 -0.069172 -0.949863
vn -0.304919 -0.069172 -0.949863
vn -0.191762 0.307385 -0.932063
vn -0.191762 0.307385 -0.932063
vn -0.191762 0.307385 -0.932063
vn -0.191762 0.307385 -0.932063
vn -0.062713 0.644163 -0.762313
vn -0.062713 0.644163 -0.762313
vn -0.062713 0.644163 -0.762313
vn -0.062713 0.644163 -0.762313
vn 0.058600 0.882289 -0.467046
vn 0.058600 0.882289 -0.467045
vn 0.058600 0.882290 -0.467046
vn 0.058600 0.882289 -0.467045
vn 0.157348 0.982539 -0.099295
vn 0.157348 0.982539 -0.099295
vn 0.157348 0.982539 -0.099295
vn 0.157348 0.982539 -0.099295
vn 0.226259 0.932724 0.280773
vn 0.226259 0.932724 0.280773
vn 0.226259 0.932724 0.280773
vn 0.226259 0.932724 0.280773
vn 0.261501 0.743412 0.615594
vn 0.261501 0.743412 0.615594
vn 0.261501 0.743412 0.615594
vn 0.261501 0.743412 0.615594
vn 0.261436 0.443368 0.857366
vn 0.261436 0.443368 0.857366
vn 0.261436 0.443368 0.857366
vn 0.261436 0.443368 0.857366
vn 0.226234 0.075945 0.971108
vn 0.226234 0.075945 0.971108
vn 0.226234 0.075945 0.971108
vn 0.226234 0.075945 0.971108
vn 0.157410 -0.306184 0.938868
vn 0.157410 -0.306184 0.938868
vn 0.157410 -0.306184 0.938868
vn 0.157410 -0.306184 0.938868
vn 0.058595 -0.644064 0.762724
vn 0.058595 -0.644064 0.762724
vn 0.058595 -0.644064 0.762724
vn 0.058595 -0.644064 0.762724
vn -0.062683 -0.881814 0.467413
vn -0.062683 -0.881814 0.467413
vn -0.062683 -0.881814 0.467413
vn -0.062683 -0.881814 0.467413
vn -0.191941 -0.976100 0.101917
vn -0.191941 -0.976100 0.101917
vn -0.191941 -0.976100 0.101917
vn -0.191941 -0.976100 0.101917
vn -0.304779 -0.913452 -0.269658
vn -0.304779 -0.913452 -0.269658
vn -0.304779 -0.913452 -0.269658
vn -0.304779 -0.913452 -0.269658
vn -0.371641 -0.716712 -0.590090
vn -0.371641 -0.716712 -0.590090
vn -0.371641 -0.716712 -0.590090
vn -0.371641 -0.716712 -0.590090
vn -0.371817 -0.424067 -0.825784
vn -0.371817 -0.424067 -0.825784
vn -0.371817 -0.424067 -0.825784
vn -0.371817 -0.424067 -0.825784
vn -0.000000 -0.084498 -0.996424
vn -0.000000 -0.084498 -0.996424
vn -0.000000 -0.084498 -0.996424
vn -0.000000 -0.084498 -0.996424
vn 0.000000 -0.461390 -0.887197
vn 0.000000 -0.461390 -0.887197
vn 0.000000 -0.461390 -0.887197
vn 0.000000 -0.461390 -0.887197
vn 0.000000 -0.768572 -0.639763
vn 0.000000 -0.768572 -0.639763
vn 0.000000 -0.768572 -0.639763
vn 0.000000 -0.768572 -0.639763
vn 0.000000 -0.955729 -0.294249
vn 0.000000 -0.955729 -0.294249
vn 0.000000 -0.955729 -0.294249
vn 0.000000 -0.955729 -0.294249
vn 0.000000 -0.995584 0.093877
vn 0.000000 -0.995584 0.093877
vn 0.000000 -0.995584 0.093877
vn 0.000000 -0.995584 0.093877
vn -0.000000 -0.885166 0.465275
vn -0.000000 -0.885166 0.465275
vn -0.000000 -0.885166 0.465275
vn -0.000000 -0.885166 0.465275
vn -0.000000 -0.642876 0.765970
vn -0.000000 -0.642876 0.765970
vn -0.000000 -0.642876 0.765970
vn -0.000000 -0.642876 0.765970
vn 0.000000 -0.303694 0.952770
vn 0.000000 -0.303694 0.952770
vn 0.000000 -0.303694 0.952770
vn 0.000000 -0.303694 0.952770
vn 0.000000 0.084437 0.996429
vn 0.000000 0.084437 0.996429
vn 0.000000 0.084437 0.996429
vn 0.000000 0.084437 0.996429
vn -0.000000 0.461418 0.887183
vn -0.000000 0.461418 0.887183
vn -0.000000 0.461418 0.887183
vn -0.000000 0.461418 0.887183
vn -0.000000 0.768598 0.639733
vn -0.000000 0.768598 0.639733
vn -0.000000 0.768598 0.639733
vn -0.000000 0.768598 0.639733
vn -0.000000 0.955723 0.294267
vn -0.000000 0.955723 0.294267
vn -0.000000 0.955723 0.294267
vn -0.000000 0.955723 0.294267
vn -0.000000 0.995583 -0.093882
vn -0.000000 0.995583 -0.093882
vn -0.000000 0.995583 -0.093882
vn -0.000000 0.995583 -0.093882
vn -0.000000 0.885213 -0.465185
vn -0.000000 0.885213 -0.465185
vn -0.000000 0.885213 -0.465185
vn -0.000000 0.885213 -0.465185
vn 0.000000 0.642809 -0.766026
vn 0.000000 0.642809 -0.766026
vn 0.000000 0.642809 -0.766027
vn 0.000000 0.642809 -0.766026
vn 0.000000 0.303646 -0.952785
vn 0.000000 0.303646 -0.952785
vn 0.000000 0.303646 -0.952785
vn 0.000000 0.303646 -0.952785
vn 0.000000 0.000000 1.000000
vn 0.000000 0.000000 1.000000
vn 0.000000 0.000000 1.000000
vn 0.000000 0.000000 1.000000
vn 0.000000 1.000000 0.000000
vn 0.000000 1.000000 0.000000
vn 0.000000 1.000000 0.000000
vn 0.000000 1.000000 0.000000
vn 0.000000 0.000000 -1.000000
vn 0.000000 0.000000 -1.000000
vn 0.000000 0.000000 -1.000000
vn 0.000000 0.000000 -1.000000
vn 1.000000 0.000000 0.000000
vn 1.000000 0.000000 0.000000
vn 1.000000 0.000000 0.000000
vn 1.000000 0.000000 0.000000
vn -1.000000 0.000000 0.000000
vn -1.000000 0.000000 0.000000
vn -1.000000 0.000000 0.000000
vn -1.000000 0.000000 0.000000
vn 0.000000 1.000000 -0.000001
vn 0.000000 1.000000 -0.000001
vn 0.000000 1.000000 -0.000001
vn 0.000000 1.000000 -0.000001
vn 0.000000 1.000000 0.000000
vn 0.000000 1.000000 0.000000
vn 0.000000 1.000000 0.000000
vn 0.000000 1.000000 0.000000
vn 0.000000 1.000000 0.000001
vn 0.000000 1.000000 0.000001
vn 0.000000 1.000000 0.000001
vn 0.000000 1.000000 0.000001
vn 0.000000 1.000000 0.000000
vn 0.000000 1.000000 0.000000
vn 0.000000 1.000000 0.000000
vn 0.000000 1.000000 0.000000
vn 0.000000 0.000000 -1.000000
vn 0.000000 0.000000 -1.000000
vn 0.000000 0.000000 -1.000000
vn 0.000000 0.000000 -1.000000
vn -1.000000 0.000000 0.000000
vn -1.000000 0.000000 0.000000
vn -1.000000 0.000000 0.000000
vn -1.000000 0.000000 0.000000
vn 0.000000 0.000000 1.000000
vn 0.000000 0.000000 1.000000
vn 0.000000 0.000000 1.000000
vn 0.000000 0.000000 1.000000
vn 1.000000 0.000000 0.000000
vn 1.000000 0.000000 0.000000
vn 1.000000 0.000000 0.000000
vn 1.000000 0.000000 0.000000
vn 0.000000 0.951057 -0.309015
vn 0.000000 0.809017 -0.587786
vn 0.000000 0.809017 -0.587786
vn 0.000000 0.951057 -0.309015
vn 0.000000 0.587783 -0.809018
vn 0.000000 0.587783 -0.809018
vn 0.000000 0.309016 -0.951057
vn 0.000000 0.309016 -0.951057
vn 0.000000 0.000000 -1.000000
vn 0.000000 0.000000 -1.000000
vn 0.000000 -0.309016 -0.951057
vn 0.000000 -0.309016 -0.951057
vn 0.000000 -0.587784 -0.809018
vn 0.000000 -0.587784 -0.809018
vn 0.000000 -0.809017 -0.587785
vn 0.000000 -0.809017 -0.587785
vn 0.000000 -0.951057 -0.309016
vn 0.000000 -0.951057 -0.309016
vn 0.000000 -1.000000 0.000000
vn 0.000000 -1.000000 0.000000
vn 0.000000 -0.951057 0.309016
vn 0.000000 -0.951057 0.309016
vn 0.000000 -0.809017 0.587786
vn 0.000000 -0.809017 0.587786
vn 0.000000 -0.587784 0.809018
vn 0.000000 -0.587784 0.809018
vn 0.000000 -0.309016 0.951057
vn 0.000000 -0.309016 0.951057
vn 0.000000 0.000000 1.000000
vn 0.000000 0.000000 1.000000
vn 0.000000 0.309016 0.951057
vn 0.000000 0.309016 0.951057
vn 0.000000 0.587784 0.809018
vn 0.000000 0.587784 0.809018
vn 0.000000 0.809017 0.587786
vn 0.000000 0.809017 0.587786
vn 0.000000 0.951057 0.309016
vn 0.000000 0.951057 0.309016
vn 0.000000 1.000000 0.000001
vn 0.000000 1.000000 0.000001
vn 1.000000 0.000000 0.000000
vn 1.000000 0.000000 0.000000
vn 1.000000 -0.000000 0.000000
vn 1.000000 0.000058 0.000000
vn 1.000000 0.000058 0.000000
vn 1.000000 0.000000 0.000000
vn 1.000000 0.000000 0.000000
vn 1.000000 0.000000 0.000000
vn 1.000000 0.000029 0.000000
vn 1.000000 0.000029 0.000000
vn 1.000000 0.000000 0.000000
vn 1.000000 0.000000 0.000000
vn 1.000000 0.000000 0.000000
vn 1.000000 -0.000058 0.000000
vn 1.000000 -0.000058 0.000000
vn 1.000000 0.000000 0.000000
vn 1.000000 0.000000 0.000000
vn 1.000000 0.000000 0.000000
vn 1.000000 -0.000029 0.000000
vn 1.000000 -0.000029 0.000000
vn 1.000000 0.000000 0.000000
vn -1.000000 0.000029 0.000000
vn -1.000000 -0.000029 0.000000
vn -1.000000 -0.000000 0.000000
vn -1.000000 -0.000058 0.000000
vn -1.000000 0.000000 0.000000
vn -1.000000 0.000000 0.000000
vn -1.000000 0.000000 0.000000
vn -1.000000 0.000000 0.000000
vn -1.000000 0.000000 0.000000
vn -1.000000 0.000000 0.000000
vn -1.000000 0.000000 0.000000
vn -1.000000 -0.000029 0.000000
vn -1.000000 0.000029 0.000000
vn -1.000000 0.000058 0.000000
vn -1.000000 0.000000 0.000000
vn -1.000000 0.000000 0.000000
vn -1.000000 0.000000 0.000000
vn -1.000000 0.000000 0.000000
vn -1.000000 0.000000 0.000000
vn -1.000000 0.000000 0.000000
vn -1.000000 0.000000 0.000000
vn 1.000000 -0.000063 0.000000
vn 1.000000 -0.000063 0.000000
vn 1.000000 -0.000063 0.000000
vn 1.000000 -0.000063 0.000000
vn 1.000000 0.000000 0.000000
vn 1.000000 0.000000 0.000000
vn 1.000000 0.000000 0.000000
vn 1.000000 0.000000 0.000000
vn 1.000000 0.000000 0.000000
vn 1.000000 0.000000 0.000000
vn 1.000000 0.000000 0.000000
vn 1.000000 0.000000 0.000000
vn 1.000000 0.000000 0.000000
vn 1.000000 0.000000 0.000000
vn 1.000000 0.000000 0.000000
vn 1.000000 0.000000 0.000000
vn 1.000000 0.000000 0.000000
vn 1.000000 0.000000 0.000000
vn 1.000000 0.000000 0.000000
vn 1.000000 0.000000 0.000000
vn 1.000000 0.000000 0.000000
vn 1.000000 0.000000 0.000000
vn 1.000000 0.000000 0.000000
vn 1.000000 0.000000 0.000000
vn 1.000000 0.000021 0.000000
vn 1.000000 0.000021 0.000000
vn 1.000000 0.000021 0.000000
vn 1.000000 0.000021 0.000000
vn 1.000000 0.000042 0.000000
vn 1.000000 0.000042 0.000000
vn 1.000000 0.000042 0.000000
vn 1.000000 0.000042 0.000000
vn 1.000000 0.000000 0.000000
vn 1.000000 0.000000 0.000000
vn 1.000000 0.000000 0.000000
vn 1.000000 0.000000 0.000000
vn 1.000000 0.000000 0.000000
vn 1.000000 0.000000 0.000000
vn 1.000000 0.000000 0.000000
vn 1.000000 0.000000 0.000000
vn 1.000000 0.000063 0.000000
vn 1.000000 0.000063 0.000000
vn 1.000000 0.000063 0.000000
vn 1.000000 0.000063 0.000000
vn 1.000000 0.000000 0.000000
vn 1.000000 0.000000 0.000000
vn 1.000000 0.000000 0.000000
vn 1.000000 0.000000 0.000000
vn 1.000000 0.000000 0.000000
vn 1.000000 0.000000 0.000000
vn 1.000000 0.000000 0.000000
vn 1.000000 0.000000 0.000000
vn 1.000000 0.000000 0.000000
vn 1.000000 0.000000 0.000000
vn 1.000000 0.000000 0.000000
vn 1.000000 0.000000 0.000000
vn 1.000000 0.000000 0.000000
vn 1.000000 0.000000 0.000000
vn 1.000000 0.000000 0.000000
vn 1.000000 0.000000 0.000000
vn 1.000000 0.000000 0.000000
vn 1.000000 0.000000 0.000000
vn 1.000000 0.000000 0.000000
vn 1.000000 0.000000 0.000000
vn 1.000000 -0.000021 0.000000
vn 1.000000 -0.000021 0.000000
vn 1.000000 -0.000021 0.000000
vn 1.000000 -0.000021 0.000000
vn 1.000000 -0.000042 0.000000
vn 1.000000 -0.000042 0.000000
vn 1.000000 -0.000042 0.000000
vn 1.000000 -0.000042 0.000000
vn 1.000000 0.000000 0.000000
vn 1.000000 0.000000 0.000000
vn 1.000000 0.000000 0.000000
vn 1.000000 0.000000 0.000000
vn 1.000000 0.000000 0.000000
vn 1.000000 0.000000 0.000000
vn 1.000000 0.000000 0.000000
vn 1.000000 0.000000 0.000000
vn -1.000000 0.000042 0.000000
vn -1.000000 0.000042 0.000000
vn -1.000000 0.000042 0.000000
vn -1.000000 0.000042 0.000000
vn -1.000000 0.000000 0.000000
vn -1.000000 0.000000 0.000000
vn -1.000000 0.000000 0.000000
vn -1.000000 0.000000 0.000000
vn -1.000000 0.000042 0.000000
vn -1.000000 0.000042 0.000000
vn -1.000000 0.000042 0.000000
vn -1.000000 0.000042 0.000000
vn -1.000000 0.000000 0.000000
vn -1.000000 0.000000 0.000000
vn -1.000000 0.000000 0.000000
vn -1.000000 0.000000 0.000000
vn -1.000000 0.000000 0.000000
vn -1.000000 0.000000 0.000000
vn -1.000000 0.000000 0.000000
vn -1.000000 0.000000 0.000000
vn -1.000000 -0.000042 0.000000
vn -1.000000 -0.000042 0.000000
vn -1.000000 -0.000042 0.000000
vn -1.000000 -0.000042 0.000000
vn -1.000000 0.000000 0.000000
vn -1.000000 0.000000 0.000000
vn -1.000000 0.000000 0.000000
vn -1.000000 0.000000 0.000000
vn -1.000000 -0.000042 0.000000
vn -1.000000 -0.000042 0.000000
vn -1.000000 -0.000042 0.000000
vn -1.000000 -0.000042 0.000000
vn -1.000000 0.000042 0.000000
vn -1.000000 0.000042 0.000000
vn -1.000000 0.000042 0.000000
vn -1.000000 0.000042 0.000000
vn -1.000000 0.000042 0.000000
vn -1.000000 0.000042 0.000000
vn -1.000000 0.000042 0.000000
vn -1.000000 0.000042 0.000000
vn -1.000000 -0.000042 0.000000
vn -1.000000 -0.000042 0.000000
vn -1.000000 -0.000042 0.000000
vn -1.000000 -0.000042 0.000000
vn -1.000000 0.000000 0.000000
vn -1.000000 0.000000 0.000000
vn -1.000000 0.000000 0.000000
vn -1.000000 0.000000 0.000000
vn -1.000000 -0.000042 0.000000
vn -1.000000 -0.000042 0.000000
vn -1.000000 -0.000042 0.000000
vn -1.000000 -0.000042 0.000000
vn -1.000000 0.000000 0.000000
vn -1.000000 0.000000 0.000000
vn -1.000000 0.000000 0.000000
vn -1.000000 0.000000 0.000000
vn -1.000000 0.000000 0.000000
vn -1.000000 0.000000 0.000000
vn -1.000000 0.000000 0.000000
vn -1.000000 0.000000 0.000000
vn -1.000000 0.000042 0.000000
vn -1.000000 0.000042 0.000000
vn -1.000000 0.000042 0.000000
vn -1.000000 0.000042 0.000000
vn -1.000000 0.000000 0.000000
vn -1.000000 0.000000 0.000000
vn -1.000000 0.000000 0.000000
vn -1.000000 0.000000 0.000000
vn -1.000000 0.000042 0.000000
vn -1.000000 0.000042 0.000000
vn -1.000000 0.000042 0.000000
vn -1.000000 0.000042 0.000000
vn -1.000000 -0.000042 0.000000
vn -1.000000 -0.000042 0.000000
vn -1.000000 -0.000042 0.000000
vn -1.000000 -0.000042 0.000000
vn -1.000000 -0.000042 0.000000
vn -1.000000 -0.000042 0.000000
vn -1.000000 -0.000042 0.000000
vn -1.000000 -0.000042 0.000000
vn 0.894282 -0.398734 0.203154
vn 0.894282 -0.398734 0.203154
vn 0.894282 -0.398734 0.203154
vn 0.894282 -0.398734 0.203154
vn 0.894295 -0.316401 0.316429
vn 0.894295 -0.316401 0.316429
vn 0.894295 -0.316401 0.316429
vn 0.894295 -0.316401 0.316429
vn 0.894292 -0.203138 0.398720
vn 0.894292 -0.203138 0.398720
vn 0.894292 -0.203138 0.398720
vn 0.894292 -0.203138 0.398720
vn 0.894289 -0.069991 0.441982
vn 0.894289 -0.069991 0.441982
vn 0.894289 -0.069991 0.441982
vn 0.894289 -0.069991 0.441982
vn 0.894289 0.069991 0.441983
vn 0.894289 0.069991 0.441983
vn 0.894289 0.069991 0.441983
vn 0.894289 0.069991 0.441983
vn 0.894291 0.203138 0.398720
vn 0.894291 0.203138 0.398720
vn 0.894291 0.203138 0.398720
vn 0.894291 0.203138 0.398720
vn 0.894297 0.316398 0.316426
vn 0.894297 0.316398 0.316426
vn 0.894297 0.316398 0.316426
vn 0.894297 0.316398 0.316426
vn 0.894294 0.398705 0.203159
vn 0.894294 0.398705 0.203159
vn 0.894294 0.398705 0.203159
vn 0.894294 0.398705 0.203159
vn 0.894278 0.442002 0.070002
vn 0.894278 0.442002 0.070002
vn 0.894278 0.442003 0.070002
vn 0.894278 0.442002 0.070002
vn 0.894295 0.441969 -0.070003
vn 0.894295 0.441969 -0.070003
vn 0.894295 0.441969 -0.070003
vn 0.894295 0.441969 -0.070003
vn 0.894281 0.398735 -0.203155
vn 0.894281 0.398735 -0.203155
vn 0.894281 0.398735 -0.203155
vn 0.894281 0.398735 -0.203155
vn 0.894296 0.316399 -0.316427
vn 0.894296 0.316399 -0.316427
vn 0.894296 0.316399 -0.316427
vn 0.894296 0.316399 -0.316427
vn 0.894290 0.203139 -0.398722
vn 0.894290 0.203139 -0.398722
vn 0.894290 0.203139 -0.398722
vn 0.894290 0.203139 -0.398722
vn 0.894289 0.069991 -0.441983
vn 0.894289 0.069991 -0.441983
vn 0.894289 0.069991 -0.441983
vn 0.894289 0.069991 -0.441982
vn 0.894290 -0.069991 -0.441980
vn 0.894290 -0.069991 -0.441980
vn 0.894290 -0.069991 -0.441980
vn 0.894290 -0.069991 -0.441980
vn 0.894292 -0.203138 -0.398720
vn 0.894292 -0.203138 -0.398720
vn 0.894292 -0.203138 -0.398720
vn 0.894292 -0.203138 -0.398720
vn 0.894296 -0.316400 -0.316428
vn 0.894296 -0.316400 -0.316428
vn 0.894296 -0.316400 -0.316428
vn 0.894296 -0.316400 -0.316428
vn 0.894295 -0.398703 -0.203158
vn 0.894295 -0.398703 -0.203158
vn 0.894295 -0.398703 -0.203158
vn 0.894295 -0.398703 -0.203158
vn 0.894278 -0.442002 -0.070002
vn 0.894278 -0.442003 -0.070002
vn 0.894278 -0.442002 -0.070002
vn 0.894278 -0.442003 -0.070002
vn 0.894294 -0.441971 0.070003
vn 0.894294 -0.441971 0.070003
vn 0.894294 -0.441971 0.070003
vn 0.894294 -0.441971 0.070003
vn -0.894268 -0.398766 0.203151
vn -0.894268 -0.398766 0.203151
vn -0.894268 -0.398766 0.203151
vn -0.894268 -0.398766 0.203151
vn -0.894279 -0.316453 0.316423
vn -0.894279 -0.316453 0.316423
vn -0.894279 -0.316453 0.316423
vn -0.894279 -0.316453 0.316423
vn -0.894285 -0.203175 0.398716
vn -0.894285 -0.203175 0.398716
vn -0.894285 -0.203175 0.398716
vn -0.894285 -0.203175 0.398716
vn -0.894289 -0.069991 0.441982
vn -0.894289 -0.069991 0.441982
vn -0.894289 -0.069991 0.441982
vn -0.894289 -0.069991 0.441982
vn -0.894287 0.070030 0.441981
vn -0.894287 0.070030 0.441981
vn -0.894287 0.070030 0.441981
vn -0.894287 0.070030 0.441981
vn -0.894292 0.203138 0.398719
vn -0.894292 0.203138 0.398719
vn -0.894292 0.203138 0.398719
vn -0.894292 0.203138 0.398719
vn -0.894287 0.316432 0.316421
vn -0.894287 0.316432 0.316421
vn -0.894287 0.316432 0.316421
vn -0.894287 0.316432 0.316421
vn -0.894288 0.398719 0.203157
vn -0.894288 0.398719 0.203157
vn -0.894288 0.398719 0.203157
vn -0.894288 0.398719 0.203157
vn -0.894294 0.441971 0.070004
vn -0.894294 0.441971 0.070004
vn -0.894294 0.441971 0.070004
vn -0.894294 0.441971 0.070004
vn -0.894310 0.441938 -0.070004
vn -0.894310 0.441938 -0.070004
vn -0.894310 0.441938 -0.070004
vn -0.894310 0.441938 -0.070004
vn -0.894268 0.398766 -0.203151
vn -0.894268 0.398766 -0.203151
vn -0.894268 0.398766 -0.203151
vn -0.894268 0.398766 -0.203151
vn -0.894279 0.316452 -0.316422
vn -0.894279 0.316452 -0.316422
vn -0.894279 0.316452 -0.316422
vn -0.894279 0.316452 -0.316422
vn -0.894284 0.203176 -0.398718
vn -0.894284 0.203176 -0.398718
vn -0.894284 0.203176 -0.398718
vn -0.894284 0.203176 -0.398718
vn -0.894290 0.069991 -0.441981
vn -0.894290 0.069991 -0.441981
vn -0.894290 0.069991 -0.441981
vn -0.894290 0.069991 -0.441981
vn -0.894289 -0.070029 -0.441977
vn -0.894289 -0.070029 -0.441977
vn -0.894289 -0.070029 -0.441977
vn -0.894289 -0.070029 -0.441977
vn -0.894293 -0.203137 -0.398718
vn -0.894293 -0.203137 -0.398718
vn -0.894293 -0.203137 -0.398718
vn -0.894293 -0.203137 -0.398718
vn -0.894285 -0.316435 -0.316424
vn -0.894285 -0.316435 -0.316424
vn -0.894285 -0.316435 -0.316424
vn -0.894285 -0.316435 -0.316424
vn -0.894288 -0.398718 -0.203156
vn -0.894288 -0.398718 -0.203156
vn -0.894288 -0.398718 -0.203156
vn -0.894288 -0.398718 -0.203156
vn -0.894294 -0.441971 -0.070004
vn -0.894294 -0.441971 -0.070004
vn -0.894294 -0.441971 -0.070004
vn -0.894294 -0.441971 -0.070004
vn -0.894309 -0.441940 0.070004
vn -0.894309 -0.441940 0.070004
vn -0.894309 -0.441940 0.070004
vn -0.894309 -0.441940 0.070004
vn 0.921865 0.345276 -0.175923
vn 0.921865 0.345276 -0.175923
vn 0.921865 0.345276 -0.175923
vn 0.921865 0.345276 -0.175923
vn 0.921859 0.274039 -0.274005
vn 0.921859 0.274039 -0.274005
vn 0.921859 0.274039 -0.274005
vn 0.921859 0.274039 -0.274005
vn 0.921860 0.175957 -0.345273
vn 0.921860 0.175957 -0.345273
vn 0.921860 0.175957 -0.345273
vn 0.921860 0.175957 -0.345273
vn 0.921865 0.060651 -0.382736
vn 0.921865 0.060651 -0.382736
vn 0.921865 0.060651 -0.382736
vn 0.921865 0.060651 -0.382736
vn 0.921868 -0.060606 -0.382736
vn 0.921868 -0.060606 -0.382736
vn 0.921868 -0.060606 -0.382736
vn 0.921868 -0.060606 -0.382736
vn 0.921867 -0.175913 -0.345276
vn 0.921867 -0.175913 -0.345276
vn 0.921867 -0.175913 -0.345276
vn 0.921867 -0.175913 -0.345276
vn 0.921865 -0.274018 -0.274006
vn 0.921865 -0.274018 -0.274006
vn 0.921865 -0.274018 -0.274006
vn 0.921865 -0.274018 -0.274006
vn 0.921864 -0.345278 -0.175923
vn 0.921864 -0.345278 -0.175923
vn 0.921865 -0.345278 -0.175923
vn 0.921864 -0.345278 -0.175923
vn 0.921858 -0.382757 -0.060619
vn 0.921858 -0.382757 -0.060619
vn 0.921858 -0.382757 -0.060619
vn 0.921858 -0.382757 -0.060619
vn 0.921858 -0.382759 0.060620
vn 0.921857 -0.382759 0.060620
vn 0.921858 -0.382759 0.060620
vn 0.921857 -0.382759 0.060620
vn 0.921864 -0.345278 0.175924
vn 0.921864 -0.345278 0.175924
vn 0.921864 -0.345278 0.175924
vn 0.921864 -0.345278 0.175924
vn 0.921859 -0.274039 0.274005
vn 0.921859 -0.274039 0.274005
vn 0.921859 -0.274039 0.274005
vn 0.921859 -0.274039 0.274005
vn 0.921860 -0.175957 0.345273
vn 0.921860 -0.175957 0.345273
vn 0.921860 -0.175957 0.345273
vn 0.921860 -0.175957 0.345273
vn 0.921866 -0.060651 0.382734
vn 0.921866 -0.060651 0.382734
vn 0.921866 -0.060651 0.382734
vn 0.921866 -0.060651 0.382734
vn 0.921868 0.060606 0.382736
vn 0.921868 0.060606 0.382736
vn 0.921868 0.060606 0.382736
vn 0.921868 0.060606 0.382736
vn 0.921867 0.175914 0.345277
vn 0.921867 0.175914 0.345277
vn 0.921867 0.175914 0.345277
vn 0.921867 0.175914 0.345277
vn 0.921864 0.274019 0.274008
vn 0.921864 0.274019 0.274008
vn 0.921864 0.274019 0.274008
vn 0.921864 0.274019 0.274008
vn 0.921865 0.345276 0.175923
vn 0.921865 0.345276 0.175923
vn 0.921865 0.345276 0.175923
vn 0.921865 0.345276 0.175923
vn 0.921857 0.382759 0.060619
vn 0.921857 0.382759 0.060619
vn 0.921857 0.382759 0.060619
vn 0.921857 0.382759 0.060619
vn 0.921858 0.382759 -0.060619
vn 0.921858 0.382759 -0.060619
vn 0.921858 0.382759 -0.060619
vn 0.921858 0.382759 -0.060619
vn -0.921883 -0.345238 0.175906
vn -0.921883 -0.345238 0.175906
vn -0.921883 -0.345238 0.175906
vn -0.921883 -0.345238 0.175906
vn -0.921884 -0.273979 0.273981
vn -0.921884 -0.273979 0.273981
vn -0.921884 -0.273979 0.273981
vn -0.921884 -0.273979 0.273981
vn -0.921888 -0.175872 0.345243
vn -0.921888 -0.175872 0.345243
vn -0.921888 -0.175872 0.345243
vn -0.921888 -0.175872 0.345243
vn -0.921883 -0.060607 0.382698
vn -0.921883 -0.060607 0.382698
vn -0.921883 -0.060607 0.382698
vn -0.921883 -0.060607 0.382698
vn -0.921884 0.060607 0.382697
vn -0.921884 0.060607 0.382697
vn -0.921884 0.060607 0.382697
vn -0.921884 0.060607 0.382697
vn -0.921887 0.175872 0.345243
vn -0.921887 0.175872 0.345243
vn -0.921887 0.175872 0.345243
vn -0.921887 0.175872 0.345243
vn -0.921879 0.274000 0.273978
vn -0.921879 0.274000 0.273978
vn -0.921879 0.274000 0.273978
vn -0.921879 0.274000 0.273978
vn -0.921882 0.345239 0.175906
vn -0.921882 0.345239 0.175906
vn -0.921882 0.345239 0.175906
vn -0.921882 0.345239 0.175906
vn -0.921891 0.382679 0.060614
vn -0.921891 0.382679 0.060614
vn -0.921891 0.382679 0.060614
vn -0.921891 0.382679 0.060614
vn -0.921890 0.382681 -0.060614
vn -0.921890 0.382681 -0.060614
vn -0.921890 0.382681 -0.060614
vn -0.921890 0.382681 -0.060614
vn -0.921883 0.345238 -0.175905
vn -0.921883 0.345238 -0.175905
vn -0.921883 0.345238 -0.175905
vn -0.921883 0.345238 -0.175905
vn -0.921884 0.273979 -0.273981
vn -0.921884 0.273980 -0.273981
vn -0.921884 0.273979 -0.273981
vn -0.921884 0.273979 -0.273981
vn -0.921888 0.175872 -0.345243
vn -0.921888 0.175872 -0.345243
vn -0.921888 0.175872 -0.345243
vn -0.921888 0.175872 -0.345243
vn -0.921884 0.060607 -0.382696
vn -0.921884 0.060607 -0.382696
vn -0.921884 0.060607 -0.382696
vn -0.921884 0.060607 -0.382696
vn -0.921884 -0.060607 -0.382697
vn -0.921884 -0.060607 -0.382697
vn -0.921884 -0.060607 -0.382697
vn -0.921884 -0.060607 -0.382697
vn -0.921887 -0.175872 -0.345243
vn -0.921887 -0.175872 -0.345243
vn -0.921887 -0.175872 -0.345243
vn -0.921887 -0.175872 -0.345243
vn -0.921878 -0.274000 -0.273979
vn -0.921878 -0.274000 -0.273979
vn -0.921878 -0.274000 -0.273979
vn -0.921878 -0.274000 -0.273979
vn -0.921883 -0.345238 -0.175906
vn -0.921883 -0.345238 -0.175906
vn -0.921883 -0.345238 -0.175906
vn -0.921883 -0.345238 -0.175906
vn -0.921890 -0.382681 -0.060614
vn -0.921890 -0.382681 -0.060614
vn -0.921890 -0.382681 -0.060614
vn -0.921890 -0.382681 -0.060614
vn -0.921890 -0.382681 0.060614
vn -0.921890 -0.382681 0.060614
vn -0.921890 -0.382681 0.060614
vn -0.921890 -0.382681 0.060614
vn 0.000000 0.951054 -0.309026
vn 0.000000 0.809017 -0.587785
vn 0.000000 0.809017 -0.587785
vn 0.000000 0.951054 -0.309026
vn 0.000000 0.587793 -0.809012
vn 0.000000 0.587793 -0.809012
vn 0.000000 0.309021 -0.951055
vn 0.000000 0.309021 -0.951055
vn 0.000000 0.000000 -1.000000
vn 0.000000 0.000000 -1.000000
vn 0.000000 -0.309021 -0.951055
vn 0.000000 -0.309021 -0.951055
vn 0.000000 -0.587793 -0.809012
vn 0.000000 -0.587793 -0.809012
vn 0.000000 -0.809013 -0.587790
vn 0.000000 -0.809013 -0.587790
vn 0.000000 -0.951054 -0.309026
vn 0.000000 -0.951054 -0.309026
vn 0.000000 -1.000000 0.000000
vn 0.000000 -1.000000 0.000000
vn 0.000000 -0.951054 0.309026
vn 0.000000 -0.951054 0.309026
vn 0.000000 -0.809013 0.587790
vn 0.000000 -0.809013 0.587790
vn 0.000000 -0.587793 0.809012
vn 0.000000 -0.587793 0.809012
vn 0.000000 -0.309021 0.951055
vn 0.000000 -0.309021 0.951055
vn 0.000000 0.000000 1.000000
vn 0.000000 0.000000 1.000000
vn 0.000000 0.309021 0.951055
vn 0.000000 0.309021 0.951055
vn 0.000000 0.587793 0.809012
vn 0.000000 0.587793 0.809012
vn 0.000000 0.809017 0.587785
vn 0.000000 0.809017 0.587785
vn 0.000000 0.951054 0.309026
vn 0.000000 0.951054 0.309026
vn 0.000000 1.000000 0.000000
vn 0.000000 1.000000 0.000000
vn 0.873753 0.484430 0.043407
vn 0.873753 0.484430 0.043407
vn 0.873753 0.484430 0.043407
vn 0.873753 0.484430 0.043407
vn 0.625910 0.779685 0.018097
vn 0.625910 0.779685 0.018097
vn 0.625910 0.779685 0.018097
vn 0.625910 0.779685 0.018097
vn 0.231720 0.972780 0.002009
vn 0.231720 0.972780 0.002009
vn 0.231720 0.972780 0.002009
vn 0.231720 0.972780 0.002009
vn -0.231182 0.972909 0.001733
vn -0.231182 0.972909 0.001733
vn -0.231182 0.972909 0.001733
vn -0.231182 0.972909 0.001733
vn -0.623117 0.782039 0.011841
vn -0.623117 0.782039 0.011841
vn -0.623117 0.782039 0.011841
vn -0.623117 0.782039 0.011841
vn -0.871906 0.489140 0.022840
vn -0.871906 0.489140 0.022840
vn -0.871906 0.489140 0.022840
vn -0.871906 0.489140 0.022840
vn -0.985918 0.164656 0.029213
vn -0.985918 0.164656 0.029213
vn -0.985918 0.164656 0.029213
vn -0.985918 0.164656 0.029213
vn -0.985918 -0.164657 0.029212
vn -0.985918 -0.164657 0.029212
vn -0.985918 -0.164657 0.029212
vn -0.985918 -0.164657 0.029212
vn -0.871928 -0.489102 0.022831
vn -0.871928 -0.489102 0.022831
vn -0.871928 -0.489102 0.022831
vn -0.871928 -0.489102 0.022831
vn -0.623089 -0.782062 0.011826
vn -0.623089 -0.782062 0.011826
vn -0.623089 -0.782062 0.011826
vn -0.623089 -0.782062 0.011826
vn -0.231182 -0.972909 0.001737
vn -0.231182 -0.972909 0.001737
vn -0.231182 -0.972909 0.001737
vn -0.231182 -0.972909 0.001737
vn 0.231720 -0.972780 0.002014
vn 0.231720 -0.972780 0.002014
vn 0.231720 -0.972780 0.002014
vn 0.231720 -0.972780 0.002014
vn 0.625911 -0.779685 0.018086
vn 0.625911 -0.779685 0.018086
vn 0.625911 -0.779685 0.018086
vn 0.625911 -0.779685 0.018086
vn 0.873776 -0.484389 0.043405
vn 0.873776 -0.484389 0.043405
vn 0.873776 -0.484389 0.043405
vn 0.873776 -0.484389 0.043405
vn 0.984781 -0.162081 0.062734
vn 0.984781 -0.162081 0.062734
vn 0.984781 -0.162081 0.062734
vn 0.984781 -0.162081 0.062734
vn 0.984781 0.162081 0.062736
vn 0.984781 0.162081 0.062736
vn 0.984781 0.162081 0.062736
vn 0.984781 0.162081 0.062736
vn -0.873753 0.484430 0.043407
vn -0.873753 0.484430 0.043407
vn -0.873753 0.484430 0.043407
vn -0.873753 0.484430 0.043407
vn -0.625910 0.779685 0.018097
vn -0.625910 0.779685 0.018097
vn -0.625910 0.779685 0.018097
vn -0.625910 0.779685 0.018097
vn -0.231729 0.972778 0.002009
vn -0.231729 0.972778 0.002009
vn -0.231729 0.972778 0.002009
vn -0.231729 0.972778 0.002009
vn 0.231182 0.972909 0.001733
vn 0.231182 0.972909 0.001733
vn 0.231182 0.972909 0.001733
vn 0.231182 0.972909 0.001733
vn 0.623089 0.782062 0.011841
vn 0.623089 0.782062 0.011841
vn 0.623089 0.782062 0.011841
vn 0.623089 0.782062 0.011841
vn 0.871907 0.489140 0.022838
vn 0.871906 0.489140 0.022838
vn 0.871906 0.489140 0.022838
vn 0.871906 0.489140 0.022838
vn 0.985918 0.164656 0.029213
vn 0.985918 0.164656 0.029213
vn 0.985918 0.164656 0.029213
vn 0.985918 0.164656 0.029213
vn 0.985918 -0.164657 0.029212
vn 0.985918 -0.164657 0.029212
vn 0.985918 -0.164657 0.029212
vn 0.985918 -0.164657 0.029212
vn 0.871928 -0.489102 0.022831
vn 0.871928 -0.489102 0.022831
vn 0.871928 -0.489102 0.022831
vn 0.871928 -0.489102 0.022831
vn 0.623061 -0.782084 0.011826
vn 0.623061 -0.782084 0.011826
vn 0.623061 -0.782084 0.011826
vn 0.623061 -0.782084 0.011826
vn 0.231182 -0.972909 0.001737
vn 0.231182 -0.972909 0.001737
vn 0.231182 -0.972909 0.001737
vn 0.231182 -0.972909 0.001737
vn -0.231720 -0.972780 0.002014
vn -0.231720 -0.972780 0.002014
vn -0.231720 -0.972780 0.002014
vn -0.231720 -0.972780 0.002014
vn -0.625910 -0.779685 0.018086
vn -0.625911 -0.779685 0.018086
vn -0.625911 -0.779685 0.018086
vn -0.625911 -0.779685 0.018086
vn -0.873756 -0.484425 0.043404
vn -0.873756 -0.484425 0.043404
vn -0.873756 -0.484425 0.043404
vn -0.873756 -0.484425 0.043404
vn -0.984781 -0.162081 0.062734
vn -0.984781 -0.162081 0.062734
vn -0.984781 -0.162081 0.062734
vn -0.984781 -0.162081 0.062734
vn -0.984781 0.162081 0.062736
vn -0.984781 0.162081 0.062736
vn -0.984781 0.162081 0.062736
vn -0.984781 0.162081 0.062736
vn 0.858337 0.487688 -0.159428
vn 0.858337 0.487688 -0.159428
vn 0.858337 0.487688 -0.159428
vn 0.858337 0.487688 -0.159428
vn 0.610467 0.782430 -0.123022
vn 0.610467 0.782430 -0.123022
vn 0.610467 0.782430 -0.123022
vn 0.610467 0.782430 -0.123022
vn 0.224395 0.973269 -0.048924
vn 0.224395 0.973269 -0.048924
vn 0.224395 0.973269 -0.048924
vn 0.224395 0.973269 -0.048924
vn -0.223006 0.973441 0.051781
vn -0.223006 0.973441 0.051781
vn -0.223006 0.973441 0.051781
vn -0.223006 0.973441 0.051781
vn -0.601625 0.785312 0.146058
vn -0.601625 0.785312 0.146058
vn -0.601625 0.785312 0.146058
vn -0.601625 0.785312 0.146058
vn -0.843922 0.493354 0.210706
vn -0.843922 0.493354 0.210706
vn -0.843922 0.493354 0.210706
vn -0.843922 0.493354 0.210706
vn -0.955895 0.166606 0.241884
vn -0.955895 0.166606 0.241884
vn -0.955895 0.166606 0.241884
vn -0.955895 0.166606 0.241884
vn -0.955894 -0.166607 0.241885
vn -0.955894 -0.166607 0.241885
vn -0.955894 -0.166607 0.241885
vn -0.955894 -0.166607 0.241885
vn -0.843937 -0.493323 0.210718
vn -0.843937 -0.493323 0.210718
vn -0.843937 -0.493323 0.210718
vn -0.843937 -0.493323 0.210718
vn -0.601601 -0.785330 0.146061
vn -0.601601 -0.785330 0.146061
vn -0.601601 -0.785330 0.146061
vn -0.601601 -0.785330 0.146061
vn -0.223006 -0.973441 0.051778
vn -0.223006 -0.973441 0.051778
vn -0.223006 -0.973441 0.051778
vn -0.223006 -0.973441 0.051778
vn 0.224395 -0.973269 -0.048924
vn 0.224395 -0.973269 -0.048924
vn 0.224395 -0.973269 -0.048924
vn 0.224395 -0.973269 -0.048924
vn 0.610473 -0.782425 -0.123018
vn 0.610473 -0.782425 -0.123018
vn 0.610473 -0.782425 -0.123018
vn 0.610473 -0.782425 -0.123018
vn 0.858325 -0.487712 -0.159422
vn 0.858325 -0.487712 -0.159422
vn 0.858325 -0.487712 -0.159422
vn 0.858325 -0.487712 -0.159422
vn 0.971641 -0.163603 -0.170726
vn 0.971641 -0.163603 -0.170726
vn 0.971641 -0.163603 -0.170726
vn 0.971641 -0.163603 -0.170726
vn 0.971641 0.163601 -0.170728
vn 0.971641 0.163601 -0.170728
vn 0.971641 0.163601 -0.170728
vn 0.971641 0.163601 -0.170728
vn -0.858339 0.487685 -0.159427
vn -0.858339 0.487685 -0.159427
vn -0.858339 0.487685 -0.159427
vn -0.858339 0.487685 -0.159427
vn -0.610460 0.782435 -0.123020
vn -0.610461 0.782435 -0.123020
vn -0.610460 0.782435 -0.123020
vn -0.610460 0.782435 -0.123020
vn -0.224386 0.973271 -0.048922
vn -0.224386 0.973271 -0.048922
vn -0.224386 0.973271 -0.048922
vn -0.224386 0.973271 -0.048922
vn 0.223010 0.973440 0.051782
vn 0.223010 0.973440 0.051782
vn 0.223010 0.973440 0.051783
vn 0.223010 0.973440 0.051782
vn 0.601632 0.785306 0.146063
vn 0.601632 0.785306 0.146063
vn 0.601632 0.785306 0.146063
vn 0.601632 0.785306 0.146063
vn 0.843913 0.493371 0.210705
vn 0.843913 0.493371 0.210705
vn 0.843913 0.493371 0.210705
vn 0.843913 0.493371 0.210705
vn 0.955901 0.166568 0.241887
vn 0.955901 0.166568 0.241887
vn 0.955901 0.166568 0.241887
vn 0.955901 0.166568 0.241887
vn 0.955901 -0.166570 0.241885
vn 0.955901 -0.166570 0.241885
vn 0.955901 -0.166570 0.241885
vn 0.955901 -0.166570 0.241885
vn 0.843929 -0.493340 0.210715
vn 0.843929 -0.493340 0.210715
vn 0.843929 -0.493340 0.210715
vn 0.843929 -0.493340 0.210715
vn 0.601607 -0.785325 0.146063
vn 0.601607 -0.785325 0.146063
vn 0.601607 -0.785325 0.146063
vn 0.601607 -0.785325 0.146063
vn 0.223010 -0.973440 0.051779
vn 0.223010 -0.973440 0.051779
vn 0.223010 -0.973440 0.051779
vn 0.223010 -0.973440 0.051779
vn -0.224386 -0.973271 -0.048922
vn -0.224386 -0.973271 -0.048922
vn -0.224386 -0.973271 -0.048922
vn -0.224386 -0.973271 -0.048922
vn -0.610450 -0.782443 -0.123018
vn -0.610450 -0.782443 -0.123017
vn -0.610450 -0.782443 -0.123017
vn -0.610450 -0.782443 -0.123017
vn -0.858342 -0.487681 -0.159428
vn -0.858341 -0.487681 -0.159428
vn -0.858341 -0.487681 -0.159428
vn -0.858342 -0.487681 -0.159428
vn -0.971641 -0.163605 -0.170725
vn -0.971641 -0.163605 -0.170725
vn -0.971641 -0.163605 -0.170725
vn -0.971641 -0.163605 -0.170725
vn -0.971641 0.163604 -0.170728
vn -0.971641 0.163604 -0.170728
vn -0.971641 0.163604 -0.170728
vn -0.971641 0.163604 -0.170728
vn 0.797236 0.496391 -0.343526
vn 0.797236 0.496391 -0.343526
vn 0.797236 0.496391 -0.343526
vn 0.797236 0.496391 -0.343526
vn 0.558434 0.790051 -0.252925
vn 0.558434 0.790051 -0.252925
vn 0.558434 0.790051 -0.252925
vn 0.558434 0.790051 -0.252925
vn 0.202090 0.974637 -0.096139
vn 0.202089 0.974637 -0.096139
vn 0.202089 0.974637 -0.096139
vn 0.202089 0.974637 -0.096139
vn -0.199702 0.974859 0.098841
vn -0.199702 0.974859 0.098841
vn -0.199702 0.974859 0.098841
vn -0.199702 0.974859 0.098841
vn -0.541602 0.794096 0.275822
vn -0.541602 0.794096 0.275822
vn -0.541602 0.794096 0.275822
vn -0.541602 0.794096 0.275822
vn -0.766442 0.504624 0.397393
vn -0.766442 0.504624 0.397393
vn -0.766442 0.504624 0.397393
vn -0.766442 0.504624 0.397393
vn -0.872994 0.171563 0.456560
vn -0.872994 0.171563 0.456560
vn -0.872994 0.171563 0.456560
vn -0.872994 0.171563 0.456560
vn -0.872994 -0.171565 0.456560
vn -0.872994 -0.171565 0.456560
vn -0.872994 -0.171565 0.456560
vn -0.872994 -0.171565 0.456560
vn -0.766440 -0.504623 0.397398
vn -0.766440 -0.504623 0.397398
vn -0.766440 -0.504623 0.397398
vn -0.766440 -0.504623 0.397398
vn -0.541591 -0.794107 0.275812
vn -0.541591 -0.794107 0.275812
vn -0.541592 -0.794107 0.275812
vn -0.541591 -0.794107 0.275812
vn -0.199702 -0.974859 0.098841
vn -0.199702 -0.974859 0.098841
vn -0.199702 -0.974859 0.098841
vn -0.199702 -0.974859 0.098841
vn 0.202083 -0.974640 -0.096127
vn 0.202083 -0.974640 -0.096127
vn 0.202083 -0.974640 -0.096127
vn 0.202083 -0.974640 -0.096127
vn 0.558445 -0.790041 -0.252931
vn 0.558445 -0.790041 -0.252931
vn 0.558445 -0.790041 -0.252931
vn 0.558445 -0.790041 -0.252931
vn 0.797235 -0.496390 -0.343531
vn 0.797235 -0.496390 -0.343531
vn 0.797235 -0.496390 -0.343531
vn 0.797235 -0.496390 -0.343531
vn 0.910068 -0.167169 -0.379250
vn 0.910068 -0.167169 -0.379250
vn 0.910068 -0.167169 -0.379250
vn 0.910068 -0.167169 -0.379250
vn 0.910071 0.167165 -0.379245
vn 0.910071 0.167165 -0.379245
vn 0.910071 0.167165 -0.379245
vn 0.910071 0.167165 -0.379245
vn -0.797216 0.496424 -0.343526
vn -0.797216 0.496424 -0.343526
vn -0.797216 0.496424 -0.343526
vn -0.797216 0.496424 -0.343526
vn -0.558426 0.790058 -0.252921
vn -0.558426 0.790058 -0.252921
vn -0.558426 0.790058 -0.252921
vn -0.558426 0.790058 -0.252921
vn -0.202092 0.974637 -0.096133
vn -0.202092 0.974637 -0.096133
vn -0.202092 0.974637 -0.096133
vn -0.202092 0.974637 -0.096133
vn 0.199699 0.974860 0.098839
vn 0.199699 0.974860 0.098839
vn 0.199699 0.974860 0.098839
vn 0.199699 0.974860 0.098839
vn 0.541609 0.794092 0.275822
vn 0.541609 0.794092 0.275822
vn 0.541609 0.794092 0.275822
vn 0.541609 0.794092 0.275822
vn 0.766451 0.504606 0.397398
vn 0.766451 0.504606 0.397398
vn 0.766451 0.504606 0.397398
vn 0.766451 0.504606 0.397398
vn 0.872992 0.171571 0.456562
vn 0.872992 0.171571 0.456562
vn 0.872992 0.171571 0.456562
vn 0.872992 0.171571 0.456562
vn 0.872993 -0.171573 0.456560
vn 0.872993 -0.171573 0.456560
vn 0.872993 -0.171573 0.456560
vn 0.872993 -0.171573 0.456560
vn 0.766450 -0.504606 0.397400
vn 0.766450 -0.504606 0.397400
vn 0.766450 -0.504606 0.397400
vn 0.766450 -0.504606 0.397400
vn 0.541608 -0.794092 0.275824
vn 0.541608 -0.794092 0.275824
vn 0.541608 -0.794092 0.275824
vn 0.541608 -0.794092 0.275824
vn 0.199693 -0.974861 0.098840
vn 0.199693 -0.974861 0.098840
vn 0.199693 -0.974861 0.098840
vn 0.199693 -0.974861 0.098840
vn -0.202093 -0.974637 -0.096128
vn -0.202093 -0.974637 -0.096128
vn -0.202093 -0.974637 -0.096128
vn -0.202093 -0.974637 -0.096128
vn -0.558419 -0.790063 -0.252920
vn -0.558419 -0.790063 -0.252920
vn -0.558419 -0.790063 -0.252920
vn -0.558419 -0.790063 -0.252920
vn -0.797214 -0.496422 -0.343533
vn -0.797214 -0.496422 -0.343533
vn -0.797214 -0.496422 -0.343533
vn -0.797214 -0.496422 -0.343533
vn -0.910064 -0.167145 -0.379271
vn -0.910064 -0.167145 -0.379271
vn -0.910064 -0.167145 -0.379271
vn -0.910064 -0.167145 -0.379271
vn -0.910064 0.167143 -0.379272
vn -0.910064 0.167143 -0.379272
vn -0.910064 0.167143 -0.379272
vn -0.910064 0.167143 -0.379272
vn 0.689314 0.509845 -0.514689
vn 0.689314 0.509845 -0.514689
vn 0.689314 0.509845 -0.514689
vn 0.689314 0.509845 -0.514689
vn 0.470613 0.801240 -0.369510
vn 0.470613 0.801240 -0.369510
vn 0.470613 0.801240 -0.369510
vn 0.470613 0.801240 -0.369510
vn 0.166211 0.976527 -0.136999
vn 0.166211 0.976527 -0.136999
vn 0.166211 0.976527 -0.136999
vn 0.166211 0.976527 -0.136999
vn -0.162632 0.976796 0.139359
vn -0.162632 0.976796 0.139359
vn -0.162632 0.976796 0.139359
vn -0.162632 0.976796 0.139359
vn -0.443918 0.806263 0.390995
vn -0.443918 0.806263 0.390995
vn -0.443918 0.806263 0.390995
vn -0.443918 0.806263 0.390995
vn -0.635807 0.520732 0.569726
vn -0.635807 0.520732 0.569726
vn -0.635807 0.520732 0.569726
vn -0.635807 0.520732 0.569726
vn -0.730055 0.178806 0.659582
vn -0.730055 0.178806 0.659582
vn -0.730055 0.178806 0.659582
vn -0.730055 0.178806 0.659582
vn -0.730050 -0.178808 0.659587
vn -0.730050 -0.178808 0.659587
vn -0.730050 -0.178808 0.659587
vn -0.730050 -0.178808 0.659587
vn -0.635802 -0.520742 0.569722
vn -0.635802 -0.520742 0.569722
vn -0.635802 -0.520742 0.569722
vn -0.635802 -0.520742 0.569722
vn -0.443934 -0.806247 0.391009
vn -0.443934 -0.806247 0.391009
vn -0.443934 -0.806247 0.391009
vn -0.443934 -0.806247 0.391009
vn -0.162626 -0.976797 0.139354
vn -0.162626 -0.976797 0.139354
vn -0.162626 -0.976797 0.139354
vn -0.162626 -0.976797 0.139354
vn 0.166218 -0.976524 -0.137012
vn 0.166218 -0.976524 -0.137012
vn 0.166218 -0.976524 -0.137012
vn 0.166218 -0.976524 -0.137012
vn 0.470606 -0.801251 -0.369496
vn 0.470606 -0.801251 -0.369496
vn 0.470606 -0.801251 -0.369496
vn 0.470606 -0.801251 -0.369496
vn 0.689317 -0.509838 -0.514692
vn 0.689317 -0.509838 -0.514692
vn 0.689317 -0.509838 -0.514692
vn 0.689317 -0.509838 -0.514692
vn 0.798727 -0.172714 -0.576373
vn 0.798727 -0.172714 -0.576373
vn 0.798727 -0.172714 -0.576373
vn 0.798727 -0.172714 -0.576373
vn 0.798729 0.172688 -0.576378
vn 0.798729 0.172688 -0.576378
vn 0.798729 0.172688 -0.576378
vn 0.798729 0.172688 -0.576378
vn -0.689314 0.509854 -0.514680
vn -0.689314 0.509854 -0.514680
vn -0.689314 0.509854 -0.514680
vn -0.689314 0.509854 -0.514680
vn -0.470622 0.801232 -0.369517
vn -0.470622 0.801232 -0.369517
vn -0.470622 0.801232 -0.369517
vn -0.470622 0.801232 -0.369517
vn -0.166201 0.976529 -0.137002
vn -0.166201 0.976529 -0.137002
vn -0.166201 0.976529 -0.137002
vn -0.166201 0.976529 -0.137002
vn 0.162632 0.976796 0.139359
vn 0.162632 0.976796 0.139359
vn 0.162632 0.976796 0.139359
vn 0.162632 0.976796 0.139359
vn 0.443907 0.806274 0.390985
vn 0.443907 0.806274 0.390985
vn 0.443907 0.806274 0.390985
vn 0.443907 0.806274 0.390985
vn 0.635802 0.520749 0.569716
vn 0.635802 0.520749 0.569716
vn 0.635802 0.520749 0.569716
vn 0.635802 0.520749 0.569716
vn 0.730052 0.178827 0.659580
vn 0.730052 0.178827 0.659580
vn 0.730052 0.178827 0.659580
vn 0.730052 0.178827 0.659580
vn 0.730047 -0.178829 0.659584
vn 0.730047 -0.178829 0.659584
vn 0.730047 -0.178829 0.659584
vn 0.730047 -0.178829 0.659584
vn 0.635812 -0.520731 0.569722
vn 0.635812 -0.520731 0.569722
vn 0.635812 -0.520731 0.569722
vn 0.635812 -0.520731 0.569722
vn 0.443919 -0.806264 0.390992
vn 0.443919 -0.806264 0.390992
vn 0.443919 -0.806264 0.390992
vn 0.443919 -0.806264 0.390992
vn 0.162635 -0.976795 0.139359
vn 0.162635 -0.976795 0.139359
vn 0.162635 -0.976795 0.139359
vn 0.162635 -0.976795 0.139359
vn -0.166197 -0.976530 -0.136999
vn -0.166197 -0.976530 -0.136999
vn -0.166197 -0.976529 -0.136999
vn -0.166197 -0.976530 -0.136999
vn -0.470623 -0.801235 -0.369509
vn -0.470623 -0.801235 -0.369509
vn -0.470623 -0.801235 -0.369509
vn -0.470623 -0.801235 -0.369509
vn -0.689321 -0.509838 -0.514686
vn -0.689321 -0.509838 -0.514686
vn -0.689321 -0.509838 -0.514686
vn -0.689321 -0.509838 -0.514686
vn -0.798734 -0.172735 -0.576357
vn -0.798734 -0.172735 -0.576357
vn -0.798734 -0.172735 -0.576357
vn -0.798734 -0.172735 -0.576357
vn -0.798735 0.172732 -0.576355
vn -0.798735 0.172732 -0.576355
vn -0.798735 0.172732 -0.576355
vn -0.798735 0.172732 -0.576355
vn 0.540893 0.523741 -0.658126
vn 0.540893 0.523741 -0.658126
vn 0.540893 0.523741 -0.658126
vn 0.540893 0.523741 -0.658126
vn 0.352385 0.812813 -0.463853
vn 0.352385 0.812813 -0.463853
vn 0.352385 0.812813 -0.463853
vn 0.352385 0.812813 -0.463853
vn 0.119200 0.978441 -0.168656
vn 0.119200 0.978441 -0.168656
vn 0.119200 0.978441 -0.168656
vn 0.119200 0.978441 -0.168656
vn -0.114054 0.978730 0.170525
vn -0.114054 0.978730 0.170525
vn -0.114054 0.978730 0.170525
vn -0.114054 0.978730 0.170525
vn -0.310859 0.818816 0.482604
vn -0.310859 0.818816 0.482604
vn -0.310859 0.818816 0.482604
vn -0.310859 0.818816 0.482604
vn -0.448990 0.538113 0.713332
vn -0.448990 0.538113 0.713332
vn -0.448990 0.538113 0.713332
vn -0.448990 0.538113 0.713332
vn -0.519205 0.186877 0.833969
vn -0.519205 0.186877 0.833969
vn -0.519205 0.186877 0.833969
vn -0.519205 0.186877 0.833969
vn -0.519210 -0.186864 0.833968
vn -0.519210 -0.186864 0.833968
vn -0.519210 -0.186864 0.833968
vn -0.519210 -0.186864 0.833968
vn -0.448994 -0.538102 0.713337
vn -0.448994 -0.538102 0.713337
vn -0.448994 -0.538102 0.713337
vn -0.448994 -0.538102 0.713337
vn -0.310849 -0.818825 0.482595
vn -0.310849 -0.818825 0.482595
vn -0.310849 -0.818825 0.482595
vn -0.310849 -0.818825 0.482595
vn -0.114059 -0.978729 0.170529
vn -0.114059 -0.978729 0.170529
vn -0.114059 -0.978729 0.170529
vn -0.114059 -0.978729 0.170529
vn 0.119200 -0.978439 -0.168665
vn 0.119200 -0.978439 -0.168665
vn 0.119200 -0.978439 -0.168665
vn 0.119200 -0.978439 -0.168665
vn 0.352373 -0.812820 -0.463850
vn 0.352373 -0.812820 -0.463850
vn 0.352373 -0.812820 -0.463850
vn 0.352373 -0.812820 -0.463850
vn 0.540890 -0.523738 -0.658131
vn 0.540890 -0.523738 -0.658131
vn 0.540890 -0.523738 -0.658131
vn 0.540890 -0.523738 -0.658131
vn 0.645581 -0.178233 -0.742603
vn 0.645581 -0.178233 -0.742603
vn 0.645581 -0.178233 -0.742603
vn 0.645581 -0.178233 -0.742603
vn 0.645576 0.178213 -0.742611
vn 0.645576 0.178213 -0.742611
vn 0.645576 0.178213 -0.742611
vn 0.645576 0.178213 -0.742611
vn -0.540869 0.523771 -0.658123
vn -0.540869 0.523771 -0.658123
vn -0.540869 0.523771 -0.658123
vn -0.540869 0.523771 -0.658123
vn -0.352385 0.812813 -0.463853
vn -0.352385 0.812813 -0.463853
vn -0.352385 0.812813 -0.463853
vn -0.352385 0.812813 -0.463853
vn -0.119197 0.978441 -0.168658
vn -0.119197 0.978441 -0.168658
vn -0.119197 0.978441 -0.168658
vn -0.119197 0.978441 -0.168658
vn 0.114060 0.978730 0.170521
vn 0.114060 0.978730 0.170521
vn 0.114060 0.978730 0.170521
vn 0.114060 0.978730 0.170521
vn 0.310860 0.818813 0.482610
vn 0.310860 0.818813 0.482610
vn 0.310860 0.818813 0.482610
vn 0.310860 0.818813 0.482610
vn 0.448982 0.538098 0.713348
vn 0.448982 0.538098 0.713348
vn 0.448982 0.538098 0.713348
vn 0.448982 0.538098 0.713348
vn 0.519214 0.186890 0.833960
vn 0.519214 0.186890 0.833960
vn 0.519214 0.186890 0.833960
vn 0.519214 0.186890 0.833960
vn 0.519218 -0.186891 0.833957
vn 0.519218 -0.186891 0.833957
vn 0.519218 -0.186891 0.833957
vn 0.519218 -0.186891 0.833957
vn 0.449004 -0.538089 0.713341
vn 0.449004 -0.538089 0.713341
vn 0.449004 -0.538089 0.713341
vn 0.449004 -0.538089 0.713341
vn 0.310869 -0.818813 0.482603
vn 0.310869 -0.818813 0.482603
vn 0.310869 -0.818813 0.482603
vn 0.310869 -0.818813 0.482603
vn 0.114062 -0.978730 0.170522
vn 0.114062 -0.978730 0.170522
vn 0.114062 -0.978730 0.170522
vn 0.114062 -0.978730 0.170522
vn -0.119200 -0.978439 -0.168665
vn -0.119200 -0.978439 -0.168665
vn -0.119200 -0.978439 -0.168665
vn -0.119200 -0.978439 -0.168665
vn -0.352373 -0.812820 -0.463850
vn -0.352373 -0.812820 -0.463850
vn -0.352373 -0.812820 -0.463850
vn -0.352373 -0.812820 -0.463850
vn -0.540874 -0.523758 -0.658129
vn -0.540874 -0.523758 -0.658129
vn -0.540874 -0.523758 -0.658129
vn -0.540874 -0.523758 -0.658129
vn -0.645585 -0.178171 -0.742614
vn -0.645585 -0.178171 -0.742614
vn -0.645585 -0.178171 -0.742614
vn -0.645585 -0.178171 -0.742614
vn -0.645592 0.178148 -0.742613
vn -0.645592 0.178148 -0.742613
vn -0.645592 0.178148 -0.742613
vn -0.645592 0.178148 -0.742613
vn 0.304199 0.542264 -0.783207
vn 0.304199 0.542264 -0.783207
vn 0.304199 0.542264 -0.783207
vn 0.304199 0.542264 -0.783207
vn 0.191516 0.824128 -0.533043
vn 0.191516 0.824128 -0.533043
vn 0.191516 0.824128 -0.533043
vn 0.191516 0.824128 -0.533043
vn 0.062590 0.979933 -0.189247
vn 0.062590 0.979933 -0.189247
vn 0.062590 0.979933 -0.189247
vn 0.062590 0.979933 -0.189247
vn -0.058384 0.980093 0.189760
vn -0.058384 0.980093 0.189760
vn -0.058384 0.980093 0.189760
vn -0.058384 0.980093 0.189760
vn -0.156998 0.827457 0.539135
vn -0.156998 0.827457 0.539135
vn -0.156998 0.827457 0.539135
vn -0.156998 0.827457 0.539135
vn -0.225765 0.550243 0.803905
vn -0.225765 0.550243 0.803905
vn -0.225765 0.550243 0.803905
vn -0.225765 0.550243 0.803905
vn -0.260939 0.192626 0.945942
vn -0.260939 0.192626 0.945942
vn -0.260939 0.192626 0.945942
vn -0.260939 0.192626 0.945942
vn -0.260942 -0.192629 0.945941
vn -0.260942 -0.192629 0.945940
vn -0.260942 -0.192629 0.945941
vn -0.260942 -0.192629 0.945940
vn -0.225771 -0.550230 0.803912
vn -0.225771 -0.550230 0.803912
vn -0.225771 -0.550230 0.803912
vn -0.225771 -0.550230 0.803912
vn -0.156995 -0.827469 0.539117
vn -0.156995 -0.827469 0.539117
vn -0.156995 -0.827469 0.539117
vn -0.156995 -0.827469 0.539117
vn -0.058384 -0.980093 0.189760
vn -0.058384 -0.980093 0.189760
vn -0.058384 -0.980093 0.189760
vn -0.058384 -0.980093 0.189760
vn 0.062590 -0.979932 -0.189252
vn 0.062590 -0.979932 -0.189251
vn 0.062590 -0.979932 -0.189251
vn 0.062590 -0.979932 -0.189251
vn 0.191506 -0.824131 -0.533041
vn 0.191506 -0.824131 -0.533041
vn 0.191506 -0.824131 -0.533041
vn 0.191506 -0.824131 -0.533041
vn 0.304208 -0.542258 -0.783208
vn 0.304207 -0.542258 -0.783208
vn 0.304208 -0.542257 -0.783208
vn 0.304208 -0.542258 -0.783208
vn 0.370994 -0.187829 -0.909442
vn 0.370994 -0.187829 -0.909442
vn 0.370994 -0.187829 -0.909442
vn 0.370994 -0.187829 -0.909442
vn 0.371001 0.187826 -0.909439
vn 0.371001 0.187826 -0.909439
vn 0.371001 0.187826 -0.909439
vn 0.371001 0.187826 -0.909439
vn -0.304218 0.542252 -0.783208
vn -0.304218 0.542252 -0.783208
vn -0.304218 0.542252 -0.783208
vn -0.304218 0.542252 -0.783208
vn -0.191522 0.824109 -0.533070
vn -0.191522 0.824109 -0.533070
vn -0.191522 0.824109 -0.533070
vn -0.191522 0.824109 -0.533070
vn -0.062588 0.979932 -0.189249
vn -0.062588 0.979932 -0.189249
vn -0.062588 0.979932 -0.189249
vn -0.062588 0.979933 -0.189249
vn 0.058379 0.980095 0.189752
vn 0.058379 0.980095 0.189752
vn 0.058379 0.980095 0.189752
vn 0.058379 0.980095 0.189752
vn 0.156994 0.827457 0.539137
vn 0.156994 0.827457 0.539137
vn 0.156994 0.827457 0.539137
vn 0.156994 0.827457 0.539137
vn 0.225765 0.550254 0.803897
vn 0.225765 0.550254 0.803897
vn 0.225765 0.550254 0.803897
vn 0.225765 0.550254 0.803897
vn 0.260937 0.192638 0.945940
vn 0.260937 0.192638 0.945940
vn 0.260937 0.192638 0.945940
vn 0.260936 0.192638 0.945940
vn 0.260938 -0.192639 0.945939
vn 0.260938 -0.192639 0.945939
vn 0.260938 -0.192639 0.945939
vn 0.260938 -0.192639 0.945940
vn 0.225753 -0.550244 0.803908
vn 0.225753 -0.550244 0.803908
vn 0.225753 -0.550244 0.803908
vn 0.225753 -0.550244 0.803908
vn 0.156992 -0.827461 0.539131
vn 0.156992 -0.827461 0.539131
vn 0.156992 -0.827461 0.539131
vn 0.156992 -0.827461 0.539131
vn 0.058378 -0.980095 0.189753
vn 0.058378 -0.980095 0.189753
vn 0.058378 -0.980095 0.189753
vn 0.058378 -0.980095 0.189753
vn -0.062589 -0.979931 -0.189257
vn -0.062589 -0.979931 -0.189257
vn -0.062589 -0.979931 -0.189257
vn -0.062589 -0.979931 -0.189257
vn -0.191509 -0.824124 -0.533051
vn -0.191509 -0.824124 -0.533051
vn -0.191509 -0.824124 -0.533051
vn -0.191509 -0.824124 -0.533051
vn -0.304221 -0.542260 -0.783201
vn -0.304221 -0.542260 -0.783201
vn -0.304221 -0.542260 -0.783201
vn -0.304221 -0.542260 -0.783201
vn -0.370983 -0.187843 -0.909443
vn -0.370983 -0.187843 -0.909443
vn -0.370983 -0.187843 -0.909443
vn -0.370983 -0.187843 -0.909443
vn -0.370978 0.187853 -0.909443
vn -0.370978 0.187853 -0.909443
vn -0.370978 0.187853 -0.909443
vn -0.370978 0.187853 -0.909443
vn 0.000000 0.559666 -0.828718
vn 0.000000 0.559666 -0.828718
vn 0.000000 0.559666 -0.828718
vn 0.000000 0.559666 -0.828718
vn 0.000000 0.197082 -0.980387
vn 0.000000 0.197082 -0.980387
vn 0.000000 0.197082 -0.980387
vn 0.000000 0.197082 -0.980387
vn 0.000000 -0.197085 -0.980387
vn 0.000000 -0.197085 -0.980387
vn 0.000000 -0.197085 -0.980386
vn 0.000000 -0.197085 -0.980386
vn 0.000000 -0.559658 -0.828724
vn 0.000000 -0.559658 -0.828724
vn 0.000000 -0.559658 -0.828724
vn 0.000000 -0.559658 -0.828724
vn 0.000000 -0.834177 -0.551497
vn 0.000000 -0.834177 -0.551497
vn 0.000000 -0.834177 -0.551497
vn 0.000000 -0.834177 -0.551497
vn 0.000000 -0.981180 -0.193095
vn 0.000000 -0.981180 -0.193095
vn 0.000000 -0.981180 -0.193095
vn 0.000000 -0.981180 -0.193095
vn -0.000000 -0.981182 0.193085
vn -0.000000 -0.981182 0.193085
vn -0.000000 -0.981182 0.193086
vn -0.000000 -0.981182 0.193085
vn -0.000000 -0.834181 0.551491
vn -0.000000 -0.834181 0.551491
vn -0.000000 -0.834181 0.551491
vn -0.000000 -0.834181 0.551491
vn 0.000000 -0.559644 0.828733
vn 0.000000 -0.559644 0.828733
vn 0.000000 -0.559644 0.828733
vn 0.000000 -0.559644 0.828733
vn -0.000000 -0.197074 0.980389
vn -0.000000 -0.197074 0.980389
vn -0.000000 -0.197074 0.980389
vn -0.000000 -0.197074 0.980389
vn -0.000000 0.197073 0.980389
vn -0.000000 0.197073 0.980389
vn -0.000000 0.197073 0.980389
vn -0.000000 0.197073 0.980389
vn 0.000000 0.559649 0.828730
vn 0.000000 0.559649 0.828730
vn 0.000000 0.559649 0.828730
vn 0.000000 0.559649 0.828730
vn 0.000000 0.834181 0.551491
vn 0.000000 0.834181 0.551491
vn 0.000000 0.834181 0.551491
vn 0.000000 0.834181 0.551491
vn -0.000000 0.981181 0.193090
vn -0.000000 0.981181 0.193089
vn -0.000000 0.981181 0.193089
vn -0.000000 0.981181 0.193089
vn 0.000000 0.981182 -0.193086
vn 0.000000 0.981182 -0.193086
vn 0.000000 0.981182 -0.193086
vn 0.000000 0.981182 -0.193086
vn 0.000000 0.834167 -0.551512
vn 0.000000 0.834167 -0.551512
vn 0.000000 0.834167 -0.551512
vn 0.000000 0.834167 -0.551512
vn 0.873776 0.484388 -0.043406
vn 0.873776 0.484388 -0.043406
vn 0.873776 0.484388 -0.043406
vn 0.873776 0.484389 -0.043406
vn 0.625896 0.779697 -0.018095
vn 0.625896 0.779697 -0.018095
vn 0.625896 0.779697 -0.018095
vn 0.625896 0.779697 -0.018095
vn 0.231720 0.972780 -0.002009
vn 0.231720 0.972780 -0.002009
vn 0.231720 0.972780 -0.002009
vn 0.231720 0.972780 -0.002009
vn -0.231166 0.972913 -0.001734
vn -0.231166 0.972913 -0.001734
vn -0.231166 0.972913 -0.001734
vn -0.231166 0.972913 -0.001734
vn -0.623145 0.782017 -0.011841
vn -0.623145 0.782017 -0.011841
vn -0.623145 0.782017 -0.011841
vn -0.623145 0.782017 -0.011841
vn -0.871888 0.489172 -0.022838
vn -0.871888 0.489172 -0.022838
vn -0.871888 0.489172 -0.022838
vn -0.871888 0.489172 -0.022838
vn -0.985919 0.164655 -0.029213
vn -0.985919 0.164655 -0.029213
vn -0.985919 0.164655 -0.029213
vn -0.985919 0.164655 -0.029213
vn -0.985918 -0.164656 -0.029212
vn -0.985918 -0.164656 -0.029212
vn -0.985918 -0.164656 -0.029212
vn -0.985918 -0.164656 -0.029212
vn -0.871931 -0.489096 -0.022831
vn -0.871931 -0.489097 -0.022831
vn -0.871931 -0.489097 -0.022831
vn -0.871931 -0.489097 -0.022831
vn -0.623089 -0.782062 -0.011831
vn -0.623089 -0.782062 -0.011831
vn -0.623089 -0.782062 -0.011831
vn -0.623089 -0.782062 -0.011831
vn -0.231166 -0.972913 -0.001737
vn -0.231166 -0.972913 -0.001737
vn -0.231166 -0.972913 -0.001737
vn -0.231166 -0.972913 -0.001737
vn 0.231729 -0.972778 -0.002012
vn 0.231729 -0.972778 -0.002012
vn 0.231729 -0.972778 -0.002012
vn 0.231729 -0.972778 -0.002012
vn 0.625887 -0.779704 -0.018086
vn 0.625887 -0.779704 -0.018086
vn 0.625887 -0.779704 -0.018086
vn 0.625887 -0.779704 -0.018086
vn 0.873778 -0.484384 -0.043406
vn 0.873778 -0.484383 -0.043406
vn 0.873778 -0.484383 -0.043406
vn 0.873778 -0.484383 -0.043406
vn 0.984781 -0.162083 -0.062735
vn 0.984781 -0.162083 -0.062735
vn 0.984781 -0.162083 -0.062735
vn 0.984781 -0.162083 -0.062735
vn 0.984781 0.162081 -0.062736
vn 0.984781 0.162081 -0.062736
vn 0.984781 0.162081 -0.062736
vn 0.984781 0.162081 -0.062736
vn -0.873776 0.484388 -0.043407
vn -0.873776 0.484388 -0.043407
vn -0.873776 0.484389 -0.043407
vn -0.873776 0.484388 -0.043407
vn -0.625896 0.779697 -0.018095
vn -0.625896 0.779697 -0.018095
vn -0.625896 0.779697 -0.018095
vn -0.625896 0.779697 -0.018095
vn -0.231720 0.972780 -0.002010
vn -0.231720 0.972780 -0.002010
vn -0.231720 0.972780 -0.002010
vn -0.231720 0.972780 -0.002010
vn 0.231174 0.972911 -0.001733
vn 0.231174 0.972911 -0.001733
vn 0.231174 0.972911 -0.001733
vn 0.231174 0.972911 -0.001733
vn 0.623089 0.782062 -0.011840
vn 0.623089 0.782062 -0.011840
vn 0.623089 0.782062 -0.011840
vn 0.623089 0.782062 -0.011840
vn 0.871931 0.489096 -0.022839
vn 0.871931 0.489096 -0.022839
vn 0.871931 0.489096 -0.022839
vn 0.871931 0.489096 -0.022839
vn 0.985919 0.164655 -0.029213
vn 0.985919 0.164655 -0.029213
vn 0.985919 0.164655 -0.029213
vn 0.985919 0.164655 -0.029213
vn 0.985918 -0.164656 -0.029212
vn 0.985918 -0.164656 -0.029212
vn 0.985918 -0.164656 -0.029212
vn 0.985918 -0.164656 -0.029212
vn 0.871931 -0.489097 -0.022831
vn 0.871931 -0.489097 -0.022831
vn 0.871931 -0.489097 -0.022831
vn 0.871931 -0.489097 -0.022831
vn 0.623089 -0.782062 -0.011828
vn 0.623089 -0.782062 -0.011828
vn 0.623089 -0.782062 -0.011828
vn 0.623089 -0.782062 -0.011828
vn 0.231166 -0.972913 -0.001735
vn 0.231166 -0.972913 -0.001735
vn 0.231166 -0.972913 -0.001735
vn 0.231166 -0.972913 -0.001735
vn -0.231720 -0.972780 -0.002014
vn -0.231720 -0.972780 -0.002014
vn -0.231720 -0.972780 -0.002014
vn -0.231720 -0.972780 -0.002014
vn -0.625887 -0.779704 -0.018088
vn -0.625887 -0.779704 -0.018088
vn -0.625887 -0.779704 -0.018088
vn -0.625887 -0.779704 -0.018088
vn -0.873779 -0.484384 -0.043404
vn -0.873778 -0.484384 -0.043404
vn -0.873779 -0.484384 -0.043404
vn -0.873779 -0.484384 -0.043404
vn -0.984781 -0.162083 -0.062735
vn -0.984781 -0.162083 -0.062735
vn -0.984781 -0.162083 -0.062735
vn -0.984781 -0.162083 -0.062735
vn -0.984781 0.162081 -0.062736
vn -0.984781 0.162081 -0.062736
vn -0.984781 0.162081 -0.062736
vn -0.984781 0.162081 -0.062736
vn 0.858312 0.487733 0.159425
vn 0.858312 0.487733 0.159425
vn 0.858312 0.487733 0.159425
vn 0.858312 0.487733 0.159425
vn 0.610492 0.782410 0.123024
vn 0.610492 0.782410 0.123024
vn 0.610492 0.782410 0.123024
vn 0.610492 0.782410 0.123024
vn 0.224397 0.973269 0.048923
vn 0.224397 0.973269 0.048923
vn 0.224397 0.973269 0.048923
vn 0.224397 0.973269 0.048923
vn -0.223004 0.973441 -0.051781
vn -0.223004 0.973441 -0.051781
vn -0.223004 0.973441 -0.051781
vn -0.223004 0.973441 -0.051781
vn -0.601619 0.785316 -0.146057
vn -0.601619 0.785316 -0.146057
vn -0.601619 0.785316 -0.146057
vn -0.601619 0.785316 -0.146057
vn -0.843921 0.493354 -0.210709
vn -0.843921 0.493354 -0.210709
vn -0.843921 0.493354 -0.210709
vn -0.843921 0.493354 -0.210709
vn -0.955892 0.166620 -0.241884
vn -0.955892 0.166620 -0.241884
vn -0.955892 0.166620 -0.241884
vn -0.955892 0.166620 -0.241884
vn -0.955892 -0.166622 -0.241883
vn -0.955892 -0.166622 -0.241883
vn -0.955892 -0.166622 -0.241883
vn -0.955892 -0.166622 -0.241883
vn -0.843936 -0.493324 -0.210721
vn -0.843936 -0.493324 -0.210721
vn -0.843936 -0.493324 -0.210721
vn -0.843937 -0.493324 -0.210721
vn -0.601595 -0.785334 -0.146060
vn -0.601595 -0.785334 -0.146060
vn -0.601595 -0.785334 -0.146060
vn -0.601595 -0.785334 -0.146060
vn -0.223004 -0.973441 -0.051777
vn -0.223004 -0.973441 -0.051777
vn -0.223004 -0.973441 -0.051777
vn -0.223004 -0.973441 -0.051777
vn 0.224397 -0.973269 0.048927
vn 0.224397 -0.973269 0.048927
vn 0.224397 -0.973269 0.048927
vn 0.224397 -0.973269 0.048927
vn 0.610452 -0.782442 0.123016
vn 0.610452 -0.782442 0.123016
vn 0.610452 -0.782442 0.123016
vn 0.610452 -0.782442 0.123016
vn 0.858331 -0.487700 0.159424
vn 0.858331 -0.487700 0.159424
vn 0.858331 -0.487700 0.159424
vn 0.858331 -0.487700 0.159424
vn 0.971645 -0.163583 0.170725
vn 0.971645 -0.163583 0.170725
vn 0.971645 -0.163583 0.170725
vn 0.971645 -0.163583 0.170725
vn 0.971639 0.163618 0.170726
vn 0.971639 0.163618 0.170726
vn 0.971639 0.163618 0.170726
vn 0.971639 0.163618 0.170726
vn -0.858343 0.487679 0.159429
vn -0.858343 0.487678 0.159429
vn -0.858343 0.487679 0.159429
vn -0.858343 0.487679 0.159429
vn -0.610442 0.782450 0.123016
vn -0.610442 0.782450 0.123016
vn -0.610442 0.782450 0.123016
vn -0.610442 0.782450 0.123016
vn -0.224390 0.973271 0.048923
vn -0.224390 0.973271 0.048923
vn -0.224390 0.973271 0.048923
vn -0.224390 0.973271 0.048923
vn 0.223017 0.973438 -0.051782
vn 0.223017 0.973438 -0.051782
vn 0.223017 0.973438 -0.051782
vn 0.223017 0.973438 -0.051782
vn 0.601642 0.785297 -0.146064
vn 0.601642 0.785297 -0.146064
vn 0.601642 0.785297 -0.146064
vn 0.601642 0.785298 -0.146064
vn 0.843903 0.493387 -0.210704
vn 0.843903 0.493387 -0.210704
vn 0.843903 0.493387 -0.210704
vn 0.843903 0.493387 -0.210704
vn 0.955899 0.166581 -0.241884
vn 0.955899 0.166581 -0.241884
vn 0.955899 0.166581 -0.241884
vn 0.955899 0.166581 -0.241884
vn 0.955899 -0.166583 -0.241884
vn 0.955899 -0.166583 -0.241884
vn 0.955899 -0.166583 -0.241884
vn 0.955899 -0.166583 -0.241884
vn 0.843918 -0.493356 -0.210718
vn 0.843918 -0.493356 -0.210718
vn 0.843918 -0.493356 -0.210718
vn 0.843918 -0.493356 -0.210718
vn 0.601618 -0.785315 -0.146066
vn 0.601618 -0.785315 -0.146066
vn 0.601618 -0.785315 -0.146066
vn 0.601618 -0.785315 -0.146066
vn 0.223004 -0.973441 -0.051777
vn 0.223004 -0.973441 -0.051777
vn 0.223004 -0.973441 -0.051777
vn 0.223004 -0.973441 -0.051777
vn -0.224397 -0.973269 0.048925
vn -0.224397 -0.973269 0.048925
vn -0.224397 -0.973269 0.048925
vn -0.224397 -0.973269 0.048925
vn -0.610452 -0.782442 0.123016
vn -0.610452 -0.782442 0.123016
vn -0.610452 -0.782442 0.123016
vn -0.610452 -0.782442 0.123016
vn -0.858346 -0.487673 0.159429
vn -0.858346 -0.487673 0.159429
vn -0.858346 -0.487673 0.159429
vn -0.858346 -0.487673 0.159429
vn -0.971639 -0.163619 0.170723
vn -0.971639 -0.163619 0.170723
vn -0.971639 -0.163619 0.170723
vn -0.971639 -0.163619 0.170723
vn -0.971639 0.163618 0.170726
vn -0.971639 0.163618 0.170726
vn -0.971639 0.163618 0.170726
vn -0.971639 0.163618 0.170726
vn 0.797236 0.496391 0.343526
vn 0.797236 0.496391 0.343526
vn 0.797236 0.496391 0.343526
vn 0.797236 0.496391 0.343526
vn 0.558417 0.790066 0.252914
vn 0.558417 0.790066 0.252914
vn 0.558417 0.790066 0.252914
vn 0.558417 0.790066 0.252914
vn 0.202096 0.974636 0.096136
vn 0.202096 0.974636 0.096136
vn 0.202096 0.974636 0.096136
vn 0.202096 0.974636 0.096136
vn -0.199706 0.974858 -0.098844
vn -0.199706 0.974858 -0.098844
vn -0.199706 0.974858 -0.098844
vn -0.199706 0.974858 -0.098844
vn -0.541587 0.794112 -0.275809
vn -0.541587 0.794112 -0.275809
vn -0.541587 0.794112 -0.275809
vn -0.541587 0.794112 -0.275809
vn -0.766447 0.504614 -0.397396
vn -0.766447 0.504614 -0.397396
vn -0.766447 0.504614 -0.397396
vn -0.766447 0.504614 -0.397396
vn -0.872999 0.171516 -0.456569
vn -0.872999 0.171516 -0.456569
vn -0.872999 0.171516 -0.456569
vn -0.872999 0.171516 -0.456569
vn -0.872999 -0.171518 -0.456568
vn -0.872999 -0.171518 -0.456568
vn -0.872999 -0.171518 -0.456568
vn -0.872999 -0.171518 -0.456568
vn -0.766430 -0.504646 -0.397390
vn -0.766430 -0.504646 -0.397389
vn -0.766430 -0.504646 -0.397390
vn -0.766430 -0.504646 -0.397389
vn -0.541608 -0.794093 -0.275821
vn -0.541608 -0.794093 -0.275821
vn -0.541608 -0.794093 -0.275821
vn -0.541608 -0.794093 -0.275821
vn -0.199694 -0.974861 -0.098838
vn -0.199694 -0.974861 -0.098838
vn -0.199694 -0.974861 -0.098838
vn -0.199694 -0.974861 -0.098838
vn 0.202096 -0.974636 0.096132
vn 0.202096 -0.974636 0.096132
vn 0.202096 -0.974636 0.096132
vn 0.202096 -0.974636 0.096132
vn 0.558428 -0.790056 0.252924
vn 0.558428 -0.790056 0.252924
vn 0.558428 -0.790056 0.252924
vn 0.558428 -0.790056 0.252924
vn 0.797239 -0.496386 0.343528
vn 0.797239 -0.496386 0.343528
vn 0.797239 -0.496386 0.343528
vn 0.797239 -0.496386 0.343528
vn 0.910073 -0.167139 0.379250
vn 0.910074 -0.167139 0.379250
vn 0.910073 -0.167139 0.379250
vn 0.910073 -0.167139 0.379250
vn 0.910073 0.167137 0.379251
vn 0.910073 0.167137 0.379251
vn 0.910074 0.167137 0.379251
vn 0.910074 0.167137 0.379251
vn -0.797202 0.496449 0.343522
vn -0.797202 0.496449 0.343522
vn -0.797202 0.496449 0.343522
vn -0.797202 0.496449 0.343522
vn -0.558434 0.790050 0.252927
vn -0.558434 0.790050 0.252927
vn -0.558434 0.790050 0.252927
vn -0.558434 0.790050 0.252927
vn -0.202083 0.974639 0.096129
vn -0.202083 0.974639 0.096129
vn -0.202083 0.974639 0.096129
vn -0.202083 0.974639 0.096129
vn 0.199689 0.974862 -0.098835
vn 0.199689 0.974862 -0.098835
vn 0.199689 0.974862 -0.098835
vn 0.199689 0.974862 -0.098835
vn 0.541609 0.794091 -0.275824
vn 0.541609 0.794091 -0.275824
vn 0.541609 0.794091 -0.275824
vn 0.541609 0.794091 -0.275824
vn 0.766449 0.504613 -0.397395
vn 0.766449 0.504613 -0.397395
vn 0.766449 0.504613 -0.397395
vn 0.766449 0.504613 -0.397395
vn 0.872992 0.171558 -0.456567
vn 0.872992 0.171558 -0.456567
vn 0.872992 0.171558 -0.456567
vn 0.872992 0.171558 -0.456567
vn 0.872996 -0.171560 -0.456558
vn 0.872996 -0.171560 -0.456558
vn 0.872996 -0.171560 -0.456558
vn 0.872996 -0.171560 -0.456558
vn 0.766450 -0.504610 -0.397396
vn 0.766450 -0.504610 -0.397396
vn 0.766450 -0.504610 -0.397396
vn 0.766450 -0.504610 -0.397396
vn 0.541587 -0.794112 -0.275809
vn 0.541587 -0.794112 -0.275809
vn 0.541587 -0.794112 -0.275809
vn 0.541587 -0.794112 -0.275809
vn 0.199695 -0.974861 -0.098834
vn 0.199695 -0.974861 -0.098834
vn 0.199695 -0.974861 -0.098834
vn 0.199695 -0.974861 -0.098834
vn -0.202083 -0.974640 0.096125
vn -0.202083 -0.974640 0.096125
vn -0.202083 -0.974640 0.096125
vn -0.202083 -0.974640 0.096125
vn -0.558428 -0.790056 0.252924
vn -0.558428 -0.790056 0.252924
vn -0.558428 -0.790056 0.252924
vn -0.558428 -0.790056 0.252924
vn -0.797204 -0.496444 0.343524
vn -0.797204 -0.496444 0.343524
vn -0.797204 -0.496444 0.343524
vn -0.797204 -0.496444 0.343524
vn -0.910065 -0.167135 0.379272
vn -0.910065 -0.167135 0.379272
vn -0.910065 -0.167135 0.379272
vn -0.910065 -0.167135 0.379272
vn -0.910065 0.167133 0.379273
vn -0.910065 0.167133 0.379273
vn -0.910065 0.167133 0.379273
vn -0.910065 0.167133 0.379273
vn 0.689299 0.509880 0.514674
vn 0.689299 0.509880 0.514674
vn 0.689299 0.509880 0.514674
vn 0.689299 0.509880 0.514674
vn 0.470645 0.801211 0.369531
vn 0.470645 0.801211 0.369531
vn 0.470645 0.801212 0.369531
vn 0.470645 0.801211 0.369531
vn 0.166198 0.976530 0.136996
vn 0.166198 0.976530 0.136996
vn 0.166198 0.976530 0.136996
vn 0.166198 0.976530 0.136996
vn -0.162634 0.976795 -0.139362
vn -0.162634 0.976795 -0.139362
vn -0.162634 0.976795 -0.139362
vn -0.162634 0.976795 -0.139362
vn -0.443913 0.806267 -0.390993
vn -0.443913 0.806267 -0.390993
vn -0.443913 0.806267 -0.390993
vn -0.443913 0.806267 -0.390993
vn -0.635808 0.520723 -0.569733
vn -0.635808 0.520723 -0.569733
vn -0.635808 0.520723 -0.569733
vn -0.635808 0.520723 -0.569733
vn -0.730052 0.178827 -0.659579
vn -0.730052 0.178827 -0.659579
vn -0.730053 0.178827 -0.659579
vn -0.730052 0.178827 -0.659579
vn -0.730050 -0.178828 -0.659582
vn -0.730050 -0.178828 -0.659582
vn -0.730050 -0.178828 -0.659582
vn -0.730050 -0.178828 -0.659582
vn -0.635811 -0.520725 -0.569728
vn -0.635811 -0.520725 -0.569728
vn -0.635811 -0.520725 -0.569728
vn -0.635811 -0.520725 -0.569728
vn -0.443926 -0.806254 -0.391005
vn -0.443926 -0.806254 -0.391005
vn -0.443926 -0.806254 -0.391005
vn -0.443926 -0.806254 -0.391005
vn -0.162629 -0.976797 -0.139357
vn -0.162629 -0.976797 -0.139357
vn -0.162629 -0.976797 -0.139357
vn -0.162629 -0.976797 -0.139357
vn 0.166198 -0.976530 0.136996
vn 0.166198 -0.976530 0.136996
vn 0.166198 -0.976530 0.136996
vn 0.166198 -0.976530 0.136996
vn 0.470640 -0.801218 0.369523
vn 0.470640 -0.801218 0.369523
vn 0.470640 -0.801218 0.369523
vn 0.470640 -0.801218 0.369523
vn 0.689299 -0.509875 0.514679
vn 0.689299 -0.509875 0.514679
vn 0.689299 -0.509875 0.514679
vn 0.689299 -0.509875 0.514679
vn 0.798723 -0.172710 0.576380
vn 0.798723 -0.172710 0.576380
vn 0.798723 -0.172710 0.576380
vn 0.798723 -0.172710 0.576380
vn 0.798725 0.172707 0.576378
vn 0.798725 0.172707 0.576378
vn 0.798725 0.172707 0.576378
vn 0.798724 0.172707 0.576378
vn -0.689329 0.509831 0.514682
vn -0.689329 0.509831 0.514682
vn -0.689329 0.509831 0.514682
vn -0.689329 0.509831 0.514682
vn -0.470629 0.801230 0.369513
vn -0.470629 0.801230 0.369513
vn -0.470629 0.801230 0.369513
vn -0.470629 0.801230 0.369513
vn -0.166203 0.976528 0.137002
vn -0.166203 0.976528 0.137002
vn -0.166203 0.976528 0.137002
vn -0.166203 0.976528 0.137002
vn 0.162631 0.976796 -0.139361
vn 0.162631 0.976796 -0.139361
vn 0.162631 0.976796 -0.139361
vn 0.162631 0.976796 -0.139361
vn 0.443929 0.806254 -0.391001
vn 0.443929 0.806254 -0.391001
vn 0.443929 0.806254 -0.391001
vn 0.443929 0.806254 -0.391001
vn 0.635795 0.520760 -0.569714
vn 0.635795 0.520760 -0.569714
vn 0.635795 0.520760 -0.569714
vn 0.635795 0.520760 -0.569714
vn 0.730053 0.178827 -0.659579
vn 0.730052 0.178827 -0.659579
vn 0.730053 0.178827 -0.659579
vn 0.730052 0.178827 -0.659579
vn 0.730048 -0.178828 -0.659583
vn 0.730048 -0.178828 -0.659583
vn 0.730048 -0.178828 -0.659583
vn 0.730048 -0.178828 -0.659583
vn 0.635815 -0.520723 -0.569726
vn 0.635815 -0.520723 -0.569726
vn 0.635815 -0.520723 -0.569726
vn 0.635815 -0.520723 -0.569726
vn 0.443919 -0.806264 -0.390992
vn 0.443919 -0.806264 -0.390992
vn 0.443919 -0.806264 -0.390992
vn 0.443919 -0.806264 -0.390992
vn 0.162631 -0.976796 -0.139361
vn 0.162631 -0.976796 -0.139361
vn 0.162631 -0.976796 -0.139361
vn 0.162631 -0.976796 -0.139361
vn -0.166203 -0.976527 0.137006
vn -0.166203 -0.976528 0.137006
vn -0.166203 -0.976527 0.137006
vn -0.166203 -0.976528 0.137007
vn -0.470623 -0.801235 0.369509
vn -0.470623 -0.801234 0.369509
vn -0.470623 -0.801235 0.369509
vn -0.470623 -0.801235 0.369509
vn -0.689330 -0.509827 0.514684
vn -0.689330 -0.509827 0.514684
vn -0.689330 -0.509827 0.514684
vn -0.689330 -0.509827 0.514684
vn -0.798730 -0.172742 0.576359
vn -0.798730 -0.172742 0.576359
vn -0.798730 -0.172742 0.576359
vn -0.798730 -0.172742 0.576359
vn -0.798732 0.172740 0.576358
vn -0.798732 0.172740 0.576358
vn -0.798732 0.172740 0.576358
vn -0.798732 0.172740 0.576358
vn 0.540886 0.523743 0.658130
vn 0.540886 0.523743 0.658130
vn 0.540886 0.523743 0.658130
vn 0.540886 0.523743 0.658130
vn 0.352351 0.812839 0.463833
vn 0.352351 0.812839 0.463833
vn 0.352351 0.812839 0.463833
vn 0.352351 0.812839 0.463833
vn 0.119200 0.978439 0.168666
vn 0.119200 0.978439 0.168666
vn 0.119200 0.978439 0.168666
vn 0.119200 0.978439 0.168666
vn -0.114060 0.978731 -0.170519
vn -0.114060 0.978731 -0.170519
vn -0.114060 0.978731 -0.170519
vn -0.114060 0.978731 -0.170519
vn -0.310869 0.818814 -0.482601
vn -0.310869 0.818814 -0.482601
vn -0.310869 0.818814 -0.482601
vn -0.310869 0.818814 -0.482601
vn -0.448992 0.538122 -0.713324
vn -0.448992 0.538122 -0.713324
vn -0.448992 0.538122 -0.713324
vn -0.448992 0.538122 -0.713324
vn -0.519210 0.186876 -0.833965
vn -0.519210 0.186876 -0.833965
vn -0.519210 0.186876 -0.833965
vn -0.519210 0.186876 -0.833965
vn -0.519214 -0.186849 -0.833969
vn -0.519214 -0.186849 -0.833969
vn -0.519214 -0.186849 -0.833969
vn -0.519214 -0.186849 -0.833969
vn -0.448992 -0.538122 -0.713324
vn -0.448992 -0.538122 -0.713324
vn -0.448992 -0.538122 -0.713324
vn -0.448992 -0.538122 -0.713324
vn -0.310877 -0.818799 -0.482622
vn -0.310877 -0.818799 -0.482622
vn -0.310877 -0.818799 -0.482622
vn -0.310877 -0.818799 -0.482622
vn -0.114060 -0.978730 -0.170525
vn -0.114060 -0.978730 -0.170525
vn -0.114060 -0.978730 -0.170525
vn -0.114060 -0.978730 -0.170525
vn 0.119200 -0.978439 0.168666
vn 0.119200 -0.978439 0.168666
vn 0.119200 -0.978439 0.168666
vn 0.119200 -0.978439 0.168666
vn 0.352346 -0.812844 0.463829
vn 0.352346 -0.812844 0.463829
vn 0.352346 -0.812844 0.463829
vn 0.352346 -0.812844 0.463829
vn 0.540899 -0.523712 0.658145
vn 0.540899 -0.523712 0.658145
vn 0.540899 -0.523712 0.658145
vn 0.540899 -0.523712 0.658145
vn 0.645590 -0.178204 0.742602
vn 0.645590 -0.178204 0.742602
vn 0.645590 -0.178204 0.742602
vn 0.645590 -0.178204 0.742602
vn 0.645587 0.178164 0.742613
vn 0.645587 0.178164 0.742613
vn 0.645587 0.178164 0.742614
vn 0.645587 0.178164 0.742614
vn -0.540856 0.523785 0.658121
vn -0.540856 0.523785 0.658121
vn -0.540856 0.523785 0.658121
vn -0.540856 0.523785 0.658121
vn -0.352384 0.812806 0.463867
vn -0.352384 0.812806 0.463867
vn -0.352384 0.812806 0.463867
vn -0.352384 0.812806 0.463867
vn -0.119201 0.978440 0.168662
vn -0.119201 0.978440 0.168662
vn -0.119201 0.978440 0.168662
vn -0.119201 0.978440 0.168662
vn 0.114060 0.978730 -0.170525
vn 0.114060 0.978730 -0.170525
vn 0.114060 0.978730 -0.170525
vn 0.114060 0.978730 -0.170525
vn 0.310853 0.818820 -0.482601
vn 0.310853 0.818820 -0.482601
vn 0.310853 0.818820 -0.482601
vn 0.310853 0.818820 -0.482601
vn 0.448985 0.538096 -0.713348
vn 0.448985 0.538096 -0.713348
vn 0.448985 0.538096 -0.713348
vn 0.448985 0.538096 -0.713348
vn 0.519216 0.186876 -0.833962
vn 0.519216 0.186876 -0.833962
vn 0.519216 0.186876 -0.833962
vn 0.519216 0.186876 -0.833962
vn 0.519215 -0.186892 -0.833959
vn 0.519215 -0.186892 -0.833959
vn 0.519215 -0.186892 -0.833959
vn 0.519215 -0.186892 -0.833959
vn 0.448997 -0.538090 -0.713345
vn 0.448997 -0.538090 -0.713345
vn 0.448997 -0.538090 -0.713345
vn 0.448997 -0.538090 -0.713345
vn 0.310858 -0.818814 -0.482608
vn 0.310858 -0.818814 -0.482608
vn 0.310858 -0.818814 -0.482608
vn 0.310858 -0.818814 -0.482608
vn 0.114060 -0.978730 -0.170525
vn 0.114060 -0.978730 -0.170525
vn 0.114060 -0.978730 -0.170525
vn 0.114060 -0.978730 -0.170525
vn -0.119201 -0.978440 0.168662
vn -0.119201 -0.978440 0.168662
vn -0.119201 -0.978440 0.168662
vn -0.119201 -0.978440 0.168662
vn -0.352370 -0.812821 0.463850
vn -0.352370 -0.812821 0.463850
vn -0.352370 -0.812821 0.463850
vn -0.352370 -0.812821 0.463850
vn -0.540873 -0.523757 0.658130
vn -0.540873 -0.523757 0.658130
vn -0.540873 -0.523757 0.658130
vn -0.540873 -0.523757 0.658130
vn -0.645584 -0.178180 0.742613
vn -0.645584 -0.178180 0.742613
vn -0.645584 -0.178180 0.742613
vn -0.645584 -0.178180 0.742613
vn -0.645584 0.178158 0.742617
vn -0.645584 0.178158 0.742617
vn -0.645584 0.178158 0.742617
vn -0.645584 0.178158 0.742617
vn 0.304199 0.542264 0.783207
vn 0.304199 0.542264 0.783207
vn 0.304199 0.542264 0.783207
vn 0.304199 0.542264 0.783207
vn 0.191527 0.824111 0.533066
vn 0.191527 0.824111 0.533066
vn 0.191527 0.824111 0.533066
vn 0.191527 0.824111 0.533066
vn 0.062590 0.979933 0.189247
vn 0.062590 0.979933 0.189247
vn 0.062590 0.979933 0.189247
vn 0.062590 0.979933 0.189247
vn -0.058381 0.980094 -0.189754
vn -0.058381 0.980094 -0.189754
vn -0.058381 0.980094 -0.189754
vn -0.058381 0.980094 -0.189754
vn -0.156996 0.827457 -0.539136
vn -0.156996 0.827457 -0.539136
vn -0.156996 0.827457 -0.539136
vn -0.156996 0.827457 -0.539136
vn -0.225757 0.550245 -0.803905
vn -0.225757 0.550245 -0.803905
vn -0.225757 0.550245 -0.803905
vn -0.225757 0.550245 -0.803905
vn -0.260942 0.192623 -0.945942
vn -0.260942 0.192623 -0.945942
vn -0.260942 0.192623 -0.945942
vn -0.260942 0.192623 -0.945942
vn -0.260939 -0.192626 -0.945942
vn -0.260939 -0.192626 -0.945942
vn -0.260939 -0.192626 -0.945942
vn -0.260939 -0.192626 -0.945942
vn -0.225758 -0.550248 -0.803903
vn -0.225758 -0.550248 -0.803903
vn -0.225758 -0.550248 -0.803903
vn -0.225758 -0.550248 -0.803903
vn -0.156999 -0.827455 -0.539137
vn -0.156999 -0.827455 -0.539137
vn -0.156999 -0.827455 -0.539137
vn -0.156999 -0.827455 -0.539137
vn -0.058382 -0.980094 -0.189757
vn -0.058382 -0.980094 -0.189757
vn -0.058382 -0.980094 -0.189757
vn -0.058382 -0.980094 -0.189757
vn 0.062590 -0.979933 0.189247
vn 0.062590 -0.979933 0.189247
vn 0.062590 -0.979933 0.189247
vn 0.062590 -0.979933 0.189247
vn 0.191526 -0.824116 0.533058
vn 0.191526 -0.824116 0.533058
vn 0.191526 -0.824116 0.533058
vn 0.191526 -0.824116 0.533058
vn 0.304199 -0.542266 0.783205
vn 0.304199 -0.542266 0.783205
vn 0.304199 -0.542266 0.783205
vn 0.304199 -0.542266 0.783205
vn 0.370988 -0.187829 0.909444
vn 0.370988 -0.187829 0.909444
vn 0.370988 -0.187829 0.909444
vn 0.370988 -0.187829 0.909444
vn 0.370989 0.187826 0.909444
vn 0.370989 0.187826 0.909444
vn 0.370989 0.187826 0.909444
vn 0.370989 0.187826 0.909444
vn -0.304201 0.542280 0.783195
vn -0.304201 0.542280 0.783195
vn -0.304201 0.542280 0.783195
vn -0.304201 0.542280 0.783195
vn -0.191520 0.824113 0.533065
vn -0.191520 0.824113 0.533065
vn -0.191520 0.824113 0.533065
vn -0.191520 0.824113 0.533065
vn -0.062586 0.979932 0.189251
vn -0.062586 0.979932 0.189251
vn -0.062586 0.979932 0.189251
vn -0.062586 0.979932 0.189251
vn 0.058381 0.980096 -0.189748
vn 0.058381 0.980096 -0.189748
vn 0.058381 0.980096 -0.189748
vn 0.058381 0.980096 -0.189748
vn 0.156999 0.827447 -0.539151
vn 0.156999 0.827447 -0.539151
vn 0.156999 0.827447 -0.539151
vn 0.156999 0.827447 -0.539151
vn 0.225757 0.550245 -0.803905
vn 0.225757 0.550245 -0.803906
vn 0.225757 0.550245 -0.803905
vn 0.225757 0.550245 -0.803905
vn 0.260940 0.192634 -0.945940
vn 0.260940 0.192634 -0.945940
vn 0.260940 0.192634 -0.945940
vn 0.260940 0.192634 -0.945940
vn 0.260935 -0.192636 -0.945941
vn 0.260935 -0.192636 -0.945941
vn 0.260935 -0.192636 -0.945941
vn 0.260935 -0.192636 -0.945941
vn 0.225759 -0.550242 -0.803907
vn 0.225759 -0.550242 -0.803907
vn 0.225759 -0.550242 -0.803907
vn 0.225759 -0.550242 -0.803907
vn 0.157001 -0.827455 -0.539137
vn 0.157001 -0.827455 -0.539137
vn 0.157001 -0.827455 -0.539137
vn 0.157001 -0.827455 -0.539137
vn 0.058381 -0.980094 -0.189757
vn 0.058381 -0.980094 -0.189757
vn 0.058381 -0.980094 -0.189757
vn 0.058381 -0.980094 -0.189757
vn -0.062586 -0.979930 0.189260
vn -0.062586 -0.979930 0.189260
vn -0.062586 -0.979931 0.189260
vn -0.062586 -0.979931 0.189260
vn -0.191517 -0.824124 0.533049
vn -0.191517 -0.824124 0.533049
vn -0.191517 -0.824124 0.533049
vn -0.191517 -0.824124 0.533049
vn -0.304204 -0.542263 0.783206
vn -0.304204 -0.542263 0.783206
vn -0.304204 -0.542263 0.783205
vn -0.304204 -0.542263 0.783206
vn -0.370990 -0.187830 0.909443
vn -0.370990 -0.187830 0.909443
vn -0.370990 -0.187830 0.909443
vn -0.370990 -0.187830 0.909443
vn -0.370986 0.187828 0.909445
vn -0.370986 0.187828 0.909445
vn -0.370986 0.187828 0.909445
vn -0.370986 0.187828 0.909445
vn 0.000000 0.559659 0.828723
vn 0.000000 0.559659 0.828723
vn 0.000000 0.559659 0.828723
vn 0.000000 0.559659 0.828723
vn 0.000000 0.197083 0.980387
vn 0.000000 0.197082 0.980387
vn 0.000000 0.197083 0.980387
vn 0.000000 0.197082 0.980387
vn 0.000000 -0.197084 0.980387
vn 0.000000 -0.197084 0.980387
vn 0.000000 -0.197084 0.980387
vn 0.000000 -0.197084 0.980387
vn 0.000000 -0.559651 0.828729
vn 0.000000 -0.559651 0.828729
vn 0.000000 -0.559651 0.828729
vn 0.000000 -0.559651 0.828729
vn 0.000000 -0.834181 0.551491
vn 0.000000 -0.834181 0.551491
vn 0.000000 -0.834181 0.551491
vn 0.000000 -0.834181 0.551491
vn 0.000000 -0.981180 0.193096
vn 0.000000 -0.981180 0.193096
vn 0.000000 -0.981180 0.193096
vn 0.000000 -0.981180 0.193096
vn -0.000000 -0.981182 -0.193083
vn -0.000000 -0.981182 -0.193083
vn -0.000000 -0.981182 -0.193083
vn -0.000000 -0.981182 -0.193083
vn -0.000000 -0.834178 -0.551495
vn -0.000000 -0.834178 -0.551495
vn -0.000000 -0.834178 -0.551495
vn -0.000000 -0.834178 -0.551495
vn -0.000000 -0.559644 -0.828733
vn -0.000000 -0.559644 -0.828733
vn -0.000000 -0.559644 -0.828733
vn -0.000000 -0.559644 -0.828733
vn -0.000000 -0.197074 -0.980389
vn -0.000000 -0.197074 -0.980389
vn -0.000000 -0.197074 -0.980389
vn -0.000000 -0.197074 -0.980389
vn -0.000000 0.197073 -0.980389
vn -0.000000 0.197073 -0.980389
vn -0.000000 0.197073 -0.980389
vn -0.000000 0.197073 -0.980389
vn 0.000000 0.559654 -0.828726
vn 0.000000 0.559654 -0.828726
vn 0.000000 0.559654 -0.828726
vn 0.000000 0.559654 -0.828726
vn 0.000000 0.834178 -0.551495
vn 0.000000 0.834178 -0.551495
vn 0.000000 0.834178 -0.551495
vn 0.000000 0.834178 -0.551495
vn -0.000000 0.981181 -0.193092
vn -0.000000 0.981181 -0.193092
vn -0.000000 0.981181 -0.193092
vn -0.000000 0.981181 -0.193092
vn 0.000000 0.981182 0.193087
vn 0.000000 0.981182 0.193087
vn 0.000000 0.981182 0.193087
vn 0.000000 0.981182 0.193087
vn 0.000000 0.834169 0.551510
vn 0.000000 0.834168 0.551510
vn 0.000000 0.834169 0.551510
vn 0.000000 0.834169 0.551510
vn -0.617723 0.786396 0.000000
vn -0.617723 0.786396 0.000000
vn -0.617723 0.786396 0.000000
vn -0.617723 0.786396 0.000000
vn -0.227698 0.973732 0.000000
vn -0.227698 0.973732 0.000000
vn -0.227698 0.973732 0.000000
vn -0.227698 0.973732 0.000000
vn 0.227687 0.973735 0.000000
vn 0.227687 0.973735 0.000000
vn 0.227687 0.973735 0.000000
vn 0.227687 0.973735 0.000000
vn 0.617716 0.786401 0.000000
vn 0.617716 0.786401 0.000000
vn 0.617716 0.786401 0.000000
vn 0.617716 0.786401 0.000000
vn 0.869402 0.494105 0.000000
vn 0.869402 0.494105 0.000000
vn 0.869402 0.494105 0.000000
vn 0.869402 0.494105 0.000000
vn 0.985993 0.166788 0.000000
vn 0.985993 0.166788 0.000000
vn 0.985993 0.166788 0.000000
vn 0.985993 0.166788 0.000000
vn 0.985993 -0.166790 0.000000
vn 0.985993 -0.166790 0.000000
vn 0.985993 -0.166790 0.000000
vn 0.985993 -0.166790 0.000000
vn 0.869402 -0.494105 0.000000
vn 0.869402 -0.494105 0.000000
vn 0.869402 -0.494105 0.000000
vn 0.869402 -0.494105 0.000000
vn 0.617716 -0.786401 0.000000
vn 0.617716 -0.786401 0.000000
vn 0.617716 -0.786401 0.000000
vn 0.617716 -0.786401 0.000000
vn 0.227687 -0.973735 0.000000
vn 0.227687 -0.973735 0.000000
vn 0.227687 -0.973735 0.000000
vn 0.227687 -0.973735 0.000000
vn -0.227698 -0.973732 0.000000
vn -0.227698 -0.973732 0.000000
vn -0.227698 -0.973732 0.000000
vn -0.227698 -0.973732 0.000000
vn -0.617716 -0.786401 0.000000
vn -0.617716 -0.786401 0.000000
vn -0.617716 -0.786401 0.000000
vn -0.617716 -0.786401 0.000000
vn -0.869402 -0.494105 0.000000
vn -0.869402 -0.494105 0.000000
vn -0.869402 -0.494105 0.000000
vn -0.869402 -0.494105 0.000000
vn -0.985993 -0.166790 0.000000
vn -0.985993 -0.166790 0.000000
vn -0.985993 -0.166790 0.000000
vn -0.985993 -0.166790 0.000000
vn -0.985993 0.166788 0.000000
vn -0.985993 0.166788 0.000000
vn -0.985993 0.166788 0.000000
vn -0.985993 0.166788 0.000000
vn -0.869400 0.494109 0.000000
vn -0.869400 0.494109 0.000000
vn -0.869400 0.494109 0.000000
vn -0.869400 0.494109 0.000000
vn 0.869400 0.494109 0.000000
vn 0.869400 0.494109 0.000000
vn 0.869400 0.494109 0.000000
vn 0.869400 0.494109 0.000000
vn 0.985993 0.166788 0.000000
vn 0.985993 0.166788 0.000000
vn 0.985993 0.166788 0.000000
vn 0.985993 0.166788 0.000000
vn 0.985993 -0.166790 0.000000
vn 0.985993 -0.166790 0.000000
vn 0.985993 -0.166790 0.000000
vn 0.985993 -0.166790 0.000000
vn 0.869402 -0.494105 0.000000
vn 0.869402 -0.494105 0.000000
vn 0.869402 -0.494105 0.000000
vn 0.869402 -0.494105 0.000000
vn 0.617716 -0.786401 0.000000
vn 0.617716 -0.786401 0.000000
vn 0.617716 -0.786401 0.000000
vn 0.617716 -0.786401 0.000000
vn 0.227687 -0.973735 0.000000
vn 0.227687 -0.973735 0.000000
vn 0.227687 -0.973735 0.000000
vn 0.227687 -0.973735 0.000000
vn -0.227698 -0.973732 0.000000
vn -0.227698 -0.973732 0.000000
vn -0.227698 -0.973732 0.000000
vn -0.227698 -0.973732 0.000000
vn -0.617716 -0.786401 0.000000
vn -0.617716 -0.786401 0.000000
vn -0.617716 -0.786401 0.000000
vn -0.617716 -0.786401 0.000000
vn -0.869402 -0.494105 0.000000
vn -0.869402 -0.494105 0.000000
vn -0.869402 -0.494105 0.000000
vn -0.869402 -0.494105 0.000000
vn -0.985985 -0.166834 0.000000
vn -0.985985 -0.166834 0.000000
vn -0.985985 -0.166834 0.000000
vn -0.985985 -0.166834 0.000000
vn -0.985985 0.166832 0.000000
vn -0.985985 0.166832 0.000000
vn -0.985985 0.166832 0.000000
vn -0.985985 0.166832 0.000000
vn -0.869402 0.494105 0.000000
vn -0.869402 0.494105 0.000000
vn -0.869402 0.494105 0.000000
vn -0.869402 0.494105 0.000000
vn -0.617716 0.786401 0.000000
vn -0.617716 0.786401 0.000000
vn -0.617716 0.786401 0.000000
vn -0.617716 0.786401 0.000000
vn -0.227698 0.973732 0.000000
vn -0.227698 0.973732 0.000000
vn -0.227698 0.973732 0.000000
vn -0.227698 0.973732 0.000000
vn 0.227687 0.973735 0.000000
vn 0.227687 0.973735 0.000000
vn 0.227687 0.973735 0.000000
vn 0.227687 0.973735 0.000000
vn 0.617723 0.786396 0.000000
vn 0.617723 0.786396 0.000000
vn 0.617723 0.786396 0.000000
vn 0.617723 0.786396 0.000000
vn 0.943183 0.000000 -0.332273
vn 0.761711 0.000000 -0.647917
vn 0.761711 0.000000 -0.647917
vn 0.943183 0.000000 -0.332273
vn 0.437732 0.000000 -0.899105
vn 0.437732 0.000000 -0.899105
vn 0.000000 0.000000 -1.000000
vn 0.000000 0.000000 -1.000000
vn -0.437727 0.000000 -0.899108
vn -0.437727 0.000000 -0.899108
vn -0.761711 0.000000 -0.647917
vn -0.761711 0.000000 -0.647917
vn -0.943184 0.000000 -0.332271
vn -0.943184 0.000000 -0.332271
vn -1.000000 0.000000 0.000000
vn -1.000000 0.000000 0.000000
vn -0.943185 0.000000 0.332269
vn -0.943185 0.000000 0.332269
vn -0.761708 0.000000 0.647920
vn -0.761708 0.000000 0.647920
vn -0.437727 0.000000 0.899108
vn -0.437727 0.000000 0.899108
vn 0.000000 0.000000 1.000000
vn 0.000000 0.000000 1.000000
vn 0.437727 0.000000 0.899108
vn 0.437727 0.000000 0.899108
vn 0.761708 0.000000 0.647920
vn 0.761708 0.000000 0.647920
vn 0.943185 0.000000 0.332269
vn 0.943185 0.000000 0.332269
vn 1.000000 0.000000 0.000000
vn 1.000000 0.000000 0.000000
vn -0.943183 0.000000 -0.332273
vn -0.943183 0.000000 -0.332273
vn -0.761711 0.000000 -0.647917
vn -0.761711 0.000000 -0.647917
vn -0.437732 0.000000 -0.899105
vn -0.437732 0.000000 -0.899105
vn 0.000000 0.000000 -1.000000
vn 0.000000 0.000000 -1.000000
vn 0.437727 0.000000 -0.899108
vn 0.437727 0.000000 -0.899108
vn 0.761711 0.000000 -0.647917
vn 0.761711 0.000000 -0.647917
vn 0.943184 0.000000 -0.332271
vn 0.943184 0.000000 -0.332271
vn 1.000000 0.000000 0.000000
vn 1.000000 0.000000 0.000000
vn 0.943185 0.000000 0.332269
vn 0.943185 0.000000 0.332269
vn 0.761708 0.000000 0.647920
vn 0.761708 0.000000 0.647920
vn 0.437727 0.000000 0.899108
vn 0.437727 0.000000 0.899108
vn 0.000000 0.000000 1.000000
vn 0.000000 0.000000 1.000000
vn -0.437727 0.000000 0.899108
vn -0.437727 0.000000 0.899108
vn -0.761708 0.000000 0.647920
vn -0.761708 0.000000 0.647920
vn -0.943185 0.000000 0.332269
vn -0.943185 0.000000 0.332269
vn -1.000000 0.000000 0.000000
vn -1.000000 0.000000 0.000000
vn 0.000000 0.951056 -0.309017
vn 0.000000 0.809019 -0.587783
vn 0.000000 0.809019 -0.587783
vn 0.000000 0.951056 -0.309017
vn 0.000000 0.587785 -0.809017
vn 0.000000 0.587785 -0.809017
vn 0.000000 0.309015 -0.951057
vn 0.000000 0.309015 -0.951057
vn 0.000000 0.000000 -1.000000
vn 0.000000 0.000000 -1.000000
vn 0.000000 -0.156446 -0.987687
vn 0.000000 -0.156446 -0.987687
vn 0.000000 0.891006 0.453992
vn 0.000000 0.951057 0.309016
vn 0.000000 0.951057 0.309016
vn 0.000000 0.891006 0.453992
vn 0.000000 1.000000 0.000001
vn 0.000000 1.000000 0.000001
vn 1.000000 -0.000014 0.000000
vn 1.000000 0.000014 0.000000
vn 1.000000 -0.000004 0.000000
vn 1.000000 -0.000029 0.000000
vn 1.000000 0.000000 0.000000
vn 1.000000 0.000000 0.000000
vn 1.000000 0.000000 0.000000
vn 1.000000 0.000000 0.000000
vn 1.000000 0.000000 0.000000
vn 1.000000 0.000000 0.000000
vn -1.000000 0.000000 0.000000
vn -1.000000 0.000000 0.000000
vn -1.000000 -0.000011 0.000000
vn -1.000000 -0.000029 0.000000
vn -1.000000 -0.000029 0.000000
vn -1.000000 0.000000 0.000000
vn -1.000000 0.000000 0.000000
vn -1.000000 -0.000029 0.000000
vn -1.000000 -0.000014 0.000000
vn -1.000000 0.000000 0.000000
vn 0.000000 -0.951056 0.309020
vn 0.000000 -0.951056 0.309020
vn 0.000000 -0.951056 0.309020
vn 0.000000 -0.951056 0.309020
vn 0.000000 -0.587785 0.809017
vn 0.000000 -0.587785 0.809017
vn 0.000000 -0.587785 0.809017
vn 0.000000 -0.587785 0.809017
s 1
g Camilla
usemtl initialShadingGroup
f 97/171/265 98/172/266 114/173/267 113/174/268
f 98/172/266 99/175/269 115/176/270 114/173/267
f 99/175/269 100/177/271 116/178/272 115/176/270
f 100/177/271 101/179/273 117/180/274 116/178/272
f 101/179/273 102/181/275 118/182/276 117/180/274
f 102/181/275 103/183/277 119/184/278 118/182/276
f 103/183/277 104/185/279 120/186/280 119/184/278
f 104/185/279 105/187/281 121/188/282 120/186/280
f 105/187/281 106/189/283 122/190/284 121/188/282
f 106/189/283 107/191/285 123/192/286 122/190/284
f 107/191/285 108/193/287 124/194/288 123/192/286
f 108/193/287 109/195/289 125/196/290 124/194/288
f 109/195/289 110/197/291 126/198/292 125/196/290
f 110/197/291 111/199/293 127/200/294 126/198/292
f 111/199/293 112/201/295 128/238/296 127/200/294
f 112/237/295 97/171/265 113/174/268 128/202/296
s 2
f 129/203/297 145/204/298 146/205/299 130/206/300
f 130/206/300 146/205/299 147/207/301 131/208/302
f 131/208/302 147/207/301 148/209/303 132/210/304
f 132/210/304 148/209/303 149/211/305 133/212/306
f 133/212/306 149/211/305 150/213/307 134/214/308
f 134/214/308 150/213/307 151/215/309 135/216/310
f 135/216/310 151/215/309 152/217/311 136/218/312
f 136/218/312 152/217/311 153/219/313 137/220/314
f 137/220/314 153/219/313 154/221/315 138/222/316
f 138/222/316 154/221/315 155/223/317 139/224/318
f 139/224/318 155/223/317 156/225/319 140/226/320
f 140/226/320 156/225/319 157/227/321 141/228/322
f 141/228/322 157/227/321 158/229/323 142/230/324
f 142/230/324 158/229/323 159/231/325 143/232/326
f 143/232/326 159/231/325 160/233/327 144/235/328
f 144/234/328 160/236/327 145/204/298 129/203/297
s 3
f 162/239/329 161/240/330 227/241/331 226/242/332
s 4
f 161/243/333 168/244/334 228/245/335 227/246/336
s 3
f 164/247/337 163/248/338 175/249/339 174/250/340
f 163/248/338 162/239/329 176/251/341 175/249/339
s 4
f 166/252/342 165/253/343 179/254/344 178/255/345
s 3
f 165/256/346 164/247/337 180/257/347 179/258/348
s 4
f 168/244/334 167/259/349 192/260/350 191/261/351
f 167/259/349 166/252/342 193/262/352 192/260/350
s 7
f 170/263/353 169/264/354 221/265/355 220/266/356
s 3
f 169/267/357 176/251/341 222/268/358 221/269/359
s 7
f 172/270/360 171/271/361 195/272/362 194/273/363
f 171/271/361 170/263/353 196/274/364 195/272/362
s 3
f 174/250/340 173/275/365 187/276/366 186/277/367
s 7
f 173/278/368 172/270/360 188/279/369 187/280/370
s 4
f 178/255/345 177/281/371 200/282/372 199/283/373
s 9
f 177/284/374 182/285/375 201/286/376 200/287/377
f 182/285/375 181/288/378 185/289/379 184/290/380
s 3
f 181/291/381 180/257/347 186/277/367 185/292/382
s 9
f 184/290/380 183/293/383 203/294/384 202/295/385
s 7
f 183/296/386 188/279/369 204/297/387 203/298/388
s 4
f 191/261/351 190/299/389 207/300/390 206/301/391
s 11
f 190/299/392 189/302/393 208/303/394 207/300/395
f 198/304/396 197/305/397 215/306/398 214/307/399
s 7
f 197/305/400 196/274/364 216/308/401 215/306/402
s 4
f 206/309/391 205/310/403 223/311/404 228/312/335
s 13
f 205/310/405 210/313/406 224/314/407 223/311/408
f 210/313/406 209/315/409 213/316/410 212/317/411
s 11
f 209/315/412 208/318/394 214/319/399 213/316/413
s 13
f 212/317/411 211/320/414 219/321/415 218/322/416
s 7
f 211/320/417 216/323/401 220/324/356 219/321/418
s 13
f 218/322/416 217/325/419 225/326/420 224/314/407
s 3
f 217/325/421 222/327/358 226/328/332 225/326/422
s 13
f 210/313/406 212/317/411 218/322/416 224/314/407
s 3
f 164/247/337 174/250/340 186/277/367 180/257/347
s 9
f 182/285/375 184/290/380 202/295/385 201/286/376
s 7
f 172/270/360 194/273/363 204/297/387 188/279/369
s 4
f 178/255/345 199/283/373 193/262/352 166/252/342
s 11
f 208/329/394 189/330/393 198/331/396 214/332/399
s 7
f 216/308/401 196/274/364 170/263/353 220/266/356
s 3
f 176/251/341 162/239/329 226/242/332 222/268/358
s 4
f 168/244/334 191/261/351 206/301/391 228/245/335
s 11
f 189/302/393 190/299/392 192/260/423 193/262/424
f 194/273/425 195/272/426 197/305/397 198/304/396
s 4
f 167/259/349 168/244/334 161/243/333 229/333/427
s 3
f 161/240/330 162/239/329 163/248/338 229/334/428
f 163/248/338 164/247/337 165/256/346 229/334/428
s 4
f 165/253/343 166/252/342 167/259/349 229/333/427
s 3
f 175/249/339 176/251/341 169/267/357 230/335/429
s 7
f 169/264/354 170/263/353 171/271/361 230/336/430
f 171/271/361 172/270/360 173/278/368 230/336/430
s 3
f 173/275/365 174/250/340 175/249/339 230/335/429
s 9
f 181/288/378 182/285/375 177/284/374 231/337/431
s 4
f 177/281/371 178/255/345 179/254/344 231/338/432
s 3
f 179/258/348 180/257/347 181/291/381 231/339/433
s 7
f 187/280/370 188/279/369 183/296/386 232/340/434
s 9
f 183/293/383 184/290/380 185/289/379 232/341/435
s 3
f 185/292/382 186/277/367 187/276/366 232/342/436
s 13
f 209/315/409 210/313/406 205/310/405 233/343/437
s 4
f 205/310/403 206/309/391 207/344/390 233/343/438
s 11
f 207/344/395 208/318/394 209/315/412 233/343/439
s 7
f 215/345/402 216/323/401 211/320/417 234/346/440
s 13
f 211/320/414 212/317/411 213/316/410 234/346/441
s 11
f 213/316/413 214/319/399 215/347/398 234/346/442
s 3
f 221/348/359 222/327/358 217/325/421 235/349/443
s 13
f 217/325/419 218/322/416 219/321/415 235/349/444
s 7
f 219/321/418 220/324/356 221/348/355 235/349/445
s 4
f 227/350/336 228/312/335 223/311/404 236/351/446
s 13
f 223/311/408 224/314/407 225/326/420 236/351/447
s 3
f 225/326/422 226/328/332 227/350/331 236/351/448
s off
f 192/260/449 190/299/450 191/261/451
f 197/305/452 195/272/453 196/274/454
f 193/352/455 199/353/456 204/354/457 194/355/458
f 198/331/459 189/330/460 193/352/461 194/355/462
f 201/356/463 202/357/464 204/354/465 199/353/466
f 199/353/467 200/358/468 201/356/469
f 202/357/470 203/359/471 204/354/472
s 14
f 237/360/473 253/361/474 254/362/475 238/363/476
f 238/363/476 254/362/475 255/364/477 239/365/478
f 239/365/478 255/364/477 256/366/479 240/367/480
f 240/367/480 256/366/479 257/368/481 241/369/482
f 241/369/482 257/368/481 258/370/483 242/371/484
f 242/371/484 258/370/483 259/372/485 243/373/486
f 243/373/486 259/372/485 260/374/487 244/375/488
f 244/375/488 260/374/487 261/376/489 245/377/490
f 245/377/490 261/376/489 262/378/491 246/379/492
f 246/379/492 262/378/491 263/380/493 247/381/494
f 247/381/494 263/380/493 264/382/495 248/383/496
f 248/383/496 264/382/495 265/384/497 249/385/498
f 249/385/498 265/384/497 266/386/499 250/387/500
f 250/387/500 266/386/499 267/388/501 251/389/502
f 251/389/502 267/388/501 268/390/503 252/391/504
f 252/392/504 268/393/503 253/361/474 237/360/473
s 15
f 269/394/505 270/395/506 286/396/507 285/397/508
f 270/395/506 271/398/509 287/399/510 286/396/507
f 271/398/509 272/400/511 288/401/512 287/399/510
f 272/400/511 273/402/513 289/403/514 288/401/512
f 273/402/513 274/404/515 290/405/516 289/403/514
f 274/404/515 275/406/517 291/407/518 290/405/516
f 275/406/517 276/408/519 292/409/520 291/407/518
f 276/408/519 277/410/521 293/411/522 292/409/520
f 277/410/521 278/412/523 294/413/524 293/411/522
f 278/412/523 279/414/525 295/415/526 294/413/524
f 279/414/525 280/416/527 296/417/528 295/415/526
f 280/416/527 281/418/529 297/419/530 296/417/528
f 281/418/529 282/420/531 298/421/532 297/419/530
f 282/420/531 283/422/533 299/423/534 298/421/532
f 283/422/533 284/424/535 300/425/536 299/423/534
f 284/426/535 269/394/505 285/397/508 300/427/536
s off
f 238/363/537 302/428/538 301/429/539 237/360/540
f 239/365/541 303/430/542 302/428/543 238/363/544
f 240/367/545 304/431/546 303/430/547 239/365/548
f 241/369/549 305/432/550 304/431/551 240/367/552
f 242/371/553 306/433/554 305/432/555 241/369/556
f 243/373/557 307/434/558 306/433/559 242/371/560
f 244/375/561 308/435/562 307/434/563 243/373/564
f 245/377/565 309/436/566 308/435/567 244/375/568
f 246/379/569 310/437/570 309/436/571 245/377/572
f 247/381/573 311/438/574 310/437/575 246/379/576
f 248/383/577 312/439/578 311/438/579 247/381/580
f 249/385/581 313/440/582 312/439/583 248/383/584
f 250/387/585 314/441/586 313/440/587 249/385/588
f 251/389/589 315/442/590 314/441/591 250/387/592
f 252/391/593 316/443/594 315/442/595 251/389/596
f 237/360/597 301/429/598 316/444/599 252/392/600
f 269/394/601 318/445/602 317/446/603 270/395/604
f 270/395/605 317/446/606 319/447/607 271/398/608
f 271/398/609 319/447/610 320/448/611 272/400/612
f 272/400/613 320/448/614 321/449/615 273/402/616
f 273/402/617 321/449/618 322/450/619 274/404/620
f 274/404/621 322/450/622 323/451/623 275/406/624
f 275/406/625 323/451/626 324/452/627 276/408/628
f 276/408/629 324/452/630 325/453/631 277/410/632
f 277/410/633 325/453/634 326/454/635 278/412/636
f 278/412/637 326/454/638 327/455/639 279/414/640
f 279/414/641 327/455/642 328/456/643 280/416/644
f 280/416/645 328/456/646 329/457/647 281/418/648
f 281/418/649 329/457/650 330/458/651 282/420/652
f 282/420/653 330/458/654 331/459/655 283/422/656
f 283/422/657 331/459/658 332/460/659 284/424/660
f 284/426/661 332/461/662 318/445/663 269/394/664
f 302/428/665 334/462/666 333/463/667 301/429/668
f 303/430/669 335/464/670 334/462/671 302/428/672
f 304/431/673 336/465/674 335/464/675 303/430/676
f 305/432/677 337/466/678 336/465/679 304/431/680
f 306/433/681 338/467/682 337/466/683 305/432/684
f 307/434/685 339/468/686 338/467/687 306/433/688
f 308/435/689 340/469/690 339/468/691 307/434/692
f 309/436/693 341/470/694 340/469/695 308/435/696
f 310/437/697 342/471/698 341/470/699 309/436/700
f 311/438/701 343/472/702 342/471/703 310/437/704
f 312/439/705 344/473/706 343/472/707 311/438/708
f 313/440/709 345/474/710 344/473/711 312/439/712
f 314/441/713 346/475/714 345/474/715 313/440/716
f 315/442/717 347/476/718 346/475/719 314/441/720
f 316/443/721 348/477/722 347/476/723 315/442/724
f 301/429/725 333/463/726 348/478/727 316/444/728
f 318/445/729 350/479/730 349/480/731 317/446/732
f 317/446/733 349/480/734 351/481/735 319/447/736
f 319/447/737 351/481/738 352/482/739 320/448/740
f 320/448/741 352/482/742 353/483/743 321/449/744
f 321/449/745 353/483/746 354/484/747 322/450/748
f 322/450/749 354/484/750 355/485/751 323/451/752
f 323/451/753 355/485/754 356/486/755 324/452/756
f 324/452/757 356/486/758 357/487/759 325/453/760
f 325/453/761 357/487/762 358/488/763 326/454/764
f 326/454/765 358/488/766 359/489/767 327/455/768
f 327/455/769 359/489/770 360/490/771 328/456/772
f 328/456/773 360/490/774 361/491/775 329/457/776
f 329/457/777 361/491/778 362/492/779 330/458/780
f 330/458/781 362/492/782 363/493/783 331/459/784
f 331/459/785 363/493/786 364/494/787 332/460/788
f 332/461/789 364/495/790 350/479/791 318/445/792
f 334/462/793 366/496/794 365/497/795 333/463/796
f 335/464/797 367/498/798 366/496/799 334/462/800
f 336/465/801 368/499/802 367/498/803 335/464/804
f 337/466/805 369/500/806 368/499/807 336/465/808
f 338/467/809 370/501/810 369/500/811 337/466/812
f 339/468/813 371/502/814 370/501/815 338/467/816
f 340/469/817 372/503/818 371/502/819 339/468/820
f 341/470/821 373/504/822 372/503/823 340/469/824
f 342/471/825 374/505/826 373/504/827 341/470/828
f 343/472/829 375/506/830 374/505/831 342/471/832
f 344/473/833 376/507/834 375/506/835 343/472/836
f 345/474/837 377/508/838 376/507/839 344/473/840
f 346/475/841 378/509/842 377/508/843 345/474/844
f 347/476/845 379/510/846 378/509/847 346/475/848
f 348/477/849 380/511/850 379/510/851 347/476/852
f 333/463/853 365/497/854 380/512/855 348/478/856
f 350/479/857 382/513/858 381/514/859 349/480/860
f 349/480/861 381/514/862 383/515/863 351/481/864
f 351/481/865 383/515/866 384/516/867 352/482/868
f 352/482/869 384/516/870 385/517/871 353/483/872
f 353/483/873 385/517/874 386/518/875 354/484/876
f 354/484/877 386/518/878 387/519/879 355/485/880
f 355/485/881 387/519/882 388/520/883 356/486/884
f 356/486/885 388/520/886 389/521/887 357/487/888
f 357/487/889 389/521/890 390/522/891 358/488/892
f 358/488/893 390/522/894 391/523/895 359/489/896
f 359/489/897 391/523/898 392/524/899 360/490/900
f 360/490/901 392/524/902 393/525/903 361/491/904
f 361/491/905 393/525/906 394/526/907 362/492/908
f 362/492/909 394/526/910 395/527/911 363/493/912
f 363/493/913 395/527/914 396/528/915 364/494/916
f 364/495/917 396/529/918 382/513/919 350/479/920
f 366/496/921 398/530/922 397/531/923 365/497/924
f 367/498/925 399/532/926 398/530/927 366/496/928
f 368/499/929 400/533/930 399/532/931 367/498/932
f 369/500/933 401/534/934 400/533/935 368/499/936
f 370/501/937 402/535/938 401/534/939 369/500/940
f 371/502/941 403/536/942 402/535/943 370/501/944
f 372/503/945 404/537/946 403/536/947 371/502/948
f 373/504/949 405/538/950 404/537/951 372/503/952
f 374/505/953 406/539/954 405/538/955 373/504/956
f 375/506/957 407/540/958 406/539/959 374/505/960
f 376/507/961 408/541/962 407/540/963 375/506/964
f 377/508/965 409/542/966 408/541/967 376/507/968
f 378/509/969 410/543/970 409/542/971 377/508/972
f 379/510/973 411/544/974 410/543/975 378/509/976
f 380/511/977 412/545/978 411/544/979 379/510/980
f 365/497/981 397/531/982 412/546/983 380/512/984
f 382/513/985 414/547/986 413/548/987 381/514/988
f 381/514/989 413/548/990 415/549/991 383/515/992
f 383/515/993 415/549/994 416/550/995 384/516/996
f 384/516/997 416/550/998 417/551/999 385/517/1000
f 385/517/1001 417/551/1002 418/552/1003 386/518/1004
f 386/518/1005 418/552/1006 419/553/1007 387/519/1008
f 387/519/1009 419/553/1010 420/554/1011 388/520/1012
f 388/520/1013 420/554/1014 421/555/1015 389/521/1016
f 389/521/1017 421/555/1018 422/556/1019 390/522/1020
f 390/522/1021 422/556/1022 423/557/1023 391/523/1024
f 391/523/1025 423/557/1026 424/558/1027 392/524/1028
f 392/524/1029 424/558/1030 425/559/1031 393/525/1032
f 393/525/1033 425/559/1034 426/560/1035 394/526/1036
f 394/526/1037 426/560/1038 427/561/1039 395/527/1040
f 395/527/1041 427/561/1042 428/562/1043 396/528/1044
f 396/529/1045 428/563/1046 414/547/1047 382/513/1048
f 398/530/1049 430/564/1050 429/565/1051 397/531/1052
f 399/532/1053 431/566/1054 430/564/1055 398/530/1056
f 400/533/1057 432/567/1058 431/566/1059 399/532/1060
f 401/534/1061 433/568/1062 432/567/1063 400/533/1064
f 402/535/1065 434/569/1066 433/568/1067 401/534/1068
f 403/536/1069 435/570/1070 434/569/1071 402/535/1072
f 404/537/1073 436/571/1074 435/570/1075 403/536/1076
f 405/538/1077 437/572/1078 436/571/1079 404/537/1080
f 406/539/1081 438/573/1082 437/572/1083 405/538/1084
f 407/540/1085 439/574/1086 438/573/1087 406/539/1088
f 408/541/1089 440/575/1090 439/574/1091 407/540/1092
f 409/542/1093 441/576/1094 440/575/1095 408/541/1096
f 410/543/1097 442/577/1098 441/576/1099 409/542/1100
f 411/544/1101 443/578/1102 442/577/1103 410/543/1104
f 412/545/1105 444/579/1106 443/578/1107 411/544/1108
f 397/531/1109 429/565/1110 444/580/1111 412/546/1112
f 414/547/1113 446/581/1114 445/582/1115 413/548/1116
f 413/548/1117 445/582/1118 447/583/1119 415/549/1120
f 415/549/1121 447/583/1122 448/584/1123 416/550/1124
f 416/550/1125 448/584/1126 449/585/1127 417/551/1128
f 417/551/1129 449/585/1130 450/586/1131 418/552/1132
f 418/552/1133 450/586/1134 451/587/1135 419/553/1136
f 419/553/1137 451/587/1138 452/588/1139 420/554/1140
f 420/554/1141 452/588/1142 453/589/1143 421/555/1144
f 421/555/1145 453/589/1146 454/590/1147 422/556/1148
f 422/556/1149 454/590/1150 455/591/1151 423/557/1152
f 423/557/1153 455/591/1154 456/592/1155 424/558/1156
f 424/558/1157 456/592/1158 457/593/1159 425/559/1160
f 425/559/1161 457/593/1162 458/594/1163 426/560/1164
f 426/560/1165 458/594/1166 459/595/1167 427/561/1168
f 427/561/1169 459/595/1170 460/596/1171 428/562/1172
f 428/563/1173 460/597/1174 446/581/1175 414/547/1176
f 430/564/1177 462/598/1178 461/599/1179 429/565/1180
f 431/566/1181 463/600/1182 462/598/1183 430/564/1184
f 432/567/1185 464/601/1186 463/600/1187 431/566/1188
f 433/568/1189 465/602/1190 464/601/1191 432/567/1192
f 434/569/1193 466/603/1194 465/602/1195 433/568/1196
f 435/570/1197 467/604/1198 466/603/1199 434/569/1200
f 436/571/1201 468/605/1202 467/604/1203 435/570/1204
f 437/572/1205 469/606/1206 468/605/1207 436/571/1208
f 438/573/1209 470/607/1210 469/606/1211 437/572/1212
f 439/574/1213 471/608/1214 470/607/1215 438/573/1216
f 440/575/1217 472/609/1218 471/608/1219 439/574/1220
f 441/576/1221 473/610/1222 472/609/1223 440/575/1224
f 442/577/1225 474/611/1226 473/610/1227 441/576/1228
f 443/578/1229 475/612/1230 474/611/1231 442/577/1232
f 444/579/1233 476/613/1234 475/612/1235 443/578/1236
f 429/565/1237 461/599/1238 476/614/1239 444/580/1240
f 446/581/1241 478/615/1242 477/616/1243 445/582/1244
f 445/582/1245 477/616/1246 479/617/1247 447/583/1248
f 447/583/1249 479/617/1250 480/618/1251 448/584/1252
f 448/584/1253 480/618/1254 481/619/1255 449/585/1256
f 449/585/1257 481/619/1258 482/620/1259 450/586/1260
f 450/586/1261 482/620/1262 483/621/1263 451/587/1264
f 451/587/1265 483/621/1266 484/622/1267 452/588/1268
f 452/588/1269 484/622/1270 485/623/1271 453/589/1272
f 453/589/1273 485/623/1274 486/624/1275 454/590/1276
f 454/590/1277 486/624/1278 487/625/1279 455/591/1280
f 455/591/1281 487/625/1282 488/626/1283 456/592/1284
f 456/592/1285 488/626/1286 489/627/1287 457/593/1288
f 457/593/1289 489/627/1290 490/628/1291 458/594/1292
f 458/594/1293 490/628/1294 491/629/1295 459/595/1296
f 459/595/1297 491/629/1298 492/630/1299 460/596/1300
f 460/597/1301 492/631/1302 478/615/1303 446/581/1304
f 462/598/1305 477/616/1306 478/615/1307 461/599/1308
f 461/599/1309 478/615/1310 492/631/1311 476/614/1312
f 476/613/1313 492/630/1314 491/629/1315 475/612/1316
f 475/612/1317 491/629/1318 490/628/1319 474/611/1320
f 474/611/1321 490/628/1322 489/627/1323 473/610/1324
f 473/610/1325 489/627/1326 488/626/1327 472/609/1328
f 472/609/1329 488/626/1330 487/625/1331 471/608/1332
f 471/608/1333 487/625/1334 486/624/1335 470/607/1336
f 470/607/1337 486/624/1338 485/623/1339 469/606/1340
f 469/606/1341 485/623/1342 484/622/1343 468/605/1344
f 468/605/1345 484/622/1346 483/621/1347 467/604/1348
f 467/604/1349 483/621/1350 482/620/1351 466/603/1352
f 466/603/1353 482/620/1354 481/619/1355 465/602/1356
f 465/602/1357 481/619/1358 480/618/1359 464/601/1360
f 464/601/1361 480/618/1362 479/617/1363 463/600/1364
f 463/600/1365 479/617/1366 477/616/1367 462/598/1368
f 493/632/1369 494/633/1370 496/634/1371 495/635/1372
f 505/636/1373 506/637/1374 507/638/1375 508/639/1376
f 497/640/1377 498/641/1378 500/642/1379 499/643/1380
f 494/644/1381 500/645/1382 498/646/1383 496/647/1384
f 499/648/1385 493/649/1386 495/650/1387 497/651/1388
f 495/635/1389 496/634/1390 502/652/1391 501/653/1392
f 496/647/1393 498/646/1394 503/654/1395 502/655/1396
f 498/641/1397 497/640/1398 504/656/1399 503/657/1400
f 497/651/1401 495/650/1402 501/658/1403 504/659/1404
f 501/653/1405 502/652/1406 506/637/1407 505/636/1408
f 502/655/1409 503/654/1410 507/638/1411 506/637/1412
f 503/657/1413 504/656/1414 508/639/1415 507/638/1416
f 504/659/1417 501/658/1418 505/636/1419 508/639/1420
s 16
f 509/660/1421 510/661/1422 530/662/1423 529/663/1424
f 510/661/1422 511/664/1425 531/665/1426 530/662/1423
f 511/664/1425 512/666/1427 532/667/1428 531/665/1426
f 512/666/1427 513/668/1429 533/669/1430 532/667/1428
f 513/668/1429 514/670/1431 534/671/1432 533/669/1430
f 514/670/1431 515/672/1433 535/673/1434 534/671/1432
f 515/672/1433 516/674/1435 536/675/1436 535/673/1434
f 516/674/1435 517/676/1437 537/677/1438 536/675/1436
f 517/676/1437 518/678/1439 538/679/1440 537/677/1438
f 518/678/1439 519/680/1441 539/681/1442 538/679/1440
f 519/680/1441 520/682/1443 540/683/1444 539/681/1442
f 520/682/1443 521/684/1445 541/685/1446 540/683/1444
f 521/684/1445 522/686/1447 542/687/1448 541/685/1446
f 522/686/1447 523/688/1449 543/689/1450 542/687/1448
f 523/688/1449 524/690/1451 544/691/1452 543/689/1450
f 524/690/1451 525/692/1453 545/693/1454 544/691/1452
f 525/692/1453 526/694/1455 546/695/1456 545/693/1454
f 526/694/1455 527/696/1457 547/697/1458 546/695/1456
f 527/696/1457 528/698/1459 548/699/1460 547/697/1458
f 528/698/1459 509/660/1421 529/663/1424 548/699/1460
s 17
f 630/700/1461 629/701/1462 631/702/1463
f 632/703/1464 630/700/1461 631/702/1463
f 633/704/1465 632/703/1464 631/702/1463
f 634/705/1466 633/704/1465 631/702/1463
f 635/706/1467 634/705/1466 631/702/1463
f 636/707/1468 635/706/1467 631/702/1463
f 637/708/1469 636/707/1468 631/702/1463
f 638/709/1470 637/708/1469 631/702/1463
f 639/710/1471 638/709/1470 631/702/1463
f 640/711/1472 639/710/1471 631/702/1463
f 641/712/1473 640/711/1472 631/702/1463
f 642/713/1474 641/712/1473 631/702/1463
f 643/714/1475 642/713/1474 631/702/1463
f 644/715/1476 643/714/1475 631/702/1463
f 645/716/1477 644/715/1476 631/702/1463
f 646/717/1478 645/716/1477 631/702/1463
f 647/718/1479 646/717/1478 631/702/1463
f 648/719/1480 647/718/1479 631/702/1463
f 649/720/1481 648/719/1480 631/702/1463
f 629/701/1462 649/720/1481 631/702/1463
s 18
f 650/721/1482 651/722/1483 652/723/1484
f 651/722/1483 653/724/1485 652/723/1484
f 653/724/1485 654/725/1486 652/723/1484
f 654/725/1486 655/726/1487 652/723/1484
f 655/726/1487 656/727/1488 652/723/1484
f 656/727/1488 657/728/1489 652/723/1484
f 657/728/1489 658/729/1490 652/723/1484
f 658/729/1490 659/730/1491 652/723/1484
f 659/730/1491 660/731/1492 652/723/1484
f 660/731/1492 661/732/1493 652/723/1484
f 661/732/1493 662/733/1494 652/723/1484
f 662/733/1494 663/734/1495 652/723/1484
f 663/734/1495 664/735/1496 652/723/1484
f 664/735/1496 665/736/1497 652/723/1484
f 665/736/1497 666/737/1498 652/723/1484
f 666/737/1498 667/738/1499 652/723/1484
f 667/738/1499 668/739/1500 652/723/1484
f 668/739/1500 669/740/1501 652/723/1484
f 669/740/1501 670/741/1502 652/723/1484
f 670/741/1502 650/721/1482 652/723/1484
s off
f 510/742/1503 509/743/1504 549/744/1505 550/745/1506
f 511/746/1507 510/742/1508 550/745/1509 551/747/1510
f 512/748/1511 511/746/1512 551/747/1513 552/749/1514
f 513/750/1515 512/748/1516 552/749/1517 553/751/1518
f 514/752/1519 513/750/1520 553/751/1521 554/753/1522
f 515/754/1523 514/752/1524 554/753/1525 555/755/1526
f 516/756/1527 515/754/1528 555/755/1529 556/757/1530
f 517/758/1531 516/756/1532 556/757/1533 557/759/1534
f 518/760/1535 517/758/1536 557/759/1537 558/761/1538
f 519/762/1539 518/760/1540 558/761/1541 559/763/1542
f 520/764/1543 519/762/1544 559/763/1545 560/765/1546
f 521/766/1547 520/764/1548 560/765/1549 561/767/1550
f 522/768/1551 521/766/1552 561/767/1553 562/769/1554
f 523/770/1555 522/768/1556 562/769/1557 563/771/1558
f 524/772/1559 523/770/1560 563/771/1561 564/773/1562
f 525/774/1563 524/772/1564 564/773/1565 565/775/1566
f 526/776/1567 525/774/1568 565/775/1569 566/777/1570
f 527/778/1571 526/776/1572 566/777/1573 567/779/1574
f 528/780/1575 527/778/1576 567/779/1577 568/781/1578
f 509/743/1579 528/780/1580 568/781/1581 549/744/1582
f 529/782/1583 530/783/1584 570/784/1585 569/785/1586
f 530/783/1587 531/786/1588 571/787/1589 570/784/1590
f 531/786/1591 532/788/1592 572/789/1593 571/787/1594
f 532/788/1595 533/790/1596 573/791/1597 572/789/1598
f 533/790/1599 534/792/1600 574/793/1601 573/791/1602
f 534/792/1603 535/794/1604 575/795/1605 574/793/1606
f 535/794/1607 536/796/1608 576/797/1609 575/795/1610
f 536/796/1611 537/798/1612 577/799/1613 576/797/1614
f 537/798/1615 538/800/1616 578/801/1617 577/799/1618
f 538/800/1619 539/802/1620 579/803/1621 578/801/1622
f 539/802/1623 540/804/1624 580/805/1625 579/803/1626
f 540/804/1627 541/806/1628 581/807/1629 580/805/1630
f 541/806/1631 542/808/1632 582/809/1633 581/807/1634
f 542/808/1635 543/810/1636 583/811/1637 582/809/1638
f 543/810/1639 544/812/1640 584/813/1641 583/811/1642
f 544/812/1643 545/814/1644 585/815/1645 584/813/1646
f 545/814/1647 546/816/1648 586/817/1649 585/815/1650
f 546/816/1651 547/818/1652 587/819/1653 586/817/1654
f 547/818/1655 548/820/1656 588/821/1657 587/819/1658
f 548/820/1659 529/782/1660 569/785/1661 588/821/1662
f 550/745/1663 549/744/1664 589/822/1665 590/823/1666
f 551/747/1667 550/745/1668 590/823/1669 591/824/1670
f 552/749/1671 551/747/1672 591/824/1673 592/825/1674
f 553/751/1675 552/749/1676 592/825/1677 593/826/1678
f 554/753/1679 553/751/1680 593/826/1681 594/827/1682
f 555/755/1683 554/753/1684 594/827/1685 595/828/1686
f 556/757/1687 555/755/1688 595/828/1689 596/829/1690
f 557/759/1691 556/757/1692 596/829/1693 597/830/1694
f 558/761/1695 557/759/1696 597/830/1697 598/831/1698
f 559/763/1699 558/761/1700 598/831/1701 599/832/1702
f 560/765/1703 559/763/1704 599/832/1705 600/833/1706
f 561/767/1707 560/765/1708 600/833/1709 601/834/1710
f 562/769/1711 561/767/1712 601/834/1713 602/835/1714
f 563/771/1715 562/769/1716 602/835/1717 603/836/1718
f 564/773/1719 563/771/1720 603/836/1721 604/837/1722
f 565/775/1723 564/773/1724 604/837/1725 605/838/1726
f 566/777/1727 565/775/1728 605/838/1729 606/839/1730
f 567/779/1731 566/777/1732 606/839/1733 607/840/1734
f 568/781/1735 567/779/1736 607/840/1737 608/841/1738
f 549/744/1739 568/781/1740 608/841/1741 589/822/1742
f 569/785/1743 570/784/1744 610/842/1745 609/843/1746
f 570/784/1747 571/787/1748 611/844/1749 610/842/1750
f 571/787/1751 572/789/1752 612/845/1753 611/844/1754
f 572/789/1755 573/791/1756 613/846/1757 612/845/1758
f 573/791/1759 574/793/1760 614/847/1761 613/846/1762
f 574/793/1763 575/795/1764 615/848/1765 614/847/1766
f 575/795/1767 576/797/1768 616/849/1769 615/848/1770
f 576/797/1771 577/799/1772 617/850/1773 616/849/1774
f 577/799/1775 578/801/1776 618/851/1777 617/850/1778
f 578/801/1779 579/803/1780 619/852/1781 618/851/1782
f 579/803/1783 580/805/1784 620/853/1785 619/852/1786
f 580/805/1787 581/807/1788 621/854/1789 620/853/1790
f 581/807/1791 582/809/1792 622/855/1793 621/854/1794
f 582/809/1795 583/811/1796 623/856/1797 622/855/1798
f 583/811/1799 584/813/1800 624/857/1801 623/856/1802
f 584/813/1803 585/815/1804 625/858/1805 624/857/1806
f 585/815/1807 586/817/1808 626/859/1809 625/858/1810
f 586/817/1811 587/819/1812 627/860/1813 626/859/1814
f 587/819/1815 588/821/1816 628/861/1817 627/860/1818
f 588/821/1819 569/785/1820 609/843/1821 628/861/1822
f 590/862/1823 589/863/1824 629/701/1825 630/700/1826
f 591/864/1827 590/862/1828 630/700/1829 632/703/1830
f 592/865/1831 591/864/1832 632/703/1833 633/704/1834
f 593/866/1835 592/865/1836 633/704/1837 634/705/1838
f 594/867/1839 593/866/1840 634/705/1841 635/706/1842
f 595/868/1843 594/867/1844 635/706/1845 636/707/1846
f 596/869/1847 595/868/1848 636/707/1849 637/708/1850
f 597/870/1851 596/869/1852 637/708/1853 638/709/1854
f 598/871/1855 597/870/1856 638/709/1857 639/710/1858
f 599/872/1859 598/871/1860 639/710/1861 640/711/1862
f 600/873/1863 599/872/1864 640/711/1865 641/712/1866
f 601/874/1867 600/873/1868 641/712/1869 642/713/1870
f 602/875/1871 601/874/1872 642/713/1873 643/714/1874
f 603/876/1875 602/875/1876 643/714/1877 644/715/1878
f 604/877/1879 603/876/1880 644/715/1881 645/716/1882
f 605/878/1883 604/877/1884 645/716/1885 646/717/1886
f 606/879/1887 605/878/1888 646/717/1889 647/718/1890
f 607/880/1891 606/879/1892 647/718/1893 648/719/1894
f 608/881/1895 607/880/1896 648/719/1897 649/720/1898
f 589/863/1899 608/881/1900 649/720/1901 629/701/1902
f 609/843/1903 610/842/1904 651/722/1905 650/721/1906
f 610/842/1907 611/844/1908 653/724/1909 651/722/1910
f 611/844/1911 612/845/1912 654/725/1913 653/724/1914
f 612/845/1915 613/846/1916 655/726/1917 654/725/1918
f 613/846/1919 614/847/1920 656/727/1921 655/726/1922
f 614/847/1923 615/848/1924 657/728/1925 656/727/1926
f 615/848/1927 616/849/1928 658/729/1929 657/728/1930
f 616/849/1931 617/850/1932 659/730/1933 658/729/1934
f 617/850/1935 618/851/1936 660/731/1937 659/730/1938
f 618/851/1939 619/852/1940 661/732/1941 660/731/1942
f 619/852/1943 620/853/1944 662/733/1945 661/732/1946
f 620/853/1947 621/854/1948 663/734/1949 662/733/1950
f 621/854/1951 622/855/1952 664/735/1953 663/734/1954
f 622/855/1955 623/856/1956 665/736/1957 664/735/1958
f 623/856/1959 624/857/1960 666/737/1961 665/736/1962
f 624/857/1963 625/858/1964 667/738/1965 666/737/1966
f 625/858/1967 626/859/1968 668/739/1969 667/738/1970
f 626/859/1971 627/860/1972 669/740/1973 668/739/1974
f 627/860/1975 628/861/1976 670/741/1977 669/740/1978
f 628/861/1979 609/843/1980 650/721/1981 670/741/1982
s 19
f 671/882/1983 672/883/1984 692/884/1985 691/885/1986
f 672/883/1984 673/886/1987 693/887/1988 692/884/1985
f 673/886/1987 674/888/1989 694/889/1990 693/887/1988
f 674/888/1989 675/890/1991 695/891/1992 694/889/1990
f 675/890/1991 676/892/1993 696/893/1994 695/891/1992
f 676/892/1993 677/894/1995 697/895/1996 696/893/1994
f 677/894/1995 678/896/1997 698/897/1998 697/895/1996
f 678/896/1997 679/898/1999 699/899/2000 698/897/1998
f 679/898/1999 680/900/2001 700/901/2002 699/899/2000
f 680/900/2001 681/902/2003 701/903/2004 700/901/2002
f 681/902/2003 682/904/2005 702/905/2006 701/903/2004
f 682/904/2005 683/906/2007 703/907/2008 702/905/2006
f 683/906/2007 684/908/2009 704/909/2010 703/907/2008
f 684/908/2009 685/910/2011 705/911/2012 704/909/2010
f 685/910/2011 686/912/2013 706/913/2014 705/911/2012
f 686/914/2013 687/915/2015 707/916/2016 706/917/2014
f 687/915/2015 688/918/2017 708/919/2018 707/916/2016
f 688/918/2017 689/920/2019 709/921/2020 708/919/2018
f 689/920/2019 690/922/2021 710/923/2022 709/921/2020
f 690/922/2021 671/882/1983 691/885/1986 710/923/2022
s off
f 712/924/2023 744/925/2024 743/926/2025 711/927/2026
f 713/928/2027 745/929/2028 744/925/2029 712/924/2030
f 714/930/2031 746/931/2032 745/929/2033 713/928/2034
f 715/932/2035 747/933/2036 746/931/2037 714/930/2038
f 716/934/2039 748/935/2040 747/933/2041 715/932/2042
f 717/936/2043 749/937/2044 748/935/2045 716/934/2046
f 718/938/2047 750/939/2048 749/937/2049 717/936/2050
f 719/940/2051 751/941/2052 750/942/2053 718/943/2054
f 720/944/2055 752/945/2056 751/941/2057 719/940/2058
f 721/946/2059 753/947/2060 752/945/2061 720/944/2062
f 722/948/2063 754/949/2064 753/947/2065 721/946/2066
f 723/950/2067 755/951/2068 754/949/2069 722/948/2070
f 724/952/2071 756/953/2072 755/951/2073 723/950/2074
f 725/954/2075 757/955/2076 756/953/2077 724/952/2078
f 726/956/2079 758/957/2080 757/955/2081 725/954/2082
f 711/927/2083 743/926/2084 758/958/2085 726/959/2086
f 727/960/2087 760/961/2088 759/962/2089 728/963/2090
f 728/963/2091 759/962/2092 761/964/2093 729/965/2094
f 729/965/2095 761/964/2096 762/966/2097 730/967/2098
f 730/967/2099 762/966/2100 763/968/2101 731/969/2102
f 731/969/2103 763/968/2104 764/970/2105 732/971/2106
f 732/971/2107 764/970/2108 765/972/2109 733/973/2110
f 733/973/2111 765/972/2112 766/974/2113 734/975/2114
f 734/976/2115 766/977/2116 767/978/2117 735/979/2118
f 735/979/2119 767/978/2120 768/980/2121 736/981/2122
f 736/981/2123 768/980/2124 769/982/2125 737/983/2126
f 737/983/2127 769/982/2128 770/984/2129 738/985/2130
f 738/985/2131 770/984/2132 771/986/2133 739/987/2134
f 739/987/2135 771/986/2136 772/988/2137 740/989/2138
f 740/989/2139 772/988/2140 773/990/2141 741/991/2142
f 741/991/2143 773/990/2144 774/992/2145 742/993/2146
f 742/994/2147 774/995/2148 760/961/2149 727/960/2150
f 744/925/2151 776/996/2152 775/997/2153 743/926/2154
f 745/929/2155 777/998/2156 776/996/2157 744/925/2158
f 746/931/2159 778/999/2160 777/998/2161 745/929/2162
f 747/933/2163 779/1000/2164 778/999/2165 746/931/2166
f 748/935/2167 780/1001/2168 779/1000/2169 747/933/2170
f 749/937/2171 781/1002/2172 780/1001/2173 748/935/2174
f 750/939/2175 782/1003/2176 781/1002/2177 749/937/2178
f 751/941/2179 783/1004/2180 782/1005/2181 750/942/2182
f 752/945/2183 784/1006/2184 783/1004/2185 751/941/2186
f 753/947/2187 785/1007/2188 784/1006/2189 752/945/2190
f 754/949/2191 786/1008/2192 785/1007/2193 753/947/2194
f 755/951/2195 787/1009/2196 786/1008/2197 754/949/2198
f 756/953/2199 788/1010/2200 787/1009/2201 755/951/2202
f 757/955/2203 789/1011/2204 788/1010/2205 756/953/2206
f 758/957/2207 790/1012/2208 789/1011/2209 757/955/2210
f 743/926/2211 775/997/2212 790/1013/2213 758/958/2214
f 760/961/2215 792/1014/2216 791/1015/2217 759/962/2218
f 759/962/2219 791/1015/2220 793/1016/2221 761/964/2222
f 761/964/2223 793/1016/2224 794/1017/2225 762/966/2226
f 762/966/2227 794/1017/2228 795/1018/2229 763/968/2230
f 763/968/2231 795/1018/2232 796/1019/2233 764/970/2234
f 764/970/2235 796/1019/2236 797/1020/2237 765/972/2238
f 765/972/2239 797/1020/2240 798/1021/2241 766/974/2242
f 766/977/2243 798/1022/2244 799/1023/2245 767/978/2246
f 767/978/2247 799/1023/2248 800/1024/2249 768/980/2250
f 768/980/2251 800/1024/2252 801/1025/2253 769/982/2254
f 769/982/2255 801/1025/2256 802/1026/2257 770/984/2258
f 770/984/2259 802/1026/2260 803/1027/2261 771/986/2262
f 771/986/2263 803/1027/2264 804/1028/2265 772/988/2266
f 772/988/2267 804/1028/2268 805/1029/2269 773/990/2270
f 773/990/2271 805/1029/2272 806/1030/2273 774/992/2274
f 774/995/2275 806/1031/2276 792/1014/2277 760/961/2278
f 776/996/2279 808/1032/2280 807/1033/2281 775/997/2282
f 777/998/2283 809/1034/2284 808/1032/2285 776/996/2286
f 778/999/2287 810/1035/2288 809/1034/2289 777/998/2290
f 779/1000/2291 811/1036/2292 810/1035/2293 778/999/2294
f 780/1001/2295 812/1037/2296 811/1036/2297 779/1000/2298
f 781/1002/2299 813/1038/2300 812/1037/2301 780/1001/2302
f 782/1003/2303 814/1039/2304 813/1038/2305 781/1002/2306
f 783/1004/2307 815/1040/2308 814/1041/2309 782/1005/2310
f 784/1006/2311 816/1042/2312 815/1040/2313 783/1004/2314
f 785/1007/2315 817/1043/2316 816/1042/2317 784/1006/2318
f 786/1008/2319 818/1044/2320 817/1043/2321 785/1007/2322
f 787/1009/2323 819/1045/2324 818/1044/2325 786/1008/2326
f 788/1010/2327 820/1046/2328 819/1045/2329 787/1009/2330
f 789/1011/2331 821/1047/2332 820/1046/2333 788/1010/2334
f 790/1012/2335 822/1048/2336 821/1047/2337 789/1011/2338
f 775/997/2339 807/1033/2340 822/1049/2341 790/1013/2342
f 792/1014/2343 824/1050/2344 823/1051/2345 791/1015/2346
f 791/1015/2347 823/1051/2348 825/1052/2349 793/1016/2350
f 793/1016/2351 825/1052/2352 826/1053/2353 794/1017/2354
f 794/1017/2355 826/1053/2356 827/1054/2357 795/1018/2358
f 795/1018/2359 827/1054/2360 828/1055/2361 796/1019/2362
f 796/1019/2363 828/1055/2364 829/1056/2365 797/1020/2366
f 797/1020/2367 829/1056/2368 830/1057/2369 798/1021/2370
f 798/1022/2371 830/1058/2372 831/1059/2373 799/1023/2374
f 799/1023/2375 831/1059/2376 832/1060/2377 800/1024/2378
f 800/1024/2379 832/1060/2380 833/1061/2381 801/1025/2382
f 801/1025/2383 833/1061/2384 834/1062/2385 802/1026/2386
f 802/1026/2387 834/1062/2388 835/1063/2389 803/1027/2390
f 803/1027/2391 835/1063/2392 836/1064/2393 804/1028/2394
f 804/1028/2395 836/1064/2396 837/1065/2397 805/1029/2398
f 805/1029/2399 837/1065/2400 838/1066/2401 806/1030/2402
f 806/1031/2403 838/1067/2404 824/1050/2405 792/1014/2406
f 808/1032/2407 840/1068/2408 839/1069/2409 807/1033/2410
f 809/1034/2411 841/1070/2412 840/1068/2413 808/1032/2414
f 810/1035/2415 842/1071/2416 841/1070/2417 809/1034/2418
f 811/1036/2419 843/1072/2420 842/1071/2421 810/1035/2422
f 812/1037/2423 844/1073/2424 843/1072/2425 811/1036/2426
f 813/1038/2427 845/1074/2428 844/1073/2429 812/1037/2430
f 814/1039/2431 846/1075/2432 845/1074/2433 813/1038/2434
f 815/1040/2435 847/1076/2436 846/1077/2437 814/1041/2438
f 816/1042/2439 848/1078/2440 847/1076/2441 815/1040/2442
f 817/1043/2443 849/1079/2444 848/1078/2445 816/1042/2446
f 818/1044/2447 850/1080/2448 849/1079/2449 817/1043/2450
f 819/1045/2451 851/1081/2452 850/1080/2453 818/1044/2454
f 820/1046/2455 852/1082/2456 851/1081/2457 819/1045/2458
f 821/1047/2459 853/1083/2460 852/1082/2461 820/1046/2462
f 822/1048/2463 854/1084/2464 853/1083/2465 821/1047/2466
f 807/1033/2467 839/1069/2468 854/1085/2469 822/1049/2470
f 824/1050/2471 856/1086/2472 855/1087/2473 823/1051/2474
f 823/1051/2475 855/1087/2476 857/1088/2477 825/1052/2478
f 825/1052/2479 857/1088/2480 858/1089/2481 826/1053/2482
f 826/1053/2483 858/1089/2484 859/1090/2485 827/1054/2486
f 827/1054/2487 859/1090/2488 860/1091/2489 828/1055/2490
f 828/1055/2491 860/1091/2492 861/1092/2493 829/1056/2494
f 829/1056/2495 861/1092/2496 862/1093/2497 830/1057/2498
f 830/1058/2499 862/1094/2500 863/1095/2501 831/1059/2502
f 831/1059/2503 863/1095/2504 864/1096/2505 832/1060/2506
f 832/1060/2507 864/1096/2508 865/1097/2509 833/1061/2510
f 833/1061/2511 865/1097/2512 866/1098/2513 834/1062/2514
f 834/1062/2515 866/1098/2516 867/1099/2517 835/1063/2518
f 835/1063/2519 867/1099/2520 868/1100/2521 836/1064/2522
f 836/1064/2523 868/1100/2524 869/1101/2525 837/1065/2526
f 837/1065/2527 869/1101/2528 870/1102/2529 838/1066/2530
f 838/1067/2531 870/1103/2532 856/1086/2533 824/1050/2534
f 840/1068/2535 872/1104/2536 871/1105/2537 839/1069/2538
f 841/1070/2539 873/1106/2540 872/1104/2541 840/1068/2542
f 842/1071/2543 874/1107/2544 873/1106/2545 841/1070/2546
f 843/1072/2547 875/1108/2548 874/1107/2549 842/1071/2550
f 844/1073/2551 876/1109/2552 875/1108/2553 843/1072/2554
f 845/1074/2555 877/1110/2556 876/1109/2557 844/1073/2558
f 846/1075/2559 878/1111/2560 877/1110/2561 845/1074/2562
f 847/1076/2563 879/1112/2564 878/1113/2565 846/1077/2566
f 848/1078/2567 880/1114/2568 879/1112/2569 847/1076/2570
f 849/1079/2571 881/1115/2572 880/1114/2573 848/1078/2574
f 850/1080/2575 882/1116/2576 881/1115/2577 849/1079/2578
f 851/1081/2579 883/1117/2580 882/1116/2581 850/1080/2582
f 852/1082/2583 884/1118/2584 883/1117/2585 851/1081/2586
f 853/1083/2587 885/1119/2588 884/1118/2589 852/1082/2590
f 854/1084/2591 886/1120/2592 885/1119/2593 853/1083/2594
f 839/1069/2595 871/1105/2596 886/1121/2597 854/1085/2598
f 856/1086/2599 888/1122/2600 887/1123/2601 855/1087/2602
f 855/1087/2603 887/1123/2604 889/1124/2605 857/1088/2606
f 857/1088/2607 889/1124/2608 890/1125/2609 858/1089/2610
f 858/1089/2611 890/1125/2612 891/1126/2613 859/1090/2614
f 859/1090/2615 891/1126/2616 892/1127/2617 860/1091/2618
f 860/1091/2619 892/1127/2620 893/1128/2621 861/1092/2622
f 861/1092/2623 893/1128/2624 894/1129/2625 862/1093/2626
f 862/1094/2627 894/1130/2628 895/1131/2629 863/1095/2630
f 863/1095/2631 895/1131/2632 896/1132/2633 864/1096/2634
f 864/1096/2635 896/1132/2636 897/1133/2637 865/1097/2638
f 865/1097/2639 897/1133/2640 898/1134/2641 866/1098/2642
f 866/1098/2643 898/1134/2644 899/1135/2645 867/1099/2646
f 867/1099/2647 899/1135/2648 900/1136/2649 868/1100/2650
f 868/1100/2651 900/1136/2652 901/1137/2653 869/1101/2654
f 869/1101/2655 901/1137/2656 902/1138/2657 870/1102/2658
f 870/1103/2659 902/1139/2660 888/1122/2661 856/1086/2662
f 872/1104/2663 904/1140/2664 903/1141/2665 871/1105/2666
f 873/1106/2667 905/1142/2668 904/1140/2669 872/1104/2670
f 874/1107/2671 906/1143/2672 905/1142/2673 873/1106/2674
f 875/1108/2675 907/1144/2676 906/1143/2677 874/1107/2678
f 876/1109/2679 908/1145/2680 907/1144/2681 875/1108/2682
f 877/1110/2683 909/1146/2684 908/1145/2685 876/1109/2686
f 878/1111/2687 910/1147/2688 909/1146/2689 877/1110/2690
f 879/1112/2691 911/1148/2692 910/1149/2693 878/1113/2694
f 880/1114/2695 912/1150/2696 911/1148/2697 879/1112/2698
f 881/1115/2699 913/1151/2700 912/1150/2701 880/1114/2702
f 882/1116/2703 914/1152/2704 913/1151/2705 881/1115/2706
f 883/1117/2707 915/1153/2708 914/1152/2709 882/1116/2710
f 884/1118/2711 916/1154/2712 915/1153/2713 883/1117/2714
f 885/1119/2715 917/1155/2716 916/1154/2717 884/1118/2718
f 886/1120/2719 918/1156/2720 917/1155/2721 885/1119/2722
f 871/1105/2723 903/1141/2724 918/1157/2725 886/1121/2726
f 888/1122/2727 920/1158/2728 919/1159/2729 887/1123/2730
f 887/1123/2731 919/1159/2732 921/1160/2733 889/1124/2734
f 889/1124/2735 921/1160/2736 922/1161/2737 890/1125/2738
f 890/1125/2739 922/1161/2740 923/1162/2741 891/1126/2742
f 891/1126/2743 923/1162/2744 924/1163/2745 892/1127/2746
f 892/1127/2747 924/1163/2748 925/1164/2749 893/1128/2750
f 893/1128/2751 925/1164/2752 926/1165/2753 894/1129/2754
f 894/1130/2755 926/1166/2756 927/1167/2757 895/1131/2758
f 895/1131/2759 927/1167/2760 928/1168/2761 896/1132/2762
f 896/1132/2763 928/1168/2764 929/1169/2765 897/1133/2766
f 897/1133/2767 929/1169/2768 930/1170/2769 898/1134/2770
f 898/1134/2771 930/1170/2772 931/1171/2773 899/1135/2774
f 899/1135/2775 931/1171/2776 932/1172/2777 900/1136/2778
f 900/1136/2779 932/1172/2780 933/1173/2781 901/1137/2782
f 901/1137/2783 933/1173/2784 934/1174/2785 902/1138/2786
f 902/1139/2787 934/1175/2788 920/1158/2789 888/1122/2790
f 904/1140/2791 919/1159/2792 920/1158/2793 903/1141/2794
f 903/1141/2795 920/1158/2796 934/1175/2797 918/1157/2798
f 918/1156/2799 934/1174/2800 933/1173/2801 917/1155/2802
f 917/1155/2803 933/1173/2804 932/1172/2805 916/1154/2806
f 916/1154/2807 932/1172/2808 931/1171/2809 915/1153/2810
f 915/1153/2811 931/1171/2812 930/1170/2813 914/1152/2814
f 914/1152/2815 930/1170/2816 929/1169/2817 913/1151/2818
f 913/1151/2819 929/1169/2820 928/1168/2821 912/1150/2822
f 912/1150/2823 928/1168/2824 927/1167/2825 911/1148/2826
f 911/1148/2827 927/1167/2828 926/1166/2829 910/1149/2830
f 910/1147/2831 926/1165/2832 925/1164/2833 909/1146/2834
f 909/1146/2835 925/1164/2836 924/1163/2837 908/1145/2838
f 908/1145/2839 924/1163/2840 923/1162/2841 907/1144/2842
f 907/1144/2843 923/1162/2844 922/1161/2845 906/1143/2846
f 906/1143/2847 922/1161/2848 921/1160/2849 905/1142/2850
f 905/1142/2851 921/1160/2852 919/1159/2853 904/1140/2854
f 936/1176/2855 935/1177/2856 967/1178/2857 968/1179/2858
f 937/1180/2859 936/1176/2860 968/1179/2861 969/1181/2862
f 938/1182/2863 937/1180/2864 969/1181/2865 970/1183/2866
f 939/1184/2867 938/1182/2868 970/1183/2869 971/1185/2870
f 940/1186/2871 939/1184/2872 971/1185/2873 972/1187/2874
f 941/1188/2875 940/1186/2876 972/1187/2877 973/1189/2878
f 942/1190/2879 941/1188/2880 973/1189/2881 974/1191/2882
f 943/1192/2883 942/1193/2884 974/1194/2885 975/1195/2886
f 944/1196/2887 943/1192/2888 975/1195/2889 976/1197/2890
f 945/1198/2891 944/1196/2892 976/1197/2893 977/1199/2894
f 946/1200/2895 945/1198/2896 977/1199/2897 978/1201/2898
f 947/1202/2899 946/1200/2900 978/1201/2901 979/1203/2902
f 948/1204/2903 947/1202/2904 979/1203/2905 980/1205/2906
f 949/1206/2907 948/1204/2908 980/1205/2909 981/1207/2910
f 950/1208/2911 949/1206/2912 981/1207/2913 982/1209/2914
f 935/1177/2915 950/1210/2916 982/1211/2917 967/1178/2918
f 951/1212/2919 952/1213/2920 983/1214/2921 984/1215/2922
f 952/1213/2923 953/1216/2924 985/1217/2925 983/1214/2926
f 953/1216/2927 954/1218/2928 986/1219/2929 985/1217/2930
f 954/1218/2931 955/1220/2932 987/1221/2933 986/1219/2934
f 955/1220/2935 956/1222/2936 988/1223/2937 987/1221/2938
f 956/1222/2939 957/1224/2940 989/1225/2941 988/1223/2942
f 957/1224/2943 958/1226/2944 990/1227/2945 989/1225/2946
f 958/1228/2947 959/1229/2948 991/1230/2949 990/1231/2950
f 959/1229/2951 960/1232/2952 992/1233/2953 991/1230/2954
f 960/1232/2955 961/1234/2956 993/1235/2957 992/1233/2958
f 961/1234/2959 962/1236/2960 994/1237/2961 993/1235/2962
f 962/1236/2963 963/1238/2964 995/1239/2965 994/1237/2966
f 963/1238/2967 964/1240/2968 996/1241/2969 995/1239/2970
f 964/1240/2971 965/1242/2972 997/1243/2973 996/1241/2974
f 965/1242/2975 966/1244/2976 998/1245/2977 997/1243/2978
f 966/1246/2979 951/1212/2980 984/1215/2981 998/1247/2982
f 968/1179/2983 967/1178/2984 999/1248/2985 1000/1249/2986
f 969/1181/2987 968/1179/2988 1000/1249/2989 1001/1250/2990
f 970/1183/2991 969/1181/2992 1001/1250/2993 1002/1251/2994
f 971/1185/2995 970/1183/2996 1002/1251/2997 1003/1252/2998
f 972/1187/2999 971/1185/3000 1003/1252/3001 1004/1253/3002
f 973/1189/3003 972/1187/3004 1004/1253/3005 1005/1254/3006
f 974/1191/3007 973/1189/3008 1005/1254/3009 1006/1255/3010
f 975/1195/3011 974/1194/3012 1006/1256/3013 1007/1257/3014
f 976/1197/3015 975/1195/3016 1007/1257/3017 1008/1258/3018
f 977/1199/3019 976/1197/3020 1008/1258/3021 1009/1259/3022
f 978/1201/3023 977/1199/3024 1009/1259/3025 1010/1260/3026
f 979/1203/3027 978/1201/3028 1010/1260/3029 1011/1261/3030
f 980/1205/3031 979/1203/3032 1011/1261/3033 1012/1262/3034
f 981/1207/3035 980/1205/3036 1012/1262/3037 1013/1263/3038
f 982/1209/3039 981/1207/3040 1013/1263/3041 1014/1264/3042
f 967/1178/3043 982/1211/3044 1014/1265/3045 999/1248/3046
f 984/1215/3047 983/1214/3048 1015/1266/3049 1016/1267/3050
f 983/1214/3051 985/1217/3052 1017/1268/3053 1015/1266/3054
f 985/1217/3055 986/1219/3056 1018/1269/3057 1017/1268/3058
f 986/1219/3059 987/1221/3060 1019/1270/3061 1018/1269/3062
f 987/1221/3063 988/1223/3064 1020/1271/3065 1019/1270/3066
f 988/1223/3067 989/1225/3068 1021/1272/3069 1020/1271/3070
f 989/1225/3071 990/1227/3072 1022/1273/3073 1021/1272/3074
f 990/1231/3075 991/1230/3076 1023/1274/3077 1022/1275/3078
f 991/1230/3079 992/1233/3080 1024/1276/3081 1023/1274/3082
f 992/1233/3083 993/1235/3084 1025/1277/3085 1024/1276/3086
f 993/1235/3087 994/1237/3088 1026/1278/3089 1025/1277/3090
f 994/1237/3091 995/1239/3092 1027/1279/3093 1026/1278/3094
f 995/1239/3095 996/1241/3096 1028/1280/3097 1027/1279/3098
f 996/1241/3099 997/1243/3100 1029/1281/3101 1028/1280/3102
f 997/1243/3103 998/1245/3104 1030/1282/3105 1029/1281/3106
f 998/1247/3107 984/1215/3108 1016/1267/3109 1030/1283/3110
f 1000/1249/3111 999/1248/3112 1031/1284/3113 1032/1285/3114
f 1001/1250/3115 1000/1249/3116 1032/1285/3117 1033/1286/3118
f 1002/1251/3119 1001/1250/3120 1033/1286/3121 1034/1287/3122
f 1003/1252/3123 1002/1251/3124 1034/1287/3125 1035/1288/3126
f 1004/1253/3127 1003/1252/3128 1035/1288/3129 1036/1289/3130
f 1005/1254/3131 1004/1253/3132 1036/1289/3133 1037/1290/3134
f 1006/1255/3135 1005/1254/3136 1037/1290/3137 1038/1291/3138
f 1007/1257/3139 1006/1256/3140 1038/1292/3141 1039/1293/3142
f 1008/1258/3143 1007/1257/3144 1039/1293/3145 1040/1294/3146
f 1009/1259/3147 1008/1258/3148 1040/1294/3149 1041/1295/3150
f 1010/1260/3151 1009/1259/3152 1041/1295/3153 1042/1296/3154
f 1011/1261/3155 1010/1260/3156 1042/1296/3157 1043/1297/3158
f 1012/1262/3159 1011/1261/3160 1043/1297/3161 1044/1298/3162
f 1013/1263/3163 1012/1262/3164 1044/1298/3165 1045/1299/3166
f 1014/1264/3167 1013/1263/3168 1045/1299/3169 1046/1300/3170
f 999/1248/3171 1014/1265/3172 1046/1301/3173 1031/1284/3174
f 1016/1267/3175 1015/1266/3176 1047/1302/3177 1048/1303/3178
f 1015/1266/3179 1017/1268/3180 1049/1304/3181 1047/1302/3182
f 1017/1268/3183 1018/1269/3184 1050/1305/3185 1049/1304/3186
f 1018/1269/3187 1019/1270/3188 1051/1306/3189 1050/1305/3190
f 1019/1270/3191 1020/1271/3192 1052/1307/3193 1051/1306/3194
f 1020/1271/3195 1021/1272/3196 1053/1308/3197 1052/1307/3198
f 1021/1272/3199 1022/1273/3200 1054/1309/3201 1053/1308/3202
f 1022/1275/3203 1023/1274/3204 1055/1310/3205 1054/1311/3206
f 1023/1274/3207 1024/1276/3208 1056/1312/3209 1055/1310/3210
f 1024/1276/3211 1025/1277/3212 1057/1313/3213 1056/1312/3214
f 1025/1277/3215 1026/1278/3216 1058/1314/3217 1057/1313/3218
f 1026/1278/3219 1027/1279/3220 1059/1315/3221 1058/1314/3222
f 1027/1279/3223 1028/1280/3224 1060/1316/3225 1059/1315/3226
f 1028/1280/3227 1029/1281/3228 1061/1317/3229 1060/1316/3230
f 1029/1281/3231 1030/1282/3232 1062/1318/3233 1061/1317/3234
f 1030/1283/3235 1016/1267/3236 1048/1303/3237 1062/1319/3238
f 1032/1285/3239 1031/1284/3240 1063/1320/3241 1064/1321/3242
f 1033/1286/3243 1032/1285/3244 1064/1321/3245 1065/1322/3246
f 1034/1287/3247 1033/1286/3248 1065/1322/3249 1066/1323/3250
f 1035/1288/3251 1034/1287/3252 1066/1323/3253 1067/1324/3254
f 1036/1289/3255 1035/1288/3256 1067/1324/3257 1068/1325/3258
f 1037/1290/3259 1036/1289/3260 1068/1325/3261 1069/1326/3262
f 1038/1291/3263 1037/1290/3264 1069/1326/3265 1070/1327/3266
f 1039/1293/3267 1038/1292/3268 1070/1328/3269 1071/1329/3270
f 1040/1294/3271 1039/1293/3272 1071/1329/3273 1072/1330/3274
f 1041/1295/3275 1040/1294/3276 1072/1330/3277 1073/1331/3278
f 1042/1296/3279 1041/1295/3280 1073/1331/3281 1074/1332/3282
f 1043/1297/3283 1042/1296/3284 1074/1332/3285 1075/1333/3286
f 1044/1298/3287 1043/1297/3288 1075/1333/3289 1076/1334/3290
f 1045/1299/3291 1044/1298/3292 1076/1334/3293 1077/1335/3294
f 1046/1300/3295 1045/1299/3296 1077/1335/3297 1078/1336/3298
f 1031/1284/3299 1046/1301/3300 1078/1337/3301 1063/1320/3302
f 1048/1303/3303 1047/1302/3304 1079/1338/3305 1080/1339/3306
f 1047/1302/3307 1049/1304/3308 1081/1340/3309 1079/1338/3310
f 1049/1304/3311 1050/1305/3312 1082/1341/3313 1081/1340/3314
f 1050/1305/3315 1051/1306/3316 1083/1342/3317 1082/1341/3318
f 1051/1306/3319 1052/1307/3320 1084/1343/3321 1083/1342/3322
f 1052/1307/3323 1053/1308/3324 1085/1344/3325 1084/1343/3326
f 1053/1308/3327 1054/1309/3328 1086/1345/3329 1085/1344/3330
f 1054/1311/3331 1055/1310/3332 1087/1346/3333 1086/1347/3334
f 1055/1310/3335 1056/1312/3336 1088/1348/3337 1087/1346/3338
f 1056/1312/3339 1057/1313/3340 1089/1349/3341 1088/1348/3342
f 1057/1313/3343 1058/1314/3344 1090/1350/3345 1089/1349/3346
f 1058/1314/3347 1059/1315/3348 1091/1351/3349 1090/1350/3350
f 1059/1315/3351 1060/1316/3352 1092/1352/3353 1091/1351/3354
f 1060/1316/3355 1061/1317/3356 1093/1353/3357 1092/1352/3358
f 1061/1317/3359 1062/1318/3360 1094/1354/3361 1093/1353/3362
f 1062/1319/3363 1048/1303/3364 1080/1339/3365 1094/1355/3366
f 1064/1321/3367 1063/1320/3368 1095/1356/3369 1096/1357/3370
f 1065/1322/3371 1064/1321/3372 1096/1357/3373 1097/1358/3374
f 1066/1323/3375 1065/1322/3376 1097/1358/3377 1098/1359/3378
f 1067/1324/3379 1066/1323/3380 1098/1359/3381 1099/1360/3382
f 1068/1325/3383 1067/1324/3384 1099/1360/3385 1100/1361/3386
f 1069/1326/3387 1068/1325/3388 1100/1361/3389 1101/1362/3390
f 1070/1327/3391 1069/1326/3392 1101/1362/3393 1102/1363/3394
f 1071/1329/3395 1070/1328/3396 1102/1364/3397 1103/1365/3398
f 1072/1330/3399 1071/1329/3400 1103/1365/3401 1104/1366/3402
f 1073/1331/3403 1072/1330/3404 1104/1366/3405 1105/1367/3406
f 1074/1332/3407 1073/1331/3408 1105/1367/3409 1106/1368/3410
f 1075/1333/3411 1074/1332/3412 1106/1368/3413 1107/1369/3414
f 1076/1334/3415 1075/1333/3416 1107/1369/3417 1108/1370/3418
f 1077/1335/3419 1076/1334/3420 1108/1370/3421 1109/1371/3422
f 1078/1336/3423 1077/1335/3424 1109/1371/3425 1110/1372/3426
f 1063/1320/3427 1078/1337/3428 1110/1373/3429 1095/1356/3430
f 1080/1339/3431 1079/1338/3432 1111/1374/3433 1112/1375/3434
f 1079/1338/3435 1081/1340/3436 1113/1376/3437 1111/1374/3438
f 1081/1340/3439 1082/1341/3440 1114/1377/3441 1113/1376/3442
f 1082/1341/3443 1083/1342/3444 1115/1378/3445 1114/1377/3446
f 1083/1342/3447 1084/1343/3448 1116/1379/3449 1115/1378/3450
f 1084/1343/3451 1085/1344/3452 1117/1380/3453 1116/1379/3454
f 1085/1344/3455 1086/1345/3456 1118/1381/3457 1117/1380/3458
f 1086/1347/3459 1087/1346/3460 1119/1382/3461 1118/1383/3462
f 1087/1346/3463 1088/1348/3464 1120/1384/3465 1119/1382/3466
f 1088/1348/3467 1089/1349/3468 1121/1385/3469 1120/1384/3470
f 1089/1349/3471 1090/1350/3472 1122/1386/3473 1121/1385/3474
f 1090/1350/3475 1091/1351/3476 1123/1387/3477 1122/1386/3478
f 1091/1351/3479 1092/1352/3480 1124/1388/3481 1123/1387/3482
f 1092/1352/3483 1093/1353/3484 1125/1389/3485 1124/1388/3486
f 1093/1353/3487 1094/1354/3488 1126/1390/3489 1125/1389/3490
f 1094/1355/3491 1080/1339/3492 1112/1375/3493 1126/1391/3494
f 1096/1357/3495 1095/1356/3496 1127/1392/3497 1128/1393/3498
f 1097/1358/3499 1096/1357/3500 1128/1393/3501 1129/1394/3502
f 1098/1359/3503 1097/1358/3504 1129/1394/3505 1130/1395/3506
f 1099/1360/3507 1098/1359/3508 1130/1395/3509 1131/1396/3510
f 1100/1361/3511 1099/1360/3512 1131/1396/3513 1132/1397/3514
f 1101/1362/3515 1100/1361/3516 1132/1397/3517 1133/1398/3518
f 1102/1363/3519 1101/1362/3520 1133/1398/3521 1134/1399/3522
f 1103/1365/3523 1102/1364/3524 1134/1400/3525 1135/1401/3526
f 1104/1366/3527 1103/1365/3528 1135/1401/3529 1136/1402/3530
f 1105/1367/3531 1104/1366/3532 1136/1402/3533 1137/1403/3534
f 1106/1368/3535 1105/1367/3536 1137/1403/3537 1138/1404/3538
f 1107/1369/3539 1106/1368/3540 1138/1404/3541 1139/1405/3542
f 1108/1370/3543 1107/1369/3544 1139/1405/3545 1140/1406/3546
f 1109/1371/3547 1108/1370/3548 1140/1406/3549 1141/1407/3550
f 1110/1372/3551 1109/1371/3552 1141/1407/3553 1142/1408/3554
f 1095/1356/3555 1110/1373/3556 1142/1409/3557 1127/1392/3558
f 1112/1375/3559 1111/1374/3560 1143/1410/3561 1144/1411/3562
f 1111/1374/3563 1113/1376/3564 1145/1412/3565 1143/1410/3566
f 1113/1376/3567 1114/1377/3568 1146/1413/3569 1145/1412/3570
f 1114/1377/3571 1115/1378/3572 1147/1414/3573 1146/1413/3574
f 1115/1378/3575 1116/1379/3576 1148/1415/3577 1147/1414/3578
f 1116/1379/3579 1117/1380/3580 1149/1416/3581 1148/1415/3582
f 1117/1380/3583 1118/1381/3584 1150/1417/3585 1149/1416/3586
f 1118/1383/3587 1119/1382/3588 1151/1418/3589 1150/1419/3590
f 1119/1382/3591 1120/1384/3592 1152/1420/3593 1151/1418/3594
f 1120/1384/3595 1121/1385/3596 1153/1421/3597 1152/1420/3598
f 1121/1385/3599 1122/1386/3600 1154/1422/3601 1153/1421/3602
f 1122/1386/3603 1123/1387/3604 1155/1423/3605 1154/1422/3606
f 1123/1387/3607 1124/1388/3608 1156/1424/3609 1155/1423/3610
f 1124/1388/3611 1125/1389/3612 1157/1425/3613 1156/1424/3614
f 1125/1389/3615 1126/1390/3616 1158/1426/3617 1157/1425/3618
f 1126/1391/3619 1112/1375/3620 1144/1411/3621 1158/1427/3622
f 1128/1393/3623 1127/1392/3624 1144/1411/3625 1143/1410/3626
f 1127/1392/3627 1142/1409/3628 1158/1427/3629 1144/1411/3630
f 1142/1408/3631 1141/1407/3632 1157/1425/3633 1158/1426/3634
f 1141/1407/3635 1140/1406/3636 1156/1424/3637 1157/1425/3638
f 1140/1406/3639 1139/1405/3640 1155/1423/3641 1156/1424/3642
f 1139/1405/3643 1138/1404/3644 1154/1422/3645 1155/1423/3646
f 1138/1404/3647 1137/1403/3648 1153/1421/3649 1154/1422/3650
f 1137/1403/3651 1136/1402/3652 1152/1420/3653 1153/1421/3654
f 1136/1402/3655 1135/1401/3656 1151/1418/3657 1152/1420/3658
f 1135/1401/3659 1134/1400/3660 1150/1419/3661 1151/1418/3662
f 1134/1399/3663 1133/1398/3664 1149/1416/3665 1150/1417/3666
f 1133/1398/3667 1132/1397/3668 1148/1415/3669 1149/1416/3670
f 1132/1397/3671 1131/1396/3672 1147/1414/3673 1148/1415/3674
f 1131/1396/3675 1130/1395/3676 1146/1413/3677 1147/1414/3678
f 1130/1395/3679 1129/1394/3680 1145/1412/3681 1146/1413/3682
f 1129/1394/3683 1128/1393/3684 1143/1410/3685 1145/1412/3686
f 728/963/3687 729/965/3688 953/1216/3689 952/1213/3690
f 729/965/3691 730/967/3692 954/1218/3693 953/1216/3694
f 730/967/3695 731/969/3696 955/1220/3697 954/1218/3698
f 731/969/3699 732/971/3700 956/1222/3701 955/1220/3702
f 732/971/3703 733/973/3704 957/1224/3705 956/1222/3706
f 733/973/3707 734/975/3708 958/1226/3709 957/1224/3710
f 734/976/3711 735/979/3712 959/1229/3713 958/1228/3714
f 735/979/3715 736/981/3716 960/1232/3717 959/1229/3718
f 736/981/3719 737/983/3720 961/1234/3721 960/1232/3722
f 737/983/3723 738/985/3724 962/1236/3725 961/1234/3726
f 738/985/3727 739/987/3728 963/1238/3729 962/1236/3730
f 739/987/3731 740/989/3732 964/1240/3733 963/1238/3734
f 740/989/3735 741/991/3736 965/1242/3737 964/1240/3738
f 741/991/3739 742/993/3740 966/1244/3741 965/1242/3742
f 742/994/3743 727/960/3744 951/1212/3745 966/1246/3746
f 727/960/3747 728/963/3748 952/1213/3749 951/1212/3750
f 712/924/3751 711/927/3752 935/1177/3753 936/1176/3754
f 711/927/3755 726/959/3756 950/1210/3757 935/1177/3758
f 726/956/3759 725/954/3760 949/1206/3761 950/1208/3762
f 725/954/3763 724/952/3764 948/1204/3765 949/1206/3766
f 724/952/3767 723/950/3768 947/1202/3769 948/1204/3770
f 723/950/3771 722/948/3772 946/1200/3773 947/1202/3774
f 722/948/3775 721/946/3776 945/1198/3777 946/1200/3778
f 721/946/3779 720/944/3780 944/1196/3781 945/1198/3782
f 720/944/3783 719/940/3784 943/1192/3785 944/1196/3786
f 719/940/3787 718/943/3788 942/1193/3789 943/1192/3790
f 718/938/3791 717/936/3792 941/1188/3793 942/1190/3794
f 717/936/3795 716/934/3796 940/1186/3797 941/1188/3798
f 716/934/3799 715/932/3800 939/1184/3801 940/1186/3802
f 715/932/3803 714/930/3804 938/1182/3805 939/1184/3806
f 714/930/3807 713/928/3808 937/1180/3809 938/1182/3810
f 713/928/3811 712/924/3812 936/1176/3813 937/1180/3814
s 20
f 1159/1428/3815 1160/1429/3816 1176/1430/3817 1175/1431/3818
f 1160/1429/3816 1161/1432/3819 1177/1433/3820 1176/1430/3817
f 1161/1432/3819 1162/1434/3821 1178/1435/3822 1177/1433/3820
f 1162/1434/3821 1163/1436/3823 1179/1437/3824 1178/1435/3822
f 1163/1436/3823 1164/1438/3825 1180/1439/3826 1179/1437/3824
f 1164/1438/3825 1165/1440/3827 1181/1441/3828 1180/1439/3826
f 1165/1440/3827 1166/1442/3829 1182/1443/3830 1181/1441/3828
f 1166/1442/3829 1167/1444/3831 1183/1445/3832 1182/1443/3830
f 1167/1444/3831 1168/1446/3833 1184/1447/3834 1183/1445/3832
f 1168/1446/3833 1169/1448/3835 1185/1449/3836 1184/1447/3834
f 1169/1448/3835 1170/1450/3837 1186/1451/3838 1185/1449/3836
f 1170/1450/3837 1171/1452/3839 1187/1453/3840 1186/1451/3838
f 1171/1452/3839 1172/1454/3841 1188/1455/3842 1187/1453/3840
f 1172/1454/3841 1173/1456/3843 1189/1457/3844 1188/1455/3842
f 1173/1456/3843 1174/1458/3845 1190/1459/3846 1189/1457/3844
f 1174/1460/3845 1159/1428/3815 1175/1431/3818 1190/1461/3846
s 21
f 1191/1462/3847 1207/1463/3848 1208/1464/3849 1192/1465/3850
f 1192/1465/3850 1208/1464/3849 1209/1466/3851 1193/1467/3852
f 1193/1467/3852 1209/1466/3851 1210/1468/3853 1194/1469/3854
f 1194/1469/3854 1210/1468/3853 1211/1470/3855 1195/1471/3856
f 1195/1471/3856 1211/1470/3855 1212/1472/3857 1196/1473/3858
f 1196/1473/3858 1212/1472/3857 1213/1474/3859 1197/1475/3860
f 1197/1475/3860 1213/1474/3859 1214/1476/3861 1198/1477/3862
f 1198/1477/3862 1214/1476/3861 1215/1478/3863 1199/1479/3864
f 1199/1479/3864 1215/1478/3863 1216/1480/3865 1200/1481/3866
f 1200/1481/3866 1216/1480/3865 1217/1482/3867 1201/1483/3868
f 1201/1483/3868 1217/1482/3867 1218/1484/3869 1202/1485/3870
f 1202/1485/3870 1218/1484/3869 1219/1486/3871 1203/1487/3872
f 1203/1487/3872 1219/1486/3871 1220/1488/3873 1204/1489/3874
f 1204/1489/3874 1220/1488/3873 1221/1490/3875 1205/1491/3876
f 1205/1491/3876 1221/1490/3875 1222/1492/3877 1206/1493/3878
f 1206/1494/3878 1222/1495/3877 1207/1463/3848 1191/1462/3847
s 22
f 1223/1496/3879 1224/1497/3880 1233/1498/3881 1232/1499/3882
f 1224/1497/3880 1225/1500/3883 1234/1501/3884 1233/1498/3881
f 1225/1500/3883 1226/1502/3885 1235/1503/3886 1234/1501/3884
f 1226/1502/3885 1227/1504/3887 1236/1505/3888 1235/1503/3886
f 1227/1504/3887 1228/1506/3889 1237/1507/3890 1236/1505/3888
f 1229/1508/3891 1230/1509/3892 1239/1510/3893 1238/1511/3894
f 1230/1509/3892 1231/1512/3895 1240/1513/3896 1239/1510/3893
f 1231/1512/3895 1223/1496/3879 1232/1499/3882 1240/1513/3896
s 24
f 1224/1514/3897 1223/1515/3898 1241/1516/3899
f 1225/1517/3900 1224/1514/3897 1241/1516/3899
f 1226/1518/3901 1225/1517/3900 1241/1516/3899
f 1227/1519/3902 1226/1518/3901 1241/1516/3899
f 1228/1520/3903 1227/1519/3902 1241/1516/3899
f 1230/1521/3904 1229/1522/3905 1241/1516/3899
f 1231/1523/3906 1230/1521/3904 1241/1516/3899
f 1223/1515/3898 1231/1523/3906 1241/1516/3899
s 26
f 1232/1524/3907 1233/1525/3908 1242/1526/3909
f 1233/1525/3908 1234/1527/3910 1242/1526/3909
f 1234/1527/3910 1235/1528/3911 1242/1526/3909
f 1235/1528/3911 1236/1529/3912 1242/1526/3909
f 1236/1529/3912 1237/1530/3913 1242/1526/3909
f 1238/1531/3914 1239/1532/3915 1242/1526/3909
f 1239/1532/3915 1240/1533/3916 1242/1526/3909
f 1240/1533/3916 1232/1524/3907 1242/1526/3909
s off
f 1228/1506/3917 1241/1534/3918 1242/1535/3919 1237/1507/3920
f 1241/1536/3921 1229/1508/3922 1238/1511/3923 1242/1537/3924
g default
v 2.924334 1.268607 2.944925
v 2.932132 1.283911 2.944925
v 2.944278 1.296057 2.944925
v 2.959583 1.303856 2.944925
v 2.976548 1.306542 2.944925
v 2.993513 1.303856 2.944925
v 3.008818 1.296057 2.944925
v 3.020963 1.283911 2.944925
v 3.028762 1.268607 2.944925
v 3.031448 1.251642 2.944925
v 3.028762 1.234676 2.944925
v 3.020963 1.219371 2.944925
v 3.008818 1.207225 2.944925
v 2.993513 1.199428 2.944925
v 2.976548 1.196740 2.944925
v 2.959583 1.199428 2.944925
v 2.944278 1.207225 2.944925
v 2.932132 1.219371 2.944925
v 2.924334 1.234676 2.944925
v 2.921647 1.251642 2.944925
v 2.936534 1.264642 2.924076
v 2.942510 1.276371 2.924076
v 2.951818 1.285680 2.924076
v 2.963546 1.291640 2.924076
v 2.976548 1.293714 2.924076
v 2.989549 1.291640 2.924076
v 3.001277 1.285680 2.924076
v 3.010586 1.276371 2.924076
v 3.016562 1.264642 2.924076
v 3.018620 1.251642 2.924076
v 3.016562 1.238640 2.924076
v 3.010586 1.226911 2.924076
v 3.001277 1.217604 2.924076
v 2.989549 1.211628 2.924076
v 2.976548 1.209568 2.924076
v 2.963546 1.211628 2.924076
v 2.951818 1.217604 2.924076
v 2.942510 1.226911 2.924076
v 2.936534 1.238640 2.924076
v 2.934474 1.251642 2.924076
v 2.976548 1.251642 2.913625
v 2.924334 1.268607 2.926165
v 2.926347 1.267953 2.924076
v 2.932132 1.283911 2.926165
v 2.933844 1.282668 2.924076
v 2.944278 1.296057 2.926165
v 2.945522 1.294330 2.924076
v 2.959583 1.303856 2.926165
v 2.960237 1.301842 2.924076
v 2.976548 1.306542 2.926165
v 2.976548 1.304426 2.924076
v 2.993513 1.303856 2.926165
v 2.992875 1.301842 2.924076
v 3.008818 1.296057 2.926165
v 3.007574 1.294330 2.924076
v 3.020963 1.283911 2.926165
v 3.019251 1.282668 2.924076
v 3.028762 1.268607 2.926165
v 3.026749 1.267953 2.924076
v 3.031448 1.251642 2.926165
v 3.029332 1.251642 2.924076
v 3.028762 1.234676 2.926165
v 3.026749 1.235330 2.924076
v 3.020963 1.219371 2.926165
v 3.019251 1.220615 2.924076
v 3.008818 1.207225 2.926165
v 3.007574 1.208938 2.924076
v 2.993513 1.199428 2.926165
v 2.992875 1.201440 2.924076
v 2.976548 1.196740 2.926165
v 2.976548 1.198856 2.924076
v 2.959583 1.199428 2.926165
v 2.960237 1.201440 2.924076
v 2.944278 1.207225 2.926165
v 2.945522 1.208938 2.924076
v 2.932132 1.219371 2.926165
v 2.933844 1.220615 2.924076
v 2.924334 1.234676 2.926165
v 2.926347 1.235330 2.924076
v 2.921647 1.251642 2.926165
v 2.923763 1.251642 2.924076
v 2.938546 1.263988 2.913625
v 2.944222 1.275127 2.913625
v 2.953061 1.283968 2.913625
v 2.964200 1.289658 2.913625
v 2.976548 1.291614 2.913625
v 2.988895 1.289658 2.913625
v 3.000033 1.283968 2.913625
v 3.008874 1.275127 2.913625
v 3.014549 1.263988 2.913625
v 3.016504 1.251642 2.913625
v 3.014549 1.239294 2.913625
v 3.008874 1.228155 2.913625
v 3.000033 1.219316 2.913625
v 2.988895 1.213640 2.913625
v 2.976548 1.211684 2.913625
v 2.964200 1.213640 2.913625
v 2.953061 1.219316 2.913625
v 2.944222 1.228155 2.913625
v 2.938546 1.239294 2.913625
v 2.936590 1.251642 2.913625
v 3.016562 1.264642 2.916167
v 3.010586 1.276371 2.916167
v 3.001277 1.285680 2.916167
v 2.989549 1.291640 2.916167
v 2.976548 1.293714 2.916167
v 2.963546 1.291640 2.916167
v 2.951818 1.285680 2.916167
v 2.942510 1.276371 2.916167
v 2.936534 1.264642 2.916167
v 2.934474 1.251642 2.916167
v 2.936534 1.238640 2.916167
v 2.942510 1.226911 2.916167
v 2.951818 1.217604 2.916167
v 2.963546 1.211628 2.916167
v 2.976548 1.209568 2.916167
v 2.989549 1.211628 2.916167
v 3.001277 1.217604 2.916167
v 3.010586 1.226911 2.916167
v 3.016562 1.238640 2.916167
v 3.018620 1.251642 2.916167
v 1.890911 0.000000 2.940333
v 3.046699 -0.000001 2.940333
v 1.890911 2.311261 2.940334
v 3.046699 2.311261 2.940334
v 2.993494 1.243569 2.891412
v 2.957792 1.243569 2.891412
v 2.993494 1.254034 2.891412
v 2.957792 1.254034 2.891412
v 2.996579 1.254290 2.909177
v 2.954707 1.254290 2.909177
v 2.996579 1.243314 2.909177
v 2.954707 1.243314 2.909177
v 2.975643 1.254128 2.886276
v 2.975643 1.256867 2.909177
v 2.975643 1.240737 2.909177
v 2.975643 1.243474 2.886276
v 2.984569 1.254049 2.886276
v 2.986110 1.255879 2.909177
v 2.986110 1.241723 2.909177
v 2.984569 1.243555 2.886276
v 2.966717 1.254049 2.886276
v 2.965175 1.255879 2.909177
v 2.965175 1.241723 2.909177
v 2.966717 1.243555 2.886276
v 3.000199 1.256029 2.909177
v 2.987921 1.258165 2.909177
v 2.987921 1.239439 2.909177
v 3.000199 1.241575 2.909177
v 2.975643 1.259959 2.909177
v 2.975643 1.237645 2.909177
v 2.963365 1.258165 2.909177
v 2.963365 1.239439 2.909177
v 2.951087 1.256029 2.909177
v 2.951087 1.241575 2.909177
v 3.000199 1.256029 2.914595
v 2.987921 1.258165 2.914595
v 2.987921 1.239439 2.914595
v 3.000199 1.241575 2.914595
v 2.975643 1.259959 2.914595
v 2.975643 1.237645 2.914595
v 2.963365 1.258165 2.914595
v 2.963365 1.239439 2.914595
v 2.951087 1.256029 2.914595
v 2.951087 1.241575 2.914595
v 2.951087 1.248801 2.914595
v 2.951087 1.248801 2.909177
v 2.954707 1.248801 2.909177
v 2.957792 1.248801 2.891412
v 2.966717 1.248801 2.886276
v 2.975643 1.248801 2.886276
v 2.984569 1.248801 2.886276
v 2.993494 1.248801 2.891412
v 2.996579 1.248801 2.909177
v 3.000199 1.248801 2.909177
v 3.000199 1.248801 2.914595
v 2.938101 1.063621 2.943499
v 2.944453 1.076088 2.943499
v 2.954347 1.085981 2.943499
v 2.966814 1.092334 2.943499
v 2.980633 1.094522 2.943499
v 2.994452 1.092334 2.943499
v 3.006919 1.085981 2.943499
v 3.016813 1.076088 2.943499
v 3.023165 1.063621 2.943499
v 3.025354 1.049801 2.943499
v 3.023165 1.035981 2.943499
v 3.016813 1.023515 2.943499
v 3.006919 1.013621 2.943499
v 2.994452 1.007269 2.943499
v 2.980633 1.005080 2.943499
v 2.966814 1.007269 2.943499
v 2.954347 1.013621 2.943499
v 2.944453 1.023515 2.943499
v 2.938101 1.035981 2.943499
v 2.935912 1.049801 2.943499
v 2.938101 1.063621 2.935870
v 2.944453 1.076088 2.935870
v 2.954347 1.085981 2.935870
v 2.966814 1.092334 2.935870
v 2.980633 1.094522 2.935870
v 2.994452 1.092334 2.935870
v 3.006919 1.085981 2.935870
v 3.016813 1.076088 2.935870
v 3.023165 1.063621 2.935870
v 3.025354 1.049801 2.935870
v 3.023165 1.035981 2.935870
v 3.016813 1.023515 2.935870
v 3.006919 1.013621 2.935870
v 2.994452 1.007269 2.935870
v 2.980633 1.005080 2.935870
v 2.966814 1.007269 2.935870
v 2.954347 1.013621 2.935870
v 2.944453 1.023515 2.935870
v 2.938101 1.035981 2.935870
v 2.935912 1.049801 2.935870
v 2.947182 1.060670 2.935870
v 2.952178 1.070475 2.935870
v 2.959959 1.078256 2.935870
v 2.969764 1.083252 2.935870
v 2.980633 1.084973 2.935870
v 2.991502 1.083252 2.935870
v 3.001307 1.078256 2.935870
v 3.009088 1.070475 2.935870
v 3.014084 1.060670 2.935870
v 3.015805 1.049801 2.935870
v 3.014084 1.038932 2.935870
v 3.009088 1.029128 2.935870
v 3.001307 1.021346 2.935870
v 2.991502 1.016350 2.935870
v 2.980633 1.014629 2.935870
v 2.969764 1.016350 2.935870
v 2.959959 1.021346 2.935870
v 2.952178 1.029128 2.935870
v 2.947182 1.038932 2.935870
v 2.945461 1.049801 2.935870
v 2.951857 1.049801 2.922734
v 2.953264 1.058694 2.922734
v 2.957352 1.066716 2.922734
v 2.963718 1.073082 2.922734
v 2.971741 1.077170 2.922734
v 2.980633 1.078578 2.922734
v 2.989525 1.077170 2.922734
v 2.997548 1.073082 2.922734
v 3.003913 1.066716 2.922734
v 3.007994 1.058694 2.922734
v 3.009409 1.049801 2.922734
v 3.007994 1.040909 2.922734
v 3.003913 1.032886 2.922734
v 2.997548 1.026520 2.922734
v 2.989525 1.022432 2.922734
v 2.980633 1.021025 2.922734
v 2.971741 1.022432 2.922734
v 2.963718 1.026520 2.922734
v 2.957352 1.032886 2.922734
v 2.953264 1.040909 2.922734
v 2.954967 1.049801 2.922734
v 2.956223 1.057732 2.922734
v 2.959869 1.064888 2.922734
v 2.965547 1.070565 2.922734
v 2.972702 1.074211 2.922734
v 2.980633 1.075467 2.922734
v 2.988564 1.074211 2.922734
v 2.995719 1.070565 2.922734
v 3.001397 1.064888 2.922734
v 3.005043 1.057732 2.922734
v 3.006299 1.049801 2.922734
v 3.005043 1.041870 2.922734
v 3.001397 1.034715 2.922734
v 2.995719 1.029037 2.922734
v 2.988564 1.025391 2.922734
v 2.980633 1.024135 2.922734
v 2.972702 1.025391 2.922734
v 2.965547 1.029037 2.922734
v 2.959869 1.034715 2.922734
v 2.956223 1.041870 2.922734
v 2.960577 1.049801 2.927406
v 2.961558 1.055999 2.927406
v 2.964407 1.061590 2.927406
v 2.968844 1.066027 2.927406
v 2.974435 1.068876 2.927406
v 2.980633 1.069857 2.927406
v 2.986831 1.068876 2.927406
v 2.992422 1.066027 2.927406
v 2.996859 1.061590 2.927406
v 2.999701 1.055999 2.927406
v 3.000689 1.049801 2.927406
v 2.999701 1.043603 2.927406
v 2.996859 1.038012 2.927406
v 2.992422 1.033575 2.927406
v 2.986831 1.030726 2.927406
v 2.980633 1.029746 2.927406
v 2.974435 1.030726 2.927406
v 2.968844 1.033575 2.927406
v 2.964407 1.038012 2.927406
v 2.961558 1.043603 2.927406
v 2.980633 1.049801 2.927406
v 2.963018 1.032512 2.874800
v 2.987704 1.032512 2.874800
v 2.963018 1.032512 2.929080
v 2.987704 1.032512 2.929080
v 2.963018 1.067624 2.929080
v 2.987704 1.067624 2.929080
v 2.963018 1.067625 2.874800
v 2.987704 1.067625 2.874800
v 3.002127 1.050068 2.929080
v 2.963018 1.050068 2.929080
v 2.963018 1.050068 2.874800
v 3.002127 1.050068 2.874800
v 2.998399 1.058846 2.929080
v 2.963018 1.058846 2.929080
v 2.963018 1.058846 2.874800
v 2.998399 1.058846 2.874800
v 2.998399 1.041290 2.929080
v 2.963018 1.041290 2.929080
v 2.963018 1.041290 2.874800
v 2.998399 1.041290 2.874800
v 2.970878 1.067624 2.929080
v 2.970878 1.067625 2.874800
v 2.970878 1.058846 2.874800
v 2.970878 1.050068 2.874800
v 2.970878 1.041290 2.874800
v 2.970878 1.032512 2.874800
v 2.970878 1.032512 2.929080
v 2.970878 1.041290 2.929080
v 2.970878 1.050068 2.929080
v 2.970878 1.058846 2.929080
v 2.987704 1.058846 2.874800
v 2.987704 1.050068 2.874800
v 2.987704 1.041290 2.874800
v 2.987704 1.041290 2.929080
v 2.987704 1.050068 2.929080
v 2.987704 1.058846 2.929080
v 2.970878 1.066458 2.890797
v 2.963018 1.066458 2.890797
v 2.963018 1.058846 2.890797
v 2.963018 1.050068 2.890797
v 2.963018 1.041290 2.890797
v 2.963018 1.033679 2.890797
v 2.970878 1.033679 2.890797
v 2.987704 1.033679 2.890797
v 2.998399 1.041874 2.890797
v 3.002127 1.050068 2.890797
v 2.998399 1.058264 2.890797
v 2.987704 1.066458 2.890797
v 2.877197 1.059663 2.880831
v 2.877197 1.054865 2.880831
v 2.883964 1.054865 2.890797
v 2.883964 1.059663 2.890797
v 2.877197 1.050068 2.880831
v 2.883964 1.050068 2.890797
v 2.877197 1.045271 2.880831
v 2.883964 1.045271 2.890797
v 2.877197 1.040474 2.880831
v 2.883964 1.040474 2.890797
v 2.888443 1.060340 2.890797
v 2.888443 1.055204 2.890797
v 2.888443 1.050068 2.890797
v 2.888443 1.044932 2.890797
v 2.888443 1.039796 2.890797
v 2.888443 1.039796 2.877816
v 2.888443 1.044932 2.877816
v 2.888443 1.050068 2.877816
v 2.888443 1.055204 2.877816
v 2.888443 1.060340 2.877816
v 2.851765 1.059663 2.926497
v 2.851765 1.054865 2.926497
v 2.854123 1.054865 2.931867
v 2.854123 1.059663 2.931867
v 2.851765 1.050068 2.926497
v 2.854123 1.050068 2.931867
v 2.851765 1.045271 2.926497
v 2.854123 1.045271 2.931867
v 2.851765 1.040474 2.926497
v 2.854123 1.040474 2.931867
v 3.046699 1.507550 2.940334
v 1.890911 1.507550 2.940334
v 3.046699 2.227521 2.940334
v 1.890911 2.227522 2.940334
v 2.203826 1.507550 2.940334
v 2.203826 2.227522 2.940334
v 2.203826 2.311261 2.940334
v 2.203826 -0.000000 2.940333
v 2.733783 1.507550 2.940334
v 2.733783 2.227522 2.940334
v 2.733783 2.311261 2.940334
v 2.733783 -0.000001 2.940333
v 2.733783 2.227522 2.910714
v 2.203826 2.227522 2.910714
v 2.733783 1.507550 2.910714
v 2.203826 1.507550 2.910714
v 2.702555 2.192044 2.910714
v 2.235054 2.192044 2.910714
v 2.702555 1.543028 2.910714
v 2.235054 1.543028 2.910714
v 2.702555 2.192044 2.940475
v 2.235054 2.192044 2.940475
v 2.702555 1.543028 2.940475
v 2.235054 1.543028 2.940475
v 1.890911 0.000000 3.209732
v 1.775881 0.000000 3.209732
v 1.775881 2.415630 3.209732
v 1.775881 2.415630 2.816572
v 1.890911 0.000000 2.816572
v 1.775881 0.000000 2.816572
v 1.890911 2.300601 2.816572
v 1.890911 2.300601 3.209732
v 3.041208 0.000000 3.209732
v 3.156237 0.000000 3.209732
v 3.156237 2.415630 3.209732
v 3.156237 2.415630 2.816572
v 3.041208 0.000000 2.816572
v 3.156237 0.000000 2.816572
v 3.041208 2.300601 2.816572
v 3.041208 2.300601 3.209732
vt 0.192179 0.005559
vt 0.192463 0.005705
vt 0.191838 0.007599
vt 0.191523 0.007549
vt 0.193418 0.003868
vt 0.193643 0.004095
vt 0.195121 0.002642
vt 0.195265 0.002928
vt 0.197121 0.002001
vt 0.197170 0.002316
vt 0.199224 0.002009
vt 0.199173 0.002323
vt 0.201223 0.002667
vt 0.201077 0.002951
vt 0.202916 0.003915
vt 0.202684 0.004140
vt 0.204099 0.005636
vt 0.203819 0.005775
vt 0.204781 0.007611
vt 0.204459 0.007660
vt 0.204713 0.009723
vt 0.204400 0.009665
vt 0.204045 0.011705
vt 0.203764 0.011555
vt 0.202807 0.013384
vt 0.202584 0.013156
vt 0.201112 0.014600
vt 0.200970 0.014313
vt 0.199125 0.015233
vt 0.199079 0.014917
vt 0.197039 0.015222
vt 0.197090 0.014907
vt 0.195056 0.014567
vt 0.195202 0.014283
vt 0.193372 0.013331
vt 0.193599 0.013106
vt 0.192151 0.011634
vt 0.192436 0.011490
vt 0.191513 0.009642
vt 0.191829 0.009593
vt 0.194484 0.006734
vt 0.194080 0.007954
vt 0.193744 0.007901
vt 0.194181 0.006580
vt 0.195246 0.005698
vt 0.195006 0.005458
vt 0.196291 0.004947
vt 0.196137 0.004644
vt 0.197518 0.004554
vt 0.197465 0.004220
vt 0.198805 0.004561
vt 0.198860 0.004227
vt 0.200024 0.004966
vt 0.200183 0.004664
vt 0.201058 0.005728
vt 0.201300 0.005492
vt 0.201798 0.006776
vt 0.202103 0.006626
vt 0.202179 0.008002
vt 0.202510 0.007950
vt 0.202181 0.009285
vt 0.202522 0.009339
vt 0.201764 0.010502
vt 0.202064 0.010659
vt 0.200999 0.011534
vt 0.201236 0.011777
vt 0.199956 0.012281
vt 0.200108 0.012585
vt 0.198735 0.012670
vt 0.198786 0.013007
vt 0.197454 0.012663
vt 0.197400 0.013000
vt 0.196239 0.012261
vt 0.196084 0.012564
vt 0.195207 0.011502
vt 0.194966 0.011742
vt 0.194460 0.010460
vt 0.194157 0.010615
vt 0.194071 0.009238
vt 0.193735 0.009291
vt 0.190363 0.004657
vt 0.191970 0.002450
vt 0.194182 0.000846
vt 0.196783 0.000003
vt 0.199522 0.000005
vt 0.202133 0.000855
vt 0.204366 0.002474
vt 0.206021 0.004697
vt 0.206691 0.007371
vt 0.206691 0.010070
vt 0.205844 0.012636
vt 0.204241 0.014819
vt 0.202039 0.016405
vt 0.199454 0.017236
vt 0.196735 0.017229
vt 0.194149 0.016382
vt 0.191949 0.014778
vt 0.190352 0.012571
vt 0.189513 0.009978
vt 0.189517 0.007251
vt 0.198127 0.008608
vt 0.194439 0.004894
vt 0.193467 0.006219
vt 0.195774 0.003932
vt 0.197341 0.003430
vt 0.198989 0.003436
vt 0.200551 0.003953
vt 0.201872 0.004928
vt 0.202819 0.006268
vt 0.203334 0.007825
vt 0.203285 0.009468
vt 0.202770 0.011029
vt 0.201797 0.012348
vt 0.200468 0.013302
vt 0.198909 0.013800
vt 0.197273 0.013792
vt 0.195720 0.013279
vt 0.194400 0.012310
vt 0.193443 0.010980
vt 0.192944 0.009419
vt 0.192952 0.007778
vt 0.000000 0.604099
vt 0.130476 0.604099
vt 0.130476 0.865015
vt 0.000000 0.865015
vt 0.188733 0.005436
vt 0.189142 0.004451
vt 0.189717 0.004599
vt 0.189153 0.005796
vt 0.091772 0.007678
vt 0.091204 0.006773
vt 0.093770 0.006891
vt 0.093718 0.008191
vt 0.186907 0.006259
vt 0.186642 0.004990
vt 0.188421 0.001690
vt 0.186468 0.001170
vt 0.186821 0.000590
vt 0.188781 0.001271
vt 0.187349 0.006778
vt 0.091075 0.005848
vt 0.091051 0.004918
vt 0.093554 0.004377
vt 0.093727 0.005629
vt 0.189118 0.003520
vt 0.186470 0.003738
vt 0.186425 0.002474
vt 0.188989 0.002596
vt 0.189759 0.003470
vt 0.189534 0.002362
vt 0.091461 0.003932
vt 0.093288 0.003109
vt 0.094049 0.007066
vt 0.094025 0.008441
vt 0.186645 0.006557
vt 0.186396 0.005211
vt 0.187127 0.007072
vt 0.093551 0.002811
vt 0.093800 0.004157
vt 0.186156 0.000911
vt 0.186543 0.000338
vt 0.186148 0.002302
vt 0.094674 0.007070
vt 0.094625 0.008585
vt 0.186115 0.006826
vt 0.185762 0.005327
vt 0.186676 0.007473
vt 0.094081 0.002541
vt 0.094434 0.004040
vt 0.185568 0.000801
vt 0.185971 0.000000
vt 0.185523 0.002303
vt 0.094070 0.005597
vt 0.186127 0.003770
vt 0.094674 0.005548
vt 0.185523 0.003821
vt 0.093069 0.002296
vt 0.093520 0.001895
vt 0.092847 0.002589
vt 0.091041 0.003572
vt 0.090476 0.004770
vt 0.090434 0.005899
vt 0.090659 0.007007
vt 0.091413 0.008099
vt 0.093373 0.008780
vt 0.093656 0.009033
vt 0.094185 0.009335
vt 0.099342 0.006703
vt 0.098776 0.008445
vt 0.098016 0.008063
vt 0.098501 0.006574
vt 0.097699 0.009928
vt 0.097095 0.009329
vt 0.096217 0.011005
vt 0.095827 0.010248
vt 0.094474 0.011571
vt 0.094337 0.010731
vt 0.092642 0.011571
vt 0.092771 0.010730
vt 0.090900 0.011004
vt 0.091282 0.010245
vt 0.089418 0.009928
vt 0.090016 0.009323
vt 0.088341 0.008445
vt 0.089097 0.008056
vt 0.087775 0.006703
vt 0.088614 0.006566
vt 0.087775 0.004871
vt 0.088615 0.005000
vt 0.088341 0.003128
vt 0.089100 0.003511
vt 0.089418 0.001646
vt 0.090022 0.002245
vt 0.090900 0.000569
vt 0.091290 0.001325
vt 0.092642 0.000003
vt 0.092779 0.000843
vt 0.094474 0.000003
vt 0.094345 0.000844
vt 0.096217 0.000569
vt 0.095834 0.001329
vt 0.097699 0.001646
vt 0.097100 0.002250
vt 0.098776 0.003128
vt 0.098020 0.003518
vt 0.099342 0.004871
vt 0.098503 0.005008
vt 0.097064 0.007578
vt 0.097446 0.006407
vt 0.096339 0.008574
vt 0.095341 0.009296
vt 0.094170 0.009676
vt 0.092938 0.009674
vt 0.091767 0.009292
vt 0.090772 0.008567
vt 0.090049 0.007570
vt 0.089670 0.006398
vt 0.089671 0.005167
vt 0.090053 0.003996
vt 0.090778 0.003000
vt 0.091775 0.002277
vt 0.092947 0.001898
vt 0.094179 0.001899
vt 0.095349 0.002281
vt 0.096345 0.003006
vt 0.097068 0.004004
vt 0.097447 0.005175
vt 0.109337 0.005560
vt 0.108868 0.007005
vt 0.107439 0.006300
vt 0.107761 0.005330
vt 0.107975 0.008234
vt 0.106834 0.007122
vt 0.106745 0.009127
vt 0.106004 0.007717
vt 0.105300 0.009597
vt 0.105031 0.008027
vt 0.103781 0.009597
vt 0.104010 0.008020
vt 0.102336 0.009128
vt 0.103041 0.007699
vt 0.101107 0.008235
vt 0.102219 0.007094
vt 0.100214 0.007006
vt 0.101624 0.006264
vt 0.099744 0.005561
vt 0.101315 0.005291
vt 0.099744 0.004042
vt 0.101321 0.004270
vt 0.100213 0.002597
vt 0.101643 0.003301
vt 0.101105 0.001367
vt 0.102247 0.002478
vt 0.102335 0.000473
vt 0.103076 0.001883
vt 0.103780 0.000003
vt 0.104050 0.001574
vt 0.105300 0.000003
vt 0.105071 0.001580
vt 0.106745 0.000472
vt 0.106040 0.001901
vt 0.107975 0.001366
vt 0.106862 0.002507
vt 0.108868 0.002595
vt 0.107457 0.003336
vt 0.109337 0.004040
vt 0.107767 0.004309
vt 0.107141 0.006145
vt 0.107429 0.005276
vt 0.106598 0.006883
vt 0.105853 0.007417
vt 0.104981 0.007694
vt 0.104065 0.007689
vt 0.103196 0.007400
vt 0.102458 0.006857
vt 0.101924 0.006113
vt 0.101646 0.005240
vt 0.101652 0.004325
vt 0.101940 0.003455
vt 0.102483 0.002717
vt 0.103227 0.002184
vt 0.104100 0.001906
vt 0.105016 0.001911
vt 0.105885 0.002200
vt 0.106623 0.002743
vt 0.107157 0.003487
vt 0.107435 0.004360
vt 0.106445 0.005790
vt 0.106657 0.005153
vt 0.106046 0.006330
vt 0.105499 0.006720
vt 0.104859 0.006923
vt 0.104188 0.006917
vt 0.103551 0.006704
vt 0.103011 0.006305
vt 0.102621 0.005759
vt 0.102419 0.005119
vt 0.102424 0.004447
vt 0.102637 0.003810
vt 0.103035 0.003270
vt 0.103582 0.002880
vt 0.104222 0.002678
vt 0.104893 0.002683
vt 0.105530 0.002896
vt 0.106070 0.003295
vt 0.106461 0.003841
vt 0.106663 0.004482
vt 0.104541 0.004800
vt 0.083096 0.016658
vt 0.083614 0.017492
vt 0.080382 0.020439
vt 0.079795 0.019732
vt 0.185498 0.004325
vt 0.185498 0.005212
vt 0.184507 0.005212
vt 0.184507 0.004325
vt 0.094925 0.013968
vt 0.094969 0.014875
vt 0.090600 0.014886
vt 0.090442 0.013917
vt 0.085780 0.015505
vt 0.086094 0.016225
vt 0.085188 0.016620
vt 0.084843 0.015911
vt 0.084859 0.019123
vt 0.086059 0.020175
vt 0.082846 0.023161
vt 0.081679 0.021974
vt 0.184507 0.000003
vt 0.185366 0.000003
vt 0.183516 0.004325
vt 0.183516 0.005212
vt 0.182525 0.005212
vt 0.182525 0.004325
vt 0.182525 0.000003
vt 0.183516 0.000003
vt 0.087683 0.014793
vt 0.087921 0.015548
vt 0.087007 0.015882
vt 0.086727 0.015135
vt 0.094897 0.019658
vt 0.090389 0.019496
vt 0.090576 0.018487
vt 0.094978 0.018548
vt 0.181534 0.005212
vt 0.181534 0.004325
vt 0.181665 0.000003
vt 0.088654 0.014485
vt 0.088864 0.015235
vt 0.090788 0.016904
vt 0.095048 0.016881
vt 0.086871 0.020805
vt 0.083652 0.023929
vt 0.089173 0.016890
vt 0.088404 0.017209
vt 0.087621 0.017564
vt 0.086796 0.017807
vt 0.085984 0.018049
vt 0.185498 0.007112
vt 0.184507 0.007112
vt 0.183516 0.007112
vt 0.182525 0.007112
vt 0.181534 0.007112
vt 0.088861 0.018237
vt 0.088248 0.019195
vt 0.087147 0.018870
vt 0.184507 0.008319
vt 0.183516 0.008740
vt 0.182525 0.008319
vt 0.082568 0.000627
vt 0.082032 0.000815
vt 0.081798 0.000190
vt 0.082323 0.000000
vt 0.081500 0.001010
vt 0.081268 0.000384
vt 0.080970 0.001212
vt 0.080741 0.000584
vt 0.080442 0.001420
vt 0.080220 0.000781
vt 0.084423 0.007202
vt 0.084968 0.006965
vt 0.208309 0.013283
vt 0.209168 0.013328
vt 0.208038 0.021699
vt 0.207459 0.021669
vt 0.086068 0.006001
vt 0.083871 0.007418
vt 0.207320 0.013231
vt 0.206880 0.021638
vt 0.083310 0.007613
vt 0.206330 0.013179
vt 0.206301 0.021608
vt 0.082742 0.007787
vt 0.081280 0.007765
vt 0.205472 0.013134
vt 0.205722 0.021578
vt 0.207935 0.022200
vt 0.207394 0.022172
vt 0.206853 0.022143
vt 0.206313 0.022115
vt 0.205772 0.022087
vt 0.081289 0.007037
vt 0.082517 0.006769
vt 0.083002 0.006572
vt 0.083491 0.006386
vt 0.083984 0.006211
vt 0.084482 0.006048
vt 0.085588 0.005452
vt 0.207636 0.027923
vt 0.207095 0.027895
vt 0.082929 0.000054
vt 0.206554 0.027866
vt 0.206013 0.027838
vt 0.079795 0.001224
vt 0.205472 0.027810
vt 0.130476 0.694829
vt 0.000000 0.694829
vt 0.130476 0.613552
vt 0.000000 0.613552
vt 0.069714 0.091748
vt 0.069849 0.009863
vt 0.035325 0.604099
vt 0.035325 0.865015
vt 0.009420 0.092183
vt 0.009541 0.010286
vt 0.095151 0.604099
vt 0.095151 0.865015
vt 0.072155 0.007561
vt 0.007065 0.008185
vt 0.007121 0.094490
vt 0.072188 0.093852
vt 0.068132 0.003463
vt 0.003452 0.012368
vt 0.011142 0.098588
vt 0.075801 0.089676
vt 0.068735 0.083508
vt 0.000000 0.012294
vt 0.011279 0.102048
vt 0.079253 0.089757
vt 0.095151 0.694829
vt 0.095151 0.613552
vt 0.035325 0.613552
vt 0.035325 0.694829
vt 0.068575 0.101439
vt 0.068735 0.010241
vt 0.067994 0.000003
vt 0.079253 0.012004
vt 0.000022 0.090056
vt 0.015959 0.010241
vt 0.068463 0.097990
vt 0.010678 0.000599
vt 0.015959 0.083508
vt 0.003482 0.090141
vt 0.075794 0.011913
vt 0.010791 0.004048
vt 0.896861 0.272702
vt 0.896861 0.428529
vt 0.852477 0.428529
vt 0.852477 0.272702
vt 0.041579 0.591113
vt 0.171435 0.591113
vt 0.184420 0.604099
vt 0.028593 0.604099
vt 0.968676 0.612194
vt 0.968676 0.871907
vt 0.924293 0.871907
vt 0.924293 0.612194
vt 0.896861 0.701227
vt 0.852477 0.701227
vt 0.171435 0.331400
vt 0.184420 0.331400
vt 0.838344 0.214635
vt 0.793961 0.214635
vt 0.793961 0.084779
vt 0.838344 0.084779
vt 0.852477 0.000003
vt 0.896861 0.000003
vt 0.928282 0.000003
vt 0.972666 0.000003
vt 0.972666 0.259716
vt 0.928282 0.259716
vt 0.028593 0.331400
vt 0.041579 0.331400
vn -0.668298 0.217143 -0.711496
vn -0.193720 0.062943 -0.979036
vn -0.203690 -0.000001 -0.979035
vn -0.702688 -0.000002 -0.711498
vn -0.193720 0.062943 -0.979036
vn -0.668298 0.217143 -0.711496
vn -0.568493 0.413034 -0.711490
vn -0.164789 0.119726 -0.979035
vn -0.164789 0.119726 -0.979035
vn -0.568493 0.413034 -0.711490
vn -0.413038 0.568500 -0.711482
vn -0.119727 0.164790 -0.979035
vn -0.119727 0.164790 -0.979035
vn -0.413038 0.568500 -0.711482
vn -0.217148 0.668316 -0.711478
vn -0.062943 0.193722 -0.979035
vn -0.062943 0.193722 -0.979035
vn -0.217148 0.668316 -0.711478
vn -0.000000 0.702709 -0.711477
vn -0.000000 0.203688 -0.979036
vn -0.000000 0.203688 -0.979036
vn -0.000000 0.702709 -0.711477
vn 0.217151 0.668315 -0.711477
vn 0.062944 0.193720 -0.979036
vn 0.062944 0.193720 -0.979036
vn 0.217151 0.668315 -0.711477
vn 0.413037 0.568496 -0.711486
vn 0.119726 0.164789 -0.979035
vn 0.119726 0.164789 -0.979035
vn 0.413037 0.568496 -0.711486
vn 0.568487 0.413032 -0.711496
vn 0.164789 0.119727 -0.979035
vn 0.164789 0.119727 -0.979035
vn 0.568487 0.413032 -0.711496
vn 0.668298 0.217142 -0.711496
vn 0.193721 0.062943 -0.979035
vn 0.193721 0.062943 -0.979035
vn 0.668298 0.217142 -0.711496
vn 0.702685 0.000000 -0.711501
vn 0.203689 0.000000 -0.979036
vn 0.203689 0.000000 -0.979036
vn 0.702685 0.000000 -0.711501
vn 0.668295 -0.217144 -0.711499
vn 0.193720 -0.062942 -0.979036
vn 0.193720 -0.062942 -0.979036
vn 0.668295 -0.217144 -0.711499
vn 0.568484 -0.413029 -0.711500
vn 0.164788 -0.119725 -0.979036
vn 0.164788 -0.119725 -0.979036
vn 0.568484 -0.413029 -0.711500
vn 0.413016 -0.568479 -0.711512
vn 0.119723 -0.164787 -0.979036
vn 0.119723 -0.164787 -0.979036
vn 0.413016 -0.568479 -0.711512
vn 0.217143 -0.668288 -0.711505
vn 0.062944 -0.193720 -0.979036
vn 0.062944 -0.193720 -0.979036
vn 0.217143 -0.668288 -0.711505
vn -0.000000 -0.702690 -0.711496
vn -0.000000 -0.203692 -0.979035
vn -0.000000 -0.203692 -0.979035
vn -0.000000 -0.702690 -0.711496
vn -0.217142 -0.668289 -0.711505
vn -0.062944 -0.193720 -0.979036
vn -0.062944 -0.193720 -0.979036
vn -0.217142 -0.668289 -0.711505
vn -0.413014 -0.568475 -0.711516
vn -0.119724 -0.164786 -0.979036
vn -0.119724 -0.164786 -0.979036
vn -0.413014 -0.568475 -0.711516
vn -0.568481 -0.413024 -0.711506
vn -0.164787 -0.119725 -0.979036
vn -0.164787 -0.119725 -0.979036
vn -0.568481 -0.413024 -0.711506
vn -0.668297 -0.217146 -0.711496
vn -0.193720 -0.062942 -0.979036
vn -0.193720 -0.062942 -0.979036
vn -0.668297 -0.217146 -0.711496
vn -0.702688 -0.000002 -0.711498
vn -0.203690 -0.000001 -0.979035
vn -0.128920 0.041888 -0.990770
vn -0.135555 0.000000 -0.990770
vn -0.982641 -0.000001 -0.185519
vn -0.934547 0.303651 -0.185520
vn -0.109666 0.079676 -0.990770
vn -0.128920 0.041888 -0.990770
vn -0.934547 0.303651 -0.185520
vn -0.794975 0.577581 -0.185513
vn -0.079677 0.109668 -0.990770
vn -0.109666 0.079676 -0.990770
vn -0.794975 0.577581 -0.185513
vn -0.577582 0.794975 -0.185512
vn -0.041888 0.128922 -0.990770
vn -0.079677 0.109668 -0.990770
vn -0.577582 0.794975 -0.185512
vn -0.303649 0.934549 -0.185515
vn -0.000000 0.135555 -0.990770
vn -0.041888 0.128922 -0.990770
vn -0.303649 0.934549 -0.185515
vn -0.000000 0.982642 -0.185514
vn 0.041891 0.128922 -0.990770
vn -0.000000 0.135555 -0.990770
vn -0.000000 0.982642 -0.185514
vn 0.303654 0.934547 -0.185518
vn 0.079676 0.109665 -0.990770
vn 0.041891 0.128922 -0.990770
vn 0.303654 0.934547 -0.185518
vn 0.577579 0.794974 -0.185524
vn 0.109666 0.079678 -0.990770
vn 0.079676 0.109665 -0.990770
vn 0.577579 0.794974 -0.185524
vn 0.794970 0.577585 -0.185523
vn 0.128921 0.041889 -0.990770
vn 0.109666 0.079678 -0.990770
vn 0.794970 0.577585 -0.185523
vn 0.934547 0.303651 -0.185520
vn 0.135555 0.000000 -0.990770
vn 0.128921 0.041889 -0.990770
vn 0.934547 0.303651 -0.185520
vn 0.982641 0.000000 -0.185520
vn 0.128921 -0.041888 -0.990770
vn 0.135555 0.000000 -0.990770
vn 0.982641 0.000000 -0.185520
vn 0.934546 -0.303654 -0.185521
vn 0.109666 -0.079677 -0.990770
vn 0.128921 -0.041888 -0.990770
vn 0.934546 -0.303654 -0.185521
vn 0.794972 -0.577583 -0.185518
vn 0.079679 -0.109667 -0.990770
vn 0.109666 -0.079677 -0.990770
vn 0.794972 -0.577583 -0.185518
vn 0.577585 -0.794970 -0.185520
vn 0.041890 -0.128921 -0.990770
vn 0.079679 -0.109667 -0.990770
vn 0.577585 -0.794970 -0.185520
vn 0.303653 -0.934545 -0.185527
vn -0.000000 -0.135556 -0.990770
vn 0.041890 -0.128921 -0.990770
vn 0.303653 -0.934545 -0.185527
vn -0.000000 -0.982639 -0.185527
vn -0.041889 -0.128921 -0.990770
vn -0.000000 -0.135556 -0.990770
vn -0.000000 -0.982639 -0.185527
vn -0.303652 -0.934545 -0.185532
vn -0.079678 -0.109667 -0.990770
vn -0.041889 -0.128921 -0.990770
vn -0.303652 -0.934545 -0.185532
vn -0.577586 -0.794969 -0.185524
vn -0.109666 -0.079677 -0.990770
vn -0.079678 -0.109667 -0.990770
vn -0.577586 -0.794969 -0.185524
vn -0.794975 -0.577580 -0.185518
vn -0.128920 -0.041888 -0.990770
vn -0.109666 -0.079677 -0.990770
vn -0.794975 -0.577580 -0.185518
vn -0.934546 -0.303656 -0.185520
vn -0.135555 0.000000 -0.990770
vn -0.128920 -0.041888 -0.990770
vn -0.934546 -0.303656 -0.185520
vn -0.982641 -0.000001 -0.185519
vn -0.951057 0.309016 0.000000
vn -0.809018 0.587784 0.000000
vn -0.809018 0.587784 0.000000
vn -0.951057 0.309016 0.000000
vn -0.809018 0.587784 0.000000
vn -0.587786 0.809017 0.000000
vn -0.587786 0.809017 0.000000
vn -0.809018 0.587784 0.000000
vn -0.587786 0.809017 0.000000
vn -0.309015 0.951057 0.000000
vn -0.309015 0.951057 0.000000
vn -0.587786 0.809017 0.000000
vn -0.309015 0.951057 0.000000
vn 0.000000 1.000000 0.000000
vn 0.000000 1.000000 0.000000
vn -0.309015 0.951057 0.000000
vn 0.000000 1.000000 0.000000
vn 0.309018 0.951056 -0.000000
vn 0.309018 0.951056 -0.000000
vn 0.000000 1.000000 0.000000
vn 0.309018 0.951056 -0.000000
vn 0.587785 0.809017 -0.000000
vn 0.587785 0.809017 -0.000000
vn 0.309018 0.951056 -0.000000
vn 0.587785 0.809017 -0.000000
vn 0.809017 0.587786 -0.000000
vn 0.809017 0.587786 -0.000000
vn 0.587785 0.809017 -0.000000
vn 0.809017 0.587786 -0.000000
vn 0.809017 0.587786 -0.000000
vn 0.951057 0.309016 -0.000000
vn 0.951057 0.309016 -0.000000
vn 0.951057 0.309016 -0.000000
vn 1.000000 0.000000 -0.000000
vn 1.000000 0.000000 -0.000000
vn 0.951057 0.309016 -0.000000
vn 1.000000 0.000000 -0.000000
vn 0.951057 -0.309016 -0.000000
vn 0.951057 -0.309016 -0.000000
vn 1.000000 0.000000 -0.000000
vn 0.951057 -0.309016 -0.000000
vn 0.809017 -0.587786 -0.000000
vn 0.809017 -0.587786 -0.000000
vn 0.951057 -0.309016 -0.000000
vn 0.809017 -0.587786 -0.000000
vn 0.587781 -0.809020 -0.000000
vn 0.587781 -0.809020 -0.000000
vn 0.809017 -0.587786 -0.000000
vn 0.587781 -0.809020 -0.000000
vn 0.309018 -0.951056 -0.000000
vn 0.309018 -0.951056 -0.000000
vn 0.587781 -0.809020 -0.000000
vn 0.309018 -0.951056 -0.000000
vn -0.000000 -1.000000 -0.000000
vn -0.000000 -1.000000 -0.000000
vn 0.309018 -0.951056 -0.000000
vn -0.000000 -1.000000 -0.000000
vn -0.309018 -0.951056 0.000000
vn -0.309018 -0.951056 0.000000
vn -0.000000 -1.000000 -0.000000
vn -0.309018 -0.951056 0.000000
vn -0.587782 -0.809020 0.000000
vn -0.587782 -0.809020 0.000000
vn -0.309018 -0.951056 0.000000
vn -0.587782 -0.809020 0.000000
vn -0.809017 -0.587785 0.000000
vn -0.809017 -0.587785 0.000000
vn -0.587782 -0.809020 0.000000
vn -0.809017 -0.587785 0.000000
vn -0.951057 -0.309017 0.000000
vn -0.951057 -0.309017 0.000000
vn -0.809017 -0.587785 0.000000
vn -0.951057 -0.309017 0.000000
vn -1.000000 -0.000001 0.000000
vn -1.000000 -0.000001 0.000000
vn -0.951057 -0.309017 0.000000
vn -1.000000 -0.000001 0.000000
vn -0.951057 0.309016 0.000000
vn -0.951057 0.309016 0.000000
vn -1.000000 -0.000001 0.000000
vn -0.128920 0.041888 -0.990770
vn -0.109666 0.079676 -0.990770
vn -0.000000 0.000000 -1.000000
vn -0.109666 0.079676 -0.990770
vn -0.079677 0.109668 -0.990770
vn -0.000000 0.000000 -1.000000
vn -0.079677 0.109668 -0.990770
vn -0.041888 0.128922 -0.990770
vn -0.000000 0.000000 -1.000000
vn -0.041888 0.128922 -0.990770
vn -0.000000 0.135555 -0.990770
vn -0.000000 0.000000 -1.000000
vn -0.000000 0.135555 -0.990770
vn 0.041891 0.128922 -0.990770
vn -0.000000 0.000000 -1.000000
vn 0.041891 0.128922 -0.990770
vn 0.079676 0.109665 -0.990770
vn -0.000000 0.000000 -1.000000
vn 0.079676 0.109665 -0.990770
vn 0.109666 0.079678 -0.990770
vn -0.000000 0.000000 -1.000000
vn 0.109666 0.079678 -0.990770
vn 0.128921 0.041889 -0.990770
vn -0.000000 0.000000 -1.000000
vn 0.128921 0.041889 -0.990770
vn 0.135555 0.000000 -0.990770
vn -0.000000 0.000000 -1.000000
vn 0.135555 0.000000 -0.990770
vn 0.128921 -0.041888 -0.990770
vn -0.000000 0.000000 -1.000000
vn 0.128921 -0.041888 -0.990770
vn 0.109666 -0.079677 -0.990770
vn -0.000000 0.000000 -1.000000
vn 0.109666 -0.079677 -0.990770
vn 0.079679 -0.109667 -0.990770
vn -0.000000 0.000000 -1.000000
vn 0.079679 -0.109667 -0.990770
vn 0.041890 -0.128921 -0.990770
vn -0.000000 0.000000 -1.000000
vn 0.041890 -0.128921 -0.990770
vn -0.000000 -0.135556 -0.990770
vn -0.000000 0.000000 -1.000000
vn -0.000000 -0.135556 -0.990770
vn -0.041889 -0.128921 -0.990770
vn -0.000000 0.000000 -1.000000
vn -0.041889 -0.128921 -0.990770
vn -0.079678 -0.109667 -0.990770
vn -0.000000 0.000000 -1.000000
vn -0.079678 -0.109667 -0.990770
vn -0.109666 -0.079677 -0.990770
vn -0.000000 0.000000 -1.000000
vn -0.109666 -0.079677 -0.990770
vn -0.128920 -0.041888 -0.990770
vn -0.000000 0.000000 -1.000000
vn -0.128920 -0.041888 -0.990770
vn -0.135555 0.000000 -0.990770
vn -0.000000 0.000000 -1.000000
vn -0.135555 0.000000 -0.990770
vn -0.128920 0.041888 -0.990770
vn -0.000000 0.000000 -1.000000
vn -0.193720 0.062943 -0.979036
vn -0.164789 0.119726 -0.979035
vn -0.000000 0.000000 -1.000000
vn -0.000000 0.000000 -1.000000
vn -0.164789 0.119726 -0.979035
vn -0.119727 0.164790 -0.979035
vn -0.000000 0.000000 -1.000000
vn -0.000000 0.000000 -1.000000
vn -0.119727 0.164790 -0.979035
vn -0.062943 0.193722 -0.979035
vn -0.000000 0.000000 -1.000000
vn -0.000000 0.000000 -1.000000
vn -0.062943 0.193722 -0.979035
vn -0.000000 0.203688 -0.979036
vn -0.000000 0.000000 -1.000000
vn -0.000000 0.000000 -1.000000
vn -0.000000 0.203688 -0.979036
vn 0.062944 0.193720 -0.979036
vn -0.000000 0.000000 -1.000000
vn -0.000000 0.000000 -1.000000
vn 0.062944 0.193720 -0.979036
vn 0.119726 0.164789 -0.979035
vn -0.000000 0.000000 -1.000000
vn -0.000000 0.000000 -1.000000
vn 0.119726 0.164789 -0.979035
vn 0.164789 0.119727 -0.979035
vn -0.000000 0.000000 -1.000000
vn -0.000000 0.000000 -1.000000
vn 0.164789 0.119727 -0.979035
vn 0.193721 0.062943 -0.979035
vn -0.000000 0.000000 -1.000000
vn -0.000000 0.000000 -1.000000
vn 0.193721 0.062943 -0.979035
vn 0.203689 0.000000 -0.979036
vn -0.000000 0.000000 -1.000000
vn -0.000000 0.000000 -1.000000
vn 0.203689 0.000000 -0.979036
vn 0.193720 -0.062942 -0.979036
vn -0.000000 0.000000 -1.000000
vn -0.000000 0.000000 -1.000000
vn 0.193720 -0.062942 -0.979036
vn 0.164788 -0.119725 -0.979036
vn -0.000000 0.000000 -1.000000
vn -0.000000 0.000000 -1.000000
vn 0.164788 -0.119725 -0.979036
vn 0.119723 -0.164787 -0.979036
vn -0.000000 0.000000 -1.000000
vn -0.000000 0.000000 -1.000000
vn 0.119723 -0.164787 -0.979036
vn 0.062944 -0.193720 -0.979036
vn -0.000000 0.000000 -1.000000
vn -0.000000 0.000000 -1.000000
vn 0.062944 -0.193720 -0.979036
vn -0.000000 -0.203692 -0.979035
vn -0.000000 0.000000 -1.000000
vn -0.000000 0.000000 -1.000000
vn -0.000000 -0.203692 -0.979035
vn -0.062944 -0.193720 -0.979036
vn -0.000000 0.000000 -1.000000
vn -0.000000 0.000000 -1.000000
vn -0.062944 -0.193720 -0.979036
vn -0.119724 -0.164786 -0.979036
vn -0.000000 0.000000 -1.000000
vn -0.000000 0.000000 -1.000000
vn -0.119724 -0.164786 -0.979036
vn -0.164787 -0.119725 -0.979036
vn -0.000000 0.000000 -1.000000
vn -0.000000 0.000000 -1.000000
vn -0.164787 -0.119725 -0.979036
vn -0.193720 -0.062942 -0.979036
vn -0.000000 0.000000 -1.000000
vn -0.000000 0.000000 -1.000000
vn -0.193720 -0.062942 -0.979036
vn -0.203690 -0.000001 -0.979035
vn -0.000000 0.000000 -1.000000
vn -0.000000 0.000000 -1.000000
vn -0.203690 -0.000001 -0.979035
vn -0.193720 0.062943 -0.979036
vn -0.000000 0.000000 -1.000000
vn -0.000000 0.000000 -1.000000
vn -0.951057 0.309015 0.000000
vn -0.809018 0.587784 0.000000
vn -0.794975 0.577581 -0.185513
vn -0.934547 0.303651 -0.185520
vn -0.809018 0.587784 0.000000
vn -0.587783 0.809018 0.000000
vn -0.577582 0.794975 -0.185512
vn -0.794975 0.577581 -0.185513
vn -0.587783 0.809018 0.000000
vn -0.309013 0.951058 0.000000
vn -0.303649 0.934549 -0.185515
vn -0.577582 0.794975 -0.185512
vn -0.309013 0.951058 0.000000
vn 0.000000 1.000000 0.000000
vn -0.000000 0.982642 -0.185514
vn -0.303649 0.934549 -0.185515
vn 0.000000 1.000000 0.000000
vn 0.309017 0.951057 -0.000000
vn 0.303654 0.934547 -0.185518
vn -0.000000 0.982642 -0.185514
vn 0.309017 0.951057 -0.000000
vn 0.587783 0.809018 -0.000000
vn 0.577579 0.794974 -0.185524
vn 0.303654 0.934547 -0.185518
vn 0.587783 0.809018 -0.000000
vn 0.809014 0.587789 -0.000000
vn 0.794970 0.577585 -0.185523
vn 0.577579 0.794974 -0.185524
vn 0.809014 0.587789 -0.000000
vn 0.951057 0.309015 -0.000000
vn 0.934547 0.303651 -0.185520
vn 0.794970 0.577585 -0.185523
vn 0.934547 0.303651 -0.185520
vn 0.951057 0.309015 -0.000000
vn 1.000000 0.000000 -0.000000
vn 0.982641 0.000000 -0.185520
vn 1.000000 0.000000 -0.000000
vn 0.951056 -0.309018 -0.000000
vn 0.934546 -0.303654 -0.185521
vn 0.982641 0.000000 -0.185520
vn 0.951056 -0.309018 -0.000000
vn 0.809016 -0.587786 -0.000000
vn 0.794972 -0.577583 -0.185518
vn 0.934546 -0.303654 -0.185521
vn 0.809016 -0.587786 -0.000000
vn 0.587789 -0.809014 -0.000000
vn 0.577585 -0.794970 -0.185520
vn 0.794972 -0.577583 -0.185518
vn 0.587789 -0.809014 -0.000000
vn 0.309017 -0.951057 -0.000000
vn 0.303653 -0.934545 -0.185527
vn 0.577585 -0.794970 -0.185520
vn 0.309017 -0.951057 -0.000000
vn -0.000000 -1.000000 -0.000000
vn -0.000000 -0.982639 -0.185527
vn 0.303653 -0.934545 -0.185527
vn -0.000000 -1.000000 -0.000000
vn -0.309018 -0.951056 0.000000
vn -0.303652 -0.934545 -0.185532
vn -0.000000 -0.982639 -0.185527
vn -0.309018 -0.951056 0.000000
vn -0.587791 -0.809013 0.000000
vn -0.577586 -0.794969 -0.185524
vn -0.303652 -0.934545 -0.185532
vn -0.587791 -0.809013 0.000000
vn -0.809018 -0.587783 0.000000
vn -0.794975 -0.577580 -0.185518
vn -0.577586 -0.794969 -0.185524
vn -0.809018 -0.587783 0.000000
vn -0.951056 -0.309020 0.000000
vn -0.934546 -0.303656 -0.185520
vn -0.794975 -0.577580 -0.185518
vn -0.951056 -0.309020 0.000000
vn -1.000000 -0.000001 0.000000
vn -0.982641 -0.000001 -0.185519
vn -0.934546 -0.303656 -0.185520
vn -1.000000 -0.000001 0.000000
vn -0.951057 0.309015 0.000000
vn -0.934547 0.303651 -0.185520
vn -0.982641 -0.000001 -0.185519
vn 0.000000 0.000000 -1.000000
vn -0.000000 0.000000 -1.000000
vn 0.000000 0.000000 -1.000000
vn 0.000000 0.000000 -1.000000
vn 0.888618 0.000000 -0.458647
vn 0.274587 0.000000 -0.961562
vn 0.275426 0.000000 -0.961322
vn 0.887833 0.000000 -0.460166
vn 0.098666 0.993175 -0.062196
vn 0.069681 0.993701 -0.087767
vn 0.075841 0.993714 -0.082351
vn 0.098666 0.993175 -0.062196
vn 0.098666 -0.993175 -0.062192
vn 0.075841 -0.993714 -0.082351
vn 0.069681 -0.993701 -0.087768
vn 0.098666 -0.993175 -0.062192
vn -0.888618 0.000000 -0.458647
vn -0.985253 0.000000 -0.171103
vn -0.985253 0.000000 -0.171103
vn -0.887833 0.000000 -0.460166
vn 0.985253 0.000000 -0.171103
vn 0.888618 0.000000 -0.458647
vn 0.887833 0.000000 -0.460166
vn 0.985253 0.000000 -0.171103
vn -0.000000 0.994877 -0.101097
vn -0.069681 0.993701 -0.087766
vn -0.075841 0.993714 -0.082349
vn -0.000000 0.994877 -0.101097
vn -0.000000 -0.994876 -0.101101
vn -0.000000 -0.994876 -0.101101
vn -0.075841 -0.993713 -0.082352
vn -0.069681 -0.993701 -0.087769
vn -0.000000 0.000000 -1.000000
vn -0.000000 0.000000 -1.000000
vn -0.274587 0.000000 -0.961562
vn -0.275425 0.000000 -0.961323
vn 0.069681 0.993701 -0.087767
vn -0.000000 0.994877 -0.101097
vn -0.000000 0.994877 -0.101097
vn 0.075841 0.993714 -0.082351
vn 0.069681 -0.993701 -0.087768
vn 0.075841 -0.993714 -0.082351
vn -0.000000 -0.994876 -0.101101
vn -0.000000 -0.994876 -0.101101
vn 0.275426 0.000000 -0.961322
vn 0.274587 0.000000 -0.961562
vn -0.000000 0.000000 -1.000000
vn -0.000000 0.000000 -1.000000
vn -0.069681 0.993701 -0.087766
vn -0.098666 0.993175 -0.062192
vn -0.098666 0.993175 -0.062192
vn -0.075841 0.993714 -0.082349
vn -0.069681 -0.993701 -0.087769
vn -0.075841 -0.993713 -0.082352
vn -0.098666 -0.993175 -0.062193
vn -0.098666 -0.993175 -0.062193
vn -0.275425 0.000000 -0.961323
vn -0.274587 0.000000 -0.961562
vn -0.888618 0.000000 -0.458647
vn -0.887833 0.000000 -0.460166
vn -0.000000 0.000000 -1.000000
vn -0.000000 0.000000 -1.000000
vn -0.000000 0.000000 -1.000000
vn -0.000000 0.000000 -1.000000
vn -0.000000 0.000000 -1.000000
vn 0.000001 0.000000 -1.000000
vn 0.000001 0.000000 -1.000000
vn -0.000000 0.000000 -1.000000
vn 0.000001 0.000000 -1.000000
vn 0.000001 0.000000 -1.000000
vn 0.000001 0.000000 -1.000000
vn 0.000001 0.000000 -1.000000
vn -0.000000 0.000000 -1.000000
vn -0.000000 0.000000 -1.000000
vn -0.000000 0.000000 -1.000000
vn -0.000000 0.000000 -1.000000
vn -0.000000 0.000000 -1.000000
vn -0.000000 0.000000 -1.000000
vn -0.000000 0.000000 -1.000000
vn -0.000000 0.000000 -1.000000
vn -0.000000 0.000000 -1.000000
vn -0.000000 0.000000 -1.000000
vn -0.000000 0.000000 -1.000000
vn -0.000000 0.000000 -1.000000
vn 0.171402 0.985201 -0.000000
vn 0.158022 0.987436 -0.000000
vn 0.158022 0.987436 -0.000000
vn 0.171402 0.985201 -0.000000
vn 0.158022 -0.987436 -0.000000
vn 0.171402 -0.985201 -0.000000
vn 0.171402 -0.985201 -0.000000
vn 0.158022 -0.987436 -0.000000
vn 1.000000 0.000000 -0.000000
vn 1.000000 0.000000 -0.000000
vn 1.000000 0.000000 -0.000000
vn 1.000000 0.000000 -0.000000
vn -0.158022 0.987436 0.000000
vn -0.171402 0.985201 0.000000
vn -0.171402 0.985201 0.000000
vn -0.158022 0.987436 0.000000
vn -1.000000 0.000000 0.000000
vn -1.000000 0.000000 0.000000
vn -1.000000 0.000000 0.000000
vn -1.000000 0.000000 0.000000
vn -0.171402 -0.985201 0.000000
vn -0.158022 -0.987436 0.000000
vn -0.158022 -0.987436 0.000000
vn -0.171402 -0.985201 0.000000
vn -0.000000 0.000000 -1.000000
vn -0.000000 0.000000 -1.000000
vn -0.000000 0.000000 -1.000000
vn -0.000000 0.000000 -1.000000
vn -0.000000 0.000000 -1.000000
vn -0.000000 0.000000 -1.000000
vn -0.000000 0.000000 -1.000000
vn -0.000000 0.000000 -1.000000
vn -0.000000 0.000000 -1.000000
vn -0.000000 0.000000 -1.000000
vn -0.000000 0.000000 -1.000000
vn -0.000000 0.000000 -1.000000
vn -0.000000 0.000000 -1.000000
vn -0.000000 0.000000 -1.000000
vn -0.000000 0.000000 -1.000000
vn -0.000000 0.000000 -1.000000
vn 0.158022 0.987436 -0.000000
vn 0.000000 1.000000 0.000000
vn 0.000000 1.000000 0.000000
vn 0.158022 0.987436 -0.000000
vn 0.000000 1.000000 0.000000
vn 0.000000 1.000000 0.000000
vn -0.158022 0.987436 0.000000
vn -0.158022 0.987436 0.000000
vn -0.158022 -0.987436 0.000000
vn -0.000000 -1.000000 -0.000000
vn -0.000000 -1.000000 -0.000000
vn -0.158022 -0.987436 0.000000
vn -0.000000 -1.000000 -0.000000
vn -0.000000 -1.000000 -0.000000
vn 0.158022 -0.987436 -0.000000
vn 0.158022 -0.987436 -0.000000
vn -1.000000 0.000000 0.000000
vn -1.000000 0.000000 0.000000
vn -1.000000 0.000000 0.000000
vn -1.000000 0.000000 0.000000
vn -0.000000 0.000000 -1.000000
vn -0.000000 0.000000 -1.000000
vn -0.000000 0.000000 -1.000000
vn -0.000000 0.000000 -1.000000
vn -0.887833 0.000000 -0.460166
vn -0.985253 0.000000 -0.171103
vn -0.985253 0.000000 -0.171102
vn -0.888616 0.000000 -0.458651
vn -0.274580 0.000000 -0.961564
vn -0.275425 0.000000 -0.961323
vn -0.887833 0.000000 -0.460166
vn -0.888616 0.000000 -0.458651
vn -0.000000 0.000000 -1.000000
vn -0.000000 0.000000 -1.000000
vn -0.275425 0.000000 -0.961323
vn -0.274580 0.000000 -0.961564
vn 0.274580 0.000000 -0.961564
vn 0.275426 0.000000 -0.961322
vn -0.000000 0.000000 -1.000000
vn -0.000000 0.000000 -1.000000
vn 0.887833 0.000000 -0.460166
vn 0.275426 0.000000 -0.961322
vn 0.274580 0.000000 -0.961564
vn 0.888616 0.000000 -0.458651
vn 0.985253 0.000000 -0.171103
vn 0.887833 0.000000 -0.460166
vn 0.888616 0.000000 -0.458651
vn 0.985253 0.000000 -0.171102
vn 0.000001 0.000000 -1.000000
vn 0.000001 0.000000 -1.000000
vn -0.000000 0.000000 -1.000000
vn -0.000000 0.000000 -1.000000
vn 1.000000 0.000000 -0.000000
vn 1.000000 0.000000 -0.000000
vn 1.000000 0.000000 -0.000000
vn 1.000000 0.000000 -0.000000
vn -0.951056 0.309019 0.000000
vn -0.809015 0.587788 0.000000
vn -0.809015 0.587788 0.000000
vn -0.951056 0.309019 0.000000
vn -0.809015 0.587788 0.000000
vn -0.587785 0.809018 0.000000
vn -0.587785 0.809017 0.000000
vn -0.809015 0.587788 0.000000
vn -0.587785 0.809018 0.000000
vn -0.309020 0.951056 0.000000
vn -0.309020 0.951056 0.000000
vn -0.587785 0.809017 0.000000
vn -0.309020 0.951056 0.000000
vn 0.000000 1.000000 0.000000
vn 0.000000 1.000000 0.000000
vn -0.309020 0.951056 0.000000
vn 0.000000 1.000000 0.000000
vn 0.309020 0.951056 -0.000000
vn 0.309020 0.951056 -0.000000
vn 0.000000 1.000000 0.000000
vn 0.309020 0.951056 -0.000000
vn 0.587788 0.809015 -0.000000
vn 0.587788 0.809015 -0.000000
vn 0.309020 0.951056 -0.000000
vn 0.587788 0.809015 -0.000000
vn 0.809017 0.587785 -0.000000
vn 0.809017 0.587785 -0.000000
vn 0.587788 0.809015 -0.000000
vn 0.809017 0.587785 -0.000000
vn 0.951056 0.309019 -0.000000
vn 0.951056 0.309019 -0.000000
vn 0.809017 0.587785 -0.000000
vn 0.951056 0.309019 -0.000000
vn 1.000000 0.000000 -0.000000
vn 1.000000 0.000000 -0.000000
vn 0.951056 0.309019 -0.000000
vn 1.000000 0.000000 -0.000000
vn 0.951057 -0.309017 -0.000000
vn 0.951057 -0.309017 -0.000000
vn 1.000000 0.000000 -0.000000
vn 0.951057 -0.309017 -0.000000
vn 0.809015 -0.587788 -0.000000
vn 0.809015 -0.587788 -0.000000
vn 0.951057 -0.309017 -0.000000
vn 0.809015 -0.587788 -0.000000
vn 0.587782 -0.809019 -0.000000
vn 0.587782 -0.809019 -0.000000
vn 0.809015 -0.587788 -0.000000
vn 0.587782 -0.809019 -0.000000
vn 0.309020 -0.951056 -0.000000
vn 0.309020 -0.951056 -0.000000
vn 0.587782 -0.809019 -0.000000
vn 0.309020 -0.951056 -0.000000
vn -0.000000 -1.000000 -0.000000
vn -0.000000 -1.000000 -0.000000
vn 0.309020 -0.951056 -0.000000
vn -0.000000 -1.000000 -0.000000
vn -0.309020 -0.951056 0.000000
vn -0.309020 -0.951056 0.000000
vn -0.000000 -1.000000 -0.000000
vn -0.309020 -0.951056 0.000000
vn -0.587782 -0.809020 0.000000
vn -0.587782 -0.809020 0.000000
vn -0.309020 -0.951056 0.000000
vn -0.587782 -0.809020 0.000000
vn -0.809015 -0.587788 0.000000
vn -0.809015 -0.587788 0.000000
vn -0.587782 -0.809020 0.000000
vn -0.809015 -0.587788 0.000000
vn -0.951056 -0.309019 0.000000
vn -0.951056 -0.309019 0.000000
vn -0.809015 -0.587788 0.000000
vn -0.951056 -0.309019 0.000000
vn -1.000000 0.000000 0.000000
vn -1.000000 0.000000 0.000000
vn -0.951056 -0.309019 0.000000
vn -1.000000 0.000000 0.000000
vn -0.951056 0.309019 0.000000
vn -0.951056 0.309019 0.000000
vn -1.000000 0.000000 0.000000
vn -0.000000 0.000000 -1.000000
vn -0.000000 0.000001 -1.000000
vn -0.442336 0.321378 -0.837290
vn -0.520002 0.168953 -0.837289
vn -0.000000 0.000001 -1.000000
vn -0.000001 0.000002 -1.000000
vn -0.321381 0.442340 -0.837287
vn -0.442336 0.321378 -0.837290
vn -0.000001 0.000002 -1.000000
vn -0.000001 0.000003 -1.000000
vn -0.168947 0.519996 -0.837294
vn -0.321381 0.442340 -0.837287
vn -0.000001 0.000003 -1.000000
vn -0.000000 0.000003 -1.000000
vn -0.000000 0.546761 -0.837289
vn -0.168947 0.519996 -0.837294
vn -0.000000 0.000003 -1.000000
vn 0.000001 0.000003 -1.000000
vn 0.168948 0.519998 -0.837292
vn -0.000000 0.546761 -0.837289
vn 0.000001 0.000003 -1.000000
vn 0.000001 0.000002 -1.000000
vn 0.321379 0.442333 -0.837292
vn 0.168948 0.519998 -0.837292
vn 0.000001 0.000002 -1.000000
vn -0.000000 0.000001 -1.000000
vn 0.442336 0.321374 -0.837292
vn 0.321379 0.442333 -0.837292
vn -0.000000 0.000001 -1.000000
vn -0.000000 0.000000 -1.000000
vn 0.519997 0.168953 -0.837292
vn 0.442336 0.321374 -0.837292
vn -0.000000 0.000000 -1.000000
vn -0.000000 0.000000 -1.000000
vn 0.546751 0.000000 -0.837295
vn 0.519997 0.168953 -0.837292
vn -0.000000 0.000000 -1.000000
vn -0.000000 0.000000 -1.000000
vn 0.519991 -0.168953 -0.837296
vn 0.546751 0.000000 -0.837295
vn -0.000000 0.000000 -1.000000
vn -0.000000 0.000000 -1.000000
vn 0.442334 -0.321377 -0.837292
vn 0.519991 -0.168953 -0.837296
vn -0.000000 0.000000 -1.000000
vn -0.000000 0.000000 -1.000000
vn 0.321377 -0.442331 -0.837293
vn 0.442334 -0.321377 -0.837292
vn -0.000000 0.000000 -1.000000
vn -0.000000 0.000000 -1.000000
vn 0.168950 -0.519999 -0.837292
vn 0.321377 -0.442331 -0.837293
vn -0.000000 0.000000 -1.000000
vn -0.000000 0.000000 -1.000000
vn -0.000000 -0.546751 -0.837295
vn 0.168950 -0.519999 -0.837292
vn -0.000000 0.000000 -1.000000
vn -0.000000 0.000000 -1.000000
vn -0.168951 -0.520001 -0.837290
vn -0.000000 -0.546751 -0.837295
vn -0.000000 0.000000 -1.000000
vn -0.000000 0.000000 -1.000000
vn -0.321379 -0.442337 -0.837289
vn -0.168951 -0.520001 -0.837290
vn -0.000000 0.000000 -1.000000
vn -0.000000 0.000000 -1.000000
vn -0.442336 -0.321377 -0.837291
vn -0.321379 -0.442337 -0.837289
vn -0.000000 0.000000 -1.000000
vn -0.000000 0.000000 -1.000000
vn -0.519997 -0.168953 -0.837292
vn -0.442336 -0.321377 -0.837291
vn -0.000000 0.000000 -1.000000
vn -0.000000 0.000000 -1.000000
vn -0.546751 0.000000 -0.837295
vn -0.519997 -0.168953 -0.837292
vn -0.000000 0.000000 -1.000000
vn -0.000000 0.000000 -1.000000
vn -0.520002 0.168953 -0.837289
vn -0.546751 0.000000 -0.837295
vn -0.546751 0.000000 -0.837295
vn -0.520002 0.168953 -0.837289
vn -0.855098 0.277828 -0.437742
vn -0.899098 0.000000 -0.437748
vn -0.520002 0.168953 -0.837289
vn -0.442336 0.321378 -0.837290
vn -0.727386 0.528488 -0.437732
vn -0.855098 0.277828 -0.437742
vn -0.442336 0.321378 -0.837290
vn -0.321381 0.442340 -0.837287
vn -0.528485 0.727388 -0.437733
vn -0.727386 0.528488 -0.437732
vn -0.321381 0.442340 -0.837287
vn -0.168947 0.519996 -0.837294
vn -0.277821 0.855099 -0.437745
vn -0.528485 0.727388 -0.437733
vn -0.168947 0.519996 -0.837294
vn -0.000000 0.546761 -0.837289
vn -0.000000 0.899100 -0.437744
vn -0.277821 0.855099 -0.437745
vn -0.000000 0.546761 -0.837289
vn 0.168948 0.519998 -0.837292
vn 0.277821 0.855101 -0.437742
vn -0.000000 0.899100 -0.437744
vn 0.168948 0.519998 -0.837292
vn 0.321379 0.442333 -0.837292
vn 0.528489 0.727386 -0.437732
vn 0.277821 0.855101 -0.437742
vn 0.321379 0.442333 -0.837292
vn 0.442336 0.321374 -0.837292
vn 0.727390 0.528483 -0.437732
vn 0.528489 0.727386 -0.437732
vn 0.442336 0.321374 -0.837292
vn 0.519997 0.168953 -0.837292
vn 0.855096 0.277831 -0.437744
vn 0.727390 0.528483 -0.437732
vn 0.519997 0.168953 -0.837292
vn 0.546751 0.000000 -0.837295
vn 0.899098 0.000000 -0.437748
vn 0.855096 0.277831 -0.437744
vn 0.546751 0.000000 -0.837295
vn 0.519991 -0.168953 -0.837296
vn 0.855094 -0.277833 -0.437748
vn 0.899098 0.000000 -0.437748
vn 0.519991 -0.168953 -0.837296
vn 0.442334 -0.321377 -0.837292
vn 0.727383 -0.528486 -0.437741
vn 0.855094 -0.277833 -0.437748
vn 0.442334 -0.321377 -0.837292
vn 0.321377 -0.442331 -0.837293
vn 0.528487 -0.727384 -0.437738
vn 0.727383 -0.528486 -0.437741
vn 0.321377 -0.442331 -0.837293
vn 0.168950 -0.519999 -0.837292
vn 0.277825 -0.855098 -0.437745
vn 0.528487 -0.727384 -0.437738
vn 0.168950 -0.519999 -0.837292
vn -0.000000 -0.546751 -0.837295
vn -0.000000 -0.899097 -0.437750
vn 0.277825 -0.855098 -0.437745
vn -0.000000 -0.546751 -0.837295
vn -0.168951 -0.520001 -0.837290
vn -0.277824 -0.855099 -0.437744
vn -0.000000 -0.899097 -0.437750
vn -0.168951 -0.520001 -0.837290
vn -0.321379 -0.442337 -0.837289
vn -0.528485 -0.727386 -0.437736
vn -0.277824 -0.855099 -0.437744
vn -0.321379 -0.442337 -0.837289
vn -0.442336 -0.321377 -0.837291
vn -0.727384 -0.528483 -0.437743
vn -0.528485 -0.727386 -0.437736
vn -0.442336 -0.321377 -0.837291
vn -0.519997 -0.168953 -0.837292
vn -0.855096 -0.277829 -0.437747
vn -0.727384 -0.528483 -0.437743
vn -0.519997 -0.168953 -0.837292
vn -0.546751 0.000000 -0.837295
vn -0.899098 0.000000 -0.437748
vn -0.855096 -0.277829 -0.437747
vn -0.000001 0.000000 -1.000000
vn -0.000002 -0.000002 -1.000000
vn -0.000002 -0.000002 -1.000000
vn -0.000001 0.000000 -1.000000
vn -0.000002 -0.000002 -1.000000
vn -0.000001 -0.000002 -1.000000
vn -0.000001 -0.000002 -1.000000
vn -0.000002 -0.000002 -1.000000
vn -0.000001 -0.000002 -1.000000
vn -0.000000 0.000000 -1.000000
vn -0.000000 0.000000 -1.000000
vn -0.000001 -0.000002 -1.000000
vn -0.000000 0.000000 -1.000000
vn -0.000000 0.000000 -1.000000
vn -0.000000 0.000000 -1.000000
vn -0.000000 0.000000 -1.000000
vn -0.000000 0.000000 -1.000000
vn -0.000000 0.000000 -1.000000
vn -0.000000 0.000000 -1.000000
vn -0.000000 0.000000 -1.000000
vn -0.000000 0.000000 -1.000000
vn 0.000001 0.000000 -1.000000
vn 0.000001 0.000000 -1.000000
vn -0.000000 0.000000 -1.000000
vn 0.000001 0.000000 -1.000000
vn -0.000000 0.000000 -1.000000
vn -0.000000 0.000000 -1.000000
vn 0.000001 0.000000 -1.000000
vn -0.000000 0.000000 -1.000000
vn 0.000001 -0.000002 -1.000000
vn 0.000001 -0.000002 -1.000000
vn -0.000000 0.000000 -1.000000
vn 0.000001 -0.000002 -1.000000
vn 0.000001 -0.000002 -1.000000
vn 0.000001 -0.000002 -1.000000
vn 0.000001 -0.000002 -1.000000
vn 0.000001 -0.000002 -1.000000
vn -0.000000 0.000000 -1.000000
vn -0.000000 0.000000 -1.000000
vn 0.000001 -0.000002 -1.000000
vn -0.000000 0.000000 -1.000000
vn -0.000000 0.000000 -1.000000
vn -0.000000 0.000000 -1.000000
vn -0.000000 0.000000 -1.000000
vn -0.000000 0.000000 -1.000000
vn -0.000000 0.000000 -1.000000
vn -0.000000 0.000000 -1.000000
vn -0.000000 0.000000 -1.000000
vn -0.000000 0.000000 -1.000000
vn 0.000001 0.000001 -1.000000
vn 0.000001 0.000001 -1.000000
vn -0.000000 0.000000 -1.000000
vn 0.000001 0.000001 -1.000000
vn 0.000001 0.000001 -1.000000
vn 0.000001 0.000001 -1.000000
vn 0.000001 0.000001 -1.000000
vn 0.000001 0.000001 -1.000000
vn -0.000000 0.000000 -1.000000
vn -0.000000 0.000000 -1.000000
vn 0.000001 0.000001 -1.000000
vn -0.000000 0.000000 -1.000000
vn -0.000001 0.000001 -1.000000
vn -0.000001 0.000001 -1.000000
vn -0.000000 0.000000 -1.000000
vn -0.000001 0.000001 -1.000000
vn -0.000001 0.000001 -1.000000
vn -0.000001 0.000001 -1.000000
vn -0.000001 0.000001 -1.000000
vn -0.000001 0.000001 -1.000000
vn -0.000000 0.000000 -1.000000
vn -0.000000 0.000000 -1.000000
vn -0.000001 0.000001 -1.000000
vn -0.000000 0.000000 -1.000000
vn -0.000000 0.000000 -1.000000
vn -0.000000 0.000000 -1.000000
vn -0.000000 0.000000 -1.000000
vn -0.000000 0.000000 -1.000000
vn -0.000001 0.000000 -1.000000
vn -0.000001 0.000000 -1.000000
vn -0.000000 0.000000 -1.000000
vn 0.639882 0.000000 -0.768473
vn 0.608557 -0.197718 -0.768483
vn 0.608557 -0.197716 -0.768483
vn 0.639882 0.000000 -0.768473
vn 0.608557 -0.197718 -0.768483
vn 0.517659 -0.376109 -0.768486
vn 0.517659 -0.376108 -0.768486
vn 0.608557 -0.197716 -0.768483
vn 0.517659 -0.376109 -0.768486
vn 0.376116 -0.517665 -0.768479
vn 0.376118 -0.517664 -0.768479
vn 0.517659 -0.376108 -0.768486
vn 0.376116 -0.517665 -0.768479
vn 0.197708 -0.608558 -0.768484
vn 0.197704 -0.608560 -0.768484
vn 0.376118 -0.517664 -0.768479
vn 0.197708 -0.608558 -0.768484
vn -0.000000 -0.639875 -0.768479
vn -0.000000 -0.639875 -0.768479
vn 0.197704 -0.608560 -0.768484
vn -0.000000 -0.639875 -0.768479
vn -0.197708 -0.608555 -0.768487
vn -0.197704 -0.608556 -0.768487
vn -0.000000 -0.639875 -0.768479
vn -0.197708 -0.608555 -0.768487
vn -0.376116 -0.517661 -0.768482
vn -0.376118 -0.517659 -0.768482
vn -0.197704 -0.608556 -0.768487
vn -0.376116 -0.517661 -0.768482
vn -0.517663 -0.376108 -0.768484
vn -0.517663 -0.376108 -0.768484
vn -0.376118 -0.517659 -0.768482
vn -0.517663 -0.376108 -0.768484
vn -0.608557 -0.197721 -0.768482
vn -0.608557 -0.197719 -0.768483
vn -0.517663 -0.376108 -0.768484
vn -0.608557 -0.197721 -0.768482
vn -0.639878 0.000000 -0.768476
vn -0.639878 0.000000 -0.768476
vn -0.608557 -0.197719 -0.768483
vn -0.639878 0.000000 -0.768476
vn -0.608551 0.197720 -0.768487
vn -0.608552 0.197716 -0.768487
vn -0.639878 0.000000 -0.768476
vn -0.608551 0.197720 -0.768487
vn -0.517662 0.376115 -0.768482
vn -0.517661 0.376116 -0.768482
vn -0.608552 0.197716 -0.768487
vn -0.517662 0.376115 -0.768482
vn -0.376111 0.517667 -0.768480
vn -0.376112 0.517667 -0.768480
vn -0.517661 0.376116 -0.768482
vn -0.376111 0.517667 -0.768480
vn -0.197715 0.608556 -0.768484
vn -0.197712 0.608557 -0.768484
vn -0.376112 0.517667 -0.768480
vn -0.197715 0.608556 -0.768484
vn -0.000000 0.639881 -0.768474
vn -0.000000 0.639881 -0.768474
vn -0.197712 0.608557 -0.768484
vn -0.000000 0.639881 -0.768474
vn 0.197712 0.608557 -0.768485
vn 0.197709 0.608558 -0.768485
vn -0.000000 0.639881 -0.768474
vn 0.197712 0.608557 -0.768485
vn 0.376109 0.517668 -0.768480
vn 0.376110 0.517667 -0.768480
vn 0.197709 0.608558 -0.768485
vn 0.376109 0.517668 -0.768480
vn 0.517664 0.376112 -0.768481
vn 0.517664 0.376113 -0.768481
vn 0.376110 0.517667 -0.768480
vn 0.517664 0.376112 -0.768481
vn 0.608555 0.197719 -0.768484
vn 0.608556 0.197715 -0.768484
vn 0.517664 0.376113 -0.768481
vn 0.608555 0.197719 -0.768484
vn 0.639882 0.000000 -0.768473
vn 0.639882 0.000000 -0.768473
vn 0.608556 0.197715 -0.768484
vn -0.000002 0.000000 -1.000000
vn -0.000003 -0.000003 -1.000000
vn -0.000000 -0.000001 -1.000000
vn -0.000003 -0.000003 -1.000000
vn -0.000002 -0.000003 -1.000000
vn -0.000000 -0.000001 -1.000000
vn -0.000002 -0.000003 -1.000000
vn -0.000000 0.000000 -1.000000
vn -0.000000 -0.000001 -1.000000
vn -0.000000 0.000000 -1.000000
vn -0.000000 0.000000 -1.000000
vn -0.000000 -0.000001 -1.000000
vn -0.000000 0.000000 -1.000000
vn -0.000000 0.000000 -1.000000
vn -0.000000 -0.000001 -1.000000
vn -0.000000 0.000000 -1.000000
vn -0.000000 0.000000 -1.000000
vn -0.000000 -0.000001 -1.000000
vn -0.000000 0.000000 -1.000000
vn -0.000000 0.000000 -1.000000
vn -0.000000 -0.000001 -1.000000
vn -0.000000 0.000000 -1.000000
vn 0.000002 -0.000003 -1.000000
vn -0.000000 -0.000001 -1.000000
vn 0.000002 -0.000003 -1.000000
vn 0.000003 -0.000003 -1.000000
vn -0.000000 -0.000001 -1.000000
vn 0.000003 -0.000003 -1.000000
vn 0.000002 0.000000 -1.000000
vn -0.000000 -0.000001 -1.000000
vn 0.000002 0.000000 -1.000000
vn 0.000002 -0.000001 -1.000000
vn -0.000000 -0.000001 -1.000000
vn 0.000002 -0.000001 -1.000000
vn 0.000002 -0.000001 -1.000000
vn -0.000000 -0.000001 -1.000000
vn 0.000002 -0.000001 -1.000000
vn 0.000004 0.000000 -1.000000
vn -0.000000 -0.000001 -1.000000
vn 0.000004 0.000000 -1.000000
vn 0.000004 0.000001 -1.000000
vn -0.000000 -0.000001 -1.000000
vn 0.000004 0.000001 -1.000000
vn -0.000000 0.000000 -1.000000
vn -0.000000 -0.000001 -1.000000
vn -0.000000 0.000000 -1.000000
vn -0.000004 0.000001 -1.000000
vn -0.000000 -0.000001 -1.000000
vn -0.000004 0.000001 -1.000000
vn -0.000004 0.000000 -1.000000
vn -0.000000 -0.000001 -1.000000
vn -0.000004 0.000000 -1.000000
vn -0.000002 -0.000001 -1.000000
vn -0.000000 -0.000001 -1.000000
vn -0.000002 -0.000001 -1.000000
vn -0.000002 -0.000001 -1.000000
vn -0.000000 -0.000001 -1.000000
vn -0.000002 -0.000001 -1.000000
vn -0.000002 0.000000 -1.000000
vn -0.000000 -0.000001 -1.000000
vn -0.000000 -1.000000 -0.000000
vn -0.000000 -1.000000 -0.000000
vn -0.000000 -0.999536 -0.030466
vn -0.000000 -0.999536 -0.030467
vn 0.000000 0.000000 1.000000
vn 0.000000 0.000000 1.000000
vn 0.000000 -0.000022 1.000000
vn 0.000000 -0.000022 1.000000
vn -0.000000 0.999536 -0.030464
vn -0.000000 0.999536 -0.030465
vn 0.000000 1.000000 0.000002
vn 0.000000 1.000000 0.000002
vn -0.000000 0.000000 -1.000000
vn -0.000000 0.000000 -1.000000
vn -0.000000 0.000000 -1.000000
vn -0.000000 0.000000 -1.000000
vn 0.621577 -0.783353 0.000203
vn 0.763617 -0.645669 -0.000053
vn 0.760796 -0.648875 -0.012306
vn 0.621478 -0.783227 -0.017905
vn -1.000000 0.000003 -0.000001
vn -1.000000 0.000000 0.000000
vn -1.000000 0.000000 0.000000
vn -1.000000 0.000003 -0.000001
vn 0.000000 -0.000021 1.000000
vn 0.000000 -0.000021 1.000000
vn 0.000000 0.000001 1.000000
vn 0.000000 0.000001 1.000000
vn -1.000000 0.000000 -0.000001
vn -1.000000 0.000003 -0.000001
vn -1.000000 0.000003 -0.000001
vn -1.000000 0.000000 -0.000001
vn -0.000000 0.000000 -1.000000
vn -0.000000 0.000000 -1.000000
vn -0.000000 0.000000 -1.000000
vn -0.000000 0.000000 -1.000000
vn 0.999994 0.000006 -0.003348
vn 1.000000 -0.000001 -0.000000
vn 0.763618 0.645668 -0.000053
vn 0.760794 0.648877 -0.012306
vn 0.000000 0.000001 1.000000
vn 0.000000 0.000001 1.000000
vn 0.000000 0.000000 1.000000
vn 0.000000 0.000000 1.000000
vn -1.000000 0.000000 0.000000
vn -1.000000 0.000000 -0.000001
vn -1.000000 0.000000 -0.000001
vn -1.000000 0.000000 0.000000
vn -0.000000 0.000000 -1.000000
vn -0.000000 0.000000 -1.000000
vn -0.000000 0.000000 -1.000000
vn -0.000000 0.000000 -1.000000
vn 0.760794 0.648877 -0.012306
vn 0.763618 0.645668 -0.000053
vn 0.621574 0.783355 0.000204
vn 0.621474 0.783230 -0.017903
vn 0.000000 -0.000022 1.000000
vn 0.000000 -0.000022 1.000000
vn 0.000000 -0.000021 1.000000
vn 0.000000 -0.000021 1.000000
vn -1.000000 0.000003 -0.000001
vn -1.000000 0.000003 -0.000001
vn -1.000000 0.000003 -0.000001
vn -1.000000 0.000003 -0.000001
vn -0.000000 0.000000 -1.000000
vn -0.000000 0.000000 -1.000000
vn -0.000000 0.000000 -1.000000
vn -0.000000 0.000000 -1.000000
vn 0.760796 -0.648875 -0.012306
vn 0.763617 -0.645669 -0.000053
vn 1.000000 -0.000001 -0.000000
vn 0.999994 0.000006 -0.003348
vn -0.000000 0.999536 -0.030465
vn -0.000000 0.999536 -0.030466
vn 0.000000 1.000000 0.000002
vn 0.000000 1.000000 0.000002
vn -0.000000 0.000000 -1.000000
vn -0.000000 0.000000 -1.000000
vn -0.000000 0.000000 -1.000000
vn -0.000000 0.000000 -1.000000
vn -0.000000 0.000000 -1.000000
vn -0.000000 0.000000 -1.000000
vn -0.000000 0.000000 -1.000000
vn -0.000000 0.000000 -1.000000
vn -0.000000 0.000000 -1.000000
vn -0.000000 0.000000 -1.000000
vn -0.000000 0.000000 -1.000000
vn -0.000000 0.000000 -1.000000
vn -0.000000 0.000000 -1.000000
vn -0.000000 0.000000 -1.000000
vn -0.000000 0.000000 -1.000000
vn -0.000000 0.000000 -1.000000
vn -0.000000 -0.999536 -0.030466
vn -0.000000 -1.000000 -0.000000
vn -0.000000 -1.000000 -0.000000
vn -0.000000 -0.999536 -0.030466
vn 0.000000 -0.000022 1.000000
vn 0.000000 0.000000 1.000000
vn 0.000000 0.000000 1.000000
vn 0.000000 -0.000025 1.000000
vn 0.000000 -0.000021 1.000000
vn 0.000000 -0.000022 1.000000
vn 0.000000 -0.000025 1.000000
vn 0.000000 -0.000021 1.000000
vn 0.000000 0.000001 1.000000
vn 0.000000 -0.000021 1.000000
vn 0.000000 -0.000021 1.000000
vn 0.000000 0.000001 1.000000
vn 0.000000 0.000000 1.000000
vn 0.000000 0.000001 1.000000
vn 0.000000 0.000001 1.000000
vn 0.000000 0.000000 1.000000
vn -0.000000 0.000000 -1.000000
vn -0.000000 0.000000 -1.000000
vn -0.000000 0.000000 -1.000000
vn -0.000000 0.000000 -1.000000
vn -0.000000 0.000000 -1.000000
vn -0.000000 0.000000 -1.000000
vn -0.000000 0.000000 -1.000000
vn -0.000000 0.000000 -1.000000
vn -0.000000 0.000000 -1.000000
vn -0.000000 0.000000 -1.000000
vn -0.000000 0.000000 -1.000000
vn -0.000000 0.000000 -1.000000
vn -0.000000 0.000000 -1.000000
vn -0.000000 0.000000 -1.000000
vn 0.000000 -0.000025 1.000000
vn 0.000000 0.000000 1.000000
vn 0.000000 -0.000039 1.000000
vn 0.000000 -0.000021 1.000000
vn 0.000000 -0.000025 1.000000
vn 0.000000 -0.000039 1.000000
vn 0.000000 -0.000021 1.000000
vn 0.000000 0.000001 1.000000
vn 0.000000 -0.000021 1.000000
vn 0.000000 -0.000021 1.000000
vn 0.000000 0.000001 1.000000
vn 0.000000 0.000000 1.000000
vn 0.000000 0.000001 1.000000
vn 0.000000 0.000001 1.000000
vn 0.000000 1.000000 0.000002
vn 0.000000 1.000000 0.000002
vn 0.000000 0.997350 0.072758
vn 0.000000 0.997350 0.072756
vn -0.915601 -0.000021 0.402088
vn -0.915604 -0.000010 0.402081
vn -0.915604 -0.000010 0.402081
vn -0.915601 -0.000021 0.402088
vn -0.915604 -0.000010 0.402081
vn -0.915607 0.000000 0.402075
vn -0.915607 0.000000 0.402075
vn -0.915604 -0.000010 0.402081
vn -0.915607 0.000000 0.402075
vn -0.915608 0.000000 0.402073
vn -0.915608 0.000000 0.402073
vn -0.915607 0.000000 0.402075
vn -0.915608 0.000000 0.402073
vn -0.915608 0.000000 0.402072
vn -0.915608 0.000000 0.402072
vn -0.915608 0.000000 0.402073
vn 0.000000 -0.997350 0.072756
vn 0.000000 -0.997350 0.072753
vn -0.000000 -1.000000 -0.000000
vn -0.000000 -1.000000 -0.000000
vn -0.000000 -1.000000 -0.000000
vn -0.000000 -1.000000 -0.000000
vn 0.000000 -0.997350 0.072753
vn 0.000000 -0.997350 0.072752
vn 0.621006 -0.782636 0.042819
vn 0.758891 -0.650543 0.029622
vn 0.763617 -0.645669 -0.000053
vn 0.621577 -0.783353 0.000203
vn 1.000000 -0.000001 -0.000000
vn 0.763617 -0.645669 -0.000053
vn 0.758891 -0.650543 0.029622
vn 0.999968 0.000002 0.008014
vn 0.763618 0.645668 -0.000053
vn 1.000000 -0.000001 -0.000000
vn 0.999968 0.000002 0.008014
vn 0.758894 0.650540 0.029621
vn 0.621574 0.783355 0.000204
vn 0.763618 0.645668 -0.000053
vn 0.758894 0.650540 0.029621
vn 0.621006 0.782635 0.042815
vn 0.000000 1.000000 0.000002
vn 0.000000 1.000000 0.000002
vn 0.000000 0.997350 0.072759
vn 0.000000 0.997350 0.072758
vn -0.040400 0.000000 -0.999184
vn -0.040400 0.000000 -0.999184
vn -0.063450 0.000000 -0.997985
vn -0.060572 0.000000 -0.998164
vn 0.000000 -0.000005 1.000000
vn 0.000000 -0.000005 1.000000
vn 0.000000 -0.000005 1.000000
vn 0.000000 -0.000005 1.000000
vn -0.088619 0.995259 0.040075
vn -0.088619 0.995259 0.040075
vn -0.088125 0.995346 0.038997
vn -0.088021 0.995364 0.038769
vn -0.040400 0.000000 -0.999184
vn -0.040400 0.000000 -0.999184
vn -0.062439 0.000000 -0.998049
vn -0.061481 0.000000 -0.998108
vn 0.000000 0.000000 1.000000
vn 0.000000 0.000000 1.000000
vn 0.000000 0.000000 1.000000
vn 0.000000 0.000000 1.000000
vn -0.040400 0.000000 -0.999184
vn -0.040400 0.000000 -0.999184
vn -0.061481 0.000000 -0.998108
vn -0.062440 0.000000 -0.998049
vn 0.000000 0.000002 1.000000
vn 0.000000 0.000002 1.000000
vn 0.000000 0.000002 1.000000
vn 0.000000 0.000002 1.000000
vn -0.040400 0.000000 -0.999184
vn -0.040400 0.000000 -0.999184
vn -0.060573 0.000000 -0.998164
vn -0.063451 0.000000 -0.997985
vn -0.088619 -0.995259 0.040075
vn -0.088619 -0.995259 0.040075
vn -0.088020 -0.995364 0.038769
vn -0.088124 -0.995346 0.038998
vn 0.000000 0.000002 1.000000
vn 0.000000 0.000002 1.000000
vn 0.000000 0.000002 1.000000
vn 0.000000 0.000002 1.000000
vn 0.000000 -0.000005 1.000000
vn 0.000000 -0.000005 1.000000
vn -0.000003 -0.000003 1.000000
vn -0.000003 -0.000003 1.000000
vn 0.000000 0.000000 1.000000
vn 0.000000 0.000000 1.000000
vn 0.000001 0.000000 1.000000
vn 0.000001 0.000000 1.000000
vn 0.000000 0.000002 1.000000
vn 0.000000 0.000002 1.000000
vn 0.000003 0.000003 1.000000
vn 0.000003 0.000003 1.000000
vn 0.000000 0.000002 1.000000
vn 0.000000 0.000002 1.000000
vn 0.000004 0.000003 1.000000
vn 0.000004 0.000003 1.000000
vn -0.088124 -0.995346 0.038998
vn -0.088020 -0.995364 0.038769
vn -0.081203 -0.996410 0.023948
vn -0.081203 -0.996410 0.023948
vn -0.063451 0.000000 -0.997985
vn -0.060573 0.000000 -0.998164
vn -0.258949 0.000000 -0.965891
vn -0.258949 0.000000 -0.965891
vn -0.062440 0.000000 -0.998049
vn -0.061481 0.000000 -0.998108
vn -0.258955 -0.000002 -0.965889
vn -0.258955 -0.000002 -0.965889
vn -0.061481 0.000000 -0.998108
vn -0.062439 0.000000 -0.998049
vn -0.258943 0.000000 -0.965893
vn -0.258943 0.000000 -0.965893
vn -0.060572 0.000000 -0.998164
vn -0.063450 0.000000 -0.997985
vn -0.258953 0.000002 -0.965890
vn -0.258953 0.000002 -0.965890
vn -0.088021 0.995364 0.038769
vn -0.088125 0.995346 0.038997
vn -0.081218 0.996409 0.023943
vn -0.081218 0.996409 0.023943
vn -0.873654 0.000022 -0.486547
vn -0.873654 0.000022 -0.486548
vn -0.873654 0.000022 -0.486548
vn -0.873654 0.000022 -0.486547
vn 0.808999 0.000000 0.587810
vn 0.808999 0.000000 0.587810
vn 0.808999 0.000000 0.587810
vn 0.808999 0.000000 0.587810
vn 0.000000 1.000000 0.000000
vn 0.000000 1.000000 0.000000
vn 0.000000 1.000000 0.000000
vn 0.000000 1.000000 0.000000
vn -0.873653 0.000000 -0.486549
vn -0.873653 0.000000 -0.486549
vn -0.873653 0.000000 -0.486549
vn -0.873653 0.000000 -0.486549
vn 0.808998 0.000000 0.587811
vn 0.808998 0.000000 0.587811
vn 0.808998 0.000000 0.587811
vn 0.808998 0.000000 0.587811
vn -0.873650 0.000000 -0.486555
vn -0.873650 0.000000 -0.486555
vn -0.873650 0.000000 -0.486555
vn -0.873650 0.000000 -0.486555
vn 0.809003 0.000004 0.587805
vn 0.809003 0.000004 0.587805
vn 0.809003 0.000004 0.587805
vn 0.809003 0.000004 0.587805
vn -0.873653 0.000000 -0.486550
vn -0.873653 0.000000 -0.486550
vn -0.873653 0.000000 -0.486550
vn -0.873653 0.000000 -0.486550
vn 0.000003 -1.000000 0.000009
vn 0.000003 -1.000000 0.000009
vn 0.000003 -1.000000 0.000009
vn 0.000003 -1.000000 0.000009
vn 0.809002 -0.000012 0.587806
vn 0.809002 -0.000012 0.587806
vn 0.809002 -0.000012 0.587806
vn 0.809002 -0.000012 0.587806
vn -0.000000 0.000001 -1.000000
vn -0.000000 0.000001 -1.000000
vn -0.000001 0.000000 -1.000000
vn -0.000000 0.000000 -1.000000
vn 0.000000 0.000000 -1.000000
vn 0.000000 0.000000 -1.000000
vn -0.000000 0.000001 -1.000000
vn 0.000000 0.000000 -1.000000
vn -0.000000 0.000000 -1.000000
vn 0.000000 0.000000 -1.000000
vn -0.000000 0.000001 -1.000000
vn -0.000000 0.000000 -1.000000
vn 0.000000 0.000000 -1.000000
vn 0.000000 0.000000 -1.000000
vn 0.000000 0.000000 -1.000000
vn 0.000000 0.000000 -1.000000
vn 0.000000 1.000000 0.000000
vn 0.000000 1.000000 0.000000
vn 0.000000 1.000000 0.000000
vn 0.000000 1.000000 0.000000
vn 1.000000 0.000000 0.000000
vn 1.000000 0.000000 0.000000
vn 1.000000 0.000000 0.000000
vn 1.000000 0.000000 0.000000
vn 0.000000 -1.000000 0.000000
vn 0.000000 -1.000000 0.000000
vn 0.000000 -1.000000 0.000000
vn 0.000000 -1.000000 0.000000
vn -1.000000 0.000000 0.000000
vn -1.000000 0.000000 0.000000
vn -1.000000 0.000000 0.000000
vn -1.000000 0.000000 0.000000
vn 0.000000 0.000000 -1.000000
vn 0.000000 0.000000 -1.000000
vn 0.000000 0.000000 -1.000000
vn 0.000000 0.000000 -1.000000
vn -0.000009 0.000000 -1.000000
vn -0.000009 0.000000 -1.000000
vn -0.000009 0.000000 -1.000000
vn -0.000009 0.000000 -1.000000
vn 0.000000 0.000000 -1.000000
vn 0.000000 0.000000 -1.000000
vn 0.000000 0.000000 -1.000000
vn 0.000000 0.000000 -1.000000
vn 0.000009 0.000000 -1.000000
vn 0.000009 0.000000 -1.000000
vn 0.000009 0.000000 -1.000000
vn 0.000009 0.000000 -1.000000
vn 0.000000 -1.000000 0.000000
vn 0.000000 -1.000000 0.000000
vn 0.000000 -1.000000 0.000000
vn 0.000000 -1.000000 0.000000
vn -1.000000 0.000000 0.000000
vn -1.000000 0.000000 0.000000
vn -1.000000 0.000000 0.000000
vn -1.000000 0.000000 0.000000
vn 0.000000 1.000000 0.000000
vn 0.000000 1.000000 0.000000
vn 0.000000 1.000000 0.000000
vn 0.000000 1.000000 0.000000
vn 1.000000 0.000000 0.000000
vn 1.000000 0.000000 0.000000
vn 1.000000 0.000000 0.000000
vn 1.000000 0.000000 0.000000
vn 0.000000 1.000000 0.000000
vn 0.000000 1.000000 0.000000
vn 0.000000 1.000000 0.000000
vn 0.000000 1.000000 0.000000
vn 0.000000 0.000000 -1.000000
vn 0.000000 0.000000 -1.000000
vn 0.000000 0.000000 -1.000000
vn 0.000000 0.000000 -1.000000
vn 1.000000 0.000000 0.000000
vn 1.000000 0.000000 0.000000
vn 1.000000 0.000000 0.000000
vn 1.000000 0.000000 0.000000
vn -1.000000 0.000000 0.000000
vn -1.000000 0.000000 0.000000
vn -1.000000 0.000000 0.000000
vn -1.000000 0.000000 0.000000
vn 0.000000 0.000000 -1.000000
vn 0.000000 0.000000 -1.000000
vn 0.000000 0.000000 -1.000000
vn 0.000000 0.000000 -1.000000
vn 0.000000 -1.000000 0.000000
vn 0.000000 -1.000000 0.000000
vn 0.000000 -1.000000 0.000000
vn 0.000000 -1.000000 0.000000
vn 1.000000 0.000000 0.000000
vn 1.000000 0.000000 0.000000
vn 1.000000 0.000000 0.000000
vn 1.000000 0.000000 0.000000
vn -1.000000 0.000000 0.000000
vn -1.000000 0.000000 0.000000
vn -1.000000 0.000000 0.000000
vn -1.000000 0.000000 0.000000
vn 0.000000 0.000000 -1.000000
vn 0.000000 0.000000 -1.000000
vn 0.000000 0.000000 -1.000000
vn 0.000000 0.000000 -1.000000
s off
g Puerta2
usemtl initialShadingGroup
f 1284/1538/3925 1285/1539/3926 1323/1540/3927 1322/1541/3928
f 1285/1539/3929 1284/1538/3930 1286/1542/3931 1287/1543/3932
f 1287/1543/3933 1286/1542/3934 1288/1544/3935 1289/1545/3936
f 1289/1545/3937 1288/1544/3938 1290/1546/3939 1291/1547/3940
f 1291/1547/3941 1290/1546/3942 1292/1548/3943 1293/1549/3944
f 1293/1549/3945 1292/1548/3946 1294/1550/3947 1295/1551/3948
f 1295/1551/3949 1294/1550/3950 1296/1552/3951 1297/1553/3952
f 1297/1553/3953 1296/1552/3954 1298/1554/3955 1299/1555/3956
f 1299/1555/3957 1298/1554/3958 1300/1556/3959 1301/1557/3960
f 1301/1557/3961 1300/1556/3962 1302/1558/3963 1303/1559/3964
f 1303/1559/3965 1302/1558/3966 1304/1560/3967 1305/1561/3968
f 1305/1561/3969 1304/1560/3970 1306/1562/3971 1307/1563/3972
f 1307/1563/3973 1306/1562/3974 1308/1564/3975 1309/1565/3976
f 1309/1565/3977 1308/1564/3978 1310/1566/3979 1311/1567/3980
f 1311/1567/3981 1310/1566/3982 1312/1568/3983 1313/1569/3984
f 1313/1569/3985 1312/1568/3986 1314/1570/3987 1315/1571/3988
f 1315/1571/3989 1314/1570/3990 1316/1572/3991 1317/1573/3992
f 1317/1573/3993 1316/1572/3994 1318/1574/3995 1319/1575/3996
f 1319/1575/3997 1318/1574/3998 1320/1576/3999 1321/1577/4000
f 1321/1577/4001 1320/1576/4002 1322/1541/4003 1323/1540/4004
f 1324/1578/4005 1343/1579/4006 1353/1580/4007 1352/1581/4008
f 1325/1582/4009 1324/1578/4010 1352/1581/4011 1351/1583/4012
f 1326/1584/4013 1325/1582/4014 1351/1583/4015 1350/1585/4016
f 1327/1586/4017 1326/1584/4018 1350/1585/4019 1349/1587/4020
f 1328/1588/4021 1327/1586/4022 1349/1587/4023 1348/1589/4024
f 1329/1590/4025 1328/1588/4026 1348/1589/4027 1347/1591/4028
f 1330/1592/4029 1329/1590/4030 1347/1591/4031 1346/1593/4032
f 1331/1594/4033 1330/1592/4034 1346/1593/4035 1345/1595/4036
f 1332/1596/4037 1331/1594/4038 1345/1595/4039 1344/1597/4040
f 1333/1598/4041 1332/1596/4042 1344/1597/4043 1363/1599/4044
f 1334/1600/4045 1333/1598/4046 1363/1599/4047 1362/1601/4048
f 1335/1602/4049 1334/1600/4050 1362/1601/4051 1361/1603/4052
f 1336/1604/4053 1335/1602/4054 1361/1603/4055 1360/1605/4056
f 1337/1606/4057 1336/1604/4058 1360/1605/4059 1359/1607/4060
f 1338/1608/4061 1337/1606/4062 1359/1607/4063 1358/1609/4064
f 1339/1610/4065 1338/1608/4066 1358/1609/4067 1357/1611/4068
f 1340/1612/4069 1339/1610/4070 1357/1611/4071 1356/1613/4072
f 1341/1614/4073 1340/1612/4074 1356/1613/4075 1355/1615/4076
f 1342/1616/4077 1341/1614/4078 1355/1615/4079 1354/1617/4080
f 1343/1579/4081 1342/1616/4082 1354/1617/4083 1353/1580/4084
f 1243/1618/4085 1244/1619/4086 1286/1542/4087 1284/1538/4088
f 1244/1619/4089 1245/1620/4090 1288/1544/4091 1286/1542/4092
f 1245/1620/4093 1246/1621/4094 1290/1546/4095 1288/1544/4096
f 1246/1621/4097 1247/1622/4098 1292/1548/4099 1290/1546/4100
f 1247/1622/4101 1248/1623/4102 1294/1550/4103 1292/1548/4104
f 1248/1623/4105 1249/1624/4106 1296/1552/4107 1294/1550/4108
f 1249/1624/4109 1250/1625/4110 1298/1554/4111 1296/1552/4112
f 1298/1554/4113 1250/1625/4114 1251/1626/4115 1300/1556/4116
f 1251/1626/4117 1252/1627/4118 1302/1558/4119 1300/1556/4120
f 1252/1627/4121 1253/1628/4122 1304/1560/4123 1302/1558/4124
f 1253/1628/4125 1254/1629/4126 1306/1562/4127 1304/1560/4128
f 1254/1629/4129 1255/1630/4130 1308/1564/4131 1306/1562/4132
f 1255/1630/4133 1256/1631/4134 1310/1566/4135 1308/1564/4136
f 1256/1631/4137 1257/1632/4138 1312/1568/4139 1310/1566/4140
f 1257/1632/4141 1258/1633/4142 1314/1570/4143 1312/1568/4144
f 1258/1633/4145 1259/1634/4146 1316/1572/4147 1314/1570/4148
f 1259/1634/4149 1260/1635/4150 1318/1574/4151 1316/1572/4152
f 1260/1635/4153 1261/1636/4154 1320/1576/4155 1318/1574/4156
f 1261/1636/4157 1262/1637/4158 1322/1541/4159 1320/1576/4160
f 1262/1637/4161 1243/1618/4162 1284/1538/4163 1322/1541/4164
f 1324/1578/4165 1325/1582/4166 1283/1638/4167
f 1325/1582/4168 1326/1584/4169 1283/1638/4170
f 1326/1584/4171 1327/1586/4172 1283/1638/4173
f 1327/1586/4174 1328/1588/4175 1283/1638/4176
f 1328/1588/4177 1329/1590/4178 1283/1638/4179
f 1329/1590/4180 1330/1592/4181 1283/1638/4182
f 1330/1592/4183 1331/1594/4184 1283/1638/4185
f 1331/1594/4186 1332/1596/4187 1283/1638/4188
f 1332/1596/4189 1333/1598/4190 1283/1638/4191
f 1333/1598/4192 1334/1600/4193 1283/1638/4194
f 1334/1600/4195 1335/1602/4196 1283/1638/4197
f 1335/1602/4198 1336/1604/4199 1283/1638/4200
f 1336/1604/4201 1337/1606/4202 1283/1638/4203
f 1337/1606/4204 1338/1608/4205 1283/1638/4206
f 1338/1608/4207 1339/1610/4208 1283/1638/4209
f 1339/1610/4210 1340/1612/4211 1283/1638/4212
f 1340/1612/4213 1341/1614/4214 1283/1638/4215
f 1341/1614/4216 1342/1616/4217 1283/1638/4218
f 1342/1616/4219 1343/1579/4220 1283/1638/4221
f 1343/1579/4222 1324/1578/4223 1283/1638/4224
f 1285/1539/4225 1287/1543/4226 1264/1639/4227 1263/1640/4228
f 1287/1543/4229 1289/1545/4230 1265/1641/4231 1264/1639/4232
f 1289/1545/4233 1291/1547/4234 1266/1642/4235 1265/1641/4236
f 1291/1547/4237 1293/1549/4238 1267/1643/4239 1266/1642/4240
f 1293/1549/4241 1295/1551/4242 1268/1644/4243 1267/1643/4244
f 1295/1551/4245 1297/1553/4246 1269/1645/4247 1268/1644/4248
f 1297/1553/4249 1299/1555/4250 1270/1646/4251 1269/1645/4252
f 1299/1555/4253 1301/1557/4254 1271/1647/4255 1270/1646/4256
f 1301/1557/4257 1303/1559/4258 1272/1648/4259 1271/1647/4260
f 1303/1559/4261 1305/1561/4262 1273/1649/4263 1272/1648/4264
f 1305/1561/4265 1307/1563/4266 1274/1650/4267 1273/1649/4268
f 1307/1563/4269 1309/1565/4270 1275/1651/4271 1274/1650/4272
f 1309/1565/4273 1311/1567/4274 1276/1652/4275 1275/1651/4276
f 1311/1567/4277 1313/1569/4278 1277/1653/4279 1276/1652/4280
f 1313/1569/4281 1315/1571/4282 1278/1654/4283 1277/1653/4284
f 1315/1571/4285 1317/1573/4286 1279/1655/4287 1278/1654/4288
f 1317/1573/4289 1319/1575/4290 1280/1656/4291 1279/1655/4292
f 1319/1575/4293 1321/1577/4294 1281/1657/4295 1280/1656/4296
f 1321/1577/4297 1323/1540/4298 1282/1658/4299 1281/1657/4300
f 1323/1540/4301 1285/1539/4302 1263/1640/4303 1282/1658/4304
f 1263/1640/4305 1264/1639/4306 1351/1583/4307 1352/1581/4308
f 1264/1639/4309 1265/1641/4310 1350/1585/4311 1351/1583/4312
f 1265/1641/4313 1266/1642/4314 1349/1587/4315 1350/1585/4316
f 1266/1642/4317 1267/1643/4318 1348/1589/4319 1349/1587/4320
f 1267/1643/4321 1268/1644/4322 1347/1591/4323 1348/1589/4324
f 1268/1644/4325 1269/1645/4326 1346/1593/4327 1347/1591/4328
f 1269/1645/4329 1270/1646/4330 1345/1595/4331 1346/1593/4332
f 1270/1646/4333 1271/1647/4334 1344/1597/4335 1345/1595/4336
f 1344/1597/4337 1271/1647/4338 1272/1648/4339 1363/1599/4340
f 1272/1648/4341 1273/1649/4342 1362/1601/4343 1363/1599/4344
f 1273/1649/4345 1274/1650/4346 1361/1603/4347 1362/1601/4348
f 1274/1650/4349 1275/1651/4350 1360/1605/4351 1361/1603/4352
f 1275/1651/4353 1276/1652/4354 1359/1607/4355 1360/1605/4356
f 1276/1652/4357 1277/1653/4358 1358/1609/4359 1359/1607/4360
f 1277/1653/4361 1278/1654/4362 1357/1611/4363 1358/1609/4364
f 1278/1654/4365 1279/1655/4366 1356/1613/4367 1357/1611/4368
f 1279/1655/4369 1280/1656/4370 1355/1615/4371 1356/1613/4372
f 1280/1656/4373 1281/1657/4374 1354/1617/4375 1355/1615/4376
f 1281/1657/4377 1282/1658/4378 1353/1580/4379 1354/1617/4380
f 1282/1658/4381 1263/1640/4382 1352/1581/4383 1353/1580/4384
s 1
f 1628/1983/4385 1367/1660/4386 1620/1975/4387 1627/1998/4388
s off
f 1368/1663/4389 1383/1664/4390 1414/1665/4391 1415/1666/4392
f 1370/1667/4393 1380/1668/4394 1381/1669/4395 1372/1670/4396
f 1374/1671/4397 1382/1672/4398 1383/1664/4399 1368/1663/4400
f 1369/1673/4401 1375/1674/4402 1410/1675/4403 1411/1676/4404
f 1374/1671/4405 1368/1663/4406 1415/1666/4407 1416/1677/4408
f 1376/1678/4409 1384/1679/4410 1385/1680/4411 1377/1681/4412
f 1379/1682/4413 1378/1683/4414 1386/1684/4415 1387/1685/4416
f 1413/1686/4417 1379/1682/4418 1387/1685/4419 1412/1687/4420
f 1380/1668/4421 1376/1678/4422 1377/1681/4423 1381/1669/4424
f 1383/1664/4425 1382/1672/4426 1378/1683/4427 1379/1682/4428
f 1414/1665/4429 1383/1664/4430 1379/1682/4431 1413/1686/4432
f 1384/1679/4433 1371/1688/4434 1373/1689/4435 1385/1680/4436
f 1387/1685/4437 1386/1684/4438 1375/1674/4439 1369/1673/4440
f 1412/1687/4441 1387/1685/4442 1369/1673/4443 1411/1676/4444
f 1372/1670/4445 1381/1669/4446 1389/1690/4447 1388/1691/4448
f 1382/1672/4449 1374/1671/4450 1391/1692/4451 1390/1693/4452
f 1374/1671/4453 1416/1677/4454 1417/1694/4455 1391/1692/4456
f 1385/1680/4457 1373/1689/4458 1396/1695/4459 1394/1696/4460
f 1410/1675/4461 1375/1674/4462 1397/1697/4463 1409/1698/4464
f 1375/1674/4465 1386/1684/4466 1395/1699/4467 1397/1697/4468
f 1388/1691/4469 1389/1690/4470 1399/1700/4471 1398/1701/4472
f 1390/1693/4473 1391/1692/4474 1401/1702/4475 1400/1703/4476
f 1391/1692/4477 1417/1694/4478 1418/1704/4479 1401/1702/4480
f 1394/1696/4481 1396/1695/4482 1406/1705/4483 1404/1706/4484
f 1409/1698/4485 1397/1697/4486 1407/1707/4487 1408/1708/4488
f 1397/1697/4489 1395/1699/4490 1405/1709/4491 1407/1707/4492
f 1381/1669/4493 1377/1681/4494 1392/1710/4495 1389/1690/4496
f 1377/1681/4497 1385/1680/4498 1394/1696/4499 1392/1710/4500
f 1386/1684/4501 1378/1683/4502 1393/1711/4503 1395/1699/4504
f 1378/1683/4505 1382/1672/4506 1390/1693/4507 1393/1711/4508
f 1389/1690/4509 1392/1710/4510 1402/1712/4511 1399/1700/4512
f 1402/1712/4513 1392/1710/4514 1394/1696/4515 1404/1706/4516
f 1395/1699/4517 1393/1711/4518 1403/1713/4519 1405/1709/4520
f 1403/1713/4521 1393/1711/4522 1390/1693/4523 1400/1703/4524
f 1396/1695/4525 1409/1714/4526 1408/1715/4527 1406/1705/4528
f 1373/1689/4529 1410/1716/4530 1409/1714/4531 1396/1695/4532
f 1411/1717/4533 1410/1716/4534 1373/1689/4535 1371/1688/4536
f 1384/1679/4537 1412/1718/4538 1411/1717/4539 1371/1688/4540
f 1376/1678/4541 1413/1719/4542 1412/1718/4543 1384/1679/4544
f 1380/1668/4545 1414/1720/4546 1413/1719/4547 1376/1678/4548
f 1415/1721/4549 1414/1720/4550 1380/1668/4551 1370/1667/4552
f 1416/1722/4553 1415/1721/4554 1370/1667/4555 1372/1670/4556
f 1417/1723/4557 1416/1722/4558 1372/1670/4559 1388/1691/4560
f 1418/1724/4561 1417/1723/4562 1388/1691/4563 1398/1701/4564
f 1419/1725/4565 1420/1726/4566 1440/1727/4567 1439/1728/4568
f 1420/1726/4569 1421/1729/4570 1441/1730/4571 1440/1727/4572
f 1421/1729/4573 1422/1731/4574 1442/1732/4575 1441/1730/4576
f 1422/1731/4577 1423/1733/4578 1443/1734/4579 1442/1732/4580
f 1423/1733/4581 1424/1735/4582 1444/1736/4583 1443/1734/4584
f 1424/1735/4585 1425/1737/4586 1445/1738/4587 1444/1736/4588
f 1425/1737/4589 1426/1739/4590 1446/1740/4591 1445/1738/4592
f 1426/1739/4593 1427/1741/4594 1447/1742/4595 1446/1740/4596
f 1427/1741/4597 1428/1743/4598 1448/1744/4599 1447/1742/4600
f 1428/1743/4601 1429/1745/4602 1449/1746/4603 1448/1744/4604
f 1429/1745/4605 1430/1747/4606 1450/1748/4607 1449/1746/4608
f 1430/1747/4609 1431/1749/4610 1451/1750/4611 1450/1748/4612
f 1431/1749/4613 1432/1751/4614 1452/1752/4615 1451/1750/4616
f 1432/1751/4617 1433/1753/4618 1453/1754/4619 1452/1752/4620
f 1433/1753/4621 1434/1755/4622 1454/1756/4623 1453/1754/4624
f 1434/1755/4625 1435/1757/4626 1455/1758/4627 1454/1756/4628
f 1435/1757/4629 1436/1759/4630 1456/1760/4631 1455/1758/4632
f 1436/1759/4633 1437/1761/4634 1457/1762/4635 1456/1760/4636
f 1437/1761/4637 1438/1763/4638 1458/1764/4639 1457/1762/4640
f 1438/1763/4641 1419/1725/4642 1439/1728/4643 1458/1764/4644
f 1439/1728/4645 1440/1727/4646 1460/1765/4647 1459/1766/4648
f 1440/1727/4649 1441/1730/4650 1461/1767/4651 1460/1765/4652
f 1441/1730/4653 1442/1732/4654 1462/1768/4655 1461/1767/4656
f 1442/1732/4657 1443/1734/4658 1463/1769/4659 1462/1768/4660
f 1443/1734/4661 1444/1736/4662 1464/1770/4663 1463/1769/4664
f 1444/1736/4665 1445/1738/4666 1465/1771/4667 1464/1770/4668
f 1445/1738/4669 1446/1740/4670 1466/1772/4671 1465/1771/4672
f 1446/1740/4673 1447/1742/4674 1467/1773/4675 1466/1772/4676
f 1447/1742/4677 1448/1744/4678 1468/1774/4679 1467/1773/4680
f 1448/1744/4681 1449/1746/4682 1469/1775/4683 1468/1774/4684
f 1449/1746/4685 1450/1748/4686 1470/1776/4687 1469/1775/4688
f 1450/1748/4689 1451/1750/4690 1471/1777/4691 1470/1776/4692
f 1451/1750/4693 1452/1752/4694 1472/1778/4695 1471/1777/4696
f 1452/1752/4697 1453/1754/4698 1473/1779/4699 1472/1778/4700
f 1453/1754/4701 1454/1756/4702 1474/1780/4703 1473/1779/4704
f 1454/1756/4705 1455/1758/4706 1475/1781/4707 1474/1780/4708
f 1455/1758/4709 1456/1760/4710 1476/1782/4711 1475/1781/4712
f 1456/1760/4713 1457/1762/4714 1477/1783/4715 1476/1782/4716
f 1457/1762/4717 1458/1764/4718 1478/1784/4719 1477/1783/4720
f 1458/1764/4721 1439/1728/4722 1459/1766/4723 1478/1784/4724
f 1478/1785/4725 1459/1786/4726 1480/1787/4727 1479/1788/4728
f 1459/1786/4729 1460/1789/4730 1481/1790/4731 1480/1787/4732
f 1460/1789/4733 1461/1791/4734 1482/1792/4735 1481/1790/4736
f 1461/1791/4737 1462/1793/4738 1483/1794/4739 1482/1792/4740
f 1462/1793/4741 1463/1795/4742 1484/1796/4743 1483/1794/4744
f 1463/1795/4745 1464/1797/4746 1485/1798/4747 1484/1796/4748
f 1464/1797/4749 1465/1799/4750 1486/1800/4751 1485/1798/4752
f 1465/1799/4753 1466/1801/4754 1487/1802/4755 1486/1800/4756
f 1466/1801/4757 1467/1803/4758 1488/1804/4759 1487/1802/4760
f 1467/1803/4761 1468/1805/4762 1489/1806/4763 1488/1804/4764
f 1468/1805/4765 1469/1807/4766 1490/1808/4767 1489/1806/4768
f 1469/1807/4769 1470/1809/4770 1491/1810/4771 1490/1808/4772
f 1470/1809/4773 1471/1811/4774 1492/1812/4775 1491/1810/4776
f 1471/1811/4777 1472/1813/4778 1493/1814/4779 1492/1812/4780
f 1472/1813/4781 1473/1815/4782 1494/1816/4783 1493/1814/4784
f 1473/1815/4785 1474/1817/4786 1495/1818/4787 1494/1816/4788
f 1474/1817/4789 1475/1819/4790 1496/1820/4791 1495/1818/4792
f 1475/1819/4793 1476/1821/4794 1497/1822/4795 1496/1820/4796
f 1476/1821/4797 1477/1823/4798 1498/1824/4799 1497/1822/4800
f 1477/1823/4801 1478/1785/4802 1479/1788/4803 1498/1824/4804
f 1479/1788/4805 1480/1787/4806 1500/1825/4807 1499/1826/4808
f 1480/1787/4809 1481/1790/4810 1501/1827/4811 1500/1825/4812
f 1481/1790/4813 1482/1792/4814 1502/1828/4815 1501/1827/4816
f 1482/1792/4817 1483/1794/4818 1503/1829/4819 1502/1828/4820
f 1483/1794/4821 1484/1796/4822 1504/1830/4823 1503/1829/4824
f 1484/1796/4825 1485/1798/4826 1505/1831/4827 1504/1830/4828
f 1485/1798/4829 1486/1800/4830 1506/1832/4831 1505/1831/4832
f 1486/1800/4833 1487/1802/4834 1507/1833/4835 1506/1832/4836
f 1487/1802/4837 1488/1804/4838 1508/1834/4839 1507/1833/4840
f 1488/1804/4841 1489/1806/4842 1509/1835/4843 1508/1834/4844
f 1489/1806/4845 1490/1808/4846 1510/1836/4847 1509/1835/4848
f 1490/1808/4849 1491/1810/4850 1511/1837/4851 1510/1836/4852
f 1491/1810/4853 1492/1812/4854 1512/1838/4855 1511/1837/4856
f 1492/1812/4857 1493/1814/4858 1513/1839/4859 1512/1838/4860
f 1493/1814/4861 1494/1816/4862 1514/1840/4863 1513/1839/4864
f 1494/1816/4865 1495/1818/4866 1515/1841/4867 1514/1840/4868
f 1495/1818/4869 1496/1820/4870 1516/1842/4871 1515/1841/4872
f 1496/1820/4873 1497/1822/4874 1517/1843/4875 1516/1842/4876
f 1497/1822/4877 1498/1824/4878 1518/1844/4879 1517/1843/4880
f 1498/1824/4881 1479/1788/4882 1499/1826/4883 1518/1844/4884
f 1499/1826/4885 1500/1825/4886 1520/1845/4887 1519/1846/4888
f 1500/1825/4889 1501/1827/4890 1521/1847/4891 1520/1845/4892
f 1501/1827/4893 1502/1828/4894 1522/1848/4895 1521/1847/4896
f 1502/1828/4897 1503/1829/4898 1523/1849/4899 1522/1848/4900
f 1503/1829/4901 1504/1830/4902 1524/1850/4903 1523/1849/4904
f 1504/1830/4905 1505/1831/4906 1525/1851/4907 1524/1850/4908
f 1505/1831/4909 1506/1832/4910 1526/1852/4911 1525/1851/4912
f 1506/1832/4913 1507/1833/4914 1527/1853/4915 1526/1852/4916
f 1507/1833/4917 1508/1834/4918 1528/1854/4919 1527/1853/4920
f 1508/1834/4921 1509/1835/4922 1529/1855/4923 1528/1854/4924
f 1509/1835/4925 1510/1836/4926 1530/1856/4927 1529/1855/4928
f 1510/1836/4929 1511/1837/4930 1531/1857/4931 1530/1856/4932
f 1511/1837/4933 1512/1838/4934 1532/1858/4935 1531/1857/4936
f 1512/1838/4937 1513/1839/4938 1533/1859/4939 1532/1858/4940
f 1513/1839/4941 1514/1840/4942 1534/1860/4943 1533/1859/4944
f 1514/1840/4945 1515/1841/4946 1535/1861/4947 1534/1860/4948
f 1515/1841/4949 1516/1842/4950 1536/1862/4951 1535/1861/4952
f 1516/1842/4953 1517/1843/4954 1537/1863/4955 1536/1862/4956
f 1517/1843/4957 1518/1844/4958 1538/1864/4959 1537/1863/4960
f 1518/1844/4961 1499/1826/4962 1519/1846/4963 1538/1864/4964
f 1519/1846/4965 1520/1845/4966 1539/1865/4967
f 1520/1845/4968 1521/1847/4969 1539/1865/4970
f 1521/1847/4971 1522/1848/4972 1539/1865/4973
f 1522/1848/4974 1523/1849/4975 1539/1865/4976
f 1523/1849/4977 1524/1850/4978 1539/1865/4979
f 1524/1850/4980 1525/1851/4981 1539/1865/4982
f 1525/1851/4983 1526/1852/4984 1539/1865/4985
f 1526/1852/4986 1527/1853/4987 1539/1865/4988
f 1527/1853/4989 1528/1854/4990 1539/1865/4991
f 1528/1854/4992 1529/1855/4993 1539/1865/4994
f 1529/1855/4995 1530/1856/4996 1539/1865/4997
f 1530/1856/4998 1531/1857/4999 1539/1865/5000
f 1531/1857/5001 1532/1858/5002 1539/1865/5003
f 1532/1858/5004 1533/1859/5005 1539/1865/5006
f 1533/1859/5007 1534/1860/5008 1539/1865/5009
f 1534/1860/5010 1535/1861/5011 1539/1865/5012
f 1535/1861/5013 1536/1862/5014 1539/1865/5015
f 1536/1862/5016 1537/1863/5017 1539/1865/5018
f 1537/1863/5019 1538/1864/5020 1539/1865/5021
f 1538/1864/5022 1519/1846/5023 1539/1865/5024
f 1581/1866/5025 1582/1867/5026 1566/1868/5027 1542/1869/5028
f 1542/1870/5029 1566/1871/5030 1567/1872/5031 1557/1873/5032
f 1544/1874/5033 1560/1875/5034 1576/1876/5035 1577/1877/5036
f 1558/1878/5037 1564/1879/5038 1565/1880/5039 1540/1881/5040
f 1583/1882/5041 1584/1883/5042 1556/1884/5043 1543/1885/5044
f 1580/1886/5045 1581/1887/5046 1542/1870/5047 1557/1873/5048
f 1549/1888/5049 1568/1889/5050 1569/1890/5051 1553/1891/5052
f 1578/1892/5053 1579/1893/5054 1549/1888/5055 1553/1891/5056
f 1554/1894/5057 1562/1895/5058 1563/1896/5059 1550/1897/5060
f 1548/1898/5061 1585/1899/5062 1586/1900/5063 1552/1901/5064
f 1553/1891/5065 1569/1890/5066 1560/1902/5067 1544/1903/5068
f 1577/1904/5069 1578/1892/5070 1553/1891/5071 1544/1903/5072
f 1546/1905/5073 1561/1906/5074 1562/1895/5075 1554/1894/5076
f 1552/1901/5077 1586/1900/5078 1587/1907/5079 1545/1908/5080
f 1557/1873/5081 1567/1872/5082 1568/1889/5083 1549/1888/5084
f 1579/1893/5085 1580/1886/5086 1557/1873/5087 1549/1888/5088
f 1550/1897/5089 1563/1896/5090 1564/1879/5091 1558/1878/5092
f 1556/1884/5093 1584/1883/5094 1585/1909/5095 1548/1910/5096
f 1560/1875/5097 1545/1908/5098 1587/1907/5099 1576/1876/5100
f 1562/1895/5101 1561/1906/5102 1547/1911/5103 1570/1912/5104
f 1563/1896/5105 1562/1895/5106 1570/1912/5107 1571/1913/5108
f 1564/1879/5109 1563/1896/5110 1571/1913/5111 1572/1914/5112
f 1565/1880/5113 1564/1879/5114 1572/1914/5115 1541/1915/5116
f 1566/1868/5117 1582/1867/5118 1583/1882/5119 1543/1885/5120
f 1567/1872/5121 1566/1871/5122 1543/1916/5123 1573/1917/5124
f 1568/1889/5125 1567/1872/5126 1573/1917/5127 1574/1918/5128
f 1569/1890/5129 1568/1889/5130 1574/1918/5131 1575/1919/5132
f 1560/1902/5133 1569/1890/5134 1575/1919/5135 1545/1920/5136
f 1570/1912/5137 1547/1911/5138 1555/1921/5139
f 1571/1913/5140 1570/1912/5141 1555/1921/5142 1551/1922/5143
f 1572/1914/5144 1571/1913/5145 1551/1922/5146 1559/1923/5147
f 1541/1915/5148 1572/1914/5149 1559/1923/5150
f 1573/1917/5151 1543/1916/5152 1556/1924/5153
f 1574/1918/5154 1573/1917/5155 1556/1924/5156 1548/1925/5157
f 1575/1919/5158 1574/1918/5159 1548/1925/5160 1552/1926/5161
f 1545/1920/5162 1575/1919/5163 1552/1926/5164
f 1577/1877/5165 1576/1876/5166 1561/1906/5167 1546/1905/5168
f 1608/1927/5169 1609/1928/5170 1610/1929/5171 1611/1930/5172
f 1609/1928/5173 1612/1931/5174 1613/1932/5175 1610/1929/5176
f 1612/1931/5177 1614/1933/5178 1615/1934/5179 1613/1932/5180
f 1614/1933/5181 1616/1935/5182 1617/1936/5183 1615/1934/5184
f 1540/1881/5185 1565/1880/5186 1582/1867/5187 1581/1866/5188
f 1583/1882/5189 1582/1867/5190 1565/1880/5191 1541/1915/5192
f 1541/1915/5193 1559/1923/5194 1584/1883/5195 1583/1882/5196
f 1585/1909/5197 1584/1883/5198 1559/1923/5199 1551/1922/5200
f 1586/1900/5201 1585/1899/5202 1551/1922/5203 1555/1921/5204
f 1587/1907/5205 1586/1900/5206 1555/1921/5207 1547/1911/5208
f 1576/1876/5209 1587/1907/5210 1547/1911/5211 1561/1906/5212
f 1546/1905/5213 1554/1894/5214 1606/1937/5215 1607/1938/5216
f 1578/1939/5217 1577/1940/5218 1598/1941/5219 1599/1942/5220
f 1577/1877/5221 1546/1905/5222 1607/1938/5223 1598/1943/5224
f 1554/1894/5225 1550/1897/5226 1605/1944/5227 1606/1937/5228
f 1579/1945/5229 1578/1939/5230 1599/1942/5231 1600/1946/5232
f 1550/1897/5233 1558/1878/5234 1604/1947/5235 1605/1944/5236
f 1580/1948/5237 1579/1945/5238 1600/1946/5239 1601/1949/5240
f 1558/1878/5241 1540/1881/5242 1603/1950/5243 1604/1947/5244
f 1540/1881/5245 1581/1866/5246 1602/1951/5247 1603/1950/5248
f 1581/1952/5249 1580/1948/5250 1601/1949/5251 1602/1953/5252
f 1599/1942/5253 1598/1941/5254 1591/1954/5255 1590/1955/5256
f 1600/1946/5257 1599/1942/5258 1590/1955/5259 1593/1956/5260
f 1601/1949/5261 1600/1946/5262 1593/1956/5263 1595/1957/5264
f 1602/1953/5265 1601/1949/5266 1595/1957/5267 1597/1958/5268
f 1603/1950/5269 1602/1951/5270 1597/1959/5271 1596/1960/5272
f 1604/1947/5273 1603/1950/5274 1596/1960/5275 1594/1961/5276
f 1605/1944/5277 1604/1947/5278 1594/1961/5279 1592/1962/5280
f 1606/1937/5281 1605/1944/5282 1592/1962/5283 1589/1963/5284
f 1607/1938/5285 1606/1937/5286 1589/1963/5287 1588/1964/5288
f 1598/1943/5289 1607/1938/5290 1588/1964/5291 1591/1965/5292
f 1588/1964/5293 1589/1963/5294 1609/1928/5295 1608/1927/5296
f 1590/1955/5297 1591/1954/5298 1611/1966/5299 1610/1967/5300
f 1591/1965/5301 1588/1964/5302 1608/1927/5303 1611/1968/5304
f 1589/1963/5305 1592/1962/5306 1612/1931/5307 1609/1928/5308
f 1593/1956/5309 1590/1955/5310 1610/1967/5311 1613/1969/5312
f 1592/1962/5313 1594/1961/5314 1614/1933/5315 1612/1931/5316
f 1595/1957/5317 1593/1956/5318 1613/1969/5319 1615/1970/5320
f 1594/1961/5321 1596/1960/5322 1616/1935/5323 1614/1933/5324
f 1596/1960/5325 1597/1959/5326 1617/1971/5327 1616/1935/5328
f 1597/1958/5329 1595/1957/5330 1615/1970/5331 1617/1972/5332
s 1
f 1629/1984/5333 1626/1997/5334 1618/1973/5335 1365/1661/5336
f 1627/1998/4388 1620/1975/4387 1618/1973/5335 1626/1997/5334
f 1621/1976/5337 1623/1999/5338 1622/2000/5339 1619/1974/5340
f 1366/1659/5341 1624/1979/5342 1623/1999/5338 1621/1976/5337
f 1619/1974/5340 1622/2000/5339 1625/1980/5343 1364/1662/5344
s off
f 1639/1993/5345 1638/2009/5346 1640/2006/5347 1641/2002/5348
s 1
f 1624/1979/5342 1628/1983/4385 1627/1998/4388 1623/1999/5338
f 1625/1980/5343 1622/2000/5339 1626/1997/5334 1629/1984/5333
s off
f 1623/1978/5349 1627/1982/5350 1630/1986/5351 1631/1985/5352
f 1627/1982/5353 1626/1981/5354 1632/1987/5355 1630/1986/5356
f 1626/1981/5357 1622/1977/5358 1633/1988/5359 1632/1987/5360
f 1622/1977/5361 1623/1978/5362 1631/1985/5363 1633/1988/5364
f 1631/1985/5365 1630/1986/5366 1634/2012/5367 1635/1989/5368
f 1630/1986/5369 1632/1987/5370 1636/2010/5371 1634/1990/5372
f 1632/1987/5373 1633/1988/5374 1637/2007/5375 1636/1991/5376
f 1633/1988/5377 1631/1985/5378 1635/2011/5379 1637/1992/5380
f 1635/1989/5381 1634/2012/5382 1638/2008/5383 1639/2003/5384
f 1634/1990/5385 1636/2010/5386 1640/2005/5387 1638/1994/5388
f 1636/1991/5389 1637/2007/5390 1641/2001/5391 1640/1995/5392
f 1637/1992/5393 1635/2011/5394 1639/2004/5395 1641/1996/5396
f 1653/2013/5397 1645/2014/5398 1644/2015/5399 1652/2016/5400
f 1656/2017/5401 1648/2018/5402 1645/2019/5403 1653/2020/5404
f 1646/2021/5405 1648/2022/5406 1649/2023/5407 1642/2024/5408
f 1647/2025/5409 1643/2026/5410 1644/2015/5411 1645/2014/5412
f 1648/2018/5413 1646/2027/5414 1647/2028/5415 1645/2019/5416
f 1649/2029/5417 1648/2030/5418 1656/2031/5419 1657/2032/5420
f 1653/2013/5421 1652/2016/5422 1651/2033/5423 1655/2034/5424
f 1654/2035/5425 1650/2036/5426 1657/2037/5427 1656/2038/5428
f 1656/2017/5429 1653/2020/5430 1655/2039/5431 1654/2040/5432
g default
v -1.118671 0.694290 -3.760569
v 0.731267 0.694290 -3.760569
v -1.118671 0.725819 -3.760569
v 0.731267 0.725819 -3.760569
v -1.118671 0.725819 -4.498077
v 0.731267 0.725819 -4.498077
v -1.118671 0.694290 -4.498077
v 0.731267 0.694290 -4.498077
v 0.681623 0.694290 -3.760569
v 0.681623 0.725819 -3.760569
v 0.681623 0.725819 -4.498077
v 0.681623 0.694290 -4.498077
v -1.069028 0.694290 -3.760569
v -1.069028 0.725819 -3.760569
v -1.069028 0.725819 -4.498077
v -1.069028 0.694290 -4.498077
v 0.681623 0.694290 -3.817800
v -1.069028 0.694290 -3.817800
v -1.118671 0.694290 -3.817800
v -1.118671 0.725819 -3.817800
v -1.069028 0.725819 -3.817800
v 0.681623 0.725819 -3.817800
v 0.731267 0.725819 -3.817800
v 0.731267 0.694290 -3.817800
v 0.681623 0.694290 -4.440846
v -1.069028 0.694290 -4.440846
v -1.118671 0.694290 -4.440846
v -1.118671 0.725819 -4.440846
v -1.069028 0.725819 -4.440846
v 0.681623 0.725819 -4.440846
v 0.731267 0.725819 -4.440846
v 0.731267 0.694290 -4.440846
v -1.118671 -0.009664 -4.498077
v -1.069028 -0.009664 -4.498077
v -1.118671 -0.009664 -4.440846
v 0.731267 -0.009664 -4.440846
v 0.681623 -0.009664 -4.498077
v 0.731267 -0.009664 -4.498077
v -1.118671 -0.009664 -3.817800
v -1.069028 -0.009664 -3.760569
v -1.118671 -0.009664 -3.760569
v 0.681623 -0.009664 -3.760569
v 0.731267 -0.009664 -3.817800
v 0.731267 -0.009664 -3.760569
v 0.681623 -0.009664 -3.778921
v 0.681623 0.694290 -3.778921
v -1.069028 0.694290 -3.778921
v -1.069028 -0.009664 -3.778921
v -1.118671 -0.009664 -3.778921
v -1.118671 0.694290 -3.778921
v -1.118671 0.725819 -3.778921
v -1.069028 0.725819 -3.778921
v 0.681623 0.725819 -3.778921
v 0.731267 0.725819 -3.778921
v 0.731267 0.694290 -3.778921
v 0.731267 -0.009664 -3.778921
v 0.713162 -0.009664 -3.778921
v 0.713162 -0.009664 -3.817800
v 0.713162 0.694290 -3.817800
v 0.713162 0.694290 -4.440846
v 0.713162 -0.009664 -4.440846
v 0.713162 -0.009664 -4.498077
v 0.713162 0.694290 -4.498077
v 0.713162 0.725819 -4.498077
v 0.713162 0.725819 -4.440846
v 0.713162 0.725819 -3.817800
v 0.713162 0.725819 -3.778921
v 0.713162 0.725819 -3.760569
v 0.713162 0.694290 -3.760569
v 0.713162 -0.009664 -3.760569
v -1.100566 -0.009664 -3.778921
v -1.100566 -0.009664 -3.817800
v -1.100566 0.694290 -3.817800
v -1.100566 0.694290 -4.440846
v -1.100566 -0.009664 -4.440846
v -1.100566 -0.009664 -4.498077
v -1.100566 0.694290 -4.498077
v -1.100566 0.725819 -4.498077
v -1.100566 0.725819 -4.440846
v -1.100566 0.725819 -3.817800
v -1.100566 0.725819 -3.778921
v -1.100566 0.725819 -3.760569
v -1.100566 0.694290 -3.760569
v -1.100566 -0.009664 -3.760569
v 0.681623 -0.009664 -4.479725
v 0.681623 0.694290 -4.479725
v -1.069028 0.694290 -4.479725
v -1.069028 -0.009664 -4.479725
v -1.100566 -0.009664 -4.479725
v -1.118671 -0.009664 -4.479725
v -1.118671 0.694290 -4.479725
v -1.118671 0.725819 -4.479725
v -1.100566 0.725819 -4.479725
v -1.069028 0.725819 -4.479725
v 0.681623 0.725819 -4.479725
v 0.713162 0.725819 -4.479725
v 0.731267 0.725819 -4.479725
v 0.731267 0.694290 -4.479725
v 0.731267 -0.009664 -4.479725
v 0.713162 -0.009664 -4.479725
v 0.713162 0.694290 -4.479725
v -1.100566 0.694290 -4.479725
v 0.713162 0.694290 -3.778921
v -1.100566 0.694290 -3.778921
vt 0.757622 0.640554
vt 0.757622 0.644114
vt 0.125149 0.378865
vt 0.754063 0.640554
vt 0.043964 0.375304
vt 0.043964 0.378865
vt 0.041892 0.378865
vt 0.041892 0.375304
vt 0.210466 0.698706
vt 0.210466 0.695146
vt 0.397782 0.629466
vt 0.397782 0.633027
vt 0.224775 0.093708
vt 0.221215 0.093708
vt 0.459056 0.900609
vt 0.210466 0.901940
vt 0.041892 0.582098
vt 0.455497 0.900609
vt 0.210466 0.693102
vt 0.395710 0.547954
vt 0.043964 0.373260
vt 0.397782 0.544394
vt 0.757622 0.845304
vt 0.757622 0.847348
vt 0.125149 0.582098
vt 0.754063 0.845304
vt 0.041892 0.580055
vt 0.043964 0.580055
vt 0.210466 0.899896
vt 0.114657 0.002075
vt 0.844145 0.084779
vt 0.112614 0.000003
vt 0.114657 0.000003
vt 0.670278 0.839877
vt 0.125149 0.576494
vt 0.043964 0.576494
vt 0.041892 0.576494
vt 0.210466 0.896336
vt 0.751463 0.642248
vt 0.840585 0.164248
vt 0.002072 0.181516
vt 0.676739 0.642248
vt 0.676739 0.839877
vt 0.672350 0.839877
vt 0.320986 0.544394
vt 0.676739 0.636643
vt 0.316597 0.547954
vt 0.123077 0.373260
vt 0.123077 0.375304
vt 0.123077 0.378865
vt 0.118688 0.378865
vt 0.118688 0.375304
vt 0.118688 0.576494
vt 0.123077 0.576494
vt 0.118688 0.582098
vt 0.118688 0.580055
vt 0.123077 0.580055
vt 0.123077 0.582098
vt 0.459056 0.821496
vt 0.459056 0.825885
vt 0.076755 0.004392
vt 0.787759 0.084779
vt 0.783370 0.084779
vt 0.538525 0.825885
vt 0.747074 0.642248
vt 0.747074 0.839877
vt 0.216826 0.173177
vt 0.676739 0.638687
vt 0.048353 0.373260
vt 0.391321 0.547954
vt 0.048353 0.378865
vt 0.048353 0.375304
vt 0.048353 0.576494
vt 0.048353 0.582098
vt 0.048353 0.580055
vt 0.459056 0.896220
vt 0.783370 0.164247
vt 0.747074 0.843438
vt 0.397782 0.627423
vt 0.395710 0.627423
vt 0.848534 0.084779
vt 0.114657 0.006464
vt 0.130997 0.896336
vt 0.109053 0.002075
vt 0.118598 0.000003
vt 0.837091 0.644114
vt 0.012065 0.102048
vt 0.120642 0.002075
vt 0.074711 0.006464
vt 0.837091 0.847348
vt 0.791320 0.084779
vt 0.793391 0.084779
vt 0.115038 0.002075
vt 0.005632 0.102048
vt 0.314525 0.547954
vt 0.314525 0.627423
vt 0.125149 0.373260
vt 0.010021 0.102048
vt 0.216826 0.093708
vt 0.391321 0.627423
vt 0.751463 0.843438
vt 0.221214 0.173177
vt 0.747074 0.638687
vt 0.787759 0.164248
vt 0.010021 0.181516
vt 0.672350 0.638687
vt 0.672350 0.642248
vt 0.005632 0.181516
vt 0.791320 0.164248
vt 0.672350 0.843438
vt 0.676739 0.843438
vt 0.224775 0.173177
vt 0.751463 0.638687
vt 0.751463 0.839877
vt 0.844145 0.164248
vt 0.848534 0.164248
vt 0.112614 0.002075
vt 0.840585 0.084779
vt 0.538525 0.900609
vt 0.850578 0.084779
vt 0.538525 0.896220
vt 0.043964 0.582098
vt 0.214025 0.901940
vt 0.455497 0.902681
vt 0.395710 0.544394
vt 0.214025 0.693102
vt 0.041892 0.373260
vt 0.395710 0.633027
vt 0.395710 0.629466
vt 0.837091 0.640554
vt 0.000000 0.102048
vt 0.115038 0.000003
vt 0.125149 0.375304
vt 0.754063 0.644114
vt 0.214025 0.695146
vt 0.214025 0.698706
vt 0.391321 0.629466
vt 0.130997 0.695146
vt 0.226847 0.093708
vt 0.130997 0.698706
vt 0.214782 0.093708
vt 0.747074 0.636643
vt 0.214782 0.173177
vt 0.320986 0.547954
vt 0.012065 0.181516
vt 0.118598 0.002075
vt 0.118598 0.006464
vt 0.320986 0.627423
vt 0.120642 0.006464
vt 0.837091 0.845304
vt 0.538525 0.819424
vt 0.076755 0.006464
vt 0.125149 0.580055
vt 0.455497 0.819424
vt 0.754063 0.847348
vt 0.214025 0.899896
vt 0.112614 0.006464
vt 0.130997 0.899896
vt 0.538525 0.902681
vt 0.130997 0.901940
vt 0.074711 0.004392
vt 0.074711 0.000003
vt 0.071151 0.004392
vt 0.538525 0.821496
vt 0.455497 0.821496
vt 0.455497 0.825885
vt 0.316597 0.544394
vt 0.118688 0.373260
vt 0.002072 0.102048
vt 0.316597 0.627423
vt 0.837091 0.638510
vt 0.120642 0.000003
vt 0.670278 0.642248
vt 0.000000 0.181516
vt 0.757622 0.841744
vt 0.793391 0.164248
vt 0.837091 0.841744
vt 0.071151 0.006464
vt 0.781326 0.084779
vt 0.076755 0.000003
vt 0.459056 0.819424
vt 0.676739 0.845482
vt 0.781326 0.164248
vt 0.757622 0.638510
vt 0.838513 0.084779
vt 0.109053 0.000003
vt 0.459056 0.902681
vt 0.753535 0.839877
vt 0.838513 0.164248
vt 0.850578 0.164248
vt 0.747074 0.845481
vt 0.130997 0.693102
vt 0.226847 0.173177
vt 0.753535 0.642248
vt 0.397782 0.547954
vt 0.455497 0.896220
vt 0.391321 0.544394
vt 0.214025 0.896336
vt 0.754063 0.841744
vt 0.754063 0.638510
vt 0.314525 0.544394
vn 0.000000 0.000000 1.000000
vn 0.000000 0.000000 1.000000
vn 0.000000 0.000000 1.000000
vn 0.000000 0.000000 1.000000
vn 0.000000 1.000000 0.000000
vn 0.000000 1.000000 0.000000
vn 0.000000 1.000000 0.000000
vn 0.000000 1.000000 0.000000
vn 0.000000 0.000000 -1.000000
vn 0.000000 0.000000 -1.000000
vn 0.000000 0.000000 -1.000000
vn 0.000000 0.000000 -1.000000
vn 0.000000 -1.000000 0.000000
vn 0.000000 -1.000000 0.000000
vn 0.000000 -1.000000 0.000000
vn 0.000000 -1.000000 0.000000
vn 1.000000 0.000000 0.000000
vn 1.000000 0.000000 0.000000
vn 1.000000 0.000000 0.000000
vn 1.000000 0.000000 0.000000
vn -1.000000 0.000000 0.000000
vn -1.000000 0.000000 0.000000
vn -1.000000 0.000000 0.000000
vn -1.000000 0.000000 0.000000
vn 0.000000 0.000000 1.000000
vn 0.000000 0.000000 1.000000
vn 0.000000 0.000000 1.000000
vn 0.000000 0.000000 1.000000
vn 0.000000 1.000000 0.000000
vn 0.000000 1.000000 0.000000
vn 0.000000 1.000000 0.000000
vn 0.000000 1.000000 0.000000
vn 0.000000 0.000000 -1.000000
vn 0.000000 0.000000 -1.000000
vn 0.000000 0.000000 -1.000000
vn 0.000000 0.000000 -1.000000
vn 0.000000 -1.000000 0.000000
vn 0.000000 -1.000000 0.000000
vn 0.000000 -1.000000 0.000000
vn 0.000000 -1.000000 0.000000
vn 0.000000 0.000000 1.000000
vn 0.000000 0.000000 1.000000
vn 0.000000 1.000000 0.000000
vn 0.000000 1.000000 0.000000
vn 0.000000 0.000000 -1.000000
vn 0.000000 0.000000 -1.000000
vn 0.000000 -1.000000 0.000000
vn 0.000000 -1.000000 0.000000
vn 0.000000 -1.000000 0.000000
vn 0.000000 -1.000000 0.000000
vn 0.000000 -1.000000 0.000000
vn 0.000000 -1.000000 -0.000000
vn -0.000000 -1.000000 -0.000000
vn 0.000000 -1.000000 0.000000
vn -1.000000 0.000000 0.000000
vn -1.000000 0.000000 0.000000
vn -1.000000 0.000000 0.000000
vn -1.000000 0.000000 0.000000
vn 0.000000 1.000000 0.000000
vn 0.000000 1.000000 0.000000
vn 0.000000 1.000000 0.000000
vn 0.000000 1.000000 0.000000
vn 0.000000 1.000000 0.000000
vn 0.000000 1.000000 0.000000
vn 0.000000 1.000000 0.000000
vn 0.000000 1.000000 0.000000
vn 0.000000 1.000000 0.000000
vn 0.000000 1.000000 0.000000
vn 1.000000 0.000000 0.000000
vn 1.000000 0.000000 0.000000
vn 1.000000 0.000000 0.000000
vn 1.000000 0.000000 0.000000
vn 0.000000 -1.000000 0.000000
vn 0.000000 -1.000000 0.000000
vn 0.000000 -1.000000 0.000000
vn 0.000000 -1.000000 0.000000
vn 0.000000 -1.000000 -0.000000
vn -0.000000 -1.000000 -0.000000
vn -0.000000 -1.000000 -0.000000
vn -0.000000 -1.000000 -0.000000
vn -1.000000 0.000000 0.000000
vn -1.000000 0.000000 0.000000
vn 0.000000 1.000000 0.000000
vn 0.000000 1.000000 0.000000
vn 0.000000 1.000000 0.000000
vn 0.000000 1.000000 0.000000
vn 0.000000 1.000000 0.000000
vn 1.000000 0.000000 0.000000
vn 1.000000 0.000000 0.000000
vn 0.000003 -1.000000 -0.000000
vn 0.000000 -1.000000 -0.000000
vn 0.000000 -1.000000 -0.000000
vn 0.000003 -1.000000 -0.000000
vn 0.000000 0.000000 -1.000000
vn 0.000000 0.000000 -1.000000
vn 0.000000 0.000000 -1.000000
vn 0.000000 0.000000 -1.000000
vn 1.000000 0.000000 0.000000
vn 1.000000 0.000000 0.000000
vn 1.000000 0.000000 0.000000
vn 1.000000 0.000000 0.000000
vn -1.000000 0.000000 0.000000
vn -1.000000 0.000000 0.000000
vn -1.000000 0.000000 0.000000
vn -1.000000 0.000000 0.000000
vn 0.000000 0.000000 1.000000
vn 0.000000 0.000000 1.000000
vn 0.000000 0.000000 1.000000
vn 0.000000 0.000000 1.000000
vn -1.000000 0.000000 0.000000
vn -1.000000 0.000000 0.000000
vn -1.000000 0.000000 0.000000
vn -1.000000 0.000000 0.000000
vn 0.000000 0.000000 -1.000000
vn 0.000000 0.000000 -1.000000
vn 0.000000 0.000000 -1.000000
vn 0.000000 0.000000 -1.000000
vn 1.000000 0.000000 0.000000
vn 1.000000 0.000000 0.000000
vn 1.000000 0.000000 0.000000
vn 1.000000 0.000000 0.000000
vn 0.000000 0.000000 1.000000
vn 0.000000 0.000000 1.000000
vn 0.000000 0.000000 1.000000
vn 0.000000 0.000000 1.000000
vn -1.000000 0.000000 0.000000
vn -1.000000 0.000000 0.000000
vn -1.000000 0.000000 0.000000
vn -1.000000 0.000000 0.000000
vn 0.000000 0.000000 -1.000000
vn 0.000000 0.000000 -1.000000
vn 0.000000 0.000000 -1.000000
vn 0.000000 0.000000 -1.000000
vn 1.000000 0.000000 0.000000
vn 1.000000 0.000000 0.000000
vn 1.000000 0.000000 0.000000
vn 1.000000 0.000000 0.000000
vn 0.000000 0.000000 1.000000
vn 0.000000 0.000000 1.000000
vn 0.000000 0.000000 1.000000
vn 0.000000 0.000000 1.000000
vn -1.000000 0.000000 0.000000
vn -1.000000 0.000000 0.000000
vn -1.000000 0.000000 0.000000
vn -1.000000 0.000000 0.000000
vn 0.000000 -1.000000 0.000000
vn 0.000000 -1.000000 0.000000
vn 1.000000 0.000000 0.000000
vn 1.000000 0.000000 0.000000
vn 1.000000 0.000000 0.000000
vn 1.000000 0.000000 0.000000
vn 0.000000 -1.000000 0.000000
vn 0.000000 -1.000000 0.000000
vn 0.000000 -1.000000 0.000000
vn 0.000000 -1.000000 0.000000
vn -1.000000 0.000000 0.000000
vn -1.000000 0.000000 0.000000
vn -1.000000 0.000000 0.000000
vn -1.000000 0.000000 0.000000
vn 0.000000 1.000000 0.000000
vn 0.000000 1.000000 0.000000
vn 0.000000 1.000000 0.000000
vn 0.000000 1.000000 0.000000
vn 0.000000 1.000000 0.000000
vn 1.000000 0.000000 0.000000
vn 1.000000 0.000000 0.000000
vn 1.000000 0.000000 0.000000
vn 1.000000 0.000000 0.000000
vn 0.000000 -1.000000 0.000000
vn 0.000000 -1.000000 0.000000
vn 0.000000 -1.000000 0.000000
vn 0.000000 -1.000000 0.000000
vn 0.000000 0.000000 -1.000000
vn 0.000000 0.000000 -1.000000
vn 0.000000 0.000000 1.000000
vn 0.000000 0.000000 1.000000
vn 0.000000 -1.000000 0.000000
vn 0.000000 -1.000000 0.000000
vn 0.000000 -1.000000 0.000000
vn 0.000000 -1.000000 0.000000
vn 0.000000 -1.000000 0.000000
vn 0.000000 0.000000 -1.000000
vn 0.000000 0.000000 -1.000000
vn 0.000000 0.000000 -1.000000
vn 0.000000 0.000000 -1.000000
vn -0.000003 -1.000000 -0.000000
vn -0.000003 -1.000000 -0.000000
vn 0.000000 0.000000 1.000000
vn 0.000000 0.000000 1.000000
vn 0.000000 0.000000 1.000000
vn 0.000000 0.000000 1.000000
vn 0.000000 -1.000000 0.000000
vn 0.000000 -1.000000 0.000000
vn 0.000000 0.000000 -1.000000
vn 0.000000 0.000000 -1.000000
vn 0.000000 0.000000 -1.000000
vn 0.000000 0.000000 -1.000000
vn 0.000000 1.000000 0.000000
vn 0.000000 1.000000 0.000000
vn 0.000000 1.000000 0.000000
vn 0.000000 1.000000 0.000000
vn 0.000000 1.000000 0.000000
vn 0.000000 1.000000 0.000000
vn 0.000000 0.000000 1.000000
vn 0.000000 0.000000 1.000000
vn 0.000000 0.000000 1.000000
vn 0.000000 0.000000 1.000000
vn 0.000000 -1.000000 0.000000
vn 0.000000 -1.000000 0.000000
vn 0.000000 -1.000000 0.000000
vn -1.000000 0.000000 0.000000
vn -1.000000 0.000000 0.000000
vn 1.000000 0.000000 0.000000
vn 1.000000 0.000000 0.000000
vn 0.000000 -1.000000 0.000000
vn 0.000000 -1.000000 0.000000
vn -1.000000 0.000000 0.000000
vn -1.000000 0.000000 0.000000
vn -1.000000 0.000000 0.000000
vn -1.000000 0.000000 0.000000
vn 1.000000 0.000000 0.000000
vn 1.000000 0.000000 0.000000
vn 1.000000 0.000000 0.000000
vn 1.000000 0.000000 0.000000
vn 0.000000 0.000000 1.000000
vn 0.000000 0.000000 1.000000
vn 0.000000 0.000000 1.000000
vn 0.000000 0.000000 1.000000
vn 0.000000 0.000000 1.000000
vn 0.000000 0.000000 1.000000
vn 0.000000 0.000000 1.000000
vn 0.000000 0.000000 1.000000
vn 0.000000 -1.000000 0.000000
vn 0.000000 -1.000000 0.000000
vn 0.000000 -1.000000 0.000000
vn 0.000000 -1.000000 0.000000
vn 0.000000 -1.000000 0.000000
vn 0.000000 -1.000000 0.000000
vn 0.000000 -1.000000 0.000000
vn 0.000000 -1.000000 0.000000
vn -1.000000 0.000000 0.000000
vn -1.000000 0.000000 0.000000
vn -1.000000 0.000000 0.000000
vn -1.000000 0.000000 0.000000
vn 1.000000 0.000000 0.000000
vn 1.000000 0.000000 0.000000
vn 1.000000 0.000000 0.000000
vn 1.000000 0.000000 0.000000
vn 0.000000 0.000000 -1.000000
vn 0.000000 0.000000 -1.000000
vn 0.000000 0.000000 -1.000000
vn 0.000000 0.000000 -1.000000
vn -0.000002 0.000000 -1.000000
vn -0.000002 0.000000 -1.000000
vn -0.000002 0.000000 -1.000000
vn -0.000002 0.000000 -1.000000
vn -0.000006 -1.000000 -0.000002
vn -0.000006 -1.000000 -0.000002
vn -0.000006 -1.000000 -0.000002
vn -0.000006 -1.000000 -0.000002
vn 0.000006 -1.000000 -0.000002
vn 0.000006 -1.000000 -0.000002
vn 0.000006 -1.000000 -0.000002
vn 0.000006 -1.000000 -0.000002
s 1
g Mesa1
usemtl initialShadingGroup
f 1740/2041/5433 1670/2042/5434 1671/2174/5435 1739/2044/5436
s 2
f 1750/2045/5437 1751/2046/5438 1672/2047/5439 1735/2048/5440
s 3
f 1735/2175/5441 1672/2176/5442 1673/2049/5443 1734/2050/5444
s 4
f 1733/2051/5445 1691/2052/5446 1745/2168/5447 1746/2169/5448
s 5
f 1755/2055/5449 1665/2227/5450 1663/2164/5451 1754/2058/5452
s 6
f 1664/2235/5453 1748/2060/5454 1749/2165/5455 1662/2062/5456
s 1
f 1726/2063/5457 1659/2064/5458 1661/2195/5459 1725/2066/5460
s 2
f 1721/2067/5461 1753/2068/5462 1754/2162/5463 1663/2057/5464
s 3
f 1720/2069/5465 1721/2196/5466 1663/2163/5467 1665/2056/5468
s 10
f 1756/2070/5469 1757/2157/5470 1719/2072/5471 1695/2073/5472
s 1
f 1670/2042/5434 1666/2215/5473 1667/2239/5474 1671/2174/5435
s 2
f 1672/2047/5439 1751/2046/5438 1752/2076/5475 1668/2077/5476
s 3
f 1673/2049/5443 1672/2176/5442 1668/2238/5477 1669/2078/5478
s 11
f 1744/2079/5479 1673/2234/5480 1669/2228/5481 1743/2154/5482
f 1704/2147/5483 1675/2082/5484 1674/2083/5485 1703/2084/5486
s 6
f 1677/2085/5487 1676/2184/5488 1707/2087/5489 1708/2207/5490
s 2
f 1738/2089/5491 1709/2090/5492 1678/2091/5493 1737/2092/5494
f 1679/2093/5495 1678/2091/5493 1709/2090/5492 1710/2094/5496
f 1680/2095/5497 1723/2096/5498 1724/2097/5499 1711/2098/5500
s 5
f 1712/2099/5501 1681/2100/5502 1680/2206/5503 1711/2205/5504
s 17
f 1713/2101/5505 1714/2201/5506 1715/2202/5507 1700/2220/5508
s 11
f 1675/2082/5484 1683/2105/5509 1682/2106/5510 1674/2083/5485
f 1731/2143/5511 1683/2105/5509 1675/2082/5484 1730/2108/5512
s 6
f 1685/2237/5513 1684/2110/5514 1676/2184/5488 1677/2085/5487
s 2
f 1737/2092/5494 1678/2091/5493 1686/2111/5515 1736/2112/5516
f 1687/2113/5517 1686/2111/5515 1678/2091/5493 1679/2093/5495
f 1688/2114/5518 1722/2115/5519 1723/2096/5498 1680/2095/5497
s 5
f 1681/2100/5502 1689/2116/5520 1688/2236/5521 1680/2206/5503
s 11
f 1681/2222/5522 1716/2151/5523 1717/2118/5524 1689/2231/5525
s 18
f 1734/2050/5526 1673/2049/5527 1691/2180/5528 1733/2178/5529
s off
f 1673/2233/5530 1744/2152/5531 1745/2053/5532 1691/2179/5533
s 19
f 1748/2060/5534 1664/2235/5535 1690/2119/5536 1747/2120/5537
s off
f 1689/2230/5538 1717/2156/5539 1718/2121/5540 1693/2160/5541
f 1743/2080/5542 1669/2229/5543 1694/2225/5544 1742/2158/5545
s 20
f 1720/2069/5546 1665/2056/5547 1695/2200/5548 1719/2198/5549
s 21
f 1665/2227/5550 1755/2055/5551 1756/2159/5552 1695/2199/5553
s 22
f 1670/2042/5554 1740/2041/5555 1741/2170/5556 1697/2126/5557
s 23
f 1707/2087/5558 1676/2184/5559 1696/2188/5560 1706/2210/5561
s off
f 1716/2117/5562 1681/2223/5563 1700/2219/5564 1715/2103/5565
s 24
f 1681/2100/5566 1712/2099/5567 1713/2204/5568 1700/2104/5569
s 25
f 1659/2064/5570 1726/2063/5571 1727/2190/5572 1701/2130/5573
s off
f 1666/2216/5574 1703/2149/5575 1702/2131/5576 1699/2132/5577
s 11
f 1670/2213/5578 1704/2147/5483 1703/2084/5486 1666/2074/5579
s off
f 1705/2209/5580 1704/2081/5581 1670/2214/5582 1697/2171/5583
s 26
f 1741/2125/5584 1728/2186/5585 1705/2133/5586 1697/2172/5587
s 23
f 1658/2135/5588 1707/2087/5558 1706/2210/5561 1698/2136/5589
s 6
f 1708/2207/5490 1707/2087/5489 1658/2135/5590 1660/2241/5591
s 2
f 1739/2173/5592 1671/2043/5593 1709/2090/5492 1738/2089/5491
f 1710/2094/5496 1709/2090/5492 1671/2043/5593 1667/2075/5594
f 1711/2098/5500 1724/2097/5499 1725/2193/5595 1661/2065/5596
s 5
f 1659/2221/5597 1712/2099/5501 1711/2205/5504 1661/2194/5598
s 24
f 1713/2204/5568 1712/2099/5567 1659/2221/5599 1701/2191/5600
s 17
f 1727/2129/5601 1714/2201/5506 1713/2101/5505 1701/2192/5602
s 11
f 1717/2118/5524 1716/2151/5523 1674/2083/5485 1682/2106/5510
s 10
f 1719/2072/5471 1757/2157/5470 1742/2124/5603 1694/2226/5604
s 20
f 1669/2078/5605 1720/2069/5546 1719/2198/5549 1694/2123/5606
s 3
f 1669/2078/5478 1668/2238/5477 1721/2196/5466 1720/2069/5465
s 2
f 1668/2077/5476 1752/2076/5475 1753/2068/5462 1721/2067/5461
f 1723/2096/5498 1722/2115/5519 1687/2113/5517 1679/2093/5495
f 1724/2097/5499 1723/2096/5498 1679/2093/5495 1710/2094/5496
f 1725/2193/5595 1724/2097/5499 1710/2094/5496 1667/2075/5594
s 1
f 1666/2215/5473 1726/2063/5457 1725/2066/5460 1667/2239/5474
s 25
f 1727/2190/5572 1726/2063/5571 1666/2215/5607 1699/2217/5608
s 17
f 1699/2218/5609 1702/2203/5610 1714/2201/5506 1727/2129/5601
s 26
f 1696/2189/5611 1729/2187/5612 1728/2186/5585 1706/2128/5613
s off
f 1676/2185/5614 1730/2145/5615 1729/2138/5616 1696/2127/5617
s 11
f 1684/2182/5618 1731/2143/5511 1730/2108/5512 1676/2086/5619
s off
f 1732/2139/5620 1731/2107/5621 1684/2183/5622 1692/2181/5623
s 4
f 1690/2119/5624 1733/2051/5445 1746/2169/5448 1747/2120/5625
s 18
f 1664/2059/5626 1734/2050/5526 1733/2178/5529 1690/2232/5627
s 3
f 1662/2166/5628 1735/2175/5441 1734/2050/5444 1664/2059/5629
s 2
f 1749/2061/5630 1750/2045/5437 1735/2048/5440 1662/2167/5631
f 1677/2208/5632 1737/2092/5494 1736/2112/5516 1685/2109/5633
f 1708/2088/5634 1738/2089/5491 1737/2092/5494 1677/2208/5632
f 1660/2137/5635 1739/2173/5592 1738/2089/5491 1708/2088/5634
s 1
f 1658/2224/5636 1740/2041/5433 1739/2044/5436 1660/2240/5637
s 22
f 1741/2170/5556 1740/2041/5555 1658/2224/5638 1698/2211/5639
s 26
f 1706/2128/5613 1728/2186/5585 1741/2125/5584 1698/2212/5640
s 11
f 1683/2105/5509 1744/2079/5479 1743/2154/5482 1682/2106/5510
s 4
f 1747/2120/5625 1746/2169/5448 1732/2177/5641 1692/2140/5642
s 19
f 1684/2110/5643 1748/2060/5534 1747/2120/5537 1692/2140/5644
s 6
f 1749/2165/5455 1748/2060/5454 1684/2110/5514 1685/2237/5513
s 2
f 1685/2109/5633 1736/2112/5516 1750/2045/5437 1749/2061/5630
f 1736/2112/5516 1686/2111/5515 1751/2046/5438 1750/2045/5437
f 1752/2076/5475 1751/2046/5438 1686/2111/5515 1687/2113/5517
f 1753/2068/5462 1752/2076/5475 1687/2113/5517 1722/2115/5519
f 1754/2162/5463 1753/2068/5462 1722/2115/5519 1688/2114/5518
s 5
f 1689/2116/5520 1755/2055/5449 1754/2058/5452 1688/2236/5521
s 21
f 1756/2159/5552 1755/2055/5551 1689/2116/5645 1693/2161/5646
s 10
f 1693/2122/5647 1718/2197/5648 1757/2157/5470 1756/2070/5469
s off
f 1757/2071/5649 1718/2121/5650 1717/2156/5651 1758/2155/5652
f 1732/2139/5653 1746/2054/5654 1759/2142/5655 1731/2107/5656
f 1743/2080/5657 1742/2158/5658 1757/2071/5659 1758/2155/5660
f 1745/2053/5661 1744/2152/5662 1759/2142/5663 1746/2054/5664
f 1682/2106/5665 1743/2154/5666 1758/2141/5667 1717/2118/5668
f 1744/2079/5669 1683/2105/5670 1731/2143/5671 1759/2153/5672
f 1715/2103/5673 1714/2102/5674 1760/2144/5675 1716/2117/5676
f 1728/2134/5677 1729/2138/5678 1730/2145/5679 1761/2148/5680
f 1702/2131/5681 1703/2149/5682 1760/2144/5683 1714/2102/5684
f 1704/2081/5685 1705/2209/5686 1728/2134/5687 1761/2148/5688
f 1703/2084/5689 1674/2083/5690 1716/2151/5691 1760/2150/5692
f 1675/2082/5693 1704/2147/5694 1761/2146/5695 1730/2108/5696
g default
v -0.051342 0.531169 -1.161025
v -0.164493 0.531169 -1.330367
v -0.333834 0.531169 -1.443517
v -0.533586 0.531169 -1.483250
v -0.733338 0.531169 -1.443517
v -0.902680 0.531169 -1.330367
v -1.015830 0.531169 -1.161026
v -1.055563 0.531169 -0.961274
v -1.015830 0.531169 -0.761522
v -0.902680 0.531169 -0.592180
v -0.733338 0.531169 -0.479030
v -0.533586 0.531169 -0.439296
v -0.333834 0.531169 -0.479029
v -0.164493 0.531169 -0.592180
v -0.051343 0.531169 -0.761521
v -0.011609 0.531169 -0.961273
v -0.051342 2.226464 -1.161025
v -0.164493 2.226464 -1.330367
v -0.333834 2.226464 -1.443517
v -0.533586 2.226464 -1.483250
v -0.733338 2.226464 -1.443517
v -0.902680 2.226464 -1.330367
v -1.015830 2.226464 -1.161026
v -1.055563 2.226464 -0.961274
v -1.015830 2.226464 -0.761522
v -0.902680 2.226464 -0.592180
v -0.733338 2.226464 -0.479030
v -0.533586 2.226464 -0.439296
v -0.333834 2.226464 -0.479029
v -0.164493 2.226464 -0.592180
v -0.051343 2.226464 -0.761521
v -0.011609 2.226464 -0.961273
vt 0.418796 0.229919
vt 0.418796 0.252911
vt 0.227416 0.252911
vt 0.227416 0.229919
vt 0.418796 0.275902
vt 0.227416 0.275902
vt 0.418796 0.298894
vt 0.227416 0.298894
vt 0.418796 0.321886
vt 0.227416 0.321885
vt 0.418796 0.344877
vt 0.227416 0.344877
vt 0.418796 0.367869
vt 0.227416 0.000003
vt 0.418796 0.022995
vt 0.227416 0.022995
vt 0.418796 0.045986
vt 0.227416 0.045986
vt 0.418796 0.068978
vt 0.227416 0.068978
vt 0.418796 0.091969
vt 0.227416 0.091969
vt 0.418796 0.114961
vt 0.227416 0.114961
vt 0.418796 0.137953
vt 0.227416 0.137953
vt 0.418796 0.160944
vt 0.227416 0.160944
vt 0.418796 0.183936
vt 0.227416 0.183936
vt 0.418796 0.206928
vt 0.227416 0.206927
vt 0.418796 0.000003
vt 0.227416 0.367869
vn 0.923880 0.000000 -0.382683
vn 0.707107 0.000000 -0.707106
vn 0.707107 0.000000 -0.707106
vn 0.923880 0.000000 -0.382683
vn 0.382684 0.000000 -0.923879
vn 0.382684 0.000000 -0.923879
vn 0.000000 0.000000 -1.000000
vn 0.000000 0.000000 -1.000000
vn -0.382683 0.000000 -0.923880
vn -0.382683 0.000000 -0.923880
vn -0.707106 0.000000 -0.707107
vn -0.707106 0.000000 -0.707107
vn -0.923879 0.000000 -0.382684
vn -0.923879 0.000000 -0.382684
vn -1.000000 0.000000 -0.000000
vn -1.000000 0.000000 -0.000000
vn -0.923880 0.000000 0.382683
vn -0.923880 0.000000 0.382683
vn -0.707107 0.000000 0.707107
vn -0.707107 0.000000 0.707107
vn -0.382684 0.000000 0.923880
vn -0.382684 0.000000 0.923880
vn -0.000000 0.000000 1.000000
vn -0.000000 0.000000 1.000000
vn 0.382683 0.000000 0.923880
vn 0.382683 0.000000 0.923880
vn 0.707107 0.000000 0.707107
vn 0.707107 0.000000 0.707107
vn 0.923880 0.000000 0.382684
vn 0.923880 0.000000 0.382684
vn 1.000000 0.000000 0.000000
vn 1.000000 0.000000 0.000000
s 1
g pCylinder9 Experimento
usemtl lambert2SG
f 1762/2242/5697 1763/2243/5698 1779/2244/5699 1778/2245/5700
f 1763/2243/5698 1764/2246/5701 1780/2247/5702 1779/2244/5699
f 1764/2246/5701 1765/2248/5703 1781/2249/5704 1780/2247/5702
f 1765/2248/5703 1766/2250/5705 1782/2251/5706 1781/2249/5704
f 1766/2250/5705 1767/2252/5707 1783/2253/5708 1782/2251/5706
f 1767/2252/5707 1768/2254/5709 1784/2275/5710 1783/2253/5708
f 1768/2274/5709 1769/2256/5711 1785/2257/5712 1784/2255/5710
f 1769/2256/5711 1770/2258/5713 1786/2259/5714 1785/2257/5712
f 1770/2258/5713 1771/2260/5715 1787/2261/5716 1786/2259/5714
f 1771/2260/5715 1772/2262/5717 1788/2263/5718 1787/2261/5716
f 1772/2262/5717 1773/2264/5719 1789/2265/5720 1788/2263/5718
f 1773/2264/5719 1774/2266/5721 1790/2267/5722 1789/2265/5720
f 1774/2266/5721 1775/2268/5723 1791/2269/5724 1790/2267/5722
f 1775/2268/5723 1776/2270/5725 1792/2271/5726 1791/2269/5724
f 1776/2270/5725 1777/2272/5727 1793/2273/5728 1792/2271/5726
f 1777/2272/5727 1762/2242/5697 1778/2245/5700 1793/2273/5728
g default
v -3.620156 0.030339 -4.819387
v -2.832376 0.030339 -4.819387
v -3.540054 0.030339 -4.968730
v -2.912477 0.030339 -4.968730
v -3.426240 0.030339 -5.124387
v -3.026292 0.030339 -5.124387
v -3.304094 0.027114 -5.201642
v -3.148438 0.027114 -5.201642
v -3.794161 0.030339 -4.630299
v -2.658371 0.030339 -4.630299
v -3.914312 0.030339 -4.408866
v -2.538220 0.030339 -4.408866
v -3.974398 0.030339 -4.052141
v -2.478134 0.030339 -4.052141
v -3.951468 0.030339 -3.757873
v -2.501064 0.030339 -3.757873
v -3.855399 0.030339 -3.545584
v -2.597133 0.030339 -3.545584
v -3.736053 0.030339 -3.337662
v -2.716478 0.030339 -3.337662
v -3.534110 0.030339 -3.122048
v -2.918422 0.030339 -3.122048
v -3.425222 0.030339 -2.995890
v -3.027310 0.030339 -2.995890
v -3.496157 0.030339 -2.904083
v -2.956375 0.030339 -2.904082
v -3.588270 0.030339 -2.791135
v -2.864262 0.030339 -2.791135
v -3.664001 0.030339 -2.617043
v -2.788532 0.030339 -2.617043
v -3.681141 0.030339 -2.500496
v -2.771392 0.030339 -2.500496
v -3.675218 0.030339 -2.376036
v -2.777315 0.030339 -2.376036
v -3.619751 0.030339 -2.227451
v -2.832781 0.030339 -2.227451
v -3.511866 0.030339 -2.057771
v -2.940666 0.030339 -2.057771
v -3.364245 0.030339 -1.958857
v -3.088286 0.030339 -1.958857
v -3.284884 0.027114 -1.930265
v -3.167648 0.027114 -1.930265
v -3.751452 0.001315 -4.819387
v -3.644650 0.001315 -4.968730
v -2.701079 0.001315 -4.819387
v -2.807881 0.001315 -4.968730
v -3.492898 0.001315 -5.124387
v -2.959634 0.001315 -5.124387
v -3.312798 0.001315 -5.209978
v -3.139734 0.001315 -5.209978
v -3.983459 0.001315 -4.630299
v -2.469073 0.001315 -4.630299
v -4.143661 0.001315 -4.408866
v -2.308871 0.001315 -4.408866
v -4.223775 0.001315 -4.052141
v -2.228757 0.001315 -4.052141
v -4.193202 0.001315 -3.757873
v -2.259330 0.001315 -3.757873
v -4.065110 0.001315 -3.545584
v -2.387422 0.001315 -3.545584
v -3.905983 0.001315 -3.337662
v -2.546549 0.001315 -3.337662
v -3.636725 0.001315 -3.122048
v -2.815807 0.001315 -3.122048
v -3.491541 0.001315 -2.995890
v -2.960991 0.001315 -2.995890
v -3.586121 0.001315 -2.904082
v -2.866411 0.001315 -2.904082
v -3.708938 0.001315 -2.791134
v -2.743595 0.001315 -2.791134
v -3.809913 0.001315 -2.617043
v -2.642620 0.001315 -2.617043
v -3.832765 0.001315 -2.500496
v -2.619767 0.001315 -2.500496
v -3.824868 0.001315 -2.376036
v -2.627664 0.001315 -2.376036
v -3.750913 0.001315 -2.227451
v -2.701620 0.001315 -2.227451
v -3.607066 0.001315 -2.057772
v -2.845467 0.001315 -2.057772
v -3.410239 0.001315 -1.958857
v -3.042293 0.001315 -1.958857
v -3.296628 0.001315 -1.927808
v -3.155903 0.001315 -1.927808
v -2.377375 0.001315 -4.531934
v -4.195296 0.001315 -4.236534
v -4.223775 0.017900 -4.052141
v -2.228757 0.017900 -4.052141
v -2.257236 0.001315 -4.236534
v -4.222810 0.001315 -3.892887
v -4.193202 0.017900 -3.757873
v -2.259330 0.017900 -3.757873
v -2.229722 0.001315 -3.892887
v -4.135753 0.001315 -3.646197
v -4.065110 0.017900 -3.545584
v -2.387422 0.017900 -3.545584
v -2.316780 0.001315 -3.646197
v -3.995926 0.001315 -3.443760
v -3.905983 0.017900 -3.337662
v -2.546549 0.017900 -3.337662
v -2.456606 0.001315 -3.443760
v -3.773064 0.001315 -3.224229
v -3.636725 0.017900 -3.122048
v -2.815807 0.017900 -3.122048
v -2.679468 0.001315 -3.224229
v -3.536520 0.001315 -3.049710
v -3.491541 0.017900 -2.995890
v -2.960991 0.017900 -2.995890
v -2.916012 0.001315 -3.049710
v -3.520883 0.001315 -2.949263
v -3.586121 0.017900 -2.904082
v -2.866411 0.017900 -2.904082
v -2.931649 0.001315 -2.949263
v -3.648830 0.001315 -2.854603
v -3.708938 0.017900 -2.791134
v -2.743595 0.017900 -2.791134
v -2.803702 0.001315 -2.854603
v -3.766370 0.001315 -2.703987
v -3.809913 0.017900 -2.617043
v -2.642620 0.017900 -2.617043
v -2.686162 0.001315 -2.703987
v -3.828351 0.001315 -2.554185
v -3.832765 0.017900 -2.500496
v -2.619767 0.017900 -2.500496
v -2.624182 0.001315 -2.554185
v -3.834237 0.001315 -2.441063
v -3.824868 0.017900 -2.376036
v -2.627664 0.017900 -2.376036
v -2.618296 0.001315 -2.441063
v -3.796762 0.001315 -2.305563
v -3.750913 0.017900 -2.227451
v -2.701620 0.017900 -2.227451
v -2.655770 0.001315 -2.305563
v -3.688315 0.001315 -2.139507
v -3.607065 0.017900 -2.057772
v -2.845467 0.017900 -2.057772
v -2.764217 0.001315 -2.139507
v -3.505263 0.001315 -1.998287
v -3.410239 0.017900 -1.958857
v -3.042293 0.017900 -1.958857
v -2.947269 0.001315 -1.998287
v -3.349323 0.001315 -1.937288
v -3.296628 0.017900 -1.927809
v -3.155903 0.017900 -1.927809
v -3.103209 0.001315 -1.937288
v -3.226266 0.001315 -1.924649
v -3.226266 0.034485 -4.819387
v -2.877688 0.030339 -4.895687
v -3.226266 0.034485 -4.968730
v -3.574843 0.030339 -4.895687
v -2.963999 0.030339 -5.049827
v -3.226266 0.034485 -5.124387
v -3.488533 0.030339 -5.049827
v -3.093395 0.030339 -5.177823
v -3.226266 0.030339 -5.209978
v -3.359137 0.030339 -5.177823
v -3.703248 0.030339 -4.728520
v -3.226266 0.034485 -4.630299
v -2.749284 0.030339 -4.728520
v -3.862934 0.030339 -4.531934
v -3.226266 0.034485 -4.408866
v -2.589598 0.030339 -4.531934
v -3.953038 0.030339 -4.236534
v -3.226266 0.034485 -4.052141
v -2.499494 0.030339 -4.236534
v -3.973674 0.030339 -3.892887
v -3.226266 0.034485 -3.757873
v -2.478858 0.030339 -3.892887
v -3.908381 0.030339 -3.646197
v -3.226266 0.034485 -3.545584
v -2.544151 0.030339 -3.646197
v -3.803511 0.030339 -3.443760
v -3.226266 0.034485 -3.337662
v -2.649021 0.030339 -3.443760
v -3.636365 0.030339 -3.224229
v -3.226266 0.034485 -3.122048
v -2.816167 0.030339 -3.224229
v -3.458956 0.030339 -3.049710
v -3.226266 0.034485 -2.995890
v -2.993576 0.030339 -3.049710
v -3.447229 0.030339 -2.949263
v -3.226266 0.034485 -2.904082
v -3.005303 0.030339 -2.949263
v -3.543189 0.030339 -2.854603
v -3.226266 0.034485 -2.791134
v -2.909343 0.030339 -2.854603
v -3.631344 0.030339 -2.703987
v -3.226266 0.034485 -2.617043
v -2.821188 0.030339 -2.703987
v -3.677830 0.030339 -2.554185
v -3.226266 0.034485 -2.500496
v -2.774703 0.030339 -2.554185
v -3.682244 0.030339 -2.441063
v -3.226266 0.034485 -2.376036
v -2.770288 0.030339 -2.441063
v -3.654138 0.030339 -2.305563
v -3.226266 0.034485 -2.227451
v -2.798394 0.030339 -2.305563
v -3.572803 0.030339 -2.139507
v -3.226266 0.034485 -2.057772
v -2.879730 0.030339 -2.139507
v -3.435514 0.030339 -1.998287
v -3.226266 0.034485 -1.958857
v -3.017018 0.030339 -1.998287
v -3.318559 0.030339 -1.937288
v -3.226266 0.030339 -1.927809
v -3.133973 0.030339 -1.937288
v -3.644650 0.017900 -4.968730
v -3.691036 0.001315 -4.895687
v -3.751452 0.017900 -4.819387
v -2.701079 0.017900 -4.819387
v -2.761496 0.001315 -4.895687
v -2.807881 0.017900 -4.968730
v -3.492898 0.017900 -5.124387
v -3.575955 0.001315 -5.049827
v -2.876577 0.001315 -5.049827
v -2.959634 0.017900 -5.124387
v -3.312798 0.017900 -5.209978
v -3.403427 0.001315 -5.177823
v -3.049105 0.001315 -5.177823
v -3.139734 0.017900 -5.209978
v -3.226266 0.001315 -5.220697
v -3.862242 0.001315 -4.728520
v -3.983459 0.017900 -4.630299
v -2.469073 0.017900 -4.630299
v -2.590290 0.001315 -4.728520
v -4.075157 0.001315 -4.531934
v -4.143661 0.017900 -4.408866
v -2.308871 0.017900 -4.408866
v -3.226266 0.034485 -4.895687
v -3.226266 0.034485 -5.049827
v -3.226266 0.034485 -5.177823
v -3.226266 0.034485 -4.728520
v -3.226266 0.034485 -4.531934
v -3.226266 0.034485 -4.236534
v -3.226266 0.034485 -3.892887
v -3.226266 0.034485 -3.646197
v -3.226266 0.034485 -3.443760
v -3.226266 0.034485 -3.224229
v -3.226266 0.034485 -3.049710
v -3.226266 0.034485 -2.949263
v -3.226266 0.034485 -2.854603
v -3.226266 0.034485 -2.703987
v -3.226266 0.034485 -2.554185
v -3.226266 0.034485 -2.441063
v -3.226266 0.034485 -2.305563
v -3.226266 0.034485 -2.139507
v -3.226266 0.034485 -1.998287
v -3.226266 0.034485 -1.937288
v -3.691036 0.017900 -4.895687
v -2.761496 0.017900 -4.895687
v -3.575955 0.017900 -5.049827
v -2.876577 0.017900 -5.049827
v -3.403427 0.017900 -5.177823
v -3.049105 0.017900 -5.177823
v -3.226266 0.017900 -5.220697
v -3.862242 0.017900 -4.728520
v -2.590290 0.017900 -4.728520
v -4.075157 0.017900 -4.531934
v -2.377375 0.017900 -4.531934
v -4.195296 0.017900 -4.236534
v -2.257236 0.017900 -4.236534
v -4.222810 0.017900 -3.892887
v -2.229722 0.017900 -3.892887
v -4.135753 0.017900 -3.646197
v -2.316780 0.017900 -3.646197
v -3.995926 0.017900 -3.443760
v -2.456606 0.017900 -3.443760
v -3.773064 0.017900 -3.224229
v -2.679468 0.017900 -3.224229
v -3.536520 0.017900 -3.049710
v -2.916012 0.017900 -3.049710
v -3.520883 0.017900 -2.949263
v -2.931649 0.017900 -2.949263
v -3.648830 0.017900 -2.854603
v -2.803702 0.017900 -2.854603
v -3.766370 0.017900 -2.703987
v -2.686162 0.017900 -2.703987
v -3.828351 0.017900 -2.554185
v -2.624182 0.017900 -2.554185
v -3.834237 0.017900 -2.441063
v -2.618296 0.017900 -2.441063
v -3.796762 0.017900 -2.305563
v -2.655770 0.017900 -2.305563
v -3.688315 0.017900 -2.139507
v -2.764217 0.017900 -2.139507
v -3.505263 0.017900 -1.998287
v -2.947269 0.017900 -1.998287
v -3.349323 0.017900 -1.937288
v -3.103209 0.017900 -1.937287
v -3.226266 0.017900 -1.924649
vt 0.050585 0.316663
vt 0.094270 0.325832
vt 0.092449 0.334219
vt 0.053936 0.326114
vt 0.137827 0.335625
vt 0.130851 0.342822
vt 0.125120 0.349956
vt 0.090704 0.342267
vt 0.056197 0.334986
vt 0.088766 0.351216
vt 0.060027 0.345138
vt 0.117442 0.357608
vt 0.108857 0.364371
vt 0.086992 0.359407
vt 0.065040 0.354857
vt 0.085735 0.365208
vt 0.071106 0.362374
vt 0.100214 0.368681
vt 0.093545 0.369868
vt 0.084975 0.368737
vt 0.076698 0.366220
vt 0.096437 0.315865
vt 0.149225 0.327686
vt 0.043539 0.304693
vt 0.036091 0.291643
vt 0.098783 0.305082
vt 0.161446 0.318932
vt 0.101142 0.294226
vt 0.171134 0.309594
vt 0.031167 0.279120
vt 0.028718 0.264315
vt 0.104102 0.280579
vt 0.179491 0.297141
vt 0.108257 0.261401
vt 0.187730 0.279058
vt 0.028687 0.244429
vt 0.030740 0.223677
vt 0.112711 0.240836
vt 0.194427 0.259334
vt 0.116564 0.223066
vt 0.198150 0.241829
vt 0.034583 0.206166
vt 0.040102 0.191762
vt 0.119838 0.207993
vt 0.199074 0.226460
vt 0.122554 0.195518
vt 0.197210 0.213148
vt 0.047325 0.180395
vt 0.055434 0.170500
vt 0.125009 0.184263
vt 0.193943 0.200812
vt 0.127508 0.172854
vt 0.190811 0.188348
vt 0.063486 0.160428
vt 0.073297 0.150146
vt 0.130128 0.160955
vt 0.186185 0.174970
vt 0.132950 0.148259
vt 0.178392 0.159847
vt 0.086767 0.139611
vt 0.100235 0.130138
vt 0.135490 0.136979
vt 0.170255 0.145671
vt 0.137264 0.129182
vt 0.164235 0.135410
vt 0.110159 0.123405
vt 0.115322 0.118217
vt 0.138576 0.123426
vt 0.161851 0.128541
vt 0.139713 0.118437
vt 0.165429 0.123867
vt 0.114143 0.112481
vt 0.110157 0.106053
vt 0.140819 0.113576
vt 0.171850 0.119752
vt 0.142043 0.108164
vt 0.177982 0.115034
vt 0.106664 0.099219
vt 0.103713 0.090985
vt 0.143620 0.101124
vt 0.184170 0.108779
vt 0.145782 0.091390
vt 0.190724 0.099951
vt 0.101452 0.080278
vt 0.100159 0.069919
vt 0.147923 0.081659
vt 0.196222 0.091029
vt 0.149460 0.074627
vt 0.199158 0.084392
vt 0.100235 0.062688
vt 0.101193 0.056729
vt 0.150766 0.068628
vt 0.200758 0.078552
vt 0.152209 0.061997
vt 0.202252 0.072038
vt 0.102523 0.050201
vt 0.104860 0.043251
vt 0.153783 0.054743
vt 0.203002 0.064724
vt 0.155486 0.046894
vt 0.202372 0.056505
vt 0.108831 0.036053
vt 0.114450 0.028362
vt 0.157370 0.038203
vt 0.200449 0.047155
vt 0.159493 0.028421
vt 0.197360 0.036425
vt 0.121704 0.019894
vt 0.130271 0.012364
vt 0.161463 0.019350
vt 0.192691 0.026007
vt 0.162893 0.012781
vt 0.185849 0.017653
vt 0.139975 0.007623
vt 0.148727 0.004991
vt 0.163836 0.008457
vt 0.179007 0.011611
vt 0.164348 0.006109
vt 0.174475 0.008150
vt 0.154298 0.003742
vt 0.158189 0.003682
vt 0.164594 0.004984
vt 0.170958 0.006471
vt 0.040886 0.323702
vt 0.035737 0.313681
vt 0.044658 0.332815
vt 0.042997 0.333677
vt 0.039199 0.324539
vt 0.034143 0.314678
vt 0.143704 0.346055
vt 0.136507 0.352758
vt 0.152561 0.339111
vt 0.153587 0.340689
vt 0.144878 0.347516
vt 0.137660 0.354222
vt 0.050356 0.343248
vt 0.057635 0.353303
vt 0.056224 0.354519
vt 0.048792 0.344276
vt 0.127028 0.359886
vt 0.116247 0.366029
vt 0.128032 0.361464
vt 0.117036 0.367722
vt 0.065907 0.362059
vt 0.075421 0.367322
vt 0.074690 0.369046
vt 0.065030 0.363736
vt 0.105265 0.370030
vt 0.094252 0.371398
vt 0.105932 0.371795
vt 0.094214 0.373261
vt 0.084588 0.370534
vt 0.084201 0.372355
vt 0.025843 0.300596
vt 0.015253 0.286629
vt 0.024320 0.301680
vt 0.013667 0.287615
vt 0.167045 0.331344
vt 0.182533 0.323020
vt 0.183575 0.324577
vt 0.167981 0.332971
vt 0.007973 0.273636
vt 0.003550 0.258689
vt 0.006245 0.274342
vt 0.001712 0.259036
vt 0.194561 0.314183
vt 0.204762 0.302382
vt 0.206297 0.303448
vt 0.195850 0.315535
vt 0.001873 0.238756
vt 0.003115 0.217953
vt 0.000000 0.238790
vt 0.001261 0.217700
vt 0.214516 0.284919
vt 0.221970 0.265470
vt 0.223766 0.265999
vt 0.216210 0.285718
vt 0.007019 0.200671
vt 0.013335 0.186678
vt 0.005242 0.200092
vt 0.011713 0.185752
vt 0.225537 0.248141
vt 0.225541 0.232823
vt 0.227397 0.232640
vt 0.227397 0.248338
vt 0.021898 0.175607
vt 0.031798 0.165929
vt 0.020458 0.174407
vt 0.030466 0.164603
vt 0.222313 0.219251
vt 0.217328 0.206396
vt 0.219088 0.205742
vt 0.224113 0.218751
vt 0.041897 0.156315
vt 0.054200 0.146700
vt 0.040662 0.154910
vt 0.053126 0.145171
vt 0.212144 0.193509
vt 0.204959 0.179717
vt 0.206568 0.178768
vt 0.213852 0.192740
vt 0.071192 0.136981
vt 0.088355 0.128456
vt 0.070242 0.135367
vt 0.087403 0.126847
vt 0.193597 0.163914
vt 0.181674 0.149130
vt 0.183206 0.148077
vt 0.195129 0.162843
vt 0.101003 0.122092
vt 0.106977 0.116337
vt 0.099783 0.120677
vt 0.105154 0.115764
vt 0.173012 0.138144
vt 0.170194 0.130433
vt 0.172074 0.130760
vt 0.174692 0.137405
vt 0.105640 0.110026
vt 0.100248 0.102871
vt 0.103909 0.110628
vt 0.098676 0.103828
vt 0.174213 0.125315
vt 0.182259 0.121088
vt 0.183296 0.122642
vt 0.175543 0.126642
vt 0.095093 0.095718
vt 0.090464 0.087291
vt 0.093473 0.096634
vt 0.088745 0.088020
vt 0.190023 0.116699
vt 0.197799 0.110906
vt 0.199068 0.112277
vt 0.191123 0.118209
vt 0.086512 0.076447
vt 0.084083 0.065932
vt 0.084709 0.076955
vt 0.082232 0.066184
vt 0.205941 0.102618
vt 0.212530 0.094003
vt 0.214118 0.094990
vt 0.207377 0.103821
vt 0.083668 0.058679
vt 0.084408 0.052741
vt 0.081802 0.058623
vt 0.082555 0.052419
vt 0.215913 0.087543
vt 0.217697 0.081812
vt 0.219518 0.082278
vt 0.217637 0.088250
vt 0.085788 0.046250
vt 0.088453 0.039456
vt 0.084008 0.045690
vt 0.086800 0.038594
vt 0.219121 0.075313
vt 0.219497 0.068016
vt 0.221357 0.067899
vt 0.220980 0.075528
vt 0.093123 0.032433
vt 0.099965 0.024952
vt 0.091641 0.031287
vt 0.098652 0.023612
vt 0.218146 0.059686
vt 0.215026 0.050040
vt 0.216775 0.049360
vt 0.219964 0.059249
vt 0.109012 0.016909
vt 0.119823 0.010032
vt 0.107900 0.015405
vt 0.119011 0.008353
vt 0.210135 0.038959
vt 0.203149 0.028215
vt 0.204578 0.027016
vt 0.211770 0.038045
vt 0.132223 0.005782
vt 0.143554 0.003520
vt 0.131710 0.003979
vt 0.143210 0.001674
vt 0.193648 0.019203
vt 0.184311 0.012432
vt 0.185389 0.010902
vt 0.194856 0.017777
vt 0.150771 0.002423
vt 0.157058 0.002422
vt 0.150476 0.000565
vt 0.157299 0.000569
vt 0.178210 0.007803
vt 0.172513 0.005798
vt 0.173065 0.004004
vt 0.178817 0.006018
vt 0.164899 0.003581
vt 0.165293 0.001758
vt 0.179267 0.006865
vt 0.178225 0.008424
vt 0.151240 0.000003
vt 0.151047 0.001871
vt 0.105170 0.372421
vt 0.105064 0.370545
vt 0.064622 0.362817
vt 0.065954 0.361496
vn -0.027274 0.999447 -0.019014
vn -0.000000 0.999992 -0.003921
vn -0.000000 0.999995 -0.003162
vn -0.033810 0.999275 -0.017499
vn 0.027274 0.999447 -0.019014
vn 0.033810 0.999275 -0.017499
vn 0.042076 0.998810 -0.024654
vn 0.000000 0.999993 -0.003763
vn -0.042076 0.998810 -0.024654
vn 0.000000 0.999983 -0.005813
vn -0.047723 0.998193 -0.036505
vn 0.047723 0.998193 -0.036505
vn 0.057305 0.996428 -0.062033
vn 0.000000 0.999947 -0.010268
vn -0.057305 0.996428 -0.062033
vn -0.000000 0.998569 -0.053474
vn -0.065446 0.990470 -0.121182
vn 0.065447 0.990470 -0.121182
vn 0.081067 0.928369 -0.362711
vn -0.000000 0.931765 -0.363062
vn -0.081067 0.928369 -0.362712
vn 0.000000 0.999992 -0.003969
vn 0.024820 0.999435 -0.022673
vn -0.024819 0.999435 -0.022673
vn -0.022725 0.999552 -0.019468
vn 0.000000 0.999996 -0.002994
vn 0.022725 0.999552 -0.019468
vn 0.000000 0.999999 -0.001770
vn 0.020058 0.999731 -0.011629
vn -0.020058 0.999731 -0.011629
vn -0.018418 0.999813 -0.005900
vn 0.000000 1.000000 -0.000918
vn 0.018418 0.999813 -0.005900
vn -0.000000 1.000000 -0.000483
vn 0.017707 0.999839 -0.003081
vn -0.017707 0.999839 -0.003081
vn -0.017450 0.999847 -0.001085
vn -0.000000 1.000000 -0.000168
vn 0.017450 0.999847 -0.001085
vn 0.000000 1.000000 0.000218
vn 0.017535 0.999845 0.001436
vn -0.017535 0.999845 0.001436
vn -0.018073 0.999824 0.005086
vn -0.000000 1.000000 0.000760
vn 0.018073 0.999824 0.005086
vn 0.000000 0.999999 0.001378
vn 0.018598 0.999789 0.008726
vn -0.018598 0.999789 0.008726
vn -0.019591 0.999757 0.010105
vn 0.000000 0.999999 0.001707
vn 0.019591 0.999757 0.010105
vn 0.000000 0.999998 0.002078
vn 0.022333 0.999662 0.013277
vn -0.022333 0.999662 0.013277
vn -0.025999 0.999441 0.021033
vn -0.000000 0.999995 0.003155
vn 0.025999 0.999441 0.021033
vn 0.000000 0.999989 0.004712
vn 0.029172 0.999184 0.027927
vn -0.029172 0.999184 0.027927
vn -0.034461 0.998809 0.034550
vn -0.000000 0.999979 0.006541
vn 0.034461 0.998809 0.034550
vn 0.000000 0.999974 0.007243
vn 0.042755 0.998555 0.032550
vn -0.042755 0.998555 0.032550
vn -0.042338 0.999096 0.003719
vn -0.000000 0.999999 0.001136
vn 0.042338 0.999096 0.003719
vn 0.000000 0.999975 -0.007043
vn 0.047975 0.998357 -0.031343
vn -0.047975 0.998357 -0.031343
vn -0.044781 0.997915 -0.046476
vn 0.000000 0.999970 -0.007769
vn 0.044781 0.997915 -0.046476
vn 0.000000 0.999986 -0.005295
vn 0.037970 0.998755 -0.032365
vn -0.037970 0.998755 -0.032365
vn -0.033600 0.999224 -0.020554
vn 0.000000 0.999995 -0.003325
vn 0.033600 0.999224 -0.020554
vn 0.000000 0.999998 -0.002241
vn 0.031695 0.999396 -0.014256
vn -0.031695 0.999396 -0.014256
vn -0.030997 0.999468 -0.010102
vn 0.000000 0.999999 -0.001492
vn 0.030997 0.999468 -0.010102
vn -0.000000 1.000000 -0.000680
vn 0.029306 0.999560 -0.004517
vn -0.029306 0.999560 -0.004517
vn -0.027705 0.999616 -0.001096
vn -0.000000 1.000000 -0.000178
vn 0.027705 0.999616 -0.001096
vn -0.000000 1.000000 0.000217
vn 0.028551 0.999591 0.001410
vn -0.028551 0.999591 0.001410
vn -0.029723 0.999537 0.006520
vn 0.000000 1.000000 0.000966
vn 0.029723 0.999537 0.006520
vn 0.000000 0.999998 0.001826
vn 0.030750 0.999455 0.011975
vn -0.030750 0.999455 0.011975
vn -0.033028 0.999316 0.016664
vn -0.000000 0.999997 0.002609
vn 0.033028 0.999316 0.016664
vn -0.000000 0.999993 0.003831
vn 0.036860 0.999016 0.024661
vn -0.036860 0.999016 0.024661
vn -0.042328 0.998078 0.045267
vn 0.000000 0.999975 0.007018
vn 0.042328 0.998078 0.045267
vn -0.000000 0.999899 0.014191
vn 0.050093 0.995595 0.079252
vn -0.050093 0.995595 0.079252
vn -0.063696 0.990611 0.120963
vn 0.000000 0.999662 0.025982
vn 0.063696 0.990611 0.120963
vn 0.000000 0.990342 0.138648
vn 0.077205 0.965599 0.248311
vn -0.077205 0.965599 0.248311
vn -0.065943 0.613219 0.787156
vn 0.000000 0.616361 0.787464
vn 0.065943 0.613218 0.787156
vn -0.227715 0.961070 -0.156491
vn -0.188342 0.963752 -0.188970
vn -0.269123 0.944940 -0.186174
vn -0.801306 0.000000 -0.598255
vn -0.813404 0.000000 -0.581700
vn -0.698614 0.000000 -0.715499
vn 0.227715 0.961070 -0.156491
vn 0.269123 0.944940 -0.186174
vn 0.188342 0.963752 -0.188970
vn 0.698615 0.000000 -0.715498
vn 0.813404 0.000000 -0.581700
vn 0.801306 0.000000 -0.598255
vn -0.294657 0.918161 -0.264874
vn -0.329016 0.855424 -0.399997
vn -0.595823 0.000000 -0.803116
vn -0.716028 0.000000 -0.698072
vn 0.294657 0.918161 -0.264874
vn 0.329015 0.855425 -0.399996
vn 0.716028 0.000000 -0.698072
vn 0.595823 0.000000 -0.803116
vn -0.345948 0.682982 -0.643316
vn -0.229140 0.364343 -0.902634
vn -0.235214 0.000000 -0.971944
vn -0.429237 0.000000 -0.903192
vn 0.345947 0.682984 -0.643315
vn 0.229141 0.364342 -0.902635
vn 0.429237 0.000000 -0.903192
vn 0.235214 0.000000 -0.971944
vn -0.000000 0.325467 -0.945553
vn 0.000000 0.000000 -1.000000
vn -0.164786 0.967567 -0.191467
vn -0.149521 0.977468 -0.148995
vn -0.631765 0.000000 -0.775160
vn -0.678372 0.000000 -0.734718
vn 0.164786 0.967567 -0.191467
vn 0.149521 0.977468 -0.148996
vn 0.678372 0.000000 -0.734718
vn 0.631765 0.000000 -0.775160
vn -0.135152 0.986835 -0.088830
vn -0.126194 0.990887 -0.047097
vn -0.810197 0.000000 -0.586158
vn -0.926321 0.000000 -0.376735
vn 0.135152 0.986835 -0.088830
vn 0.126194 0.990887 -0.047097
vn 0.926321 0.000000 -0.376735
vn 0.810196 0.000000 -0.586159
vn -0.121908 0.992215 -0.025469
vn -0.120218 0.992707 -0.008954
vn -0.975697 0.000000 -0.219125
vn -0.996810 0.000000 -0.079811
vn 0.121908 0.992215 -0.025469
vn 0.120218 0.992707 -0.008954
vn 0.996810 0.000000 -0.079810
vn 0.975697 0.000000 -0.219125
vn -0.120647 0.992628 0.011540
vn -0.123499 0.991546 0.039805
vn -0.994646 0.000000 0.103337
vn -0.943002 0.000000 0.332788
vn 0.120647 0.992629 0.011540
vn 0.123499 0.991546 0.039805
vn 0.943002 0.000000 0.332788
vn 0.994646 0.000000 0.103338
vn -0.126834 0.989384 0.070935
vn -0.134238 0.987037 0.087965
vn -0.856211 0.000000 0.516627
vn -0.822804 0.000000 0.568326
vn 0.126833 0.989384 0.070935
vn 0.134238 0.987037 0.087965
vn 0.822804 -0.000011 0.568325
vn 0.856211 -0.000007 0.516626
vn -0.149837 0.982937 0.106694
vn -0.168838 0.973005 0.157336
vn -0.794122 0.000000 0.607758
vn -0.701765 0.000000 0.712409
vn 0.149837 0.982937 0.106694
vn 0.168838 0.973005 0.157335
vn 0.701764 0.000000 0.712409
vn 0.794122 -0.000003 0.607759
vn -0.188256 0.957346 0.219198
vn -0.223342 0.932303 0.284481
vn -0.625062 0.000000 0.780575
vn -0.593689 0.000000 0.804694
vn 0.188256 0.957346 0.219198
vn 0.223342 0.932303 0.284481
vn 0.593689 0.000000 0.804694
vn 0.625062 0.000000 0.780575
vn -0.281363 0.905131 0.318706
vn -0.323439 0.944912 0.050282
vn -0.655916 0.000000 0.754834
vn -0.988099 0.000000 0.153818
vn 0.281362 0.905131 0.318705
vn 0.323439 0.944912 0.050282
vn 0.988099 0.000000 0.153818
vn 0.655916 0.000000 0.754834
vn -0.311198 0.893446 -0.323899
vn -0.273714 0.897892 -0.344777
vn -0.696514 0.000000 -0.717543
vn -0.594758 0.000000 -0.803905
vn 0.311198 0.893446 -0.323898
vn 0.273714 0.897892 -0.344777
vn 0.594759 0.000000 -0.803904
vn 0.696515 0.000000 -0.717542
vn -0.244244 0.938593 -0.243695
vn -0.222508 0.961823 -0.159335
vn -0.676916 0.000000 -0.736061
vn -0.788351 0.000000 -0.615226
vn 0.244244 0.938593 -0.243695
vn 0.222508 0.961823 -0.159335
vn 0.788351 0.000000 -0.615225
vn 0.676916 0.000000 -0.736060
vn -0.211320 0.970742 -0.114033
vn -0.207285 0.975046 -0.079483
vn -0.865027 0.000000 -0.501726
vn -0.924031 0.000000 -0.382317
vn 0.211320 0.970742 -0.114032
vn 0.207285 0.975047 -0.079483
vn 0.924031 0.000000 -0.382317
vn 0.865027 0.000000 -0.501725
vn -0.198508 0.979438 -0.035989
vn -0.189917 0.981756 -0.009288
vn -0.981313 0.000000 -0.192417
vn -0.998649 0.000000 -0.051963
vn 0.198508 0.979438 -0.035990
vn 0.189916 0.981756 -0.009288
vn 0.998649 0.000000 -0.051963
vn 0.981313 0.000000 -0.192418
vn -0.194393 0.980857 0.011459
vn -0.200517 0.978363 0.050987
vn -0.997993 0.000000 0.063324
vn -0.963818 0.000000 0.266560
vn 0.194393 0.980857 0.011459
vn 0.200517 0.978363 0.050986
vn 0.963819 0.000000 0.266558
vn 0.997993 0.000000 0.063324
vn -0.205690 0.974000 0.094951
vn -0.218368 0.966720 0.133297
vn -0.895237 0.000011 0.445590
vn -0.837265 0.000009 0.546798
vn 0.205690 0.974000 0.094950
vn 0.218368 0.966720 0.133297
vn 0.837265 -0.000001 0.546797
vn 0.895238 0.000000 0.445589
vn -0.237832 0.953450 0.185392
vn -0.259713 0.918214 0.299053
vn -0.762783 0.000009 0.646655
vn -0.610828 0.000013 0.791764
vn 0.237831 0.953450 0.185391
vn 0.259713 0.918214 0.299053
vn 0.610827 0.000006 0.791764
vn 0.762783 0.000003 0.646654
vn -0.280879 0.816693 0.504102
vn -0.299579 0.641096 0.706575
vn -0.449033 0.000004 0.893515
vn -0.364291 0.000000 0.931285
vn 0.280880 0.816693 0.504103
vn 0.299581 0.641095 0.706575
vn 0.364293 -0.000003 0.931285
vn 0.449034 0.000002 0.893515
vn -0.275389 0.403886 0.872375
vn -0.113331 0.137874 0.983945
vn -0.263623 0.000004 0.964626
vn -0.102171 0.000008 0.994767
vn 0.275389 0.403890 0.872373
vn 0.113329 0.137872 0.983945
vn 0.102170 0.000004 0.994767
vn 0.263623 -0.000004 0.964626
vn 0.000000 0.105428 0.994427
vn 0.000000 0.000007 1.000000
s 1
g Sangre
usemtl initialShadingGroup
f 1794/2276/5729 1940/2277/5730 2023/2278/5731 1943/2279/5732
f 1940/2277/5730 1795/2280/5733 1941/2281/5734 2023/2278/5731
f 2023/2278/5731 1941/2281/5734 1797/2282/5735 1942/2283/5736
f 1943/2279/5732 2023/2278/5731 1942/2283/5736 1796/2284/5737
f 1796/2284/5737 1942/2283/5736 2024/2285/5738 1946/2286/5739
f 1942/2283/5736 1797/2282/5735 1944/2287/5740 2024/2285/5738
f 2024/2285/5738 1944/2287/5740 1799/2288/5741 1945/2289/5742
f 1946/2286/5739 2024/2285/5738 1945/2289/5742 1798/2290/5743
f 1798/2290/5743 1945/2289/5742 2025/2291/5744 1949/2292/5745
f 1945/2289/5742 1799/2288/5741 1947/2293/5746 2025/2291/5744
f 2025/2291/5744 1947/2293/5746 1801/2294/5747 1948/2295/5748
f 1949/2292/5745 2025/2291/5744 1948/2295/5748 1800/2296/5749
f 1795/2280/5733 1940/2277/5730 2026/2297/5750 1952/2298/5751
f 1940/2277/5730 1794/2276/5729 1950/2299/5752 2026/2297/5750
f 2026/2297/5750 1950/2299/5752 1802/2300/5753 1951/2301/5754
f 1952/2298/5751 2026/2297/5750 1951/2301/5754 1803/2302/5755
f 1803/2302/5755 1951/2301/5754 2027/2303/5756 1955/2304/5757
f 1951/2301/5754 1802/2300/5753 1953/2305/5758 2027/2303/5756
f 2027/2303/5756 1953/2305/5758 1804/2306/5759 1954/2307/5760
f 1955/2304/5757 2027/2303/5756 1954/2307/5760 1805/2308/5761
f 1805/2308/5761 1954/2307/5760 2028/2309/5762 1958/2310/5763
f 1954/2307/5760 1804/2306/5759 1956/2311/5764 2028/2309/5762
f 2028/2309/5762 1956/2311/5764 1806/2312/5765 1957/2313/5766
f 1958/2310/5763 2028/2309/5762 1957/2313/5766 1807/2314/5767
f 1807/2314/5767 1957/2313/5766 2029/2315/5768 1961/2316/5769
f 1957/2313/5766 1806/2312/5765 1959/2317/5770 2029/2315/5768
f 2029/2315/5768 1959/2317/5770 1808/2318/5771 1960/2319/5772
f 1961/2316/5769 2029/2315/5768 1960/2319/5772 1809/2320/5773
f 1809/2320/5773 1960/2319/5772 2030/2321/5774 1964/2322/5775
f 1960/2319/5772 1808/2318/5771 1962/2323/5776 2030/2321/5774
f 2030/2321/5774 1962/2323/5776 1810/2324/5777 1963/2325/5778
f 1964/2322/5775 2030/2321/5774 1963/2325/5778 1811/2326/5779
f 1811/2326/5779 1963/2325/5778 2031/2327/5780 1967/2328/5781
f 1963/2325/5778 1810/2324/5777 1965/2329/5782 2031/2327/5780
f 2031/2327/5780 1965/2329/5782 1812/2330/5783 1966/2331/5784
f 1967/2328/5781 2031/2327/5780 1966/2331/5784 1813/2332/5785
f 1813/2332/5785 1966/2331/5784 2032/2333/5786 1970/2334/5787
f 1966/2331/5784 1812/2330/5783 1968/2335/5788 2032/2333/5786
f 2032/2333/5786 1968/2335/5788 1814/2336/5789 1969/2337/5790
f 1970/2334/5787 2032/2333/5786 1969/2337/5790 1815/2338/5791
f 1815/2338/5791 1969/2337/5790 2033/2339/5792 1973/2340/5793
f 1969/2337/5790 1814/2336/5789 1971/2341/5794 2033/2339/5792
f 2033/2339/5792 1971/2341/5794 1816/2342/5795 1972/2343/5796
f 1973/2340/5793 2033/2339/5792 1972/2343/5796 1817/2344/5797
f 1817/2344/5797 1972/2343/5796 2034/2345/5798 1976/2346/5799
f 1972/2343/5796 1816/2342/5795 1974/2347/5800 2034/2345/5798
f 2034/2345/5798 1974/2347/5800 1818/2348/5801 1975/2349/5802
f 1976/2346/5799 2034/2345/5798 1975/2349/5802 1819/2350/5803
f 1819/2350/5803 1975/2349/5802 2035/2351/5804 1979/2352/5805
f 1975/2349/5802 1818/2348/5801 1977/2353/5806 2035/2351/5804
f 2035/2351/5804 1977/2353/5806 1820/2354/5807 1978/2355/5808
f 1979/2352/5805 2035/2351/5804 1978/2355/5808 1821/2356/5809
f 1821/2356/5809 1978/2355/5808 2036/2357/5810 1982/2358/5811
f 1978/2355/5808 1820/2354/5807 1980/2359/5812 2036/2357/5810
f 2036/2357/5810 1980/2359/5812 1822/2360/5813 1981/2361/5814
f 1982/2358/5811 2036/2357/5810 1981/2361/5814 1823/2362/5815
f 1823/2362/5815 1981/2361/5814 2037/2363/5816 1985/2364/5817
f 1981/2361/5814 1822/2360/5813 1983/2365/5818 2037/2363/5816
f 2037/2363/5816 1983/2365/5818 1824/2366/5819 1984/2367/5820
f 1985/2364/5817 2037/2363/5816 1984/2367/5820 1825/2368/5821
f 1825/2368/5821 1984/2367/5820 2038/2369/5822 1988/2370/5823
f 1984/2367/5820 1824/2366/5819 1986/2371/5824 2038/2369/5822
f 2038/2369/5822 1986/2371/5824 1826/2372/5825 1987/2373/5826
f 1988/2370/5823 2038/2369/5822 1987/2373/5826 1827/2374/5827
f 1827/2374/5827 1987/2373/5826 2039/2375/5828 1991/2376/5829
f 1987/2373/5826 1826/2372/5825 1989/2377/5830 2039/2375/5828
f 2039/2375/5828 1989/2377/5830 1828/2378/5831 1990/2379/5832
f 1991/2376/5829 2039/2375/5828 1990/2379/5832 1829/2380/5833
f 1829/2380/5833 1990/2379/5832 2040/2381/5834 1994/2382/5835
f 1990/2379/5832 1828/2378/5831 1992/2383/5836 2040/2381/5834
f 2040/2381/5834 1992/2383/5836 1830/2384/5837 1993/2385/5838
f 1994/2382/5835 2040/2381/5834 1993/2385/5838 1831/2386/5839
f 1831/2386/5839 1993/2385/5838 2041/2387/5840 1997/2388/5841
f 1993/2385/5838 1830/2384/5837 1995/2389/5842 2041/2387/5840
f 2041/2387/5840 1995/2389/5842 1832/2390/5843 1996/2391/5844
f 1997/2388/5841 2041/2387/5840 1996/2391/5844 1833/2392/5845
f 1833/2392/5845 1996/2391/5844 2042/2393/5846 2000/2394/5847
f 1996/2391/5844 1832/2390/5843 1998/2395/5848 2042/2393/5846
f 2042/2393/5846 1998/2395/5848 1834/2396/5849 1999/2397/5850
f 2000/2394/5847 2042/2393/5846 1999/2397/5850 1835/2398/5851
f 1794/2276/5729 1943/2279/5732 2043/2399/5852 2003/2400/5853
f 1943/2279/5732 1796/2284/5737 2001/2401/5854 2043/2399/5852
f 2043/2399/5852 2001/2401/5854 1837/2402/5855 2002/2403/5856
f 2003/2400/5853 2043/2399/5852 2002/2403/5856 1836/2404/5857
f 1797/2282/5735 1941/2281/5734 2044/2405/5858 2006/2406/5859
f 1941/2281/5734 1795/2280/5733 2004/2407/5860 2044/2405/5858
f 2044/2405/5858 2004/2407/5860 1838/2408/5861 2005/2409/5862
f 2006/2406/5859 2044/2405/5858 2005/2409/5862 1839/2410/5863
f 1796/2284/5737 1946/2286/5739 2045/2411/5864 2001/2401/5854
f 1946/2286/5739 1798/2290/5743 2007/2412/5865 2045/2411/5864
f 2045/2411/5864 2007/2412/5865 1840/2413/5866 2008/2414/5867
f 2001/2401/5854 2045/2411/5864 2008/2414/5867 1837/2402/5855
f 1799/2288/5741 1944/2287/5740 2046/2415/5868 2010/2416/5869
f 1944/2287/5740 1797/2282/5735 2006/2406/5859 2046/2415/5868
f 2046/2415/5868 2006/2406/5859 1839/2410/5863 2009/2417/5870
f 2010/2416/5869 2046/2415/5868 2009/2417/5870 1841/2418/5871
f 1798/2290/5743 1949/2292/5745 2047/2574/5872 2007/2412/5865
f 1949/2292/5745 1800/2296/5749 2011/2420/5873 2047/2419/5872
f 2047/2419/5872 2011/2420/5873 1842/2421/5874 2012/2422/5875
f 2007/2412/5865 2047/2574/5872 2012/2573/5875 1840/2413/5866
f 1801/2294/5747 1947/2293/5746 2048/2572/5876 2014/2424/5877
f 1947/2293/5746 1799/2288/5741 2010/2416/5869 2048/2423/5876
f 2048/2423/5876 2010/2416/5869 1841/2418/5871 2013/2425/5878
f 2014/2424/5877 2048/2572/5876 2013/2571/5878 1843/2426/5879
f 1800/2296/5749 1948/2295/5748 2049/2427/5880 2011/2420/5873
f 1948/2295/5748 1801/2294/5747 2014/2424/5877 2049/2427/5880
f 2049/2427/5880 2014/2424/5877 1843/2426/5879 2015/2428/5881
f 2011/2420/5873 2049/2427/5880 2015/2428/5881 1842/2421/5874
f 1802/2300/5753 1950/2299/5752 2050/2429/5882 2017/2430/5883
f 1950/2299/5752 1794/2276/5729 2003/2400/5853 2050/2429/5882
f 2050/2429/5882 2003/2400/5853 1836/2404/5857 2016/2431/5884
f 2017/2430/5883 2050/2429/5882 2016/2431/5884 1844/2432/5885
f 1795/2280/5733 1952/2298/5751 2051/2433/5886 2004/2407/5860
f 1952/2298/5751 1803/2302/5755 2018/2434/5887 2051/2433/5886
f 2051/2433/5886 2018/2434/5887 1845/2435/5888 2019/2436/5889
f 2004/2407/5860 2051/2433/5886 2019/2436/5889 1838/2408/5861
f 1804/2306/5759 1953/2305/5758 2052/2437/5890 2021/2438/5891
f 1953/2305/5758 1802/2300/5753 2017/2430/5883 2052/2437/5890
f 2052/2437/5890 2017/2430/5883 1844/2432/5885 2020/2439/5892
f 2021/2438/5891 2052/2437/5890 2020/2439/5892 1846/2440/5893
f 1803/2302/5755 1955/2304/5757 2053/2441/5894 2018/2434/5887
f 1955/2304/5757 1805/2308/5761 2022/2442/5895 2053/2441/5894
f 2053/2441/5894 2022/2442/5895 1847/2443/5896 1878/2444/5897
f 2018/2434/5887 2053/2441/5894 1878/2444/5897 1845/2435/5888
f 1806/2312/5765 1956/2311/5764 2054/2445/5898 1880/2446/5899
f 1956/2311/5764 1804/2306/5759 2021/2438/5891 2054/2445/5898
f 2054/2445/5898 2021/2438/5891 1846/2440/5893 1879/2447/5900
f 1880/2446/5899 2054/2445/5898 1879/2447/5900 1848/2448/5901
f 1805/2308/5761 1958/2310/5763 2055/2449/5902 2022/2442/5895
f 1958/2310/5763 1807/2314/5767 1881/2450/5903 2055/2449/5902
f 2055/2449/5902 1881/2450/5903 1849/2451/5904 1882/2452/5905
f 2022/2442/5895 2055/2449/5902 1882/2452/5905 1847/2443/5896
f 1808/2318/5771 1959/2317/5770 2056/2453/5906 1884/2454/5907
f 1959/2317/5770 1806/2312/5765 1880/2446/5899 2056/2453/5906
f 2056/2453/5906 1880/2446/5899 1848/2448/5901 1883/2455/5908
f 1884/2454/5907 2056/2453/5906 1883/2455/5908 1850/2456/5909
f 1807/2314/5767 1961/2316/5769 2057/2457/5910 1881/2450/5903
f 1961/2316/5769 1809/2320/5773 1885/2458/5911 2057/2457/5910
f 2057/2457/5910 1885/2458/5911 1851/2459/5912 1886/2460/5913
f 1881/2450/5903 2057/2457/5910 1886/2460/5913 1849/2451/5904
f 1810/2324/5777 1962/2323/5776 2058/2461/5914 1888/2462/5915
f 1962/2323/5776 1808/2318/5771 1884/2454/5907 2058/2461/5914
f 2058/2461/5914 1884/2454/5907 1850/2456/5909 1887/2463/5916
f 1888/2462/5915 2058/2461/5914 1887/2463/5916 1852/2464/5917
f 1809/2320/5773 1964/2322/5775 2059/2465/5918 1885/2458/5911
f 1964/2322/5775 1811/2326/5779 1889/2466/5919 2059/2465/5918
f 2059/2465/5918 1889/2466/5919 1853/2467/5920 1890/2468/5921
f 1885/2458/5911 2059/2465/5918 1890/2468/5921 1851/2459/5912
f 1812/2330/5783 1965/2329/5782 2060/2469/5922 1892/2470/5923
f 1965/2329/5782 1810/2324/5777 1888/2462/5915 2060/2469/5922
f 2060/2469/5922 1888/2462/5915 1852/2464/5917 1891/2471/5924
f 1892/2470/5923 2060/2469/5922 1891/2471/5924 1854/2472/5925
f 1811/2326/5779 1967/2328/5781 2061/2473/5926 1889/2466/5919
f 1967/2328/5781 1813/2332/5785 1893/2474/5927 2061/2473/5926
f 2061/2473/5926 1893/2474/5927 1855/2475/5928 1894/2476/5929
f 1889/2466/5919 2061/2473/5926 1894/2476/5929 1853/2467/5920
f 1814/2336/5789 1968/2335/5788 2062/2477/5930 1896/2478/5931
f 1968/2335/5788 1812/2330/5783 1892/2470/5923 2062/2477/5930
f 2062/2477/5930 1892/2470/5923 1854/2472/5925 1895/2479/5932
f 1896/2478/5931 2062/2477/5930 1895/2479/5932 1856/2480/5933
f 1813/2332/5785 1970/2334/5787 2063/2481/5934 1893/2474/5927
f 1970/2334/5787 1815/2338/5791 1897/2482/5935 2063/2481/5934
f 2063/2481/5934 1897/2482/5935 1857/2483/5936 1898/2484/5937
f 1893/2474/5927 2063/2481/5934 1898/2484/5937 1855/2475/5928
f 1816/2342/5795 1971/2341/5794 2064/2485/5938 1900/2486/5939
f 1971/2341/5794 1814/2336/5789 1896/2478/5931 2064/2485/5938
f 2064/2485/5938 1896/2478/5931 1856/2480/5933 1899/2487/5940
f 1900/2486/5939 2064/2485/5938 1899/2487/5940 1858/2488/5941
f 1815/2338/5791 1973/2340/5793 2065/2489/5942 1897/2482/5935
f 1973/2340/5793 1817/2344/5797 1901/2490/5943 2065/2489/5942
f 2065/2489/5942 1901/2490/5943 1859/2491/5944 1902/2492/5945
f 1897/2482/5935 2065/2489/5942 1902/2492/5945 1857/2483/5936
f 1818/2348/5801 1974/2347/5800 2066/2493/5946 1904/2494/5947
f 1974/2347/5800 1816/2342/5795 1900/2486/5939 2066/2493/5946
f 2066/2493/5946 1900/2486/5939 1858/2488/5941 1903/2495/5948
f 1904/2494/5947 2066/2493/5946 1903/2495/5948 1860/2496/5949
f 1817/2344/5797 1976/2346/5799 2067/2497/5950 1901/2490/5943
f 1976/2346/5799 1819/2350/5803 1905/2498/5951 2067/2497/5950
f 2067/2497/5950 1905/2498/5951 1861/2499/5952 1906/2500/5953
f 1901/2490/5943 2067/2497/5950 1906/2500/5953 1859/2491/5944
f 1820/2354/5807 1977/2353/5806 2068/2501/5954 1908/2502/5955
f 1977/2353/5806 1818/2348/5801 1904/2494/5947 2068/2501/5954
f 2068/2501/5954 1904/2494/5947 1860/2496/5949 1907/2503/5956
f 1908/2502/5955 2068/2501/5954 1907/2503/5956 1862/2504/5957
f 1819/2350/5803 1979/2352/5805 2069/2505/5958 1905/2498/5951
f 1979/2352/5805 1821/2356/5809 1909/2506/5959 2069/2505/5958
f 2069/2505/5958 1909/2506/5959 1863/2507/5960 1910/2508/5961
f 1905/2498/5951 2069/2505/5958 1910/2508/5961 1861/2499/5952
f 1822/2360/5813 1980/2359/5812 2070/2509/5962 1912/2510/5963
f 1980/2359/5812 1820/2354/5807 1908/2502/5955 2070/2509/5962
f 2070/2509/5962 1908/2502/5955 1862/2504/5957 1911/2511/5964
f 1912/2510/5963 2070/2509/5962 1911/2511/5964 1864/2512/5965
f 1821/2356/5809 1982/2358/5811 2071/2513/5966 1909/2506/5959
f 1982/2358/5811 1823/2362/5815 1913/2514/5967 2071/2513/5966
f 2071/2513/5966 1913/2514/5967 1865/2515/5968 1914/2516/5969
f 1909/2506/5959 2071/2513/5966 1914/2516/5969 1863/2507/5960
f 1824/2366/5819 1983/2365/5818 2072/2517/5970 1916/2518/5971
f 1983/2365/5818 1822/2360/5813 1912/2510/5963 2072/2517/5970
f 2072/2517/5970 1912/2510/5963 1864/2512/5965 1915/2519/5972
f 1916/2518/5971 2072/2517/5970 1915/2519/5972 1866/2520/5973
f 1823/2362/5815 1985/2364/5817 2073/2521/5974 1913/2514/5967
f 1985/2364/5817 1825/2368/5821 1917/2522/5975 2073/2521/5974
f 2073/2521/5974 1917/2522/5975 1867/2523/5976 1918/2524/5977
f 1913/2514/5967 2073/2521/5974 1918/2524/5977 1865/2515/5968
f 1826/2372/5825 1986/2371/5824 2074/2525/5978 1920/2526/5979
f 1986/2371/5824 1824/2366/5819 1916/2518/5971 2074/2525/5978
f 2074/2525/5978 1916/2518/5971 1866/2520/5973 1919/2527/5980
f 1920/2526/5979 2074/2525/5978 1919/2527/5980 1868/2528/5981
f 1825/2368/5821 1988/2370/5823 2075/2529/5982 1917/2522/5975
f 1988/2370/5823 1827/2374/5827 1921/2530/5983 2075/2529/5982
f 2075/2529/5982 1921/2530/5983 1869/2531/5984 1922/2532/5985
f 1917/2522/5975 2075/2529/5982 1922/2532/5985 1867/2523/5976
f 1828/2378/5831 1989/2377/5830 2076/2533/5986 1924/2534/5987
f 1989/2377/5830 1826/2372/5825 1920/2526/5979 2076/2533/5986
f 2076/2533/5986 1920/2526/5979 1868/2528/5981 1923/2535/5988
f 1924/2534/5987 2076/2533/5986 1923/2535/5988 1870/2536/5989
f 1827/2374/5827 1991/2376/5829 2077/2537/5990 1921/2530/5983
f 1991/2376/5829 1829/2380/5833 1925/2538/5991 2077/2537/5990
f 2077/2537/5990 1925/2538/5991 1871/2539/5992 1926/2540/5993
f 1921/2530/5983 2077/2537/5990 1926/2540/5993 1869/2531/5984
f 1830/2384/5837 1992/2383/5836 2078/2541/5994 1928/2542/5995
f 1992/2383/5836 1828/2378/5831 1924/2534/5987 2078/2541/5994
f 2078/2541/5994 1924/2534/5987 1870/2536/5989 1927/2543/5996
f 1928/2542/5995 2078/2541/5994 1927/2543/5996 1872/2544/5997
f 1829/2380/5833 1994/2382/5835 2079/2545/5998 1925/2538/5991
f 1994/2382/5835 1831/2386/5839 1929/2546/5999 2079/2545/5998
f 2079/2545/5998 1929/2546/5999 1873/2547/6000 1930/2548/6001
f 1925/2538/5991 2079/2545/5998 1930/2548/6001 1871/2539/5992
f 1832/2390/5843 1995/2389/5842 2080/2549/6002 1932/2550/6003
f 1995/2389/5842 1830/2384/5837 1928/2542/5995 2080/2549/6002
f 2080/2549/6002 1928/2542/5995 1872/2544/5997 1931/2551/6004
f 1932/2550/6003 2080/2549/6002 1931/2551/6004 1874/2552/6005
f 1831/2386/5839 1997/2388/5841 2081/2553/6006 1929/2546/5999
f 1997/2388/5841 1833/2392/5845 1933/2554/6007 2081/2553/6006
f 2081/2553/6006 1933/2554/6007 1875/2555/6008 1934/2556/6009
f 1929/2546/5999 2081/2553/6006 1934/2556/6009 1873/2547/6000
f 1834/2396/5849 1998/2395/5848 2082/2570/6010 1936/2558/6011
f 1998/2395/5848 1832/2390/5843 1932/2550/6003 2082/2557/6010
f 2082/2557/6010 1932/2550/6003 1874/2552/6005 1935/2559/6012
f 1936/2558/6011 2082/2570/6010 1935/2569/6012 1876/2560/6013
f 1833/2392/5845 2000/2394/5847 2083/2568/6014 1933/2554/6007
f 2000/2394/5847 1835/2398/5851 1937/2562/6015 2083/2561/6014
f 2083/2561/6014 1937/2562/6015 1877/2563/6016 1938/2564/6017
f 1933/2554/6007 2083/2568/6014 1938/2567/6017 1875/2555/6008
f 1835/2398/5851 1999/2397/5850 2084/2565/6018 1937/2562/6015
f 1999/2397/5850 1834/2396/5849 1936/2558/6011 2084/2565/6018
f 2084/2565/6018 1936/2558/6011 1876/2560/6013 1939/2566/6019
f 1937/2562/6015 2084/2565/6018 1939/2566/6019 1877/2563/6016
g default
v 0.390293 -0.010841 -1.343956
v 0.173521 -0.010841 -1.668380
v -0.150902 -0.010841 -1.885153
v -0.533586 -0.010841 -1.961273
v -0.916269 -0.010841 -1.885153
v -1.240693 -0.010841 -1.668380
v -1.457466 -0.010841 -1.343957
v -1.533586 -0.010841 -0.961274
v -1.457466 -0.010841 -0.578590
v -1.240693 -0.010841 -0.254167
v -0.916270 -0.010841 -0.037394
v -0.533587 -0.010841 0.038727
v -0.150903 -0.010841 -0.037394
v 0.173520 -0.010841 -0.254167
v 0.390293 -0.010841 -0.578590
v 0.466414 -0.010841 -0.961273
v 0.390293 0.082582 -1.343956
v 0.173521 0.082582 -1.668380
v -0.150902 0.082582 -1.885153
v -0.533586 0.082582 -1.961273
v -0.916269 0.082582 -1.885153
v -1.240693 0.082582 -1.668380
v -1.457466 0.082582 -1.343957
v -1.533586 0.082582 -0.961274
v -1.457466 0.082582 -0.578590
v -1.240693 0.082582 -0.254167
v -0.916270 0.082582 -0.037394
v -0.533587 0.082582 0.038727
v -0.150903 0.082582 -0.037394
v 0.173520 0.082582 -0.254167
v 0.390293 0.082582 -0.578590
v 0.466414 0.082582 -0.961273
v 0.268949 0.148354 -1.293694
v 0.080648 0.148354 -1.575507
v -0.201165 0.148354 -1.763809
v -0.533586 0.148354 -1.829932
v -0.866007 0.148354 -1.763809
v -1.147820 0.148354 -1.575508
v -1.336122 0.148354 -1.293695
v -1.402245 0.148354 -0.961274
v -1.336122 0.148354 -0.628852
v -1.147821 0.148354 -0.347039
v -0.866008 0.148354 -0.158738
v -0.533587 0.148354 -0.092615
v -0.201165 0.148354 -0.158738
v 0.080648 0.148354 -0.347039
v 0.268949 0.148354 -0.628852
v 0.335072 0.148354 -0.961273
v 0.268949 0.424216 -1.293694
v 0.080648 0.424216 -1.575507
v -0.201165 0.424216 -1.763809
v -0.533586 0.424216 -1.829932
v -0.866007 0.424216 -1.763809
v -1.147820 0.424216 -1.575508
v -1.336122 0.424216 -1.293695
v -1.402245 0.424216 -0.961274
v -1.336122 0.424216 -0.628852
v -1.147821 0.424216 -0.347039
v -0.866008 0.424216 -0.158738
v -0.533587 0.424216 -0.092615
v -0.201165 0.424216 -0.158738
v 0.080648 0.424216 -0.347039
v 0.268949 0.424216 -0.628852
v 0.335072 0.424216 -0.961273
v 0.062841 0.424216 -1.208321
v -0.077101 0.424216 -1.417758
v -0.286538 0.424216 -1.557700
v -0.533586 0.424216 -1.606841
v -0.780634 0.424216 -1.557700
v -0.990072 0.424216 -1.417759
v -1.130013 0.424216 -1.208322
v -1.179154 0.424216 -0.961274
v -1.130013 0.424216 -0.714225
v -0.990072 0.424216 -0.504788
v -0.780635 0.424216 -0.364846
v -0.533586 0.424216 -0.315705
v -0.286538 0.424216 -0.364846
v -0.077101 0.424216 -0.504788
v 0.062841 0.424216 -0.714225
v 0.111982 0.424216 -0.961273
v 0.062841 0.531169 -1.208321
v -0.077101 0.531169 -1.417758
v -0.533586 0.531169 -0.961273
v -0.286538 0.531169 -1.557700
v -0.533586 0.531169 -1.606841
v -0.780634 0.531169 -1.557700
v -0.990072 0.531169 -1.417759
v -1.130013 0.531169 -1.208322
v -1.179154 0.531169 -0.961274
v -1.130013 0.531169 -0.714225
v -0.990072 0.531169 -0.504788
v -0.780635 0.531169 -0.364846
v -0.533586 0.531169 -0.315705
v -0.286538 0.531169 -0.364846
v -0.077101 0.531169 -0.504788
v 0.062841 0.531169 -0.714225
v 0.111982 0.531169 -0.961273
vt 0.979391 0.832329
vt 0.979391 0.876376
vt 0.609761 0.425991
vt 0.592658 0.384689
vt 0.979391 0.920424
vt 0.609761 0.470692
vt 0.979391 0.964471
vt 0.592652 0.511997
vt 0.979391 0.303763
vt 0.561037 0.543609
vt 0.979391 0.347810
vt 0.519733 0.560715
vt 0.979391 0.391857
vt 0.475028 0.560713
vt 0.979391 0.435905
vt 0.433723 0.543601
vt 0.979391 0.479952
vt 0.402113 0.511985
vt 0.979391 0.523999
vt 0.385011 0.470683
vt 0.979391 0.568046
vt 0.385011 0.425981
vt 0.979391 0.612093
vt 0.402120 0.384677
vt 0.979391 0.656141
vt 0.433735 0.353064
vt 0.979391 0.700188
vt 0.475039 0.335959
vt 0.979391 0.744235
vt 0.519744 0.335961
vt 0.979391 0.788282
vt 0.561048 0.353073
vt 0.554322 0.464211
vt 0.979484 0.398099
vt 0.493726 0.423722
vt 0.979484 0.426535
vt 0.979484 0.000003
vt 0.979484 0.028438
vt 0.979484 0.056874
vt 0.979484 0.085309
vt 0.979484 0.113745
vt 0.979484 0.142180
vt 0.979484 0.170616
vt 0.979484 0.199051
vt 0.979484 0.227487
vt 0.979484 0.255922
vt 0.979484 0.284357
vt 0.979484 0.312793
vt 0.979484 0.341228
vt 0.928171 0.535670
vt 0.928171 0.497408
vt 0.928171 0.573932
vt 0.928171 0.000003
vt 0.928171 0.038265
vt 0.928171 0.076527
vt 0.928171 0.114789
vt 0.928171 0.153051
vt 0.928171 0.191313
vt 0.928171 0.229575
vt 0.928171 0.267837
vt 0.928171 0.306099
vt 0.928171 0.344360
vt 0.928171 0.382622
vt 0.928171 0.420884
vt 0.928171 0.459146
vt 0.495306 0.753986
vt 0.533568 0.753986
vt 0.459957 0.739344
vt 0.432901 0.712289
vt 0.418259 0.676939
vt 0.418259 0.638677
vt 0.432901 0.603328
vt 0.459956 0.576273
vt 0.495306 0.561630
vt 0.533568 0.561630
vt 0.568917 0.576273
vt 0.595973 0.603328
vt 0.610615 0.638677
vt 0.610615 0.676939
vt 0.595973 0.712289
vt 0.568917 0.739344
vt 0.991558 0.398099
vt 0.991558 0.369664
vt 0.991558 0.426535
vt 0.991558 0.000003
vt 0.991558 0.028438
vt 0.991558 0.056874
vt 0.991558 0.085309
vt 0.991558 0.113745
vt 0.991558 0.142180
vt 0.991558 0.170616
vt 0.991558 0.199051
vt 0.991558 0.227487
vt 0.991558 0.255922
vt 0.991558 0.284357
vt 0.991558 0.312793
vt 0.991558 0.341228
vt 0.565203 0.437940
vt 0.979484 0.369664
vt 0.565203 0.409505
vt 0.554322 0.383234
vt 0.534215 0.363127
vt 0.507944 0.352245
vt 0.479508 0.352245
vt 0.453237 0.363127
vt 0.433131 0.383234
vt 0.422249 0.409505
vt 0.422249 0.437940
vt 0.433131 0.464211
vt 0.453237 0.484318
vt 0.979484 0.454970
vt 0.479508 0.495200
vt 0.507944 0.495200
vt 0.453841 0.698297
vt 0.991558 0.454970
vt 0.534215 0.484318
vt 0.554926 0.718404
vt 0.528655 0.729286
vt 0.575032 0.698297
vt 0.585914 0.672026
vt 0.585914 0.643591
vt 0.575032 0.617320
vt 0.554926 0.597213
vt 0.528655 0.586331
vt 0.500219 0.586331
vt 0.473948 0.597213
vt 0.453841 0.617320
vt 0.442960 0.643591
vt 0.442960 0.672026
vt 0.473948 0.718404
vt 0.500219 0.729286
vt 0.897029 0.459146
vt 0.897029 0.497408
vt 0.897029 0.420884
vt 0.897029 0.382622
vt 0.897029 0.344360
vt 0.897029 0.306099
vt 0.897029 0.267837
vt 0.897029 0.229575
vt 0.897029 0.191313
vt 0.897029 0.153051
vt 0.897029 0.114789
vt 0.897029 0.076527
vt 0.897029 0.038265
vt 0.897029 0.000003
vt 0.897029 0.612194
vt 0.897029 0.573932
vt 0.578832 0.502800
vt 0.928171 0.612194
vt 0.897029 0.535670
vt 0.551850 0.366891
vt 0.578871 0.393934
vt 0.516536 0.352248
vt 0.478307 0.352234
vt 0.442982 0.366851
vt 0.415940 0.393873
vt 0.401299 0.429187
vt 0.401286 0.467415
vt 0.415901 0.502740
vt 0.442922 0.529782
vt 0.478236 0.544426
vt 0.516465 0.544440
vt 0.551790 0.529823
vt 0.593473 0.467487
vt 0.593485 0.429258
vt 0.979391 0.259716
vt 0.968845 0.259716
vt 0.968845 0.964471
vt 0.968845 0.788282
vt 0.968845 0.832329
vt 0.968845 0.744235
vt 0.968845 0.700188
vt 0.968845 0.656141
vt 0.968845 0.612093
vt 0.968845 0.568046
vt 0.968845 0.523999
vt 0.968845 0.479952
vt 0.968845 0.435905
vt 0.968845 0.391857
vt 0.968845 0.347810
vt 0.968845 0.303763
vt 0.968845 0.920424
vt 0.968845 0.876376
vn 0.923880 0.000000 -0.382683
vn 0.707107 0.000000 -0.707106
vn 0.707107 0.000000 -0.707106
vn 0.923880 0.000000 -0.382683
vn 0.382684 0.000000 -0.923879
vn 0.382684 0.000000 -0.923879
vn 0.000001 0.000000 -1.000000
vn 0.000001 0.000000 -1.000000
vn -0.382683 0.000000 -0.923880
vn -0.382683 0.000000 -0.923880
vn -0.707106 0.000000 -0.707107
vn -0.707106 0.000000 -0.707107
vn -0.923879 0.000000 -0.382684
vn -0.923879 0.000000 -0.382684
vn -1.000000 0.000000 -0.000000
vn -1.000000 0.000000 -0.000000
vn -0.923880 0.000000 0.382683
vn -0.923880 0.000000 0.382683
vn -0.707107 0.000000 0.707107
vn -0.707107 0.000000 0.707107
vn -0.382684 0.000000 0.923879
vn -0.382684 0.000000 0.923879
vn -0.000000 0.000000 1.000000
vn -0.000000 0.000000 1.000000
vn 0.382683 0.000000 0.923880
vn 0.382683 0.000000 0.923880
vn 0.707107 0.000000 0.707107
vn 0.707107 0.000000 0.707107
vn 0.923880 0.000000 0.382683
vn 0.923880 0.000000 0.382683
vn 1.000000 0.000000 0.000000
vn 1.000000 0.000000 0.000000
vn 0.000000 1.000000 -0.000000
vn 0.000000 1.000000 -0.000000
vn 0.000000 1.000000 -0.000000
vn 0.000000 1.000000 0.000000
vn 0.000000 1.000000 0.000000
vn 0.000000 1.000000 -0.000000
vn 0.000000 1.000000 -0.000000
vn 0.000000 1.000000 0.000000
vn 0.000000 1.000000 0.000000
vn 0.000000 1.000000 0.000000
vn 0.000000 1.000000 0.000000
vn 0.000000 1.000000 0.000000
vn 0.000000 1.000000 0.000000
vn 0.000000 1.000000 0.000000
vn 0.000000 1.000000 0.000000
vn 0.000000 1.000000 0.000000
vn 0.000000 1.000000 0.000000
vn 0.413682 0.894151 -0.171353
vn 0.316619 0.894151 -0.316618
vn 0.316619 0.894151 -0.316618
vn 0.413682 0.894151 -0.171353
vn 0.171353 0.894151 -0.413682
vn 0.171353 0.894151 -0.413682
vn 0.000000 0.894151 -0.447766
vn 0.000000 0.894151 -0.447766
vn -0.171353 0.894151 -0.413682
vn -0.171352 0.894151 -0.413682
vn -0.316618 0.894151 -0.316619
vn -0.316618 0.894151 -0.316619
vn -0.413682 0.894151 -0.171353
vn -0.413682 0.894151 -0.171353
vn -0.447766 0.894151 -0.000000
vn -0.447766 0.894151 -0.000000
vn -0.413682 0.894151 0.171353
vn -0.413682 0.894151 0.171353
vn -0.316619 0.894151 0.316618
vn -0.316619 0.894151 0.316618
vn -0.171353 0.894151 0.413682
vn -0.171353 0.894151 0.413682
vn -0.000000 0.894151 0.447766
vn -0.000000 0.894151 0.447766
vn 0.171353 0.894151 0.413682
vn 0.171353 0.894151 0.413682
vn 0.316619 0.894151 0.316619
vn 0.316619 0.894151 0.316619
vn 0.413682 0.894151 0.171353
vn 0.413682 0.894151 0.171353
vn 0.447766 0.894151 0.000000
vn 0.447766 0.894151 0.000000
vn 0.923880 0.000000 -0.382683
vn 0.707107 0.000000 -0.707106
vn 0.707107 0.000000 -0.707106
vn 0.923880 0.000000 -0.382683
vn 0.382684 0.000000 -0.923879
vn 0.382684 0.000000 -0.923879
vn 0.000001 0.000000 -1.000000
vn 0.000001 0.000000 -1.000000
vn -0.382683 0.000000 -0.923880
vn -0.382683 0.000000 -0.923880
vn -0.707107 0.000000 -0.707107
vn -0.707107 0.000000 -0.707107
vn -0.923879 0.000000 -0.382684
vn -0.923879 0.000000 -0.382684
vn -1.000000 0.000000 -0.000000
vn -1.000000 0.000000 -0.000000
vn -0.923880 0.000000 0.382683
vn -0.923880 0.000000 0.382683
vn -0.707107 0.000000 0.707107
vn -0.707107 0.000000 0.707107
vn -0.382684 0.000000 0.923879
vn -0.382684 0.000000 0.923879
vn -0.000000 0.000000 1.000000
vn -0.000000 0.000000 1.000000
vn 0.382683 0.000000 0.923880
vn 0.382683 0.000000 0.923880
vn 0.707107 0.000000 0.707107
vn 0.707107 0.000000 0.707107
vn 0.923880 0.000000 0.382684
vn 0.923880 0.000000 0.382684
vn 1.000000 0.000000 0.000000
vn 1.000000 0.000000 0.000000
vn 0.000000 1.000000 0.000000
vn 0.000000 1.000000 0.000000
vn 0.000000 1.000000 0.000000
vn 0.000000 1.000000 0.000000
vn 0.000000 1.000000 0.000000
vn 0.000000 1.000000 0.000000
vn 0.000000 1.000000 0.000000
vn 0.000000 1.000000 0.000000
vn 0.000000 1.000000 -0.000000
vn 0.000000 1.000000 -0.000000
vn 0.000000 1.000000 -0.000000
vn 0.000000 1.000000 -0.000000
vn 0.000000 1.000000 0.000000
vn 0.000000 1.000000 0.000000
vn 0.000000 1.000000 0.000000
vn 0.000000 1.000000 0.000000
vn 0.000000 1.000000 0.000000
vn 0.000000 1.000000 0.000000
vn 0.000000 1.000000 0.000000
vn 0.000000 1.000000 0.000000
vn 0.000000 1.000000 0.000000
vn 0.000000 1.000000 0.000000
vn 0.000000 1.000000 0.000000
vn 0.000000 1.000000 0.000000
vn 0.000000 1.000000 0.000000
vn 0.000000 1.000000 0.000000
vn 0.000000 1.000000 0.000000
vn 0.000000 1.000000 0.000000
vn 0.000000 1.000000 0.000000
vn 0.000000 1.000000 0.000000
vn 0.000000 1.000000 0.000000
vn 0.000000 1.000000 0.000000
vn 0.000000 1.000000 -0.000000
vn 0.000000 1.000000 -0.000000
vn 0.000000 1.000000 -0.000000
vn 0.000000 1.000000 -0.000000
vn 0.000000 1.000000 0.000000
vn 0.000000 1.000000 0.000000
vn 0.000000 1.000000 0.000000
vn 0.000000 1.000000 0.000000
vn 0.000000 1.000000 -0.000000
vn 0.000000 1.000000 -0.000000
vn 0.000000 1.000000 -0.000000
vn 0.000000 1.000000 -0.000000
vn 0.000000 1.000000 0.000000
vn 0.000000 1.000000 0.000000
vn 0.000000 1.000000 0.000000
vn 0.000000 1.000000 0.000000
vn 0.000000 1.000000 0.000000
vn 0.000000 1.000000 0.000000
vn 0.000000 1.000000 0.000000
vn 0.000000 1.000000 0.000000
vn 0.000000 1.000000 0.000000
vn 0.000000 1.000000 0.000000
vn 0.000000 1.000000 0.000000
vn 0.000000 1.000000 0.000000
vn 0.000000 1.000000 0.000000
vn 0.000000 1.000000 0.000000
vn 0.000000 1.000000 0.000000
vn 0.000000 1.000000 0.000000
vn 0.000000 1.000000 0.000000
vn 0.000000 1.000000 0.000000
vn 0.000000 1.000000 0.000000
vn 0.000000 1.000000 0.000000
vn 0.923880 0.000000 -0.382683
vn 0.707107 0.000000 -0.707106
vn 0.707107 0.000000 -0.707106
vn 0.923880 0.000000 -0.382683
vn 0.382684 0.000000 -0.923879
vn 0.382684 0.000000 -0.923879
vn 0.000001 0.000000 -1.000000
vn 0.000001 0.000000 -1.000000
vn -0.382683 0.000000 -0.923880
vn -0.382683 0.000000 -0.923880
vn -0.707107 0.000000 -0.707107
vn -0.707107 0.000000 -0.707107
vn -0.923879 0.000000 -0.382684
vn -0.923879 0.000000 -0.382684
vn -1.000000 0.000000 -0.000000
vn -1.000000 0.000000 -0.000000
vn -0.923880 0.000000 0.382683
vn -0.923880 0.000000 0.382683
vn -0.707107 0.000000 0.707107
vn -0.707107 0.000000 0.707107
vn -0.382684 0.000000 0.923880
vn -0.382684 0.000000 0.923880
vn -0.000000 0.000000 1.000000
vn -0.000000 0.000000 1.000000
vn 0.382683 0.000000 0.923880
vn 0.382683 0.000000 0.923880
vn 0.707107 0.000000 0.707107
vn 0.707107 0.000000 0.707107
vn 0.923880 0.000000 0.382683
vn 0.923880 0.000000 0.382683
vn 1.000000 0.000000 0.000000
vn 1.000000 0.000000 0.000000
s 1
g Experimento pCylinder8
usemtl initialShadingGroup
f 2085/2575/6020 2086/2576/6021 2102/2757/6022 2101/2744/6023
f 2086/2576/6021 2087/2579/6024 2103/2756/6025 2102/2757/6022
f 2087/2579/6024 2088/2581/6026 2104/2742/6027 2103/2756/6025
f 2088/2740/6026 2089/2583/6028 2105/2755/6029 2104/2741/6027
f 2089/2583/6028 2090/2585/6030 2106/2754/6031 2105/2755/6029
f 2090/2585/6030 2091/2587/6032 2107/2753/6033 2106/2754/6031
f 2091/2587/6032 2092/2589/6034 2108/2752/6035 2107/2753/6033
f 2092/2589/6034 2093/2591/6036 2109/2751/6037 2108/2752/6035
f 2093/2591/6036 2094/2593/6038 2110/2750/6039 2109/2751/6037
f 2094/2593/6038 2095/2595/6040 2111/2749/6041 2110/2750/6039
f 2095/2595/6040 2096/2597/6042 2112/2748/6043 2111/2749/6041
f 2096/2597/6042 2097/2599/6044 2113/2747/6045 2112/2748/6043
f 2097/2599/6044 2098/2601/6046 2114/2746/6047 2113/2747/6045
f 2098/2601/6046 2099/2603/6048 2115/2745/6049 2114/2746/6047
f 2099/2603/6048 2100/2605/6050 2116/2743/6051 2115/2745/6049
f 2100/2605/6050 2085/2575/6020 2101/2744/6023 2116/2743/6051
s 2
f 2165/2607/6052 2166/2690/6053 2167/2609/6054
f 2166/2690/6053 2168/2687/6055 2167/2609/6054
f 2168/2687/6055 2169/2686/6056 2167/2609/6054
f 2169/2686/6056 2170/2684/6057 2167/2609/6054
f 2170/2684/6057 2171/2683/6058 2167/2609/6054
f 2171/2683/6058 2172/2682/6059 2167/2609/6054
f 2172/2682/6059 2173/2681/6060 2167/2609/6054
f 2173/2681/6060 2174/2680/6061 2167/2609/6054
f 2174/2680/6061 2175/2679/6062 2167/2609/6054
f 2175/2679/6062 2176/2678/6063 2167/2609/6054
f 2176/2678/6063 2177/2677/6064 2167/2609/6054
f 2177/2677/6064 2178/2676/6065 2167/2609/6054
f 2178/2676/6065 2179/2675/6066 2167/2609/6054
f 2179/2675/6066 2180/2674/6067 2167/2609/6054
f 2180/2674/6067 2181/2672/6068 2167/2609/6054
f 2181/2672/6068 2165/2607/6052 2167/2609/6054
s 3
f 2101/2578/6069 2102/2577/6070 2118/2739/6071 2117/2726/6072
f 2102/2577/6070 2103/2580/6073 2119/2738/6074 2118/2739/6071
f 2103/2580/6073 2104/2582/6075 2120/2722/6076 2119/2738/6074
f 2104/2582/6075 2105/2584/6077 2121/2737/6078 2120/2722/6076
f 2105/2584/6077 2106/2586/6079 2122/2736/6080 2121/2737/6078
f 2106/2586/6079 2107/2588/6081 2123/2735/6082 2122/2736/6080
f 2107/2588/6081 2108/2590/6083 2124/2734/6084 2123/2735/6082
f 2108/2590/6083 2109/2592/6085 2125/2733/6086 2124/2734/6084
f 2109/2592/6085 2110/2594/6087 2126/2732/6088 2125/2733/6086
f 2110/2594/6087 2111/2596/6089 2127/2731/6090 2126/2732/6088
f 2111/2596/6089 2112/2598/6091 2128/2730/6092 2127/2731/6090
f 2112/2598/6091 2113/2600/6093 2129/2729/6094 2128/2730/6092
f 2113/2600/6093 2114/2602/6095 2130/2728/6096 2129/2729/6094
f 2114/2602/6095 2115/2604/6097 2131/2727/6098 2130/2728/6096
f 2115/2604/6097 2116/2606/6099 2132/2725/6100 2131/2727/6098
f 2116/2606/6099 2101/2578/6069 2117/2726/6072 2132/2725/6100
s 4
f 2117/2625/6101 2118/2624/6102 2134/2724/6103 2133/2707/6104
f 2118/2624/6102 2119/2626/6105 2135/2721/6106 2134/2724/6103
f 2119/2626/6105 2120/2723/6107 2136/2720/6108 2135/2721/6106
f 2120/2627/6107 2121/2628/6109 2137/2718/6110 2136/2719/6108
f 2121/2628/6109 2122/2629/6111 2138/2717/6112 2137/2718/6110
f 2122/2629/6111 2123/2630/6113 2139/2716/6114 2138/2717/6112
f 2123/2630/6113 2124/2631/6115 2140/2715/6116 2139/2716/6114
f 2124/2631/6115 2125/2632/6117 2141/2714/6118 2140/2715/6116
f 2125/2632/6117 2126/2633/6119 2142/2713/6120 2141/2714/6118
f 2126/2633/6119 2127/2634/6121 2143/2712/6122 2142/2713/6120
f 2127/2634/6121 2128/2635/6123 2144/2711/6124 2143/2712/6122
f 2128/2635/6123 2129/2636/6125 2145/2710/6126 2144/2711/6124
f 2129/2636/6125 2130/2637/6127 2146/2709/6128 2145/2710/6126
f 2130/2637/6127 2131/2638/6129 2147/2708/6130 2146/2709/6128
f 2131/2638/6129 2132/2639/6131 2148/2706/6132 2147/2708/6130
f 2132/2639/6131 2117/2625/6101 2133/2707/6104 2148/2706/6132
s off
f 2133/2641/6133 2134/2640/6134 2150/2705/6135 2149/2692/6136
f 2134/2640/6137 2135/2642/6138 2151/2704/6139 2150/2705/6140
f 2135/2642/6141 2136/2643/6142 2152/2688/6143 2151/2704/6144
f 2136/2643/6145 2137/2644/6146 2153/2703/6147 2152/2688/6148
f 2137/2644/6149 2138/2645/6150 2154/2702/6151 2153/2703/6152
f 2138/2645/6153 2139/2646/6154 2155/2701/6155 2154/2702/6156
f 2139/2646/6157 2140/2647/6158 2156/2700/6159 2155/2701/6160
f 2140/2647/6161 2141/2648/6162 2157/2699/6163 2156/2700/6164
f 2141/2648/6165 2142/2649/6166 2158/2698/6167 2157/2699/6168
f 2142/2649/6169 2143/2650/6170 2159/2697/6171 2158/2698/6172
f 2143/2650/6173 2144/2651/6174 2160/2696/6175 2159/2697/6176
f 2144/2651/6177 2145/2652/6178 2161/2695/6179 2160/2696/6180
f 2145/2652/6181 2146/2653/6182 2162/2694/6183 2161/2695/6184
f 2146/2653/6185 2147/2654/6186 2163/2693/6187 2162/2694/6188
f 2147/2654/6189 2148/2655/6190 2164/2691/6191 2163/2693/6192
f 2148/2655/6193 2133/2641/6194 2149/2692/6195 2164/2691/6196
s 5
f 2149/2657/6197 2150/2656/6198 2166/2608/6199 2165/2673/6200
f 2150/2656/6198 2151/2658/6201 2168/2610/6202 2166/2608/6199
f 2151/2658/6201 2152/2689/6203 2169/2685/6204 2168/2610/6202
f 2152/2659/6203 2153/2660/6205 2170/2612/6206 2169/2611/6204
f 2153/2660/6205 2154/2661/6207 2171/2613/6208 2170/2612/6206
f 2154/2661/6207 2155/2662/6209 2172/2614/6210 2171/2613/6208
f 2155/2662/6209 2156/2663/6211 2173/2615/6212 2172/2614/6210
f 2156/2663/6211 2157/2664/6213 2174/2616/6214 2173/2615/6212
f 2157/2664/6213 2158/2665/6215 2175/2617/6216 2174/2616/6214
f 2158/2665/6215 2159/2666/6217 2176/2618/6218 2175/2617/6216
f 2159/2666/6217 2160/2667/6219 2177/2619/6220 2176/2618/6218
f 2160/2667/6219 2161/2668/6221 2178/2620/6222 2177/2619/6220
f 2161/2668/6221 2162/2669/6223 2179/2621/6224 2178/2620/6222
f 2162/2669/6223 2163/2670/6225 2180/2622/6226 2179/2621/6224
f 2163/2670/6225 2164/2671/6227 2181/2623/6228 2180/2622/6226
f 2164/2671/6227 2149/2657/6197 2165/2673/6200 2181/2623/6228
g default
v -0.125355 0.531169 -1.130368
v -0.221139 0.531169 -1.273720
v -0.364491 0.531169 -1.369505
v -0.533586 0.531169 -1.403140
v -0.702681 0.531169 -1.369505
v -0.846033 0.531169 -1.273720
v -0.941818 0.531169 -1.130368
v -0.975453 0.531169 -0.961274
v -0.941818 0.531169 -0.792179
v -0.846033 0.531169 -0.648827
v -0.702681 0.531169 -0.553042
v -0.533587 0.531169 -0.519407
v -0.364491 0.531169 -0.553042
v -0.221140 0.531169 -0.648827
v -0.125355 0.531169 -0.792178
v -0.091720 0.531169 -0.961273
v -0.125355 2.226465 -1.130368
v -0.221139 2.226465 -1.273720
v -0.364491 2.226465 -1.369505
v -0.533586 2.226465 -1.403140
v -0.702681 2.226465 -1.369505
v -0.846033 2.226465 -1.273720
v -0.941818 2.226465 -1.130368
v -0.975453 2.226465 -0.961274
v -0.941818 2.226465 -0.792179
v -0.846033 2.226465 -0.648827
v -0.702681 2.226465 -0.553042
v -0.533587 2.226465 -0.519407
v -0.364491 2.226465 -0.553042
v -0.221140 2.226465 -0.648827
v -0.125355 2.226465 -0.792178
v -0.091720 2.226465 -0.961273
vt 0.610304 0.116781
vt 0.610304 0.136244
vt 0.418924 0.136244
vt 0.418924 0.116781
vt 0.610304 0.155707
vt 0.418924 0.155707
vt 0.610304 0.175170
vt 0.418924 0.175170
vt 0.610304 0.194633
vt 0.418924 0.194633
vt 0.610304 0.214096
vt 0.418924 0.214096
vt 0.610304 0.233559
vt 0.418924 0.233559
vt 0.610304 0.253022
vt 0.418924 0.253022
vt 0.610304 0.272485
vt 0.418924 0.272484
vt 0.610304 0.291947
vt 0.418924 0.291947
vt 0.610304 0.311410
vt 0.418924 0.000003
vt 0.610304 0.019466
vt 0.418924 0.019466
vt 0.610304 0.038929
vt 0.418924 0.038929
vt 0.610304 0.058392
vt 0.418924 0.058392
vt 0.610304 0.077855
vt 0.418924 0.077855
vt 0.610304 0.097318
vt 0.418924 0.097318
vt 0.610304 0.000003
vt 0.418924 0.311410
vn 0.923880 0.000000 -0.382683
vn 0.707107 0.000000 -0.707106
vn 0.707107 0.000000 -0.707106
vn 0.923880 0.000000 -0.382683
vn 0.382684 0.000000 -0.923879
vn 0.382684 0.000000 -0.923879
vn 0.000000 0.000000 -1.000000
vn 0.000000 0.000000 -1.000000
vn -0.382683 0.000000 -0.923880
vn -0.382683 0.000000 -0.923880
vn -0.707106 0.000000 -0.707107
vn -0.707106 0.000000 -0.707107
vn -0.923879 0.000000 -0.382684
vn -0.923879 0.000000 -0.382684
vn -1.000000 0.000000 -0.000000
vn -1.000000 0.000000 -0.000000
vn -0.923880 0.000000 0.382683
vn -0.923880 0.000000 0.382683
vn -0.707107 0.000000 0.707107
vn -0.707107 0.000000 0.707107
vn -0.382684 0.000000 0.923879
vn -0.382684 0.000000 0.923879
vn -0.000000 0.000000 1.000000
vn -0.000000 0.000000 1.000000
vn 0.382683 0.000000 0.923880
vn 0.382683 0.000000 0.923880
vn 0.707107 0.000000 0.707107
vn 0.707107 0.000000 0.707107
vn 0.923880 0.000000 0.382683
vn 0.923880 0.000000 0.382683
vn 1.000000 0.000000 0.000000
vn 1.000000 0.000000 0.000000
s 1
g Experimento pCylinder11
usemtl lambert3SG
f 2182/2758/6229 2183/2759/6230 2199/2760/6231 2198/2761/6232
f 2183/2759/6230 2184/2762/6233 2200/2763/6234 2199/2760/6231
f 2184/2762/6233 2185/2764/6235 2201/2765/6236 2200/2763/6234
f 2185/2764/6235 2186/2766/6237 2202/2767/6238 2201/2765/6236
f 2186/2766/6237 2187/2768/6239 2203/2769/6240 2202/2767/6238
f 2187/2768/6239 2188/2770/6241 2204/2771/6242 2203/2769/6240
f 2188/2770/6241 2189/2772/6243 2205/2773/6244 2204/2771/6242
f 2189/2772/6243 2190/2774/6245 2206/2775/6246 2205/2773/6244
f 2190/2774/6245 2191/2776/6247 2207/2777/6248 2206/2775/6246
f 2191/2776/6247 2192/2778/6249 2208/2791/6250 2207/2777/6248
f 2192/2790/6249 2193/2780/6251 2209/2781/6252 2208/2779/6250
f 2193/2780/6251 2194/2782/6253 2210/2783/6254 2209/2781/6252
f 2194/2782/6253 2195/2784/6255 2211/2785/6256 2210/2783/6254
f 2195/2784/6255 2196/2786/6257 2212/2787/6258 2211/2785/6256
f 2196/2786/6257 2197/2788/6259 2213/2789/6260 2212/2787/6258
f 2197/2788/6259 2182/2758/6229 2198/2761/6232 2213/2789/6260
g default
v 1.263622 0.000000 0.890804
v 1.201768 0.000000 0.798232
v 1.109196 0.000000 0.736378
v 1.000000 0.000000 0.714657
v 0.890804 0.000000 0.736378
v 0.798232 0.000000 0.798232
v 0.736378 0.000000 0.890804
v 0.714657 0.000000 1.000000
v 0.736378 0.000000 1.109196
v 0.798232 0.000000 1.201768
v 0.890804 0.000000 1.263622
v 1.000000 0.000000 1.285343
v 1.109196 0.000000 1.263622
v 1.201768 0.000000 1.201768
v 1.263622 0.000000 1.109196
v 1.285343 0.000000 1.000000
v 1.263622 0.724288 0.890804
v 1.201768 0.724288 0.798232
v 1.109196 0.724288 0.736378
v 1.000000 0.724288 0.714657
v 0.890804 0.724288 0.736378
v 0.798232 0.724288 0.798232
v 0.736378 0.724288 0.890804
v 0.714657 0.724288 1.000000
v 0.736378 0.724288 1.109196
v 0.798232 0.724288 1.201768
v 0.890804 0.724288 1.263622
v 1.000000 0.724288 1.285343
v 1.109196 0.724288 1.263622
v 1.201768 0.724288 1.201768
v 1.263622 0.724288 1.109196
v 1.285343 0.724288 1.000000
v 1.000000 0.000000 1.000000
v 1.000000 0.488894 0.714657
v 1.000000 0.476823 0.714657
v 1.109196 0.488894 0.736378
v 1.109196 0.476823 0.736378
v 1.201768 0.488894 0.798232
v 1.201768 0.476823 0.798232
v 1.263622 0.488894 0.890804
v 1.263622 0.476823 0.890804
v 1.285343 0.488894 1.000000
v 1.285343 0.476823 1.000000
v 1.263622 0.488894 1.109196
v 1.263622 0.476823 1.109196
v 1.201768 0.488894 1.201768
v 1.201768 0.476823 1.201768
v 1.109196 0.488894 1.263622
v 1.109196 0.476823 1.263622
v 1.000000 0.488894 1.285343
v 1.000000 0.476823 1.285343
v 0.890804 0.488894 1.263622
v 0.890804 0.476823 1.263622
v 0.798232 0.488894 1.201768
v 0.798232 0.476823 1.201768
v 0.736378 0.488894 1.109196
v 0.736378 0.476823 1.109196
v 0.714657 0.488894 1.000000
v 0.714657 0.476823 1.000000
v 0.736378 0.488894 0.890804
v 0.736378 0.476823 0.890804
v 0.798232 0.488894 0.798232
v 0.798232 0.476823 0.798232
v 0.890804 0.488894 0.736378
v 0.890804 0.476823 0.736378
v 1.000000 0.247464 0.714657
v 1.000000 0.235394 0.714657
v 1.109196 0.235394 0.736378
v 1.109196 0.247464 0.736378
v 1.201768 0.235394 0.798232
v 1.201768 0.247464 0.798232
v 1.263622 0.235394 0.890804
v 1.263622 0.247464 0.890804
v 1.285343 0.235394 1.000000
v 1.285343 0.247464 1.000000
v 1.263622 0.235394 1.109196
v 1.263622 0.247464 1.109196
v 1.201768 0.235394 1.201768
v 1.201768 0.247464 1.201768
v 1.109196 0.235394 1.263622
v 1.109196 0.247464 1.263622
v 1.000000 0.235394 1.285343
v 1.000000 0.247464 1.285343
v 0.890804 0.235394 1.263622
v 0.890804 0.247464 1.263622
v 0.798232 0.235394 1.201768
v 0.798232 0.247464 1.201768
v 0.736378 0.235394 1.109196
v 0.736378 0.247464 1.109196
v 0.714657 0.235394 1.000000
v 0.714657 0.247464 1.000000
v 0.736378 0.235394 0.890804
v 0.736378 0.247464 0.890804
v 0.798232 0.235394 0.798232
v 0.798232 0.247464 0.798232
v 0.890804 0.235394 0.736378
v 0.890804 0.247464 0.736378
v 1.000000 0.712939 0.714657
v 1.109196 0.712939 0.736378
v 1.201768 0.712939 0.798232
v 1.263622 0.712939 0.890804
v 1.285343 0.712939 1.000000
v 1.263622 0.712939 1.109196
v 1.201768 0.712939 1.201768
v 1.109196 0.712939 1.263622
v 1.000000 0.712939 1.285343
v 0.890804 0.712939 1.263622
v 0.798232 0.712939 1.201768
v 0.736378 0.712939 1.109196
v 0.714657 0.712939 1.000000
v 0.736378 0.712939 0.890804
v 0.798232 0.712939 0.798232
v 0.890804 0.712939 0.736378
v 1.000000 0.012669 0.714657
v 1.109196 0.012669 0.736378
v 1.201768 0.012669 0.798232
v 1.263622 0.012669 0.890804
v 1.285343 0.012669 1.000000
v 1.263622 0.012669 1.109196
v 1.201768 0.012669 1.201768
v 1.109196 0.012669 1.263622
v 1.000000 0.012669 1.285343
v 0.890804 0.012669 1.263622
v 0.798232 0.012669 1.201768
v 0.736378 0.012669 1.109196
v 0.714657 0.012669 1.000000
v 0.736378 0.012669 0.890804
v 0.798232 0.012669 0.798232
v 0.890804 0.012669 0.736378
v 1.000000 0.488894 0.707441
v 1.000000 0.476823 0.707441
v 0.888043 0.476823 0.729711
v 0.888043 0.488894 0.729711
v 1.111958 0.488894 0.729711
v 1.111958 0.476823 0.729711
v 1.206871 0.488894 0.793130
v 1.206871 0.476823 0.793130
v 1.270289 0.488894 0.888043
v 1.270289 0.476823 0.888043
v 1.292559 0.488894 1.000000
v 1.292559 0.476823 1.000000
v 1.270289 0.488894 1.111958
v 1.270289 0.476823 1.111958
v 1.206870 0.488894 1.206871
v 1.206870 0.476823 1.206871
v 1.111958 0.488894 1.270289
v 1.111958 0.476823 1.270289
v 1.000000 0.488894 1.292559
v 1.000000 0.476823 1.292559
v 0.888042 0.488894 1.270289
v 0.888042 0.476823 1.270289
v 0.793129 0.488894 1.206870
v 0.793129 0.476823 1.206870
v 0.729711 0.488894 1.111957
v 0.729711 0.476823 1.111957
v 0.707441 0.488894 1.000000
v 0.707441 0.476823 1.000000
v 0.729711 0.488894 0.888042
v 0.729711 0.476823 0.888042
v 0.793130 0.488894 0.793129
v 0.793130 0.476823 0.793129
v 1.000000 0.247464 0.707441
v 1.000000 0.235394 0.707441
v 0.888043 0.235394 0.729711
v 0.888043 0.247464 0.729711
v 1.111958 0.247464 0.729711
v 1.111958 0.235394 0.729711
v 1.206871 0.247464 0.793130
v 1.206871 0.235394 0.793130
v 1.270289 0.247464 0.888043
v 1.270289 0.235394 0.888043
v 1.292559 0.247464 1.000000
v 1.292559 0.235394 1.000000
v 1.270289 0.247464 1.111958
v 1.270289 0.235394 1.111958
v 1.206870 0.247464 1.206871
v 1.206870 0.235394 1.206871
v 1.111958 0.247464 1.270289
v 1.111958 0.235394 1.270289
v 1.000000 0.247464 1.292559
v 1.000000 0.235394 1.292559
v 0.888042 0.247464 1.270289
v 0.888042 0.235394 1.270289
v 0.793129 0.247464 1.206870
v 0.793129 0.235394 1.206870
v 0.729711 0.247464 1.111957
v 0.729711 0.235394 1.111957
v 0.707441 0.247464 1.000000
v 0.707441 0.235394 1.000000
v 0.729711 0.247464 0.888042
v 0.729711 0.235394 0.888042
v 0.793130 0.247464 0.793129
v 0.793130 0.235394 0.793129
v 1.270289 0.000000 0.888043
v 1.206871 0.000000 0.793130
v 1.206871 0.012669 0.793130
v 1.270289 0.012669 0.888043
v 1.111958 0.000000 0.729711
v 1.111958 0.012669 0.729711
v 1.000000 0.000000 0.707441
v 1.000000 0.012669 0.707441
v 0.888043 0.000000 0.729711
v 0.888043 0.012669 0.729711
v 0.793130 0.000000 0.793129
v 0.793130 0.012669 0.793129
v 0.729711 0.000000 0.888042
v 0.729711 0.012669 0.888042
v 0.707441 0.000000 1.000000
v 0.707441 0.012669 1.000000
v 0.729711 0.000000 1.111957
v 0.729711 0.012669 1.111957
v 0.793129 0.000000 1.206870
v 0.793129 0.012669 1.206870
v 0.888042 0.000000 1.270289
v 0.888042 0.012669 1.270289
v 1.000000 0.000000 1.292559
v 1.000000 0.012669 1.292559
v 1.111958 0.000000 1.270289
v 1.111958 0.012669 1.270289
v 1.206870 0.000000 1.206871
v 1.206870 0.012669 1.206871
v 1.270289 0.000000 1.111958
v 1.270289 0.012669 1.111958
v 1.292559 0.000000 1.000000
v 1.292559 0.012669 1.000000
v 1.000000 0.712939 0.707441
v 1.111958 0.712939 0.729711
v 1.000000 0.724288 0.707441
v 1.111958 0.724288 0.729711
v 1.206871 0.712939 0.793130
v 1.206871 0.724288 0.793130
v 1.270289 0.712939 0.888043
v 1.270289 0.724288 0.888043
v 1.292559 0.712939 1.000000
v 1.292559 0.724288 1.000000
v 1.270289 0.712939 1.111958
v 1.270289 0.724288 1.111958
v 1.206870 0.712939 1.206871
v 1.206870 0.724288 1.206871
v 1.111958 0.712939 1.270289
v 1.111958 0.724288 1.270289
v 1.000000 0.712939 1.292559
v 1.000000 0.724288 1.292559
v 0.888042 0.712939 1.270289
v 0.888042 0.724288 1.270289
v 0.793129 0.712939 1.206870
v 0.793129 0.724288 1.206870
v 0.729711 0.712939 1.111957
v 0.729711 0.724288 1.111957
v 0.707441 0.712939 1.000000
v 0.707441 0.724288 1.000000
v 0.729711 0.712939 0.888042
v 0.729711 0.724288 0.888042
v 0.793130 0.712939 0.793129
v 0.793130 0.724288 0.793129
v 0.888043 0.712939 0.729711
v 0.888043 0.724288 0.729711
v 1.263622 0.721655 0.890804
v 1.201768 0.721655 0.798232
v 1.000000 0.721655 1.000000
v 1.109196 0.721655 0.736378
v 1.000000 0.721655 0.714657
v 0.890804 0.721655 0.736378
v 0.798232 0.721655 0.798232
v 0.736378 0.721655 0.890804
v 0.714657 0.721655 1.000000
v 0.736378 0.721655 1.109196
v 0.798232 0.721655 1.201768
v 0.890804 0.721655 1.263622
v 1.000000 0.721655 1.285343
v 1.109196 0.721655 1.263622
v 1.201768 0.721655 1.201768
v 1.263622 0.721655 1.109196
v 1.285343 0.721655 1.000000
vt 0.208946 0.790148
vt 0.208946 0.802716
vt 0.177353 0.796432
vt 0.204137 0.778536
vt 0.195249 0.769649
vt 0.183637 0.764839
vt 0.171069 0.764839
vt 0.159457 0.769649
vt 0.150570 0.778536
vt 0.145760 0.790148
vt 0.145760 0.802716
vt 0.150570 0.814328
vt 0.159457 0.823215
vt 0.171069 0.828025
vt 0.183637 0.828025
vt 0.195249 0.823215
vt 0.204137 0.814328
vt 0.169961 0.699795
vt 0.181572 0.704605
vt 0.163678 0.731387
vt 0.190459 0.713491
vt 0.195269 0.725102
vt 0.195269 0.737670
vt 0.190460 0.749281
vt 0.181573 0.758168
vt 0.169962 0.762978
vt 0.157394 0.762978
vt 0.145783 0.758169
vt 0.136896 0.749282
vt 0.132086 0.737671
vt 0.132086 0.725103
vt 0.136895 0.713492
vt 0.145782 0.704605
vt 0.157393 0.699795
vt 0.381021 0.757127
vt 0.354917 0.369339
vt 0.342065 0.369202
vt 0.341815 0.367869
vt 0.381021 0.770013
vt 0.366738 0.374351
vt 0.385953 0.781919
vt 0.375729 0.383407
vt 0.395065 0.791031
vt 0.380636 0.395246
vt 0.406970 0.795962
vt 0.380636 0.408080
vt 0.419857 0.795962
vt 0.375701 0.419953
vt 0.431762 0.791031
vt 0.366572 0.429057
vt 0.440874 0.781919
vt 0.354619 0.434040
vt 0.445806 0.770013
vt 0.341429 0.434423
vt 0.445806 0.757127
vt 0.329654 0.428963
vt 0.440874 0.745221
vt 0.320682 0.419650
vt 0.431762 0.736109
vt 0.315860 0.407681
vt 0.419857 0.731178
vt 0.315960 0.394810
vt 0.406970 0.731178
vt 0.320977 0.382980
vt 0.395065 0.736109
vt 0.330146 0.373989
vt 0.472121 0.779935
vt 0.974829 0.103094
vt 0.145040 0.833584
vt 0.976192 0.090208
vt 0.472121 0.792822
vt 0.974829 0.115981
vt 0.477052 0.804727
vt 0.974829 0.128867
vt 0.486164 0.813839
vt 0.974829 0.141754
vt 0.498070 0.818770
vt 0.974829 0.154640
vt 0.510956 0.818771
vt 0.974829 0.167526
vt 0.522862 0.813839
vt 0.974829 0.180413
vt 0.531974 0.804727
vt 0.974829 0.193299
vt 0.536905 0.792822
vt 0.974829 0.000003
vt 0.536905 0.779935
vt 0.974829 0.012889
vt 0.531974 0.768030
vt 0.974829 0.025776
vt 0.522861 0.758918
vt 0.974829 0.038662
vt 0.510956 0.753986
vt 0.974829 0.051549
vt 0.498070 0.753986
vt 0.974829 0.064435
vt 0.486164 0.758918
vt 0.974829 0.077321
vt 0.974265 0.064435
vt 0.209745 0.789989
vt 0.972835 0.077321
vt 0.478382 0.876625
vt 0.204814 0.778083
vt 0.972835 0.090208
vt 0.195702 0.768971
vt 0.972835 0.103094
vt 0.183796 0.764040
vt 0.972835 0.115981
vt 0.170910 0.764040
vt 0.972835 0.128867
vt 0.159004 0.768971
vt 0.972835 0.141753
vt 0.149892 0.778083
vt 0.972835 0.154640
vt 0.144961 0.789989
vt 0.972835 0.167526
vt 0.144961 0.802875
vt 0.972835 0.180413
vt 0.149892 0.814781
vt 0.972835 0.193299
vt 0.159004 0.823893
vt 0.972835 0.000003
vt 0.170910 0.828824
vt 0.972835 0.012889
vt 0.183796 0.828824
vt 0.972835 0.025776
vt 0.195702 0.823893
vt 0.972835 0.038662
vt 0.204814 0.814781
vt 0.972835 0.051549
vt 0.381820 0.769854
vt 0.381820 0.757286
vt 0.315324 0.838855
vt 0.320134 0.827243
vt 0.386630 0.781466
vt 0.329022 0.818356
vt 0.395517 0.790353
vt 0.340633 0.813546
vt 0.407129 0.795163
vt 0.353202 0.813546
vt 0.419698 0.795163
vt 0.364814 0.818356
vt 0.431310 0.790353
vt 0.373701 0.827243
vt 0.440197 0.781466
vt 0.378511 0.838855
vt 0.445007 0.769854
vt 0.378511 0.851423
vt 0.445007 0.757286
vt 0.373701 0.863035
vt 0.440197 0.745674
vt 0.364814 0.871922
vt 0.431310 0.736786
vt 0.353202 0.876732
vt 0.419698 0.731977
vt 0.340633 0.876732
vt 0.407129 0.731977
vt 0.329022 0.871922
vt 0.395517 0.736787
vt 0.320134 0.863035
vt 0.386630 0.745674
vt 0.315324 0.851423
vt 0.472920 0.792663
vt 0.472920 0.780094
vt 0.354751 0.370136
vt 0.366281 0.375026
vt 0.477729 0.804274
vt 0.375050 0.383858
vt 0.486617 0.813162
vt 0.379837 0.395407
vt 0.498229 0.817972
vt 0.379836 0.407923
vt 0.510797 0.817972
vt 0.375022 0.419503
vt 0.522409 0.813162
vt 0.366114 0.428383
vt 0.531296 0.804274
vt 0.354434 0.433252
vt 0.536106 0.792663
vt 0.341598 0.433612
vt 0.536106 0.780094
vt 0.330141 0.428315
vt 0.531296 0.768482
vt 0.321369 0.419214
vt 0.522409 0.759595
vt 0.316661 0.407532
vt 0.510797 0.754785
vt 0.316758 0.394977
vt 0.498229 0.754785
vt 0.321650 0.383440
vt 0.486617 0.759595
vt 0.330592 0.374671
vt 0.477729 0.768482
vt 0.342216 0.370003
vt 0.978105 0.090208
vt 0.314525 0.838696
vt 0.976824 0.103094
vt 0.191383 0.712875
vt 0.978105 0.077321
vt 0.182190 0.703681
vt 0.978105 0.064435
vt 0.170178 0.698706
vt 0.978105 0.051549
vt 0.157177 0.698706
vt 0.978105 0.038662
vt 0.145165 0.703681
vt 0.978105 0.025776
vt 0.135972 0.712875
vt 0.978105 0.012889
vt 0.130997 0.724886
vt 0.978105 0.206186
vt 0.130997 0.737887
vt 0.978105 0.193299
vt 0.135972 0.749899
vt 0.978105 0.180413
vt 0.145165 0.759092
vt 0.978105 0.167526
vt 0.157177 0.764067
vt 0.978105 0.154640
vt 0.170178 0.764067
vt 0.978105 0.141754
vt 0.182190 0.759092
vt 0.978105 0.128867
vt 0.191383 0.749899
vt 0.978105 0.115981
vt 0.196358 0.737887
vt 0.474250 0.851992
vt 0.479059 0.840381
vt 0.157105 0.829452
vt 0.169673 0.829452
vt 0.474250 0.864561
vt 0.181285 0.834262
vt 0.479059 0.876173
vt 0.190172 0.843149
vt 0.487947 0.885060
vt 0.194982 0.854761
vt 0.499558 0.889870
vt 0.194982 0.867330
vt 0.512127 0.889870
vt 0.190172 0.878941
vt 0.523739 0.885060
vt 0.181285 0.887829
vt 0.532626 0.876173
vt 0.169673 0.892638
vt 0.537436 0.864561
vt 0.157105 0.892638
vt 0.537436 0.851992
vt 0.145493 0.887829
vt 0.532626 0.840381
vt 0.136606 0.878941
vt 0.523739 0.831493
vt 0.131796 0.867330
vt 0.512127 0.826684
vt 0.131796 0.854761
vt 0.499558 0.826684
vt 0.136606 0.843149
vt 0.487947 0.831493
vt 0.145493 0.834262
vt 0.195559 0.725044
vt 0.190705 0.713327
vt 0.181736 0.704359
vt 0.170019 0.699505
vt 0.157335 0.699505
vt 0.145618 0.704359
vt 0.136649 0.713328
vt 0.131796 0.725046
vt 0.131796 0.737729
vt 0.136650 0.749447
vt 0.145619 0.758415
vt 0.157337 0.763268
vt 0.170020 0.763268
vt 0.181738 0.758414
vt 0.190706 0.749446
vt 0.195559 0.737728
vt 0.196358 0.724886
vt 0.976824 0.115981
vt 0.314525 0.851582
vt 0.978105 0.103094
vt 0.976824 0.128867
vt 0.319457 0.863488
vt 0.976824 0.141754
vt 0.328569 0.872600
vt 0.976824 0.154640
vt 0.340474 0.877531
vt 0.976824 0.167526
vt 0.353361 0.877531
vt 0.976824 0.180413
vt 0.365266 0.872600
vt 0.976824 0.193299
vt 0.374378 0.863488
vt 0.976824 0.000003
vt 0.976824 0.206186
vt 0.978105 0.000003
vt 0.379310 0.851582
vt 0.976824 0.012889
vt 0.379310 0.838696
vt 0.976824 0.025776
vt 0.374378 0.826790
vt 0.976824 0.038662
vt 0.365266 0.817678
vt 0.976824 0.051549
vt 0.353361 0.812747
vt 0.976824 0.064435
vt 0.340474 0.812747
vt 0.976824 0.077321
vt 0.328569 0.817678
vt 0.976824 0.090208
vt 0.319457 0.826790
vt 0.974265 0.051549
vt 0.209745 0.802875
vt 0.974265 0.038662
vt 0.974265 0.025776
vt 0.974265 0.012889
vt 0.974265 0.206185
vt 0.974265 0.000003
vt 0.974265 0.193299
vt 0.974265 0.180413
vt 0.974265 0.167526
vt 0.974265 0.154640
vt 0.974265 0.141753
vt 0.974265 0.128867
vt 0.974265 0.115981
vt 0.974265 0.103094
vt 0.974265 0.090208
vt 0.974265 0.077321
vt 0.974829 0.206186
vt 0.881735 0.907547
vt 0.025892 0.303822
vt 0.329405 0.372852
vt 0.385953 0.745221
vt 0.319858 0.382214
vt 0.314633 0.394530
vt 0.314525 0.407926
vt 0.319535 0.420375
vt 0.328835 0.430045
vt 0.341517 0.435789
vt 0.340799 0.435653
vt 0.354928 0.435355
vt 0.367332 0.430179
vt 0.376831 0.420704
vt 0.381967 0.408342
vt 0.381967 0.394981
vt 0.376859 0.382656
vt 0.367499 0.373227
vt 0.355194 0.368010
vt 0.000000 0.303822
vt 0.000000 0.504918
vt 0.000000 0.416938
vt 0.000000 0.429507
vt 0.000000 0.442076
vt 0.000000 0.454644
vt 0.000000 0.467213
vt 0.000000 0.479781
vt 0.000000 0.492350
vt 0.000000 0.316390
vt 0.000000 0.328959
vt 0.000000 0.341527
vt 0.000000 0.354096
vt 0.000000 0.366664
vt 0.000000 0.379233
vt 0.000000 0.391801
vt 0.000000 0.404370
vt 0.974829 0.090208
vt 0.135928 0.842697
vt 0.976192 0.077321
vt 0.477052 0.768030
vt 0.130997 0.854602
vt 0.976192 0.064435
vt 0.130997 0.867488
vt 0.976192 0.051549
vt 0.135928 0.879394
vt 0.976192 0.038662
vt 0.145040 0.888506
vt 0.976192 0.025776
vt 0.156946 0.893437
vt 0.976192 0.012889
vt 0.169832 0.893437
vt 0.976192 0.206186
vt 0.976192 0.000003
vt 0.181738 0.888506
vt 0.976192 0.193299
vt 0.190850 0.879394
vt 0.976192 0.180413
vt 0.195781 0.867489
vt 0.976192 0.167526
vt 0.195781 0.854602
vt 0.976192 0.154640
vt 0.190850 0.842697
vt 0.976192 0.141754
vt 0.181738 0.833585
vt 0.976192 0.128867
vt 0.169832 0.828653
vt 0.976192 0.115981
vt 0.156946 0.828653
vt 0.976192 0.103094
vt 0.881735 0.819567
vt 0.881735 0.832135
vt 0.025892 0.429507
vt 0.025892 0.416938
vt 0.881735 0.844704
vt 0.025892 0.442076
vt 0.881735 0.857273
vt 0.025892 0.454644
vt 0.881735 0.869841
vt 0.025892 0.467213
vt 0.881735 0.882410
vt 0.025892 0.479781
vt 0.881735 0.894978
vt 0.025892 0.492350
vt 0.881735 0.706450
vt 0.025892 0.504918
vt 0.881735 0.719019
vt 0.025892 0.316390
vt 0.881735 0.731587
vt 0.025892 0.328959
vt 0.881735 0.744156
vt 0.025892 0.341527
vt 0.881735 0.756724
vt 0.025892 0.354096
vt 0.881735 0.769293
vt 0.025892 0.366664
vt 0.881735 0.781861
vt 0.025892 0.379233
vt 0.881735 0.794430
vt 0.025892 0.391801
vt 0.881735 0.806998
vt 0.025892 0.404370
vt 0.972835 0.064435
vt 0.487494 0.885737
vt 0.499400 0.890669
vt 0.512286 0.890669
vt 0.524191 0.885737
vt 0.972835 0.206185
vt 0.533303 0.876625
vt 0.538235 0.864720
vt 0.538235 0.851833
vt 0.533303 0.839928
vt 0.524191 0.830816
vt 0.512286 0.825885
vt 0.499400 0.825885
vt 0.487494 0.830816
vt 0.478382 0.839928
vt 0.473451 0.851834
vt 0.473451 0.864720
vt 0.906879 0.819567
vt 0.906879 0.806998
vt 0.906879 0.832135
vt 0.906879 0.844704
vt 0.906879 0.857273
vt 0.906879 0.869841
vt 0.906879 0.882410
vt 0.906879 0.894978
vt 0.906879 0.907547
vt 0.906879 0.706450
vt 0.906879 0.719019
vt 0.906879 0.731587
vt 0.906879 0.744156
vt 0.906879 0.756724
vt 0.906879 0.769293
vt 0.906879 0.781861
vt 0.906879 0.794430
vt 0.251354 0.811466
vt 0.251354 0.798897
vt 0.251354 0.824034
vt 0.251354 0.836603
vt 0.251354 0.849171
vt 0.251354 0.861740
vt 0.251354 0.874309
vt 0.251354 0.886877
vt 0.251354 0.698349
vt 0.251354 0.899446
vt 0.251354 0.710918
vt 0.276647 0.899446
vt 0.276647 0.698349
vt 0.251354 0.723486
vt 0.251354 0.736055
vt 0.251354 0.748623
vt 0.251354 0.761192
vt 0.251354 0.773760
vt 0.251354 0.786329
vt 0.276647 0.824034
vt 0.276647 0.811466
vt 0.276647 0.836603
vt 0.276647 0.849172
vt 0.276647 0.861740
vt 0.276647 0.874309
vt 0.276647 0.886877
vt 0.276647 0.710918
vt 0.276647 0.723486
vt 0.276647 0.736055
vt 0.276647 0.748623
vt 0.276647 0.761192
vt 0.276647 0.773760
vt 0.276647 0.786329
vt 0.276647 0.798897
vn 0.000000 -1.000000 0.000000
vn 0.000000 -1.000000 0.000000
vn 0.000000 -1.000000 0.000000
vn 0.000000 -1.000000 0.000000
vn 0.000000 -1.000000 0.000000
vn 0.000000 -1.000000 0.000000
vn 0.000000 -1.000000 0.000000
vn 0.000000 -1.000000 0.000000
vn 0.000000 -1.000000 0.000000
vn 0.000000 -1.000000 0.000000
vn 0.000000 -1.000000 0.000000
vn 0.000000 -1.000000 0.000000
vn 0.000000 -1.000000 0.000000
vn 0.000000 -1.000000 0.000000
vn 0.000000 -1.000000 0.000000
vn 0.000000 -1.000000 0.000000
vn 0.000000 -1.000000 0.000000
vn 0.000000 1.000000 0.000000
vn 0.000000 1.000000 0.000000
vn 0.000000 1.000000 0.000000
vn 0.000000 1.000000 0.000000
vn 0.000000 1.000000 0.000000
vn 0.000000 1.000000 0.000000
vn 0.000000 1.000000 0.000000
vn 0.000000 1.000000 0.000000
vn 0.000000 1.000000 0.000000
vn 0.000000 1.000000 -0.000000
vn 0.000000 1.000000 0.000000
vn 0.000000 1.000000 0.000000
vn 0.000000 1.000000 0.000000
vn 0.000000 1.000000 -0.000000
vn 0.000000 1.000000 -0.000000
vn 0.000000 1.000000 -0.000000
vn 0.000000 1.000000 -0.000000
vn 0.000001 0.000000 -1.000000
vn 0.000001 0.000000 -1.000000
vn -0.382683 0.000000 -0.923880
vn -0.382683 0.000000 -0.923880
vn 0.382683 0.000000 -0.923880
vn 0.382683 0.000000 -0.923880
vn 0.707107 0.000000 -0.707107
vn 0.707107 0.000000 -0.707107
vn 0.923880 0.000000 -0.382683
vn 0.923880 0.000000 -0.382683
vn 1.000000 0.000000 0.000000
vn 1.000000 0.000000 0.000000
vn 0.923880 0.000000 0.382683
vn 0.923880 0.000000 0.382683
vn 0.707106 0.000000 0.707107
vn 0.707106 0.000000 0.707107
vn 0.382683 0.000000 0.923880
vn 0.382683 0.000000 0.923880
vn 0.000000 0.000000 1.000000
vn 0.000000 0.000000 1.000000
vn -0.382684 0.000000 0.923879
vn -0.382684 0.000000 0.923879
vn -0.707107 0.000000 0.707107
vn -0.707107 0.000000 0.707107
vn -0.923880 0.000000 0.382683
vn -0.923880 0.000000 0.382683
vn -1.000000 0.000000 -0.000001
vn -1.000000 0.000000 -0.000001
vn -0.923880 0.000000 -0.382683
vn -0.923880 0.000000 -0.382683
vn -0.707107 0.000000 -0.707107
vn -0.707107 0.000000 -0.707107
vn 0.000001 0.000000 -1.000000
vn 0.000001 0.000000 -1.000000
vn -0.382683 0.000000 -0.923880
vn -0.382683 0.000000 -0.923880
vn 0.382684 0.000000 -0.923879
vn 0.382684 0.000000 -0.923879
vn 0.707107 0.000000 -0.707106
vn 0.707107 0.000000 -0.707106
vn 0.923880 0.000000 -0.382683
vn 0.923880 0.000000 -0.382683
vn 1.000000 0.000000 0.000000
vn 1.000000 0.000000 0.000000
vn 0.923880 0.000000 0.382683
vn 0.923880 0.000000 0.382683
vn 0.707107 0.000000 0.707106
vn 0.707107 0.000000 0.707106
vn 0.382683 0.000000 0.923880
vn 0.382683 0.000000 0.923880
vn 0.000000 0.000000 1.000000
vn 0.000000 0.000000 1.000000
vn -0.382683 0.000000 0.923880
vn -0.382683 0.000000 0.923880
vn -0.707107 0.000000 0.707106
vn -0.707107 0.000000 0.707106
vn -0.923880 0.000000 0.382683
vn -0.923880 0.000000 0.382683
vn -1.000000 0.000000 -0.000001
vn -1.000000 0.000000 -0.000001
vn -0.923880 0.000000 -0.382684
vn -0.923880 0.000000 -0.382684
vn -0.707107 0.000000 -0.707107
vn -0.707107 0.000000 -0.707107
vn 0.923880 0.000000 -0.382683
vn 0.707107 0.000000 -0.707107
vn 0.707107 0.000000 -0.707107
vn 0.923880 0.000000 -0.382683
vn 0.382684 0.000000 -0.923879
vn 0.382684 0.000000 -0.923879
vn 0.000001 0.000000 -1.000000
vn 0.000001 0.000000 -1.000000
vn -0.382683 0.000000 -0.923880
vn -0.382683 0.000000 -0.923880
vn -0.707106 0.000000 -0.707107
vn -0.707106 0.000000 -0.707107
vn -0.923879 0.000000 -0.382684
vn -0.923879 0.000000 -0.382684
vn -1.000000 0.000000 -0.000001
vn -1.000000 0.000000 -0.000001
vn -0.923880 0.000000 0.382683
vn -0.923880 0.000000 0.382683
vn -0.707107 0.000000 0.707107
vn -0.707107 0.000000 0.707107
vn -0.382684 0.000000 0.923879
vn -0.382684 0.000000 0.923879
vn -0.000000 0.000000 1.000000
vn -0.000000 0.000000 1.000000
vn 0.382683 0.000000 0.923880
vn 0.382683 0.000000 0.923880
vn 0.707107 0.000000 0.707107
vn 0.707107 0.000000 0.707107
vn 0.923880 0.000000 0.382683
vn 0.923880 0.000000 0.382683
vn 1.000000 0.000000 0.000000
vn 1.000000 0.000000 0.000000
vn 0.382684 0.000000 -0.923879
vn 0.000001 0.000000 -1.000000
vn 0.000001 0.000000 -1.000000
vn 0.382684 0.000000 -0.923879
vn 0.707107 0.000000 -0.707106
vn 0.707107 0.000000 -0.707106
vn 0.923880 0.000000 -0.382684
vn 0.923880 0.000000 -0.382684
vn 1.000000 0.000000 0.000000
vn 1.000000 0.000000 0.000000
vn 0.923879 0.000000 0.382684
vn 0.923879 0.000000 0.382684
vn 0.707107 0.000000 0.707107
vn 0.707107 0.000000 0.707107
vn 0.382683 0.000000 0.923880
vn 0.382683 0.000000 0.923880
vn 0.000000 0.000000 1.000000
vn 0.000000 0.000000 1.000000
vn -0.382684 0.000000 0.923880
vn -0.382684 0.000000 0.923880
vn -0.707107 0.000000 0.707107
vn -0.707107 0.000000 0.707107
vn -0.923880 0.000000 0.382683
vn -0.923880 0.000000 0.382683
vn -1.000000 0.000000 -0.000000
vn -1.000000 0.000000 -0.000000
vn -0.923879 0.000000 -0.382684
vn -0.923879 0.000000 -0.382684
vn -0.707107 0.000000 -0.707107
vn -0.707107 0.000000 -0.707107
vn -0.382683 0.000000 -0.923880
vn -0.382683 0.000000 -0.923880
vn 0.382684 0.000000 -0.923879
vn 0.000001 0.000000 -1.000000
vn 0.000001 0.000000 -1.000000
vn 0.382684 0.000000 -0.923879
vn 0.707107 0.000000 -0.707106
vn 0.707107 0.000000 -0.707106
vn 0.923880 0.000000 -0.382683
vn 0.923880 0.000000 -0.382683
vn 1.000000 0.000000 0.000000
vn 1.000000 0.000000 0.000000
vn 0.923880 0.000000 0.382684
vn 0.923880 0.000000 0.382684
vn 0.707107 0.000000 0.707107
vn 0.707107 0.000000 0.707107
vn 0.382684 0.000000 0.923879
vn 0.382684 0.000000 0.923879
vn 0.000000 0.000000 1.000000
vn 0.000000 0.000000 1.000000
vn -0.382684 0.000000 0.923879
vn -0.382684 0.000000 0.923879
vn -0.707107 0.000000 0.707106
vn -0.707107 0.000000 0.707106
vn -0.923880 0.000000 0.382683
vn -0.923880 0.000000 0.382683
vn -1.000000 0.000000 -0.000000
vn -1.000000 0.000000 -0.000000
vn -0.923879 0.000000 -0.382684
vn -0.923879 0.000000 -0.382684
vn -0.707106 0.000000 -0.707107
vn -0.707106 0.000000 -0.707107
vn -0.382683 0.000000 -0.923880
vn -0.382683 0.000000 -0.923880
vn 0.382684 0.000000 -0.923879
vn 0.000001 0.000000 -1.000000
vn 0.000001 0.000000 -1.000000
vn 0.382684 0.000000 -0.923879
vn 0.707108 0.000000 -0.707106
vn 0.707108 0.000000 -0.707106
vn 0.923880 0.000000 -0.382683
vn 0.923880 0.000000 -0.382683
vn 1.000000 0.000000 0.000000
vn 1.000000 0.000000 0.000000
vn 0.923880 0.000000 0.382683
vn 0.923880 0.000000 0.382683
vn 0.707108 0.000000 0.707106
vn 0.707108 0.000000 0.707106
vn 0.382682 0.000000 0.923880
vn 0.382682 0.000000 0.923880
vn -0.000000 0.000000 1.000000
vn -0.000000 0.000000 1.000000
vn -0.382683 0.000000 0.923880
vn -0.382683 0.000000 0.923880
vn -0.707106 0.000000 0.707107
vn -0.707106 0.000000 0.707107
vn -0.923880 0.000000 0.382683
vn -0.923880 0.000000 0.382683
vn -1.000000 0.000000 -0.000001
vn -1.000000 0.000000 -0.000001
vn -0.923879 0.000000 -0.382684
vn -0.923879 0.000000 -0.382684
vn -0.707106 0.000000 -0.707107
vn -0.707106 0.000000 -0.707107
vn -0.382682 0.000000 -0.923880
vn -0.382682 0.000000 -0.923880
vn 0.382684 0.000000 -0.923879
vn 0.000001 -0.000000 -1.000000
vn 0.000001 -0.000000 -1.000000
vn 0.382684 0.000000 -0.923879
vn 0.707107 0.000000 -0.707106
vn 0.707107 0.000000 -0.707106
vn 0.923880 0.000000 -0.382683
vn 0.923880 0.000000 -0.382683
vn 1.000000 0.000000 -0.000000
vn 1.000000 0.000000 -0.000000
vn 0.923880 0.000000 0.382684
vn 0.923880 0.000000 0.382684
vn 0.707107 0.000000 0.707107
vn 0.707107 0.000000 0.707107
vn 0.382683 0.000000 0.923880
vn 0.382683 0.000000 0.923880
vn -0.000000 0.000000 1.000000
vn -0.000000 0.000000 1.000000
vn -0.382684 0.000000 0.923879
vn -0.382684 0.000000 0.923879
vn -0.707107 0.000000 0.707107
vn -0.707107 0.000000 0.707107
vn -0.923880 0.000000 0.382683
vn -0.923880 0.000000 0.382683
vn -1.000000 0.000000 -0.000000
vn -1.000000 0.000000 -0.000000
vn -0.923879 0.000000 -0.382684
vn -0.923879 0.000000 -0.382684
vn -0.707106 -0.000000 -0.707107
vn -0.707106 -0.000000 -0.707107
vn -0.382683 -0.000000 -0.923880
vn -0.382683 -0.000000 -0.923880
vn 0.000000 -1.000000 0.000000
vn 0.000000 -1.000000 0.000000
vn 0.000000 -1.000000 0.000000
vn 0.000000 -1.000000 0.000000
vn 0.000000 1.000000 0.000001
vn 0.000000 1.000000 0.000001
vn 0.000000 1.000000 0.000001
vn 0.000000 1.000000 0.000001
vn 0.000000 1.000000 0.000000
vn 0.000000 1.000000 0.000000
vn 0.000000 1.000000 0.000000
vn 0.000000 1.000000 0.000000
vn 0.000000 -1.000000 -0.000000
vn 0.000000 -1.000000 -0.000000
vn 0.000000 -1.000000 -0.000000
vn 0.000000 -1.000000 -0.000000
vn 0.000000 1.000000 0.000004
vn 0.000000 1.000000 0.000004
vn 0.000000 1.000000 0.000004
vn 0.000000 1.000000 0.000004
vn 0.000000 -1.000000 -0.000001
vn 0.000000 -1.000000 -0.000001
vn 0.000000 -1.000000 -0.000001
vn 0.000000 -1.000000 -0.000001
vn 0.000000 1.000000 -0.000002
vn 0.000000 1.000000 -0.000002
vn 0.000000 1.000000 -0.000002
vn 0.000000 1.000000 -0.000002
vn 0.000000 -1.000000 0.000000
vn 0.000000 -1.000000 0.000000
vn 0.000000 -1.000000 0.000000
vn 0.000000 -1.000000 0.000000
vn 0.000000 1.000000 0.000000
vn 0.000000 1.000000 0.000000
vn 0.000000 1.000000 0.000000
vn 0.000000 1.000000 0.000000
vn 0.000000 -1.000000 0.000000
vn 0.000000 -1.000000 0.000000
vn 0.000000 -1.000000 0.000000
vn 0.000000 -1.000000 0.000000
vn 0.000000 1.000000 0.000000
vn 0.000000 1.000000 0.000000
vn 0.000000 1.000000 0.000000
vn 0.000000 1.000000 0.000000
vn 0.000000 -1.000000 0.000000
vn 0.000000 -1.000000 0.000000
vn 0.000000 -1.000000 0.000000
vn 0.000000 -1.000000 0.000000
vn 0.000000 1.000000 0.000000
vn 0.000000 1.000000 0.000000
vn 0.000000 1.000000 0.000000
vn 0.000000 1.000000 0.000000
vn 0.000000 -1.000000 0.000001
vn 0.000000 -1.000000 0.000001
vn 0.000000 -1.000000 0.000001
vn 0.000000 -1.000000 0.000001
vn 0.000000 1.000000 -0.000005
vn 0.000000 1.000000 -0.000005
vn 0.000000 1.000000 -0.000005
vn 0.000000 1.000000 -0.000005
vn 0.000000 -1.000000 -0.000000
vn 0.000000 -1.000000 -0.000000
vn 0.000000 -1.000000 -0.000000
vn 0.000000 -1.000000 -0.000000
vn 0.000000 1.000000 -0.000001
vn 0.000000 1.000000 -0.000001
vn 0.000000 1.000000 -0.000001
vn 0.000000 1.000000 -0.000001
vn 0.000000 -1.000000 0.000000
vn 0.000000 -1.000000 0.000000
vn 0.000000 -1.000000 0.000000
vn 0.000000 -1.000000 0.000000
vn 0.000000 1.000000 0.000000
vn 0.000000 1.000000 0.000000
vn 0.000000 1.000000 0.000000
vn 0.000000 1.000000 0.000000
vn 0.000000 -1.000000 0.000000
vn 0.000000 -1.000000 0.000000
vn 0.000000 -1.000000 0.000000
vn 0.000000 -1.000000 0.000000
vn 0.000000 1.000000 0.000001
vn 0.000000 1.000000 0.000001
vn 0.000000 1.000000 0.000001
vn 0.000000 1.000000 0.000001
vn 0.000000 -1.000000 -0.000003
vn 0.000000 -1.000000 -0.000003
vn 0.000000 -1.000000 -0.000003
vn 0.000000 -1.000000 -0.000003
vn 0.000000 1.000000 0.000002
vn 0.000000 1.000000 0.000002
vn 0.000000 1.000000 0.000002
vn 0.000000 1.000000 0.000002
vn 0.000000 -1.000000 0.000000
vn 0.000000 -1.000000 0.000000
vn 0.000000 -1.000000 0.000000
vn 0.000000 -1.000000 0.000000
vn 0.000000 1.000000 -0.000000
vn 0.000000 1.000000 -0.000000
vn 0.000000 1.000000 -0.000000
vn 0.000000 1.000000 -0.000000
vn 0.000000 -1.000000 0.000000
vn 0.000000 -1.000000 0.000000
vn 0.000000 -1.000000 0.000000
vn 0.000000 -1.000000 0.000000
vn 0.000000 1.000000 0.000000
vn 0.000000 1.000000 0.000000
vn 0.000000 1.000000 0.000000
vn 0.000000 1.000000 0.000000
vn 0.000000 -1.000000 -0.000001
vn 0.000000 -1.000000 -0.000001
vn 0.000000 -1.000000 -0.000001
vn 0.000000 -1.000000 -0.000001
vn 0.000000 1.000000 -0.000001
vn 0.000000 1.000000 -0.000001
vn 0.000000 1.000000 -0.000001
vn 0.000000 1.000000 -0.000001
vn 0.000000 -1.000000 -0.000001
vn 0.000000 -1.000000 -0.000001
vn 0.000000 -1.000000 -0.000001
vn 0.000000 -1.000000 -0.000001
vn 0.000000 1.000000 0.000000
vn 0.000000 1.000000 0.000000
vn 0.000000 1.000000 0.000000
vn 0.000000 1.000000 0.000000
vn 0.000000 -1.000000 0.000000
vn 0.000000 -1.000000 0.000000
vn 0.000000 -1.000000 0.000000
vn 0.000000 -1.000000 0.000000
vn 0.000000 -1.000000 0.000000
vn 0.000000 -1.000000 0.000000
vn 0.000000 -1.000000 0.000000
vn 0.000000 -1.000000 0.000000
vn 0.000000 1.000000 0.000001
vn 0.000000 1.000000 0.000001
vn 0.000000 1.000000 0.000001
vn 0.000000 1.000000 0.000001
vn 0.000000 1.000000 -0.000002
vn 0.000000 1.000000 -0.000002
vn 0.000000 1.000000 -0.000002
vn 0.000000 1.000000 -0.000002
vn 0.000000 -1.000000 0.000000
vn 0.000000 -1.000000 0.000000
vn 0.000000 -1.000000 0.000000
vn 0.000000 -1.000000 0.000000
vn 0.000000 1.000000 -0.000001
vn 0.000000 1.000000 -0.000001
vn 0.000000 1.000000 -0.000001
vn 0.000000 1.000000 -0.000001
vn 0.000000 -1.000000 0.000000
vn 0.000000 -1.000000 0.000000
vn 0.000000 -1.000000 0.000000
vn 0.000000 -1.000000 0.000000
vn 0.000000 1.000000 -0.000001
vn 0.000000 1.000000 -0.000001
vn 0.000000 1.000000 -0.000001
vn 0.000000 1.000000 -0.000001
vn 0.000000 -1.000000 0.000000
vn 0.000000 -1.000000 0.000000
vn 0.000000 -1.000000 0.000000
vn 0.000000 -1.000000 0.000000
vn 0.000000 1.000000 -0.000000
vn 0.000000 1.000000 -0.000000
vn 0.000000 1.000000 -0.000000
vn 0.000000 1.000000 -0.000000
vn 0.000000 -1.000000 0.000000
vn 0.000000 -1.000000 0.000000
vn 0.000000 -1.000000 0.000000
vn 0.000000 -1.000000 0.000000
vn 0.000000 1.000000 0.000000
vn 0.000000 1.000000 0.000000
vn 0.000000 1.000000 0.000000
vn 0.000000 1.000000 0.000000
vn 0.000000 -1.000000 0.000000
vn 0.000000 -1.000000 0.000000
vn 0.000000 -1.000000 0.000000
vn 0.000000 -1.000000 0.000000
vn 0.000000 1.000000 0.000000
vn 0.000000 1.000000 0.000000
vn 0.000000 1.000000 0.000000
vn 0.000000 1.000000 0.000000
vn 0.000000 -1.000000 0.000001
vn 0.000000 -1.000000 0.000001
vn 0.000000 -1.000000 0.000001
vn 0.000000 -1.000000 0.000001
vn 0.000000 1.000000 -0.000001
vn 0.000000 1.000000 -0.000001
vn 0.000000 1.000000 -0.000001
vn 0.000000 1.000000 -0.000001
vn 0.000000 -1.000000 0.000000
vn 0.000000 -1.000000 0.000000
vn 0.000000 -1.000000 0.000000
vn 0.000000 -1.000000 0.000000
vn 0.000000 1.000000 0.000002
vn 0.000000 1.000000 0.000002
vn 0.000000 1.000000 0.000002
vn 0.000000 1.000000 0.000002
vn 0.000000 -1.000000 0.000000
vn 0.000000 -1.000000 0.000000
vn 0.000000 -1.000000 0.000000
vn 0.000000 -1.000000 0.000000
vn 0.000000 1.000000 0.000000
vn 0.000000 1.000000 0.000000
vn 0.000000 1.000000 0.000000
vn 0.000000 1.000000 0.000000
vn 0.000000 -1.000000 -0.000000
vn 0.000000 -1.000000 -0.000000
vn 0.000000 -1.000000 -0.000000
vn 0.000000 -1.000000 -0.000000
vn 0.000000 1.000000 0.000001
vn 0.000000 1.000000 0.000001
vn 0.000000 1.000000 0.000001
vn 0.000000 1.000000 0.000001
vn 0.000000 -1.000000 0.000000
vn 0.000000 -1.000000 0.000000
vn 0.000000 -1.000000 0.000000
vn 0.000000 -1.000000 0.000000
vn 0.000000 1.000000 0.000001
vn 0.000000 1.000000 0.000001
vn 0.000000 1.000000 0.000001
vn 0.000000 1.000000 0.000001
vn 0.000000 -1.000000 0.000000
vn 0.000000 -1.000000 0.000000
vn 0.000000 -1.000000 0.000000
vn 0.000000 -1.000000 0.000000
vn 0.000000 1.000000 0.000000
vn 0.000000 1.000000 0.000000
vn 0.000000 1.000000 0.000000
vn 0.000000 1.000000 0.000000
vn 0.000000 -1.000000 0.000000
vn 0.000000 -1.000000 0.000000
vn 0.000000 -1.000000 0.000000
vn 0.000000 -1.000000 0.000000
vn 0.000000 1.000000 0.000000
vn 0.000000 1.000000 0.000000
vn 0.000000 1.000000 0.000000
vn 0.000000 1.000000 0.000000
vn 0.000000 -1.000000 0.000000
vn 0.000000 -1.000000 0.000000
vn 0.000000 -1.000000 0.000000
vn 0.000000 -1.000000 0.000000
vn 0.000000 1.000000 -0.000001
vn 0.000000 1.000000 -0.000001
vn 0.000000 1.000000 -0.000001
vn 0.000000 1.000000 -0.000001
vn 0.000000 -1.000000 -0.000001
vn 0.000000 -1.000000 -0.000001
vn 0.000000 -1.000000 -0.000001
vn 0.000000 -1.000000 -0.000001
vn 0.000000 1.000000 0.000001
vn 0.000000 1.000000 0.000001
vn 0.000000 1.000000 0.000001
vn 0.000000 1.000000 0.000001
vn 0.000000 -1.000000 -0.000000
vn 0.000000 -1.000000 -0.000000
vn 0.000000 -1.000000 -0.000000
vn 0.000000 -1.000000 -0.000000
vn 0.000000 -1.000000 0.000000
vn 0.000000 -1.000000 0.000000
vn 0.000000 -1.000000 0.000000
vn 0.000000 -1.000000 0.000000
vn 0.000000 1.000000 -0.000000
vn 0.000000 1.000000 -0.000000
vn 0.000000 1.000000 -0.000000
vn 0.000000 1.000000 -0.000000
vn 0.000000 -1.000000 0.000000
vn 0.000000 -1.000000 0.000000
vn 0.000000 -1.000000 0.000000
vn 0.000000 -1.000000 0.000000
vn 0.000000 1.000000 -0.000000
vn 0.000000 1.000000 -0.000000
vn 0.000000 1.000000 -0.000000
vn 0.000000 1.000000 -0.000000
vn 0.000000 -1.000000 0.000000
vn 0.000000 -1.000000 0.000000
vn 0.000000 -1.000000 0.000000
vn 0.000000 -1.000000 0.000000
vn 0.000000 1.000000 0.000000
vn 0.000000 1.000000 0.000000
vn 0.000000 1.000000 0.000000
vn 0.000000 1.000000 0.000000
vn 0.000000 -1.000000 0.000000
vn 0.000000 -1.000000 0.000000
vn 0.000000 -1.000000 0.000000
vn 0.000000 -1.000000 0.000000
vn 0.000000 1.000000 0.000000
vn 0.000000 1.000000 0.000000
vn 0.000000 1.000000 0.000000
vn 0.000000 1.000000 0.000000
vn 0.000000 -1.000000 0.000000
vn 0.000000 -1.000000 0.000000
vn 0.000000 -1.000000 0.000000
vn 0.000000 -1.000000 0.000000
vn 0.000000 1.000000 0.000000
vn 0.000000 1.000000 0.000000
vn 0.000000 1.000000 0.000000
vn 0.000000 1.000000 0.000000
vn 0.000000 -1.000000 0.000000
vn 0.000000 -1.000000 0.000000
vn 0.000000 -1.000000 0.000000
vn 0.000000 -1.000000 0.000000
vn 0.000000 1.000000 -0.000000
vn 0.000000 1.000000 -0.000000
vn 0.000000 1.000000 -0.000000
vn 0.000000 1.000000 -0.000000
vn 0.000000 -1.000000 0.000000
vn 0.000000 -1.000000 0.000000
vn 0.000000 -1.000000 0.000000
vn 0.000000 -1.000000 0.000000
vn 0.000000 1.000000 0.000000
vn 0.000000 1.000000 0.000000
vn 0.000000 1.000000 0.000000
vn 0.000000 1.000000 0.000000
vn 0.000000 -1.000000 0.000000
vn 0.000000 -1.000000 0.000000
vn 0.000000 -1.000000 0.000000
vn 0.000000 -1.000000 0.000000
vn 0.000000 1.000000 -0.000000
vn 0.000000 1.000000 -0.000000
vn 0.000000 1.000000 -0.000000
vn 0.000000 1.000000 -0.000000
vn 0.000000 -1.000000 0.000000
vn 0.000000 -1.000000 0.000000
vn 0.000000 -1.000000 0.000000
vn 0.000000 -1.000000 0.000000
vn 0.000000 1.000000 0.000000
vn 0.000000 1.000000 0.000000
vn 0.000000 1.000000 0.000000
vn 0.000000 1.000000 0.000000
vn 0.000000 -1.000000 0.000000
vn 0.000000 -1.000000 0.000000
vn 0.000000 -1.000000 0.000000
vn 0.000000 -1.000000 0.000000
vn 0.000000 1.000000 0.000000
vn 0.000000 1.000000 0.000000
vn 0.000000 1.000000 0.000000
vn 0.000000 1.000000 0.000000
vn 0.000000 -1.000000 0.000000
vn 0.000000 -1.000000 0.000000
vn 0.000000 -1.000000 0.000000
vn 0.000000 -1.000000 0.000000
vn 0.000000 1.000000 0.000000
vn 0.000000 1.000000 0.000000
vn 0.000000 1.000000 0.000000
vn 0.000000 1.000000 0.000000
vn 0.000000 -1.000000 0.000000
vn 0.000000 -1.000000 0.000000
vn 0.000000 -1.000000 0.000000
vn 0.000000 -1.000000 0.000000
vn 0.000000 1.000000 0.000000
vn 0.000000 1.000000 0.000000
vn 0.000000 1.000000 0.000000
vn 0.000000 1.000000 0.000000
vn 0.000000 -1.000000 0.000000
vn 0.000000 -1.000000 0.000000
vn 0.000000 -1.000000 0.000000
vn 0.000000 -1.000000 0.000000
vn 0.000000 1.000000 -0.000000
vn 0.000000 1.000000 -0.000000
vn 0.000000 1.000000 -0.000000
vn 0.000000 1.000000 -0.000000
vn 0.000000 -1.000000 0.000000
vn 0.000000 -1.000000 0.000000
vn 0.000000 -1.000000 0.000000
vn 0.000000 -1.000000 0.000000
vn 0.000000 1.000000 0.000000
vn 0.000000 1.000000 0.000000
vn 0.000000 1.000000 0.000000
vn 0.000000 1.000000 0.000000
vn 0.000000 -1.000000 0.000000
vn 0.000000 -1.000000 0.000000
vn 0.000000 -1.000000 0.000000
vn 0.000000 -1.000000 0.000000
vn 0.000000 1.000000 -0.000000
vn 0.000000 1.000000 -0.000000
vn 0.000000 1.000000 -0.000000
vn 0.000000 1.000000 -0.000000
vn 0.000000 -1.000000 0.000000
vn 0.000000 -1.000000 0.000000
vn 0.000000 -1.000000 0.000000
vn 0.000000 -1.000000 0.000000
vn 0.000000 1.000000 0.000000
vn 0.000000 1.000000 0.000000
vn 0.000000 1.000000 0.000000
vn 0.000000 1.000000 0.000000
vn 0.000000 -1.000000 -0.000007
vn 0.000000 -1.000000 -0.000007
vn 0.000000 -1.000000 -0.000007
vn 0.000000 -1.000000 -0.000007
vn 0.000000 1.000000 0.000000
vn 0.000000 1.000000 0.000000
vn 0.000000 1.000000 0.000000
vn 0.000000 1.000000 0.000000
vn 0.000000 -1.000000 -0.000001
vn 0.000000 -1.000000 -0.000001
vn 0.000000 -1.000000 -0.000001
vn 0.000000 -1.000000 -0.000001
vn 0.000000 1.000000 -0.000003
vn 0.000000 1.000000 -0.000003
vn 0.000000 1.000000 -0.000003
vn 0.000000 1.000000 -0.000003
vn 0.000000 -1.000000 -0.000001
vn 0.000000 -1.000000 -0.000001
vn 0.000000 -1.000000 -0.000001
vn 0.000000 -1.000000 -0.000001
vn 0.000000 1.000000 0.000003
vn 0.000000 1.000000 0.000003
vn 0.000000 1.000000 0.000003
vn 0.000000 1.000000 0.000003
vn 0.000000 -1.000000 -0.000001
vn 0.000000 -1.000000 -0.000001
vn 0.000000 -1.000000 -0.000001
vn 0.000000 -1.000000 -0.000001
vn 0.000000 1.000000 0.000001
vn 0.000000 1.000000 0.000001
vn 0.000000 1.000000 0.000001
vn 0.000000 1.000000 0.000001
vn 0.000000 -1.000000 0.000001
vn 0.000000 -1.000000 0.000001
vn 0.000000 -1.000000 0.000001
vn 0.000000 -1.000000 0.000001
vn 0.000000 1.000000 0.000000
vn 0.000000 1.000000 0.000000
vn 0.000000 1.000000 0.000000
vn 0.000000 1.000000 0.000000
vn 0.000000 -1.000000 -0.000001
vn 0.000000 -1.000000 -0.000001
vn 0.000000 -1.000000 -0.000001
vn 0.000000 -1.000000 -0.000001
vn 0.000000 1.000000 0.000001
vn 0.000000 1.000000 0.000001
vn 0.000000 1.000000 0.000001
vn 0.000000 1.000000 0.000001
vn 0.000000 -1.000000 0.000002
vn 0.000000 -1.000000 0.000002
vn 0.000000 -1.000000 0.000002
vn 0.000000 -1.000000 0.000002
vn 0.000000 1.000000 0.000003
vn 0.000000 1.000000 0.000003
vn 0.000000 1.000000 0.000003
vn 0.000000 1.000000 0.000003
vn 0.000000 -1.000000 0.000000
vn 0.000000 -1.000000 0.000000
vn 0.000000 -1.000000 0.000000
vn 0.000000 -1.000000 0.000000
vn 0.000000 1.000000 -0.000003
vn 0.000000 1.000000 -0.000003
vn 0.000000 1.000000 -0.000003
vn 0.000000 1.000000 -0.000003
vn 0.000000 -1.000000 -0.000002
vn 0.000000 -1.000000 -0.000002
vn 0.000000 -1.000000 -0.000002
vn 0.000000 -1.000000 -0.000002
vn 0.000000 1.000000 0.000000
vn 0.000000 1.000000 0.000000
vn 0.000000 1.000000 0.000000
vn 0.000000 1.000000 0.000000
vn 0.000000 -1.000000 -0.000009
vn 0.000000 -1.000000 -0.000009
vn 0.000000 -1.000000 -0.000009
vn 0.000000 -1.000000 -0.000009
vn 0.000000 1.000000 -0.000006
vn 0.000000 1.000000 -0.000006
vn 0.000000 1.000000 -0.000006
vn 0.000000 1.000000 -0.000006
vn 0.000000 -1.000000 0.000001
vn 0.000000 -1.000000 0.000001
vn 0.000000 -1.000000 0.000001
vn 0.000000 -1.000000 0.000001
vn 0.000000 1.000000 -0.000003
vn 0.000000 1.000000 -0.000003
vn 0.000000 1.000000 -0.000003
vn 0.000000 1.000000 -0.000003
vn 0.000000 -1.000000 0.000001
vn 0.000000 -1.000000 0.000001
vn 0.000000 -1.000000 0.000001
vn 0.000000 -1.000000 0.000001
vn 0.000000 1.000000 -0.000001
vn 0.000000 1.000000 -0.000001
vn 0.000000 1.000000 -0.000001
vn 0.000000 1.000000 -0.000001
vn 0.000000 -1.000000 0.000001
vn 0.000000 -1.000000 0.000001
vn 0.000000 -1.000000 0.000001
vn 0.000000 -1.000000 0.000001
vn 0.000000 1.000000 0.000000
vn 0.000000 1.000000 0.000000
vn 0.000000 1.000000 0.000000
vn 0.000000 1.000000 0.000000
vn 0.000000 -1.000000 -0.000004
vn 0.000000 -1.000000 -0.000004
vn 0.000000 -1.000000 -0.000004
vn 0.000000 -1.000000 -0.000004
vn 0.000000 1.000000 0.000002
vn 0.000000 1.000000 0.000002
vn 0.000000 1.000000 0.000002
vn 0.000000 1.000000 0.000002
vn 0.000000 -1.000000 -0.000002
vn 0.000000 -1.000000 -0.000002
vn 0.000000 -1.000000 -0.000002
vn 0.000000 -1.000000 -0.000002
vn 0.000000 1.000000 0.000007
vn 0.000000 1.000000 0.000007
vn 0.000000 1.000000 0.000007
vn 0.000000 1.000000 0.000007
vn 0.000000 -1.000000 0.000000
vn 0.000000 -1.000000 0.000000
vn 0.000000 -1.000000 0.000000
vn 0.000000 -1.000000 0.000000
vn 0.000000 1.000000 -0.000006
vn 0.000000 1.000000 -0.000006
vn 0.000000 1.000000 -0.000006
vn 0.000000 1.000000 -0.000006
vn -0.831475 0.000000 0.555563
vn -0.831475 0.000000 0.555563
vn -0.831475 0.000000 0.555563
vn -0.831475 0.000000 0.555563
vn -0.555573 0.000000 0.831468
vn -0.555573 0.000000 0.831468
vn -0.555573 0.000000 0.831468
vn -0.555573 0.000000 0.831468
vn -0.195093 0.000000 0.980785
vn -0.195093 0.000000 0.980785
vn -0.195093 0.000000 0.980785
vn -0.195093 0.000000 0.980785
vn 0.195088 0.000000 0.980786
vn 0.195088 0.000000 0.980786
vn 0.195088 0.000000 0.980786
vn 0.195088 0.000000 0.980786
vn 0.555572 0.000000 0.831468
vn 0.555572 0.000000 0.831468
vn 0.555572 0.000000 0.831468
vn 0.555572 0.000000 0.831468
vn 0.831468 0.000000 0.555572
vn 0.831468 0.000000 0.555572
vn 0.831468 0.000000 0.555572
vn 0.831468 0.000000 0.555572
vn 0.980785 0.000000 0.195093
vn 0.980785 0.000000 0.195093
vn 0.980785 0.000000 0.195093
vn 0.980785 0.000000 0.195093
vn 0.980786 0.000000 -0.195087
vn 0.980786 0.000000 -0.195087
vn 0.980786 0.000000 -0.195087
vn 0.980786 0.000000 -0.195087
vn 0.831475 0.000000 -0.555563
vn 0.831475 0.000000 -0.555563
vn 0.831475 0.000000 -0.555563
vn 0.831475 0.000000 -0.555563
vn 0.555573 0.000000 -0.831468
vn 0.555573 0.000000 -0.831468
vn 0.555573 0.000000 -0.831468
vn 0.555573 0.000000 -0.831468
vn 0.195093 0.000000 -0.980785
vn 0.195093 0.000000 -0.980785
vn 0.195093 0.000000 -0.980785
vn 0.195093 0.000000 -0.980785
vn -0.195088 0.000000 -0.980786
vn -0.195088 0.000000 -0.980786
vn -0.195088 0.000000 -0.980786
vn -0.195088 0.000000 -0.980786
vn -0.555572 0.000000 -0.831468
vn -0.555572 0.000000 -0.831468
vn -0.555572 0.000000 -0.831468
vn -0.555572 0.000000 -0.831468
vn -0.831469 0.000000 -0.555572
vn -0.831469 0.000000 -0.555572
vn -0.831469 0.000000 -0.555572
vn -0.831469 0.000000 -0.555572
vn -0.980786 0.000000 -0.195087
vn -0.980786 0.000000 -0.195087
vn -0.980786 0.000000 -0.195087
vn -0.980786 0.000000 -0.195087
vn -0.980786 0.000000 0.195088
vn -0.980786 0.000000 0.195088
vn -0.980786 0.000000 0.195088
vn -0.980786 0.000000 0.195088
s 1
g BArril
usemtl initialShadingGroup
f 2215/2792/6261 2214/2793/6262 2246/2794/6263
f 2216/2795/6264 2215/2792/6261 2246/2794/6263
f 2217/2796/6265 2216/2795/6264 2246/2794/6263
f 2218/2797/6266 2217/2796/6265 2246/2794/6263
f 2219/2798/6267 2218/2797/6266 2246/2794/6263
f 2220/2799/6268 2219/2798/6267 2246/2794/6263
f 2221/2800/6269 2220/2799/6268 2246/2794/6263
f 2222/2801/6270 2221/2800/6269 2246/2794/6263
f 2223/2802/6271 2222/2801/6270 2246/2794/6263
f 2224/2803/6272 2223/2802/6271 2246/2794/6263
f 2225/2804/6273 2224/2803/6272 2246/2794/6263
f 2226/2805/6274 2225/2804/6273 2246/2794/6263
f 2227/2806/6275 2226/2805/6274 2246/2794/6263
f 2228/2807/6276 2227/2806/6275 2246/2794/6263
f 2229/2808/6277 2228/2807/6276 2246/2794/6263
f 2214/2793/6262 2229/2808/6277 2246/2794/6263
s 2
f 2471/2809/6278 2472/2810/6279 2473/2811/6280
f 2472/2810/6279 2474/2812/6281 2473/2811/6280
f 2474/2812/6281 2475/2813/6282 2473/2811/6280
f 2475/2813/6282 2476/2814/6283 2473/2811/6280
f 2476/2814/6283 2477/2815/6284 2473/2811/6280
f 2477/2815/6284 2478/2816/6285 2473/2811/6280
f 2478/2816/6285 2479/2817/6286 2473/2811/6280
f 2479/2817/6286 2480/2818/6287 2473/2811/6280
f 2480/2818/6287 2481/2819/6288 2473/2811/6280
f 2481/2819/6288 2482/2820/6289 2473/2811/6280
f 2482/2820/6289 2483/2821/6290 2473/2811/6280
f 2483/2821/6290 2484/2822/6291 2473/2811/6280
f 2484/2822/6291 2485/2823/6292 2473/2811/6280
f 2485/2823/6292 2486/2824/6293 2473/2811/6280
f 2486/2824/6293 2487/2825/6294 2473/2811/6280
f 2487/2825/6294 2471/2809/6278 2473/2811/6280
s 3
f 2343/3136/6295 2344/2827/6296 2345/2828/6297 2346/2829/6298
f 2344/2827/6296 2343/3136/6295 2347/3135/6299 2348/2831/6300
f 2348/2831/6300 2347/3135/6299 2349/3134/6301 2350/2833/6302
f 2350/2833/6302 2349/3134/6301 2351/3133/6303 2352/2835/6304
f 2352/2835/6304 2351/3133/6303 2353/3132/6305 2354/2837/6306
f 2354/2837/6306 2353/3132/6305 2355/3131/6307 2356/2839/6308
f 2356/2839/6308 2355/3131/6307 2357/3130/6309 2358/2841/6310
f 2358/2841/6310 2357/3130/6309 2359/3129/6311 2360/2843/6312
f 2360/2843/6312 2359/3129/6311 2361/3127/6313 2362/2845/6314
f 2362/2845/6314 2361/3128/6313 2363/3126/6315 2364/2847/6316
f 2364/2847/6316 2363/3126/6315 2365/3125/6317 2366/2849/6318
f 2366/2849/6318 2365/3125/6317 2367/3124/6319 2368/2851/6320
f 2368/2851/6320 2367/3124/6319 2369/3123/6321 2370/2853/6322
f 2370/2853/6322 2369/3123/6321 2371/3122/6323 2372/2855/6324
f 2372/2855/6324 2371/3122/6323 2373/3120/6325 2374/2857/6326
f 2374/2857/6326 2373/3120/6325 2346/2829/6298 2345/2828/6297
s 4
f 2375/3186/6327 2376/2859/6328 2377/3154/6329 2378/2861/6330
f 2376/2859/6328 2375/3186/6327 2379/3184/6331 2380/2863/6332
f 2380/2863/6332 2379/3184/6331 2381/3182/6333 2382/2865/6334
f 2382/2865/6334 2381/3182/6333 2383/3180/6335 2384/2867/6336
f 2384/2867/6336 2383/3180/6335 2385/3178/6337 2386/2869/6338
f 2386/2869/6338 2385/3178/6337 2387/3176/6339 2388/2871/6340
f 2388/2871/6340 2387/3176/6339 2389/3174/6341 2390/2873/6342
f 2390/2873/6342 2389/3174/6341 2391/3172/6343 2392/2875/6344
f 2392/2875/6344 2391/3172/6343 2393/3169/6345 2394/3117/6346
f 2394/2877/6346 2393/3170/6345 2395/3167/6347 2396/2879/6348
f 2396/2879/6348 2395/3167/6347 2397/3165/6349 2398/2881/6350
f 2398/2881/6350 2397/3165/6349 2399/3163/6351 2400/2883/6352
f 2400/2883/6352 2399/3163/6351 2401/3161/6353 2402/2885/6354
f 2402/2885/6354 2401/3161/6353 2403/3159/6355 2404/2887/6356
f 2404/2887/6356 2403/3159/6355 2405/3156/6357 2406/2889/6358
f 2406/2889/6358 2405/3156/6357 2378/2861/6330 2377/3154/6329
s 5
f 2407/2890/6359 2408/3116/6360 2409/2892/6361 2410/3219/6362
f 2408/3116/6360 2411/3115/6363 2412/2895/6364 2409/2892/6361
f 2411/3115/6363 2413/3114/6365 2414/2897/6366 2412/2895/6364
f 2413/3114/6365 2415/3113/6367 2416/2899/6368 2414/2897/6366
f 2415/3113/6367 2417/3112/6369 2418/2901/6370 2416/2899/6368
f 2417/3112/6369 2419/3111/6371 2420/2903/6372 2418/2901/6370
f 2419/3111/6371 2421/3110/6373 2422/2905/6374 2420/2903/6372
f 2421/3110/6373 2423/3109/6375 2424/2907/6376 2422/2905/6374
f 2423/3109/6375 2425/3108/6377 2426/2909/6378 2424/2907/6376
f 2425/3108/6377 2427/3107/6379 2428/2911/6380 2426/2909/6378
f 2427/3107/6379 2429/3105/6381 2430/3224/6382 2428/2911/6380
f 2429/3106/6381 2431/3104/6383 2432/2915/6384 2430/2913/6382
f 2431/3104/6383 2433/3103/6385 2434/2917/6386 2432/2915/6384
f 2433/3103/6385 2435/3102/6387 2436/2919/6388 2434/2917/6386
f 2435/3102/6387 2437/3100/6389 2438/2921/6390 2436/2919/6388
f 2437/3100/6389 2407/2890/6359 2410/3219/6362 2438/2921/6390
s 6
f 2249/3285/6391 2247/3286/6392 2311/3254/6393 2312/3271/6394
f 2251/3284/6395 2249/3285/6391 2312/3271/6394 2313/3270/6396
f 2253/3283/6397 2251/3284/6395 2313/3270/6396 2314/3269/6398
f 2255/3282/6399 2253/3283/6397 2314/3269/6398 2315/3268/6400
f 2257/3281/6401 2255/3282/6399 2315/3268/6400 2316/3267/6402
f 2259/3280/6403 2257/3281/6401 2316/3267/6402 2317/3266/6404
f 2261/3279/6405 2259/3280/6403 2317/3266/6404 2318/3263/6406
f 2263/3265/6407 2261/3279/6405 2318/3263/6406 2319/3261/6408
f 2265/3278/6409 2263/3264/6407 2319/3262/6408 2320/3260/6410
f 2267/3277/6411 2265/3278/6409 2320/3260/6410 2321/3259/6412
f 2269/3276/6413 2267/3277/6411 2321/3259/6412 2322/3258/6414
f 2271/3275/6415 2269/3276/6413 2322/3258/6414 2323/3257/6416
f 2273/3274/6417 2271/3275/6415 2323/3257/6416 2324/3256/6418
f 2275/3272/6419 2273/3274/6417 2324/3256/6418 2325/3255/6420
f 2277/3273/6421 2275/3272/6419 2325/3255/6420 2326/3253/6422
f 2247/3286/6392 2277/3273/6421 2326/3253/6422 2311/3254/6393
s 7
f 2282/3216/6423 2279/3218/6424 2248/3153/6425 2250/3152/6426
f 2284/3214/6427 2282/3216/6423 2250/3152/6426 2252/3151/6428
f 2286/3212/6429 2284/3214/6427 2252/3151/6428 2254/3150/6430
f 2288/3210/6431 2286/3212/6429 2254/3150/6430 2256/3149/6432
f 2290/3208/6433 2288/3210/6431 2256/3149/6432 2258/3148/6434
f 2292/3206/6435 2290/3208/6433 2258/3148/6434 2260/3147/6436
f 2294/3204/6437 2292/3206/6435 2260/3147/6436 2262/3146/6438
f 2296/3119/6439 2294/3204/6437 2262/3146/6438 2264/3137/6440
f 2298/3200/6441 2296/3202/6439 2264/3138/6440 2266/3145/6442
f 2300/3198/6443 2298/3200/6441 2266/3145/6442 2268/3144/6444
f 2302/3196/6445 2300/3198/6443 2268/3144/6444 2270/3143/6446
f 2304/3194/6447 2302/3196/6445 2270/3143/6446 2272/3142/6448
f 2306/3192/6449 2304/3194/6447 2272/3142/6448 2274/3141/6450
f 2308/3189/6451 2306/3192/6449 2274/3141/6450 2276/3140/6452
f 2310/3190/6453 2308/3189/6451 2276/3140/6452 2278/3139/6454
f 2279/3218/6424 2310/3190/6453 2278/3139/6454 2248/3153/6425
s 8
f 2440/2986/6455 2439/3069/6456 2441/2988/6457 2442/3098/6458
f 2443/2990/6459 2440/2986/6455 2442/3098/6458 2444/3096/6460
f 2445/2992/6461 2443/2990/6459 2444/3096/6460 2446/3094/6462
f 2447/2994/6463 2445/2992/6461 2446/3094/6462 2448/3092/6464
f 2449/2996/6465 2447/2994/6463 2448/3092/6464 2450/3090/6466
f 2451/2998/6467 2449/2996/6465 2450/3090/6466 2452/3088/6468
f 2453/3000/6469 2451/2998/6467 2452/3088/6468 2454/3086/6470
f 2455/3084/6471 2453/3000/6469 2454/3086/6470 2456/3082/6472
f 2457/3004/6473 2455/3002/6471 2456/3083/6472 2458/3080/6474
f 2459/3006/6475 2457/3004/6473 2458/3080/6474 2460/3078/6476
f 2461/3008/6477 2459/3006/6475 2460/3078/6476 2462/3076/6478
f 2463/3010/6479 2461/3008/6477 2462/3076/6478 2464/3074/6480
f 2465/3012/6481 2463/3010/6479 2464/3074/6480 2466/3072/6482
f 2467/3014/6483 2465/3012/6481 2466/3072/6482 2468/3070/6484
f 2469/3016/6485 2467/3014/6483 2468/3070/6484 2470/3067/6486
f 2439/3069/6456 2469/3016/6485 2470/3067/6486 2441/2988/6457
s 9
f 2328/3252/6487 2327/3237/6488 2280/3217/6489 2281/3215/6490
f 2329/3251/6491 2328/3252/6487 2281/3215/6490 2283/3213/6492
f 2330/3250/6493 2329/3251/6491 2283/3213/6492 2285/3211/6494
f 2331/3249/6495 2330/3250/6493 2285/3211/6494 2287/3209/6496
f 2332/3248/6497 2331/3249/6495 2287/3209/6496 2289/3207/6498
f 2333/3247/6499 2332/3248/6497 2289/3207/6498 2291/3205/6500
f 2334/3246/6501 2333/3247/6499 2291/3205/6500 2293/3203/6502
f 2335/3245/6503 2334/3246/6501 2293/3203/6502 2295/3201/6504
f 2336/3243/6505 2335/3244/6503 2295/3118/6504 2297/3199/6506
f 2337/3242/6507 2336/3243/6505 2297/3199/6506 2299/3197/6508
f 2338/3241/6509 2337/3242/6507 2299/3197/6508 2301/3195/6510
f 2339/3240/6511 2338/3241/6509 2301/3195/6510 2303/3193/6512
f 2340/3239/6513 2339/3240/6511 2303/3193/6512 2305/3191/6514
f 2341/3238/6515 2340/3239/6513 2305/3191/6514 2307/3188/6516
f 2342/3236/6517 2341/3238/6515 2307/3188/6516 2309/3187/6518
f 2327/3237/6488 2342/3236/6517 2309/3187/6518 2280/3217/6489
s off
f 2248/2956/6519 2278/2985/6520 2345/2828/6521 2344/2827/6522
f 2277/2952/6523 2247/2923/6524 2343/2826/6525 2346/3121/6526
f 2247/2923/6527 2249/2922/6528 2347/2830/6529 2343/2826/6530
f 2250/2957/6531 2248/2956/6532 2344/2827/6533 2348/2831/6534
f 2249/2922/6535 2251/2926/6536 2349/2832/6537 2347/2830/6538
f 2252/2959/6539 2250/2957/6540 2348/2831/6541 2350/2833/6542
f 2251/2926/6543 2253/2928/6544 2351/2834/6545 2349/2832/6546
f 2254/2961/6547 2252/2959/6548 2350/2833/6549 2352/2835/6550
f 2253/2928/6551 2255/2930/6552 2353/2836/6553 2351/2834/6554
f 2256/2963/6555 2254/2961/6556 2352/2835/6557 2354/2837/6558
f 2255/2930/6559 2257/2932/6560 2355/2838/6561 2353/2836/6562
f 2258/2965/6563 2256/2963/6564 2354/2837/6565 2356/2839/6566
f 2257/2932/6567 2259/2934/6568 2357/2840/6569 2355/2838/6570
f 2260/2967/6571 2258/2965/6572 2356/2839/6573 2358/2841/6574
f 2259/2934/6575 2261/2936/6576 2359/2842/6577 2357/2840/6578
f 2262/2969/6579 2260/2967/6580 2358/2841/6581 2360/2843/6582
f 2261/2936/6583 2263/2938/6584 2361/2844/6585 2359/2842/6586
f 2264/2971/6587 2262/2969/6588 2360/2843/6589 2362/2845/6590
f 2263/2938/6591 2265/2940/6592 2363/2846/6593 2361/2844/6594
f 2266/2973/6595 2264/2971/6596 2362/2845/6597 2364/2847/6598
f 2265/2940/6599 2267/2942/6600 2365/2848/6601 2363/2846/6602
f 2268/2975/6603 2266/2973/6604 2364/2847/6605 2366/2849/6606
f 2267/2942/6607 2269/2944/6608 2367/2850/6609 2365/2848/6610
f 2270/2977/6611 2268/2975/6612 2366/2849/6613 2368/2851/6614
f 2269/2944/6615 2271/2946/6616 2369/2852/6617 2367/2850/6618
f 2272/2979/6619 2270/2977/6620 2368/2851/6621 2370/2853/6622
f 2271/2946/6623 2273/2948/6624 2371/2854/6625 2369/2852/6626
f 2274/2981/6627 2272/2979/6628 2370/2853/6629 2372/2855/6630
f 2273/2948/6631 2275/2950/6632 2373/2856/6633 2371/2854/6634
f 2276/2983/6635 2274/2981/6636 2372/2855/6637 2374/2857/6638
f 2275/2950/6639 2277/2952/6640 2346/3121/6641 2373/2856/6642
f 2278/2985/6643 2276/2983/6644 2374/2857/6645 2345/2828/6646
f 2280/3020/6647 2309/3049/6648 2377/2860/6649 2376/3185/6650
f 2310/2984/6651 2279/2955/6652 2375/2858/6653 2378/3157/6654
f 2279/2955/6655 2282/2954/6656 2379/2862/6657 2375/2858/6658
f 2281/3021/6659 2280/3020/6660 2376/3185/6661 2380/3183/6662
f 2282/2954/6663 2284/2958/6664 2381/2864/6665 2379/2862/6666
f 2283/3023/6667 2281/3021/6668 2380/3183/6669 2382/3181/6670
f 2284/2958/6671 2286/2960/6672 2383/2866/6673 2381/2864/6674
f 2285/3025/6675 2283/3023/6676 2382/3181/6677 2384/3179/6678
f 2286/2960/6679 2288/2962/6680 2385/2868/6681 2383/2866/6682
f 2287/3027/6683 2285/3025/6684 2384/3179/6685 2386/3177/6686
f 2288/2962/6687 2290/2964/6688 2387/2870/6689 2385/2868/6690
f 2289/3029/6691 2287/3027/6692 2386/3177/6693 2388/3175/6694
f 2290/2964/6695 2292/2966/6696 2389/2872/6697 2387/2870/6698
f 2291/3031/6699 2289/3029/6700 2388/3175/6701 2390/3173/6702
f 2292/2966/6703 2294/2968/6704 2391/2874/6705 2389/2872/6706
f 2293/3033/6707 2291/3031/6708 2390/3173/6709 2392/3171/6710
f 2294/2968/6711 2296/2970/6712 2393/2876/6713 2391/2874/6714
f 2295/3035/6715 2293/3033/6716 2392/3171/6717 2394/3168/6718
f 2296/2970/6719 2298/2972/6720 2395/2878/6721 2393/2876/6722
f 2297/3037/6723 2295/3035/6724 2394/3168/6725 2396/3166/6726
f 2298/2972/6727 2300/2974/6728 2397/2880/6729 2395/2878/6730
f 2299/3039/6731 2297/3037/6732 2396/3166/6733 2398/3164/6734
f 2300/2974/6735 2302/2976/6736 2399/2882/6737 2397/2880/6738
f 2301/3041/6739 2299/3039/6740 2398/3164/6741 2400/3162/6742
f 2302/2976/6743 2304/2978/6744 2401/2884/6745 2399/2882/6746
f 2303/3043/6747 2301/3041/6748 2400/3162/6749 2402/3160/6750
f 2304/2978/6751 2306/2980/6752 2403/2886/6753 2401/2884/6754
f 2305/3045/6755 2303/3043/6756 2402/3160/6757 2404/3158/6758
f 2306/2980/6759 2308/2982/6760 2405/2888/6761 2403/2886/6762
f 2307/3047/6763 2305/3045/6764 2404/3158/6765 2406/3155/6766
f 2308/2982/6767 2310/2984/6768 2378/3157/6769 2405/2888/6770
f 2309/3049/6771 2307/3047/6772 2406/3155/6773 2377/2860/6774
f 2214/2793/6775 2215/2792/6776 2408/2891/6777 2407/3101/6778
f 2329/3022/6779 2330/3024/6780 2410/2893/6781 2409/3235/6782
f 2215/2792/6783 2216/2795/6784 2411/2894/6785 2408/2891/6786
f 2328/3018/6787 2329/3022/6788 2409/3235/6789 2412/3234/6790
f 2216/2795/6791 2217/2796/6792 2413/2896/6793 2411/2894/6794
f 2327/3019/6795 2328/3018/6796 2412/3234/6797 2414/3233/6798
f 2217/2796/6799 2218/2797/6800 2415/2898/6801 2413/2896/6802
f 2342/3048/6803 2327/3019/6804 2414/3233/6805 2416/3232/6806
f 2218/2797/6807 2219/2798/6808 2417/2900/6809 2415/2898/6810
f 2341/3046/6811 2342/3048/6812 2416/3232/6813 2418/3231/6814
f 2219/2798/6815 2220/2799/6816 2419/2902/6817 2417/2900/6818
f 2340/3044/6819 2341/3046/6820 2418/3231/6821 2420/3230/6822
f 2220/2799/6823 2221/2800/6824 2421/2904/6825 2419/2902/6826
f 2339/3042/6827 2340/3044/6828 2420/3230/6829 2422/3229/6830
f 2221/2800/6831 2222/2801/6832 2423/2906/6833 2421/2904/6834
f 2338/3040/6835 2339/3042/6836 2422/3229/6837 2424/3228/6838
f 2222/2801/6839 2223/2802/6840 2425/2908/6841 2423/2906/6842
f 2337/3038/6843 2338/3040/6844 2424/3228/6845 2426/3227/6846
f 2223/2802/6847 2224/2803/6848 2427/2910/6849 2425/2908/6850
f 2336/3036/6851 2337/3038/6852 2426/3227/6853 2428/3226/6854
f 2224/2803/6855 2225/2804/6856 2429/2912/6857 2427/2910/6858
f 2335/3034/6859 2336/3036/6860 2428/3226/6861 2430/3225/6862
f 2225/2804/6863 2226/2805/6864 2431/2914/6865 2429/2912/6866
f 2334/3032/6867 2335/3034/6868 2430/3225/6869 2432/3223/6870
f 2226/2805/6871 2227/2806/6872 2433/2916/6873 2431/2914/6874
f 2333/3030/6875 2334/3032/6876 2432/3223/6877 2434/3222/6878
f 2227/2806/6879 2228/2807/6880 2435/2918/6881 2433/2916/6882
f 2332/3028/6883 2333/3030/6884 2434/3222/6885 2436/3221/6886
f 2228/2807/6887 2229/2808/6888 2437/2920/6889 2435/2918/6890
f 2331/3026/6891 2332/3028/6892 2436/3221/6893 2438/3220/6894
f 2229/2808/6895 2214/2793/6896 2407/3101/6897 2437/2920/6898
f 2330/3024/6899 2331/3026/6900 2438/3220/6901 2410/2893/6902
f 2312/2925/6903 2311/2924/6904 2439/2987/6905 2440/3099/6906
f 2233/3050/6907 2232/3051/6908 2442/2989/6909 2441/3066/6910
f 2313/2927/6911 2312/2925/6912 2440/3099/6913 2443/3097/6914
f 2232/3051/6915 2231/3052/6916 2444/2991/6917 2442/2989/6918
f 2314/2929/6919 2313/2927/6920 2443/3097/6921 2445/3095/6922
f 2231/3052/6923 2230/3053/6924 2446/2993/6925 2444/2991/6926
f 2315/2931/6927 2314/2929/6928 2445/3095/6929 2447/3093/6930
f 2230/3053/6931 2245/3054/6932 2448/2995/6933 2446/2993/6934
f 2316/2933/6935 2315/2931/6936 2447/3093/6937 2449/3091/6938
f 2245/3054/6939 2244/3055/6940 2450/2997/6941 2448/2995/6942
f 2317/2935/6943 2316/2933/6944 2449/3091/6945 2451/3089/6946
f 2244/3055/6947 2243/3056/6948 2452/2999/6949 2450/2997/6950
f 2318/2937/6951 2317/2935/6952 2451/3089/6953 2453/3087/6954
f 2243/3056/6955 2242/3057/6956 2454/3001/6957 2452/2999/6958
f 2319/2939/6959 2318/2937/6960 2453/3087/6961 2455/3085/6962
f 2242/3057/6963 2241/3058/6964 2456/3003/6965 2454/3001/6966
f 2320/2941/6967 2319/2939/6968 2455/3085/6969 2457/3081/6970
f 2241/3058/6971 2240/3059/6972 2458/3005/6973 2456/3003/6974
f 2321/2943/6975 2320/2941/6976 2457/3081/6977 2459/3079/6978
f 2240/3059/6979 2239/3060/6980 2460/3007/6981 2458/3005/6982
f 2322/2945/6983 2321/2943/6984 2459/3079/6985 2461/3077/6986
f 2239/3060/6987 2238/3061/6988 2462/3009/6989 2460/3007/6990
f 2323/2947/6991 2322/2945/6992 2461/3077/6993 2463/3075/6994
f 2238/3061/6995 2237/3062/6996 2464/3011/6997 2462/3009/6998
f 2324/2949/6999 2323/2947/7000 2463/3075/7001 2465/3073/7002
f 2237/3062/7003 2236/3063/7004 2466/3013/7005 2464/3011/7006
f 2325/2951/7007 2324/2949/7008 2465/3073/7009 2467/3071/7010
f 2236/3063/7011 2235/3064/7012 2468/3015/7013 2466/3013/7014
f 2326/2953/7015 2325/2951/7016 2467/3071/7017 2469/3068/7018
f 2235/3064/7019 2234/3065/7020 2470/3017/7021 2468/3015/7022
f 2311/2924/7023 2326/2953/7024 2469/3068/7025 2439/2987/7026
f 2234/3065/7027 2233/3050/7028 2441/3066/7029 2470/3017/7030
f 2230/3053/7031 2231/3052/7032 2472/2810/7033 2471/2809/7034
f 2231/3052/7035 2232/3051/7036 2474/2812/7037 2472/2810/7038
f 2232/3051/7039 2233/3050/7040 2475/2813/7041 2474/2812/7042
f 2233/3050/7043 2234/3065/7044 2476/2814/7045 2475/2813/7046
f 2234/3065/7047 2235/3064/7048 2477/2815/7049 2476/2814/7050
f 2235/3064/7051 2236/3063/7052 2478/2816/7053 2477/2815/7054
f 2236/3063/7055 2237/3062/7056 2479/2817/7057 2478/2816/7058
f 2237/3062/7059 2238/3061/7060 2480/2818/7061 2479/2817/7062
f 2238/3061/7063 2239/3060/7064 2481/2819/7065 2480/2818/7066
f 2239/3060/7067 2240/3059/7068 2482/2820/7069 2481/2819/7070
f 2240/3059/7071 2241/3058/7072 2483/2821/7073 2482/2820/7074
f 2241/3058/7075 2242/3057/7076 2484/2822/7077 2483/2821/7078
f 2242/3057/7079 2243/3056/7080 2485/2823/7081 2484/2822/7082
f 2243/3056/7083 2244/3055/7084 2486/2824/7085 2485/2823/7086
f 2244/3055/7087 2245/3054/7088 2487/2825/7089 2486/2824/7090
f 2245/3054/7091 2230/3053/7092 2471/2809/7093 2487/2825/7094
g default
v 0.013069 2.226464 -1.187705
v -0.115194 2.226464 -1.379665
v -0.307154 2.226464 -1.507929
v -0.533586 2.226464 -1.552969
v -0.760018 2.226464 -1.507929
v -0.951978 2.226464 -1.379666
v -1.080242 2.226464 -1.187706
v -1.125282 2.226464 -0.961274
v -1.080242 2.226464 -0.734841
v -0.951979 2.226464 -0.542881
v -0.760019 2.226464 -0.414618
v -0.533586 2.226464 -0.369578
v -0.307154 2.226464 -0.414618
v -0.115194 2.226464 -0.542881
v 0.013069 2.226464 -0.734841
v 0.058109 2.226464 -0.961273
v 0.013069 2.547042 -1.187705
v -0.115194 2.547042 -1.379665
v -0.307154 2.547042 -1.507929
v -0.533586 2.547042 -1.552969
v -0.760018 2.547042 -1.507929
v -0.951978 2.547042 -1.379666
v -1.080242 2.547042 -1.187706
v -1.125282 2.547042 -0.961274
v -1.080242 2.547042 -0.734841
v -0.951979 2.547042 -0.542881
v -0.760019 2.547042 -0.414618
v -0.533586 2.547042 -0.369578
v -0.307154 2.547042 -0.414618
v -0.115194 2.547042 -0.542881
v 0.013069 2.547042 -0.734841
v 0.058109 2.547042 -0.961273
v -0.533586 2.226464 -0.961273
v -0.028831 2.673498 -1.170349
v -0.147263 2.673498 -1.347596
v -0.324510 2.673498 -1.466028
v -0.533586 2.673498 -1.507616
v -0.742663 2.673498 -1.466029
v -0.919909 2.673498 -1.347596
v -1.038341 2.673498 -1.170350
v -1.079929 2.673498 -0.961273
v -1.038341 2.673498 -0.752197
v -0.919909 2.673498 -0.574951
v -0.742663 2.673498 -0.456518
v -0.533586 2.673498 -0.414930
v -0.324510 2.673498 -0.456518
v -0.147264 2.673498 -0.574950
v -0.028831 2.673498 -0.752197
v 0.012757 2.673498 -0.961273
v -0.144649 2.673491 -1.122376
v -0.235906 2.673491 -1.258953
v -0.372483 2.673491 -1.350211
v -0.533586 2.673491 -1.382256
v -0.694689 2.673491 -1.350211
v -0.831266 2.673491 -1.258953
v -0.922524 2.673491 -1.122377
v -0.954569 2.673491 -0.961273
v -0.922524 2.673491 -0.800170
v -0.831266 2.673491 -0.663594
v -0.694690 2.673491 -0.572336
v -0.533586 2.673491 -0.540290
v -0.372483 2.673491 -0.572336
v -0.235906 2.673491 -0.663593
v -0.144649 2.673491 -0.800170
v -0.112603 2.673491 -0.961273
v -0.144649 2.821004 -1.122376
v -0.235906 2.821004 -1.258953
v -0.372483 2.821004 -1.350211
v -0.533586 2.821004 -1.382256
v -0.694689 2.821004 -1.350211
v -0.831266 2.821004 -1.258953
v -0.922524 2.821004 -1.122377
v -0.954569 2.821004 -0.961273
v -0.922524 2.821004 -0.800170
v -0.831266 2.821004 -0.663594
v -0.694690 2.821004 -0.572336
v -0.533586 2.821004 -0.540290
v -0.372483 2.821004 -0.572336
v -0.235906 2.821004 -0.663593
v -0.144649 2.821004 -0.800170
v -0.112603 2.821004 -0.961273
v -0.817542 2.226464 -1.565454
v -0.977654 2.226464 -1.405342
v -0.977654 2.547042 -1.405342
v -0.817542 2.547042 -1.565454
v -1.137766 2.226464 -1.245230
v -1.137766 2.547042 -1.245230
v -0.837491 2.246436 -1.545504
v -0.977654 2.246436 -1.405342
v -0.977654 2.527070 -1.405342
v -0.837491 2.527070 -1.545504
v -1.117817 2.246436 -1.265179
v -1.117817 2.527070 -1.265179
v -0.830835 2.246436 -1.538848
v -0.970998 2.246436 -1.398686
v -0.970998 2.527070 -1.398686
v -0.830835 2.527070 -1.538848
v -1.111161 2.246436 -1.258523
v -1.111161 2.527070 -1.258523
vt 0.527391 0.717356
vt 0.551470 0.707383
vt 0.406932 0.522824
vt 0.395330 0.499486
vt 0.569899 0.688954
vt 0.415366 0.547484
vt 0.579872 0.664875
vt 0.420485 0.573039
vt 0.227290 0.280755
vt 0.088979 0.088685
vt 0.050299 0.101970
vt 0.736109 0.088792
vt 0.018619 0.124346
vt 0.222761 0.053202
vt 0.209462 0.002255
vt 0.015951 0.058196
vt 0.065705 0.101567
vt 0.527391 0.586331
vt 0.406932 0.675266
vt 0.226625 0.000003
vt 0.501328 0.586331
vt 0.395330 0.698603
vt 0.477250 0.596305
vt 0.380761 0.720214
vt 0.458821 0.614734
vt 0.363478 0.739721
vt 0.448847 0.638812
vt 0.343781 0.756789
vt 0.448847 0.664875
vt 0.322012 0.426971
vt 0.458821 0.688954
vt 0.343781 0.441301
vt 0.477250 0.707383
vt 0.363478 0.458368
vt 0.501328 0.717356
vt 0.380761 0.477876
vt 0.514360 0.651844
vt 0.222206 0.306316
vt 0.462871 0.743524
vt 0.445855 0.726507
vt 0.472080 0.765757
vt 0.472080 0.789821
vt 0.462871 0.812054
vt 0.221541 0.025565
vt 0.445855 0.829071
vt 0.423622 0.838280
vt 0.399557 0.838280
vt 0.377324 0.829071
vt 0.360307 0.812055
vt 0.351098 0.789822
vt 0.351098 0.765757
vt 0.360307 0.743524
vt 0.377324 0.726507
vt 0.399557 0.717298
vt 0.423622 0.717298
vt 0.236754 0.785817
vt 0.236754 0.767274
vt 0.236754 0.804360
vt 0.236754 0.822904
vt 0.236754 0.841447
vt 0.236754 0.859990
vt 0.236754 0.878533
vt 0.236754 0.897076
vt 0.236754 0.915619
vt 0.236754 0.934162
vt 0.236754 0.952705
vt 0.236754 0.971249
vt 0.236754 0.693102
vt 0.236754 0.711645
vt 0.236754 0.730188
vt 0.236754 0.748731
vt 0.220101 0.785817
vt 0.220101 0.767274
vt 0.220101 0.804360
vt 0.220101 0.822904
vt 0.220101 0.841447
vt 0.220101 0.859990
vt 0.220101 0.878533
vt 0.220101 0.897076
vt 0.220101 0.915619
vt 0.220101 0.934162
vt 0.220101 0.952705
vt 0.220101 0.971249
vt 0.220101 0.693102
vt 0.220101 0.711645
vt 0.220101 0.730188
vt 0.220101 0.748731
vt 0.739426 0.088792
vt 0.739426 0.063231
vt 0.227009 0.050948
vt 0.012634 0.035819
vt 0.213709 0.000001
vt 0.012634 0.061381
vt 0.737172 0.088792
vt 0.737172 0.066416
vt 0.223824 0.053202
vt 0.014889 0.035819
vt 0.210525 0.002255
vt 0.014889 0.058196
vt 0.372074 0.751386
vt 0.236754 0.989792
vt 0.220101 0.989792
vt 0.420861 0.731178
vt 0.437992 0.738274
vt 0.402318 0.731178
vt 0.385186 0.738274
vt 0.364978 0.768517
vt 0.364978 0.787061
vt 0.372074 0.804192
vt 0.385186 0.817304
vt 0.402318 0.824400
vt 0.420861 0.824400
vt 0.437992 0.817304
vt 0.451104 0.804192
vt 0.458201 0.787060
vt 0.458201 0.768517
vt 0.451104 0.751386
vt 0.368771 0.487163
vt 0.382223 0.507117
vt 0.352813 0.469151
vt 0.334626 0.453392
vt 0.314525 0.440160
vt 0.314525 0.757930
vt 0.334626 0.744698
vt 0.928282 0.259716
vt 0.336469 0.704329
vt 0.322012 0.771119
vt 0.352813 0.728939
vt 0.368771 0.710926
vt 0.382223 0.690972
vt 0.392936 0.669423
vt 0.400724 0.646653
vt 0.405451 0.623057
vt 0.407036 0.599045
vt 0.405451 0.575032
vt 0.400724 0.551436
vt 0.392936 0.528666
vt 0.372659 0.704329
vt 0.964472 0.259716
vt 0.928282 0.337903
vt 0.928282 0.363966
vt 0.928282 0.311841
vt 0.928282 0.285778
vt 0.336469 0.678266
vt 0.336469 0.652204
vt 0.336469 0.626141
vt 0.336469 0.600079
vt 0.336469 0.574016
vt 0.415366 0.650605
vt 0.420485 0.625051
vt 0.422202 0.599045
vt 0.928282 0.442154
vt 0.928282 0.416091
vt 0.928282 0.390029
vt 0.964472 0.337903
vt 0.964472 0.363966
vt 0.964472 0.311841
vt 0.964472 0.285778
vt 0.372659 0.678266
vt 0.372659 0.652204
vt 0.372659 0.626141
vt 0.372659 0.600079
vt 0.372659 0.574016
vt 0.551470 0.596305
vt 0.569899 0.614734
vt 0.579872 0.638812
vt 0.964472 0.442154
vt 0.964472 0.416091
vt 0.964472 0.390029
vt 0.015951 0.035819
vt 0.209462 0.033936
vt 0.018619 0.146723
vt 0.736109 0.111169
vt 0.050299 0.146723
vt 0.210525 0.033936
vt 0.050299 0.124346
vt 0.737172 0.111169
vt 0.736109 0.066416
vt 0.222761 0.084883
vt 0.015951 0.013442
vt 0.018619 0.101970
vt 0.014889 0.013442
vt 0.223824 0.084883
vt 0.056521 0.137757
vt 0.218106 0.331878
vt 0.217441 0.051127
vt 0.079795 0.124875
vt 0.336469 0.547954
vt 0.065705 0.137757
vt 0.372659 0.547954
vt 0.227290 0.331878
vt 0.928282 0.468216
vt 0.226625 0.051127
vt 0.964472 0.468216
vt 0.088979 0.124875
vt 0.217441 0.025565
vt 0.217442 0.000003
vt 0.213709 0.036190
vt 0.056521 0.101567
vt 0.739426 0.114354
vt 0.218106 0.306316
vt 0.218106 0.280755
vt 0.227009 0.087137
vt 0.079795 0.088685
vt 0.012634 0.010257
vn 0.923880 0.000000 -0.382683
vn 0.707107 0.000000 -0.707106
vn 0.707107 0.000000 -0.707106
vn 0.923880 0.000000 -0.382683
vn 0.382684 0.000000 -0.923879
vn 0.382684 0.000000 -0.923879
vn 0.000000 0.000000 -1.000000
vn 0.000000 0.000000 -1.000000
vn -0.195090 0.000000 -0.980785
vn -0.195090 0.000000 -0.980785
vn -0.707105 0.000000 -0.707108
vn -0.707106 0.000000 -0.707107
vn -0.707106 0.000000 -0.707107
vn -0.707105 0.000000 -0.707108
vn -0.672771 0.000000 -0.739851
vn -0.672771 0.000000 -0.739851
vn -0.980785 0.000000 -0.195090
vn -1.000000 0.000000 0.000000
vn -1.000000 0.000000 0.000000
vn -0.980785 0.000000 -0.195090
vn -0.923880 0.000000 0.382683
vn -0.923880 0.000000 0.382683
vn -0.707107 0.000000 0.707107
vn -0.707107 0.000000 0.707107
vn -0.382684 0.000000 0.923880
vn -0.382684 0.000000 0.923880
vn -0.000000 0.000000 1.000000
vn -0.000000 0.000000 1.000000
vn 0.382683 0.000000 0.923880
vn 0.382683 0.000000 0.923880
vn 0.707107 0.000000 0.707107
vn 0.707107 0.000000 0.707107
vn 0.923880 0.000000 0.382683
vn 0.923880 0.000000 0.382683
vn 1.000000 0.000000 0.000000
vn 1.000000 0.000000 0.000000
vn 0.000000 -1.000000 0.000000
vn 0.000000 -1.000000 0.000000
vn 0.000000 -1.000000 0.000000
vn 0.000000 -1.000000 -0.000000
vn 0.000000 -1.000000 -0.000000
vn 0.000000 -1.000000 0.000000
vn 0.000000 -1.000000 0.000000
vn 0.000000 -1.000000 0.000000
vn 0.000000 -1.000000 0.000000
vn 0.000000 -1.000000 0.000000
vn 0.000000 -1.000000 0.000000
vn 0.000000 -1.000000 0.000000
vn 0.000000 -1.000000 0.000000
vn 0.000000 -1.000000 0.000000
vn 0.000000 -1.000000 0.000000
vn 0.000000 -1.000000 0.000000
vn 0.000000 -1.000000 0.000000
vn 0.869642 0.337589 -0.360218
vn 0.665595 0.337590 -0.665595
vn 0.665596 0.337590 -0.665594
vn 0.869642 0.337589 -0.360218
vn 0.360219 0.337590 -0.869641
vn 0.360219 0.337590 -0.869641
vn 0.000000 0.337589 -0.941294
vn 0.000000 0.337589 -0.941294
vn -0.360217 0.337589 -0.869642
vn -0.360217 0.337589 -0.869642
vn -0.665595 0.337589 -0.665596
vn -0.665594 0.337589 -0.665596
vn -0.869642 0.337589 -0.360218
vn -0.869642 0.337589 -0.360218
vn -0.941294 0.337589 -0.000000
vn -0.941294 0.337589 0.000000
vn -0.869642 0.337589 0.360218
vn -0.869642 0.337589 0.360218
vn -0.665595 0.337589 0.665595
vn -0.665595 0.337589 0.665595
vn -0.360218 0.337590 0.869641
vn -0.360218 0.337590 0.869641
vn -0.000000 0.337590 0.941293
vn -0.000000 0.337590 0.941293
vn 0.360217 0.337589 0.869642
vn 0.360217 0.337589 0.869642
vn 0.665595 0.337589 0.665595
vn 0.665595 0.337589 0.665595
vn 0.869642 0.337589 0.360217
vn 0.869642 0.337589 0.360217
vn 0.941294 0.337589 0.000000
vn 0.941294 0.337589 0.000001
vn -0.000047 1.000000 0.000020
vn -0.000036 1.000000 0.000036
vn -0.000036 1.000000 0.000036
vn -0.000047 1.000000 0.000020
vn -0.000020 1.000000 0.000047
vn -0.000020 1.000000 0.000047
vn -0.000000 1.000000 0.000052
vn 0.000000 1.000000 0.000052
vn 0.000020 1.000000 0.000048
vn 0.000020 1.000000 0.000048
vn 0.000036 1.000000 0.000037
vn 0.000036 1.000000 0.000037
vn 0.000047 1.000000 0.000020
vn 0.000047 1.000000 0.000020
vn 0.000051 1.000000 0.000000
vn 0.000051 1.000000 0.000000
vn 0.000047 1.000000 -0.000020
vn 0.000047 1.000000 -0.000020
vn 0.000036 1.000000 -0.000037
vn 0.000036 1.000000 -0.000037
vn 0.000020 1.000000 -0.000047
vn 0.000020 1.000000 -0.000047
vn 0.000000 1.000000 -0.000050
vn 0.000000 1.000000 -0.000050
vn -0.000020 1.000000 -0.000048
vn -0.000020 1.000000 -0.000048
vn -0.000036 1.000000 -0.000037
vn -0.000036 1.000000 -0.000037
vn -0.000047 1.000000 -0.000020
vn -0.000047 1.000000 -0.000020
vn -0.000051 1.000000 0.000000
vn -0.000051 1.000000 0.000000
vn 0.923879 0.000000 -0.382684
vn 0.707107 0.000000 -0.707106
vn 0.707107 0.000000 -0.707106
vn 0.923879 0.000000 -0.382684
vn 0.382685 0.000000 -0.923879
vn 0.382685 0.000000 -0.923879
vn 0.000000 0.000000 -1.000000
vn 0.000000 0.000000 -1.000000
vn -0.382683 0.000000 -0.923880
vn -0.382683 0.000000 -0.923880
vn -0.707106 0.000000 -0.707107
vn -0.707106 0.000000 -0.707107
vn -0.923879 0.000000 -0.382684
vn -0.923879 0.000000 -0.382684
vn -1.000000 0.000000 0.000000
vn -1.000000 0.000000 0.000000
vn -0.923879 0.000000 0.382684
vn -0.923879 0.000000 0.382684
vn -0.707107 0.000000 0.707107
vn -0.707107 0.000000 0.707107
vn -0.382684 0.000000 0.923879
vn -0.382684 0.000000 0.923879
vn 0.000000 0.000000 1.000000
vn 0.000000 0.000000 1.000000
vn 0.382683 0.000000 0.923880
vn 0.382683 0.000000 0.923880
vn 0.707106 0.000000 0.707107
vn 0.707106 0.000000 0.707107
vn 0.923880 0.000000 0.382684
vn 0.923880 0.000000 0.382684
vn 1.000000 0.000000 0.000000
vn 1.000000 0.000000 0.000000
vn 0.000000 -1.000000 -0.000001
vn 0.000000 -1.000000 -0.000001
vn 0.000000 -1.000000 -0.000001
vn 0.000000 -1.000000 -0.000001
vn 0.000000 1.000000 0.000001
vn 0.000000 1.000000 0.000001
vn 0.000000 1.000000 0.000001
vn 0.000000 1.000000 0.000001
vn 0.707111 0.000000 -0.707103
vn 0.707111 0.000000 -0.707103
vn 0.707111 0.000000 -0.707103
vn 0.707111 0.000000 -0.707103
vn 0.000000 -1.000000 0.000000
vn 0.000000 -1.000000 0.000000
vn 0.000000 -1.000000 0.000000
vn 0.000000 -1.000000 0.000000
vn -0.707105 0.000000 0.707109
vn -0.707105 0.000000 0.707109
vn -0.707105 0.000000 0.707109
vn -0.707105 0.000000 0.707109
vn 0.000000 1.000000 -0.000001
vn 0.000000 1.000000 -0.000001
vn 0.000000 1.000000 -0.000001
vn 0.000000 1.000000 -0.000001
vn -0.707107 0.000004 -0.707106
vn -0.707107 0.000004 -0.707106
vn -0.707107 0.000004 -0.707106
vn -0.707107 0.000004 -0.707106
vn -0.707107 -0.000004 -0.707107
vn -0.707107 -0.000004 -0.707107
vn -0.707107 -0.000004 -0.707107
vn -0.707107 -0.000004 -0.707107
vn -0.707109 0.000000 -0.707104
vn -0.707109 0.000000 -0.707104
vn -0.707109 0.000000 -0.707104
vn -0.707109 0.000000 -0.707104
vn -0.707108 0.000000 -0.707105
vn -0.707108 0.000000 -0.707105
vn -0.707108 0.000000 -0.707105
vn -0.707108 0.000000 -0.707105
vn -0.707110 0.000000 -0.707104
vn -0.707110 0.000000 -0.707104
vn -0.707110 0.000000 -0.707104
vn -0.707110 0.000000 -0.707104
vn -0.707107 0.000001 -0.707107
vn -0.707107 0.000001 -0.707107
vn -0.707107 0.000001 -0.707107
vn -0.707107 0.000001 -0.707107
vn 0.000000 1.000000 0.000015
vn 0.000000 1.000000 0.000015
vn 0.000000 1.000000 0.000015
vn 0.000000 1.000000 0.000015
vn 0.000000 -1.000000 -0.000005
vn 0.000000 -1.000000 -0.000005
vn 0.000000 -1.000000 -0.000005
vn 0.000000 -1.000000 -0.000005
vn -0.707108 0.000000 0.707106
vn -0.707108 0.000000 0.707106
vn -0.707108 0.000000 0.707106
vn -0.707108 0.000000 0.707106
vn 0.000000 1.000000 -0.000008
vn 0.000000 1.000000 -0.000008
vn 0.000000 1.000000 -0.000008
vn 0.000000 1.000000 -0.000008
vn 0.707108 0.000000 -0.707106
vn 0.707108 0.000000 -0.707106
vn 0.000000 -1.000000 -0.000004
vn 0.000000 -1.000000 -0.000004
vn 0.000000 -1.000000 -0.000004
vn 0.000000 -1.000000 -0.000004
s 1
g Experimento pCylinder10
usemtl initialShadingGroup
f 2488/3442/7095 2489/3455/7096 2505/3440/7097 2504/3427/7098
f 2489/3455/7096 2490/3454/7099 2506/3439/7100 2505/3440/7097
f 2490/3454/7099 2491/3453/7101 2507/3438/7102 2506/3439/7100
f 2491/3453/7101 2492/3480/7103 2508/3478/7104 2507/3438/7102
s 2
f 2581/3297/7105 2582/3462/7106 2583/3299/7107 2584/3467/7108
f 2582/3462/7106 2585/3460/7109 2586/3458/7110 2583/3299/7107
s 1
f 2494/3476/7111 2495/3449/7112 2511/3434/7113 2510/3474/7114
f 2495/3449/7112 2496/3448/7115 2512/3433/7116 2511/3434/7113
f 2496/3448/7115 2497/3447/7117 2513/3432/7118 2512/3433/7116
f 2497/3447/7117 2498/3446/7119 2514/3431/7120 2513/3432/7118
f 2498/3446/7119 2499/3445/7121 2515/3430/7122 2514/3431/7120
f 2499/3445/7121 2500/3424/7123 2516/3412/7124 2515/3430/7122
f 2500/3425/7123 2501/3444/7125 2517/3429/7126 2516/3411/7124
f 2501/3444/7125 2502/3443/7127 2518/3428/7128 2517/3429/7126
f 2502/3443/7127 2503/3441/7129 2519/3426/7130 2518/3428/7128
f 2503/3441/7129 2488/3442/7095 2504/3427/7098 2519/3426/7130
s 4
f 2489/3288/7131 2488/3287/7132 2520/3323/7133
f 2490/3291/7134 2489/3288/7131 2520/3323/7133
f 2491/3293/7135 2490/3291/7134 2520/3323/7133
f 2492/3452/7136 2491/3293/7135 2520/3323/7133
f 2493/3451/7137 2492/3452/7136 2520/3323/7133
f 2494/3450/7138 2493/3451/7137 2520/3323/7133
f 2495/3304/7139 2494/3450/7138 2520/3323/7133
f 2496/3307/7140 2495/3304/7139 2520/3323/7133
f 2497/3309/7141 2496/3307/7140 2520/3323/7133
f 2498/3311/7142 2497/3309/7141 2520/3323/7133
f 2499/3313/7143 2498/3311/7142 2520/3323/7133
f 2500/3315/7144 2499/3313/7143 2520/3323/7133
f 2501/3317/7145 2500/3315/7144 2520/3323/7133
f 2502/3319/7146 2501/3317/7145 2520/3323/7133
f 2503/3321/7147 2502/3319/7146 2520/3323/7133
f 2488/3287/7132 2503/3321/7147 2520/3323/7133
s 5
f 2504/3290/7148 2505/3289/7149 2522/3423/7150 2521/3405/7151
f 2505/3289/7149 2506/3292/7152 2523/3422/7153 2522/3423/7150
f 2506/3292/7152 2507/3294/7154 2524/3421/7155 2523/3422/7153
f 2507/3294/7154 2508/3437/7156 2525/3420/7157 2524/3421/7155
f 2508/3437/7156 2509/3436/7158 2526/3419/7159 2525/3420/7157
f 2509/3436/7158 2510/3435/7160 2527/3418/7161 2526/3419/7159
f 2510/3435/7160 2511/3305/7162 2528/3417/7163 2527/3418/7161
f 2511/3305/7162 2512/3308/7164 2529/3416/7165 2528/3417/7163
f 2512/3308/7164 2513/3310/7166 2530/3415/7167 2529/3416/7165
f 2513/3310/7166 2514/3312/7168 2531/3414/7169 2530/3415/7167
f 2514/3312/7168 2515/3314/7170 2532/3410/7171 2531/3414/7169
f 2515/3314/7170 2516/3413/7172 2533/3409/7173 2532/3410/7171
f 2516/3316/7172 2517/3318/7174 2534/3407/7175 2533/3408/7173
f 2517/3318/7174 2518/3320/7176 2535/3406/7177 2534/3407/7175
f 2518/3320/7176 2519/3322/7178 2536/3404/7179 2535/3406/7177
f 2519/3322/7178 2504/3290/7148 2521/3405/7151 2536/3404/7179
s 6
f 2521/3326/7180 2522/3325/7181 2538/3403/7182 2537/3390/7183
f 2522/3325/7181 2523/3327/7184 2539/3402/7185 2538/3403/7182
f 2523/3327/7184 2524/3328/7186 2540/3401/7187 2539/3402/7185
f 2524/3328/7186 2525/3329/7188 2541/3400/7189 2540/3401/7187
f 2525/3329/7188 2526/3331/7190 2542/3399/7191 2541/3400/7189
f 2526/3331/7190 2527/3332/7192 2543/3398/7193 2542/3399/7191
f 2527/3332/7192 2528/3333/7194 2544/3397/7195 2543/3398/7193
f 2528/3333/7194 2529/3334/7196 2545/3396/7197 2544/3397/7195
f 2529/3334/7196 2530/3335/7198 2546/3395/7199 2545/3396/7197
f 2530/3335/7198 2531/3336/7200 2547/3394/7201 2546/3395/7199
f 2531/3336/7200 2532/3337/7202 2548/3393/7203 2547/3394/7201
f 2532/3337/7202 2533/3338/7204 2549/3386/7205 2548/3393/7203
f 2533/3338/7204 2534/3339/7206 2550/3392/7207 2549/3386/7205
f 2534/3339/7206 2535/3340/7208 2551/3391/7209 2550/3392/7207
f 2535/3340/7208 2536/3341/7210 2552/3389/7211 2551/3391/7209
f 2536/3341/7210 2521/3326/7180 2537/3390/7183 2552/3389/7211
s 7
f 2537/3343/7212 2538/3342/7213 2554/3358/7214 2553/3359/7215
f 2538/3342/7213 2539/3344/7216 2555/3360/7217 2554/3358/7214
f 2539/3344/7216 2540/3345/7218 2556/3361/7219 2555/3360/7217
f 2540/3345/7218 2541/3346/7220 2557/3362/7221 2556/3361/7219
f 2541/3346/7220 2542/3347/7222 2558/3363/7223 2557/3362/7221
f 2542/3347/7222 2543/3348/7224 2559/3364/7225 2558/3363/7223
f 2543/3348/7224 2544/3349/7226 2560/3365/7227 2559/3364/7225
f 2544/3349/7226 2545/3350/7228 2561/3366/7229 2560/3365/7227
f 2545/3350/7228 2546/3351/7230 2562/3367/7231 2561/3366/7229
f 2546/3351/7230 2547/3352/7232 2563/3368/7233 2562/3367/7231
f 2547/3352/7232 2548/3353/7234 2564/3369/7235 2563/3368/7233
f 2548/3353/7234 2549/3387/7236 2565/3388/7237 2564/3369/7235
f 2549/3354/7236 2550/3355/7238 2566/3371/7239 2565/3370/7237
f 2550/3355/7238 2551/3356/7240 2567/3372/7241 2566/3371/7239
f 2551/3356/7240 2552/3357/7242 2568/3373/7243 2567/3372/7241
f 2552/3357/7242 2537/3343/7212 2553/3359/7215 2568/3373/7243
s off
f 2492/3295/7244 2493/3324/7245 2570/3487/7246 2569/3488/7247
f 2509/3330/7248 2508/3479/7249 2572/3472/7250 2571/3482/7251
f 2508/3296/7252 2492/3481/7253 2569/3473/7254 2572/3490/7255
f 2493/3324/7256 2494/3477/7257 2573/3471/7258 2570/3487/7259
f 2494/3303/7260 2510/3475/7261 2574/3470/7262 2573/3485/7263
f 2510/3306/7264 2509/3330/7265 2571/3482/7266 2574/3483/7267
f 2569/3375/7268 2570/3374/7269 2576/3380/7270 2575/3381/7271
f 2571/3377/7272 2572/3491/7273 2578/3468/7274 2577/3383/7275
f 2572/3376/7276 2569/3489/7277 2575/3469/7278 2578/3382/7279
f 2570/3374/7280 2573/3486/7281 2579/3463/7282 2576/3380/7283
f 2573/3378/7284 2574/3484/7285 2580/3461/7286 2579/3384/7287
f 2574/3379/7288 2571/3377/7289 2577/3383/7290 2580/3385/7291
f 2575/3381/7292 2576/3380/7293 2582/3298/7294 2581/3464/7295
f 2577/3383/7296 2578/3468/7297 2584/3466/7298 2583/3456/7299
f 2578/3382/7300 2575/3469/7301 2581/3465/7302 2584/3300/7303
f 2576/3380/7304 2579/3463/7305 2585/3459/7306 2582/3298/7307
s 2
f 2579/3384/7308 2580/3461/7309 2586/3457/7110 2585/3301/7109
s off
f 2580/3385/7310 2577/3383/7311 2583/3456/7312 2586/3302/7313
