# This file uses centimeters as units for non-parametric coordinates.

mtllib silla.mtl
g default
v 0.017910 0.034090 0.243899
v 0.006600 0.042307 0.243899
v -0.007379 0.042307 0.243899
v -0.018689 0.034090 0.243899
v -0.023008 0.020795 0.243899
v -0.018689 0.007500 0.243899
v -0.007379 -0.000717 0.243899
v 0.006600 -0.000717 0.243899
v 0.017910 0.007500 0.243899
v 0.022230 0.020795 0.243899
v 0.017910 0.034090 0.264811
v 0.006600 0.042307 0.264811
v -0.007379 0.042307 0.264811
v -0.018689 0.034090 0.264811
v -0.023008 0.020795 0.264811
v -0.018689 0.007500 0.264811
v -0.007379 -0.000717 0.264811
v 0.006600 -0.000717 0.264811
v 0.017910 0.007500 0.264811
v 0.022230 0.020795 0.264811
v -0.000389 0.020795 0.243899
v -0.000389 0.020795 0.264811
v -0.220178 0.034090 -0.106439
v -0.214523 0.042307 -0.116234
v -0.207534 0.042307 -0.128340
v -0.201879 0.034090 -0.138134
v -0.199719 0.020795 -0.141876
v -0.201879 0.007500 -0.138135
v -0.207534 -0.000717 -0.128340
v -0.214523 -0.000717 -0.116234
v -0.220178 0.007500 -0.106439
v -0.222338 0.020795 -0.102698
v -0.238288 0.034090 -0.116895
v -0.232634 0.042307 -0.126689
v -0.225644 0.042307 -0.138796
v -0.219989 0.034090 -0.148590
v -0.217829 0.020795 -0.152332
v -0.219989 0.007500 -0.148590
v -0.225644 -0.000717 -0.138796
v -0.232634 -0.000717 -0.126689
v -0.238288 0.007500 -0.116895
v -0.240448 0.020795 -0.113154
v -0.211028 0.020795 -0.122287
v -0.229139 0.020795 -0.132743
v 0.220178 0.034090 0.106439
v 0.214523 0.042307 0.116233
v 0.207533 0.042307 0.128340
v 0.201879 0.034090 0.138135
v 0.199719 0.020795 0.141876
v 0.201879 0.007500 0.138134
v 0.207533 -0.000717 0.128340
v 0.214523 -0.000717 0.116234
v 0.220178 0.007500 0.106439
v 0.222338 0.020795 0.102698
v 0.238288 0.034090 0.116895
v 0.232634 0.042307 0.126689
v 0.225644 0.042307 0.138796
v 0.219989 0.034090 0.148590
v 0.217829 0.020795 0.152332
v 0.219989 0.007500 0.148590
v 0.225644 -0.000717 0.138796
v 0.232634 -0.000717 0.126689
v 0.238288 0.007500 0.116895
v 0.240448 0.020795 0.113154
v 0.211028 0.020795 0.122287
v 0.229139 0.020795 0.132743
v 0.202268 0.034090 -0.137460
v 0.207923 0.042307 -0.127666
v 0.214913 0.042307 -0.115559
v 0.220567 0.034090 -0.105765
v 0.222727 0.020795 -0.102024
v 0.220567 0.007500 -0.105765
v 0.214913 -0.000717 -0.115559
v 0.207923 -0.000717 -0.127666
v 0.202268 0.007500 -0.137460
v 0.200108 0.020795 -0.141201
v 0.220378 0.034090 -0.147916
v 0.226033 0.042307 -0.138122
v 0.233023 0.042307 -0.126015
v 0.238678 0.034090 -0.116221
v 0.240838 0.020795 -0.112480
v 0.238678 0.007500 -0.116221
v 0.233023 -0.000717 -0.126015
v 0.226033 -0.000717 -0.138122
v 0.220378 0.007500 -0.147916
v 0.218218 0.020795 -0.151657
v 0.211418 0.020795 -0.121613
v 0.229528 0.020795 -0.132069
v -0.017910 0.034090 -0.243899
v -0.006600 0.042307 -0.243899
v 0.007379 0.042307 -0.243899
v 0.018689 0.034090 -0.243899
v 0.023008 0.020795 -0.243899
v 0.018689 0.007500 -0.243899
v 0.007379 -0.000717 -0.243899
v -0.006600 -0.000717 -0.243899
v -0.017910 0.007500 -0.243899
v -0.022230 0.020795 -0.243899
v -0.017910 0.034090 -0.264811
v -0.006600 0.042307 -0.264811
v 0.007379 0.042307 -0.264811
v 0.018689 0.034090 -0.264811
v 0.023008 0.020795 -0.264811
v 0.018689 0.007500 -0.264811
v 0.007379 -0.000717 -0.264811
v -0.006600 -0.000717 -0.264811
v -0.017910 0.007500 -0.264811
v -0.022230 0.020795 -0.264811
v 0.000389 0.020795 -0.243899
v 0.000389 0.020795 -0.264811
v -0.202268 0.034090 0.137460
v -0.207923 0.042307 0.127666
v -0.214913 0.042307 0.115559
v -0.220567 0.034090 0.105765
v -0.222727 0.020795 0.102024
v -0.220567 0.007500 0.105765
v -0.214913 -0.000717 0.115559
v -0.207923 -0.000717 0.127666
v -0.202268 0.007500 0.137460
v -0.200108 0.020795 0.141201
v -0.220378 0.034090 0.147916
v -0.226033 0.042307 0.138122
v -0.233023 0.042307 0.126015
v -0.238678 0.034090 0.116221
v -0.240838 0.020795 0.112480
v -0.238678 0.007500 0.116221
v -0.233023 -0.000717 0.126015
v -0.226033 -0.000717 0.138122
v -0.220378 0.007500 0.147916
v -0.218218 0.020795 0.151657
v -0.211418 0.020795 0.121613
v -0.229528 0.020795 0.132069
v -0.200131 0.035651 0.138707
v -0.206450 0.044832 0.127763
v -0.214260 0.044832 0.114235
v -0.220578 0.035651 0.103291
v -0.222992 0.020795 0.099110
v -0.197717 0.020795 0.142887
v -0.220367 0.035651 0.150390
v -0.226686 0.044832 0.139446
v -0.234496 0.044832 0.125918
v -0.240815 0.035651 0.114974
v -0.243228 0.020795 0.110794
v -0.217954 0.020795 0.154571
v -0.210355 0.020795 0.120999
v -0.230591 0.020795 0.132682
v -0.206450 0.077507 0.127763
v -0.214260 0.077507 0.114235
v -0.234496 0.077507 0.125918
v -0.226686 0.077507 0.139446
v -0.220189 0.035651 -0.103965
v -0.213871 0.044832 -0.114909
v -0.206060 0.044832 -0.128437
v -0.199742 0.035651 -0.139381
v -0.197328 0.020795 -0.143561
v -0.222603 0.020795 -0.099785
v -0.240426 0.035651 -0.115648
v -0.234107 0.044832 -0.126593
v -0.226297 0.044832 -0.140120
v -0.219978 0.035651 -0.151065
v -0.217564 0.020795 -0.155245
v -0.242839 0.020795 -0.111468
v -0.209965 0.020795 -0.121673
v -0.230202 0.020795 -0.133357
v -0.213871 0.077507 -0.114909
v -0.206060 0.077507 -0.128437
v -0.226297 0.077507 -0.140120
v -0.234107 0.077507 -0.126593
v -0.020058 0.035651 -0.242672
v -0.007421 0.044832 -0.242672
v 0.008200 0.044832 -0.242672
v 0.020837 0.035651 -0.242672
v 0.025664 0.020795 -0.242672
v -0.024885 0.020795 -0.242672
v -0.020058 0.035651 -0.266039
v -0.007421 0.044832 -0.266039
v 0.008200 0.044832 -0.266039
v 0.020837 0.035651 -0.266039
v 0.025664 0.020795 -0.266039
v -0.024885 0.020795 -0.266039
v 0.000389 0.020795 -0.242672
v 0.000389 0.020795 -0.266039
v -0.007421 0.077507 -0.242672
v 0.008200 0.077507 -0.242672
v 0.008200 0.077507 -0.266039
v -0.007421 0.077507 -0.266039
v 0.200131 0.035651 -0.138707
v 0.206450 0.044832 -0.127763
v 0.214260 0.044832 -0.114235
v 0.220578 0.035651 -0.103291
v 0.222992 0.020795 -0.099110
v 0.197717 0.020795 -0.142887
v 0.220367 0.035651 -0.150390
v 0.226686 0.044832 -0.139446
v 0.234496 0.044832 -0.125918
v 0.240815 0.035651 -0.114974
v 0.243228 0.020795 -0.110794
v 0.217954 0.020795 -0.154571
v 0.210355 0.020795 -0.120999
v 0.230591 0.020795 -0.132682
v 0.206450 0.077507 -0.127763
v 0.214260 0.077507 -0.114235
v 0.234496 0.077507 -0.125918
v 0.226686 0.077507 -0.139446
v 0.220189 0.035651 0.103965
v 0.213870 0.044832 0.114909
v 0.206060 0.044832 0.128437
v 0.199742 0.035651 0.139381
v 0.197328 0.020795 0.143561
v 0.222603 0.020795 0.099785
v 0.240425 0.035651 0.115648
v 0.234107 0.044832 0.126593
v 0.226297 0.044832 0.140120
v 0.219978 0.035651 0.151065
v 0.217564 0.020795 0.155245
v 0.242839 0.020795 0.111468
v 0.209965 0.020795 0.121673
v 0.230202 0.020795 0.133357
v 0.213870 0.077507 0.114909
v 0.206060 0.077507 0.128437
v 0.226297 0.077507 0.140120
v 0.234107 0.077507 0.126593
v 0.020058 0.035651 0.242672
v 0.007421 0.044832 0.242672
v -0.008200 0.044832 0.242672
v -0.020837 0.035651 0.242672
v -0.025664 0.020795 0.242672
v 0.024885 0.020795 0.242672
v 0.020058 0.035651 0.266039
v 0.007421 0.044832 0.266039
v -0.008200 0.044832 0.266039
v -0.020837 0.035651 0.266039
v -0.025664 0.020795 0.266039
v 0.024885 0.020795 0.266039
v -0.000389 0.020795 0.242672
v -0.000389 0.020795 0.266039
v 0.007421 0.077507 0.242672
v -0.008200 0.077507 0.242672
v -0.008200 0.077507 0.266039
v 0.007421 0.077507 0.266039
vt 0.122063 0.684844
vt 0.107795 0.593238
vt 0.244827 0.571893
vt 0.259096 0.663499
vt 0.093526 0.501633
vt 0.230559 0.480288
vt 0.079257 0.410028
vt 0.216290 0.388683
vt 0.064988 0.318423
vt 0.202021 0.297078
vt 0.050719 0.226818
vt 0.187752 0.205473
vt 0.036450 0.135213
vt 0.173483 0.113868
vt 0.022181 0.043607
vt 0.159214 0.022262
vt 0.164868 0.959660
vt 0.150600 0.868054
vt 0.287633 0.846709
vt 0.301901 0.938315
vt 0.136331 0.776449
vt 0.273364 0.755104
vt 0.735635 0.904005
vt 0.684821 0.826461
vt 0.829556 0.787038
vt 0.822324 0.936872
vt 0.911774 0.912507
vt 0.969821 0.840218
vt 0.974291 0.747616
vt 0.923477 0.670072
vt 0.836789 0.637205
vt 0.747337 0.661569
vt 0.689291 0.733859
vt 0.739018 0.667018
vt 0.672671 0.731773
vt 0.606197 0.597298
vt 0.580933 0.745163
vt 0.498846 0.702073
vt 0.457762 0.618963
vt 0.473376 0.527577
vt 0.539723 0.462822
vt 0.631461 0.449433
vt 0.713549 0.492522
vt 0.754632 0.575633
vt 0.122063 0.684844
vt 0.107795 0.593238
vt 0.244827 0.571893
vt 0.259096 0.663499
vt 0.093526 0.501633
vt 0.230559 0.480288
vt 0.079257 0.410028
vt 0.216290 0.388683
vt 0.064988 0.318423
vt 0.202021 0.297078
vt 0.050719 0.226818
vt 0.187752 0.205473
vt 0.036450 0.135213
vt 0.173483 0.113868
vt 0.022181 0.043607
vt 0.159214 0.022262
vt 0.164868 0.959660
vt 0.150600 0.868054
vt 0.287633 0.846709
vt 0.301901 0.938315
vt 0.136331 0.776449
vt 0.273364 0.755104
vt 0.735635 0.904005
vt 0.684821 0.826461
vt 0.829556 0.787038
vt 0.822324 0.936872
vt 0.911774 0.912507
vt 0.969821 0.840218
vt 0.974291 0.747616
vt 0.923477 0.670072
vt 0.836789 0.637205
vt 0.747337 0.661569
vt 0.689291 0.733859
vt 0.739018 0.667018
vt 0.672671 0.731773
vt 0.606197 0.597298
vt 0.580933 0.745163
vt 0.498846 0.702073
vt 0.457762 0.618963
vt 0.473376 0.527577
vt 0.539723 0.462822
vt 0.631461 0.449433
vt 0.713549 0.492522
vt 0.754632 0.575633
vt 0.122063 0.684844
vt 0.107795 0.593238
vt 0.244827 0.571893
vt 0.259096 0.663499
vt 0.093526 0.501633
vt 0.230559 0.480288
vt 0.079257 0.410028
vt 0.216290 0.388683
vt 0.064988 0.318423
vt 0.202021 0.297078
vt 0.050719 0.226818
vt 0.187752 0.205473
vt 0.036450 0.135213
vt 0.173483 0.113868
vt 0.022181 0.043607
vt 0.159214 0.022262
vt 0.164868 0.959660
vt 0.150600 0.868054
vt 0.287633 0.846709
vt 0.301901 0.938315
vt 0.136331 0.776449
vt 0.273364 0.755104
vt 0.735635 0.904005
vt 0.684821 0.826461
vt 0.829556 0.787038
vt 0.822324 0.936872
vt 0.911774 0.912507
vt 0.969821 0.840218
vt 0.974291 0.747616
vt 0.923477 0.670072
vt 0.836789 0.637205
vt 0.747337 0.661569
vt 0.689291 0.733859
vt 0.739018 0.667018
vt 0.672671 0.731773
vt 0.606197 0.597298
vt 0.580933 0.745163
vt 0.498846 0.702073
vt 0.457762 0.618963
vt 0.473376 0.527577
vt 0.539723 0.462822
vt 0.631461 0.449433
vt 0.713549 0.492522
vt 0.754632 0.575633
vt 0.122063 0.684844
vt 0.107795 0.593238
vt 0.244827 0.571893
vt 0.259096 0.663499
vt 0.093526 0.501633
vt 0.230559 0.480288
vt 0.079257 0.410028
vt 0.216290 0.388683
vt 0.064988 0.318423
vt 0.202021 0.297078
vt 0.050719 0.226818
vt 0.187752 0.205473
vt 0.036450 0.135213
vt 0.173483 0.113868
vt 0.022181 0.043607
vt 0.159214 0.022262
vt 0.164868 0.959660
vt 0.150600 0.868054
vt 0.287633 0.846709
vt 0.301901 0.938315
vt 0.136331 0.776449
vt 0.273364 0.755104
vt 0.735635 0.904005
vt 0.684821 0.826461
vt 0.829556 0.787038
vt 0.822324 0.936872
vt 0.911774 0.912507
vt 0.969821 0.840218
vt 0.974291 0.747616
vt 0.923477 0.670072
vt 0.836789 0.637205
vt 0.747337 0.661569
vt 0.689291 0.733859
vt 0.739018 0.667018
vt 0.672671 0.731773
vt 0.606197 0.597298
vt 0.580933 0.745163
vt 0.498846 0.702073
vt 0.457762 0.618963
vt 0.473376 0.527577
vt 0.539723 0.462822
vt 0.631461 0.449433
vt 0.713549 0.492522
vt 0.754632 0.575633
vt 0.122063 0.684844
vt 0.107795 0.593238
vt 0.244827 0.571893
vt 0.259096 0.663499
vt 0.093526 0.501633
vt 0.230559 0.480288
vt 0.079257 0.410028
vt 0.216290 0.388683
vt 0.064988 0.318423
vt 0.202021 0.297078
vt 0.050719 0.226818
vt 0.187752 0.205473
vt 0.036450 0.135213
vt 0.173483 0.113868
vt 0.022181 0.043607
vt 0.159214 0.022262
vt 0.164868 0.959660
vt 0.150600 0.868054
vt 0.287633 0.846709
vt 0.301901 0.938315
vt 0.136331 0.776449
vt 0.273364 0.755104
vt 0.735635 0.904005
vt 0.684821 0.826461
vt 0.829556 0.787038
vt 0.822324 0.936872
vt 0.911774 0.912507
vt 0.969821 0.840218
vt 0.974291 0.747616
vt 0.923477 0.670072
vt 0.836789 0.637205
vt 0.747337 0.661569
vt 0.689291 0.733859
vt 0.739018 0.667018
vt 0.672671 0.731773
vt 0.606197 0.597298
vt 0.580933 0.745163
vt 0.498846 0.702073
vt 0.457762 0.618963
vt 0.473376 0.527577
vt 0.539723 0.462822
vt 0.631461 0.449433
vt 0.713549 0.492522
vt 0.754632 0.575633
vt 0.122063 0.684844
vt 0.107795 0.593238
vt 0.244827 0.571893
vt 0.259096 0.663499
vt 0.093526 0.501633
vt 0.230559 0.480288
vt 0.079257 0.410028
vt 0.216290 0.388683
vt 0.064988 0.318423
vt 0.202021 0.297078
vt 0.050719 0.226818
vt 0.187752 0.205473
vt 0.036450 0.135213
vt 0.173483 0.113868
vt 0.022181 0.043607
vt 0.159214 0.022262
vt 0.164868 0.959660
vt 0.150600 0.868054
vt 0.287633 0.846709
vt 0.301901 0.938315
vt 0.136331 0.776449
vt 0.273364 0.755104
vt 0.735635 0.904005
vt 0.684821 0.826461
vt 0.829556 0.787038
vt 0.822324 0.936872
vt 0.911774 0.912507
vt 0.969821 0.840218
vt 0.974291 0.747616
vt 0.923477 0.670072
vt 0.836789 0.637205
vt 0.747337 0.661569
vt 0.689291 0.733859
vt 0.739018 0.667018
vt 0.672671 0.731773
vt 0.606197 0.597298
vt 0.580933 0.745163
vt 0.498846 0.702073
vt 0.457762 0.618963
vt 0.473376 0.527577
vt 0.539723 0.462822
vt 0.631461 0.449433
vt 0.713549 0.492522
vt 0.754632 0.575633
vt 0.306480 0.874192
vt 0.303449 0.770643
vt 0.458349 0.766109
vt 0.461379 0.869658
vt 0.297109 0.554042
vt 0.294078 0.450494
vt 0.448979 0.445960
vt 0.452010 0.549509
vt 0.287738 0.233893
vt 0.284708 0.130344
vt 0.439607 0.125810
vt 0.442638 0.229359
vt 0.281676 0.026796
vt 0.436576 0.022262
vt 0.309510 0.977741
vt 0.464410 0.973207
vt 0.756323 0.364778
vt 0.671746 0.304958
vt 0.806086 0.204718
vt 0.859907 0.363460
vt 0.942934 0.301507
vt 0.973690 0.202585
vt 0.638483 0.206851
vt 0.728059 0.157266
vt 0.637408 0.207406
vt 0.605576 0.042839
vt 0.534599 0.194686
vt 0.458901 0.123967
vt 0.439227 0.022259
vt 0.771925 0.063418
vt 0.862664 0.580135
vt 0.759080 0.581453
vt 0.610803 0.422459
vt 0.507994 0.409741
vt 0.306480 0.874192
vt 0.303449 0.770643
vt 0.458349 0.766109
vt 0.461379 0.869658
vt 0.297109 0.554042
vt 0.294078 0.450494
vt 0.448979 0.445960
vt 0.452010 0.549509
vt 0.287738 0.233893
vt 0.284708 0.130344
vt 0.439607 0.125810
vt 0.442638 0.229359
vt 0.281676 0.026796
vt 0.436576 0.022262
vt 0.309510 0.977741
vt 0.464410 0.973207
vt 0.756323 0.364778
vt 0.671746 0.304958
vt 0.806086 0.204718
vt 0.859907 0.363460
vt 0.942934 0.301507
vt 0.973690 0.202585
vt 0.638483 0.206851
vt 0.728059 0.157266
vt 0.637408 0.207406
vt 0.605576 0.042839
vt 0.534599 0.194686
vt 0.458901 0.123967
vt 0.439227 0.022259
vt 0.771925 0.063418
vt 0.862664 0.580135
vt 0.759080 0.581453
vt 0.610803 0.422459
vt 0.507994 0.409741
vt 0.306480 0.874192
vt 0.303449 0.770643
vt 0.458349 0.766109
vt 0.461379 0.869658
vt 0.297109 0.554042
vt 0.294078 0.450494
vt 0.448979 0.445960
vt 0.452010 0.549509
vt 0.287738 0.233893
vt 0.284708 0.130344
vt 0.439607 0.125810
vt 0.442638 0.229359
vt 0.281676 0.026796
vt 0.436576 0.022262
vt 0.309510 0.977741
vt 0.464410 0.973207
vt 0.756323 0.364778
vt 0.671746 0.304958
vt 0.806086 0.204718
vt 0.859907 0.363460
vt 0.942934 0.301507
vt 0.973690 0.202585
vt 0.638483 0.206851
vt 0.728059 0.157266
vt 0.637408 0.207406
vt 0.605576 0.042839
vt 0.534599 0.194686
vt 0.458901 0.123967
vt 0.439227 0.022259
vt 0.771925 0.063418
vt 0.862664 0.580135
vt 0.759080 0.581453
vt 0.610803 0.422459
vt 0.507994 0.409741
vt 0.306480 0.874192
vt 0.303449 0.770643
vt 0.458349 0.766109
vt 0.461379 0.869658
vt 0.297109 0.554042
vt 0.294078 0.450494
vt 0.448979 0.445960
vt 0.452010 0.549509
vt 0.287738 0.233893
vt 0.284708 0.130344
vt 0.439607 0.125810
vt 0.442638 0.229359
vt 0.281676 0.026796
vt 0.436576 0.022262
vt 0.309510 0.977741
vt 0.464410 0.973207
vt 0.756323 0.364778
vt 0.671746 0.304958
vt 0.806086 0.204718
vt 0.859907 0.363460
vt 0.942934 0.301507
vt 0.973690 0.202585
vt 0.638483 0.206851
vt 0.728059 0.157266
vt 0.637408 0.207406
vt 0.605576 0.042839
vt 0.534599 0.194686
vt 0.458901 0.123967
vt 0.439227 0.022259
vt 0.771925 0.063418
vt 0.862664 0.580135
vt 0.759080 0.581453
vt 0.610803 0.422459
vt 0.507994 0.409741
vt 0.306480 0.874192
vt 0.303449 0.770643
vt 0.458349 0.766109
vt 0.461379 0.869658
vt 0.297109 0.554042
vt 0.294078 0.450494
vt 0.448979 0.445960
vt 0.452010 0.549509
vt 0.287738 0.233893
vt 0.284708 0.130344
vt 0.439607 0.125810
vt 0.442638 0.229359
vt 0.281676 0.026796
vt 0.436576 0.022262
vt 0.309510 0.977741
vt 0.464410 0.973207
vt 0.756323 0.364778
vt 0.671746 0.304958
vt 0.806086 0.204718
vt 0.859907 0.363460
vt 0.942934 0.301507
vt 0.973690 0.202585
vt 0.638483 0.206851
vt 0.728059 0.157266
vt 0.637408 0.207406
vt 0.605576 0.042839
vt 0.534599 0.194686
vt 0.458901 0.123967
vt 0.439227 0.022259
vt 0.771925 0.063418
vt 0.862664 0.580135
vt 0.759080 0.581453
vt 0.610803 0.422459
vt 0.507994 0.409741
vt 0.306480 0.874192
vt 0.303449 0.770643
vt 0.458349 0.766109
vt 0.461379 0.869658
vt 0.297109 0.554042
vt 0.294078 0.450494
vt 0.448979 0.445960
vt 0.452010 0.549509
vt 0.287738 0.233893
vt 0.284708 0.130344
vt 0.439607 0.125810
vt 0.442638 0.229359
vt 0.281676 0.026796
vt 0.436576 0.022262
vt 0.309510 0.977741
vt 0.464410 0.973207
vt 0.756323 0.364778
vt 0.671746 0.304958
vt 0.806086 0.204718
vt 0.859907 0.363460
vt 0.942934 0.301507
vt 0.973690 0.202585
vt 0.638483 0.206851
vt 0.728059 0.157266
vt 0.637408 0.207406
vt 0.605576 0.042839
vt 0.534599 0.194686
vt 0.458901 0.123967
vt 0.439227 0.022259
vt 0.771925 0.063418
vt 0.862664 0.580135
vt 0.759080 0.581453
vt 0.610803 0.422459
vt 0.507994 0.409741
vn 0.809017 0.587786 -0.000002
vn 0.309016 0.951057 -0.000003
vn 0.309015 0.951057 -0.000003
vn 0.809016 0.587787 -0.000002
vn -0.309018 0.951056 -0.000003
vn -0.309017 0.951056 -0.000003
vn -0.809019 0.587783 -0.000002
vn -0.809018 0.587784 -0.000002
vn -1.000000 -0.000000 0.000000
vn -1.000000 0.000001 -0.000000
vn -0.809018 -0.587784 0.000001
vn -0.809018 -0.587784 0.000001
vn -0.309018 -0.951056 0.000001
vn -0.309018 -0.951056 0.000001
vn 0.309016 -0.951057 0.000001
vn 0.309016 -0.951057 0.000001
vn 0.809016 -0.587786 0.000001
vn 0.809017 -0.587785 0.000001
vn 1.000000 -0.000000 0.000000
vn 1.000000 0.000000 -0.000000
vn -0.000004 0.000002 -1.000000
vn -0.000004 0.000000 -1.000000
vn -0.000000 0.000001 -1.000000
vn 0.000003 0.000002 -1.000000
vn 0.000003 0.000000 -1.000000
vn 0.000000 -0.000001 -1.000000
vn -0.000001 0.000001 -1.000000
vn -0.000001 0.000002 -1.000000
vn 0.000001 0.000002 -1.000000
vn 0.000001 0.000001 -1.000000
vn 0.000000 -0.000001 -1.000000
vn 0.000004 -0.000000 1.000000
vn 0.000004 -0.000002 1.000000
vn 0.000001 -0.000000 1.000000
vn -0.000001 -0.000001 1.000000
vn -0.000001 -0.000002 1.000000
vn 0.000000 -0.000001 1.000000
vn -0.000001 0.000001 1.000000
vn 0.000003 0.000001 1.000000
vn 0.000003 -0.000001 1.000000
vn -0.000001 -0.000001 1.000000
vn 0.000000 0.000001 1.000000
vn -0.404507 0.587786 0.700630
vn -0.154505 0.951057 0.267617
vn -0.154506 0.951057 0.267618
vn -0.404506 0.587786 0.700630
vn 0.154510 0.951057 -0.267615
vn 0.154510 0.951057 -0.267614
vn 0.404511 0.587784 -0.700629
vn 0.404511 0.587784 -0.700629
vn 0.500000 -0.000001 -0.866025
vn 0.500000 0.000000 -0.866025
vn 0.404507 -0.587785 -0.700630
vn 0.404507 -0.587785 -0.700631
vn 0.154508 -0.951056 -0.267618
vn 0.154507 -0.951057 -0.267617
vn -0.154509 -0.951057 0.267616
vn -0.154510 -0.951056 0.267617
vn -0.404511 -0.587785 0.700628
vn -0.404511 -0.587785 0.700629
vn -0.500001 0.000000 0.866025
vn -0.500001 0.000001 0.866025
vn 0.866026 -0.000001 0.500000
vn 0.866025 -0.000002 0.500001
vn 0.866025 -0.000001 0.500000
vn 0.866026 -0.000001 0.499999
vn 0.866026 -0.000001 0.499999
vn 0.866026 0.000000 0.500000
vn 0.866026 -0.000000 0.499999
vn 0.866026 -0.000000 0.499999
vn 0.866025 0.000000 0.500001
vn 0.866024 0.000000 0.500002
vn 0.866025 -0.000001 0.500001
vn -0.866025 -0.000004 -0.500001
vn -0.866024 -0.000002 -0.500002
vn -0.866025 -0.000001 -0.500001
vn -0.866024 -0.000001 -0.500002
vn -0.866025 -0.000000 -0.500001
vn -0.866026 -0.000001 -0.499999
vn -0.866025 -0.000001 -0.500000
vn -0.866025 -0.000000 -0.500001
vn -0.866025 -0.000000 -0.500001
vn -0.866025 0.000001 -0.500001
vn -0.866026 -0.000001 -0.500000
vn 0.404507 0.587785 -0.700630
vn 0.154506 0.951057 -0.267618
vn 0.154506 0.951057 -0.267617
vn 0.404507 0.587785 -0.700630
vn -0.154510 0.951057 0.267615
vn -0.154509 0.951057 0.267614
vn -0.404510 0.587785 0.700628
vn -0.404510 0.587786 0.700628
vn -0.500001 -0.000001 0.866025
vn -0.500002 0.000000 0.866025
vn -0.404509 -0.587785 0.700629
vn -0.404509 -0.587784 0.700630
vn -0.154508 -0.951056 0.267617
vn -0.154508 -0.951057 0.267617
vn 0.154509 -0.951057 -0.267616
vn 0.154509 -0.951056 -0.267616
vn 0.404510 -0.587785 -0.700629
vn 0.404510 -0.587785 -0.700629
vn 0.500000 -0.000001 -0.866025
vn 0.500000 0.000000 -0.866025
vn -0.866025 -0.000000 -0.500001
vn -0.866024 -0.000001 -0.500002
vn -0.866025 -0.000000 -0.500000
vn -0.866027 -0.000001 -0.499998
vn -0.866026 0.000001 -0.499999
vn -0.866025 0.000000 -0.500000
vn -0.866026 -0.000000 -0.499999
vn -0.866026 0.000001 -0.499999
vn -0.866025 -0.000001 -0.500001
vn -0.866025 0.000001 -0.500001
vn -0.866025 0.000001 -0.500001
vn 0.866026 0.000000 0.499999
vn 0.866025 0.000000 0.500001
vn 0.866025 0.000001 0.500000
vn 0.866025 0.000001 0.500001
vn 0.866025 -0.000000 0.500000
vn 0.866024 -0.000000 0.500002
vn 0.866025 0.000001 0.500001
vn 0.866025 0.000000 0.500000
vn 0.866025 0.000000 0.500001
vn 0.866026 0.000001 0.500000
vn 0.866026 0.000001 0.499999
vn -0.404510 0.587785 -0.700629
vn -0.154510 0.951057 -0.267614
vn -0.154511 0.951057 -0.267615
vn -0.404510 0.587786 -0.700628
vn 0.154505 0.951057 0.267617
vn 0.154506 0.951057 0.267618
vn 0.404506 0.587784 0.700631
vn 0.404506 0.587785 0.700631
vn 0.499999 -0.000001 0.866026
vn 0.499999 0.000001 0.866026
vn 0.404508 -0.587785 0.700630
vn 0.404509 -0.587783 0.700631
vn 0.154509 -0.951056 0.267617
vn 0.154509 -0.951056 0.267618
vn -0.154508 -0.951056 -0.267618
vn -0.154508 -0.951057 -0.267617
vn -0.404507 -0.587785 -0.700630
vn -0.404508 -0.587784 -0.700631
vn -0.500000 -0.000000 -0.866025
vn -0.500000 0.000001 -0.866026
vn -0.866025 0.000000 0.500001
vn -0.866026 -0.000000 0.500000
vn -0.866026 -0.000000 0.500000
vn -0.866026 0.000001 0.500000
vn -0.866026 0.000000 0.499999
vn -0.866026 -0.000001 0.500000
vn -0.866026 -0.000000 0.499999
vn -0.866026 -0.000001 0.499999
vn -0.866025 -0.000001 0.500000
vn -0.866025 0.000001 0.500000
vn -0.866026 0.000001 0.499999
vn 0.866025 0.000000 -0.500000
vn 0.866026 0.000000 -0.500000
vn 0.866025 -0.000000 -0.500000
vn 0.866026 0.000001 -0.500000
vn 0.866025 0.000001 -0.500001
vn 0.866025 0.000000 -0.500001
vn 0.866025 0.000000 -0.500002
vn 0.866025 -0.000000 -0.500001
vn 0.866026 -0.000001 -0.500000
vn 0.866026 -0.000000 -0.500000
vn 0.866025 0.000000 -0.500000
vn -0.809017 0.587785 0.000002
vn -0.309016 0.951057 0.000003
vn -0.309016 0.951057 0.000003
vn -0.809017 0.587785 0.000002
vn 0.309017 0.951056 0.000003
vn 0.309017 0.951057 0.000003
vn 0.809018 0.587784 0.000002
vn 0.809018 0.587784 0.000002
vn 1.000000 -0.000001 -0.000000
vn 1.000000 0.000001 0.000000
vn 0.809018 -0.587783 -0.000001
vn 0.809019 -0.587783 -0.000001
vn 0.309018 -0.951056 -0.000001
vn 0.309018 -0.951056 -0.000001
vn -0.309017 -0.951056 -0.000001
vn -0.309017 -0.951056 -0.000001
vn -0.809017 -0.587785 -0.000001
vn -0.809018 -0.587784 -0.000001
vn -1.000000 -0.000001 0.000000
vn -1.000000 0.000001 0.000000
vn 0.000000 0.000000 1.000000
vn 0.000000 0.000000 1.000000
vn 0.000000 -0.000000 1.000000
vn 0.000000 0.000000 1.000000
vn 0.000000 0.000000 1.000000
vn 0.000000 0.000000 1.000000
vn -0.000001 -0.000002 1.000000
vn -0.000000 -0.000002 1.000000
vn 0.000001 -0.000001 1.000000
vn 0.000000 0.000000 1.000000
vn 0.000000 0.000000 1.000000
vn 0.000000 0.000000 -1.000000
vn 0.000000 0.000000 -1.000000
vn 0.000000 -0.000000 -1.000000
vn 0.000000 0.000000 -1.000000
vn 0.000000 0.000000 -1.000000
vn 0.000000 0.000000 -1.000000
vn 0.000000 -0.000002 -1.000000
vn 0.000001 -0.000002 -1.000000
vn 0.000001 -0.000001 -1.000000
vn 0.000000 0.000000 -1.000000
vn 0.000000 0.000000 -1.000000
vn 0.404510 0.587786 0.700628
vn 0.154511 0.951057 0.267614
vn 0.154511 0.951057 0.267614
vn 0.404510 0.587786 0.700628
vn -0.154505 0.951057 -0.267617
vn -0.154506 0.951057 -0.267618
vn -0.404507 0.587784 -0.700631
vn -0.404507 0.587784 -0.700631
vn -0.500000 -0.000001 -0.866025
vn -0.500000 0.000001 -0.866025
vn -0.404510 -0.587785 -0.700629
vn -0.404510 -0.587784 -0.700629
vn -0.154509 -0.951057 -0.267616
vn -0.154509 -0.951056 -0.267616
vn 0.154508 -0.951056 0.267617
vn 0.154508 -0.951056 0.267617
vn 0.404508 -0.587784 0.700630
vn 0.404508 -0.587784 0.700631
vn 0.500000 -0.000001 0.866025
vn 0.500000 -0.000001 0.866025
vn 0.866025 0.000000 -0.500001
vn 0.866025 0.000001 -0.500001
vn 0.866025 -0.000000 -0.500000
vn 0.866025 -0.000001 -0.500001
vn 0.866025 -0.000001 -0.500000
vn 0.866026 0.000000 -0.499999
vn 0.866025 0.000001 -0.500000
vn 0.866025 0.000001 -0.500001
vn 0.866026 0.000001 -0.499999
vn 0.866026 -0.000002 -0.500000
vn 0.866024 -0.000002 -0.500002
vn -0.866025 0.000001 0.500002
vn -0.866025 -0.000003 0.500001
vn -0.866025 0.000000 0.500000
vn -0.866026 0.000000 0.500000
vn -0.866025 0.000000 0.500001
vn -0.866025 0.000000 0.500000
vn -0.866025 0.000000 0.500000
vn -0.866025 0.000000 0.500001
vn -0.866025 0.000001 0.500000
vn -0.866026 -0.000000 0.500000
vn -0.866026 0.000003 0.499999
vn 0.404510 0.587785 0.700629
vn 0.478660 0.289035 0.829061
vn 0.478661 0.289033 0.829062
vn 0.404509 0.587786 0.700628
vn 0.000002 1.000000 -0.000001
vn 0.000002 1.000000 -0.000001
vn 0.000002 1.000000 -0.000001
vn 0.000002 1.000000 -0.000001
vn -0.478659 0.289034 -0.829063
vn -0.404508 0.587785 -0.700630
vn -0.404508 0.587785 -0.700630
vn -0.478659 0.289034 -0.829063
vn -0.475527 0.309018 -0.823639
vn -0.475527 0.309018 -0.823639
vn 0.475528 0.309018 0.823639
vn 0.475528 0.309018 0.823639
vn 0.866026 0.000001 -0.499999
vn 0.866025 -0.000000 -0.500001
vn 0.866025 -0.000001 -0.500000
vn 0.866026 -0.000000 -0.499999
vn 0.866025 -0.000001 -0.500001
vn 0.866026 0.000002 -0.499999
vn 0.866025 -0.000002 -0.500000
vn -0.866025 0.000001 0.500000
vn -0.866026 -0.000000 0.499998
vn -0.866025 -0.000001 0.500000
vn -0.866026 -0.000001 0.499998
vn -0.866025 -0.000003 0.500000
vn -0.866025 -0.000004 0.500000
vn -0.866026 0.000002 0.500000
vn 0.866027 0.000001 -0.499998
vn 0.866027 0.000001 -0.499998
vn -0.500000 -0.000000 -0.866026
vn -0.499999 -0.000000 -0.866026
vn -0.866027 -0.000001 0.499997
vn -0.866027 -0.000001 0.499997
vn 0.500001 -0.000002 0.866025
vn 0.500001 -0.000002 0.866025
vn -0.404506 0.587784 0.700631
vn -0.478657 0.289035 0.829063
vn -0.478657 0.289035 0.829063
vn -0.404506 0.587785 0.700631
vn 0.000002 1.000000 0.000001
vn 0.000002 1.000000 0.000001
vn 0.000002 1.000000 0.000001
vn 0.000002 1.000000 0.000001
vn 0.478660 0.289034 -0.829062
vn 0.404509 0.587785 -0.700629
vn 0.404509 0.587786 -0.700629
vn 0.478660 0.289034 -0.829062
vn 0.475528 0.309018 -0.823639
vn 0.475528 0.309018 -0.823639
vn -0.475527 0.309017 0.823640
vn -0.475527 0.309017 0.823640
vn 0.866025 -0.000000 0.500000
vn 0.866024 0.000000 0.500002
vn 0.866025 0.000000 0.500000
vn 0.866026 -0.000000 0.500000
vn 0.866026 0.000000 0.499999
vn 0.866025 0.000002 0.500000
vn 0.866025 0.000002 0.500000
vn -0.866024 0.000000 -0.500002
vn -0.866026 0.000000 -0.499999
vn -0.866025 -0.000000 -0.500001
vn -0.866026 -0.000000 -0.499999
vn -0.866025 -0.000001 -0.500001
vn -0.866025 0.000000 -0.500000
vn -0.866025 0.000000 -0.500000
vn 0.866026 0.000000 0.500000
vn 0.866026 0.000000 0.500000
vn 0.500000 -0.000001 -0.866025
vn 0.500000 -0.000001 -0.866025
vn -0.866026 0.000000 -0.499999
vn -0.866026 0.000000 -0.499999
vn -0.499999 0.000000 0.866026
vn -0.499999 0.000000 0.866026
vn -0.809017 0.587786 0.000002
vn -0.957318 0.289035 0.000001
vn -0.957319 0.289035 0.000001
vn -0.809016 0.587787 0.000002
vn 0.000000 1.000000 0.000003
vn 0.000000 1.000000 0.000003
vn 0.000000 1.000000 0.000003
vn 0.000000 1.000000 0.000003
vn 0.957319 0.289033 0.000000
vn 0.809017 0.587786 0.000001
vn 0.809016 0.587786 0.000001
vn 0.957319 0.289033 0.000000
vn 0.951055 0.309022 0.000001
vn 0.951055 0.309022 0.000001
vn -0.951056 0.309018 0.000001
vn -0.951056 0.309018 0.000001
vn -0.000001 -0.000001 1.000000
vn -0.000003 -0.000000 1.000000
vn -0.000000 -0.000000 1.000000
vn 0.000001 -0.000001 1.000000
vn 0.000002 -0.000000 1.000000
vn 0.000000 0.000002 1.000000
vn 0.000000 0.000002 1.000000
vn 0.000000 0.000000 -1.000000
vn 0.000000 -0.000001 -1.000000
vn 0.000000 0.000000 -1.000000
vn 0.000000 -0.000001 -1.000000
vn 0.000000 0.000000 -1.000000
vn 0.000000 0.000000 -1.000000
vn 0.000000 0.000000 -1.000000
vn 0.000000 0.000000 1.000000
vn 0.000000 0.000000 1.000000
vn 1.000000 0.000000 0.000000
vn 1.000000 0.000000 0.000000
vn 0.000000 -0.000002 -1.000000
vn 0.000000 -0.000002 -1.000000
vn -1.000000 0.000000 0.000000
vn -1.000000 0.000000 0.000000
vn -0.404510 0.587785 -0.700628
vn -0.478659 0.289036 -0.829062
vn -0.478659 0.289035 -0.829062
vn -0.404510 0.587786 -0.700628
vn -0.000002 1.000000 0.000001
vn -0.000002 1.000000 0.000001
vn -0.000002 1.000000 0.000001
vn -0.000002 1.000000 0.000001
vn 0.478660 0.289035 0.829062
vn 0.404509 0.587784 0.700629
vn 0.404509 0.587786 0.700629
vn 0.478660 0.289035 0.829062
vn 0.475529 0.309017 0.823639
vn 0.475529 0.309017 0.823639
vn -0.475529 0.309017 -0.823639
vn -0.475529 0.309017 -0.823639
vn -0.866025 0.000000 0.500000
vn -0.866026 0.000001 0.499998
vn -0.866025 0.000001 0.500000
vn -0.866025 -0.000000 0.500001
vn -0.866025 0.000002 0.500001
vn -0.866026 0.000007 0.499999
vn -0.866026 0.000002 0.500000
vn 0.866026 0.000001 -0.500000
vn 0.866026 0.000000 -0.499999
vn 0.866026 0.000001 -0.500000
vn 0.866026 -0.000000 -0.499999
vn 0.866026 0.000001 -0.500000
vn 0.866025 0.000002 -0.500000
vn 0.866026 0.000002 -0.500000
vn -0.866025 0.000000 0.500001
vn -0.866025 0.000000 0.500001
vn 0.500001 0.000001 0.866025
vn 0.500001 0.000001 0.866025
vn 0.866026 0.000000 -0.499999
vn 0.866026 0.000000 -0.499999
vn -0.499999 0.000000 -0.866026
vn -0.499999 0.000000 -0.866026
vn 0.404507 0.587785 -0.700631
vn 0.478656 0.289037 -0.829063
vn 0.478656 0.289036 -0.829064
vn 0.404506 0.587786 -0.700630
vn -0.000002 1.000000 -0.000001
vn -0.000002 1.000000 -0.000001
vn -0.000002 1.000000 -0.000001
vn -0.000002 1.000000 -0.000001
vn -0.478659 0.289034 0.829063
vn -0.404509 0.587786 0.700628
vn -0.404509 0.587786 0.700628
vn -0.478659 0.289035 0.829062
vn -0.475529 0.309018 0.823638
vn -0.475529 0.309018 0.823638
vn 0.475527 0.309016 -0.823640
vn 0.475527 0.309016 -0.823640
vn -0.866024 0.000001 -0.500003
vn -0.866024 0.000001 -0.500002
vn -0.866025 -0.000001 -0.500001
vn -0.866024 0.000001 -0.500002
vn -0.866026 -0.000003 -0.499999
vn -0.866026 -0.000004 -0.499998
vn -0.866025 0.000002 -0.500001
vn 0.866025 0.000002 0.500001
vn 0.866025 0.000000 0.500001
vn 0.866025 0.000001 0.500001
vn 0.866025 0.000001 0.500001
vn 0.866025 -0.000001 0.500001
vn 0.866025 -0.000002 0.500001
vn 0.866025 0.000004 0.500001
vn -0.866024 0.000002 -0.500003
vn -0.866024 0.000002 -0.500003
vn -0.499999 -0.000000 0.866026
vn -0.499999 -0.000000 0.866026
vn 0.866025 0.000001 0.500001
vn 0.866025 0.000001 0.500001
vn 0.499997 0.000001 -0.866027
vn 0.499997 0.000001 -0.866027
vn 0.809016 0.587786 -0.000002
vn 0.957319 0.289034 -0.000001
vn 0.957319 0.289034 -0.000001
vn 0.809015 0.587788 -0.000002
vn 0.000000 1.000000 -0.000003
vn 0.000000 1.000000 -0.000003
vn 0.000000 1.000000 -0.000003
vn 0.000000 1.000000 -0.000003
vn -0.957319 0.289032 -0.000000
vn -0.809017 0.587785 -0.000001
vn -0.809017 0.587786 -0.000001
vn -0.957319 0.289032 -0.000000
vn -0.951056 0.309018 -0.000001
vn -0.951056 0.309018 -0.000001
vn 0.951056 0.309018 -0.000001
vn 0.951056 0.309018 -0.000001
vn 0.000001 -0.000003 -1.000000
vn 0.000003 -0.000000 -1.000000
vn 0.000000 -0.000000 -1.000000
vn -0.000001 -0.000003 -1.000000
vn -0.000002 -0.000000 -1.000000
vn 0.000000 0.000002 -1.000000
vn 0.000000 0.000002 -1.000000
vn 0.000001 -0.000002 1.000000
vn 0.000000 -0.000001 1.000000
vn 0.000000 -0.000002 1.000000
vn -0.000000 -0.000001 1.000000
vn -0.000001 -0.000002 1.000000
vn 0.000000 0.000000 1.000000
vn 0.000000 0.000000 1.000000
vn 0.000000 -0.000003 -1.000000
vn 0.000000 -0.000003 -1.000000
vn -1.000000 -0.000000 0.000000
vn -1.000000 -0.000000 0.000000
vn 0.000000 0.000000 1.000000
vn 0.000000 0.000000 1.000000
vn 1.000000 -0.000000 0.000000
vn 1.000000 -0.000000 0.000000
s 1
g polySurface37 group1
usemtl lambert5SG
f 1/1/1 2/2/2 12/3/3 11/4/4
f 2/2/2 3/5/5 13/6/6 12/3/3
f 3/5/5 4/7/7 14/8/8 13/6/6
f 4/7/7 5/9/9 15/10/10 14/8/8
f 5/9/9 6/11/11 16/12/12 15/10/10
f 6/11/11 7/13/13 17/14/14 16/12/12
f 7/13/13 8/15/15 18/16/16 17/14/14
f 8/17/15 9/18/17 19/19/18 18/20/16
f 9/18/17 10/21/19 20/22/20 19/19/18
f 10/21/19 1/1/1 11/4/4 20/22/20
s 2
f 2/23/21 1/24/22 21/25/23
f 3/26/24 2/23/21 21/25/23
f 4/27/25 3/26/24 21/25/23
f 5/28/26 4/27/25 21/25/23
f 6/29/27 5/28/26 21/25/23
f 7/30/28 6/29/27 21/25/23
f 8/31/29 7/30/28 21/25/23
f 9/32/30 8/31/29 21/25/23
f 10/33/31 9/32/30 21/25/23
f 1/24/22 10/33/31 21/25/23
s 3
f 11/34/32 12/35/33 22/36/34
f 12/35/33 13/37/35 22/36/34
f 13/37/35 14/38/36 22/36/34
f 14/38/36 15/39/37 22/36/34
f 15/39/37 16/40/38 22/36/34
f 16/40/38 17/41/39 22/36/34
f 17/41/39 18/42/40 22/36/34
f 18/42/40 19/43/41 22/36/34
f 19/43/41 20/44/42 22/36/34
f 20/44/42 11/34/32 22/36/34
s 4
f 23/45/43 24/46/44 34/47/45 33/48/46
f 24/46/44 25/49/47 35/50/48 34/47/45
f 25/49/47 26/51/49 36/52/50 35/50/48
f 26/51/49 27/53/51 37/54/52 36/52/50
f 27/53/51 28/55/53 38/56/54 37/54/52
f 28/55/53 29/57/55 39/58/56 38/56/54
f 29/57/55 30/59/57 40/60/58 39/58/56
f 30/61/57 31/62/59 41/63/60 40/64/58
f 31/62/59 32/65/61 42/66/62 41/63/60
f 32/65/61 23/45/43 33/48/46 42/66/62
s 5
f 24/67/63 23/68/64 43/69/65
f 25/70/66 24/67/63 43/69/65
f 26/71/67 25/70/66 43/69/65
f 27/72/68 26/71/67 43/69/65
f 28/73/69 27/72/68 43/69/65
f 29/74/70 28/73/69 43/69/65
f 30/75/71 29/74/70 43/69/65
f 31/76/72 30/75/71 43/69/65
f 32/77/73 31/76/72 43/69/65
f 23/68/64 32/77/73 43/69/65
s 6
f 33/78/74 34/79/75 44/80/76
f 34/79/75 35/81/77 44/80/76
f 35/81/77 36/82/78 44/80/76
f 36/82/78 37/83/79 44/80/76
f 37/83/79 38/84/80 44/80/76
f 38/84/80 39/85/81 44/80/76
f 39/85/81 40/86/82 44/80/76
f 40/86/82 41/87/83 44/80/76
f 41/87/83 42/88/84 44/80/76
f 42/88/84 33/78/74 44/80/76
s 7
f 45/89/85 46/90/86 56/91/87 55/92/88
f 46/90/86 47/93/89 57/94/90 56/91/87
f 47/93/89 48/95/91 58/96/92 57/94/90
f 48/95/91 49/97/93 59/98/94 58/96/92
f 49/97/93 50/99/95 60/100/96 59/98/94
f 50/99/95 51/101/97 61/102/98 60/100/96
f 51/101/97 52/103/99 62/104/100 61/102/98
f 52/105/99 53/106/101 63/107/102 62/108/100
f 53/106/101 54/109/103 64/110/104 63/107/102
f 54/109/103 45/89/85 55/92/88 64/110/104
s 8
f 46/111/105 45/112/106 65/113/107
f 47/114/108 46/111/105 65/113/107
f 48/115/109 47/114/108 65/113/107
f 49/116/110 48/115/109 65/113/107
f 50/117/111 49/116/110 65/113/107
f 51/118/112 50/117/111 65/113/107
f 52/119/113 51/118/112 65/113/107
f 53/120/114 52/119/113 65/113/107
f 54/121/115 53/120/114 65/113/107
f 45/112/106 54/121/115 65/113/107
s 9
f 55/122/116 56/123/117 66/124/118
f 56/123/117 57/125/119 66/124/118
f 57/125/119 58/126/120 66/124/118
f 58/126/120 59/127/121 66/124/118
f 59/127/121 60/128/122 66/124/118
f 60/128/122 61/129/123 66/124/118
f 61/129/123 62/130/124 66/124/118
f 62/130/124 63/131/125 66/124/118
f 63/131/125 64/132/126 66/124/118
f 64/132/126 55/122/116 66/124/118
s 10
f 67/133/127 68/134/128 78/135/129 77/136/130
f 68/134/128 69/137/131 79/138/132 78/135/129
f 69/137/131 70/139/133 80/140/134 79/138/132
f 70/139/133 71/141/135 81/142/136 80/140/134
f 71/141/135 72/143/137 82/144/138 81/142/136
f 72/143/137 73/145/139 83/146/140 82/144/138
f 73/145/139 74/147/141 84/148/142 83/146/140
f 74/149/141 75/150/143 85/151/144 84/152/142
f 75/150/143 76/153/145 86/154/146 85/151/144
f 76/153/145 67/133/127 77/136/130 86/154/146
s 11
f 68/155/147 67/156/148 87/157/149
f 69/158/150 68/155/147 87/157/149
f 70/159/151 69/158/150 87/157/149
f 71/160/152 70/159/151 87/157/149
f 72/161/153 71/160/152 87/157/149
f 73/162/154 72/161/153 87/157/149
f 74/163/155 73/162/154 87/157/149
f 75/164/156 74/163/155 87/157/149
f 76/165/157 75/164/156 87/157/149
f 67/156/148 76/165/157 87/157/149
s 12
f 77/166/158 78/167/159 88/168/160
f 78/167/159 79/169/161 88/168/160
f 79/169/161 80/170/162 88/168/160
f 80/170/162 81/171/163 88/168/160
f 81/171/163 82/172/164 88/168/160
f 82/172/164 83/173/165 88/168/160
f 83/173/165 84/174/166 88/168/160
f 84/174/166 85/175/167 88/168/160
f 85/175/167 86/176/168 88/168/160
f 86/176/168 77/166/158 88/168/160
s 13
f 89/177/169 90/178/170 100/179/171 99/180/172
f 90/178/170 91/181/173 101/182/174 100/179/171
f 91/181/173 92/183/175 102/184/176 101/182/174
f 92/183/175 93/185/177 103/186/178 102/184/176
f 93/185/177 94/187/179 104/188/180 103/186/178
f 94/187/179 95/189/181 105/190/182 104/188/180
f 95/189/181 96/191/183 106/192/184 105/190/182
f 96/193/183 97/194/185 107/195/186 106/196/184
f 97/194/185 98/197/187 108/198/188 107/195/186
f 98/197/187 89/177/169 99/180/172 108/198/188
s 14
f 90/199/189 89/200/190 109/201/191
f 91/202/192 90/199/189 109/201/191
f 92/203/193 91/202/192 109/201/191
f 93/204/194 92/203/193 109/201/191
f 94/205/195 93/204/194 109/201/191
f 95/206/196 94/205/195 109/201/191
f 96/207/197 95/206/196 109/201/191
f 97/208/198 96/207/197 109/201/191
f 98/209/199 97/208/198 109/201/191
f 89/200/190 98/209/199 109/201/191
s 15
f 99/210/200 100/211/201 110/212/202
f 100/211/201 101/213/203 110/212/202
f 101/213/203 102/214/204 110/212/202
f 102/214/204 103/215/205 110/212/202
f 103/215/205 104/216/206 110/212/202
f 104/216/206 105/217/207 110/212/202
f 105/217/207 106/218/208 110/212/202
f 106/218/208 107/219/209 110/212/202
f 107/219/209 108/220/210 110/212/202
f 108/220/210 99/210/200 110/212/202
s 16
f 111/221/211 112/222/212 122/223/213 121/224/214
f 112/222/212 113/225/215 123/226/216 122/223/213
f 113/225/215 114/227/217 124/228/218 123/226/216
f 114/227/217 115/229/219 125/230/220 124/228/218
f 115/229/219 116/231/221 126/232/222 125/230/220
f 116/231/221 117/233/223 127/234/224 126/232/222
f 117/233/223 118/235/225 128/236/226 127/234/224
f 118/237/225 119/238/227 129/239/228 128/240/226
f 119/238/227 120/241/229 130/242/230 129/239/228
f 120/241/229 111/221/211 121/224/214 130/242/230
s 17
f 112/243/231 111/244/232 131/245/233
f 113/246/234 112/243/231 131/245/233
f 114/247/235 113/246/234 131/245/233
f 115/248/236 114/247/235 131/245/233
f 116/249/237 115/248/236 131/245/233
f 117/250/238 116/249/237 131/245/233
f 118/251/239 117/250/238 131/245/233
f 119/252/240 118/251/239 131/245/233
f 120/253/241 119/252/240 131/245/233
f 111/244/232 120/253/241 131/245/233
s 18
f 121/254/242 122/255/243 132/256/244
f 122/255/243 123/257/245 132/256/244
f 123/257/245 124/258/246 132/256/244
f 124/258/246 125/259/247 132/256/244
f 125/259/247 126/260/248 132/256/244
f 126/260/248 127/261/249 132/256/244
f 127/261/249 128/262/250 132/256/244
f 128/262/250 129/263/251 132/256/244
f 129/263/251 130/264/252 132/256/244
f 130/264/252 121/254/242 132/256/244
s 19
f 133/265/253 134/266/254 140/267/255 139/268/256
s off
f 147/269/257 148/270/258 149/271/259 150/272/260
s 20
f 135/273/261 136/274/262 142/275/263 141/276/264
f 136/274/262 137/277/265 143/278/266 142/275/263
s 19
f 138/279/267 133/265/253 139/268/256 144/280/268
s 21
f 134/281/269 133/282/270 145/283/271
f 135/284/272 134/281/269 145/283/271
f 136/285/273 135/284/272 145/283/271
f 137/286/274 136/285/273 145/283/271
f 133/282/270 138/287/275 145/283/271
s 22
f 139/288/276 140/289/277 146/290/278
f 140/289/277 141/291/279 146/290/278
f 141/291/279 142/292/280 146/290/278
f 142/292/280 143/293/281 146/290/278
f 144/294/282 139/288/276 146/290/278
s 21
f 134/281/269 135/284/272 148/295/283 147/296/284
s 20
f 135/273/261 141/276/264 149/271/285 148/270/286
s 22
f 141/291/279 140/289/277 150/297/287 149/298/288
s 19
f 140/267/255 134/266/254 147/269/289 150/272/290
s 23
f 151/299/291 152/300/292 158/301/293 157/302/294
s off
f 165/303/295 166/304/296 167/305/297 168/306/298
s 24
f 153/307/299 154/308/300 160/309/301 159/310/302
f 154/308/300 155/311/303 161/312/304 160/309/301
s 23
f 156/313/305 151/299/291 157/302/294 162/314/306
s 25
f 152/315/307 151/316/308 163/317/309
f 153/318/310 152/315/307 163/317/309
f 154/319/311 153/318/310 163/317/309
f 155/320/312 154/319/311 163/317/309
f 151/316/308 156/321/313 163/317/309
s 26
f 157/322/314 158/323/315 164/324/316
f 158/323/315 159/325/317 164/324/316
f 159/325/317 160/326/318 164/324/316
f 160/326/318 161/327/319 164/324/316
f 162/328/320 157/322/314 164/324/316
s 25
f 152/315/307 153/318/310 166/329/321 165/330/322
s 24
f 153/307/299 159/310/302 167/305/323 166/304/324
s 26
f 159/325/317 158/323/315 168/331/325 167/332/326
s 23
f 158/301/293 152/300/292 165/303/327 168/306/328
s 27
f 169/333/329 170/334/330 176/335/331 175/336/332
s off
f 183/337/333 184/338/334 185/339/335 186/340/336
s 28
f 171/341/337 172/342/338 178/343/339 177/344/340
f 172/342/338 173/345/341 179/346/342 178/343/339
s 27
f 174/347/343 169/333/329 175/336/332 180/348/344
s 29
f 170/349/345 169/350/346 181/351/347
f 171/352/348 170/349/345 181/351/347
f 172/353/349 171/352/348 181/351/347
f 173/354/350 172/353/349 181/351/347
f 169/350/346 174/355/351 181/351/347
s 30
f 175/356/352 176/357/353 182/358/354
f 176/357/353 177/359/355 182/358/354
f 177/359/355 178/360/356 182/358/354
f 178/360/356 179/361/357 182/358/354
f 180/362/358 175/356/352 182/358/354
s 29
f 170/349/345 171/352/348 184/363/359 183/364/360
s 28
f 171/341/337 177/344/340 185/339/361 184/338/362
s 30
f 177/359/355 176/357/353 186/365/363 185/366/364
s 27
f 176/335/331 170/334/330 183/337/365 186/340/366
s 31
f 187/367/367 188/368/368 194/369/369 193/370/370
s off
f 201/371/371 202/372/372 203/373/373 204/374/374
s 32
f 189/375/375 190/376/376 196/377/377 195/378/378
f 190/376/376 191/379/379 197/380/380 196/377/377
s 31
f 192/381/381 187/367/367 193/370/370 198/382/382
s 33
f 188/383/383 187/384/384 199/385/385
f 189/386/386 188/383/383 199/385/385
f 190/387/387 189/386/386 199/385/385
f 191/388/388 190/387/387 199/385/385
f 187/384/384 192/389/389 199/385/385
s 34
f 193/390/390 194/391/391 200/392/392
f 194/391/391 195/393/393 200/392/392
f 195/393/393 196/394/394 200/392/392
f 196/394/394 197/395/395 200/392/392
f 198/396/396 193/390/390 200/392/392
s 33
f 188/383/383 189/386/386 202/397/397 201/398/398
s 32
f 189/375/375 195/378/378 203/373/399 202/372/400
s 34
f 195/393/393 194/391/391 204/399/401 203/400/402
s 31
f 194/369/369 188/368/368 201/371/403 204/374/404
s 35
f 205/401/405 206/402/406 212/403/407 211/404/408
s off
f 219/405/409 220/406/410 221/407/411 222/408/412
s 36
f 207/409/413 208/410/414 214/411/415 213/412/416
f 208/410/414 209/413/417 215/414/418 214/411/415
s 35
f 210/415/419 205/401/405 211/404/408 216/416/420
s 37
f 206/417/421 205/418/422 217/419/423
f 207/420/424 206/417/421 217/419/423
f 208/421/425 207/420/424 217/419/423
f 209/422/426 208/421/425 217/419/423
f 205/418/422 210/423/427 217/419/423
s 38
f 211/424/428 212/425/429 218/426/430
f 212/425/429 213/427/431 218/426/430
f 213/427/431 214/428/432 218/426/430
f 214/428/432 215/429/433 218/426/430
f 216/430/434 211/424/428 218/426/430
s 37
f 206/417/421 207/420/424 220/431/435 219/432/436
s 36
f 207/409/413 213/412/416 221/407/437 220/406/438
s 38
f 213/427/431 212/425/429 222/433/439 221/434/440
s 35
f 212/403/407 206/402/406 219/405/441 222/408/442
s 39
f 223/435/443 224/436/444 230/437/445 229/438/446
s off
f 237/439/447 238/440/448 239/441/449 240/442/450
s 40
f 225/443/451 226/444/452 232/445/453 231/446/454
f 226/444/452 227/447/455 233/448/456 232/445/453
s 39
f 228/449/457 223/435/443 229/438/446 234/450/458
s 41
f 224/451/459 223/452/460 235/453/461
f 225/454/462 224/451/459 235/453/461
f 226/455/463 225/454/462 235/453/461
f 227/456/464 226/455/463 235/453/461
f 223/452/460 228/457/465 235/453/461
s 42
f 229/458/466 230/459/467 236/460/468
f 230/459/467 231/461/469 236/460/468
f 231/461/469 232/462/470 236/460/468
f 232/462/470 233/463/471 236/460/468
f 234/464/472 229/458/466 236/460/468
s 41
f 224/451/459 225/454/462 238/465/473 237/466/474
s 40
f 225/443/451 231/446/454 239/441/475 238/440/476
s 42
f 231/461/469 230/459/467 240/467/477 239/468/478
s 39
f 230/437/445 224/436/444 237/439/479 240/442/480
g default
v 0.000034 0.734427 -0.290385
v 0.087907 0.732992 -0.281164
v 0.086413 0.804716 -0.305352
v 0.000034 0.808805 -0.314964
v 0.167570 0.737112 -0.256675
v 0.152034 0.790306 -0.281348
v 0.097690 0.402904 -0.113736
v 0.001632 0.399868 -0.139835
v 0.176584 0.425896 -0.076429
v 0.000034 0.367903 -0.000000
v 0.100368 0.374248 0.011177
v 0.185647 0.399434 0.034993
v 0.000034 0.367451 0.273824
v 0.114490 0.373270 0.265255
v 0.202834 0.385646 0.242064
v 0.000034 0.500838 -0.212545
v 0.095534 0.501171 -0.198815
v 0.185021 0.520915 -0.143355
v 0.196700 0.512574 -0.110269
v 0.193321 0.440388 -0.049841
v 0.217532 0.420650 0.076300
v 0.232444 0.548492 -0.066895
v 0.243110 0.547599 -0.003408
v 0.253548 0.547169 0.053444
v 0.223516 0.393375 0.219148
v 0.085991 0.736014 -0.270268
v 0.085178 0.807003 -0.297174
v 0.150665 0.792006 -0.275429
v 0.165342 0.739423 -0.248804
v 0.091754 0.505401 -0.188402
v 0.178302 0.524487 -0.136132
v 0.098100 0.384352 0.012833
v 0.091433 0.427062 -0.114519
v 0.179797 0.408396 0.037221
v 0.157476 0.434111 -0.067580
v 0.113198 0.380852 0.265503
v 0.199512 0.392747 0.243077
v 0.182367 0.443684 -0.046124
v 0.189396 0.514749 -0.107689
v 0.209060 0.426081 0.078795
v 0.242218 0.555397 -0.003210
v 0.231023 0.554476 -0.066750
v 0.251874 0.553209 0.053821
v 0.220102 0.397965 0.220198
v 0.000034 0.737309 -0.279334
v 0.000034 0.811035 -0.306701
v 0.000034 0.504887 -0.201792
v 0.000034 0.378161 0.000950
v 0.000034 0.425869 -0.140545
v 0.000034 0.375085 0.273208
v -0.087839 0.732992 -0.281164
v -0.086345 0.804716 -0.305352
v -0.167502 0.737112 -0.256675
v -0.151966 0.790306 -0.281348
v -0.097090 0.402904 -0.113736
v -0.176516 0.425896 -0.076429
v -0.100300 0.374248 0.011177
v -0.185579 0.399434 0.034993
v -0.114423 0.373270 0.265255
v -0.202766 0.385646 0.242064
v -0.095466 0.501171 -0.198815
v -0.184953 0.520915 -0.143355
v -0.196632 0.512574 -0.110268
v -0.193255 0.440396 -0.049835
v -0.217464 0.420650 0.076301
v -0.232372 0.548491 -0.066895
v -0.243004 0.547591 -0.003401
v -0.253475 0.547168 0.053445
v -0.223448 0.393375 0.219148
v -0.085923 0.736014 -0.270268
v -0.085110 0.807003 -0.297174
v -0.150597 0.792006 -0.275429
v -0.165274 0.739423 -0.248804
v -0.091686 0.505401 -0.188402
v -0.178234 0.524487 -0.136132
v -0.098032 0.384352 0.012833
v -0.091365 0.427062 -0.114519
v -0.179729 0.408396 0.037221
v -0.157408 0.434111 -0.067580
v -0.113131 0.380852 0.265503
v -0.199444 0.392747 0.243077
v -0.182298 0.443676 -0.046128
v -0.189328 0.514749 -0.107689
v -0.208992 0.426081 0.078795
v -0.242150 0.555397 -0.003210
v -0.230955 0.554476 -0.066750
v -0.251806 0.553209 0.053821
v -0.220034 0.397965 0.220198
v 0.218749 0.545888 -0.075886
v 0.207616 0.541091 -0.083548
v 0.201772 0.531776 -0.092112
v 0.213896 0.522888 -0.001016
v 0.221330 0.537076 0.005876
v 0.232158 0.543107 0.005339
v 0.224822 0.523304 0.070348
v 0.230133 0.539123 0.068213
v 0.240907 0.544539 0.063195
v 0.193804 0.540284 -0.089247
v 0.199587 0.550322 -0.081931
v 0.212203 0.554744 -0.075509
v 0.203215 0.534223 0.001463
v 0.210722 0.548916 0.008033
v 0.223232 0.554166 0.007101
v 0.215645 0.532771 0.072458
v 0.221062 0.548892 0.070384
v 0.233349 0.553664 0.065252
v -0.203126 0.534122 0.001409
v -0.210644 0.548876 0.008012
v -0.223163 0.554162 0.007098
v -0.212135 0.554744 -0.075509
v -0.199518 0.550319 -0.081932
v -0.193734 0.540278 -0.089250
v -0.215575 0.532764 0.072454
v -0.220993 0.548889 0.070383
v -0.233281 0.553663 0.065252
v -0.201706 0.531783 -0.092107
v -0.207542 0.541092 -0.083545
v -0.218666 0.545885 -0.075883
v -0.213847 0.522997 -0.000945
v -0.221173 0.537099 0.005922
v -0.231853 0.543060 0.005387
v -0.240822 0.544535 0.063198
v -0.230059 0.539124 0.068217
v -0.224756 0.523312 0.070353
v 0.178037 0.573524 -0.174710
v 0.175366 0.626147 -0.200921
v 0.172274 0.679147 -0.227568
v 0.090860 0.667106 -0.258726
v 0.093185 0.611005 -0.239433
v 0.094616 0.556019 -0.219908
v 0.000034 0.667973 -0.269070
v 0.000034 0.611560 -0.250748
v 0.000034 0.556171 -0.232375
v 0.091485 0.559205 -0.209059
v 0.090560 0.614086 -0.228497
v 0.088591 0.670168 -0.247832
v 0.000034 0.559152 -0.221319
v 0.000034 0.614419 -0.239664
v 0.000034 0.670828 -0.257999
v 0.173845 0.575956 -0.167234
v 0.172190 0.628565 -0.193121
v 0.169585 0.681520 -0.219849
v -0.088523 0.670168 -0.247832
v -0.090492 0.614086 -0.228497
v -0.091417 0.559205 -0.209059
v -0.173777 0.575956 -0.167234
v -0.172122 0.628565 -0.193121
v -0.169517 0.681520 -0.219849
v -0.094548 0.556019 -0.219908
v -0.093117 0.611005 -0.239433
v -0.090792 0.667106 -0.258726
v -0.172206 0.679147 -0.227568
v -0.175298 0.626147 -0.200921
v -0.177969 0.573524 -0.174710
v 0.107599 0.372494 0.143151
v 0.194806 0.391304 0.141669
v 0.221409 0.403220 0.153608
v 0.215582 0.408804 0.155383
v 0.189769 0.400622 0.143355
v 0.105677 0.382623 0.143343
v 0.000034 0.376479 0.141499
v -0.105609 0.382623 0.143343
v -0.189701 0.400622 0.143355
v -0.215514 0.408804 0.155383
v -0.221341 0.403220 0.153606
v -0.194738 0.391304 0.141668
v -0.107531 0.372494 0.143151
v 0.000034 0.366267 0.145249
v 0.000034 0.392191 -0.078915
v -0.094849 0.396034 -0.060958
v -0.171371 0.417400 -0.020518
v -0.194244 0.433873 0.012649
v -0.208983 0.533929 0.040588
v -0.215537 0.549577 0.042865
v -0.228055 0.554593 0.039556
v -0.248944 0.554762 0.028738
v -0.249894 0.546889 0.028587
v -0.237439 0.542976 0.037272
v -0.226853 0.537189 0.040372
v -0.220481 0.522060 0.038065
v -0.204466 0.428906 0.009614
v -0.180211 0.409486 -0.024741
v -0.098344 0.383719 -0.064188
v 0.000300 0.379117 -0.082578
v 0.098501 0.383719 -0.064188
v 0.180279 0.409486 -0.024741
v 0.204532 0.428902 0.009611
v 0.220538 0.521997 0.038024
v 0.226972 0.537176 0.040345
v 0.237643 0.543003 0.037245
v 0.249983 0.546894 0.028583
v 0.249012 0.554762 0.028738
v 0.228124 0.554595 0.039557
v 0.215611 0.549600 0.042878
v 0.209063 0.533987 0.040619
v 0.194313 0.433877 0.012651
v 0.171439 0.417400 -0.020518
v 0.094917 0.396034 -0.060958
v 0.213198 0.475525 0.026012
v 0.221221 0.473958 0.070922
v 0.212602 0.480986 0.073124
v 0.202245 0.483772 0.028720
v 0.193300 0.488484 -0.021659
v 0.191513 0.526294 -0.097411
v 0.199192 0.521103 -0.099942
v 0.203583 0.481414 -0.024200
v -0.202170 0.483738 0.028701
v -0.212534 0.480981 0.073121
v -0.221154 0.473963 0.070925
v -0.213140 0.475563 0.026036
v -0.203533 0.481480 -0.024158
v -0.199126 0.521107 -0.099940
v -0.191445 0.526291 -0.097413
v -0.193220 0.488425 -0.021691
v 0.096431 0.452641 -0.168371
v 0.000300 0.451344 -0.186678
v -0.096274 0.452641 -0.168371
v -0.178960 0.474069 -0.114863
v -0.195016 0.480211 -0.086532
v -0.201206 0.502951 -0.068886
v -0.207533 0.527066 -0.053344
v -0.214117 0.538425 -0.045137
v -0.224909 0.543795 -0.040926
v -0.237595 0.547644 -0.041161
v -0.236742 0.555503 -0.040953
v -0.216252 0.555258 -0.039925
v -0.203544 0.550455 -0.043039
v -0.196913 0.538255 -0.050192
v -0.190976 0.509799 -0.065930
v -0.184680 0.483173 -0.083208
v -0.164964 0.479382 -0.107320
v -0.091314 0.461635 -0.160468
v 0.000034 0.460846 -0.178167
v 0.091382 0.461635 -0.160468
v 0.165032 0.479382 -0.107320
v 0.184748 0.483176 -0.083206
v 0.191050 0.509830 -0.065914
v 0.196992 0.538307 -0.050164
v 0.203617 0.550476 -0.043028
v 0.216321 0.555260 -0.039924
v 0.236810 0.555503 -0.040953
v 0.237682 0.547649 -0.041165
v 0.225100 0.543819 -0.040951
v 0.214231 0.538414 -0.045160
v 0.207591 0.527009 -0.053381
v 0.201265 0.502916 -0.068907
v 0.195083 0.480207 -0.086534
v 0.179028 0.474069 -0.114863
v 0.128324 0.773849 -0.272697
v 0.126546 0.801981 -0.285213
v 0.085298 0.775736 -0.284394
v 0.130795 0.737712 -0.258340
v 0.161068 0.772017 -0.263450
v 0.141194 0.399825 -0.014489
v 0.176184 0.412609 0.004199
v 0.138245 0.406254 -0.041660
v 0.096261 0.388090 -0.029523
v 0.143847 0.395878 0.022837
v 0.056196 0.377915 0.216132
v 0.109855 0.382333 0.213178
v 0.053887 0.377853 0.142408
v 0.000034 0.376409 0.216765
v 0.058022 0.376690 0.271406
v 0.158505 0.389561 0.206852
v 0.195028 0.396801 0.200430
v 0.153340 0.391437 0.142512
v 0.162753 0.386917 0.255002
v 0.136047 0.491960 -0.150340
v 0.133265 0.470543 -0.134092
v 0.169876 0.501417 -0.123130
v 0.137908 0.514838 -0.163662
v 0.091623 0.482130 -0.176200
v 0.183611 0.502096 -0.106923
v 0.179598 0.480900 -0.092256
v 0.186782 0.502022 -0.097398
v 0.187497 0.516413 -0.117830
v 0.193830 0.420426 0.025791
v 0.198787 0.416555 0.058581
v 0.201127 0.431565 0.043759
v 0.187659 0.423835 -0.001969
v 0.212306 0.401251 0.197191
v 0.218940 0.402602 0.195681
v 0.207856 0.406507 0.149311
v 0.216298 0.396205 0.232900
v 0.043517 0.774561 -0.302324
v 0.000034 0.775476 -0.304626
v 0.043504 0.807771 -0.312570
v 0.087050 0.772703 -0.295296
v 0.043661 0.733576 -0.288169
v 0.130680 0.770792 -0.283422
v 0.163083 0.769721 -0.271385
v 0.133389 0.734646 -0.269016
v 0.128199 0.799687 -0.293275
v 0.050052 0.373154 -0.043332
v 0.050038 0.379347 -0.077375
v 0.098969 0.378111 -0.032559
v 0.050759 0.368924 0.003404
v 0.000034 0.372522 -0.047622
v 0.145684 0.390453 -0.017402
v 0.147748 0.386136 0.020882
v 0.144590 0.395915 -0.045437
v 0.182647 0.404265 0.001349
v 0.052496 0.367564 0.069631
v 0.054748 0.367641 0.144623
v 0.000034 0.366324 0.068212
v 0.103540 0.372773 0.072812
v 0.161695 0.379670 0.205798
v 0.165049 0.379493 0.254322
v 0.111657 0.372215 0.213000
v 0.156723 0.381555 0.141240
v 0.199701 0.387392 0.198946
v 0.047990 0.475058 -0.198705
v 0.048609 0.450394 -0.182584
v 0.000034 0.476178 -0.201472
v 0.047639 0.499645 -0.210291
v 0.095947 0.476899 -0.186129
v 0.143902 0.486902 -0.159468
v 0.143457 0.463184 -0.142108
v 0.144007 0.510517 -0.173398
v 0.180498 0.496896 -0.130818
v 0.194372 0.498712 -0.112273
v 0.192485 0.477343 -0.097705
v 0.194584 0.513955 -0.122055
v 0.196747 0.499096 -0.100742
v 0.202309 0.413632 0.022903
v 0.197543 0.417984 -0.005720
v 0.211230 0.425636 0.040820
v 0.206816 0.408986 0.055983
v 0.218264 0.392688 0.195339
v 0.220407 0.389646 0.231632
v 0.214535 0.398218 0.147215
v 0.224002 0.396693 0.194124
v 0.043216 0.819849 -0.312323
v 0.000034 0.820913 -0.314740
v 0.042846 0.810025 -0.304327
v 0.085670 0.816407 -0.305069
v 0.126663 0.810339 -0.292972
v 0.158363 0.796660 -0.278438
v 0.172933 0.770385 -0.263870
v 0.177910 0.738964 -0.249093
v 0.165168 0.382735 0.270774
v 0.202442 0.388230 0.256864
v 0.114874 0.376990 0.282809
v 0.191723 0.520111 -0.123391
v 0.189933 0.530152 -0.137002
v 0.193476 0.518029 -0.112282
v 0.237718 0.551735 -0.056964
v 0.239765 0.551816 -0.041246
v 0.235483 0.547623 -0.057584
v 0.233488 0.551578 -0.069039
v 0.234615 0.555511 -0.057369
v 0.255744 0.550585 0.042622
v 0.253527 0.546486 0.043996
v 0.252035 0.551059 0.027086
v 0.252512 0.554401 0.044127
v 0.255614 0.550178 0.055579
v 0.223533 0.400540 0.194448
v 0.220929 0.407228 0.156573
v 0.223795 0.394955 0.225840
v 0.219375 0.391577 0.244266
v 0.042587 0.777532 -0.291322
v 0.000034 0.778408 -0.293594
v 0.042647 0.736511 -0.277153
v 0.048783 0.383421 -0.040150
v 0.048298 0.392378 -0.073976
v 0.000034 0.382853 -0.044363
v 0.049724 0.379168 0.004613
v 0.046103 0.480335 -0.188355
v 0.000034 0.481446 -0.191006
v 0.046466 0.459912 -0.174350
v 0.045835 0.503760 -0.199588
v 0.058879 0.372891 0.289782
v 0.000034 0.371253 0.292003
v 0.058596 0.369056 0.271713
v -0.128256 0.773849 -0.272697
v -0.161000 0.772017 -0.263450
v -0.130727 0.737712 -0.258340
v -0.085230 0.775736 -0.284394
v -0.126478 0.801981 -0.285213
v -0.141126 0.399825 -0.014489
v -0.143779 0.395878 0.022837
v -0.096193 0.388090 -0.029523
v -0.138177 0.406254 -0.041660
v -0.176116 0.412609 0.004199
v -0.056128 0.377915 0.216132
v -0.057954 0.376690 0.271406
v -0.053819 0.377853 0.142408
v -0.109787 0.382333 0.213178
v -0.158437 0.389561 0.206852
v -0.162686 0.386917 0.255002
v -0.153272 0.391437 0.142512
v -0.194960 0.396801 0.200430
v -0.135979 0.491960 -0.150340
v -0.133197 0.470543 -0.134092
v -0.091555 0.482130 -0.176200
v -0.137840 0.514838 -0.163662
v -0.169808 0.501417 -0.123130
v -0.183543 0.502096 -0.106923
v -0.179530 0.480900 -0.092256
v -0.187429 0.516413 -0.117830
v -0.186713 0.502021 -0.097399
v -0.193762 0.420426 0.025791
v -0.187591 0.423835 -0.001969
v -0.201058 0.431562 0.043758
v -0.198719 0.416555 0.058581
v -0.212238 0.401251 0.197191
v -0.216230 0.396205 0.232900
v -0.207788 0.406507 0.149311
v -0.218872 0.402602 0.195681
v -0.043450 0.774561 -0.302324
v -0.043593 0.733576 -0.288169
v -0.086982 0.772703 -0.295296
v -0.043436 0.807771 -0.312570
v -0.130612 0.770792 -0.283422
v -0.128131 0.799687 -0.293275
v -0.133321 0.734646 -0.269016
v -0.163015 0.769721 -0.271385
v -0.049984 0.373154 -0.043332
v -0.050691 0.368924 0.003404
v -0.098901 0.378111 -0.032559
v -0.049615 0.379347 -0.077375
v -0.145616 0.390453 -0.017402
v -0.182579 0.404265 0.001349
v -0.144522 0.395915 -0.045437
v -0.147680 0.386136 0.020882
v -0.052428 0.367564 0.069631
v -0.054680 0.367641 0.144623
v -0.103472 0.372773 0.072812
v -0.161627 0.379670 0.205798
v -0.199633 0.387392 0.198946
v -0.156655 0.381555 0.141240
v -0.111589 0.372215 0.213000
v -0.164981 0.379493 0.254322
v -0.047922 0.475058 -0.198705
v -0.048186 0.450394 -0.182584
v -0.095879 0.476899 -0.186129
v -0.047571 0.499645 -0.210291
v -0.143834 0.486902 -0.159468
v -0.143389 0.463184 -0.142108
v -0.180430 0.496896 -0.130818
v -0.143939 0.510517 -0.173398
v -0.194304 0.498712 -0.112273
v -0.192417 0.477343 -0.097705
v -0.196680 0.499098 -0.100740
v -0.194516 0.513955 -0.122055
v -0.202242 0.413632 0.022903
v -0.206749 0.408986 0.055983
v -0.211162 0.425638 0.040821
v -0.197475 0.417984 -0.005720
v -0.218196 0.392688 0.195338
v -0.223934 0.396693 0.194123
v -0.214467 0.398218 0.147215
v -0.220339 0.389646 0.231632
v -0.043149 0.819849 -0.312323
v -0.085602 0.816407 -0.305069
v -0.042779 0.810025 -0.304327
v -0.126595 0.810339 -0.292972
v -0.158295 0.796660 -0.278438
v -0.172865 0.770385 -0.263870
v -0.177842 0.738964 -0.249093
v -0.165101 0.382735 0.270774
v -0.114806 0.376990 0.282809
v -0.202374 0.388230 0.256864
v -0.191656 0.520111 -0.123391
v -0.193408 0.518029 -0.112282
v -0.189865 0.530152 -0.137002
v -0.237651 0.551735 -0.056964
v -0.239697 0.551816 -0.041246
v -0.234547 0.555511 -0.057369
v -0.233420 0.551578 -0.069039
v -0.235405 0.547621 -0.057582
v -0.255676 0.550585 0.042622
v -0.255546 0.550178 0.055579
v -0.252444 0.554401 0.044127
v -0.251967 0.551059 0.027086
v -0.253448 0.546484 0.043998
v -0.223465 0.400540 0.194448
v -0.223727 0.394955 0.225840
v -0.220861 0.407228 0.156572
v -0.219307 0.391577 0.244266
v -0.042519 0.777532 -0.291322
v -0.042579 0.736511 -0.277153
v -0.048715 0.383421 -0.040150
v -0.048230 0.392378 -0.073976
v -0.049656 0.379168 0.004613
v -0.046035 0.480335 -0.188355
v -0.045767 0.503760 -0.199588
v -0.046398 0.459912 -0.174350
v -0.058811 0.372891 0.289782
v -0.058529 0.369056 0.271713
v 0.207595 0.534779 -0.071944
v 0.204149 0.536827 -0.087813
v 0.211118 0.539082 -0.067975
v 0.210621 0.534023 -0.048512
v 0.204941 0.528985 -0.076529
v 0.215913 0.542109 -0.064523
v 0.212393 0.544008 -0.079658
v 0.221995 0.544164 -0.061598
v 0.219110 0.541582 -0.042525
v -0.205465 0.554169 -0.063192
v -0.208674 0.553423 -0.040980
v -0.200377 0.551287 -0.065833
v -0.204535 0.553155 -0.078759
v -0.213179 0.555831 -0.060896
v -0.196805 0.546875 -0.068946
v -0.199873 0.546017 -0.045762
v -0.194253 0.540286 -0.072953
v -0.196020 0.545947 -0.085449
v -0.234147 0.540725 0.054553
v -0.231566 0.540586 0.039593
v -0.229559 0.537356 0.056071
v -0.234588 0.542437 0.066165
v -0.240099 0.542990 0.051885
v -0.226355 0.532600 0.056782
v -0.223471 0.532507 0.040222
v -0.223809 0.521865 0.056311
v -0.226966 0.534323 0.069562
v 0.188915 0.509222 -0.090233
v 0.188268 0.494293 -0.074479
v 0.190568 0.520057 -0.084248
v 0.190619 0.519034 -0.101550
v 0.205065 0.454313 0.051571
v 0.198807 0.455844 0.022002
v 0.211216 0.452190 0.073366
v 0.207326 0.482865 0.054306
v 0.224699 0.556577 -0.058817
v 0.227336 0.556301 -0.040214
v 0.223451 0.555375 -0.071763
v 0.213247 0.555832 -0.060895
v 0.242187 0.555595 0.049040
v 0.239319 0.555612 0.033987
v 0.230382 0.554940 0.054442
v 0.245025 0.554163 0.060150
v 0.198842 0.504790 -0.093130
v 0.198075 0.489864 -0.077249
v 0.198120 0.515709 -0.103781
v 0.200797 0.513139 -0.087477
v 0.215966 0.447360 0.048660
v 0.218611 0.473944 0.051462
v 0.219503 0.446554 0.071109
v 0.209396 0.449734 0.019238
v 0.229380 0.545551 -0.059207
v 0.232042 0.545412 -0.040782
v 0.226949 0.547041 -0.071973
v 0.247506 0.544440 0.047718
v 0.249107 0.545698 0.059103
v 0.240236 0.543003 0.051871
v 0.244455 0.544655 0.032776
v 0.194533 0.520827 -0.106326
v 0.195243 0.526066 -0.102948
v 0.216974 0.448884 0.079611
v 0.218226 0.477161 0.078402
v 0.216686 0.426003 0.089987
v 0.224587 0.551256 -0.076154
v 0.214761 0.550422 -0.080514
v 0.247806 0.549902 0.063376
v 0.237734 0.549144 0.067912
v -0.188845 0.509214 -0.090237
v -0.188196 0.494278 -0.074487
v -0.190551 0.519032 -0.101551
v -0.190497 0.520043 -0.084256
v -0.204996 0.454304 0.051567
v -0.207254 0.482848 0.054297
v -0.211147 0.452188 0.073364
v -0.198736 0.455826 0.021993
v -0.224631 0.556577 -0.058817
v -0.227268 0.556301 -0.040214
v -0.223383 0.555375 -0.071763
v -0.242119 0.555595 0.049040
v -0.244957 0.554163 0.060150
v -0.230314 0.554939 0.054441
v -0.239252 0.555612 0.033987
v -0.198776 0.504798 -0.093124
v -0.198012 0.489881 -0.077239
v -0.200734 0.513155 -0.087467
v -0.198053 0.515711 -0.103779
v -0.215901 0.447370 0.048666
v -0.209334 0.449753 0.019250
v -0.219436 0.446556 0.071110
v -0.218548 0.473963 0.051474
v -0.229274 0.545542 -0.059200
v -0.231895 0.545395 -0.040767
v -0.226872 0.547039 -0.071972
v -0.221868 0.544152 -0.061586
v -0.247395 0.544430 0.047726
v -0.244299 0.544635 0.032793
v -0.249028 0.545696 0.059105
v -0.194465 0.520827 -0.106326
v -0.195175 0.526066 -0.102948
v -0.216906 0.448884 0.079611
v -0.216618 0.426003 0.089987
v -0.218158 0.477161 0.078402
v -0.224519 0.551256 -0.076154
v -0.214693 0.550422 -0.080514
v -0.247738 0.549902 0.063376
v -0.237666 0.549144 0.067912
v 0.226428 0.532578 0.056765
v 0.223550 0.532463 0.040187
v 0.229653 0.537349 0.056058
v 0.227035 0.534317 0.069558
v 0.223871 0.521833 0.056290
v 0.234270 0.540732 0.054539
v 0.231743 0.540600 0.039566
v 0.234669 0.542438 0.066162
v 0.223099 0.539304 0.074781
v 0.226212 0.544096 0.073254
v 0.217840 0.544147 0.071673
v 0.221010 0.528044 0.075986
v 0.230814 0.547292 0.071085
v 0.225796 0.551985 0.068454
v 0.207757 0.548729 -0.084325
v 0.202874 0.545879 -0.088018
v 0.204603 0.553156 -0.078758
v 0.199413 0.541574 -0.092026
v 0.197173 0.536491 -0.095994
v 0.196089 0.545952 -0.085447
v 0.205534 0.554173 -0.063190
v 0.200448 0.551296 -0.065828
v 0.208744 0.553431 -0.040975
v 0.196877 0.546894 -0.068936
v 0.194326 0.540311 -0.072939
v 0.199950 0.546056 -0.045741
v 0.222711 0.553208 0.057414
v 0.220593 0.552696 0.042170
v 0.217851 0.550134 0.058808
v 0.214477 0.545454 0.059474
v 0.212062 0.544992 0.042730
v 0.211939 0.534203 0.059017
v -0.214404 0.545432 0.059462
v -0.211985 0.544948 0.042706
v -0.217780 0.550123 0.058802
v -0.217771 0.544142 0.071670
v -0.211865 0.534174 0.059002
v -0.222642 0.553203 0.057411
v -0.220522 0.552686 0.042165
v -0.225728 0.551984 0.068453
v -0.207689 0.548729 -0.084325
v -0.202806 0.545879 -0.088018
v -0.212314 0.544006 -0.079655
v -0.199345 0.541574 -0.092026
v -0.197105 0.536491 -0.095994
v -0.204080 0.536832 -0.087809
v -0.215798 0.542103 -0.064512
v -0.211028 0.539088 -0.067963
v -0.218944 0.541570 -0.042501
v -0.207522 0.534798 -0.071929
v -0.204878 0.529012 -0.076511
v -0.210543 0.534062 -0.048481
v -0.223031 0.539304 0.074781
v -0.226144 0.544096 0.073254
v -0.220942 0.528044 0.075986
v -0.230746 0.547292 0.071085
v 0.139017 0.644882 -0.231587
v 0.173900 0.652346 -0.214038
v 0.140365 0.618062 -0.220291
v 0.092146 0.638439 -0.248941
v 0.137453 0.672638 -0.243227
v 0.141558 0.591263 -0.208888
v 0.176756 0.599942 -0.187807
v 0.142600 0.564258 -0.197388
v 0.093991 0.583603 -0.229765
v -0.137401 0.594396 -0.198329
v -0.091060 0.586674 -0.218845
v -0.136659 0.621237 -0.209643
v -0.173050 0.602307 -0.180122
v -0.137913 0.567493 -0.187010
v -0.135610 0.648050 -0.220970
v -0.089642 0.641516 -0.238023
v -0.134279 0.675771 -0.232658
v -0.170940 0.654755 -0.206268
v -0.138949 0.644882 -0.231587
v -0.092078 0.638439 -0.248941
v -0.140297 0.618062 -0.220291
v -0.173832 0.652346 -0.214038
v -0.137385 0.672638 -0.243227
v -0.141490 0.591263 -0.208888
v -0.093923 0.583603 -0.229765
v -0.142532 0.564258 -0.197388
v -0.176688 0.599942 -0.187807
v 0.138340 0.540495 -0.175670
v 0.174426 0.549488 -0.154420
v 0.137981 0.567493 -0.187010
v 0.091700 0.531604 -0.199133
v 0.132761 0.705339 -0.245054
v 0.134347 0.675771 -0.232658
v 0.167938 0.709500 -0.234149
v 0.087220 0.701245 -0.258330
v 0.047403 0.526754 -0.220652
v 0.000034 0.527982 -0.222758
v 0.047186 0.554929 -0.230249
v 0.095110 0.528043 -0.209833
v 0.143494 0.536823 -0.185798
v 0.179172 0.546688 -0.161643
v 0.135612 0.702244 -0.255660
v 0.089312 0.698208 -0.269220
v 0.170399 0.707162 -0.241925
v 0.044341 0.698175 -0.276689
v 0.000034 0.699159 -0.278901
v 0.045211 0.666811 -0.266851
v 0.188760 0.551231 -0.150464
v 0.187824 0.577695 -0.163896
v 0.180829 0.709844 -0.233930
v 0.182606 0.682377 -0.218964
v 0.045706 0.530168 -0.209730
v 0.000034 0.531315 -0.211812
v 0.045605 0.557991 -0.219214
v 0.043238 0.701103 -0.265660
v 0.000034 0.702019 -0.267839
v 0.044017 0.669744 -0.255809
v -0.138272 0.540495 -0.175670
v -0.091632 0.531604 -0.199133
v -0.174358 0.549488 -0.154420
v -0.132693 0.705339 -0.245054
v -0.087152 0.701245 -0.258330
v -0.167870 0.709500 -0.234149
v -0.047335 0.526754 -0.220652
v -0.095042 0.528043 -0.209833
v -0.047118 0.554929 -0.230249
v -0.143427 0.536823 -0.185798
v -0.179104 0.546688 -0.161643
v -0.135544 0.702244 -0.255660
v -0.170331 0.707162 -0.241925
v -0.089244 0.698208 -0.269220
v -0.044273 0.698175 -0.276689
v -0.045143 0.666811 -0.266851
v -0.188692 0.551231 -0.150464
v -0.187756 0.577695 -0.163896
v -0.180761 0.709844 -0.233930
v -0.182538 0.682377 -0.218964
v -0.045638 0.530168 -0.209730
v -0.045537 0.557991 -0.219214
v -0.043170 0.701103 -0.265660
v -0.043949 0.669744 -0.255809
v 0.186745 0.603889 -0.177416
v 0.185522 0.629925 -0.191039
v 0.173118 0.602307 -0.180122
v 0.184156 0.655912 -0.204777
v 0.171007 0.654755 -0.206268
v 0.045927 0.637935 -0.257617
v 0.046488 0.610314 -0.248633
v 0.000034 0.639168 -0.259785
v 0.046895 0.582714 -0.239543
v 0.000034 0.583962 -0.241658
v 0.045422 0.585657 -0.228475
v 0.091128 0.586674 -0.218845
v 0.045116 0.613255 -0.237571
v 0.000034 0.586824 -0.230568
v 0.044646 0.640873 -0.246565
v 0.089710 0.641516 -0.238023
v 0.000034 0.642024 -0.248707
v 0.135678 0.648050 -0.220970
v 0.136727 0.621237 -0.209643
v 0.137469 0.594396 -0.198329
v -0.045354 0.585657 -0.228475
v -0.045048 0.613255 -0.237571
v -0.044578 0.640873 -0.246565
v -0.045859 0.637935 -0.257617
v -0.046420 0.610314 -0.248633
v -0.046827 0.582714 -0.239543
v -0.186677 0.603889 -0.177416
v -0.185454 0.629925 -0.191039
v -0.184088 0.655912 -0.204777
v 0.151750 0.383441 0.076682
v 0.189910 0.395216 0.084392
v 0.210805 0.403749 0.099092
v 0.218816 0.409747 0.113091
v 0.218325 0.413917 0.118697
v 0.212224 0.415006 0.115085
v 0.203405 0.411762 0.101431
v 0.184509 0.404444 0.086279
v 0.148174 0.393312 0.078172
v 0.101499 0.382913 0.073508
v 0.051578 0.377791 0.068684
v 0.000034 0.376550 0.066232
v -0.051510 0.377791 0.068684
v -0.101431 0.382913 0.073508
v -0.148106 0.393312 0.078172
v -0.184441 0.404444 0.086279
v -0.203338 0.411762 0.101431
v -0.212157 0.415006 0.115085
v -0.218257 0.413917 0.118696
v -0.218748 0.409747 0.113090
v -0.210737 0.403749 0.099091
v -0.189843 0.395216 0.084392
v -0.151682 0.383441 0.076682
v 0.057000 0.367722 0.217656
v 0.000034 0.366216 0.219346
v -0.056933 0.367722 0.217656
v -0.047745 0.407864 -0.105232
v -0.047270 0.425901 -0.132883
v -0.092938 0.410089 -0.088873
v 0.000034 0.407740 -0.111915
v -0.132958 0.416266 -0.066529
v -0.129042 0.430418 -0.090081
v -0.163267 0.423087 -0.044660
v -0.179327 0.427245 -0.029729
v -0.173571 0.436279 -0.055030
v -0.187127 0.436184 -0.018460
v -0.192653 0.457349 -0.007580
v -0.197130 0.484627 0.003106
v -0.188355 0.463055 -0.034573
v -0.209566 0.544465 0.025951
v -0.206813 0.544365 0.006299
v -0.213294 0.549031 0.026929
v -0.206100 0.533685 0.022174
v -0.218402 0.552170 0.026919
v -0.215832 0.552010 0.008697
v -0.225797 0.554247 0.024670
v -0.236384 0.555629 0.018934
v -0.233428 0.555727 0.001960
v -0.245445 0.555123 0.013348
v -0.248258 0.551533 0.011550
v -0.244851 0.551864 -0.004905
v -0.246339 0.547294 0.013176
v -0.241204 0.544841 0.017859
v -0.238082 0.545039 0.001027
v -0.234778 0.542962 0.022659
v -0.228984 0.540447 0.024634
v -0.226087 0.540505 0.006689
v -0.224146 0.537022 0.024672
v -0.220586 0.532413 0.023661
v -0.217500 0.532568 0.004076
v -0.217154 0.522256 0.019819
v -0.202766 0.452137 -0.010166
v -0.198075 0.458483 -0.037083
v -0.197769 0.432174 -0.021872
v -0.207733 0.477162 0.000598
v -0.192709 0.422335 -0.035459
v -0.177843 0.414875 -0.051481
v -0.189711 0.432129 -0.062245
v -0.143427 0.402047 -0.070491
v -0.142743 0.413912 -0.094503
v -0.097698 0.390428 -0.089501
v -0.048891 0.386594 -0.105524
v 0.001099 0.386624 -0.112788
v -0.048258 0.399596 -0.131397
v 0.050379 0.386594 -0.105524
v 0.050456 0.399596 -0.131397
v 0.098121 0.390428 -0.089501
v 0.143495 0.402047 -0.070491
v 0.142811 0.413912 -0.094503
v 0.177911 0.414875 -0.051481
v 0.192777 0.422335 -0.035459
v 0.189779 0.432129 -0.062245
v 0.197835 0.432167 -0.021876
v 0.202827 0.452109 -0.010184
v 0.207786 0.477105 0.000562
v 0.198134 0.458450 -0.037103
v 0.220672 0.532347 0.023609
v 0.217588 0.532492 0.004016
v 0.224292 0.537002 0.024632
v 0.217206 0.522161 0.019757
v 0.229216 0.540467 0.024593
v 0.226344 0.540528 0.006641
v 0.235051 0.543002 0.022618
v 0.241404 0.544869 0.017835
v 0.238302 0.545072 0.000998
v 0.246440 0.547301 0.013169
v 0.248326 0.551533 0.011550
v 0.244919 0.551864 -0.004905
v 0.245513 0.555123 0.013348
v 0.236452 0.555629 0.018934
v 0.233496 0.555727 0.001960
v 0.225865 0.554250 0.024672
v 0.218474 0.552184 0.026926
v 0.215904 0.552027 0.008706
v 0.213370 0.549066 0.026947
v 0.209648 0.544531 0.025986
v 0.206898 0.544441 0.006340
v 0.206187 0.533772 0.022221
v 0.192726 0.457375 -0.007567
v 0.188429 0.463085 -0.034557
v 0.187196 0.436190 -0.018457
v 0.197209 0.484679 0.003133
v 0.179395 0.427245 -0.029729
v 0.163334 0.423087 -0.044660
v 0.173639 0.436279 -0.055030
v 0.133025 0.416266 -0.066529
v 0.129110 0.430418 -0.090081
v 0.093006 0.410089 -0.088873
v 0.047813 0.407864 -0.105232
v 0.047338 0.425901 -0.132883
v 0.221256 0.500529 0.054264
v 0.222939 0.501363 0.070735
v 0.217000 0.501315 0.032786
v 0.219478 0.505439 0.077194
v 0.213989 0.509781 0.072882
v 0.209586 0.511418 0.057041
v 0.205727 0.511700 0.035437
v 0.201868 0.511983 0.013833
v 0.198456 0.513884 -0.008761
v 0.192297 0.530893 -0.078263
v 0.193992 0.525367 -0.057349
v 0.192427 0.533554 -0.093273
v 0.195953 0.531304 -0.099569
v 0.200265 0.526497 -0.096104
v 0.202753 0.521488 -0.081825
v 0.204455 0.515969 -0.060565
v 0.212745 0.502101 0.011309
v 0.209033 0.504377 -0.011296
v -0.209513 0.511392 0.057028
v -0.213919 0.509775 0.072878
v -0.205648 0.511649 0.035410
v -0.219410 0.505439 0.077194
v -0.222873 0.501370 0.070740
v -0.221195 0.500557 0.054282
v -0.216947 0.501372 0.032822
v -0.212699 0.502187 0.011362
v -0.208991 0.504476 -0.011234
v -0.202692 0.521513 -0.081810
v -0.204400 0.516020 -0.060533
v -0.200199 0.526503 -0.096100
v -0.195885 0.531304 -0.099569
v -0.192358 0.533549 -0.093276
v -0.192225 0.530871 -0.078275
v -0.193914 0.525320 -0.057373
v -0.201784 0.511906 0.013792
v -0.198369 0.513795 -0.008809
v 0.049648 0.423051 -0.158616
v 0.001099 0.423674 -0.165299
v 0.097070 0.425809 -0.142133
v -0.048160 0.423051 -0.158616
v -0.096647 0.425809 -0.142133
v -0.142877 0.436573 -0.119414
v -0.177272 0.448015 -0.097145
v -0.190250 0.452806 -0.082012
v -0.193106 0.458526 -0.070476
v -0.197134 0.472753 -0.058999
v -0.201748 0.491234 -0.047551
v -0.206362 0.509715 -0.036104
v -0.210582 0.524831 -0.026743
v -0.214011 0.533218 -0.021559
v -0.217664 0.537665 -0.018928
v -0.222557 0.540959 -0.017228
v -0.228400 0.543384 -0.017205
v -0.234905 0.545226 -0.019604
v -0.240109 0.547671 -0.022307
v -0.242047 0.551909 -0.023198
v -0.239263 0.555494 -0.022105
v -0.230295 0.555984 -0.018856
v -0.219781 0.554600 -0.015847
v -0.212359 0.552565 -0.015477
v -0.207181 0.549501 -0.016868
v -0.203396 0.545031 -0.019142
v -0.199967 0.535923 -0.024059
v -0.195854 0.518947 -0.033374
v -0.191526 0.498038 -0.044889
v -0.187451 0.477128 -0.056404
v -0.182345 0.461532 -0.066914
v -0.174922 0.456562 -0.075415
v -0.159402 0.454911 -0.088636
v -0.130004 0.449270 -0.113304
v -0.091038 0.443762 -0.139146
v -0.046816 0.442509 -0.155890
v 0.000034 0.442946 -0.161988
v 0.046884 0.442509 -0.155890
v 0.091106 0.443762 -0.139146
v 0.130071 0.449270 -0.113304
v 0.159470 0.454911 -0.088636
v 0.174990 0.456562 -0.075415
v 0.182414 0.461538 -0.066911
v 0.187524 0.477152 -0.056391
v 0.191604 0.498087 -0.044863
v 0.195937 0.519021 -0.033335
v 0.200052 0.536006 -0.024014
v 0.203478 0.545093 -0.019109
v 0.207256 0.549534 -0.016850
v 0.212431 0.552579 -0.015469
v 0.219850 0.554604 -0.015845
v 0.230363 0.555984 -0.018856
v 0.239330 0.555494 -0.022105
v 0.242115 0.551909 -0.023198
v 0.240208 0.547678 -0.022312
v 0.235099 0.545253 -0.019627
v 0.228664 0.543423 -0.017244
v 0.222781 0.540978 -0.017267
v 0.217806 0.537646 -0.018966
v 0.214095 0.533156 -0.021609
v 0.210634 0.524740 -0.026803
v 0.206409 0.509633 -0.036155
v 0.201802 0.491179 -0.047585
v 0.197195 0.472726 -0.059016
v 0.193172 0.458520 -0.070480
v 0.190318 0.452806 -0.082012
v 0.177340 0.448015 -0.097145
v 0.142945 0.436573 -0.119414
v 0.000047 0.072406 0.000002
v 0.275275 0.085681 0.037006
v 0.236430 0.085681 0.145752
v 0.156712 0.085681 0.229296
v 0.049905 0.085681 0.273193
v -0.065522 0.085681 0.269853
v -0.169611 0.085681 0.219853
v -0.244365 0.085681 0.131839
v -0.276857 0.085681 0.021029
v -0.261470 0.085681 -0.093416
v -0.200864 0.085681 -0.191709
v -0.105518 0.085681 -0.256853
v 0.008081 0.085681 -0.277585
v 0.120291 0.085681 -0.250319
v 0.211711 0.085681 -0.179771
v 0.266532 0.085681 -0.078138
v 0.208244 0.084994 -0.060876
v 0.165496 0.084994 -0.140126
v 0.000474 0.076119 0.000059
v 0.094210 0.084994 -0.195138
v 0.006712 0.084994 -0.216399
v -0.081870 0.084994 -0.200233
v -0.156218 0.084994 -0.149435
v -0.203477 0.084994 -0.072789
v -0.215475 0.084994 0.016452
v -0.190139 0.084994 0.102859
v -0.131848 0.084994 0.171490
v -0.050682 0.084994 0.210478
v 0.039325 0.084994 0.213082
v 0.122610 0.084994 0.178853
v 0.184772 0.084994 0.113707
v 0.215062 0.084994 0.028910
v 0.267778 0.107473 -0.078510
v 0.276563 0.107473 0.037179
v 0.237534 0.107473 0.146439
v 0.157438 0.107473 0.230379
v 0.050127 0.107473 0.274484
v -0.065847 0.107473 0.271128
v -0.170429 0.107473 0.220892
v -0.245536 0.107473 0.132461
v -0.278182 0.107473 0.021127
v -0.262722 0.107473 -0.093860
v -0.201829 0.107473 -0.192618
v -0.106032 0.107473 -0.258071
v 0.008104 0.107473 -0.278900
v 0.120846 0.107473 -0.251506
v 0.212697 0.107473 -0.180623
v -0.090234 0.255624 -0.115524
v -0.145804 0.255621 -0.024475
v 0.048105 0.255073 0.028434
v -0.049014 0.255073 0.026768
v 0.001011 0.255074 -0.055202
v -0.056158 0.255620 0.134733
v 0.051721 0.255622 0.136581
v 0.147060 0.255524 -0.019525
v 0.094757 0.255525 -0.112409
v -0.147593 0.282303 -0.025228
v -0.091883 0.282304 -0.116511
v -0.056457 0.282303 0.136625
v 0.051698 0.282304 0.138479
v 0.001011 0.288296 -0.055202
v -0.049014 0.288296 0.026768
v 0.048105 0.288296 0.028434
v 0.148525 0.282288 -0.020161
v 0.096081 0.282288 -0.113296
v -0.142928 0.228491 -0.131471
v -0.166908 0.174764 -0.145354
v -0.183112 0.228470 -0.065692
v -0.205407 0.174804 -0.083904
v -0.203033 0.240065 -0.073667
v -0.230458 0.183617 -0.091348
v -0.161097 0.240070 -0.142366
v -0.188616 0.183607 -0.158135
v 0.037537 0.228481 0.189041
v 0.036599 0.174783 0.216305
v -0.040420 0.228469 0.187724
v -0.037282 0.174807 0.215026
v 0.037296 0.240068 0.209970
v 0.036403 0.183610 0.241380
v -0.044105 0.240065 0.208579
v -0.043897 0.183617 0.239988
v 0.152446 0.227509 -0.126854
v 0.179214 0.174283 -0.138954
v 0.190168 0.227503 -0.060157
v 0.215438 0.174296 -0.077683
v 0.166831 0.239915 -0.136674
v 0.195203 0.183571 -0.150750
v 0.206288 0.239913 -0.066904
v 0.234590 0.183575 -0.084146
v -0.042339 0.133602 0.252667
v 0.034226 0.133603 0.254119
v 0.034400 0.130208 0.227793
v -0.035627 0.130210 0.226465
v 0.247611 0.133596 -0.095265
v 0.207618 0.133600 -0.156472
v 0.190999 0.130062 -0.145198
v 0.227580 0.130080 -0.089217
v -0.177736 0.129931 -0.151291
v -0.217072 0.129986 -0.097646
v -0.243536 0.133597 -0.104129
v -0.200527 0.133560 -0.162782
v -0.081411 0.255073 -0.048175
v -0.125154 0.252097 -0.074354
v -0.046466 0.255074 -0.085253
v -0.033900 0.255073 -0.020072
v -0.098256 0.255073 -0.000391
v 0.083134 0.255074 -0.045352
v 0.034657 0.255073 -0.018896
v 0.049523 0.255074 -0.083606
v 0.128520 0.251923 -0.070121
v 0.098278 0.255074 0.002981
v -0.001621 0.255073 0.093527
v -0.000656 0.255073 0.038967
v 0.048835 0.255073 0.083997
v -0.002248 0.252096 0.143922
v -0.051710 0.255073 0.082272
v -0.081411 0.288296 -0.048175
v -0.128735 0.282767 -0.076167
v -0.098256 0.288296 -0.000391
v -0.033900 0.288296 -0.020072
v -0.046466 0.288296 -0.085253
v -0.001621 0.288296 0.093527
v -0.002583 0.282767 0.147870
v 0.048835 0.288296 0.083997
v -0.000656 0.288296 0.038967
v -0.051710 0.288296 0.082272
v 0.083134 0.288296 -0.045352
v 0.034657 0.288296 -0.018896
v 0.098278 0.288296 0.002981
v 0.131425 0.282763 -0.071706
v 0.049523 0.288296 -0.083606
v -0.092295 0.288296 0.050388
v -0.106146 0.284143 0.057948
v 0.090524 0.288296 0.053525
v 0.104099 0.284143 0.061554
v 0.001873 0.288296 -0.103913
v 0.002149 0.284143 -0.119502
v -0.092295 0.255073 0.050388
v -0.106146 0.259226 0.057948
v 0.090524 0.255074 0.053525
v 0.104099 0.259226 0.061554
v 0.001873 0.255074 -0.103913
v 0.002149 0.259226 -0.119502
v -0.110763 0.271685 0.060467
v -0.070616 0.267430 0.136931
v -0.155360 0.267430 -0.013568
v 0.108624 0.271685 0.064231
v 0.156180 0.267342 -0.008294
v 0.066061 0.267433 0.139273
v 0.002241 0.271685 -0.124698
v -0.084954 0.267434 -0.128923
v 0.089914 0.267344 -0.125974
v 0.000034 0.255073 -0.000000
v 0.000034 0.288296 -0.000000
v -0.159947 0.207092 -0.156487
v -0.156105 0.202148 -0.139095
v -0.171067 0.179181 -0.162431
v -0.177253 0.212038 -0.151828
v -0.145169 0.234283 -0.148125
v -0.171894 0.200506 -0.105351
v -0.159846 0.226550 -0.097009
v -0.195173 0.202159 -0.075123
v -0.182261 0.173313 -0.112944
v -0.213801 0.207101 -0.068280
v -0.199916 0.234266 -0.058473
v -0.218966 0.212041 -0.083490
v -0.224627 0.179215 -0.076940
v -0.201854 0.213687 -0.119417
v -0.185239 0.241999 -0.109589
v -0.213433 0.185083 -0.126427
v -0.000312 0.200509 0.199376
v 0.037123 0.202153 0.204077
v 0.000226 0.173325 0.211496
v -0.038686 0.202160 0.202790
v -0.001114 0.226543 0.184900
v 0.050069 0.207095 0.216497
v 0.050696 0.234276 0.199731
v 0.036886 0.212039 0.228472
v 0.049350 0.179194 0.229065
v -0.054451 0.207101 0.214716
v -0.053438 0.179215 0.227285
v -0.044086 0.212041 0.227087
v -0.055542 0.234266 0.197926
v -0.004070 0.213687 0.231837
v -0.003732 0.241999 0.212757
v -0.004315 0.185083 0.244854
v 0.182794 0.199545 -0.099901
v 0.167347 0.201312 -0.133506
v 0.194397 0.172742 -0.106797
v 0.204054 0.201316 -0.069413
v 0.168765 0.225438 -0.092125
v 0.169099 0.206620 -0.150343
v 0.153207 0.233713 -0.143136
v 0.183512 0.211928 -0.145076
v 0.180907 0.178925 -0.155508
v 0.219740 0.206623 -0.061931
v 0.231315 0.178937 -0.070258
v 0.222766 0.211930 -0.076551
v 0.204660 0.233707 -0.052158
v 0.206045 0.213698 -0.112373
v 0.189102 0.241982 -0.103169
v 0.217825 0.185120 -0.118970
v -0.147782 0.243168 -0.088655
v -0.170214 0.246035 -0.055761
v -0.128931 0.246054 -0.123361
v -0.182756 0.254666 -0.046725
v -0.181392 0.263301 -0.060467
v -0.162105 0.266180 -0.095905
v -0.139237 0.263306 -0.129531
v -0.127131 0.254682 -0.137835
v -0.001919 0.243162 0.170398
v 0.037967 0.246045 0.173052
v -0.042141 0.246034 0.171692
v 0.051389 0.254676 0.179215
v 0.037822 0.263304 0.184917
v -0.003262 0.266180 0.186191
v -0.044009 0.263301 0.183517
v -0.056570 0.254666 0.177374
v 0.153868 0.242471 -0.083956
v 0.135925 0.245435 -0.119186
v 0.174717 0.245430 -0.050310
v 0.133524 0.254320 -0.133567
v 0.144200 0.263203 -0.124728
v 0.165488 0.266164 -0.090296
v 0.183871 0.263201 -0.054280
v 0.185832 0.254315 -0.040685
v 0.000239 0.153256 0.218932
v 0.035840 0.154093 0.223869
v -0.000039 0.129643 0.222752
v -0.036548 0.154111 0.222569
v 0.048378 0.156633 0.236988
v 0.035660 0.159178 0.249653
v 0.046529 0.131905 0.241187
v -0.004506 0.160027 0.253229
v -0.043487 0.159183 0.248231
v -0.004630 0.134168 0.257770
v -0.052645 0.156649 0.235173
v -0.051199 0.131906 0.239335
v 0.202015 0.152982 -0.112329
v 0.186631 0.153861 -0.143011
v 0.206235 0.129483 -0.115763
v 0.223382 0.153871 -0.084571
v 0.188338 0.156514 -0.158956
v 0.202866 0.159168 -0.154511
v 0.192927 0.131830 -0.160600
v 0.225949 0.160054 -0.124024
v 0.243048 0.159172 -0.090614
v 0.230669 0.134186 -0.127312
v 0.239626 0.156522 -0.077398
v 0.243977 0.131839 -0.082475
v -0.189280 0.153246 -0.119053
v -0.212821 0.154109 -0.091888
v -0.193299 0.129355 -0.122971
v -0.173783 0.154079 -0.149369
v -0.232610 0.156649 -0.085245
v -0.238778 0.159183 -0.098656
v -0.237166 0.131799 -0.091529
v -0.221458 0.160027 -0.131656
v -0.196094 0.159175 -0.161505
v -0.226137 0.134182 -0.134953
v -0.178129 0.156624 -0.165465
v -0.182269 0.131738 -0.166395
v -0.194664 0.090687 -0.123988
v -0.217811 0.092349 -0.099752
v -0.179770 0.092158 -0.151269
v -0.237714 0.097061 -0.094128
v -0.244345 0.101718 -0.106480
v -0.227676 0.103215 -0.136167
v -0.202753 0.101580 -0.162809
v -0.184626 0.096842 -0.166027
v -0.004672 0.103159 0.259284
v -0.039940 0.101740 0.254146
v 0.031670 0.101746 0.255608
v 0.043178 0.097501 0.242587
v 0.031835 0.093253 0.229101
v -0.000377 0.091832 0.224025
v -0.033663 0.093244 0.227764
v -0.048227 0.097491 0.240722
v 0.232238 0.103203 -0.128609
v 0.247751 0.101727 -0.097410
v 0.210577 0.101744 -0.156748
v 0.196214 0.097320 -0.160359
v 0.193716 0.092902 -0.145035
v 0.207647 0.091465 -0.116367
v 0.227726 0.092962 -0.090761
v 0.243670 0.097348 -0.084618
v 0.240978 0.078465 -0.129926
v 0.217855 0.073921 -0.117431
v 0.208750 0.078465 -0.177213
v 0.244402 0.085681 -0.131803
v 0.262793 0.078465 -0.077023
v 0.167303 0.078465 -0.216670
v 0.151263 0.073921 -0.195836
v 0.118628 0.078465 -0.246760
v 0.169667 0.085681 -0.219796
v 0.064716 0.078465 -0.265948
v 0.058538 0.073921 -0.240377
v 0.008010 0.078465 -0.273639
v 0.065603 0.085681 -0.269783
v -0.049045 0.078465 -0.269240
v -0.044287 0.073921 -0.243352
v -0.103976 0.078465 -0.253202
v -0.049796 0.085681 -0.273122
v -0.154310 0.078465 -0.225976
v -0.139433 0.073921 -0.204248
v -0.197969 0.078465 -0.188982
v -0.156577 0.085681 -0.229236
v -0.232877 0.078465 -0.143638
v -0.210447 0.073921 -0.129825
v -0.257715 0.078465 -0.092085
v -0.236275 0.085681 -0.145712
v -0.271162 0.078465 -0.036462
v -0.245052 0.073921 -0.032952
v -0.272883 0.078465 0.020737
v -0.275111 0.085681 -0.036993
v -0.262544 0.078465 0.077020
v -0.237263 0.073921 0.069621
v -0.240852 0.078465 0.129974
v -0.266370 0.085681 0.078123
v -0.208515 0.078465 0.177186
v -0.188427 0.073921 0.160158
v -0.167160 0.078465 0.216739
v -0.211562 0.085681 0.179731
v -0.118415 0.078465 0.246716
v -0.106989 0.073921 0.223004
v -0.064547 0.078465 0.266029
v -0.120165 0.085681 0.250262
v -0.007824 0.078465 0.273588
v -0.007029 0.073921 0.247293
v 0.049241 0.078465 0.269321
v -0.007982 0.085681 0.277521
v 0.104135 0.078465 0.253156
v 0.094167 0.073921 0.228825
v 0.154532 0.078465 0.226047
v 0.105590 0.085681 0.256795
v 0.198105 0.078465 0.188952
v 0.179103 0.073921 0.170793
v 0.233118 0.078465 0.143689
v 0.200912 0.085681 0.191666
v 0.257836 0.078465 0.092078
v 0.233093 0.073921 0.083231
v 0.271412 0.078465 0.036487
v 0.261504 0.085681 0.093397
v 0.273001 0.078465 -0.020716
v 0.246800 0.073921 -0.018719
v 0.276887 0.085681 -0.021020
v 0.232084 0.073921 -0.068005
v 0.184365 0.073921 -0.156471
v 0.104789 0.073921 -0.217880
v 0.007115 0.073921 -0.241614
v -0.091767 0.073921 -0.223568
v -0.174761 0.073921 -0.166863
v -0.227516 0.073921 -0.081304
v -0.240909 0.073921 0.018315
v -0.212626 0.073921 0.114770
v -0.147557 0.073921 0.191382
v -0.056952 0.073921 0.234904
v 0.043522 0.073921 0.237811
v 0.136491 0.073921 0.199601
v 0.205882 0.073921 0.126880
v 0.239695 0.073921 0.032222
v 0.140828 0.080092 -0.075648
v 0.195472 0.085143 -0.105140
v 0.106517 0.079496 -0.090008
v 0.133983 0.079496 -0.039089
v 0.097901 0.080092 -0.126190
v 0.135824 0.085143 -0.175369
v 0.060716 0.079496 -0.125353
v 0.038128 0.080092 -0.154902
v 0.052769 0.085143 -0.215265
v 0.004498 0.079496 -0.139013
v -0.028156 0.080092 -0.156820
v -0.039334 0.085143 -0.217930
v -0.052415 0.079496 -0.128626
v -0.089490 0.080092 -0.131612
v -0.124557 0.085143 -0.182903
v -0.100184 0.079496 -0.095989
v -0.135267 0.080092 -0.083637
v -0.188166 0.085143 -0.116241
v -0.130548 0.079496 -0.046744
v -0.157574 0.080092 -0.021190
v -0.219162 0.085143 -0.029471
v -0.138257 0.079496 0.010594
v -0.152553 0.080092 0.044931
v -0.212185 0.085143 0.062405
v -0.121978 0.079496 0.066110
v -0.121072 0.080092 0.103293
v -0.168442 0.085143 0.143501
v -0.084526 0.079496 0.110205
v -0.068575 0.080092 0.143806
v -0.095496 0.085143 0.199793
v -0.032377 0.079496 0.135255
v -0.004139 0.080092 0.159463
v -0.005961 0.085143 0.221549
v 0.025452 0.079496 0.136929
v 0.061096 0.080092 0.147558
v 0.084683 0.085143 0.205007
v 0.078963 0.079496 0.114936
v 0.115848 0.080092 0.110149
v 0.160761 0.085143 0.153027
v 0.118902 0.079496 0.073080
v 0.150651 0.080092 0.053704
v 0.209120 0.085143 0.074596
v 0.138363 0.079496 0.018598
v 0.159487 0.080092 -0.012016
v 0.221398 0.085143 -0.016723
v 0.245544 0.107473 -0.132429
v 0.197002 0.105375 -0.167065
v 0.227388 0.105375 -0.122479
v 0.247957 0.105375 -0.072599
v 0.170455 0.107473 -0.220838
v 0.112029 0.105375 -0.232638
v 0.157923 0.105375 -0.204267
v 0.065899 0.107473 -0.271062
v 0.007731 0.105375 -0.257981
v 0.061197 0.105375 -0.250730
v -0.050047 0.107473 -0.274417
v -0.097857 0.105375 -0.238712
v -0.046064 0.105375 -0.253833
v -0.157332 0.107473 -0.230323
v -0.186480 0.105375 -0.178161
v -0.145315 0.105375 -0.213042
v -0.237408 0.107473 -0.146404
v -0.242812 0.105375 -0.086800
v -0.219393 0.105375 -0.135408
v -0.276427 0.107473 -0.037170
v -0.257114 0.105375 0.019576
v -0.255491 0.105375 -0.034355
v -0.267645 0.107473 0.078490
v -0.226913 0.105375 0.122572
v -0.247366 0.105375 0.072643
v -0.212578 0.107473 0.180579
v -0.157431 0.105375 0.204379
v -0.196423 0.105375 0.167086
v -0.120748 0.107473 0.251444
v -0.060681 0.105375 0.250853
v -0.111471 0.105375 0.232644
v -0.008034 0.107473 0.278832
v 0.046606 0.105375 0.253958
v -0.007199 0.105375 0.257981
v 0.106075 0.107473 0.258008
v 0.145881 0.105375 0.213156
v 0.098364 0.105375 0.238716
v 0.201848 0.107473 0.192571
v 0.219978 0.105375 0.135503
v 0.186965 0.105375 0.178180
v 0.262726 0.107473 0.093837
v 0.256084 0.105375 0.034426
v 0.243283 0.105375 0.086841
v 0.278182 0.107473 -0.021122
v 0.257582 0.105375 -0.019509
v 0.219049 0.095527 -0.117910
v 0.189792 0.095527 -0.160837
v 0.238853 0.095527 -0.069884
v 0.152166 0.095527 -0.196656
v 0.107979 0.095527 -0.223972
v 0.059038 0.095527 -0.241391
v 0.007560 0.095527 -0.248373
v -0.044235 0.095527 -0.244379
v -0.094103 0.095527 -0.229820
v -0.139795 0.095527 -0.205104
v -0.179429 0.095527 -0.171521
v -0.211119 0.095527 -0.130357
v -0.233667 0.095527 -0.083557
v -0.245874 0.095527 -0.033062
v -0.247437 0.095527 0.018863
v -0.238051 0.095527 0.069957
v -0.218359 0.095527 0.118029
v -0.189003 0.095527 0.160888
v -0.151461 0.095527 0.196795
v -0.107210 0.095527 0.224008
v -0.058309 0.095527 0.241541
v -0.006815 0.095527 0.248403
v 0.044989 0.095527 0.244530
v 0.094822 0.095527 0.229854
v 0.140573 0.095527 0.205245
v 0.180128 0.095527 0.171570
v 0.211914 0.095527 0.130480
v 0.234353 0.095527 0.083627
v 0.246677 0.095527 0.033161
v 0.248120 0.095527 -0.018768
v 0.030243 0.288296 -0.030209
v 0.000034 0.288296 -0.042722
v -0.030175 0.288296 -0.030209
v -0.042688 0.288296 -0.000000
v -0.030175 0.288296 0.030209
v 0.000034 0.288296 0.042722
v 0.030243 0.288296 0.030209
v 0.042756 0.288296 -0.000000
v 0.030243 0.367903 -0.030209
v 0.000034 0.367903 -0.042722
v -0.030175 0.367903 -0.030209
v -0.042688 0.367903 -0.000000
v -0.030175 0.367903 0.030209
v 0.000034 0.367903 0.042722
v 0.030243 0.367903 0.030209
v 0.042756 0.367903 -0.000000
v 0.000034 0.288296 -0.000000
v 0.000034 0.367903 -0.000000
v 0.000034 0.340039 0.042722
v 0.000034 0.316160 0.042722
v -0.030175 0.316160 0.030209
v -0.030175 0.340039 0.030209
v -0.042688 0.316160 -0.000000
v -0.042688 0.340039 -0.000000
v -0.030175 0.316160 -0.030209
v -0.030175 0.340039 -0.030209
v 0.000034 0.316160 -0.042722
v 0.000034 0.340039 -0.042722
v 0.030243 0.316160 -0.030209
v 0.030243 0.340039 -0.030209
v 0.042756 0.316160 -0.000000
v 0.042756 0.340039 -0.000000
v 0.030243 0.316160 0.030209
v 0.030243 0.340039 0.030209
v 0.000034 0.338805 0.038304
v 0.000034 0.317394 0.038304
v 0.027119 0.317394 0.027085
v 0.027119 0.338805 0.027085
v -0.027051 0.338805 0.027085
v -0.027051 0.317394 0.027085
v -0.038270 0.338805 -0.000000
v -0.038270 0.317394 -0.000000
v -0.027051 0.338805 -0.027085
v -0.027051 0.317394 -0.027085
v 0.000034 0.338805 -0.038304
v 0.000034 0.317394 -0.038304
v 0.027119 0.338805 -0.027085
v 0.027119 0.317394 -0.027085
v 0.038338 0.338805 -0.000000
v 0.038338 0.317394 -0.000000
v 0.042756 0.371631 -0.000000
v 0.030243 0.371631 -0.030209
v 0.000034 0.371631 -0.042722
v -0.030175 0.371631 -0.030209
v -0.042688 0.371631 -0.000000
v -0.030175 0.371631 0.030209
v 0.000034 0.371631 0.042722
v 0.030243 0.371631 0.030209
v 0.042756 0.343310 -0.000000
v 0.030243 0.343310 -0.030209
v 0.000034 0.343310 -0.042722
v -0.030175 0.343310 -0.030209
v -0.042688 0.343310 -0.000000
v -0.030175 0.343310 0.030209
v 0.000034 0.343310 0.042722
v 0.030243 0.343310 0.030209
v 0.030243 0.289361 0.030209
v 0.000034 0.289361 0.042722
v -0.030175 0.289361 0.030209
v -0.042688 0.289361 -0.000000
v -0.030175 0.289361 -0.030209
v 0.000034 0.289361 -0.042722
v 0.030243 0.289361 -0.030209
v 0.042756 0.289361 -0.000000
v 0.030243 0.313051 0.030209
v 0.000034 0.313051 0.042722
v -0.030175 0.313051 0.030209
v -0.042688 0.313051 -0.000000
v -0.030175 0.313051 -0.030209
v 0.000034 0.313051 -0.042722
v 0.030243 0.313051 -0.030209
v 0.042756 0.313051 -0.000000
v 0.040547 0.316777 -0.000000
v 0.028681 0.316777 0.028647
v 0.000034 0.316777 0.040513
v -0.028613 0.316777 0.028647
v -0.040479 0.316777 -0.000000
v -0.028613 0.316777 -0.028647
v 0.000034 0.316777 -0.040513
v 0.028681 0.316777 -0.028647
v 0.028681 0.339422 0.028647
v 0.040547 0.339422 -0.000000
v 0.028681 0.339422 -0.028647
v 0.000034 0.339422 -0.040513
v -0.028613 0.339422 -0.028647
v -0.040479 0.339422 -0.000000
v -0.028613 0.339422 0.028647
v 0.000034 0.339422 0.040513
v 0.038338 0.339668 -0.000000
v 0.027119 0.339668 -0.027085
v 0.000034 0.339668 -0.038304
v -0.027051 0.339668 -0.027085
v -0.038270 0.339668 -0.000000
v -0.027051 0.339668 0.027085
v 0.000034 0.339668 0.038304
v 0.027119 0.339668 0.027085
v 0.038338 0.316638 -0.000000
v 0.027119 0.316638 -0.027085
v 0.000034 0.316638 -0.038304
v -0.027051 0.316638 -0.027085
v -0.038270 0.316638 -0.000000
v -0.027051 0.316638 0.027085
v 0.000034 0.316638 0.038304
v 0.027119 0.316638 0.027085
vt 0.614226 0.460459
vt 0.603736 0.467845
vt 0.589874 0.468643
vt 0.597731 0.454108
vt 0.729904 0.205109
vt 0.751830 0.210080
vt 0.739654 0.224738
vt 0.717971 0.221982
vt 0.746257 0.061318
vt 0.771902 0.077897
vt 0.757865 0.103231
vt 0.732189 0.088264
vt 0.793092 0.095205
vt 0.806966 0.109731
vt 0.797380 0.130571
vt 0.780220 0.118747
vt 0.652367 0.298543
vt 0.657478 0.286369
vt 0.683993 0.291984
vt 0.680166 0.306287
vt 0.705541 0.310814
vt 0.706944 0.293990
vt 0.717958 0.291128
vt 0.717626 0.307677
vt 0.743504 0.233002
vt 0.730261 0.235777
vt 0.755166 0.221382
vt 0.813314 0.117580
vt 0.813662 0.124257
vt 0.809452 0.137092
vt 0.806122 0.135321
vt 0.085522 0.066731
vt 0.070635 0.086590
vt 0.051202 0.073226
vt 0.066048 0.053437
vt 0.085135 0.007354
vt 0.099117 0.000027
vt 0.113087 0.002136
vt 0.099660 0.015882
vt 0.272222 0.225219
vt 0.257108 0.214665
vt 0.273101 0.195058
vt 0.288186 0.204797
vt 0.340509 0.151034
vt 0.357381 0.158706
vt 0.341928 0.175471
vt 0.323533 0.166293
vt 0.354491 0.212040
vt 0.387557 0.230175
vt 0.372758 0.256506
vt 0.338724 0.235731
vt 0.439040 0.200487
vt 0.460244 0.211495
vt 0.455372 0.234010
vt 0.431726 0.221580
vt 0.223273 0.130098
vt 0.235971 0.139426
vt 0.217503 0.157388
vt 0.205066 0.148708
vt 0.267249 0.094941
vt 0.278366 0.106507
vt 0.257708 0.120560
vt 0.245379 0.110059
vt 0.288084 0.090737
vt 0.296803 0.100930
vt 0.290247 0.102551
vt 0.280841 0.091200
vt 0.327393 0.145093
vt 0.340085 0.139058
vt 0.355137 0.144492
vt 0.443523 0.186297
vt 0.455207 0.194116
vt 0.460150 0.199751
vt 0.442407 0.190068
vt 0.565126 0.470781
vt 0.565059 0.477291
vt 0.541135 0.470457
vt 0.542787 0.464027
vt 0.605741 0.472221
vt 0.605936 0.476519
vt 0.590107 0.479589
vt 0.587592 0.474225
vt 0.632254 0.450313
vt 0.636028 0.456642
vt 0.619963 0.470543
vt 0.619451 0.463685
vt 0.777053 0.069567
vt 0.784146 0.062731
vt 0.806835 0.083497
vt 0.798512 0.087824
vt 0.722360 0.319684
vt 0.724757 0.322431
vt 0.719677 0.325355
vt 0.716011 0.325156
vt 0.771417 0.320413
vt 0.778711 0.315586
vt 0.780222 0.317730
vt 0.773029 0.322487
vt 0.821363 0.283342
vt 0.822979 0.284433
vt 0.820553 0.289895
vt 0.818034 0.289190
vt 0.816812 0.121467
vt 0.817456 0.124836
vt 0.814188 0.138501
vt 0.812067 0.138176
vt 0.811940 0.103614
vt 0.820416 0.103901
vt 0.819618 0.117520
vt 0.816125 0.112152
vt 0.545597 0.457628
vt 0.524193 0.448513
vt 0.532678 0.430948
vt 0.553630 0.439898
vt 0.693329 0.215568
vt 0.684861 0.230500
vt 0.660563 0.224084
vt 0.668830 0.207948
vt 0.622560 0.302525
vt 0.599279 0.292895
vt 0.604894 0.281236
vt 0.627998 0.290674
vt 0.717821 0.046274
vt 0.722378 0.036785
vt 0.751195 0.052258
vt 0.467575 0.409623
vt 0.459578 0.398277
vt 0.458837 0.385477
vt 0.474072 0.394439
vt 0.564909 0.140696
vt 0.568736 0.122037
vt 0.586320 0.136056
vt 0.580609 0.155910
vt 0.648344 0.050596
vt 0.659340 0.023806
vt 0.688308 0.033470
vt 0.676073 0.061294
vt 0.602304 0.036829
vt 0.612575 0.016325
vt 0.632586 0.018078
vt 0.622260 0.042836
vt 0.519009 0.221027
vt 0.531276 0.209449
vt 0.547162 0.226121
vt 0.538373 0.238023
vt 0.513657 0.203546
vt 0.524686 0.193552
vt 0.526637 0.199067
vt 0.513919 0.209642
vt 0.562164 0.154922
vt 0.556054 0.142848
vt 0.557831 0.126488
vt 0.589666 0.031482
vt 0.597052 0.020176
vt 0.602480 0.016275
vt 0.593131 0.032974
vt 0.057420 0.107597
vt 0.038037 0.094171
vt 0.006969 0.156455
vt 0.000000 0.144165
vt 0.001837 0.128486
vt 0.014999 0.138998
vt 0.244470 0.236684
vt 0.258862 0.247429
vt 0.250722 0.308105
vt 0.240599 0.328535
vt 0.227398 0.315525
vt 0.235569 0.294212
vt 0.322266 0.259627
vt 0.356056 0.282863
vt 0.337424 0.307891
vt 0.305843 0.283548
vt 0.345990 0.393083
vt 0.326711 0.405690
vt 0.308841 0.389832
vt 0.325920 0.375453
vt 0.189366 0.168242
vt 0.201680 0.176547
vt 0.189409 0.198250
vt 0.176754 0.189892
vt 0.165899 0.213548
vt 0.179179 0.222029
vt 0.169318 0.249111
vt 0.155099 0.241359
vt 0.148806 0.267190
vt 0.163584 0.273431
vt 0.164141 0.285940
vt 0.150177 0.281220
vt 0.216064 0.319414
vt 0.217156 0.305403
vt 0.226524 0.331526
vt 0.315711 0.409807
vt 0.308680 0.407208
vt 0.297196 0.399097
vt 0.300318 0.396705
vt 0.496464 0.448895
vt 0.476235 0.434420
vt 0.481293 0.430320
vt 0.500476 0.443604
vt 0.458857 0.416245
vt 0.451416 0.401947
vt 0.454904 0.399428
vt 0.464623 0.414879
vt 0.447371 0.387254
vt 0.448262 0.366042
vt 0.455565 0.365062
vt 0.453061 0.383392
vt 0.633132 0.000032
vt 0.663522 0.004769
vt 0.662621 0.014579
vt 0.634958 0.009234
vt 0.498829 0.219045
vt 0.497942 0.213270
vt 0.501585 0.213428
vt 0.501271 0.221782
vt 0.465554 0.176921
vt 0.464407 0.167442
vt 0.466987 0.167107
vt 0.467766 0.175686
vt 0.463482 0.118289
vt 0.466223 0.112984
vt 0.468086 0.113563
vt 0.465612 0.119814
vt 0.585606 0.028666
vt 0.594228 0.017577
vt 0.597260 0.015974
vt 0.587186 0.030118
vt 0.598586 0.011318
vt 0.608717 0.002183
vt 0.614239 0.008619
vt 0.604960 0.010689
vt 0.503742 0.437427
vt 0.512636 0.420116
vt 0.644819 0.198249
vt 0.636829 0.214870
vt 0.614818 0.202073
vt 0.622255 0.185541
vt 0.577234 0.280696
vt 0.583110 0.269059
vt 0.692292 0.023952
vt 0.303466 0.074713
vt 0.294152 0.073313
vt 0.297009 0.070514
vt 0.306485 0.071479
vt 0.309219 0.068755
vt 0.299941 0.067906
vt 0.302834 0.065417
vt 0.311801 0.066053
vt 0.481504 0.178623
vt 0.481047 0.167462
vt 0.485273 0.168571
vt 0.485450 0.180379
vt 0.488329 0.182161
vt 0.488414 0.170040
vt 0.491468 0.171767
vt 0.491119 0.184177
vt 0.163988 0.381639
vt 0.160644 0.374085
vt 0.164333 0.373331
vt 0.167858 0.381055
vt 0.171093 0.380141
vt 0.167323 0.372050
vt 0.170074 0.370413
vt 0.174143 0.378889
vt 0.722561 0.304071
vt 0.723490 0.289207
vt 0.730798 0.291061
vt 0.728392 0.304252
vt 0.786842 0.240623
vt 0.774914 0.248983
vt 0.764217 0.238334
vt 0.777866 0.227359
vt 0.762146 0.313600
vt 0.771157 0.306977
vt 0.775394 0.311443
vt 0.767264 0.317051
vt 0.817968 0.278464
vt 0.818777 0.283016
vt 0.816100 0.287262
vt 0.813138 0.282279
vt 0.296405 0.083225
vt 0.307305 0.089011
vt 0.302254 0.095854
vt 0.292804 0.087665
vt 0.355961 0.123358
vt 0.360874 0.109285
vt 0.375056 0.112121
vt 0.372217 0.127430
vt 0.318136 0.056005
vt 0.327573 0.056778
vt 0.327137 0.060063
vt 0.316513 0.059262
vt 0.376704 0.059785
vt 0.381806 0.060684
vt 0.384350 0.063803
vt 0.378047 0.063633
vt 0.731050 0.317542
vt 0.731055 0.321056
vt 0.728155 0.321719
vt 0.726882 0.317982
vt 0.790266 0.198711
vt 0.796733 0.203596
vt 0.795890 0.214818
vt 0.791600 0.215471
vt 0.766627 0.324734
vt 0.767631 0.326442
vt 0.762720 0.327144
vt 0.760527 0.324250
vt 0.818703 0.272259
vt 0.822725 0.273201
vt 0.823934 0.279426
vt 0.821024 0.277768
vt 0.504471 0.194980
vt 0.510733 0.184189
vt 0.518682 0.189010
vt 0.509879 0.199113
vt 0.538955 0.130010
vt 0.523966 0.128314
vt 0.523018 0.113778
vt 0.538978 0.112499
vt 0.470393 0.175647
vt 0.469605 0.166946
vt 0.474912 0.166946
vt 0.475612 0.176786
vt 0.468326 0.120116
vt 0.469960 0.115374
vt 0.474014 0.113158
vt 0.474065 0.119307
vt 0.152335 0.288150
vt 0.164972 0.292644
vt 0.162179 0.299558
vt 0.151153 0.293660
vt 0.203417 0.361722
vt 0.195690 0.349502
vt 0.207079 0.339869
vt 0.216701 0.353587
vt 0.135782 0.322500
vt 0.140902 0.333386
vt 0.137689 0.335580
vt 0.133123 0.325952
vt 0.161622 0.387680
vt 0.157795 0.386424
vt 0.155130 0.381982
vt 0.159222 0.381850
vt 0.496378 0.210179
vt 0.495085 0.207507
vt 0.497836 0.205325
vt 0.500093 0.208846
vt 0.537480 0.090603
vt 0.545713 0.082941
vt 0.553571 0.084936
vt 0.539656 0.094356
vt 0.470568 0.186637
vt 0.468049 0.182366
vt 0.470011 0.182080
vt 0.474197 0.186535
vt 0.469530 0.109104
vt 0.475144 0.106153
vt 0.478388 0.108703
vt 0.472641 0.110341
vt 0.379717 0.084868
vt 0.369458 0.083771
vt 0.371236 0.077885
vt 0.380617 0.078647
vt 0.380700 0.075338
vt 0.371790 0.074706
vt 0.371921 0.071422
vt 0.380398 0.071974
vt 0.811438 0.256976
vt 0.814414 0.254028
vt 0.817206 0.260742
vt 0.813595 0.262780
vt 0.814920 0.265708
vt 0.819052 0.264507
vt 0.820808 0.268470
vt 0.816525 0.268557
vt 0.754752 0.322343
vt 0.756813 0.326358
vt 0.752035 0.324964
vt 0.750284 0.320588
vt 0.746497 0.319329
vt 0.747679 0.323764
vt 0.743228 0.322800
vt 0.742601 0.318446
vt 0.756261 0.318773
vt 0.752269 0.317025
vt 0.758308 0.311617
vt 0.755118 0.310483
vt 0.749051 0.316062
vt 0.745697 0.315466
vt 0.751803 0.309566
vt 0.810274 0.276606
vt 0.804282 0.281532
vt 0.802159 0.277754
vt 0.808301 0.273096
vt 0.806785 0.270661
vt 0.800226 0.275276
vt 0.798197 0.272948
vt 0.805245 0.268270
vt 0.495637 0.116112
vt 0.496781 0.125738
vt 0.490711 0.125128
vt 0.489938 0.116701
vt 0.487105 0.116994
vt 0.487617 0.124997
vt 0.484470 0.125036
vt 0.484255 0.117334
vt 0.479291 0.189848
vt 0.481138 0.186442
vt 0.484996 0.188464
vt 0.483451 0.192236
vt 0.486799 0.194402
vt 0.487757 0.190373
vt 0.490317 0.192616
vt 0.489920 0.196888
vt 0.132329 0.314875
vt 0.133972 0.310985
vt 0.137788 0.319125
vt 0.139376 0.315755
vt 0.135260 0.307395
vt 0.136644 0.303725
vt 0.140933 0.312235
vt 0.494854 0.104805
vt 0.494299 0.108728
vt 0.489147 0.110491
vt 0.488977 0.106753
vt 0.485865 0.107552
vt 0.486583 0.111224
vt 0.483879 0.111615
vt 0.482639 0.108083
vt 0.150725 0.045306
vt 0.163556 0.028143
vt 0.178654 0.036448
vt 0.165256 0.053897
vt 0.179252 0.062420
vt 0.193458 0.044841
vt 0.208335 0.053595
vt 0.193161 0.071215
vt 0.516062 0.279040
vt 0.541448 0.293356
vt 0.534889 0.307411
vt 0.509602 0.294183
vt 0.503426 0.309319
vt 0.528570 0.321653
vt 0.522488 0.336060
vt 0.497571 0.324438
vt 0.060751 0.176151
vt 0.075200 0.152528
vt 0.088428 0.162408
vt 0.073974 0.186644
vt 0.086942 0.196663
vt 0.101186 0.171685
vt 0.114055 0.180707
vt 0.100133 0.206504
vt 0.641470 0.324436
vt 0.647307 0.310992
vt 0.675948 0.320274
vt 0.669496 0.334641
vt 0.596293 0.409449
vt 0.605267 0.394097
vt 0.629291 0.406305
vt 0.619879 0.421066
vt 0.193697 0.140498
vt 0.177893 0.160350
vt 0.165546 0.151858
vt 0.181535 0.131645
vt 0.233565 0.100350
vt 0.211841 0.121344
vt 0.199651 0.111990
vt 0.220645 0.090325
vt 0.133838 0.067252
vt 0.118596 0.057804
vt 0.135204 0.036325
vt 0.117174 0.087507
vt 0.101584 0.107872
vt 0.087128 0.097931
vt 0.102329 0.077842
vt 0.708380 0.334258
vt 0.713785 0.337515
vt 0.704823 0.353705
vt 0.698948 0.347407
vt 0.653276 0.421096
vt 0.658733 0.426474
vt 0.648179 0.441399
vt 0.643307 0.435720
vt 0.610201 0.329142
vt 0.586596 0.319214
vt 0.593095 0.305729
vt 0.616596 0.315529
vt 0.564239 0.418216
vt 0.543204 0.409153
vt 0.552082 0.390761
vt 0.573717 0.400103
vt 0.530073 0.250029
vt 0.555187 0.266630
vt 0.548315 0.279565
vt 0.522865 0.264015
vt 0.491855 0.340026
vt 0.516366 0.351227
vt 0.509935 0.367796
vt 0.486161 0.356567
vt 0.165018 0.182212
vt 0.152398 0.174023
vt 0.140532 0.197972
vt 0.153630 0.206007
vt 0.141803 0.233803
vt 0.127817 0.225328
vt 0.060921 0.141676
vt 0.046810 0.164872
vt 0.088148 0.129718
vt 0.073810 0.119315
vt 0.485940 0.248270
vt 0.493004 0.231201
vt 0.498920 0.233398
vt 0.494524 0.248943
vt 0.452633 0.347061
vt 0.457744 0.329530
vt 0.465349 0.330458
vt 0.460109 0.347345
vt 0.564121 0.306940
vt 0.570784 0.293461
vt 0.523018 0.398329
vt 0.531304 0.379646
vt 0.689475 0.362780
vt 0.695692 0.368326
vt 0.686746 0.383102
vt 0.680524 0.377739
vt 0.671629 0.392355
vt 0.677711 0.397666
vt 0.668454 0.412003
vt 0.662629 0.406706
vt 0.147798 0.076068
vt 0.130751 0.096437
vt 0.143619 0.105043
vt 0.161026 0.084661
vt 0.174055 0.093448
vt 0.156317 0.113732
vt 0.634956 0.338407
vt 0.628041 0.352301
vt 0.603582 0.342737
vt 0.596747 0.356358
vt 0.620827 0.366121
vt 0.613334 0.379858
vt 0.589687 0.370039
vt 0.637943 0.392117
vt 0.646138 0.378110
vt 0.654143 0.363838
vt 0.580069 0.332752
vt 0.557609 0.320582
vt 0.551208 0.334408
vt 0.573486 0.346403
vt 0.566821 0.360219
vt 0.544897 0.348445
vt 0.114885 0.117019
vt 0.101346 0.139201
vt 0.113987 0.148137
vt 0.127573 0.125744
vt 0.140179 0.134413
vt 0.126645 0.156885
vt 0.488413 0.265905
vt 0.495658 0.268641
vt 0.489389 0.284827
vt 0.482295 0.282202
vt 0.476406 0.298242
vt 0.483379 0.300719
vt 0.477701 0.316491
vt 0.470785 0.314200
vt 0.382152 0.170510
vt 0.410655 0.185458
vt 0.400288 0.204880
vt 0.368971 0.188691
vt 0.403681 0.161726
vt 0.423731 0.174256
vt 0.418606 0.176766
vt 0.394472 0.162987
vt 0.791392 0.181094
vt 0.800467 0.158479
vt 0.803646 0.158462
vt 0.795184 0.179775
vt 0.768748 0.188033
vt 0.784050 0.159332
vt 0.795062 0.160290
vt 0.783240 0.186350
vt 0.722318 0.169235
vt 0.740513 0.137108
vt 0.764676 0.150424
vt 0.747359 0.180595
vt 0.669784 0.146292
vt 0.686896 0.110665
vt 0.714282 0.123794
vt 0.696184 0.158081
vt 0.619055 0.119583
vt 0.632753 0.085308
vt 0.659537 0.097478
vt 0.644090 0.133031
vt 0.575362 0.095065
vt 0.588191 0.065199
vt 0.607256 0.074759
vt 0.594539 0.107120
vt 0.566617 0.073059
vt 0.578592 0.051854
vt 0.580558 0.057203
vt 0.567612 0.082702
vt 0.561540 0.069762
vt 0.573954 0.049129
vt 0.576617 0.049363
vt 0.565274 0.069276
vt 0.260487 0.347442
vt 0.284647 0.368707
vt 0.279377 0.379242
vt 0.257872 0.361638
vt 0.289365 0.306749
vt 0.318134 0.331134
vt 0.299072 0.352075
vt 0.272746 0.328626
vt 0.420648 0.248763
vt 0.445599 0.262735
vt 0.431230 0.292630
vt 0.406191 0.277158
vt 0.392086 0.349558
vt 0.369315 0.373675
vt 0.347336 0.355380
vt 0.368675 0.331717
vt 0.628773 0.231621
vt 0.621371 0.247008
vt 0.599942 0.233397
vt 0.607166 0.218263
vt 0.560385 0.169388
vt 0.576039 0.170658
vt 0.571815 0.184991
vt 0.556010 0.183460
vt 0.550779 0.174317
vt 0.554779 0.159256
vt 0.535451 0.163640
vt 0.522244 0.157621
vt 0.524056 0.143080
vt 0.538395 0.147512
vt 0.497268 0.135407
vt 0.497285 0.146434
vt 0.491268 0.143962
vt 0.491083 0.133715
vt 0.487871 0.133116
vt 0.488010 0.142934
vt 0.484641 0.142293
vt 0.484565 0.132847
vt 0.468213 0.137083
vt 0.467866 0.128495
vt 0.473712 0.127310
vt 0.473742 0.135296
vt 0.462918 0.136816
vt 0.462498 0.127702
vt 0.465118 0.128654
vt 0.465589 0.137602
vt 0.157145 0.366515
vt 0.155967 0.374081
vt 0.152534 0.366244
vt 0.152817 0.357562
vt 0.156132 0.356354
vt 0.160693 0.365606
vt 0.163477 0.363944
vt 0.158673 0.354304
vt 0.160896 0.351858
vt 0.165963 0.361894
vt 0.188030 0.337124
vt 0.179347 0.325561
vt 0.187495 0.314046
vt 0.197754 0.325989
vt 0.194338 0.296086
vt 0.195341 0.285776
vt 0.206894 0.294896
vt 0.205756 0.306637
vt 0.223224 0.251517
vt 0.233933 0.260044
vt 0.224124 0.284196
vt 0.213744 0.275160
vt 0.220433 0.218781
vt 0.231488 0.196249
vt 0.244088 0.205234
vt 0.232509 0.227576
vt 0.248266 0.178299
vt 0.260602 0.186708
vt 0.313909 0.139270
vt 0.310086 0.159190
vt 0.297934 0.152731
vt 0.301259 0.131745
vt 0.310527 0.127118
vt 0.324465 0.134005
vt 0.324837 0.114317
vt 0.332661 0.102604
vt 0.346568 0.106570
vt 0.339661 0.119621
vt 0.359085 0.082691
vt 0.347240 0.081140
vt 0.350608 0.075962
vt 0.361800 0.077100
vt 0.362838 0.074007
vt 0.352112 0.072967
vt 0.353129 0.069802
vt 0.363404 0.070762
vt 0.359099 0.059360
vt 0.367977 0.059650
vt 0.369628 0.063355
vt 0.361082 0.062933
vt 0.802921 0.297980
vt 0.809846 0.292870
vt 0.811441 0.295114
vt 0.804156 0.300352
vt 0.798302 0.286377
vt 0.807114 0.287568
vt 0.800858 0.292547
vt 0.791107 0.292047
vt 0.788582 0.288425
vt 0.796005 0.282571
vt 0.793736 0.280162
vt 0.785985 0.286200
vt 0.783164 0.284310
vt 0.791274 0.278039
vt 0.763340 0.258155
vt 0.753121 0.268665
vt 0.740152 0.262105
vt 0.750907 0.249721
vt 0.722224 0.256795
vt 0.711815 0.258421
vt 0.720075 0.246209
vt 0.731489 0.244257
vt 0.677197 0.245095
vt 0.709308 0.234769
vt 0.700751 0.247025
vt 0.645376 0.255265
vt 0.652693 0.240172
vt 0.365666 0.095146
vt 0.377672 0.096943
vt 0.803493 0.248967
vt 0.795790 0.234686
vt 0.798661 0.231219
vt 0.806094 0.245573
vt 0.802143 0.263457
vt 0.793932 0.268599
vt 0.785536 0.259895
vt 0.795654 0.253509
vt 0.786096 0.274278
vt 0.777483 0.281168
vt 0.766509 0.275390
vt 0.775918 0.266971
vt 0.735009 0.305893
vt 0.739542 0.294260
vt 0.748664 0.297162
vt 0.741710 0.307265
vt 0.738668 0.317835
vt 0.738850 0.321974
vt 0.734800 0.321339
vt 0.734898 0.317539
vt 0.317055 0.076365
vt 0.312490 0.082163
vt 0.300041 0.078759
vt 0.340685 0.090778
vt 0.353512 0.093381
vt 0.508819 0.126845
vt 0.507457 0.114955
vt 0.507675 0.097549
vt 0.522984 0.094259
vt 0.522947 0.098678
vt 0.507095 0.101847
vt 0.179627 0.375829
vt 0.174925 0.366659
vt 0.184193 0.359046
vt 0.190175 0.369599
vt 0.170198 0.357376
vt 0.164509 0.346880
vt 0.171166 0.337304
vt 0.178189 0.348343
vt 0.148293 0.298617
vt 0.157591 0.306732
vt 0.153046 0.314035
vt 0.145421 0.303615
vt 0.492526 0.204767
vt 0.489503 0.202008
vt 0.492853 0.199572
vt 0.495437 0.202324
vt 0.494580 0.186839
vt 0.495883 0.174446
vt 0.502778 0.178890
vt 0.499220 0.190613
vt 0.508647 0.151382
vt 0.509328 0.138777
vt 0.216654 0.186360
vt 0.232983 0.167881
vt 0.205039 0.208514
vt 0.202100 0.266727
vt 0.180158 0.279175
vt 0.186200 0.257912
vt 0.193284 0.303852
vt 0.179422 0.297128
vt 0.179788 0.290096
vt 0.168539 0.315625
vt 0.175021 0.305823
vt 0.156994 0.333928
vt 0.162185 0.325605
vt 0.152068 0.341517
vt 0.145172 0.327855
vt 0.146881 0.324701
vt 0.154023 0.338712
vt 0.146968 0.345827
vt 0.143313 0.330768
vt 0.149859 0.343988
vt 0.148422 0.357418
vt 0.144463 0.356909
vt 0.139612 0.347021
vt 0.143115 0.346660
vt 0.464015 0.156839
vt 0.463565 0.146270
vt 0.466215 0.146923
vt 0.466613 0.157104
vt 0.469164 0.156666
vt 0.468754 0.146285
vt 0.474007 0.144372
vt 0.474368 0.155537
vt 0.480505 0.154711
vt 0.480232 0.142585
vt 0.484852 0.155019
vt 0.488155 0.156067
vt 0.491358 0.157459
vt 0.496709 0.160170
vt 0.506120 0.165262
vt 0.517190 0.171545
vt 0.528029 0.177241
vt 0.536456 0.182266
vt 0.545729 0.169074
vt 0.540267 0.187345
vt 0.545114 0.196836
vt 0.566103 0.199057
vt 0.557153 0.212947
vt 0.615411 0.259392
vt 0.610168 0.270283
vt 0.588574 0.257923
vt 0.593951 0.246381
vt 0.663465 0.273428
vt 0.633299 0.279455
vt 0.638967 0.268050
vt 0.693328 0.260276
vt 0.708166 0.275294
vt 0.688059 0.275947
vt 0.729477 0.257466
vt 0.724962 0.272957
vt 0.718610 0.273151
vt 0.745397 0.281316
vt 0.734161 0.276405
vt 0.767106 0.290205
vt 0.757239 0.286038
vt 0.775633 0.294304
vt 0.764546 0.302839
vt 0.761297 0.301539
vt 0.772558 0.292681
vt 0.781462 0.299423
vt 0.767651 0.304371
vt 0.778507 0.296223
vt 0.793602 0.298023
vt 0.795392 0.303319
vt 0.787023 0.309498
vt 0.784651 0.304730
vt 0.796481 0.305700
vt 0.798639 0.307349
vt 0.790099 0.313616
vt 0.788275 0.311762
vt 0.338510 0.057798
vt 0.349478 0.058789
vt 0.351371 0.062241
vt 0.339426 0.061146
vt 0.337809 0.071378
vt 0.322588 0.069833
vt 0.324648 0.067026
vt 0.339335 0.068384
vt 0.332463 0.078748
vt 0.320246 0.072579
vt 0.335876 0.074242
vt 0.326554 0.086570
vt 0.319519 0.096063
vt 0.312697 0.105609
vt 0.306161 0.112820
vt 0.317399 0.123359
vt 0.299728 0.115675
vt 0.289662 0.119928
vt 0.285891 0.144873
vt 0.271969 0.133174
vt 0.567654 0.464489
vt 0.575326 0.447367
vt 0.586236 0.426794
vt 0.609364 0.436732
vt 0.626642 0.446216
vt 0.705168 0.196363
vt 0.704443 0.074131
vt 0.704141 0.327811
vt 0.722406 0.315012
vt 0.716703 0.319864
vt 0.768683 0.207292
vt 0.783060 0.203427
vt 0.767513 0.219374
vt 0.753541 0.231990
vt 0.035527 0.062447
vt 0.050458 0.042617
vt 0.067066 0.024197
vt 0.082302 0.034462
vt 0.101579 0.047095
vt 0.131098 0.011008
vt 0.118312 0.026628
vt 0.291070 0.176962
vt 0.305566 0.185461
vt 0.325722 0.196631
vt 0.308975 0.217683
vt 0.292751 0.239333
vt 0.256957 0.082288
vt 0.273426 0.083346
vt 0.281730 0.083636
vt 0.349423 0.134219
vt 0.366369 0.139319
vt 0.385513 0.147221
vt 0.372370 0.151624
vt 0.518212 0.460890
vt 0.521135 0.454841
vt 0.781569 0.319947
vt 0.773445 0.324984
vt 0.766585 0.322418
vt 0.813817 0.296556
vt 0.805493 0.160394
vt 0.655059 0.176943
vt 0.679990 0.187350
vt 0.726834 0.027507
vt 0.756948 0.043937
vt 0.462264 0.366907
vt 0.480440 0.374533
vt 0.502613 0.386452
vt 0.493289 0.407782
vt 0.484650 0.424430
vt 0.608602 0.149918
vt 0.601007 0.171157
vt 0.594638 0.187092
vt 0.568090 0.243337
vt 0.561763 0.254919
vt 0.506600 0.232699
vt 0.504974 0.217951
vt 0.505206 0.210485
vt 0.550573 0.134380
vt 0.551680 0.115594
vt 0.554398 0.093503
vt 0.560374 0.107138
vt 0.044832 0.129619
vt 0.026136 0.116140
vt 0.011098 0.105586
vt 0.022355 0.083486
vt 0.031709 0.152569
vt 0.021699 0.170098
vt 0.278340 0.262228
vt 0.264678 0.285399
vt 0.247032 0.270575
vt 0.133307 0.262109
vt 0.143431 0.284758
vt 0.140190 0.277108
vt 0.239351 0.345067
vt 0.239943 0.358915
vt 0.225713 0.343868
vt 0.214886 0.329869
vt 0.278867 0.384926
vt 0.471845 0.180667
vt 0.631364 0.163962
vt 0.695190 0.014260
vt 0.305881 0.062490
vt 0.314238 0.062967
vt 0.326235 0.063824
vt 0.493056 0.195287
vt 0.173809 0.386392
vt 0.170588 0.386940
vt 0.166666 0.387315
vt 0.182594 0.382974
vt 0.176906 0.385491
vt 0.732617 0.314139
vt 0.727295 0.313900
vt 0.788177 0.219244
vt 0.761930 0.321341
vt 0.815127 0.273059
vt 0.286218 0.081894
vt 0.288934 0.079037
vt 0.385730 0.113555
vt 0.384587 0.130215
vt 0.309201 0.058715
vt 0.312640 0.056284
vt 0.385818 0.068639
vt 0.379557 0.068143
vt 0.371307 0.067691
vt 0.802088 0.228419
vt 0.503025 0.205982
vt 0.499518 0.201984
vt 0.522042 0.103085
vt 0.538855 0.099383
vt 0.475593 0.183624
vt 0.480006 0.111990
vt 0.480282 0.117992
vt 0.480193 0.125743
vt 0.141713 0.293134
vt 0.143409 0.289573
vt 0.223730 0.364138
vt 0.208578 0.371169
vt 0.134745 0.337173
vt 0.130646 0.328638
vt 0.128941 0.323407
vt 0.129987 0.319326
vt 0.151882 0.373880
vt 0.474873 0.190755
vt 0.387514 0.075644
vt 0.387779 0.078861
vt 0.387460 0.085073
vt 0.386873 0.072436
vt 0.811608 0.267451
vt 0.810575 0.264993
vt 0.808728 0.259870
vt 0.812996 0.269804
vt 0.741897 0.314998
vt 0.747562 0.308529
vt 0.756451 0.299769
vt 0.482598 0.196249
vt 0.478944 0.193606
vt 0.486127 0.199113
vt 0.138233 0.300057
vt 0.142868 0.308264
vt 0.149265 0.320376
vt 0.484214 0.103583
vt 0.488302 0.102667
vt 0.495284 0.100645
vt 0.480030 0.104690
vt 0.223323 0.062950
vt 0.206982 0.080452
vt 0.186925 0.102523
vt 0.472240 0.332564
vt 0.075611 0.216220
vt 0.062476 0.205400
vt 0.049317 0.194274
vt 0.127136 0.189477
vt 0.113706 0.216104
vt 0.103211 0.237625
vt 0.089111 0.226978
vt 0.691911 0.343332
vt 0.682822 0.358817
vt 0.661974 0.349339
vt 0.647340 0.417012
vt 0.637525 0.431577
vt 0.152801 0.143093
vt 0.168929 0.122575
vt 0.238483 0.073202
vt 0.147807 0.019677
vt 0.559789 0.374794
vt 0.582113 0.384399
vt 0.502097 0.251908
vt 0.466951 0.349294
vt 0.139416 0.165496
vt 0.118212 0.248112
vt 0.035775 0.182597
vt 0.480203 0.264494
vt 0.538372 0.363306
vt 0.665350 0.388440
vt 0.674053 0.373823
vt 0.656531 0.402719
vt 0.468464 0.296786
vt 0.474226 0.280671
vt 0.463014 0.312934
vt 0.797137 0.182994
vt 0.259991 0.370689
vt 0.412992 0.322011
vt 0.388659 0.305280
vt 0.581167 0.216740
vt 0.588027 0.202187
vt 0.549481 0.152735
vt 0.480155 0.133433
vt 0.148437 0.365692
vt 0.204537 0.315587
vt 0.211650 0.243172
vt 0.267456 0.162014
vt 0.279342 0.169905
vt 0.332383 0.129668
vt 0.353076 0.066246
vt 0.362986 0.067099
vt 0.806433 0.301934
vt 0.739893 0.244321
vt 0.670108 0.259544
vt 0.386703 0.097541
vt 0.809084 0.242423
vt 0.737489 0.314545
vt 0.291515 0.076155
vt 0.506081 0.105997
vt 0.193969 0.377808
vt 0.139944 0.296576
vt 0.496161 0.198440
vt 0.251933 0.150875
vt 0.195650 0.232729
vt 0.574466 0.230590
vt 0.340024 0.065003
vt 0.613317 0.822603
vt 0.610878 0.838941
vt 0.574303 0.827589
vt 0.579458 0.813779
vt 0.548185 0.798038
vt 0.539327 0.811984
vt 0.510489 0.786718
vt 0.520810 0.776187
vt 0.498620 0.749064
vt 0.484856 0.758209
vt 0.468768 0.723370
vt 0.482485 0.717941
vt 0.473237 0.684110
vt 0.456939 0.686868
vt 0.456409 0.648467
vt 0.471155 0.649087
vt 0.476471 0.614393
vt 0.460457 0.610278
vt 0.475607 0.574950
vt 0.488827 0.581524
vt 0.507815 0.551966
vt 0.494864 0.541683
vt 0.523109 0.515545
vt 0.532501 0.526943
vt 0.561908 0.507652
vt 0.554291 0.492971
vt 0.590798 0.480580
vt 0.594676 0.494833
vt 0.629422 0.489287
vt 0.628552 0.472772
vt 0.666873 0.476440
vt 0.664549 0.491025
vt 0.698508 0.500096
vt 0.704465 0.484669
vt 0.737921 0.503598
vt 0.729852 0.515963
vt 0.757155 0.538044
vt 0.768878 0.526385
vt 0.791712 0.557261
vt 0.779313 0.565265
vt 0.795258 0.596517
vt 0.810708 0.590640
vt 0.818998 0.628104
vt 0.804421 0.630371
vt 0.806274 0.665379
vt 0.822774 0.666292
vt 0.815114 0.703857
vt 0.800880 0.700005
vt 0.788346 0.732712
vt 0.803048 0.740249
vt 0.780795 0.771422
vt 0.769355 0.762125
vt 0.744631 0.786885
vt 0.755010 0.799736
vt 0.722057 0.819142
vt 0.715359 0.806020
vt 0.682740 0.818587
vt 0.687077 0.834533
vt 0.649121 0.838981
vt 0.648249 0.824274
vt 0.627511 0.730149
vt 0.621250 0.770985
vt 0.597048 0.767320
vt 0.608740 0.736343
vt 0.598757 0.719268
vt 0.576458 0.754062
vt 0.555831 0.740866
vt 0.579094 0.717299
vt 0.576909 0.697627
vt 0.542402 0.720365
vt 0.528918 0.699903
vt 0.559749 0.687825
vt 0.565748 0.668951
vt 0.524984 0.675692
vt 0.520988 0.651496
vt 0.554062 0.653005
vt 0.567215 0.638194
vt 0.527243 0.627758
vt 0.533442 0.604009
vt 0.563032 0.618859
vt 0.581069 0.610679
vt 0.548818 0.584855
vt 0.564152 0.565670
vt 0.585123 0.591303
vt 0.604922 0.591182
vt 0.585997 0.554431
vt 0.607820 0.543157
vt 0.616518 0.575133
vt 0.634645 0.583097
vt 0.632347 0.541824
vt 0.656874 0.540448
vt 0.651778 0.573173
vt 0.665088 0.587825
vt 0.679814 0.549223
vt 0.702774 0.557949
vt 0.684783 0.585742
vt 0.690970 0.604531
vt 0.720148 0.575286
vt 0.737566 0.592584
vt 0.709814 0.610639
vt 0.707815 0.630308
vt 0.746377 0.615471
vt 0.755249 0.638339
vt 0.722548 0.643542
vt 0.712717 0.660685
vt 0.753988 0.662811
vt 0.752794 0.687291
vt 0.720798 0.678754
vt 0.704842 0.690412
vt 0.741693 0.709117
vt 0.730655 0.730978
vt 0.704883 0.710191
vt 0.685561 0.714359
vt 0.711645 0.746396
vt 0.692683 0.761878
vt 0.677565 0.732440
vt 0.658210 0.728409
vt 0.669048 0.768254
vt 0.645441 0.774729
vt 0.643564 0.741689
vt 0.617396 0.795948
vt 0.615674 0.806947
vt 0.585099 0.798683
vt 0.589060 0.788379
vt 0.562772 0.775319
vt 0.556684 0.784677
vt 0.532091 0.764676
vt 0.539947 0.756866
vt 0.521229 0.734226
vt 0.511814 0.740303
vt 0.497472 0.712007
vt 0.507873 0.708063
vt 0.499978 0.679746
vt 0.488855 0.681471
vt 0.487262 0.649765
vt 0.498417 0.650391
vt 0.502725 0.621288
vt 0.491813 0.618342
vt 0.503262 0.588706
vt 0.513246 0.593815
vt 0.529030 0.568961
vt 0.520214 0.561828
vt 0.542747 0.539395
vt 0.549832 0.548128
vt 0.574379 0.531841
vt 0.569190 0.521730
vt 0.598922 0.510445
vt 0.601878 0.521312
vt 0.630921 0.516461
vt 0.630274 0.505115
vt 0.662021 0.506952
vt 0.660336 0.518070
vt 0.688825 0.525495
vt 0.692813 0.514880
vt 0.721044 0.529467
vt 0.715024 0.538929
vt 0.738011 0.557288
vt 0.745927 0.549220
vt 0.765768 0.574008
vt 0.756467 0.580199
vt 0.769991 0.606300
vt 0.780455 0.602153
vt 0.788493 0.632846
vt 0.777527 0.634715
vt 0.779264 0.664038
vt 0.790461 0.664509
vt 0.785323 0.695794
vt 0.774594 0.693040
vt 0.764261 0.720513
vt 0.774250 0.725497
vt 0.756845 0.751967
vt 0.748210 0.745088
vt 0.727612 0.765969
vt 0.734668 0.774579
vt 0.708028 0.791679
vt 0.702973 0.781891
vt 0.675679 0.792631
vt 0.678597 0.803356
vt 0.647306 0.808196
vt 0.646706 0.797196
vt 0.618526 0.788724
vt 0.591657 0.781585
vt 0.566757 0.769175
vt 0.545097 0.751715
vt 0.527384 0.730233
vt 0.514689 0.705453
vt 0.507239 0.678601
vt 0.505720 0.650777
vt 0.509839 0.623194
vt 0.519776 0.597137
vt 0.534769 0.573595
vt 0.554461 0.553821
vt 0.577749 0.538412
vt 0.603798 0.528372
vt 0.631344 0.523834
vt 0.659229 0.525323
vt 0.686224 0.532398
vt 0.711076 0.545102
vt 0.732843 0.562535
vt 0.750366 0.584231
vt 0.763151 0.608991
vt 0.770328 0.635916
vt 0.771935 0.663713
vt 0.767544 0.691208
vt 0.757713 0.717233
vt 0.742530 0.740547
vt 0.722979 0.760311
vt 0.699643 0.775436
vt 0.673754 0.785554
vt 0.646308 0.789943
vt 0.095315 0.799693
vt 0.072556 0.781757
vt 0.088675 0.756977
vt 0.109401 0.775891
vt 0.200032 0.822787
vt 0.170404 0.830936
vt 0.168401 0.804202
vt 0.197263 0.795278
vt 0.111258 0.848955
vt 0.118750 0.819547
vt 0.143225 0.831360
vt 0.136786 0.860523
vt 0.223238 0.630222
vt 0.199879 0.649617
vt 0.178582 0.628401
vt 0.202720 0.611407
vt 0.212702 0.539419
vt 0.207293 0.509941
vt 0.236548 0.502194
vt 0.239547 0.531214
vt 0.275153 0.625043
vt 0.247620 0.611689
vt 0.264251 0.590428
vt 0.291603 0.602562
vt 0.191237 0.586199
vt 0.165189 0.601718
vt 0.184110 0.554894
vt 0.192254 0.558507
vt 0.267495 0.533878
vt 0.266851 0.503832
vt 0.298630 0.543398
vt 0.291366 0.548563
vt 0.301863 0.639448
vt 0.251098 0.646874
vt 0.250231 0.638101
vt 0.084653 0.830085
vt 0.093152 0.827454
vt 0.196901 0.854824
vt 0.160725 0.889082
vt 0.164816 0.860757
vt 0.190299 0.848867
vt 0.161930 0.746766
vt 0.210541 0.760710
vt 0.183337 0.771219
vt 0.160028 0.755355
vt 0.156312 0.594998
vt 0.146372 0.592728
vt 0.170819 0.548805
vt 0.177461 0.551890
vt 0.277255 0.499475
vt 0.284046 0.491816
vt 0.310429 0.534784
vt 0.304541 0.539132
vt 0.300536 0.650570
vt 0.303671 0.660227
vt 0.252527 0.661394
vt 0.251812 0.654120
vt 0.147817 0.810566
vt 0.227141 0.594134
vt 0.244643 0.581731
vt 0.164296 0.676605
vt 0.170119 0.684014
vt 0.156083 0.694974
vt 0.149731 0.687305
vt 0.045125 0.714261
vt 0.058305 0.699832
vt 0.070388 0.710755
vt 0.056866 0.725922
vt 0.100003 0.647831
vt 0.093024 0.638944
vt 0.107502 0.628206
vt 0.113717 0.637281
vt 0.116523 0.672339
vt 0.104499 0.655230
vt 0.118105 0.645121
vt 0.130133 0.662551
vt 0.125968 0.914945
vt 0.146628 0.919974
vt 0.142985 0.935904
vt 0.122958 0.931139
vt 0.260370 0.424634
vt 0.270394 0.423624
vt 0.272121 0.441261
vt 0.262105 0.441658
vt 0.201964 0.465944
vt 0.191738 0.466758
vt 0.189260 0.449213
vt 0.200177 0.447941
vt 0.228699 0.427177
vt 0.250481 0.425298
vt 0.252222 0.441848
vt 0.230388 0.443710
vt 0.253175 0.777891
vt 0.246989 0.757836
vt 0.263053 0.753576
vt 0.269187 0.772751
vt 0.375703 0.672807
vt 0.372524 0.681658
vt 0.356470 0.674935
vt 0.359970 0.665977
vt 0.368585 0.603937
vt 0.373105 0.595505
vt 0.389516 0.603061
vt 0.384990 0.611801
vt 0.388129 0.645894
vt 0.379093 0.664937
vt 0.363750 0.658114
vt 0.372853 0.638880
vt 0.092115 0.730265
vt 0.112176 0.739071
vt 0.077396 0.746158
vt 0.133272 0.610442
vt 0.141422 0.616159
vt 0.147032 0.623225
vt 0.160458 0.641109
vt 0.173345 0.659601
vt 0.203517 0.660218
vt 0.178496 0.667499
vt 0.106411 0.898116
vt 0.103192 0.876414
vt 0.130951 0.887648
vt 0.128070 0.902857
vt 0.275041 0.472068
vt 0.266240 0.476158
vt 0.256890 0.477652
vt 0.234241 0.480408
vt 0.211655 0.482278
vt 0.196315 0.507764
vt 0.202551 0.482721
vt 0.247127 0.802624
vt 0.228476 0.816095
vt 0.224424 0.786877
vt 0.240455 0.781904
vt 0.326784 0.662388
vt 0.327072 0.652809
vt 0.330011 0.644176
vt 0.318630 0.614558
vt 0.338945 0.623625
vt 0.348681 0.603385
vt 0.326535 0.585723
vt 0.334082 0.577427
vt 0.353313 0.595589
vt 0.097543 0.954555
vt 0.099732 0.942856
vt 0.119797 0.947228
vt 0.117303 0.958750
vt 0.268540 0.410565
vt 0.258536 0.411482
vt 0.248821 0.411699
vt 0.227288 0.413176
vt 0.206424 0.415955
vt 0.207474 0.429619
vt 0.198667 0.430799
vt 0.197892 0.417449
vt 0.302523 0.781205
vt 0.291061 0.786014
vt 0.284822 0.767465
vt 0.296076 0.763177
vt 0.384557 0.686080
vt 0.388027 0.677952
vt 0.391828 0.670509
vt 0.401088 0.652057
vt 0.409434 0.633638
vt 0.396906 0.626971
vt 0.400378 0.619637
vt 0.412255 0.626702
vt 0.049476 0.691758
vt 0.036777 0.705386
vt 0.082583 0.648174
vt 0.089620 0.657330
vt 0.093550 0.664383
vt 0.105059 0.680833
vt 0.118246 0.697303
vt 0.129572 0.689513
vt 0.135826 0.697322
vt 0.124872 0.704857
vt 0.024377 0.669148
vt 0.039635 0.682865
vt 0.027395 0.695643
vt 0.012204 0.680816
vt 0.054227 0.669614
vt 0.071417 0.657585
vt 0.078415 0.666766
vt 0.062601 0.677722
vt 0.068580 0.683510
vt 0.082678 0.673382
vt 0.093789 0.689320
vt 0.080396 0.699458
vt 0.093363 0.716177
vt 0.106911 0.705488
vt 0.113629 0.713336
vt 0.098791 0.725411
vt 0.245466 0.380615
vt 0.247208 0.397947
vt 0.225888 0.399186
vt 0.224234 0.382644
vt 0.265000 0.375745
vt 0.266789 0.396374
vt 0.257029 0.397627
vt 0.255520 0.378760
vt 0.092045 0.987276
vt 0.095267 0.967439
vt 0.114331 0.971588
vt 0.109639 0.991784
vt 0.203546 0.384852
vt 0.205287 0.402163
vt 0.196583 0.403526
vt 0.194233 0.384726
vt 0.420167 0.683899
vt 0.404643 0.676352
vt 0.413895 0.658253
vt 0.429083 0.665573
vt 0.415788 0.700832
vt 0.397380 0.691587
vt 0.400734 0.683789
vt 0.417684 0.692201
vt 0.333469 0.768511
vt 0.314738 0.775973
vt 0.308487 0.758473
vt 0.328193 0.751661
vt 0.437664 0.647408
vt 0.421890 0.640147
vt 0.424845 0.633413
vt 0.442301 0.640978
vt 0.132190 0.759947
vt 0.154307 0.781207
vt 0.131826 0.796134
vt 0.216804 0.569386
vt 0.269477 0.564106
vt 0.242527 0.560629
vt 0.297880 0.575567
vt 0.188174 0.501548
vt 0.343333 0.573171
vt 0.202338 0.670309
vt 0.141636 0.705258
vt 0.143184 0.679838
vt 0.157945 0.669524
vt 0.082587 0.721734
vt 0.068667 0.737463
vt 0.053789 0.752766
vt 0.042502 0.740919
vt 0.031201 0.728928
vt 0.122374 0.618445
vt 0.128371 0.626778
vt 0.132630 0.634487
vt 0.144915 0.652069
vt 0.139331 0.951693
vt 0.102412 0.926889
vt 0.104820 0.910755
vt 0.273177 0.458982
vt 0.263701 0.459586
vt 0.254218 0.459657
vt 0.187425 0.431626
vt 0.209037 0.446224
vt 0.210635 0.464107
vt 0.232255 0.461632
vt 0.278669 0.749148
vt 0.275674 0.791923
vt 0.260004 0.797794
vt 0.340160 0.667596
vt 0.343329 0.658720
vt 0.347179 0.650943
vt 0.405294 0.611252
vt 0.381624 0.619621
vt 0.365281 0.611858
vt 0.356281 0.631361
vt 0.062435 0.762200
vt 0.181250 0.676695
vt 0.149477 0.907576
vt 0.192895 0.480151
vt 0.233713 0.761232
vt 0.360234 0.588864
vt 0.136482 0.963253
vt 0.132841 0.975834
vt 0.186659 0.418542
vt 0.185613 0.404342
vt 0.290017 0.745433
vt 0.302515 0.741357
vt 0.416929 0.618056
vt 0.429411 0.624848
vt 0.022944 0.719361
vt 0.014056 0.709115
vt 0.130486 0.712225
vt 0.118753 0.720314
vt 0.000000 0.694275
vt 0.102473 0.733497
vt 0.127013 0.995087
vt 0.183315 0.383770
vt 0.321886 0.735547
vt 0.448237 0.633347
vt 0.550530 0.794331
vt 0.580963 0.809720
vt 0.613964 0.818267
vt 0.502269 0.746623
vt 0.523832 0.773082
vt 0.477567 0.683363
vt 0.486510 0.716328
vt 0.480734 0.615476
vt 0.475491 0.649253
vt 0.511265 0.554699
vt 0.492721 0.583447
vt 0.563934 0.511563
vt 0.535268 0.530294
vt 0.629656 0.493686
vt 0.595829 0.499075
vt 0.696918 0.504200
vt 0.663860 0.495316
vt 0.754028 0.541138
vt 0.727469 0.519594
vt 0.791146 0.598066
vt 0.775658 0.567605
vt 0.801891 0.665123
vt 0.800134 0.631020
vt 0.784446 0.730703
vt 0.796702 0.698858
vt 0.741877 0.783473
vt 0.766001 0.759388
vt 0.681602 0.814404
vt 0.713392 0.802167
vt 0.647993 0.819956
vt 0.872946 0.558489
vt 0.865218 0.426823
vt 0.925814 0.543959
vt 0.900961 0.556979
vt 0.968202 0.509183
vt 0.950792 0.531186
vt 0.992780 0.460173
vt 0.985824 0.487354
vt 0.995299 0.405403
vt 1.000000 0.433063
vt 0.975324 0.354343
vt 0.990868 0.377700
vt 0.936307 0.315823
vt 0.960007 0.330838
vt 0.884996 0.296502
vt 0.912754 0.300580
vt 0.830263 0.299722
vt 0.857279 0.292157
vt 0.781571 0.324925
vt 0.803174 0.307026
vt 0.747340 0.367754
vt 0.759794 0.342616
vt 0.733489 0.420804
vt 0.734640 0.392773
vt 0.742412 0.474901
vt 0.732062 0.448825
vt 0.772567 0.520692
vt 0.752505 0.501079
vt 0.818740 0.550258
vt 0.792435 0.540501
vt 0.844947 0.560274
vt 0.638780 0.656976
vt 0.043055 0.012470
vt 0.043302 0.030304
vt 0.021651 0.021685
vt 0.030270 0.000034
vt 0.012436 0.000281
vt 0.000000 0.013066
vt 0.000247 0.030900
vt 0.013032 0.043336
vt 0.030866 0.043089
vt 0.030866 0.043089
vt 0.198200 0.043275
vt 0.185459 0.030794
vt 0.206895 0.021654
vt 0.185275 0.012959
vt 0.197756 0.000218
vt 0.215590 0.000034
vt 0.228332 0.012515
vt 0.228516 0.030349
vt 0.216035 0.043091
vt 0.216035 0.043091
vt 0.853728 0.100159
vt 0.854098 0.099847
vt 0.864660 0.112848
vt 0.864320 0.113187
vt 0.843132 0.086844
vt 0.843506 0.086541
vt 0.832487 0.073431
vt 0.832862 0.073132
vt 0.821832 0.060036
vt 0.822210 0.059737
vt 0.811220 0.046737
vt 0.811606 0.046444
vt 0.800818 0.033551
vt 0.801224 0.033295
vt 0.791453 0.019916
vt 0.791813 0.019704
vt 0.875949 0.125009
vt 0.875664 0.125318
vt 0.824228 0.012832
vt 0.835574 0.026560
vt 0.835131 0.026942
vt 0.823805 0.013235
vt 0.846382 0.040300
vt 0.845929 0.040669
vt 0.857076 0.053889
vt 0.856618 0.054252
vt 0.867840 0.067374
vt 0.867379 0.067732
vt 0.878733 0.080893
vt 0.878264 0.081241
vt 0.889579 0.094761
vt 0.889096 0.095088
vt 0.899661 0.109557
vt 0.899169 0.109871
vt 0.811919 -0.000000
vt 0.811509 0.000416
vt 0.827759 0.099386
vt 0.838758 0.113139
vt 0.837213 0.114482
vt 0.826173 0.100682
vt 0.816970 0.085730
vt 0.815365 0.087001
vt 0.806164 0.072132
vt 0.804544 0.073383
vt 0.795290 0.058428
vt 0.793641 0.059641
vt 0.784529 0.044261
vt 0.782835 0.045404
vt 0.774452 0.029125
vt 0.772732 0.030231
vt 0.850413 0.126809
vt 0.862993 0.139694
vt 0.861553 0.141142
vt 0.848935 0.128218
vt 0.866420 0.090096
vt 0.877013 0.103308
vt 0.876043 0.103939
vt 0.865487 0.090797
vt 0.862655 0.114816
vt 0.851922 0.101651
vt 0.852825 0.100907
vt 0.863485 0.114006
vt 0.841300 0.088287
vt 0.842216 0.087567
vt 0.855706 0.076829
vt 0.854786 0.077539
vt 0.830652 0.074858
vt 0.831570 0.074146
vt 0.845029 0.063459
vt 0.844113 0.064169
vt 0.819985 0.061456
vt 0.820910 0.060748
vt 0.834412 0.050020
vt 0.833495 0.050735
vt 0.809336 0.048125
vt 0.810279 0.047434
vt 0.823856 0.036592
vt 0.822945 0.037326
vt 0.798843 0.034765
vt 0.799826 0.034160
vt 0.813276 0.023351
vt 0.812425 0.024146
vt 0.789094 0.020213
vt 0.790291 0.020063
vt 0.801683 0.010787
vt 0.801288 0.011959
vt 0.874863 0.127610
vt 0.875269 0.126449
vt 0.886693 0.117243
vt 0.885482 0.117380
vt 0.787612 0.021050
vt 0.797329 0.035713
vt 0.807881 0.049219
vt 0.818557 0.062582
vt 0.829235 0.075993
vt 0.839889 0.089436
vt 0.850538 0.102836
vt 0.861404 0.116082
vt 0.873721 0.128876
vt 0.878435 0.102367
vt 0.867792 0.089042
vt 0.857058 0.075756
vt 0.846375 0.062382
vt 0.835756 0.048934
vt 0.825184 0.035478
vt 0.814498 0.022170
vt 0.802736 0.009563
vt 0.888119 0.116482
vt 0.884302 0.117505
vt 0.875067 0.104579
vt 0.864555 0.091505
vt 0.853868 0.078253
vt 0.843198 0.064882
vt 0.832578 0.051454
vt 0.822033 0.038064
vt 0.811564 0.024945
vt 0.800911 0.013108
vt 0.811255 0.025233
vt 0.800674 0.013388
vt 0.821705 0.038333
vt 0.832250 0.051717
vt 0.842870 0.065144
vt 0.853539 0.078516
vt 0.864221 0.091766
vt 0.874718 0.104818
vt 0.883979 0.117676
vn -0.159347 0.400387 0.902385
vn -0.133767 0.479954 0.867035
vn -0.186119 0.463341 0.866415
vn -0.235887 0.358020 0.903426
vn -0.295479 0.951362 0.087189
vn -0.404643 0.906641 0.119441
vn -0.463437 0.866290 0.186463
vn -0.343894 0.922823 0.173592
vn -0.045765 0.996166 0.074553
vn -0.085972 0.992285 0.089328
vn -0.111438 0.993435 0.025844
vn -0.053187 0.998499 0.013103
vn -0.114199 0.986551 0.116948
vn -0.121594 0.980843 0.152192
vn -0.203429 0.975218 0.086987
vn -0.163047 0.985233 0.052262
vn -0.389300 0.500479 0.773283
vn -0.385174 0.632067 0.672407
vn -0.553880 0.585376 0.592074
vn -0.558865 0.501605 0.660350
vn -0.616866 0.520470 0.590412
vn -0.615821 0.552680 0.561524
vn -0.697737 0.499117 0.513853
vn -0.710568 0.505023 0.489943
vn -0.775013 0.572485 0.267612
vn -0.497618 0.817777 0.289168
vn -0.752576 0.623140 0.212900
vn -0.072658 0.980527 0.182450
vn 0.170986 0.970073 0.172401
vn 0.020556 0.987814 0.154274
vn -0.234174 0.963932 0.126483
vn 0.093674 -0.318631 -0.943239
vn 0.000000 -0.318741 -0.947842
vn -0.000000 -0.312703 -0.949851
vn 0.091271 -0.312237 -0.945610
vn 0.290706 -0.198677 -0.935958
vn 0.402424 -0.180756 -0.897431
vn 0.404174 -0.287882 -0.868198
vn 0.275414 -0.314295 -0.908497
vn -0.000053 -0.991041 -0.133554
vn -0.000181 -0.976962 -0.213414
vn 0.084949 -0.973528 -0.212195
vn 0.073751 -0.988661 -0.130810
vn 0.466846 -0.866970 -0.174407
vn 0.410093 -0.903720 -0.122938
vn 0.295837 -0.951165 -0.088119
vn 0.340757 -0.928129 -0.149870
vn 0.155501 -0.987498 -0.025839
vn 0.133229 -0.990957 -0.015946
vn 0.057140 -0.998362 -0.002708
vn 0.061077 -0.998053 -0.012658
vn 0.220625 -0.973244 -0.064192
vn 0.199809 -0.979776 0.010708
vn 0.157874 -0.986637 0.040295
vn 0.169695 -0.985054 -0.029539
vn 0.378333 -0.484738 -0.788602
vn 0.378067 -0.585711 -0.716943
vn 0.161496 -0.598630 -0.784577
vn 0.143941 -0.485959 -0.862047
vn 0.657748 -0.438698 -0.612300
vn 0.655432 -0.466659 -0.593834
vn 0.542567 -0.529503 -0.652110
vn 0.553835 -0.461824 -0.692810
vn 0.969985 -0.179220 -0.164345
vn 0.971133 -0.190104 -0.144091
vn 0.842311 -0.347043 -0.412400
vn 0.832391 -0.346106 -0.432823
vn 0.499640 -0.840507 -0.209545
vn 0.781101 -0.583801 -0.221489
vn 0.736150 -0.645392 -0.203842
vn 0.815167 -0.568160 -0.112681
vn 0.804946 -0.590233 -0.060722
vn 0.314336 -0.948874 -0.028846
vn 0.347930 -0.931633 -0.104902
vn 0.158427 0.947963 -0.276165
vn 0.196423 -0.207339 -0.958347
vn 0.097007 -0.212409 -0.972354
vn 0.078328 0.953272 -0.291782
vn 0.694529 0.717936 -0.046873
vn 0.278672 0.933780 -0.224492
vn 0.958821 0.206711 0.194763
vn 0.417349 -0.334875 -0.844795
vn 0.940946 0.311089 0.133581
vn 0.165253 -0.027570 0.985866
vn 0.110792 -0.991937 0.061535
vn 0.267251 -0.051995 0.962223
vn 0.345777 0.935119 -0.077399
vn 0.979984 -0.014198 -0.198570
vn 0.860917 -0.258668 -0.438080
vn 0.570323 0.790356 0.223761
vn 0.337033 0.937044 -0.091415
vn 0.319307 0.946928 -0.037011
vn 0.985089 0.112593 -0.130088
vn 0.971186 0.126480 -0.201991
vn 0.893040 0.221660 0.391594
vn 0.621351 -0.768755 0.151459
vn 0.568593 -0.818754 -0.079643
vn 0.980697 0.141300 -0.135161
vn 0.836338 0.496760 0.231881
vn 0.756145 0.650057 0.075307
vn 0.394889 -0.066362 0.916329
vn 0.634966 0.024879 0.772140
vn -0.076976 0.449563 0.889926
vn 0.000000 0.448879 0.893592
vn 0.000000 0.347978 0.937503
vn -0.089295 0.347635 0.933368
vn -0.207944 0.964020 0.165604
vn -0.253569 0.904305 0.343417
vn -0.106806 0.929569 0.352836
vn -0.078119 0.982524 0.168948
vn -0.135982 0.394106 0.908950
vn -0.000000 0.388678 0.921374
vn 0.000000 0.484004 0.875066
vn -0.144491 0.495400 0.856564
vn -0.000000 0.997479 0.070957
vn 0.000001 0.032183 0.999482
vn 0.073757 0.012607 0.997197
vn 0.186119 0.463341 0.866415
vn 0.133766 0.479955 0.867035
vn 0.159346 0.400387 0.902385
vn 0.235887 0.358019 0.903427
vn 0.463437 0.866290 0.186463
vn 0.404643 0.906641 0.119441
vn 0.295479 0.951362 0.087189
vn 0.343894 0.922823 0.173592
vn 0.111438 0.993435 0.025844
vn 0.085972 0.992285 0.089329
vn 0.045765 0.996166 0.074553
vn 0.053187 0.998499 0.013103
vn 0.203429 0.975218 0.086987
vn 0.121594 0.980843 0.152193
vn 0.114199 0.986550 0.116948
vn 0.163047 0.985233 0.052262
vn 0.616867 0.520470 0.590412
vn 0.615821 0.552681 0.561523
vn 0.553880 0.585377 0.592074
vn 0.558865 0.501606 0.660350
vn 0.931649 0.294328 0.213076
vn 0.921616 0.294778 0.252447
vn 0.697689 0.499139 0.513898
vn 0.710548 0.505032 0.489963
vn 0.497617 0.817777 0.289168
vn 0.774945 0.572581 0.267603
vn 0.752538 0.623188 0.212893
vn -0.020562 0.987814 0.154273
vn -0.170991 0.970072 0.172400
vn 0.072658 0.980527 0.182450
vn 0.234172 0.963932 0.126483
vn -0.093674 -0.318631 -0.943239
vn -0.091271 -0.312237 -0.945610
vn -0.404174 -0.287882 -0.868198
vn -0.402424 -0.180756 -0.897431
vn -0.290706 -0.198677 -0.935958
vn -0.275414 -0.314295 -0.908497
vn -0.085151 -0.973153 -0.213829
vn -0.073875 -0.988614 -0.131094
vn -0.295837 -0.951165 -0.088119
vn -0.410093 -0.903720 -0.122938
vn -0.466846 -0.866970 -0.174408
vn -0.340727 -0.928125 -0.149966
vn 0.000000 -0.999945 -0.010495
vn 0.000000 -1.000000 -0.000208
vn -0.057140 -0.998363 -0.002708
vn -0.061077 -0.998053 -0.012659
vn -0.157875 -0.986637 0.040295
vn -0.199810 -0.979776 0.010708
vn -0.220624 -0.973244 -0.064192
vn -0.169695 -0.985054 -0.029540
vn -0.000150 -0.475154 -0.879903
vn -0.000481 -0.587214 -0.809432
vn -0.160685 -0.601308 -0.782694
vn -0.144114 -0.486691 -0.861605
vn -0.378032 -0.485459 -0.788303
vn -0.375751 -0.588376 -0.715978
vn -0.541745 -0.530488 -0.651993
vn -0.553698 -0.462072 -0.692754
vn -0.657749 -0.438697 -0.612300
vn -0.655432 -0.466659 -0.593834
vn -0.842337 -0.347023 -0.412364
vn -0.832403 -0.346098 -0.432807
vn -0.781161 -0.583719 -0.221493
vn -0.499640 -0.840506 -0.209546
vn -0.736187 -0.645348 -0.203849
vn -0.314337 -0.948873 -0.028846
vn -0.804945 -0.590234 -0.060721
vn -0.815168 -0.568159 -0.112680
vn -0.347927 -0.931634 -0.104901
vn -0.097007 -0.212410 -0.972354
vn -0.196423 -0.207340 -0.958347
vn -0.158429 0.947960 -0.276173
vn -0.078330 0.953271 -0.291785
vn -0.694532 0.717933 -0.046875
vn -0.278673 0.933778 -0.224501
vn -0.417349 -0.334875 -0.844795
vn -0.958821 0.206711 0.194763
vn -0.940946 0.311089 0.133579
vn -0.110792 -0.991937 0.061535
vn -0.165251 -0.027560 0.985866
vn -0.267251 -0.051983 0.962224
vn -0.860918 -0.258666 -0.438077
vn -0.979981 -0.014213 -0.198582
vn -0.345753 0.935128 -0.077404
vn -0.570321 0.790357 0.223762
vn -0.598619 -0.789072 -0.137916
vn -0.619657 -0.780306 -0.084545
vn -0.985407 0.109910 -0.129969
vn -0.971413 0.124877 -0.201897
vn -0.566804 -0.819991 -0.079680
vn -0.620324 -0.769641 0.151163
vn -0.893276 0.220750 0.391570
vn -0.980925 0.139486 -0.135392
vn -0.836342 0.496754 0.231881
vn -0.756144 0.650058 0.075307
vn -0.394890 -0.066358 0.916329
vn -0.634969 0.024883 0.772137
vn 0.076976 0.449564 0.889925
vn 0.089295 0.347636 0.933368
vn 0.000000 0.984877 0.173255
vn -0.000000 0.935344 0.353739
vn 0.106806 0.929569 0.352836
vn 0.078119 0.982524 0.168948
vn 0.135982 0.394106 0.908950
vn 0.144491 0.495400 0.856564
vn -0.073756 0.012610 0.997197
vn 0.962633 -0.215916 -0.163457
vn 0.928844 -0.039573 -0.368351
vn 0.895440 -0.149122 -0.419464
vn 0.907000 -0.382767 -0.175614
vn 0.742106 -0.648129 -0.170900
vn 0.809072 -0.359303 -0.465085
vn 0.617537 -0.627553 -0.474157
vn 0.494543 -0.857511 -0.141781
vn 0.134874 0.990863 0.000081
vn 0.160526 0.985850 0.048273
vn 0.375475 0.923051 0.083637
vn 0.359578 0.932526 0.033137
vn 0.677042 0.732793 0.068038
vn 0.679525 0.723833 0.119634
vn 0.905111 0.402938 0.135702
vn 0.899080 0.428154 0.091318
vn -0.275138 -0.961164 0.021524
vn -0.274183 -0.960285 -0.051738
vn -0.462437 -0.883542 -0.074194
vn -0.475549 -0.879658 0.007377
vn -0.722557 -0.690517 -0.033126
vn -0.700617 -0.704256 -0.114717
vn -0.920863 -0.354703 -0.161856
vn -0.937157 -0.336686 -0.091543
vn -0.931680 0.294284 0.213000
vn -0.921676 0.294702 0.252318
vn -0.980513 0.161195 0.112297
vn -0.983720 0.161866 0.078068
vn -0.971420 0.058931 0.229935
vn -0.977996 0.073532 0.195236
vn -0.973896 0.088995 0.208821
vn -0.968388 0.081365 0.235807
vn -0.134581 0.990903 -0.000029
vn -0.160037 0.985937 0.048135
vn -0.018918 0.999648 0.018622
vn 0.005127 0.999670 -0.025159
vn 0.177953 0.933394 0.311624
vn 0.400257 0.896232 0.191211
vn 0.346116 0.938187 -0.002986
vn 0.033409 0.998478 0.043878
vn 0.980986 -0.138979 -0.135465
vn 0.979305 -0.165880 -0.115955
vn 0.977528 -0.173911 -0.119143
vn 0.978911 -0.153784 -0.134480
vn 0.969782 -0.104307 -0.220554
vn 0.973236 -0.087670 -0.212427
vn 0.980975 -0.077815 -0.177857
vn 0.975867 -0.103040 -0.192529
vn 0.600353 -0.787645 -0.138535
vn 0.622636 -0.777859 -0.085210
vn 0.288643 -0.956158 -0.049473
vn 0.274219 -0.957124 -0.093368
vn 0.398369 -0.858380 0.323244
vn 0.254860 -0.966971 -0.003570
vn -0.001026 0.523867 -0.851800
vn 0.955844 0.001333 -0.293873
vn 0.971228 -0.014792 -0.237691
vn 0.071234 0.722961 -0.687207
vn 0.635626 0.634123 0.440304
vn 0.939163 -0.319200 -0.126823
vn 0.994851 -0.081900 -0.059698
vn 0.327019 0.163068 0.930842
vn 0.783657 0.213168 -0.583473
vn 0.606645 -0.718903 -0.339353
vn 0.378681 -0.841154 -0.386084
vn 0.447523 0.276646 -0.850406
vn 0.401228 0.226858 0.887441
vn 0.388856 -0.830004 0.399856
vn 0.533354 0.187099 0.824941
vn 0.989920 0.127133 0.062412
vn 0.986763 0.128953 0.098333
vn 0.980511 0.161202 0.112303
vn 0.983721 0.161867 0.078055
vn 0.973896 0.088991 0.208825
vn 0.977994 0.073512 0.195253
vn 0.971416 0.058918 0.229956
vn 0.968386 0.081364 0.235815
vn -0.337031 0.937045 -0.091417
vn -0.319308 0.946928 -0.037012
vn 0.019034 0.999645 0.018654
vn -0.005053 0.999671 -0.025133
vn -0.346116 0.938187 -0.002988
vn -0.400258 0.896233 0.191209
vn -0.177911 0.933406 0.311610
vn -0.033334 0.998481 0.043869
vn -0.969988 -0.179217 -0.164331
vn -0.971136 -0.190097 -0.144075
vn -0.977526 -0.173914 -0.119152
vn -0.978908 -0.153791 -0.134491
vn -0.980980 -0.077844 -0.177818
vn -0.973238 -0.087703 -0.212404
vn -0.969782 -0.104319 -0.220547
vn -0.975867 -0.103053 -0.192520
vn -0.292552 -0.950297 -0.106529
vn -0.296168 -0.953320 -0.058873
vn -0.287775 -0.956435 -0.049177
vn -0.273739 -0.957290 -0.093071
vn -0.397995 -0.858700 0.322854
vn -0.254480 -0.967071 -0.003717
vn -0.971221 -0.014821 -0.237717
vn -0.955840 0.001304 -0.293884
vn 0.000875 0.523845 -0.851813
vn -0.071292 0.722938 -0.687225
vn -0.994851 -0.081920 -0.059673
vn -0.939165 -0.319193 -0.126827
vn -0.635573 0.634154 0.440336
vn -0.326771 0.163074 0.930928
vn -0.378151 -0.841675 -0.385466
vn -0.605650 -0.720028 -0.338743
vn -0.783847 0.212294 -0.583537
vn -0.447668 0.275857 -0.850586
vn -0.388410 -0.830476 0.399308
vn -0.401272 0.226575 0.887493
vn -0.533477 0.186608 0.824973
vn 0.981374 -0.141799 -0.129611
vn 0.970542 -0.156019 -0.183594
vn 0.920178 -0.356930 -0.160855
vn 0.936787 -0.337930 -0.090740
vn 0.721813 -0.691362 -0.031707
vn 0.699208 -0.705942 -0.112933
vn 0.462504 -0.883610 -0.072962
vn 0.475736 -0.879548 0.008383
vn 0.095769 0.022959 0.995139
vn 0.976927 -0.112694 0.181423
vn 0.919554 -0.259534 0.295063
vn 0.141481 0.070617 0.987419
vn 0.286313 0.139427 0.947937
vn 0.753138 -0.530653 0.388832
vn 0.564936 -0.709774 0.420795
vn 0.357500 0.197195 0.912857
vn 0.361181 0.391068 -0.846531
vn 0.406890 -0.801321 -0.438549
vn 0.347095 0.461740 -0.816285
vn 0.303548 0.496439 -0.813270
vn 0.247147 0.506329 -0.826165
vn -0.035620 0.966026 -0.255979
vn -0.237281 0.939408 -0.247408
vn -0.358813 0.932831 0.032849
vn -0.676176 0.733630 0.067628
vn -0.542665 0.806353 -0.235181
vn -0.796592 0.571378 -0.197406
vn -0.898878 0.428631 0.091068
vn -0.104286 0.992543 0.063107
vn -0.148998 0.988823 0.005319
vn -0.366479 0.930126 0.023642
vn -0.336610 0.936596 0.097372
vn -0.658256 0.737220 0.152333
vn -0.669668 0.739272 0.070860
vn -0.924110 0.360096 0.127872
vn -0.916896 0.346651 0.197825
vn 0.969186 0.128348 0.210249
vn 0.976516 0.146604 0.157870
vn 0.924315 0.359652 0.127644
vn 0.917052 0.346404 0.197534
vn 0.659170 0.736477 0.151977
vn 0.671095 0.737997 0.070657
vn 0.367709 0.929642 0.023556
vn 0.337392 0.936332 0.097205
vn -0.361377 0.390415 -0.846748
vn 0.035759 0.966039 -0.255909
vn 0.237669 0.939361 -0.247214
vn -0.347297 0.461498 -0.816336
vn -0.303606 0.496473 -0.813227
vn 0.543228 0.806078 -0.234822
vn 0.796829 0.571151 -0.197106
vn -0.247066 0.506456 -0.826112
vn -0.406342 -0.802074 -0.437680
vn -0.617502 -0.628202 -0.473343
vn -0.494453 -0.857693 -0.140990
vn -0.742687 -0.647685 -0.170060
vn -0.809400 -0.359402 -0.464436
vn -0.895665 -0.148909 -0.419059
vn -0.907431 -0.382015 -0.175025
vn -0.095073 0.023094 0.995202
vn 0.874309 0.118175 0.470764
vn 0.786168 0.330473 0.522233
vn -0.140815 0.070897 0.987494
vn -0.285974 0.139786 0.947987
vn 0.482306 0.691888 0.537282
vn 0.177738 0.875062 0.450196
vn -0.357434 0.197333 0.912853
vn 0.377690 -0.335790 -0.862900
vn 0.499210 -0.347767 -0.793629
vn 0.539428 -0.335601 -0.772263
vn 0.416790 -0.330124 -0.846938
vn 0.449656 -0.326940 -0.831216
vn 0.572373 -0.326548 -0.752167
vn 0.599924 -0.318500 -0.733927
vn 0.477837 -0.324049 -0.816495
vn 0.479914 0.330598 0.812642
vn 0.341244 0.321483 0.883290
vn 0.322649 0.319756 0.890873
vn 0.453787 0.333963 0.826163
vn 0.423925 0.337142 0.840609
vn 0.302343 0.317562 0.898745
vn 0.279812 0.315243 0.906823
vn 0.388965 0.340660 0.855954
vn -0.377690 -0.335790 -0.862900
vn -0.253093 -0.311622 -0.915880
vn -0.277287 -0.313006 -0.908372
vn -0.416790 -0.330124 -0.846938
vn -0.449655 -0.326939 -0.831216
vn -0.298692 -0.315715 -0.900615
vn -0.318389 -0.318247 -0.892943
vn -0.477837 -0.324049 -0.816495
vn -0.358156 0.341022 0.869154
vn -0.375363 0.398545 0.836818
vn -0.536512 0.418378 0.732881
vn -0.507352 0.352469 0.786358
vn -0.226821 0.315848 0.921299
vn -0.254450 0.313403 0.914896
vn -0.347840 0.344989 0.871774
vn -0.302709 0.347096 0.887633
vn 0.133675 -0.390315 -0.910925
vn -0.000000 -0.384525 -0.923114
vn -0.000000 -0.337982 -0.941153
vn 0.127501 -0.339737 -0.931838
vn 0.544710 -0.386301 -0.744354
vn 0.367309 -0.391444 -0.843715
vn 0.352230 -0.337605 -0.872902
vn 0.525379 -0.333856 -0.782635
vn 0.253093 -0.311622 -0.915880
vn 0.226123 -0.314809 -0.921826
vn 0.334061 -0.339563 -0.879261
vn 0.104582 -0.302457 -0.947408
vn 0.000000 -0.302208 -0.953242
vn 0.000000 -0.304435 -0.952533
vn 0.099204 -0.304856 -0.947218
vn 0.768776 0.534453 0.351202
vn 0.667006 -0.364783 -0.649644
vn 0.639364 -0.319725 -0.699278
vn 0.845092 0.339873 0.412680
vn 0.942710 0.200110 0.266935
vn 0.454472 -0.351330 -0.818549
vn 0.952482 0.195559 0.233529
vn -0.125708 0.320972 0.938709
vn 0.000000 0.319935 0.947440
vn -0.000000 0.338982 0.940793
vn -0.130309 0.340919 0.931018
vn -0.094582 0.318910 0.943054
vn -0.000000 0.318896 0.947790
vn -0.000000 0.304708 0.952446
vn -0.100326 0.305342 0.946943
vn 0.536512 0.418377 0.732881
vn 0.375363 0.398545 0.836818
vn 0.358157 0.341021 0.869154
vn 0.507353 0.352468 0.786358
vn 0.347840 0.344989 0.871774
vn 0.254450 0.313403 0.914895
vn 0.226822 0.315848 0.921299
vn 0.302709 0.347096 0.887633
vn -0.133675 -0.390315 -0.910925
vn -0.127501 -0.339737 -0.931838
vn -0.352230 -0.337604 -0.872902
vn -0.367309 -0.391444 -0.843716
vn -0.544710 -0.386301 -0.744354
vn -0.525379 -0.333856 -0.782635
vn -0.226123 -0.314809 -0.921826
vn -0.334061 -0.339563 -0.879261
vn -0.104582 -0.302456 -0.947408
vn -0.099204 -0.304856 -0.947218
vn -0.639364 -0.319724 -0.699278
vn -0.667006 -0.364782 -0.649644
vn -0.768777 0.534452 0.351202
vn -0.845094 0.339872 0.412679
vn -0.454472 -0.351330 -0.818549
vn -0.499210 -0.347767 -0.793629
vn -0.942710 0.200110 0.266936
vn -0.952482 0.195558 0.233529
vn 0.125708 0.320972 0.938709
vn 0.130309 0.340919 0.931017
vn 0.094582 0.318910 0.943054
vn 0.100326 0.305341 0.946943
vn 0.881612 0.241267 0.405648
vn 0.623617 -0.309674 -0.717777
vn 0.905097 0.225503 0.360483
vn 0.924113 0.211905 0.317980
vn 0.935338 0.204828 0.288423
vn 0.277287 -0.313005 -0.908372
vn 0.108803 -0.307353 -0.945355
vn 0.113044 -0.311699 -0.943432
vn 0.298692 -0.315715 -0.900615
vn 0.318389 -0.318248 -0.892943
vn 0.117946 -0.315836 -0.941454
vn -0.341244 0.321483 0.883290
vn -0.322649 0.319756 0.890873
vn -0.120573 0.316285 0.940971
vn -0.115432 0.312294 0.942947
vn -0.302343 0.317562 0.898745
vn -0.279812 0.315243 0.906823
vn -0.110766 0.308083 0.944889
vn -0.388965 0.340660 0.855954
vn -0.423925 0.337142 0.840609
vn -0.453787 0.333963 0.826163
vn 0.000000 0.314942 0.949111
vn 0.120573 0.316285 0.940971
vn 0.115432 0.312294 0.942947
vn 0.000000 0.311503 0.950245
vn 0.000000 0.307807 0.951449
vn 0.110767 0.308083 0.944889
vn 0.000000 -0.307471 -0.951558
vn -0.108803 -0.307353 -0.945355
vn -0.113044 -0.311699 -0.943432
vn 0.000000 -0.311205 -0.950343
vn -0.000000 -0.314693 -0.949194
vn -0.117947 -0.315836 -0.941454
vn -0.881614 0.241265 0.405645
vn 0.451458 0.368719 0.812547
vn 0.421859 0.375647 0.825181
vn -0.905098 0.225500 0.360483
vn -0.924114 0.211903 0.317980
vn 0.387284 0.383026 0.838632
vn 0.346901 0.391057 0.852487
vn -0.935339 0.204827 0.288423
vn 0.351604 -0.931597 -0.092206
vn 0.284866 -0.955151 -0.080859
vn 0.209099 -0.976912 -0.043833
vn 0.253858 -0.965699 -0.054602
vn 0.898382 -0.424505 -0.112719
vn 0.852575 -0.507149 -0.126160
vn 0.446654 -0.886198 -0.123102
vn 0.570866 -0.809392 -0.137829
vn -0.429530 0.876655 0.216750
vn -0.127250 0.979932 0.153429
vn 0.708758 0.702231 0.067340
vn 0.678781 0.724171 0.121788
vn -0.346649 0.933522 0.091496
vn -0.277098 0.957458 0.080569
vn -0.356295 0.926240 0.123015
vn -0.528716 0.836007 0.146804
vn -0.156642 0.987306 0.026279
vn -0.133733 0.990882 0.016357
vn -0.208196 0.977089 0.044186
vn -0.254014 0.965651 0.054733
vn 0.000000 0.999937 0.011240
vn 0.000000 1.000000 0.000453
vn -0.057556 0.998338 0.002999
vn -0.061807 0.998000 0.013244
vn 0.156642 0.987306 0.026279
vn 0.133733 0.990882 0.016357
vn 0.057556 0.998338 0.002999
vn 0.061807 0.998000 0.013244
vn 0.346649 0.933522 0.091496
vn 0.277098 0.957458 0.080569
vn 0.208196 0.977089 0.044186
vn 0.254014 0.965651 0.054733
vn 0.429524 0.876658 0.216747
vn 0.127240 0.979933 0.153429
vn 0.356294 0.926241 0.123015
vn 0.528711 0.836010 0.146803
vn -0.898382 -0.424505 -0.112721
vn -0.852574 -0.507151 -0.126160
vn -0.708758 0.702231 0.067341
vn -0.678773 0.724178 0.121792
vn -0.351603 -0.931597 -0.092206
vn -0.284865 -0.955151 -0.080859
vn -0.446650 -0.886200 -0.123102
vn -0.570866 -0.809391 -0.137831
vn -0.155501 -0.987498 -0.025839
vn -0.133229 -0.990957 -0.015946
vn -0.209099 -0.976912 -0.043833
vn -0.253858 -0.965699 -0.054602
vn 0.114398 -0.993427 -0.003925
vn 0.056248 -0.995927 0.070466
vn 0.054231 -0.998497 0.007918
vn -0.056248 -0.995927 0.070466
vn -0.114398 -0.993427 -0.003926
vn -0.054231 -0.998497 0.007918
vn -0.000000 0.871062 0.491173
vn -0.000000 0.819667 0.572841
vn 0.160590 0.812807 0.559961
vn 0.141047 0.859137 0.491924
vn 0.500063 0.761443 0.412483
vn 0.393974 0.861500 0.320315
vn 0.427870 0.778539 0.459135
vn 0.523572 0.674857 0.520039
vn 0.640373 0.619173 0.454475
vn 0.708988 0.621780 0.332754
vn 0.974572 0.147273 0.168878
vn 0.982197 0.114853 0.148652
vn 0.978987 0.091258 0.182366
vn 0.973631 0.112955 0.198199
vn 0.973395 0.170248 0.153356
vn 0.970875 0.192677 0.142399
vn 0.907173 0.399483 0.132102
vn 0.915254 0.381918 0.128256
vn 0.663576 0.743923 0.079032
vn 0.660465 0.744177 0.099937
vn 0.383294 0.921538 0.062081
vn 0.379942 0.924300 0.036244
vn -0.296021 0.953846 -0.050490
vn -0.313387 0.947945 -0.056472
vn 0.006387 0.999980 -0.000310
vn 0.036794 0.999288 0.008357
vn -0.608661 -0.780103 -0.144814
vn -0.574879 -0.804393 -0.149887
vn -0.967254 0.120395 -0.223438
vn -0.971184 0.117333 -0.207446
vn -0.304710 -0.950683 -0.057909
vn -0.257688 -0.963961 -0.066156
vn -0.293670 -0.953342 -0.069969
vn -0.322172 -0.944649 -0.061999
vn -0.481552 -0.872347 -0.084373
vn -0.475538 -0.876180 -0.078563
vn -0.696776 -0.708125 -0.114292
vn -0.694572 -0.710302 -0.114199
vn -0.906100 -0.398134 -0.143080
vn -0.913710 -0.375257 -0.155939
vn -0.973922 -0.106720 -0.200216
vn -0.976851 -0.136636 -0.164596
vn -0.975627 -0.137546 -0.170975
vn -0.971542 -0.113560 -0.207873
vn -0.826677 -0.460754 -0.322971
vn -0.584787 -0.658216 -0.474106
vn -0.529900 -0.797190 -0.289298
vn -0.800162 -0.551923 -0.234781
vn -0.270984 -0.897916 -0.346864
vn -0.229882 -0.949890 -0.211810
vn -0.375420 -0.903061 -0.208665
vn -0.410371 -0.852494 -0.323807
vn -0.165268 -0.810356 -0.562147
vn 0.000873 -0.813765 -0.581193
vn -0.000098 -0.935103 -0.354376
vn -0.118188 -0.927680 -0.354177
vn 0.170177 -0.809568 -0.561818
vn 0.119800 -0.928607 -0.351195
vn 0.529901 -0.797190 -0.289298
vn 0.375689 -0.903074 -0.208122
vn 0.411475 -0.852393 -0.322668
vn 0.584787 -0.658215 -0.474106
vn 0.826628 -0.460819 -0.323003
vn 0.800092 -0.552022 -0.234788
vn 0.975630 -0.137530 -0.170975
vn 0.976855 -0.136613 -0.164597
vn 0.973923 -0.106686 -0.200232
vn 0.971542 -0.113544 -0.207879
vn 0.968254 -0.178500 -0.174989
vn 0.966321 -0.206715 -0.153273
vn 0.904716 -0.401306 -0.142980
vn 0.912554 -0.378384 -0.155147
vn 0.694478 -0.710606 -0.112871
vn 0.692015 -0.712841 -0.113899
vn 0.480851 -0.872742 -0.084281
vn 0.475143 -0.876480 -0.077606
vn 0.613361 -0.776274 -0.145557
vn 0.578016 -0.802064 -0.150299
vn 0.258416 -0.963766 -0.066156
vn 0.295170 -0.952870 -0.070099
vn 0.296019 0.953847 -0.050491
vn 0.313386 0.947945 -0.056473
vn 0.966950 0.123398 -0.223115
vn 0.970728 0.121577 -0.207136
vn -0.176758 0.984106 0.017100
vn -0.006270 0.999980 -0.000310
vn -0.036624 0.999294 0.008341
vn -0.187807 0.981538 0.036206
vn -0.381368 0.922354 0.061814
vn -0.378218 0.925009 0.036178
vn -0.661511 0.745761 0.079015
vn -0.658119 0.746294 0.099618
vn -0.906741 0.400483 0.132043
vn -0.914923 0.382663 0.128398
vn -0.978987 0.091277 0.182355
vn -0.982196 0.114865 0.148652
vn -0.974580 0.147243 0.168860
vn -0.973634 0.112944 0.198194
vn -0.640478 0.619098 0.454428
vn -0.523572 0.674857 0.520039
vn -0.500063 0.761442 0.412483
vn -0.709099 0.621659 0.332745
vn -0.295008 0.822897 0.485603
vn -0.393974 0.861500 0.320315
vn -0.427870 0.778539 0.459135
vn -0.160590 0.812807 0.559960
vn -0.141047 0.859137 0.491923
vn 0.974798 -0.101339 -0.198745
vn 0.983656 -0.089758 -0.156090
vn -0.892839 0.062000 0.446088
vn -0.905362 0.050915 0.421577
vn 0.212966 0.009220 0.977016
vn 0.160276 0.011672 0.987003
vn -0.969177 0.128348 0.210291
vn -0.976509 0.146609 0.157913
vn -0.979909 0.089311 0.178332
vn -0.972908 0.071619 0.219820
vn -0.973383 0.170277 0.153398
vn -0.970862 0.192747 0.142394
vn -0.980166 0.133757 0.146234
vn -0.979295 0.110594 0.169556
vn -0.989916 0.127138 0.062462
vn -0.986760 0.128961 0.098359
vn -0.983110 0.142441 0.114918
vn -0.986312 0.143483 0.081253
vn 0.161314 0.510801 -0.844429
vn 0.946475 0.001360 -0.322776
vn 0.067311 0.514802 -0.854663
vn 0.962689 -0.237352 -0.129979
vn 0.976507 -0.177200 -0.122618
vn 0.977450 -0.150833 -0.147788
vn 0.975858 -0.150574 -0.158205
vn 0.974599 -0.121969 -0.187832
vn 0.979907 0.089296 0.178350
vn 0.972904 0.071609 0.219842
vn -0.993255 -0.072866 0.090198
vn -0.997632 -0.065188 0.021919
vn -0.212455 0.009242 0.977127
vn -0.159599 0.011727 0.987112
vn -0.981413 -0.141385 -0.129766
vn -0.970621 -0.155262 -0.183818
vn -0.974809 -0.101236 -0.198744
vn -0.983666 -0.089714 -0.156054
vn -0.968424 -0.177422 -0.175149
vn -0.966577 -0.205551 -0.153228
vn -0.975891 -0.150389 -0.158180
vn -0.974619 -0.121813 -0.187828
vn -0.980980 -0.138994 -0.135493
vn -0.979301 -0.165889 -0.115978
vn -0.976542 -0.177037 -0.122570
vn -0.977473 -0.150726 -0.147746
vn -0.946488 0.001406 -0.322736
vn -0.928930 -0.039375 -0.368157
vn -0.161239 0.510897 -0.844385
vn -0.067377 0.514823 -0.854645
vn 0.970620 0.221080 0.094981
vn 0.970245 0.204622 0.129437
vn 0.983110 0.142438 0.114918
vn 0.986313 0.143486 0.081228
vn 0.980166 0.133753 0.146237
vn 0.979295 0.110584 0.169563
vn 0.000070 -0.688325 -0.725402
vn 0.179215 -0.693467 -0.697843
vn -0.175474 -0.696573 -0.695698
vn -0.461635 -0.723993 -0.512569
vn -0.629796 -0.520274 -0.576777
vn -0.507740 -0.604002 -0.614314
vn -0.971647 -0.159386 -0.174638
vn -0.973768 -0.173672 -0.147018
vn -0.846403 -0.362577 -0.390051
vn -0.978327 -0.161033 -0.130168
vn -0.977386 -0.163920 -0.133595
vn -0.964666 -0.226047 -0.135358
vn -0.976225 -0.171789 -0.132185
vn -0.699979 -0.704915 -0.114563
vn -0.710104 -0.694587 -0.115332
vn -0.900418 -0.414936 -0.130676
vn -0.902504 -0.409457 -0.133538
vn -0.315973 -0.946774 -0.061483
vn -0.475852 -0.875125 -0.087871
vn -0.480105 -0.872835 -0.087519
vn -0.315970 -0.946575 -0.064487
vn -0.632963 -0.765071 -0.118427
vn -0.637438 -0.764684 -0.094508
vn -0.313073 -0.948115 -0.055343
vn -0.978951 0.115550 -0.168234
vn -0.983925 0.112000 -0.139094
vn -0.301713 0.952691 -0.036735
vn -0.286483 0.957191 -0.041404
vn 0.051755 0.998501 0.017831
vn 0.041175 0.998941 0.020531
vn 0.179066 0.982699 0.047313
vn 0.188579 0.981386 0.036321
vn 0.380417 0.921401 0.079389
vn 0.667712 0.735524 0.114741
vn 0.905076 0.403274 0.134937
vn 0.969886 0.204015 0.133040
vn 0.981278 0.146720 0.124768
vn 0.984596 0.131746 0.114952
vn 0.977011 0.164989 0.135010
vn 0.908514 0.315241 0.274274
vn 0.913051 0.312230 0.262394
vn 0.654866 0.544784 0.523795
vn 0.573159 0.603614 0.554201
vn 0.465076 0.711033 0.527386
vn 0.513758 0.658786 0.549594
vn 0.000000 0.750294 0.661104
vn 0.000000 0.624085 0.781357
vn 0.154292 0.639763 0.752926
vn 0.161535 0.757931 0.632018
vn -0.359420 0.730805 0.580294
vn -0.154292 0.639763 0.752926
vn -0.161535 0.757931 0.632018
vn -0.465076 0.711033 0.527386
vn -0.573159 0.603614 0.554201
vn -0.513758 0.658786 0.549595
vn -0.913129 0.312070 0.262313
vn -0.908599 0.315119 0.274130
vn -0.654948 0.544744 0.523734
vn -0.984594 0.131751 0.114966
vn -0.977018 0.164968 0.134986
vn -0.969876 0.204096 0.132984
vn -0.981278 0.146721 0.124763
vn -0.665639 0.737472 0.114276
vn -0.678074 0.725265 0.119190
vn -0.904820 0.403670 0.135470
vn -0.904677 0.404233 0.134740
vn -0.178386 0.982830 0.047165
vn -0.374205 0.923598 0.083289
vn -0.378680 0.922148 0.079019
vn -0.051565 0.998511 0.017799
vn 0.286477 0.957192 -0.041403
vn 0.301710 0.952692 -0.036734
vn -0.041012 0.998948 0.020496
vn 0.978422 0.120123 -0.168110
vn 0.638130 -0.760626 -0.119327
vn 0.641771 -0.760947 -0.095342
vn 0.983469 0.115872 -0.139148
vn 0.317866 -0.945916 -0.064832
vn 0.314645 -0.947571 -0.055751
vn 0.697884 -0.706901 -0.115103
vn 0.708818 -0.695758 -0.116181
vn 0.475687 -0.875133 -0.088684
vn 0.479568 -0.873071 -0.088104
vn 0.964395 -0.227077 -0.135568
vn 0.899580 -0.416560 -0.131278
vn 0.901285 -0.411992 -0.133971
vn 0.976186 -0.171977 -0.132227
vn 0.978331 -0.161024 -0.130152
vn 0.977388 -0.163912 -0.133586
vn 0.973766 -0.173675 -0.147024
vn 0.971644 -0.159398 -0.174641
vn 0.846367 -0.362611 -0.390097
vn 0.629796 -0.520274 -0.576777
vn 0.463751 -0.723091 -0.511932
vn 0.509539 -0.602544 -0.614257
vn -0.154134 0.454350 0.877388
vn -0.184159 0.349384 0.918704
vn -0.202381 0.324352 0.924034
vn -0.263301 0.343932 0.901323
vn -0.194944 0.387553 0.900999
vn -0.177760 0.982071 0.062757
vn -0.000000 0.999945 0.010519
vn -0.539370 0.491794 0.683534
vn -0.887221 0.440272 0.137840
vn -0.604423 0.619656 0.500699
vn -0.665657 0.725371 0.175322
vn -0.858668 0.412733 0.303876
vn -0.953095 0.196481 0.230230
vn -0.959331 0.169643 0.225624
vn 0.000000 -0.214117 -0.976808
vn 0.188934 -0.312854 -0.930820
vn 0.201900 -0.323763 -0.924345
vn 0.295924 -0.336913 -0.893823
vn 0.230306 -0.950153 -0.210163
vn 0.203346 -0.970049 -0.132874
vn 0.177058 -0.982250 -0.061925
vn 0.065800 -0.996438 -0.052747
vn 0.000000 -0.998608 -0.052740
vn 0.955571 -0.195259 -0.220812
vn 0.947452 -0.245325 -0.205305
vn 0.663138 -0.729962 -0.165540
vn -0.000001 0.954908 -0.296901
vn 0.360058 0.891691 -0.274309
vn 0.000000 0.998443 0.055782
vn -0.066367 0.996278 0.055009
vn -0.000000 -0.997406 0.071978
vn 0.194943 0.387553 0.900999
vn 0.263301 0.343931 0.901323
vn 0.202381 0.324352 0.924034
vn 0.184160 0.349384 0.918703
vn 0.154135 0.454350 0.877387
vn 0.177760 0.982071 0.062757
vn 0.207944 0.964020 0.165604
vn 0.253568 0.904305 0.343416
vn 0.385174 0.632068 0.672407
vn 0.389300 0.500479 0.773283
vn 0.539371 0.491793 0.683534
vn 0.604418 0.619657 0.500705
vn 0.887203 0.440295 0.137881
vn 0.959324 0.169688 0.225620
vn 0.953089 0.196510 0.230228
vn 0.858660 0.412752 0.303874
vn 0.665638 0.725389 0.175317
vn -0.201900 -0.323763 -0.924345
vn -0.188934 -0.312854 -0.930820
vn -0.295924 -0.336913 -0.893823
vn -0.065800 -0.996438 -0.052747
vn -0.177058 -0.982250 -0.061925
vn -0.203342 -0.970009 -0.133173
vn -0.663155 -0.729945 -0.165546
vn -0.947460 -0.245292 -0.205311
vn -0.955581 -0.195211 -0.220813
vn -0.360057 0.891690 -0.274314
vn 0.066367 0.996278 0.055009
vn 0.293150 -0.950061 -0.106992
vn 0.297027 -0.953022 -0.059370
vn 0.922783 0.356911 -0.145208
vn -0.753604 -0.530346 0.388349
vn -0.564913 -0.710089 0.420295
vn -0.976930 -0.112496 0.181527
vn -0.919779 -0.258972 0.294855
vn -0.969086 0.212095 -0.126051
vn -0.963567 0.258683 -0.067983
vn -0.922101 0.096625 0.374692
vn 0.106835 0.956400 -0.271817
vn 0.032075 0.933269 0.357744
vn 0.997636 -0.065164 0.021806
vn 0.275742 -0.960983 0.021864
vn 0.275116 -0.960035 -0.051422
vn 0.963562 0.258697 -0.068005
vn 0.969072 0.212111 -0.126130
vn 0.905374 0.050917 0.421551
vn 0.922102 0.096629 0.374689
vn -0.106798 0.956409 -0.271802
vn -0.031907 0.933298 0.357682
vn 0.104588 0.992515 0.063055
vn 0.149480 0.988751 0.005297
vn -0.481543 0.692057 0.537748
vn -0.785883 0.330513 0.522637
vn -0.874245 0.118144 0.470890
vn -0.177250 0.875058 0.450395
vn -0.922773 0.356915 -0.145269
vn -0.970616 0.221120 0.094920
vn -0.970241 0.204691 0.129364
vn -0.962781 -0.215455 -0.163194
vn -0.962918 -0.236565 -0.129719
vn 0.502361 -0.319592 -0.803427
vn 0.336498 -0.319511 -0.885823
vn 0.299014 0.399839 0.866441
vn -0.572372 -0.326548 -0.752168
vn -0.539427 -0.335602 -0.772263
vn -0.336498 -0.319511 -0.885823
vn -0.502361 -0.319592 -0.803427
vn -0.623617 -0.309674 -0.717777
vn -0.599924 -0.318500 -0.733927
vn -0.488005 0.397724 0.776960
vn -0.451457 0.368719 0.812547
vn -0.479914 0.330598 0.812642
vn -0.299014 0.399839 0.866441
vn -0.244567 0.401082 0.882791
vn -0.000000 -0.319667 -0.947530
vn 0.122940 -0.320443 -0.939256
vn -0.000000 0.302539 0.953137
vn -0.106068 0.303121 0.947031
vn 0.488006 0.397724 0.776959
vn 0.244567 0.401081 0.882792
vn -0.122940 -0.320443 -0.939256
vn 0.106068 0.303121 0.947031
vn -0.387283 0.383026 0.838632
vn -0.421859 0.375647 0.825181
vn -0.346901 0.391056 0.852487
vn -0.000000 -0.999948 0.010177
vn 0.327986 0.774381 0.541072
vn 0.295008 0.822897 0.485603
vn 0.943915 0.230039 0.236868
vn 0.177447 0.983981 0.017138
vn -0.963829 -0.169207 -0.205922
vn -0.327869 -0.778640 -0.534997
vn 0.333702 -0.777049 -0.533702
vn 0.273713 -0.898323 -0.343654
vn 0.963821 -0.169246 -0.205924
vn 0.323532 -0.944168 -0.062233
vn 0.305999 -0.950280 -0.057726
vn -0.943944 0.229932 0.236858
vn -0.327986 0.774381 0.541072
vn 0.993270 -0.072881 0.090015
vn -0.961903 0.244052 -0.123214
vn 0.892869 0.062009 0.446028
vn 0.961888 0.244082 -0.123271
vn 0.366650 -0.669295 -0.646229
vn -0.361324 -0.672904 -0.645481
vn 0.359421 0.730805 0.580294
vn 0.317157 -0.946345 -0.061990
vn 0.346265 -0.932630 -0.101501
vn 0.021870 -0.999740 -0.006412
vn 0.024031 -0.999627 -0.012961
vn 0.316165 -0.933258 -0.170498
vn 0.274923 -0.932700 -0.233427
vn 0.017372 -0.999740 -0.014754
vn 0.016683 -0.999627 -0.021614
vn 0.219357 -0.933346 -0.284162
vn 0.156109 -0.932804 -0.324818
vn 0.009870 -0.999740 -0.020545
vn 0.006450 -0.999627 -0.026532
vn 0.084753 -0.933458 -0.348530
vn 0.010492 -0.932923 -0.359924
vn 0.000660 -0.999740 -0.022785
vn -0.004900 -0.999627 -0.026862
vn -0.064283 -0.933575 -0.352570
vn -0.136707 -0.933036 -0.332798
vn -0.008665 -0.999740 -0.021086
vn -0.015403 -0.999627 -0.022547
vn -0.201989 -0.933677 -0.295716
vn -0.260097 -0.933125 -0.248248
vn -0.016494 -0.999740 -0.015739
vn -0.023243 -0.999627 -0.014333
vn -0.304663 -0.933746 -0.187881
vn -0.338475 -0.933173 -0.120925
vn -0.021470 -0.999740 -0.007670
vn -0.027064 -0.999627 -0.003639
vn -0.354683 -0.933770 -0.047687
vn -0.358394 -0.933173 0.027231
vn -0.022733 -0.999740 0.001726
vn -0.026203 -0.999627 0.007685
vn -0.343467 -0.933746 0.100740
vn -0.316429 -0.933125 0.170734
vn -0.020065 -0.999740 0.010824
vn -0.020811 -0.999627 0.017678
vn -0.272922 -0.933677 0.231864
vn -0.219752 -0.933037 0.284872
vn -0.013927 -0.999740 0.018048
vn -0.011821 -0.999627 0.024614
vn -0.155122 -0.933575 0.323071
vn -0.084945 -0.932923 0.349913
vn -0.005381 -0.999740 0.022151
vn -0.000787 -0.999627 0.027293
vn -0.010312 -0.933458 0.358539
vn 0.064773 -0.932804 0.354516
vn 0.004093 -0.999740 0.022423
vn 0.010381 -0.999627 0.025253
vn 0.136514 -0.933346 0.332009
vn 0.203506 -0.932700 0.297751
vn 0.012858 -0.999740 0.018818
vn 0.019754 -0.999627 0.018848
vn 0.259905 -0.933258 0.247950
vn 0.307160 -0.932629 0.189354
vn 0.019399 -0.999740 0.011961
vn 0.025712 -0.999627 0.009184
vn 0.338395 -0.933210 0.120866
vn 0.357682 -0.932605 0.048090
vn 0.022587 -0.999740 0.003037
vn 0.027224 -0.999627 -0.002067
vn 0.358302 -0.933210 -0.027195
vn -0.035417 0.999319 0.010385
vn -0.164710 0.985159 0.048292
vn -0.163320 0.982634 0.088076
vn -0.047477 0.998544 0.025608
vn -0.028130 0.999319 0.023893
vn -0.130794 0.985167 0.111077
vn -0.113340 0.982647 0.146829
vn -0.032955 0.998544 0.042701
vn -0.015980 0.999319 0.033267
vn -0.074279 0.985180 0.154608
vn -0.043803 0.982664 0.180146
vn -0.012737 0.998544 0.052409
vn -0.001067 0.999319 0.036889
vn -0.004970 0.985194 0.171374
vn 0.033241 0.982682 0.182296
vn 0.009680 0.998545 0.053054
vn 0.014029 0.999319 0.034133
vn 0.065136 0.985207 0.158508
vn 0.104472 0.982697 0.152944
vn 0.030420 0.998545 0.044527
vn 0.026698 0.999319 0.025475
vn 0.123934 0.985217 0.118267
vn 0.157606 0.982708 0.097191
vn 0.045899 0.998545 0.028302
vn 0.034751 0.999319 0.012414
vn 0.161294 0.985223 0.057619
vn 0.183493 0.982711 0.024670
vn 0.053441 0.998545 0.007185
vn 0.036796 0.999319 -0.002794
vn 0.170784 0.985223 -0.012971
vn 0.177679 0.982708 -0.052112
vn 0.051744 0.998545 -0.015174
vn 0.032479 0.999319 -0.017519
vn 0.150770 0.985217 -0.081333
vn 0.141158 0.982697 -0.119919
vn 0.041100 0.998545 -0.034911
vn 0.022546 0.999319 -0.029215
vn 0.104688 0.985207 -0.135675
vn 0.080209 0.982682 -0.167042
vn 0.023349 0.998545 -0.048613
vn 0.008714 0.999319 -0.035861
vn 0.040470 0.985194 -0.166601
vn 0.005334 0.982664 -0.185319
vn 0.001558 0.998545 -0.053912
vn -0.006625 0.999319 -0.036307
vn -0.030805 0.985180 -0.168737
vn -0.070534 0.982647 -0.171551
vn -0.020507 0.998544 -0.049889
vn -0.020821 0.999319 -0.030474
vn -0.096811 0.985167 -0.141678
vn -0.134258 0.982634 -0.128085
vn -0.039027 0.998544 -0.037238
vn -0.031416 0.999319 -0.019371
vn -0.146106 0.985159 -0.090081
vn -0.174780 0.982627 -0.062427
vn -0.050801 0.998544 -0.018146
vn -0.036579 0.999319 -0.004918
vn -0.170130 0.985156 -0.022874
vn -0.185062 0.982626 0.014047
vn -0.053790 0.998544 0.004084
vn -0.326910 0.940177 0.095902
vn 0.722470 0.658149 -0.211839
vn 0.661872 0.659147 -0.357002
vn -0.299906 0.940141 0.161836
vn -0.258979 0.940481 0.220060
vn 0.573164 0.659180 -0.486790
vn 0.458751 0.660449 -0.594437
vn -0.207484 0.940524 0.269006
vn -0.146531 0.940924 0.305271
vn 0.325044 0.660694 -0.676631
vn 0.176968 0.662106 -0.728216
vn -0.079802 0.941010 0.328835
vn -0.009654 0.941428 0.337077
vn 0.021688 0.662421 -0.748818
vn -0.134252 0.663826 -0.735739
vn 0.060591 0.941512 0.331488
vn 0.127764 0.941904 0.310635
vn -0.284208 0.664063 -0.691554
vn -0.421153 0.665316 -0.616430
vn 0.189481 0.941944 0.277198
vn 0.242297 0.942272 0.231119
vn -0.540100 0.665338 -0.515381
vn -0.634706 0.666322 -0.391361
vn 0.285134 0.942235 0.175764
vn 0.314811 0.942472 0.112433
vn -0.702451 0.666031 -0.250929
vn -0.738702 0.666675 -0.099318
vn 0.331681 0.942337 0.044594
vn 0.333327 0.942472 -0.025291
vn -0.743782 0.666032 0.056484
vn -0.715534 0.666323 0.209821
vn 0.321431 0.942235 -0.094211
vn 0.294737 0.942272 -0.158915
vn -0.657045 0.665338 0.354425
vn -0.569011 0.665316 0.483303
vn 0.255967 0.941944 -0.217308
vn 0.205273 0.941904 -0.265858
vn -0.456772 0.664063 0.591930
vn -0.323811 0.663826 0.674152
vn 0.145993 0.941512 -0.303713
vn 0.079719 0.941428 -0.327657
vn -0.176863 0.662421 0.727955
vn -0.021656 0.662105 0.749098
vn 0.009885 0.941010 -0.338234
vn -0.060698 0.940924 -0.333133
vn 0.134786 0.660694 0.738455
vn 0.285455 0.660449 0.694495
vn -0.129065 0.940525 -0.314254
vn -0.191659 0.940481 -0.280648
vn 0.424237 0.659181 0.620889
vn 0.544076 0.659147 0.519141
vn -0.246511 0.940141 -0.235303
vn -0.289971 0.940177 -0.178841
vn 0.640864 0.658148 0.395139
vn 0.708779 0.658432 0.253182
vn -0.321467 0.939930 -0.114854
vn -0.337943 0.940069 -0.045436
vn 0.746492 0.657782 0.100366
vn 0.750480 0.658432 -0.056985
vn -0.340386 0.939930 0.025869
vn -0.461788 0.876601 0.135363
vn -0.421633 0.877793 0.227387
vn -0.366486 0.876849 0.311165
vn -0.292361 0.878103 0.378761
vn -0.207971 0.877214 0.432717
vn -0.112865 0.878498 0.464223
vn -0.013971 0.877631 0.479133
vn 0.085576 0.878909 0.469251
vn 0.181854 0.878028 0.442714
vn 0.268680 0.879265 0.393325
vn 0.345810 0.878337 0.330059
vn 0.405062 0.879506 0.249787
vn 0.449882 0.878506 0.160728
vn 0.471488 0.879592 0.063391
vn 0.476358 0.878506 -0.036196
vn 0.456654 0.879506 -0.133929
vn 0.420707 0.878337 -0.227001
vn 0.363025 0.879265 -0.308392
vn 0.292328 0.878028 -0.378961
vn 0.206478 0.878909 -0.429984
vn 0.113076 0.877631 -0.465809
vn 0.013755 0.878498 -0.477549
vn -0.086294 0.877214 -0.472280
vn -0.181939 0.878103 -0.442531
vn -0.271285 0.876849 -0.396913
vn -0.346601 0.877793 -0.330676
vn -0.409637 0.876601 -0.252525
vn -0.451419 0.877623 -0.161239
vn -0.477085 0.876513 -0.064144
vn -0.477975 0.877624 0.036283
vn -0.023412 -0.999393 0.025811
vn -0.135194 -0.970698 0.198664
vn 0.106801 -0.992123 0.065458
vn 0.011757 -0.999906 0.007075
vn 0.021461 -0.999401 0.027143
vn 0.000001 -1.000000 -0.000000
vn 0.000000 -1.000000 -0.000001
vn -0.013218 -0.999886 0.007301
vn -0.033863 -0.999406 0.006488
vn -0.000000 -1.000000 -0.000000
vn 0.000000 -1.000000 -0.000000
vn 0.000199 -0.999904 -0.013854
vn -0.031002 0.997159 -0.068657
vn -0.110813 0.931296 -0.347000
vn -0.210902 0.968972 -0.128891
vn -0.051029 0.998208 -0.031268
vn -0.042771 0.997183 0.061624
vn -0.242174 0.931143 0.272626
vn -0.004279 0.968393 0.249392
vn -0.001033 0.998176 0.060372
vn 0.033393 0.997151 -0.067632
vn -0.000000 1.000000 0.000000
vn 0.000000 1.000000 0.000000
vn 0.052150 0.998204 -0.029484
vn -0.074345 0.997224 0.004182
vn -0.357663 0.931629 0.064376
vn -0.442357 0.861614 0.248881
vn -0.087359 0.994954 0.049350
vn 0.040618 0.997182 0.063075
vn 0.231159 0.931764 0.279966
vn 0.432531 0.862203 0.263671
vn 0.085636 0.994948 0.052384
vn 0.122640 0.930759 -0.344453
vn 0.008835 0.859771 -0.510604
vn 0.001768 0.994880 -0.101045
vn -0.385666 -0.896715 0.217173
vn -0.053967 -0.998081 0.030366
vn 0.376384 -0.897360 0.230390
vn 0.235829 -0.971668 0.015691
vn 0.033576 -0.999408 0.007492
vn 0.052354 -0.998107 0.032259
vn 0.007064 -0.895488 -0.445029
vn -0.106858 -0.971200 -0.212962
vn -0.011131 -0.999392 -0.033055
vn 0.000781 -0.998082 -0.061904
vn -0.856096 -0.000929 0.516817
vn -0.871376 0.000542 0.490615
vn 0.869835 0.013313 0.493163
vn 0.853451 0.005381 0.521146
vn -0.016093 0.008318 -0.999836
vn 0.016877 0.005116 -0.999844
vn 0.000000 -1.000000 -0.000000
vn -0.000000 1.000000 0.000000
vn 0.000000 1.000000 0.000000
vn 0.448059 0.088048 -0.889657
vn 0.819342 -0.557763 0.132587
vn 0.886093 -0.437909 0.151902
vn 0.476497 0.022925 -0.878877
vn 0.764599 -0.424339 0.485104
vn 0.910625 -0.380799 0.160482
vn 0.754489 -0.463850 0.464317
vn -0.362403 -0.167938 0.916767
vn 0.540722 -0.436599 0.719028
vn 0.544096 -0.460008 0.701678
vn -0.406187 -0.102038 0.908075
vn -0.776330 0.395412 -0.490879
vn -0.910529 0.376203 -0.171487
vn -0.869499 0.467652 -0.158976
vn -0.739787 0.496451 -0.454149
vn 0.013810 -0.573111 -0.819361
vn 0.320599 -0.552611 -0.769309
vn 0.341871 -0.430573 -0.835303
vn 0.015494 -0.452242 -0.891761
vn 0.998396 -0.007673 0.056104
vn 0.357684 -0.363546 -0.860172
vn 0.998407 0.021808 0.052032
vn -0.999066 -0.020181 -0.038201
vn -0.281783 -0.569248 -0.772370
vn -0.293819 -0.445675 -0.845603
vn -0.987664 -0.086772 -0.130350
vn -0.016107 0.370386 0.928738
vn 0.290512 0.349871 0.890614
vn 0.280262 0.462833 0.840975
vn -0.014943 0.488003 0.872714
vn -0.684171 -0.617406 0.388226
vn -0.786445 -0.604609 0.126306
vn -0.862860 -0.476091 0.169734
vn -0.754027 -0.492411 0.434713
vn -0.524938 -0.061713 -0.848900
vn -0.890701 -0.409770 0.196824
vn -0.506312 -0.050819 -0.860851
vn 0.505116 0.010537 0.862987
vn -0.513550 -0.604652 0.608820
vn -0.577021 -0.486078 0.656334
vn 0.437534 -0.070956 0.896398
vn 0.789479 0.396815 -0.468253
vn 0.630302 0.363908 -0.685777
vn 0.597303 0.468278 -0.651110
vn 0.751633 0.498429 -0.431992
vn 0.469498 -0.882851 -0.012074
vn 0.111430 -0.970991 -0.211567
vn 0.393281 -0.887358 0.240677
vn 0.204781 -0.884959 0.418226
vn -0.722197 0.039626 0.690552
vn -0.553343 0.830007 -0.069994
vn -0.436750 0.859255 -0.266328
vn -0.320283 0.829575 -0.457411
vn 0.048640 0.013139 -0.998730
vn 0.244231 0.102977 -0.964234
vn -0.239353 -0.885599 -0.398027
vn -0.236600 -0.971547 0.010821
vn 0.001936 -0.991971 -0.126452
vn 0.007463 -0.885113 -0.465317
vn 0.257898 -0.880417 -0.397938
vn 0.947047 0.102603 0.304262
vn 0.212136 0.828509 0.518238
vn -0.008855 0.856718 0.515710
vn -0.233173 0.827357 0.510991
vn -0.885476 -0.000957 0.464683
vn -0.965155 0.037810 0.258932
vn -0.219230 -0.890044 0.399700
vn 0.121621 -0.971011 0.205782
vn -0.112695 -0.991601 0.063462
vn -0.386748 -0.896008 0.218166
vn -0.450158 -0.892686 -0.021654
vn -0.216071 0.053564 -0.974907
vn 0.336053 0.830884 -0.443510
vn 0.215202 0.969001 -0.121351
vn 0.443922 0.860482 -0.250008
vn 0.550915 0.832778 -0.054532
vn 0.354909 0.931727 0.076979
vn 0.834971 0.008522 0.550229
vn 0.702878 0.053238 0.709315
vn -0.313830 -0.249134 -0.916211
vn -0.301972 -0.373010 -0.877312
vn 0.016831 -0.383605 -0.923344
vn 0.018027 -0.253482 -0.967172
vn 0.374403 -0.250558 -0.892773
vn 0.996457 -0.030446 0.078397
vn 0.293684 0.224825 0.929087
vn -0.017468 0.244821 0.969411
vn -0.347939 0.222047 0.910842
vn -0.340356 0.344954 0.874737
vn -0.980296 -0.100611 -0.169991
vn -0.980885 -0.083320 -0.175848
vn -0.609761 -0.346469 0.712847
vn -0.587580 -0.445084 0.675759
vn -0.771266 -0.440467 0.459498
vn -0.801189 -0.325268 0.502291
vn -0.927338 -0.293029 0.232764
vn -0.506119 -0.036877 -0.861675
vn 0.651085 0.256869 -0.714217
vn 0.812133 0.288933 -0.506910
vn 0.924178 0.286767 -0.252309
vn 0.897520 0.389564 -0.206636
vn 0.403187 -0.122714 0.906853
vn 0.405591 -0.121347 0.905964
vn 0.942773 -0.275031 0.188511
vn 0.782270 -0.323358 0.532441
vn 0.543408 -0.361997 0.757407
vn -0.346167 -0.178323 0.921070
vn -0.935763 0.280943 -0.213118
vn -0.793256 0.286923 -0.537048
vn -0.594034 0.234116 -0.769619
vn -0.581788 0.353655 -0.732428
vn 0.461559 -0.004911 -0.887096
vn 0.420739 -0.016628 -0.907030
vn 0.957662 -0.052312 0.283102
vn 0.967853 -0.110920 0.225739
vn 0.804655 -0.120720 0.581340
vn 0.804636 -0.047124 0.591895
vn 0.596628 -0.056022 0.800560
vn 0.570691 -0.146787 0.807939
vn -0.288323 -0.105518 0.951702
vn -0.119281 -0.063059 0.990856
vn -0.980520 0.038906 -0.192527
vn -0.963641 0.121154 -0.238156
vn -0.804124 0.130938 -0.579862
vn -0.803880 0.059031 -0.591855
vn -0.552298 0.040515 -0.832662
vn -0.581042 0.096951 -0.808078
vn 0.440277 -0.030196 -0.897354
vn 0.580379 -0.038391 -0.813441
vn 0.338013 0.017023 0.940988
vn 0.314325 0.079068 0.946017
vn -0.019007 0.102162 0.994586
vn -0.019682 0.042950 0.998883
vn 0.341530 -0.056342 -0.938181
vn 0.381625 -0.107023 -0.918101
vn 0.996772 -0.070339 0.038710
vn 0.989326 -0.086865 -0.116996
vn -0.287612 -0.049842 -0.956449
vn -0.319916 -0.099614 -0.942195
vn 0.019237 -0.089107 -0.995836
vn 0.018897 -0.038543 -0.999078
vn -0.405103 0.014227 0.914160
vn -0.373400 0.077123 0.924459
vn -0.973783 -0.080767 -0.212657
vn -0.930996 -0.081012 -0.355928
vn 0.637680 0.058852 -0.768050
vn 0.655422 0.119490 -0.745751
vn 0.834602 0.133128 -0.534525
vn 0.840231 0.060998 -0.538787
vn -0.952711 -0.062380 0.297406
vn -0.958153 -0.122649 0.258649
vn -0.544451 -0.041679 -0.837756
vn -0.704192 -0.057931 -0.707642
vn -0.682174 -0.038806 0.730160
vn -0.651957 -0.126204 0.747680
vn -0.836830 -0.116603 0.534900
vn -0.841331 -0.042942 0.538812
vn 0.971255 0.028827 -0.236292
vn 0.955639 0.115226 -0.271068
vn 0.353283 -0.081516 0.931958
vn 0.118962 -0.053202 0.991472
vn 0.011431 -0.999385 -0.033168
vn 0.000000 -1.000000 -0.000001
vn 0.000000 -1.000000 -0.000001
vn 0.000000 1.000000 -0.000000
vn -0.000000 1.000000 -0.000000
vn -0.000000 1.000000 -0.000000
vn 0.074253 0.997216 0.006823
vn -0.553822 0.465115 -0.690615
vn -0.487231 0.625474 -0.609416
vn 0.696704 -0.577510 0.425543
vn 0.496932 -0.570566 0.653845
vn -0.491424 -0.019229 0.870708
vn -0.767439 0.624855 -0.143510
vn -0.644977 0.655032 -0.393620
vn 0.992333 0.088222 0.086552
vn 0.250004 0.623505 0.740770
vn -0.323988 0.457895 0.827867
vn -0.284427 0.620277 0.730998
vn -0.012991 0.650842 0.759102
vn -0.446996 0.016512 -0.894383
vn 0.518914 0.629639 -0.578172
vn 0.858163 0.481321 -0.178570
vn 0.758637 0.635609 -0.143075
vn 0.655316 0.657778 -0.371333
vn 0.750660 -0.173068 -0.637618
vn 0.866865 -0.172835 -0.467625
vn 0.945187 -0.172613 -0.277177
vn 0.426358 -0.173738 -0.887712
vn 0.601647 -0.173411 -0.779711
vn 0.028426 -0.174506 -0.984246
vn 0.232457 -0.174147 -0.956889
vn -0.374304 -0.175242 -0.910597
vn -0.176815 -0.174916 -0.968577
vn -0.712232 -0.175818 -0.679569
vn -0.555407 -0.175587 -0.812830
vn -0.927003 -0.176130 -0.331126
vn -0.837919 -0.176041 -0.516625
vn -0.981542 -0.176131 0.074524
vn -0.975576 -0.176200 -0.131166
vn -0.866431 -0.175816 0.467318
vn -0.944617 -0.176041 0.276964
vn -0.601523 -0.175242 0.779398
vn -0.750372 -0.175586 0.637269
vn -0.232547 -0.174508 0.956802
vn -0.426360 -0.174917 0.887480
vn 0.176751 -0.173739 0.968800
vn -0.028535 -0.174148 0.984306
vn 0.555593 -0.173068 0.813243
vn 0.374341 -0.173411 0.910932
vn 0.838413 -0.172612 0.516981
vn 0.712571 -0.172834 0.679979
vn 0.976234 -0.172451 0.131254
vn 0.927597 -0.172519 0.331363
vn 0.982178 -0.172519 -0.074595
vn -0.000001 -1.000000 -0.000000
vn -0.000000 1.000000 -0.000000
vn 0.000000 -0.997799 -0.066312
vn 0.046890 -0.997799 -0.046890
vn 0.000000 -1.000000 0.000000
vn -0.046890 -0.997799 -0.046890
vn -0.066312 -0.997799 0.000000
vn -0.046890 -0.997799 0.046890
vn 0.000000 -0.997799 0.066312
vn 0.046890 -0.997799 0.046890
vn 0.066312 -0.997799 0.000000
vn -0.160266 0.973976 0.160266
vn 0.000000 0.973976 0.226650
vn 0.000000 1.000000 0.000000
vn 0.160266 0.973976 0.160266
vn 0.226651 0.973976 0.000000
vn 0.160266 0.973976 -0.160266
vn 0.000000 0.973976 -0.226650
vn -0.160266 0.973976 -0.160266
vn -0.226651 0.973976 0.000000
vn 0.000000 -0.999644 -0.026692
vn 0.000000 0.000000 1.000000
vn 0.707107 0.000000 0.707107
vn -0.018870 -0.999644 -0.018875
vn 0.018870 -0.999644 -0.018874
vn -0.707107 0.000000 0.707107
vn 0.026686 -0.999644 -0.000000
vn -1.000000 0.000000 0.000000
vn 0.018870 -0.999644 0.018875
vn -0.707107 0.000000 -0.707107
vn -0.000000 -0.999644 0.026692
vn 0.000000 0.000000 -1.000000
vn -0.018870 -0.999644 0.018874
vn 0.707107 0.000000 -0.707107
vn -0.026686 -0.999644 -0.000000
vn 1.000000 0.000000 0.000000
vn 0.000000 0.000000 -1.000000
vn 0.707107 0.000000 -0.707107
vn -0.707107 0.000000 -0.707107
vn -1.000000 0.000000 -0.000000
vn -0.707107 0.000000 0.707107
vn 0.000000 0.000000 1.000000
vn 0.707107 0.000000 0.707107
vn 1.000000 0.000000 -0.000000
vn -0.707107 0.000000 0.707107
vn 0.000000 0.000000 1.000000
vn -1.000000 0.000000 0.000000
vn -0.707107 0.000000 -0.707107
vn 0.000000 0.000000 -1.000000
vn 0.707107 0.000000 -0.707107
vn 1.000000 0.000000 0.000000
vn 0.707107 0.000000 0.707107
vn -0.000000 0.416741 0.909026
vn 0.642779 0.416740 0.642778
vn 0.190327 0.963095 0.190324
vn 0.000000 0.963096 0.269158
vn 0.647557 -0.401670 0.647558
vn -0.000000 -0.401670 0.915784
vn -0.000000 -0.963095 0.269163
vn 0.190327 -0.963095 0.190328
vn -0.647557 -0.401670 0.647558
vn -0.190327 -0.963095 0.190328
vn -0.642779 0.416740 0.642778
vn -0.190327 0.963095 0.190325
vn -0.915784 -0.401670 0.000001
vn -0.269163 -0.963095 0.000001
vn -0.909026 0.416739 -0.000000
vn -0.269163 0.963095 0.000000
vn -0.647557 -0.401670 -0.647558
vn -0.190327 -0.963095 -0.190328
vn -0.642779 0.416740 -0.642778
vn -0.190327 0.963095 -0.190324
vn 0.000000 -0.401670 -0.915784
vn 0.000000 -0.963095 -0.269163
vn 0.000000 0.416741 -0.909026
vn -0.000000 0.963096 -0.269158
vn 0.647557 -0.401670 -0.647558
vn 0.190327 -0.963095 -0.190328
vn 0.642779 0.416740 -0.642778
vn 0.190327 0.963095 -0.190325
vn 0.915784 -0.401671 -0.000001
vn 0.269162 -0.963095 -0.000001
vn 0.909026 0.416740 -0.000000
vn 0.269163 0.963095 -0.000000
vn 1.000000 0.000000 0.000000
vn 0.707107 0.000000 -0.707107
vn 0.000000 0.000000 -1.000000
vn -0.707107 0.000000 -0.707107
vn -1.000000 0.000000 0.000000
vn -0.707107 0.000000 0.707107
vn 0.000000 0.000000 1.000000
vn 0.707107 0.000000 0.707107
vn 0.707107 0.000000 0.707107
vn 0.000000 0.000000 1.000000
vn -0.707107 0.000000 0.707107
vn -1.000000 0.000000 -0.000000
vn -0.707107 0.000000 -0.707107
vn 0.000000 0.000000 -1.000000
vn 0.707107 0.000000 -0.707107
vn 1.000000 0.000000 -0.000000
vn 0.011258 0.999937 -0.000001
vn 0.007960 0.999937 0.007959
vn 0.000000 0.999937 0.011259
vn -0.007960 0.999937 0.007963
vn -0.011258 0.999937 0.000001
vn -0.007960 0.999937 -0.007959
vn -0.000000 0.999937 -0.011259
vn 0.007960 0.999937 -0.007963
vn 0.707106 0.000000 -0.707107
vn 1.000000 0.000000 -0.000000
vn 0.000000 0.000000 -1.000000
vn -0.707106 0.000000 -0.707107
vn -1.000000 0.000000 -0.000000
vn -0.707106 0.000000 0.707107
vn 0.000000 0.000000 1.000000
vn 0.707106 0.000000 0.707107
s 1
g group1 Silla5
usemtl initialShadingGroup
f 493/469/481 268/470/482 490/471/483 489/472/484
f 498/473/485 274/474/486 495/475/487 494/476/488
f 503/477/489 276/478/490 500/479/491 499/480/492
f 507/481/493 277/482/494 505/483/495 504/484/496
f 512/485/497 474/486/498 509/487/499 508/488/500
f 510/489/501 475/490/502 514/491/503 513/492/504
f 520/493/505 437/494/506 495/475/487 517/495/507
f 524/496/508 284/497/509 522/498/510 521/499/511
f 529/500/512 241/501/513 526/502/514 525/503/515
f 533/504/516 246/505/517 531/506/518 530/507/519
f 538/508/520 424/509/521 535/510/522 534/511/523
f 542/512/524 252/513/525 540/514/526 539/515/527
f 546/516/528 395/517/529 544/518/530 543/519/531
f 551/520/532 255/521/533 548/522/534 547/523/535
f 556/524/536 455/525/537 553/526/538 552/527/539
f 560/528/540 488/529/541 558/530/542 557/531/543
f 564/532/544 487/533/545 562/534/546 561/535/547
f 542/512/524 426/536/548 566/537/549 565/538/550
f 572/539/551 265/540/552 570/541/553 569/542/554
f 576/543/555 243/544/556 527/545/557 573/546/558
f 578/547/559 246/548/517 533/549/516 577/550/560
f 580/551/561 245/552/562 531/553/518 579/554/563
f 583/555/564 254/556/565 548/557/534 581/558/566
f 586/559/567 259/560/568 563/561/569 584/562/570
f 591/563/571 481/564/572 588/565/573 587/566/574
f 596/567/575 264/568/576 593/569/577 592/570/578
f 599/571/579 265/572/552 572/573/551 597/574/580
f 582/575/581 255/576/533 570/577/553 600/578/582
f 575/579/583 286/580/584 602/581/585 601/582/586
f 497/583/587 438/584/588 605/585/589 604/586/590
f 611/587/591 287/588/592 609/589/593 608/590/594
f 503/477/489 290/591/595 613/592/596 612/593/597
f 619/594/598 312/595/599 616/596/600 615/597/601
f 624/598/602 318/599/603 621/600/604 620/601/605
f 628/602/606 320/603/607 626/604/608 625/605/609
f 632/606/610 321/607/611 630/608/612 629/609/613
f 637/610/614 471/611/615 634/612/616 633/613/617
f 641/614/618 470/615/619 639/616/620 638/617/621
f 624/598/602 411/618/622 643/619/623 642/620/624
f 649/621/625 328/622/626 647/623/627 646/624/628
f 526/502/514 241/501/513 651/625/629 650/626/630
f 657/627/631 294/628/632 655/629/633 654/630/634
f 661/631/635 424/509/521 538/508/520 658/632/636
f 665/633/637 298/634/638 663/635/639 662/636/640
f 545/637/641 408/638/642 667/639/643 666/640/644
f 673/641/645 300/642/646 670/643/647 669/644/648
f 554/645/649 456/646/650 675/647/651 674/648/652
f 676/649/653 457/650/654 679/651/655 678/652/656
f 680/653/657 458/654/658 683/655/659 682/656/660
f 689/657/661 422/658/662 663/635/639 686/659/663
f 693/660/664 309/661/665 691/662/666 690/663/667
f 653/664/668 292/665/669 695/666/670 694/667/671
f 655/668/633 294/669/632 698/670/672 697/671/673
f 657/672/631 293/673/674 700/674/675 699/675/676
f 673/676/645 299/677/677 702/678/678 701/679/679
f 685/680/680 303/681/681 705/682/682 704/683/683
f 711/684/684 464/685/685 708/686/686 707/687/687
f 716/688/688 308/689/689 713/690/690 712/691/691
f 691/692/666 309/693/665 718/694/692 717/695/693
f 693/696/664 300/697/646 703/698/694 720/699/695
f 602/581/585 286/580/584 696/700/696 721/701/697
f 606/702/698 409/703/699 724/704/700 723/705/701
f 609/589/593 287/588/592 727/706/702 726/707/703
f 613/592/596 290/591/595 626/604/608 729/708/704
f 735/709/705 331/710/706 732/711/707 731/712/708
f 733/713/709 330/714/710 737/715/711 736/716/712
f 744/717/713 466/718/714 741/719/715 740/720/716
f 742/721/717 467/722/718 746/723/719 745/724/720
f 753/725/721 418/726/722 750/727/723 749/728/724
f 751/729/725 419/730/726 755/731/727 754/732/728
f 515/733/729 476/734/730 759/735/731 758/736/732
f 765/737/733 442/738/734 763/739/735 762/740/736
f 769/741/737 480/742/738 767/743/739 766/744/740
f 773/745/741 283/746/742 595/747/743 770/748/744
f 777/749/745 486/750/746 775/751/747 774/752/748
f 781/753/749 439/754/750 779/755/751 778/756/752
f 589/757/753 482/758/754 783/759/755 782/760/756
f 593/761/577 264/762/576 786/763/757 785/764/758
f 790/765/759 445/766/760 776/767/761 789/768/762
f 793/769/763 261/770/764 780/771/765 791/772/766
f 590/773/767 262/774/768 784/775/769 794/776/770
f 797/777/771 337/778/772 786/779/757 796/780/773
f 801/781/774 469/782/775 799/783/776 798/784/777
f 805/785/778 447/786/779 803/787/780 802/788/781
f 709/789/782 465/790/783 807/791/784 806/792/785
f 714/793/786 327/794/787 810/795/788 809/796/789
f 684/797/790 459/798/791 814/799/792 813/800/793
f 820/801/794 450/802/795 818/803/796 817/804/797
f 824/805/798 463/806/799 822/807/800 821/808/801
f 827/809/802 308/810/689 716/811/688 825/812/803
f 816/813/804 452/814/805 829/815/806 828/816/807
f 819/817/808 305/818/809 831/819/810 830/820/811
f 823/821/812 306/822/813 710/823/814 833/824/815
f 827/825/802 362/826/816 836/827/817 835/828/818
f 841/829/819 428/830/820 838/831/821 837/832/822
f 839/833/823 429/834/824 843/835/825 842/836/826
f 848/837/827 335/838/828 840/839/829 845/840/830
f 846/841/831 336/842/832 844/843/833 849/844/834
f 795/845/835 329/846/836 737/847/711 851/848/837
f 852/849/838 330/850/710 732/851/707 854/852/839
f 769/741/737 340/853/840 853/854/841 857/855/842
f 858/856/843 339/857/844 856/858/845 860/859/846
f 772/860/847 433/861/848 864/862/849 863/863/850
f 865/864/851 434/865/852 867/866/853 866/867/854
f 873/868/855 413/869/856 870/870/857 869/871/858
f 871/872/859 414/873/860 875/874/861 874/875/862
f 834/876/863 350/877/864 743/878/865 877/879/866
f 878/880/867 351/881/868 748/882/869 880/883/870
f 824/805/798 358/884/871 879/885/872 883/886/873
f 884/887/874 357/888/875 882/889/876 886/890/877
f 891/891/878 353/892/879 872/893/880 889/894/881
f 890/895/882 354/896/883 876/897/884 892/898/885
f 897/899/886 367/900/887 894/901/888 893/902/889
f 895/903/890 366/904/891 899/905/892 898/906/893
f 906/907/894 385/908/895 903/909/896 902/910/897
f 904/911/898 384/912/899 908/913/900 907/914/901
f 915/915/902 391/916/903 912/917/904 911/918/905
f 913/919/906 390/920/907 917/921/908 916/922/909
f 923/923/910 270/924/911 511/925/912 920/926/913
f 927/927/914 376/928/915 925/929/916 924/930/917
f 555/931/918 256/932/919 929/933/920 928/934/921
f 559/935/922 257/936/923 931/937/924 932/938/925
f 897/899/886 368/939/926 935/940/927 934/941/928
f 939/942/929 371/943/930 938/944/931 937/945/932
f 585/946/933 258/947/934 933/948/935 940/949/936
f 943/950/937 367/951/887 936/952/938 942/953/939
f 946/954/940 377/955/941 945/956/942 944/957/943
f 603/958/944 285/959/945 948/960/946 947/961/947
f 636/962/948 314/963/949 951/964/950 950/965/951
f 909/966/952 383/967/953 954/968/954 953/969/955
f 929/933/920 256/932/919 677/970/956 956/971/957
f 957/972/958 301/973/959 681/974/960 959/975/961
f 963/976/962 391/916/903 915/915/902 961/977/963
f 938/944/931 371/943/930 965/978/964 964/979/965
f 960/980/966 302/981/967 706/982/968 966/983/969
f 962/984/970 392/985/971 969/986/972 968/987/973
f 945/956/942 377/955/941 971/988/974 970/989/975
f 948/960/946 285/959/945 722/990/976 972/991/977
f 941/992/978 365/993/979 899/994/892 974/995/980
f 975/996/981 366/997/891 894/998/888 977/999/982
f 939/942/929 368/939/926 896/1000/983 979/1001/984
f 980/1002/985 369/1003/986 901/1004/987 982/1005/988
f 946/954/940 374/1006/989 985/1007/990 984/1008/991
f 986/1009/992 375/1010/993 989/1011/994 988/1012/995
f 925/929/916 376/928/915 989/1011/994 991/1013/996
f 992/1014/997 375/1010/993 985/1007/990 993/1015/998
f 971/988/974 377/955/941 987/1016/999 994/1017/1000
f 995/1018/1001 378/1019/1002 990/1020/1003 996/1021/1004
f 965/978/964 371/943/930 981/1022/1005 997/1023/1006
f 998/1024/1007 372/1025/1008 983/1026/1009 999/1027/1010
f 967/1028/1011 386/1029/1012 905/1030/1013 1000/1031/1014
f 1001/1032/1015 387/1033/1016 910/1034/1017 1002/1035/1018
f 1004/1036/1019 396/1037/1020 550/1038/1021 1003/1039/1022
f 1006/1040/1023 397/1041/1024 571/1042/1025 1005/1043/1026
f 1008/1044/1027 398/1045/1028 598/1046/1029 1007/1047/1030
f 1010/1048/1031 399/1049/1032 523/1050/1033 1009/1051/1034
f 1012/1052/1035 400/1053/1036 506/1054/1037 1011/1055/1038
f 1014/1056/1039 401/1057/1040 501/1058/1041 1013/1059/1042
f 1016/1060/1043 402/1061/1044 627/1062/1045 1015/1063/1046
f 1018/1064/1047 403/1065/1048 631/1066/1049 1017/1067/1050
f 1020/1068/1051 404/1069/1052 648/1070/1053 1019/1071/1054
f 1022/1072/1055 405/1073/1056 719/1074/1057 1021/1075/1058
f 1024/1076/1059 406/1077/1060 692/1078/1061 1023/1079/1062
f 668/1080/1063 407/1081/1064 671/1082/1065 1025/1083/1066
f 549/1084/1067 254/1085/565 614/1086/1068 1026/1087/1069
f 730/1088/1070 299/1089/677 672/1090/1071 1028/1091/1072
f 1032/1092/1073 289/1093/1074 1030/1094/1075 1029/1095/1076
f 1035/1096/1077 411/618/622 623/1097/1078 1033/1098/1079
f 1035/1096/1077 319/1099/1080 1037/1100/1081 1036/1101/1082
f 1041/1102/1083 454/1103/1084 1040/1104/1085 1039/1105/1086
f 1045/1106/1087 347/1107/1088 1043/1108/1089 1042/1109/1090
f 1044/1110/1091 348/1111/1092 1047/1112/1093 1046/1113/1094
f 1051/1114/1095 416/1115/1096 812/1116/1097 1049/1117/1098
f 1054/1118/1099 417/1119/1100 715/1120/1101 1052/1121/1102
f 1057/1122/1103 418/726/722 826/1123/1104 1055/1124/1105
f 1057/1122/1103 361/1125/1106 1059/1126/1107 1058/1127/1108
f 1060/1128/1109 360/1129/1110 1062/1130/1111 1061/1131/1112
f 1067/1132/1113 451/1133/1114 1065/1134/1115 1064/1135/1116
f 1070/1136/1117 296/1137/1118 1069/1138/1119 1068/1139/1120
f 1073/1140/1121 423/1141/1122 664/1142/1123 1071/1143/1124
f 1076/1144/1125 248/1145/1126 1075/1146/1127 1074/1147/1128
f 1075/1146/1127 248/1145/1126 1078/1148/1129 1077/1149/1130
f 1082/1150/1131 426/536/548 541/1151/1132 1080/1152/1133
f 1082/1150/1131 249/1153/1134 1084/1154/1135 1083/1155/1136
f 1088/1156/1137 446/1157/1138 1087/1158/1139 1086/1159/1140
f 1092/1160/1141 332/1161/1142 1090/1162/1143 1089/1163/1144
f 1091/1164/1145 333/1165/1146 1094/1166/1147 1093/1167/1148
f 1098/1168/1149 431/1169/1150 788/1170/1151 1096/1171/1152
f 1101/1172/1153 432/1173/1154 594/1174/1155 1099/1175/1156
f 1104/1176/1157 433/861/848 771/1177/1158 1102/1178/1159
f 1104/1176/1157 343/1179/1160 1106/1180/1161 1105/1181/1162
f 1107/1182/1163 342/1183/1164 1109/1184/1165 1108/1185/1166
f 1114/1186/1167 443/1187/1168 1112/1188/1169 1111/1189/1170
f 1117/1190/1171 275/1191/1172 1116/1192/1173 1115/1193/1174
f 1120/1194/1175 438/584/588 496/1195/1176 1118/1196/1177
f 1122/1197/1178 289/1093/1074 1032/1092/1073 1121/1198/1179
f 1125/1199/1180 428/830/820 841/829/819 1123/1200/1181
f 1127/1201/1182 441/1202/1183 792/1203/1184 1126/1204/1185
f 868/1205/1186 435/1206/1187 1129/1207/1188 1128/1208/1189
f 1110/1209/1190 341/1210/1191 1131/1211/1192 1130/1212/1193
f 760/1213/1194 477/1214/1195 1133/1215/1196 1132/1216/1197
f 855/1217/1198 331/1218/706 1136/1219/1199 1135/1220/1200
f 735/709/705 485/1221/1201 1138/1222/1202 1137/1223/1203
f 1140/1224/1204 332/1161/1142 1092/1160/1141 1139/1225/1205
f 1143/1226/1206 413/869/856 873/868/855 1141/1227/1207
f 1145/1228/1208 449/1229/1209 832/1230/1210 1144/1231/1211
f 756/1232/1212 420/1233/1213 1147/1234/1214 1146/1235/1215
f 1063/1236/1216 359/1237/1217 1149/1238/1218 1148/1239/1219
f 815/1240/1220 460/1241/1221 1151/1242/1222 1150/1243/1223
f 1152/1244/1224 356/1245/1225 881/1246/1226 1153/1247/1227
f 747/1248/1228 468/1249/1229 1156/1250/1230 1155/1251/1231
f 1158/1252/1232 347/1107/1088 1045/1106/1087 1157/1253/1233
f 1078/1148/1129 248/1145/1126 1160/1254/1234 1159/1255/1235
f 1160/1254/1234 248/1145/1126 1076/1144/1125 1162/1256/1236
f 1072/1257/1237 296/1137/1118 1165/1258/1238 1164/1259/1239
f 1070/1136/1117 304/1260/1240 1167/1261/1241 1166/1262/1242
f 1065/1134/1115 451/1133/1114 1169/1263/1243 1168/1264/1244
f 1149/1238/1218 359/1237/1217 1171/1265/1245 1170/1266/1246
f 1173/1267/1247 462/1268/1248 888/1269/1249 1172/1270/1250
f 1175/1271/1251 463/806/799 885/1272/1252 1174/1273/1253
f 1056/1274/1254 307/1275/1255 1177/1276/1256 1176/1277/1257
f 1177/1278/1256 307/1279/1255 1053/1280/1258 1178/1281/1259
f 1179/1282/1260 325/1283/1261 1050/1284/1262 1180/1285/1263
f 1181/1286/1264 349/1287/1265 1047/1112/1093 1182/1288/1266
f 1183/1289/1267 348/1111/1092 1043/1108/1089 1184/1290/1268
f 1185/1291/1269 347/1107/1088 1158/1252/1232 1186/1292/1270
f 1187/1293/1271 454/1103/1084 1041/1102/1083 1188/1294/1272
f 1189/1295/1273 322/1296/1274 1037/1100/1081 1190/1297/1275
f 1191/1298/1276 319/1099/1080 1034/1299/1277 1192/1300/1278
f 1195/1301/1279 473/1302/1280 728/1303/1281 1194/1304/1282
f 1197/1305/1283 474/486/498 610/1306/1284 1196/1307/1285
f 1119/1308/1286 275/1191/1172 1199/1309/1287 1198/1310/1288
f 1117/1190/1171 278/1311/1289 1201/1312/1290 1200/1313/1291
f 1112/1188/1169 443/1187/1168 1203/1314/1292 1202/1315/1293
f 1131/1211/1192 341/1210/1191 1205/1316/1294 1204/1317/1295
f 1207/1318/1296 479/1319/1297 862/1320/1298 1206/1321/1299
f 1209/1322/1300 480/742/738 859/1323/1301 1208/1324/1302
f 1103/1325/1303 281/1326/1304 1211/1327/1305 1210/1328/1306
f 1100/1329/1307 263/1330/1308 1213/1331/1309 1212/1332/1310
f 1213/1333/1309 263/1334/1308 1097/1335/1311 1214/1336/1312
f 1217/1337/1313 484/1338/1314 739/1339/1315 1216/1340/1316
f 1219/1341/1317 485/1221/1201 734/1342/1318 1218/1343/1319
f 1219/1341/1317 332/1161/1142 1140/1224/1204 1220/1344/1320
f 1221/1345/1321 446/1157/1138 1088/1156/1137 1222/1346/1322
f 1223/1347/1323 260/1348/1324 1084/1154/1135 1224/1349/1325
f 1225/1350/1326 249/1153/1134 1081/1351/1327 1226/1352/1328
f 490/471/483 267/1353/1329 491/1354/1330 489/472/484
f 491/1354/1330 266/1355/1331 492/1356/1332 489/472/484
f 492/1356/1332 269/1357/1333 493/469/481 489/472/484
f 495/475/487 437/494/506 496/1195/1176 494/476/488
f 496/1195/1176 438/584/588 497/583/587 494/476/488
f 497/583/587 272/1358/1334 498/473/485 494/476/488
f 500/479/491 400/1053/1036 501/1058/1041 499/480/492
f 501/1058/1041 401/1057/1040 502/1359/1335 499/480/492
f 502/1359/1335 290/591/595 503/477/489 499/480/492
f 505/483/495 399/1049/1032 506/1054/1037 504/484/496
f 506/1054/1037 400/1053/1036 500/479/491 504/484/496
f 500/479/491 276/478/490 507/481/493 504/484/496
f 509/487/499 475/490/502 510/489/501 508/488/500
f 510/489/501 271/1360/1336 511/925/912 508/488/500
f 511/925/912 270/924/911 512/485/497 508/488/500
f 514/491/503 476/734/730 515/733/729 513/492/504
f 515/733/729 279/1361/1337 516/1362/1338 513/492/504
f 516/1362/1338 271/1360/1336 510/489/501 513/492/504
f 495/475/487 274/474/486 518/1363/1339 517/495/507
f 518/1363/1339 280/1364/1340 519/1365/1341 517/495/507
f 519/1365/1341 436/1366/1342 520/493/505 517/495/507
f 522/498/510 398/1045/1028 523/1050/1033 521/499/511
f 523/1050/1033 399/1049/1032 505/483/495 521/499/511
f 505/483/495 277/482/494 524/496/508 521/499/511
f 526/502/514 244/1367/1343 527/1368/557 525/503/515
f 527/1368/557 243/1369/556 528/1370/1344 525/503/515
f 528/1370/1344 242/1371/1345 529/500/512 525/503/515
f 531/506/518 245/1372/562 532/1373/1346 530/507/519
f 532/1373/1346 242/1371/1345 528/1370/1344 530/507/519
f 528/1370/1344 243/1369/556 533/504/516 530/507/519
f 535/510/522 425/1374/1347 536/1375/1348 534/511/523
f 536/1375/1348 251/1376/1349 537/1377/1350 534/511/523
f 537/1377/1350 250/1378/1351 538/508/520 534/511/523
f 540/514/526 251/1376/1349 536/1375/1348 539/515/527
f 536/1375/1348 425/1374/1347 541/1151/1132 539/515/527
f 541/1151/1132 426/536/548 542/512/524 539/515/527
f 544/518/530 408/638/642 545/637/641 543/519/531
f 545/637/641 250/1378/1351 537/1377/1350 543/519/531
f 537/1377/1350 251/1376/1349 546/516/528 543/519/531
f 548/522/534 254/1085/565 549/1084/1067 547/523/535
f 549/1084/1067 395/517/529 550/1038/1021 547/523/535
f 550/1038/1021 396/1037/1020 551/520/532 547/523/535
f 553/526/538 456/646/650 554/645/649 552/527/539
f 554/645/649 256/932/919 555/931/918 552/527/539
f 555/931/918 257/936/923 556/524/536 552/527/539
f 558/530/542 455/525/537 556/524/536 557/531/543
f 556/524/536 257/936/923 559/935/922 557/531/543
f 559/935/922 258/1379/934 560/528/540 557/531/543
f 562/534/546 488/529/541 560/528/540 561/535/547
f 560/528/540 258/1379/934 563/1380/569 561/535/547
f 563/1380/569 259/1381/568 564/532/544 561/535/547
f 566/537/549 427/1382/1352 567/1383/1353 565/538/550
f 567/1383/1353 261/1384/764 568/1385/1354 565/538/550
f 568/1385/1354 252/513/525 542/512/524 565/538/550
f 570/541/553 255/521/533 551/520/532 569/542/554
f 551/520/532 396/1037/1020 571/1042/1025 569/542/554
f 571/1042/1025 397/1041/1024 572/539/551 569/542/554
f 527/545/557 244/1386/1343 574/1387/1355 573/546/558
f 574/1387/1355 286/580/584 575/579/583 573/546/558
f 575/579/583 267/1353/1329 576/543/555 573/546/558
f 533/549/516 243/544/556 576/543/555 577/550/560
f 576/543/555 267/1353/1329 490/471/483 577/550/560
f 490/471/483 268/470/482 578/547/559 577/550/560
f 531/553/518 246/548/517 578/547/559 579/554/563
f 578/547/559 268/470/482 493/469/481 579/554/563
f 493/469/481 269/1357/1333 580/551/561 579/554/563
f 548/557/534 255/576/533 582/575/581 581/558/566
f 582/575/581 277/482/494 507/481/493 581/558/566
f 507/481/493 276/478/490 583/555/564 581/558/566
f 563/561/569 258/947/934 585/946/933 584/562/570
f 585/946/933 271/1360/1336 516/1362/1338 584/562/570
f 516/1362/1338 279/1361/1337 586/559/567 584/562/570
f 588/565/573 482/1388/754 589/1389/753 587/566/574
f 589/1389/753 262/774/768 590/773/767 587/566/574
f 590/773/767 282/1390/1356 591/563/571 587/566/574
f 593/569/577 431/1391/1150 594/1174/1155 592/570/578
f 594/1174/1155 432/1173/1154 595/747/743 592/570/578
f 595/747/743 283/746/742 596/567/575 592/570/578
f 572/573/551 397/1392/1024 598/1046/1029 597/574/580
f 598/1046/1029 398/1045/1028 522/498/510 597/574/580
f 522/498/510 284/497/509 599/571/579 597/574/580
f 570/577/553 265/572/552 599/571/579 600/578/582
f 599/571/579 284/497/509 524/496/508 600/578/582
f 524/496/508 277/482/494 582/575/581 600/578/582
f 602/581/585 285/959/945 603/958/944 601/582/586
f 603/958/944 266/1355/1331 491/1354/1330 601/582/586
f 491/1354/1330 267/1353/1329 575/579/583 601/582/586
f 605/585/589 409/703/699 606/702/698 604/586/590
f 606/702/698 288/1393/1357 607/1394/1358 604/586/590
f 607/1394/1358 272/1358/1334 497/583/587 604/586/590
f 609/589/593 473/1302/1280 610/1306/1284 608/590/594
f 610/1306/1284 474/486/498 512/485/497 608/590/594
f 512/485/497 270/924/911 611/587/591 608/590/594
f 613/592/596 253/1395/1359 614/1396/1068 612/593/597
f 614/1396/1068 254/556/565 583/555/564 612/593/597
f 583/555/564 276/478/490 503/477/489 612/593/597
f 616/596/600 313/1397/1360 617/1398/1361 615/597/601
f 617/1398/1361 310/1399/1362 618/1400/1363 615/597/601
f 618/1400/1363 311/1401/1364 619/594/598 615/597/601
f 621/600/604 316/1402/1365 622/1403/1366 620/601/605
f 622/1403/1366 410/1404/1367 623/1097/1078 620/601/605
f 623/1097/1078 411/618/622 624/598/602 620/601/605
f 626/604/608 290/591/595 502/1359/1335 625/605/609
f 502/1359/1335 401/1057/1040 627/1062/1045 625/605/609
f 627/1062/1045 402/1061/1044 628/602/606 625/605/609
f 630/608/612 320/603/607 628/602/606 629/609/613
f 628/602/606 402/1061/1044 631/1066/1049 629/609/613
f 631/1066/1049 403/1065/1048 632/606/610 629/609/613
f 634/612/616 472/1405/1368 635/1406/1369 633/613/617
f 635/1406/1369 314/963/949 636/962/948 633/613/617
f 636/962/948 315/1407/1370 637/610/614 633/613/617
f 639/616/620 471/611/615 637/610/614 638/617/621
f 637/610/614 315/1407/1370 640/1408/1371 638/617/621
f 640/1408/1371 323/1409/1372 641/614/618 638/617/621
f 643/619/623 412/1410/1373 644/1411/1374 642/620/624
f 644/1411/1374 324/1412/1375 645/1413/1376 642/620/624
f 645/1413/1376 318/599/603 624/598/602 642/620/624
f 647/623/627 321/607/611 632/606/610 646/624/628
f 632/606/610 403/1065/1048 648/1070/1053 646/624/628
f 648/1070/1053 404/1069/1052 649/621/625 646/624/628
f 651/625/629 291/1414/1377 652/1415/1378 650/626/630
f 652/1415/1378 292/1416/669 653/1417/668 650/626/630
f 653/1417/668 244/1367/1343 526/502/514 650/626/630
f 655/629/633 292/1416/669 652/1415/1378 654/630/634
f 652/1415/1378 291/1414/1377 656/1418/1379 654/630/634
f 656/1418/1379 293/1419/674 657/627/631 654/630/634
f 538/508/520 250/1378/1351 659/1420/1380 658/632/636
f 659/1420/1380 297/1421/1381 660/1422/1382 658/632/636
f 660/1422/1382 423/1141/1122 661/631/635 658/632/636
f 663/635/639 422/658/662 664/1142/1123 662/636/640
f 664/1142/1123 423/1141/1122 660/1422/1382 662/636/640
f 660/1422/1382 297/1421/1381 665/633/637 662/636/640
f 667/639/643 407/1081/1064 668/1080/1063 666/640/644
f 668/1080/1063 297/1421/1381 659/1420/1380 666/640/644
f 659/1420/1380 250/1378/1351 545/637/641 666/640/644
f 670/643/647 406/1077/1060 671/1082/1065 669/644/648
f 671/1082/1065 407/1081/1064 672/1090/1071 669/644/648
f 672/1090/1071 299/1089/677 673/641/645 669/644/648
f 675/647/651 457/650/654 676/649/653 674/648/652
f 676/649/653 301/973/959 677/970/956 674/648/652
f 677/970/956 256/932/919 554/645/649 674/648/652
f 679/651/655 458/654/658 680/653/657 678/652/656
f 680/653/657 302/1423/967 681/974/960 678/652/656
f 681/974/960 301/973/959 676/649/653 678/652/656
f 683/655/659 459/798/791 684/797/790 682/656/660
f 684/797/790 303/1424/681 685/1425/680 682/656/660
f 685/1425/680 302/1423/967 680/653/657 682/656/660
f 663/635/639 298/634/638 687/1426/1383 686/659/663
f 687/1426/1383 305/1427/809 688/1428/1384 686/659/663
f 688/1428/1384 421/1429/1385 689/657/661 686/659/663
f 691/662/666 405/1430/1056 692/1078/1061 690/663/667
f 692/1078/1061 406/1077/1060 670/643/647 690/663/667
f 670/643/647 300/642/646 693/660/664 690/663/667
f 695/666/670 311/1401/1364 696/700/696 694/667/671
f 696/700/696 286/580/584 574/1387/1355 694/667/671
f 574/1387/1355 244/1386/1343 653/664/668 694/667/671
f 698/670/672 312/595/599 619/594/598 697/671/673
f 619/594/598 311/1401/1364 695/666/670 697/671/673
f 695/666/670 292/665/669 655/668/633 697/671/673
f 700/674/675 313/1397/1360 616/596/600 699/675/676
f 616/596/600 312/595/599 698/670/672 699/675/676
f 698/670/672 294/669/632 657/672/631 699/675/676
f 702/678/678 320/603/607 630/608/612 701/679/679
f 630/608/612 321/607/611 703/698/694 701/679/679
f 703/698/694 300/697/646 673/676/645 701/679/679
f 705/682/682 323/1409/1372 640/1408/1371 704/683/683
f 640/1408/1371 315/1407/1370 706/982/968 704/683/683
f 706/982/968 302/981/967 685/680/680 704/683/683
f 708/686/686 465/790/783 709/789/782 707/687/687
f 709/789/782 326/1431/1386 710/823/814 707/687/687
f 710/823/814 306/822/813 711/684/684 707/687/687
f 713/690/690 327/794/787 714/793/786 712/691/691
f 714/793/786 416/1115/1096 715/1120/1101 712/691/691
f 715/1120/1101 417/1119/1100 716/688/688 712/691/691
f 718/694/692 328/622/626 649/621/625 717/695/693
f 649/621/625 404/1069/1052 719/1074/1057 717/695/693
f 719/1074/1057 405/1073/1056 691/692/666 717/695/693
f 703/698/694 321/607/611 647/623/627 720/699/695
f 647/623/627 328/622/626 718/694/692 720/699/695
f 718/694/692 309/693/665 693/696/664 720/699/695
f 696/700/696 311/1401/1364 618/1400/1363 721/701/697
f 618/1400/1363 310/1399/1362 722/990/976 721/701/697
f 722/990/976 285/959/945 602/581/585 721/701/697
f 724/704/700 410/1404/1367 622/1403/1366 723/705/701
f 622/1403/1366 316/1402/1365 725/1432/1387 723/705/701
f 725/1432/1387 288/1393/1357 606/702/698 723/705/701
f 727/706/702 314/963/949 635/1406/1369 726/707/703
f 635/1406/1369 472/1405/1368 728/1303/1281 726/707/703
f 728/1303/1281 473/1302/1280 609/589/593 726/707/703
f 626/604/608 320/603/607 702/678/678 729/708/704
f 702/678/678 299/677/677 730/1433/1070 729/708/704
f 730/1433/1070 253/1395/1359 613/592/596 729/708/704
f 732/711/707 330/714/710 733/713/709 731/712/708
f 733/713/709 484/1338/1314 734/1342/1318 731/712/708
f 734/1342/1318 485/1221/1201 735/709/705 731/712/708
f 737/715/711 329/1434/836 738/1435/1388 736/716/712
f 738/1435/1388 483/1436/1389 739/1339/1315 736/716/712
f 739/1339/1315 484/1338/1314 733/713/709 736/716/712
f 741/719/715 467/722/718 742/721/717 740/720/716
f 742/721/717 351/881/868 743/878/865 740/720/716
f 743/878/865 350/877/864 744/717/713 740/720/716
f 746/723/719 468/1249/1229 747/1248/1228 745/724/720
f 747/1248/1228 352/1437/1390 748/882/869 745/724/720
f 748/882/869 351/881/868 742/721/717 745/724/720
f 750/727/723 419/730/726 751/729/725 749/728/724
f 751/729/725 363/1438/1391 752/1439/1392 749/728/724
f 752/1439/1392 362/1440/816 753/725/721 749/728/724
f 755/731/727 420/1233/1213 756/1232/1212 754/732/728
f 756/1232/1212 364/1441/1393 757/1442/1394 754/732/728
f 757/1442/1394 363/1438/1391 751/729/725 754/732/728
f 759/735/731 477/1214/1195 760/1213/1194 758/736/732
f 760/1213/1194 444/1443/1395 761/1444/1396 758/736/732
f 761/1444/1396 279/1361/1337 515/733/729 758/736/732
f 763/739/735 436/1366/1342 519/1365/1341 762/740/736
f 519/1365/1341 280/1364/1340 764/1445/1397 762/740/736
f 764/1445/1397 441/1202/1183 765/737/733 762/740/736
f 767/743/739 481/564/572 591/563/571 766/744/740
f 591/563/571 282/1390/1356 768/1446/1398 766/744/740
f 768/1446/1398 340/853/840 769/741/737 766/744/740
f 595/747/743 432/1173/1154 771/1177/1158 770/748/744
f 771/1177/1158 433/861/848 772/860/847 770/748/744
f 772/860/847 346/1447/1399 773/745/741 770/748/744
f 775/751/747 487/533/545 564/532/544 774/752/748
f 564/532/544 259/1381/568 776/1448/761 774/752/748
f 776/1448/761 445/1449/760 777/749/745 774/752/748
f 779/755/751 440/1450/1400 780/1451/765 778/756/752
f 780/1451/765 261/1384/764 567/1383/1353 778/756/752
f 567/1383/1353 427/1382/1352 781/753/749 778/756/752
f 783/759/755 483/1436/1389 738/1435/1388 782/760/756
f 738/1435/1388 329/1434/836 784/1452/769 782/760/756
f 784/1452/769 262/1453/768 589/757/753 782/760/756
f 786/763/757 337/1454/772 787/1455/1401 785/764/758
f 787/1455/1401 430/1456/1402 788/1170/1151 785/764/758
f 788/1170/1151 431/1169/1150 593/761/577 785/764/758
f 776/767/761 259/560/568 586/559/567 789/768/762
f 586/559/567 279/1361/1337 761/1444/1396 789/768/762
f 761/1444/1396 444/1443/1395 790/765/759 789/768/762
f 780/771/765 440/1457/1400 792/1203/1184 791/772/766
f 792/1203/1184 441/1202/1183 764/1445/1397 791/772/766
f 764/1445/1397 280/1364/1340 793/769/763 791/772/766
f 784/775/769 329/846/836 795/845/835 794/776/770
f 795/845/835 340/853/840 768/1446/1398 794/776/770
f 768/1446/1398 282/1390/1356 590/773/767 794/776/770
f 786/779/757 264/568/576 596/567/575 796/780/773
f 596/567/575 283/746/742 773/745/741 796/780/773
f 773/745/741 346/1447/1399 797/777/771 796/780/773
f 799/783/776 470/615/619 641/614/618 798/784/777
f 641/614/618 323/1409/1372 800/1458/1403 798/784/777
f 800/1458/1403 453/1459/1404 801/781/774 798/784/777
f 803/787/780 448/1460/1405 804/1461/1406 802/788/781
f 804/1461/1406 324/1412/1375 644/1411/1374 802/788/781
f 644/1411/1374 412/1410/1373 805/785/778 802/788/781
f 807/791/784 466/718/714 744/717/713 806/792/785
f 744/717/713 350/877/864 808/1462/1407 806/792/785
f 808/1462/1407 326/1431/1386 709/789/782 806/792/785
f 810/795/788 355/1463/1408 811/1464/1409 809/796/789
f 811/1464/1409 415/1465/1410 812/1116/1097 809/796/789
f 812/1116/1097 416/1115/1096 714/793/786 809/796/789
f 814/799/792 460/1241/1221 815/1240/1220 813/800/793
f 815/1240/1220 452/1466/805 816/1467/804 813/800/793
f 816/1467/804 303/1424/681 684/797/790 813/800/793
f 818/803/796 421/1429/1385 688/1428/1384 817/804/797
f 688/1428/1384 305/1427/809 819/1468/808 817/804/797
f 819/1468/808 449/1469/1209 820/801/794 817/804/797
f 822/807/800 464/1470/685 711/1471/684 821/808/801
f 711/1471/684 306/1472/813 823/1473/812 821/808/801
f 823/1473/812 358/884/871 824/805/798 821/808/801
f 716/811/688 417/1474/1100 826/1123/1104 825/812/803
f 826/1123/1104 418/726/722 753/725/721 825/812/803
f 753/725/721 362/1440/816 827/809/802 825/812/803
f 829/815/806 453/1459/1404 800/1458/1403 828/816/807
f 800/1458/1403 323/1409/1372 705/682/682 828/816/807
f 705/682/682 303/681/681 816/813/804 828/816/807
f 831/819/810 324/1412/1375 804/1461/1406 830/820/811
f 804/1461/1406 448/1460/1405 832/1230/1210 830/820/811
f 832/1230/1210 449/1229/1209 819/817/808 830/820/811
f 710/823/814 326/1431/1386 808/1462/1407 833/824/815
f 808/1462/1407 350/877/864 834/876/863 833/824/815
f 834/876/863 358/1475/871 823/821/812 833/824/815
f 836/827/817 355/1463/1408 810/795/788 835/828/818
f 810/795/788 327/794/787 713/690/690 835/828/818
f 713/690/690 308/689/689 827/825/802 835/828/818
f 838/831/821 429/834/824 839/833/823 837/832/822
f 839/833/823 336/1476/832 840/1477/829 837/832/822
f 840/1477/829 335/1478/828 841/829/819 837/832/822
f 843/835/825 430/1456/1402 787/1455/1401 842/836/826
f 787/1455/1401 337/1454/772 844/1479/833 842/836/826
f 844/1479/833 336/1476/832 839/833/823 842/836/826
f 840/839/829 336/842/832 846/841/831 845/840/830
f 846/841/831 345/1480/1411 847/1481/1412 845/840/830
f 847/1481/1412 344/1482/1413 848/837/827 845/840/830
f 844/843/833 337/778/772 797/777/771 849/844/834
f 797/777/771 346/1447/1399 850/1483/1414 849/844/834
f 850/1483/1414 345/1480/1411 846/841/831 849/844/834
f 737/847/711 330/850/710 852/849/838 851/848/837
f 852/849/838 339/857/844 853/854/841 851/848/837
f 853/854/841 340/853/840 795/845/835 851/848/837
f 732/851/707 331/1218/706 855/1217/1198 854/852/839
f 855/1217/1198 338/1484/1415 856/858/845 854/852/839
f 856/858/845 339/857/844 852/849/838 854/852/839
f 853/854/841 339/857/844 858/856/843 857/855/842
f 858/856/843 479/1319/1297 859/1323/1301 857/855/842
f 859/1323/1301 480/742/738 769/741/737 857/855/842
f 856/858/845 338/1484/1415 861/1485/1416 860/859/846
f 861/1485/1416 478/1486/1417 862/1320/1298 860/859/846
f 862/1320/1298 479/1319/1297 858/856/843 860/859/846
f 864/862/849 434/865/852 865/864/851 863/863/850
f 865/864/851 345/1480/1411 850/1483/1414 863/863/850
f 850/1483/1414 346/1447/1399 772/860/847 863/863/850
f 867/866/853 435/1206/1187 868/1205/1186 866/867/854
f 868/1205/1186 344/1482/1413 847/1481/1412 866/867/854
f 847/1481/1412 345/1480/1411 865/864/851 866/867/854
f 870/870/857 414/873/860 871/872/859 869/871/858
f 871/872/859 354/896/883 872/893/880 869/871/858
f 872/893/880 353/892/879 873/868/855 869/871/858
f 875/874/861 415/1465/1410 811/1464/1409 874/875/862
f 811/1464/1409 355/1463/1408 876/897/884 874/875/862
f 876/897/884 354/896/883 871/872/859 874/875/862
f 743/878/865 351/881/868 878/880/867 877/879/866
f 878/880/867 357/1487/875 879/1488/872 877/879/866
f 879/1488/872 358/1475/871 834/876/863 877/879/866
f 748/882/869 352/1437/1390 881/1246/1226 880/883/870
f 881/1246/1226 356/1245/1225 882/1489/876 880/883/870
f 882/1489/876 357/1487/875 878/880/867 880/883/870
f 879/885/872 357/888/875 884/887/874 883/886/873
f 884/887/874 462/1268/1248 885/1272/1252 883/886/873
f 885/1272/1252 463/806/799 824/805/798 883/886/873
f 882/889/876 356/1490/1225 887/1491/1418 886/890/877
f 887/1491/1418 461/1492/1419 888/1269/1249 886/890/877
f 888/1269/1249 462/1268/1248 884/887/874 886/890/877
f 872/893/880 354/896/883 890/895/882 889/894/881
f 890/895/882 363/1493/1391 757/1494/1394 889/894/881
f 757/1494/1394 364/1495/1393 891/891/878 889/894/881
f 876/897/884 355/1463/1408 836/827/817 892/898/885
f 836/827/817 362/826/816 752/1496/1392 892/898/885
f 752/1496/1392 363/1493/1391 890/895/882 892/898/885
f 894/901/888 366/904/891 895/903/890 893/902/889
f 895/903/890 369/1003/986 896/1000/983 893/902/889
f 896/1000/983 368/939/926 897/899/886 893/902/889
f 899/905/892 365/1497/979 900/1498/1420 898/906/893
f 900/1498/1420 370/1499/1421 901/1004/987 898/906/893
f 901/1004/987 369/1003/986 895/903/890 898/906/893
f 903/909/896 384/912/899 904/911/898 902/910/897
f 904/911/898 387/1033/1016 905/1030/1013 902/910/897
f 905/1030/1013 386/1029/1012 906/907/894 902/910/897
f 908/913/900 383/967/953 909/966/952 907/914/901
f 909/966/952 388/1500/1422 910/1034/1017 907/914/901
f 910/1034/1017 387/1033/1016 904/911/898 907/914/901
f 912/917/904 390/920/907 913/919/906 911/918/905
f 913/919/906 393/1501/1423 914/1502/1424 911/918/905
f 914/1502/1424 392/1503/971 915/915/902 911/918/905
f 917/921/908 389/1504/1425 918/1505/1426 916/922/909
f 918/1505/1426 394/1506/1427 919/1507/1428 916/922/909
f 919/1507/1428 393/1501/1423 913/919/906 916/922/909
f 511/925/912 271/1360/1336 921/1508/1429 920/926/913
f 921/1508/1429 380/1509/1430 922/1510/1431 920/926/913
f 922/1510/1431 374/1006/989 923/923/910 920/926/913
f 925/929/916 382/1511/1432 926/1512/1433 924/930/917
f 926/1512/1433 269/1357/1333 492/1356/1332 924/930/917
f 492/1356/1332 266/1355/1331 927/927/914 924/930/917
f 929/933/920 373/1513/1434 930/1514/1435 928/934/921
f 930/1514/1435 370/1499/1421 931/937/924 928/934/921
f 931/937/924 257/936/923 555/931/918 928/934/921
f 931/937/924 370/1499/1421 900/1498/1420 932/938/925
f 900/1498/1420 365/1497/979 933/1515/935 932/938/925
f 933/1515/935 258/1379/934 559/935/922 932/938/925
f 935/940/927 242/1371/1345 532/1373/1346 934/941/928
f 532/1373/1346 245/1372/562 936/1516/938 934/941/928
f 936/1516/938 367/900/887 897/899/886 934/941/928
f 938/944/931 241/501/513 529/500/512 937/945/932
f 529/500/512 242/1371/1345 935/940/927 937/945/932
f 935/940/927 368/939/926 939/942/929 937/945/932
f 933/948/935 365/993/979 941/992/978 940/949/936
f 941/992/978 380/1509/1430 921/1508/1429 940/949/936
f 921/1508/1429 271/1360/1336 585/946/933 940/949/936
f 936/952/938 245/552/562 580/551/561 942/953/939
f 580/551/561 269/1357/1333 926/1512/1433 942/953/939
f 926/1512/1433 382/1511/1432 943/950/937 942/953/939
f 945/956/942 287/588/592 611/587/591 944/957/943
f 611/587/591 270/924/911 923/923/910 944/957/943
f 923/923/910 374/1006/989 946/954/940 944/957/943
f 948/960/946 379/1517/1436 949/1518/1437 947/961/947
f 949/1518/1437 376/928/915 927/927/914 947/961/947
f 927/927/914 266/1355/1331 603/958/944 947/961/947
f 951/964/950 385/908/895 906/907/894 950/965/951
f 906/907/894 386/1029/1012 952/1519/1438 950/965/951
f 952/1519/1438 315/1407/1370 636/962/948 950/965/951
f 954/968/954 310/1399/1362 617/1398/1361 953/969/955
f 617/1398/1361 313/1397/1360 955/1520/1439 953/969/955
f 955/1520/1439 388/1500/1422 909/966/952 953/969/955
f 677/970/956 301/973/959 957/972/958 956/971/957
f 957/972/958 389/1504/1425 958/1521/1440 956/971/957
f 958/1521/1440 373/1513/1434 929/933/920 956/971/957
f 681/974/960 302/1423/967 960/1522/966 959/975/961
f 960/1522/966 394/1506/1427 918/1505/1426 959/975/961
f 918/1505/1426 389/1504/1425 957/972/958 959/975/961
f 915/915/902 392/1503/971 962/1523/970 961/977/963
f 962/1523/970 293/1419/674 656/1418/1379 961/977/963
f 656/1418/1379 291/1414/1377 963/976/962 961/977/963
f 965/978/964 391/916/903 963/976/962 964/979/965
f 963/976/962 291/1414/1377 651/625/629 964/979/965
f 651/625/629 241/501/513 938/944/931 964/979/965
f 706/982/968 315/1407/1370 952/1519/1438 966/983/969
f 952/1519/1438 386/1029/1012 967/1028/1011 966/983/969
f 967/1028/1011 394/1524/1427 960/980/966 966/983/969
f 969/986/972 388/1500/1422 955/1520/1439 968/987/973
f 955/1520/1439 313/1397/1360 700/674/675 968/987/973
f 700/674/675 293/673/674 962/984/970 968/987/973
f 971/988/974 385/908/895 951/964/950 970/989/975
f 951/964/950 314/963/949 727/706/702 970/989/975
f 727/706/702 287/588/592 945/956/942 970/989/975
f 722/990/976 310/1399/1362 954/968/954 972/991/977
f 954/968/954 383/967/953 973/1525/1441 972/991/977
f 973/1525/1441 379/1517/1436 948/960/946 972/991/977
f 899/994/892 366/997/891 975/996/981 974/995/980
f 975/996/981 381/1526/1442 976/1527/1443 974/995/980
f 976/1527/1443 380/1509/1430 941/992/978 974/995/980
f 894/998/888 367/951/887 943/950/937 977/999/982
f 943/950/937 382/1511/1432 978/1528/1444 977/999/982
f 978/1528/1444 381/1526/1442 975/996/981 977/999/982
f 896/1000/983 369/1003/986 980/1002/985 979/1001/984
f 980/1002/985 372/1025/1008 981/1022/1005 979/1001/984
f 981/1022/1005 371/943/930 939/942/929 979/1001/984
f 901/1004/987 370/1499/1421 930/1514/1435 982/1005/988
f 930/1514/1435 373/1513/1434 983/1026/1009 982/1005/988
f 983/1026/1009 372/1025/1008 980/1002/985 982/1005/988
f 985/1007/990 375/1010/993 986/1009/992 984/1008/991
f 986/1009/992 378/1019/1002 987/1016/999 984/1008/991
f 987/1016/999 377/955/941 946/954/940 984/1008/991
f 989/1011/994 376/928/915 949/1518/1437 988/1012/995
f 949/1518/1437 379/1517/1436 990/1020/1003 988/1012/995
f 990/1020/1003 378/1019/1002 986/1009/992 988/1012/995
f 989/1011/994 375/1010/993 992/1014/997 991/1013/996
f 992/1014/997 381/1526/1442 978/1528/1444 991/1013/996
f 978/1528/1444 382/1511/1432 925/929/916 991/1013/996
f 985/1007/990 374/1006/989 922/1510/1431 993/1015/998
f 922/1510/1431 380/1509/1430 976/1527/1443 993/1015/998
f 976/1527/1443 381/1526/1442 992/1014/997 993/1015/998
f 987/1016/999 378/1019/1002 995/1018/1001 994/1017/1000
f 995/1018/1001 384/912/899 903/909/896 994/1017/1000
f 903/909/896 385/908/895 971/988/974 994/1017/1000
f 990/1020/1003 379/1517/1436 973/1525/1441 996/1021/1004
f 973/1525/1441 383/967/953 908/913/900 996/1021/1004
f 908/913/900 384/912/899 995/1018/1001 996/1021/1004
f 981/1022/1005 372/1025/1008 998/1024/1007 997/1023/1006
f 998/1024/1007 390/920/907 912/917/904 997/1023/1006
f 912/917/904 391/916/903 965/978/964 997/1023/1006
f 983/1026/1009 373/1513/1434 958/1521/1440 999/1027/1010
f 958/1521/1440 389/1504/1425 917/921/908 999/1027/1010
f 917/921/908 390/920/907 998/1024/1007 999/1027/1010
f 905/1030/1013 387/1033/1016 1001/1032/1015 1000/1031/1014
f 1001/1032/1015 393/1529/1423 919/1530/1428 1000/1031/1014
f 919/1530/1428 394/1524/1427 967/1028/1011 1000/1031/1014
f 910/1034/1017 388/1500/1422 969/986/972 1002/1035/1018
f 969/986/972 392/985/971 914/1531/1424 1002/1035/1018
f 914/1531/1424 393/1529/1423 1001/1032/1015 1002/1035/1018
f 550/1038/1021 395/517/529 546/516/528 1003/1039/1022
f 546/516/528 251/1376/1349 540/514/526 1003/1039/1022
f 540/514/526 252/513/525 1004/1036/1019 1003/1039/1022
f 571/1042/1025 396/1037/1020 1004/1036/1019 1005/1043/1026
f 1004/1036/1019 252/513/525 568/1385/1354 1005/1043/1026
f 568/1385/1354 261/1384/764 1006/1040/1023 1005/1043/1026
f 598/1046/1029 397/1392/1024 1006/1532/1023 1007/1047/1030
f 1006/1532/1023 261/770/764 793/769/763 1007/1047/1030
f 793/769/763 280/1364/1340 1008/1044/1027 1007/1047/1030
f 523/1050/1033 398/1045/1028 1008/1044/1027 1009/1051/1034
f 1008/1044/1027 280/1364/1340 518/1363/1339 1009/1051/1034
f 518/1363/1339 274/474/486 1010/1048/1031 1009/1051/1034
f 506/1054/1037 399/1049/1032 1010/1048/1031 1011/1055/1038
f 1010/1048/1031 274/474/486 498/473/485 1011/1055/1038
f 498/473/485 272/1358/1334 1012/1052/1035 1011/1055/1038
f 501/1058/1041 400/1053/1036 1012/1052/1035 1013/1059/1042
f 1012/1052/1035 272/1358/1334 607/1394/1358 1013/1059/1042
f 607/1394/1358 288/1393/1357 1014/1056/1039 1013/1059/1042
f 627/1062/1045 401/1057/1040 1014/1056/1039 1015/1063/1046
f 1014/1056/1039 288/1393/1357 725/1432/1387 1015/1063/1046
f 725/1432/1387 316/1402/1365 1016/1060/1043 1015/1063/1046
f 631/1066/1049 402/1061/1044 1016/1060/1043 1017/1067/1050
f 1016/1060/1043 316/1402/1365 621/600/604 1017/1067/1050
f 621/600/604 318/599/603 1018/1064/1047 1017/1067/1050
f 648/1070/1053 403/1065/1048 1018/1064/1047 1019/1071/1054
f 1018/1064/1047 318/599/603 645/1413/1376 1019/1071/1054
f 645/1413/1376 324/1412/1375 1020/1068/1051 1019/1071/1054
f 719/1074/1057 404/1069/1052 1020/1068/1051 1021/1075/1058
f 1020/1068/1051 324/1412/1375 831/819/810 1021/1075/1058
f 831/819/810 305/818/809 1022/1072/1055 1021/1075/1058
f 692/1078/1061 405/1430/1056 1022/1533/1055 1023/1079/1062
f 1022/1533/1055 305/1427/809 687/1426/1383 1023/1079/1062
f 687/1426/1383 298/634/638 1024/1076/1059 1023/1079/1062
f 671/1082/1065 406/1077/1060 1024/1076/1059 1025/1083/1066
f 1024/1076/1059 298/634/638 665/633/637 1025/1083/1066
f 665/633/637 297/1421/1381 668/1080/1063 1025/1083/1066
f 614/1086/1068 253/1534/1359 1027/1535/1445 1026/1087/1069
f 1027/1535/1445 408/638/642 544/518/530 1026/1087/1069
f 544/518/530 395/517/529 549/1084/1067 1026/1087/1069
f 672/1090/1071 407/1081/1064 667/639/643 1028/1091/1072
f 667/639/643 408/638/642 1027/1535/1445 1028/1091/1072
f 1027/1535/1445 253/1534/1359 730/1088/1070 1028/1091/1072
f 1030/1094/1075 317/1536/1446 1031/1537/1447 1029/1095/1076
f 1031/1537/1447 410/1404/1367 724/704/700 1029/1095/1076
f 724/704/700 409/703/699 1032/1092/1073 1029/1095/1076
f 623/1097/1078 410/1404/1367 1031/1537/1447 1033/1098/1079
f 1031/1537/1447 317/1536/1446 1034/1299/1277 1033/1098/1079
f 1034/1299/1277 319/1099/1080 1035/1096/1077 1033/1098/1079
f 1037/1100/1081 322/1296/1274 1038/1538/1448 1036/1101/1082
f 1038/1538/1448 412/1410/1373 643/619/623 1036/1101/1082
f 643/619/623 411/618/622 1035/1096/1077 1036/1101/1082
f 1040/1104/1085 447/786/779 805/785/778 1039/1105/1086
f 805/785/778 412/1410/1373 1038/1538/1448 1039/1105/1086
f 1038/1538/1448 322/1296/1274 1041/1102/1083 1039/1105/1086
f 1043/1108/1089 348/1111/1092 1044/1110/1091 1042/1109/1090
f 1044/1110/1091 414/873/860 870/870/857 1042/1109/1090
f 870/870/857 413/869/856 1045/1106/1087 1042/1109/1090
f 1047/1112/1093 349/1287/1265 1048/1539/1449 1046/1113/1094
f 1048/1539/1449 415/1465/1410 875/874/861 1046/1113/1094
f 875/874/861 414/873/860 1044/1110/1091 1046/1113/1094
f 812/1116/1097 415/1465/1410 1048/1539/1449 1049/1117/1098
f 1048/1539/1449 349/1287/1265 1050/1284/1262 1049/1117/1098
f 1050/1284/1262 325/1283/1261 1051/1114/1095 1049/1117/1098
f 715/1120/1101 416/1115/1096 1051/1114/1095 1052/1121/1102
f 1051/1114/1095 325/1283/1261 1053/1280/1258 1052/1121/1102
f 1053/1280/1258 307/1279/1255 1054/1118/1099 1052/1121/1102
f 826/1123/1104 417/1474/1100 1054/1540/1099 1055/1124/1105
f 1054/1540/1099 307/1275/1255 1056/1274/1254 1055/1124/1105
f 1056/1274/1254 361/1125/1106 1057/1122/1103 1055/1124/1105
f 1059/1126/1107 360/1129/1110 1060/1128/1109 1058/1127/1108
f 1060/1128/1109 419/730/726 750/727/723 1058/1127/1108
f 750/727/723 418/726/722 1057/1122/1103 1058/1127/1108
f 1062/1130/1111 359/1237/1217 1063/1236/1216 1061/1131/1112
f 1063/1236/1216 420/1233/1213 755/731/727 1061/1131/1112
f 755/731/727 419/730/726 1060/1128/1109 1061/1131/1112
f 1065/1134/1115 304/1260/1240 1066/1541/1450 1064/1135/1116
f 1066/1541/1450 421/1429/1385 818/803/796 1064/1135/1116
f 818/803/796 450/802/795 1067/1132/1113 1064/1135/1116
f 1069/1138/1119 422/658/662 689/657/661 1068/1139/1120
f 689/657/661 421/1429/1385 1066/1541/1450 1068/1139/1120
f 1066/1541/1450 304/1260/1240 1070/1136/1117 1068/1139/1120
f 664/1142/1123 422/658/662 1069/1138/1119 1071/1143/1124
f 1069/1138/1119 296/1137/1118 1072/1257/1237 1071/1143/1124
f 1072/1257/1237 295/1542/1451 1073/1140/1121 1071/1143/1124
f 1075/1146/1127 424/509/521 661/631/635 1074/1147/1128
f 661/631/635 423/1141/1122 1073/1140/1121 1074/1147/1128
f 1073/1140/1121 295/1542/1451 1076/1144/1125 1074/1147/1128
f 1078/1148/1129 247/1543/1452 1079/1544/1453 1077/1149/1130
f 1079/1544/1453 425/1374/1347 535/510/522 1077/1149/1130
f 535/510/522 424/509/521 1075/1146/1127 1077/1149/1130
f 541/1151/1132 425/1374/1347 1079/1544/1453 1080/1152/1133
f 1079/1544/1453 247/1543/1452 1081/1351/1327 1080/1152/1133
f 1081/1351/1327 249/1153/1134 1082/1150/1131 1080/1152/1133
f 1084/1154/1135 260/1348/1324 1085/1545/1454 1083/1155/1136
f 1085/1545/1454 427/1382/1352 566/537/549 1083/1155/1136
f 566/537/549 426/536/548 1082/1150/1131 1083/1155/1136
f 1087/1158/1139 439/754/750 781/753/749 1086/1159/1140
f 781/753/749 427/1382/1352 1085/1545/1454 1086/1159/1140
f 1085/1545/1454 260/1348/1324 1088/1156/1137 1086/1159/1140
f 1090/1162/1143 333/1165/1146 1091/1164/1145 1089/1163/1144
f 1091/1164/1145 429/834/824 838/831/821 1089/1163/1144
f 838/831/821 428/830/820 1092/1160/1141 1089/1163/1144
f 1094/1166/1147 334/1546/1455 1095/1547/1456 1093/1167/1148
f 1095/1547/1456 430/1456/1402 843/835/825 1093/1167/1148
f 843/835/825 429/834/824 1091/1164/1145 1093/1167/1148
f 788/1170/1151 430/1456/1402 1095/1547/1456 1096/1171/1152
f 1095/1547/1456 334/1546/1455 1097/1335/1311 1096/1171/1152
f 1097/1335/1311 263/1334/1308 1098/1168/1149 1096/1171/1152
f 594/1174/1155 431/1391/1150 1098/1548/1149 1099/1175/1156
f 1098/1548/1149 263/1330/1308 1100/1329/1307 1099/1175/1156
f 1100/1329/1307 281/1326/1304 1101/1172/1153 1099/1175/1156
f 771/1177/1158 432/1173/1154 1101/1172/1153 1102/1178/1159
f 1101/1172/1153 281/1326/1304 1103/1325/1303 1102/1178/1159
f 1103/1325/1303 343/1179/1160 1104/1176/1157 1102/1178/1159
f 1106/1180/1161 342/1183/1164 1107/1182/1163 1105/1181/1162
f 1107/1182/1163 434/865/852 864/862/849 1105/1181/1162
f 864/862/849 433/861/848 1104/1176/1157 1105/1181/1162
f 1109/1184/1165 341/1210/1191 1110/1209/1190 1108/1185/1166
f 1110/1209/1190 435/1206/1187 867/866/853 1108/1185/1166
f 867/866/853 434/865/852 1107/1182/1163 1108/1185/1166
f 1112/1188/1169 278/1311/1289 1113/1549/1457 1111/1189/1170
f 1113/1549/1457 436/1366/1342 763/739/735 1111/1189/1170
f 763/739/735 442/738/734 1114/1186/1167 1111/1189/1170
f 1116/1192/1173 437/494/506 520/493/505 1115/1193/1174
f 520/493/505 436/1366/1342 1113/1549/1457 1115/1193/1174
f 1113/1549/1457 278/1311/1289 1117/1190/1171 1115/1193/1174
f 496/1195/1176 437/494/506 1116/1192/1173 1118/1196/1177
f 1116/1192/1173 275/1191/1172 1119/1308/1286 1118/1196/1177
f 1119/1308/1286 273/1550/1458 1120/1194/1175 1118/1196/1177
f 1032/1092/1073 409/703/699 605/585/589 1121/1198/1179
f 605/585/589 438/584/588 1120/1194/1175 1121/1198/1179
f 1120/1194/1175 273/1550/1458 1122/1197/1178 1121/1198/1179
f 841/829/819 335/1478/828 1124/1551/1459 1123/1200/1181
f 1124/1551/1459 440/1450/1400 779/755/751 1123/1200/1181
f 779/755/751 439/754/750 1125/1199/1180 1123/1200/1181
f 792/1203/1184 440/1457/1400 1124/1552/1459 1126/1204/1185
f 1124/1552/1459 335/838/828 848/837/827 1126/1204/1185
f 848/837/827 344/1482/1413 1127/1201/1182 1126/1204/1185
f 1129/1207/1188 442/738/734 765/737/733 1128/1208/1189
f 765/737/733 441/1202/1183 1127/1201/1182 1128/1208/1189
f 1127/1201/1182 344/1482/1413 868/1205/1186 1128/1208/1189
f 1131/1211/1192 443/1187/1168 1114/1186/1167 1130/1212/1193
f 1114/1186/1167 442/738/734 1129/1207/1188 1130/1212/1193
f 1129/1207/1188 435/1206/1187 1110/1209/1190 1130/1212/1193
f 1133/1215/1196 478/1486/1417 861/1485/1416 1132/1216/1197
f 861/1485/1416 338/1484/1415 1134/1553/1460 1132/1216/1197
f 1134/1553/1460 444/1443/1395 760/1213/1194 1132/1216/1197
f 1136/1219/1199 445/766/760 790/765/759 1135/1220/1200
f 790/765/759 444/1443/1395 1134/1553/1460 1135/1220/1200
f 1134/1553/1460 338/1484/1415 855/1217/1198 1135/1220/1200
f 1138/1222/1202 486/750/746 777/749/745 1137/1223/1203
f 777/749/745 445/1449/760 1136/1554/1199 1137/1223/1203
f 1136/1554/1199 331/710/706 735/709/705 1137/1223/1203
f 1092/1160/1141 428/830/820 1125/1199/1180 1139/1225/1205
f 1125/1199/1180 439/754/750 1087/1158/1139 1139/1225/1205
f 1087/1158/1139 446/1157/1138 1140/1224/1204 1139/1225/1205
f 873/868/855 353/892/879 1142/1555/1461 1141/1227/1207
f 1142/1555/1461 448/1460/1405 803/787/780 1141/1227/1207
f 803/787/780 447/786/779 1143/1226/1206 1141/1227/1207
f 832/1230/1210 448/1460/1405 1142/1555/1461 1144/1231/1211
f 1142/1555/1461 353/892/879 891/891/878 1144/1231/1211
f 891/891/878 364/1495/1393 1145/1228/1208 1144/1231/1211
f 1147/1234/1214 450/802/795 820/801/794 1146/1235/1215
f 820/801/794 449/1469/1209 1145/1556/1208 1146/1235/1215
f 1145/1556/1208 364/1441/1393 756/1232/1212 1146/1235/1215
f 1149/1238/1218 451/1133/1114 1067/1132/1113 1148/1239/1219
f 1067/1132/1113 450/802/795 1147/1234/1214 1148/1239/1219
f 1147/1234/1214 420/1233/1213 1063/1236/1216 1148/1239/1219
f 1151/1242/1222 461/1492/1419 887/1491/1418 1150/1243/1223
f 887/1491/1418 356/1490/1225 1152/1557/1224 1150/1243/1223
f 1152/1557/1224 452/1466/805 815/1240/1220 1150/1243/1223
f 881/1246/1226 352/1437/1390 1154/1558/1462 1153/1247/1227
f 1154/1558/1462 453/1459/1404 829/815/806 1153/1247/1227
f 829/815/806 452/814/805 1152/1244/1224 1153/1247/1227
f 1156/1250/1230 469/782/775 801/781/774 1155/1251/1231
f 801/781/774 453/1459/1404 1154/1558/1462 1155/1251/1231
f 1154/1558/1462 352/1437/1390 747/1248/1228 1155/1251/1231
f 1045/1106/1087 413/869/856 1143/1226/1206 1157/1253/1233
f 1143/1226/1206 447/786/779 1040/1104/1085 1157/1253/1233
f 1040/1104/1085 454/1103/1084 1158/1252/1232 1157/1253/1233
f 1160/1254/1234 456/646/650 553/526/538 1159/1255/1235
f 553/526/538 455/525/537 1161/1559/1463 1159/1255/1235
f 1161/1559/1463 247/1543/1452 1078/1148/1129 1159/1255/1235
f 1076/1144/1125 295/1542/1451 1163/1560/1464 1162/1256/1236
f 1163/1560/1464 457/650/654 675/647/651 1162/1256/1236
f 675/647/651 456/646/650 1160/1254/1234 1162/1256/1236
f 1165/1258/1238 458/654/658 679/651/655 1164/1259/1239
f 679/651/655 457/650/654 1163/1560/1464 1164/1259/1239
f 1163/1560/1464 295/1542/1451 1072/1257/1237 1164/1259/1239
f 1167/1261/1241 459/798/791 683/655/659 1166/1262/1242
f 683/655/659 458/654/658 1165/1258/1238 1166/1262/1242
f 1165/1258/1238 296/1137/1118 1070/1136/1117 1166/1262/1242
f 1169/1263/1243 460/1241/1221 814/799/792 1168/1264/1244
f 814/799/792 459/798/791 1167/1261/1241 1168/1264/1244
f 1167/1261/1241 304/1260/1240 1065/1134/1115 1168/1264/1244
f 1171/1265/1245 461/1492/1419 1151/1242/1222 1170/1266/1246
f 1151/1242/1222 460/1241/1221 1169/1263/1243 1170/1266/1246
f 1169/1263/1243 451/1133/1114 1149/1238/1218 1170/1266/1246
f 888/1269/1249 461/1492/1419 1171/1265/1245 1172/1270/1250
f 1171/1265/1245 359/1237/1217 1062/1130/1111 1172/1270/1250
f 1062/1130/1111 360/1129/1110 1173/1267/1247 1172/1270/1250
f 885/1272/1252 462/1268/1248 1173/1267/1247 1174/1273/1253
f 1173/1267/1247 360/1129/1110 1059/1126/1107 1174/1273/1253
f 1059/1126/1107 361/1125/1106 1175/1271/1251 1174/1273/1253
f 1177/1276/1256 464/1470/685 822/807/800 1176/1277/1257
f 822/807/800 463/806/799 1175/1271/1251 1176/1277/1257
f 1175/1271/1251 361/1125/1106 1056/1274/1254 1176/1277/1257
f 1053/1280/1258 325/1283/1261 1179/1282/1260 1178/1281/1259
f 1179/1282/1260 465/790/783 708/686/686 1178/1281/1259
f 708/686/686 464/685/685 1177/1278/1256 1178/1281/1259
f 1050/1284/1262 349/1287/1265 1181/1286/1264 1180/1285/1263
f 1181/1286/1264 466/718/714 807/791/784 1180/1285/1263
f 807/791/784 465/790/783 1179/1282/1260 1180/1285/1263
f 1047/1112/1093 348/1111/1092 1183/1289/1267 1182/1288/1266
f 1183/1289/1267 467/722/718 741/719/715 1182/1288/1266
f 741/719/715 466/718/714 1181/1286/1264 1182/1288/1266
f 1043/1108/1089 347/1107/1088 1185/1291/1269 1184/1290/1268
f 1185/1291/1269 468/1249/1229 746/723/719 1184/1290/1268
f 746/723/719 467/722/718 1183/1289/1267 1184/1290/1268
f 1158/1252/1232 454/1103/1084 1187/1293/1271 1186/1292/1270
f 1187/1293/1271 469/782/775 1156/1250/1230 1186/1292/1270
f 1156/1250/1230 468/1249/1229 1185/1291/1269 1186/1292/1270
f 1041/1102/1083 322/1296/1274 1189/1295/1273 1188/1294/1272
f 1189/1295/1273 470/615/619 799/783/776 1188/1294/1272
f 799/783/776 469/782/775 1187/1293/1271 1188/1294/1272
f 1037/1100/1081 319/1099/1080 1191/1298/1276 1190/1297/1275
f 1191/1298/1276 471/611/615 639/616/620 1190/1297/1275
f 639/616/620 470/615/619 1189/1295/1273 1190/1297/1275
f 1034/1299/1277 317/1536/1446 1193/1561/1465 1192/1300/1278
f 1193/1561/1465 472/1405/1368 634/612/616 1192/1300/1278
f 634/612/616 471/611/615 1191/1298/1276 1192/1300/1278
f 728/1303/1281 472/1405/1368 1193/1561/1465 1194/1304/1282
f 1193/1561/1465 317/1536/1446 1030/1094/1075 1194/1304/1282
f 1030/1094/1075 289/1093/1074 1195/1301/1279 1194/1304/1282
f 610/1306/1284 473/1302/1280 1195/1301/1279 1196/1307/1285
f 1195/1301/1279 289/1093/1074 1122/1197/1178 1196/1307/1285
f 1122/1197/1178 273/1550/1458 1197/1305/1283 1196/1307/1285
f 1199/1309/1287 475/490/502 509/487/499 1198/1310/1288
f 509/487/499 474/486/498 1197/1305/1283 1198/1310/1288
f 1197/1305/1283 273/1550/1458 1119/1308/1286 1198/1310/1288
f 1201/1312/1290 476/734/730 514/491/503 1200/1313/1291
f 514/491/503 475/490/502 1199/1309/1287 1200/1313/1291
f 1199/1309/1287 275/1191/1172 1117/1190/1171 1200/1313/1291
f 1203/1314/1292 477/1214/1195 759/735/731 1202/1315/1293
f 759/735/731 476/734/730 1201/1312/1290 1202/1315/1293
f 1201/1312/1290 278/1311/1289 1112/1188/1169 1202/1315/1293
f 1205/1316/1294 478/1486/1417 1133/1215/1196 1204/1317/1295
f 1133/1215/1196 477/1214/1195 1203/1314/1292 1204/1317/1295
f 1203/1314/1292 443/1187/1168 1131/1211/1192 1204/1317/1295
f 862/1320/1298 478/1486/1417 1205/1316/1294 1206/1321/1299
f 1205/1316/1294 341/1210/1191 1109/1184/1165 1206/1321/1299
f 1109/1184/1165 342/1183/1164 1207/1318/1296 1206/1321/1299
f 859/1323/1301 479/1319/1297 1207/1318/1296 1208/1324/1302
f 1207/1318/1296 342/1183/1164 1106/1180/1161 1208/1324/1302
f 1106/1180/1161 343/1179/1160 1209/1322/1300 1208/1324/1302
f 1211/1327/1305 481/564/572 767/743/739 1210/1328/1306
f 767/743/739 480/742/738 1209/1322/1300 1210/1328/1306
f 1209/1322/1300 343/1179/1160 1103/1325/1303 1210/1328/1306
f 1213/1331/1309 482/1388/754 588/565/573 1212/1332/1310
f 588/565/573 481/564/572 1211/1327/1305 1212/1332/1310
f 1211/1327/1305 281/1326/1304 1100/1329/1307 1212/1332/1310
f 1097/1335/1311 334/1546/1455 1215/1562/1466 1214/1336/1312
f 1215/1562/1466 483/1436/1389 783/759/755 1214/1336/1312
f 783/759/755 482/758/754 1213/1333/1309 1214/1336/1312
f 739/1339/1315 483/1436/1389 1215/1562/1466 1216/1340/1316
f 1215/1562/1466 334/1546/1455 1094/1166/1147 1216/1340/1316
f 1094/1166/1147 333/1165/1146 1217/1337/1313 1216/1340/1316
f 734/1342/1318 484/1338/1314 1217/1337/1313 1218/1343/1319
f 1217/1337/1313 333/1165/1146 1090/1162/1143 1218/1343/1319
f 1090/1162/1143 332/1161/1142 1219/1341/1317 1218/1343/1319
f 1140/1224/1204 446/1157/1138 1221/1345/1321 1220/1344/1320
f 1221/1345/1321 486/750/746 1138/1222/1202 1220/1344/1320
f 1138/1222/1202 485/1221/1201 1219/1341/1317 1220/1344/1320
f 1088/1156/1137 260/1348/1324 1223/1347/1323 1222/1346/1322
f 1223/1347/1323 487/533/545 775/751/747 1222/1346/1322
f 775/751/747 486/750/746 1221/1345/1321 1222/1346/1322
f 1084/1154/1135 249/1153/1134 1225/1350/1326 1224/1349/1325
f 1225/1350/1326 488/529/541 562/534/546 1224/1349/1325
f 562/534/546 487/533/545 1223/1347/1323 1224/1349/1325
f 1081/1351/1327 247/1543/1452 1161/1559/1463 1226/1352/1328
f 1161/1559/1463 455/525/537 558/530/542 1226/1352/1328
f 558/530/542 488/529/541 1225/1350/1326 1226/1352/1328
s 115
f 1517/1563/1467 1573/1564/1468 1514/1565/1469 1513/1566/1470
f 1515/1567/1471 1574/1568/1472 1519/1569/1473 1518/1570/1474
f 1520/1571/1475 1575/1572/1476 1523/1573/1477 1522/1574/1478
f 1524/1575/1479 1576/1576/1480 1527/1577/1481 1526/1578/1482
f 1528/1579/1483 1577/1580/1484 1531/1581/1485 1530/1582/1486
f 1532/1583/1487 1578/1584/1488 1535/1585/1489 1534/1586/1490
f 1536/1587/1491 1579/1588/1492 1539/1589/1493 1538/1590/1494
f 1540/1591/1495 1580/1592/1496 1543/1593/1497 1542/1594/1498
f 1544/1595/1499 1581/1596/1500 1547/1597/1501 1546/1598/1502
f 1548/1599/1503 1582/1600/1504 1551/1601/1505 1550/1602/1506
f 1552/1603/1507 1583/1604/1508 1555/1605/1509 1554/1606/1510
f 1556/1607/1511 1584/1608/1512 1559/1609/1513 1558/1610/1514
f 1560/1611/1515 1585/1612/1516 1563/1613/1517 1562/1614/1518
f 1564/1615/1519 1586/1616/1520 1567/1617/1521 1566/1618/1522
f 1568/1619/1523 1587/1620/1524 1571/1621/1525 1570/1622/1526
f 1591/1623/1527 1243/1624/1528 1589/1625/1529 1588/1626/1530
f 1590/1627/1531 1244/1628/1532 1593/1629/1533 1592/1630/1534
f 1594/1631/1535 1246/1632/1536 1596/1633/1537 1595/1634/1538
f 1597/1635/1539 1247/1636/1540 1599/1637/1541 1598/1638/1542
f 1600/1639/1543 1248/1640/1544 1602/1641/1545 1601/1642/1546
f 1603/1643/1547 1249/1644/1548 1605/1645/1549 1604/1646/1550
f 1606/1647/1551 1250/1648/1552 1608/1649/1553 1607/1650/1554
f 1609/1651/1555 1251/1652/1556 1611/1653/1557 1610/1654/1558
f 1612/1655/1559 1252/1656/1560 1614/1657/1561 1613/1658/1562
f 1615/1659/1563 1253/1660/1564 1617/1661/1565 1616/1662/1566
f 1618/1663/1567 1254/1664/1568 1620/1665/1569 1619/1666/1570
f 1621/1667/1571 1255/1668/1572 1623/1669/1573 1622/1670/1574
f 1624/1671/1575 1256/1672/1576 1626/1673/1577 1625/1674/1578
f 1627/1675/1579 1257/1676/1580 1629/1677/1581 1628/1678/1582
f 1630/1679/1583 1258/1680/1584 1632/1681/1585 1631/1682/1586
f 1636/1683/1587 1259/1684/1588 1633/1685/1589 1635/1686/1590
f 1634/1687/1591 1273/1688/1592 1637/1689/1593 1639/1690/1594
f 1638/1691/1595 1272/1692/1596 1640/1693/1597 1642/1694/1598
f 1641/1695/1599 1271/1696/1600 1643/1697/1601 1645/1698/1602
f 1644/1699/1603 1270/1700/1604 1646/1701/1605 1648/1702/1606
f 1647/1703/1607 1269/1704/1608 1649/1705/1609 1651/1706/1610
f 1650/1707/1611 1268/1708/1612 1652/1709/1613 1654/1710/1614
f 1653/1711/1615 1267/1712/1616 1655/1713/1617 1657/1714/1618
f 1656/1715/1619 1266/1716/1620 1658/1717/1621 1660/1718/1622
f 1659/1719/1623 1265/1720/1624 1661/1721/1625 1663/1722/1626
f 1662/1723/1627 1264/1724/1628 1664/1725/1629 1666/1726/1630
f 1665/1727/1631 1263/1728/1632 1667/1729/1633 1669/1730/1634
f 1668/1731/1635 1262/1732/1636 1670/1733/1637 1672/1734/1638
f 1671/1735/1639 1261/1736/1640 1673/1737/1641 1675/1738/1642
f 1674/1739/1643 1260/1740/1644 1676/1741/1645 1677/1742/1646
f 1680/1743/1647 1636/1683/1587 1635/1686/1590 1678/1744/1648
f 1679/1745/1649 1634/1687/1591 1639/1690/1594 1681/1746/1650
f 1682/1747/1651 1638/1691/1595 1642/1694/1598 1683/1748/1652
f 1684/1749/1653 1641/1695/1599 1645/1698/1602 1685/1750/1654
f 1686/1751/1655 1644/1699/1603 1648/1702/1606 1687/1752/1656
f 1688/1753/1657 1647/1703/1607 1651/1706/1610 1689/1754/1658
f 1690/1755/1659 1650/1707/1611 1654/1710/1614 1691/1756/1660
f 1692/1757/1661 1653/1711/1615 1657/1714/1618 1693/1758/1662
f 1694/1759/1663 1656/1715/1619 1660/1718/1622 1695/1760/1664
f 1696/1761/1665 1659/1719/1623 1663/1722/1626 1697/1762/1666
f 1698/1763/1667 1662/1723/1627 1666/1726/1630 1699/1764/1668
f 1700/1765/1669 1665/1727/1631 1669/1730/1634 1701/1766/1670
f 1702/1767/1671 1668/1731/1635 1672/1734/1638 1703/1768/1672
f 1704/1769/1673 1671/1735/1639 1675/1738/1642 1705/1770/1674
f 1706/1771/1675 1674/1739/1643 1677/1742/1646 1707/1772/1676
s 118
f 1332/1773/1677 1275/1774/1678 1329/1775/1679 1328/1776/1680
f 1337/1777/1681 1276/1778/1682 1334/1779/1683 1333/1780/1684
f 1342/1781/1685 1277/1782/1686 1339/1783/1687 1338/1784/1688
f 1347/1785/1689 1284/1786/1690 1344/1787/1691 1343/1788/1692
f 1352/1789/1693 1285/1790/1694 1349/1791/1695 1348/1792/1696
f 1357/1793/1697 1287/1794/1698 1354/1795/1699 1353/1796/1700
f 1345/1797/1701 1283/1798/1702 1359/1799/1703 1358/1800/1704
f 1350/1801/1705 1286/1802/1706 1361/1803/1707 1360/1804/1708
f 1357/1793/1697 1291/1805/1709 1363/1806/1710 1362/1807/1711
f 1365/1808/1712 1275/1774/1678 1332/1773/1677 1364/1809/1713
f 1367/1810/1714 1280/1811/1715 1340/1812/1716 1366/1813/1717
f 1369/1814/1718 1282/1815/1719 1335/1816/1720 1368/1817/1721
f 1372/1818/1722 1275/1819/1678 1365/1820/1712 1370/1821/1723
f 1375/1822/1724 1280/1823/1715 1367/1824/1714 1373/1825/1725
f 1378/1826/1726 1282/1827/1719 1369/1828/1718 1376/1829/1727
f 1334/1779/1683 1276/1778/1682 1339/1783/1687 1379/1830/1728
f 1354/1795/1699 1287/1794/1698 1346/1831/1729 1380/1832/1730
f 1385/1833/1731 1292/1834/1732 1382/1835/1733 1381/1836/1734
f 1389/1837/1735 1293/1838/1736 1382/1839/1733 1386/1840/1737
f 1393/1841/1738 1295/1842/1739 1388/1843/1740 1390/1844/1741
f 1396/1845/1742 1297/1846/1743 1392/1847/1744 1394/1848/1745
f 1401/1849/1746 1300/1850/1747 1398/1851/1748 1397/1852/1749
f 1405/1853/1750 1301/1854/1751 1398/1855/1748 1402/1856/1752
f 1409/1857/1753 1302/1858/1754 1400/1859/1755 1406/1860/1756
f 1412/1861/1757 1305/1862/1758 1404/1863/1759 1410/1864/1760
f 1417/1865/1761 1308/1866/1762 1414/1867/1763 1413/1868/1764
f 1421/1869/1765 1309/1870/1766 1414/1871/1763 1418/1872/1767
f 1425/1873/1768 1310/1874/1769 1416/1875/1770 1422/1876/1771
f 1428/1877/1772 1313/1878/1773 1420/1879/1774 1426/1880/1775
f 1431/1881/1776 1274/1882/1777 1329/1775/1679 1429/1883/1778
f 1430/1884/1779 1275/1819/1678 1372/1818/1722 1432/1885/1780
f 1433/1886/1781 1283/1798/1702 1344/1787/1691 1434/1887/1782
f 1435/1888/1783 1284/1786/1690 1377/1889/1784 1436/1890/1785
f 1439/1891/1786 1279/1892/1787 1341/1893/1788 1437/1894/1789
f 1438/1895/1790 1280/1823/1715 1375/1822/1724 1440/1896/1791
f 1441/1897/1792 1286/1802/1706 1349/1791/1695 1442/1898/1793
f 1443/1899/1794 1285/1790/1694 1371/1900/1795 1444/1901/1796
f 1447/1902/1797 1281/1903/1798 1336/1904/1799 1445/1905/1800
f 1446/1906/1801 1282/1827/1719 1378/1826/1726 1448/1907/1802
f 1449/1908/1803 1291/1805/1709 1356/1909/1804 1450/1910/1805
f 1451/1911/1806 1290/1912/1807 1374/1913/1808 1452/1914/1809
f 1456/1915/1810 1303/1916/1811 1399/1917/1812 1453/1918/1813
f 1454/1919/1814 1301/1854/1751 1405/1853/1750 1457/1920/1815
f 1458/1921/1816 1305/1862/1758 1412/1861/1757 1460/1922/1817
f 1461/1923/1818 1307/1924/1819 1407/1925/1820 1463/1926/1821
f 1468/1927/1822 1311/1928/1823 1415/1929/1824 1465/1930/1825
f 1466/1931/1826 1309/1870/1766 1421/1869/1765 1469/1932/1827
f 1470/1933/1828 1313/1878/1773 1428/1877/1772 1472/1934/1829
f 1473/1935/1830 1315/1936/1831 1423/1937/1832 1475/1938/1833
f 1480/1939/1834 1293/1838/1736 1389/1837/1735 1477/1940/1835
f 1478/1941/1836 1295/1842/1739 1393/1841/1738 1481/1942/1837
f 1482/1943/1838 1297/1846/1743 1396/1845/1742 1484/1944/1839
f 1485/1945/1840 1299/1946/1841 1383/1947/1842 1487/1948/1843
f 1491/1949/1844 1324/1950/1845 1479/1951/1846 1489/1952/1847
f 1490/1953/1848 1325/1954/1849 1483/1955/1850 1492/1956/1851
f 1493/1957/1852 1326/1958/1853 1486/1959/1854 1494/1960/1855
f 1495/1961/1856 1327/1962/1857 1488/1963/1858 1496/1964/1859
f 1499/1965/1860 1317/1966/1861 1462/1967/1862 1497/1968/1863
f 1501/1969/1864 1318/1970/1865 1459/1971/1866 1500/1972/1867
f 1503/1973/1868 1319/1974/1869 1455/1975/1870 1502/1976/1871
f 1498/1977/1872 1316/1978/1873 1464/1979/1874 1504/1980/1875
f 1507/1981/1876 1321/1982/1877 1474/1983/1878 1505/1984/1879
f 1509/1985/1880 1322/1986/1881 1471/1987/1882 1508/1988/1883
f 1511/1989/1884 1323/1990/1885 1467/1991/1886 1510/1992/1887
f 1506/1993/1888 1320/1994/1889 1476/1995/1890 1512/1996/1891
f 1329/1775/1679 1274/1882/1777 1330/1997/1892 1328/1776/1680
f 1330/1997/1892 1278/1998/1893 1331/1999/1894 1328/1776/1680
f 1331/1999/1894 1277/1782/1686 1332/1773/1677 1328/1776/1680
f 1334/1779/1683 1278/1998/1893 1335/1816/1720 1333/1780/1684
f 1335/1816/1720 1282/1815/1719 1336/1904/1799 1333/1780/1684
f 1336/1904/1799 1281/1903/1798 1337/1777/1681 1333/1780/1684
f 1339/1783/1687 1276/1778/1682 1340/1812/1716 1338/1784/1688
f 1340/1812/1716 1280/1811/1715 1341/1893/1788 1338/1784/1688
f 1341/1893/1788 1279/1892/1787 1342/1781/1685 1338/1784/1688
f 1344/1787/1691 1283/1798/1702 1345/1797/1701 1343/1788/1692
f 1345/1797/1701 1288/2000/1895 1346/1831/1729 1343/1788/1692
f 1346/1831/1729 1287/1794/1698 1347/1785/1689 1343/1788/1692
f 1349/1791/1695 1286/1802/1706 1350/1801/1705 1348/1792/1696
f 1350/1801/1705 1289/2001/1896 1351/2002/1897 1348/1792/1696
f 1351/2002/1897 1288/2000/1895 1352/1789/1693 1348/1792/1696
f 1354/1795/1699 1289/2001/1896 1355/2003/1898 1353/1796/1700
f 1355/2003/1898 1290/1912/1807 1356/1909/1804 1353/1796/1700
f 1356/1909/1804 1291/1805/1709 1357/1793/1697 1353/1796/1700
f 1359/1799/1703 1285/1790/1694 1352/1789/1693 1358/1800/1704
f 1352/1789/1693 1288/2000/1895 1345/1797/1701 1358/1800/1704
f 1361/1803/1707 1290/1912/1807 1355/2003/1898 1360/1804/1708
f 1355/2003/1898 1289/2001/1896 1350/1801/1705 1360/1804/1708
f 1363/1806/1710 1284/1786/1690 1347/1785/1689 1362/1807/1711
f 1347/1785/1689 1287/1794/1698 1357/1793/1697 1362/1807/1711
f 1332/1773/1677 1277/1782/1686 1342/1781/1685 1364/1809/1713
f 1342/1781/1685 1279/1892/1787 1365/1808/1712 1364/1809/1713
f 1340/1812/1716 1276/1778/1682 1337/1777/1681 1366/1813/1717
f 1337/1777/1681 1281/1903/1798 1367/1810/1714 1366/1813/1717
f 1335/1816/1720 1278/1998/1893 1330/1997/1892 1368/1817/1721
f 1330/1997/1892 1274/1882/1777 1369/1814/1718 1368/1817/1721
f 1365/1820/1712 1279/2004/1787 1371/1900/1795 1370/1821/1723
f 1371/1900/1795 1285/1790/1694 1359/1799/1703 1370/1821/1723
f 1359/1799/1703 1283/1798/1702 1372/1818/1722 1370/1821/1723
f 1367/1824/1714 1281/2005/1798 1374/1913/1808 1373/1825/1725
f 1374/1913/1808 1290/1912/1807 1361/1803/1707 1373/1825/1725
f 1361/1803/1707 1286/1802/1706 1375/1822/1724 1373/1825/1725
f 1369/1828/1718 1274/2006/1777 1377/1889/1784 1376/1829/1727
f 1377/1889/1784 1284/1786/1690 1363/1806/1710 1376/1829/1727
f 1363/1806/1710 1291/1805/1709 1378/1826/1726 1376/1829/1727
f 1339/1783/1687 1277/1782/1686 1331/1999/1894 1379/1830/1728
f 1331/1999/1894 1278/1998/1893 1334/1779/1683 1379/1830/1728
f 1346/1831/1729 1288/2000/1895 1351/2002/1897 1380/1832/1730
f 1351/2002/1897 1289/2001/1896 1354/1795/1699 1380/1832/1730
f 1382/1835/1733 1293/2007/1736 1383/1947/1842 1381/1836/1734
f 1383/1947/1842 1299/1946/1841 1384/2008/1899 1381/1836/1734
f 1384/2008/1899 1298/2009/1900 1385/1833/1731 1381/1836/1734
f 1382/1839/1733 1292/2010/1732 1387/2011/1901 1386/1840/1737
f 1387/2011/1901 1294/2012/1902 1388/2013/1740 1386/1840/1737
f 1388/2013/1740 1295/2014/1739 1389/1837/1735 1386/1840/1737
f 1388/1843/1740 1294/2015/1902 1391/2016/1903 1390/1844/1741
f 1391/2016/1903 1296/2017/1904 1392/1847/1744 1390/1844/1741
f 1392/1847/1744 1297/1846/1743 1393/1841/1738 1390/1844/1741
f 1392/1847/1744 1296/2017/1904 1395/2018/1905 1394/1848/1745
f 1395/2018/1905 1298/2009/1900 1384/2008/1899 1394/1848/1745
f 1384/2008/1899 1299/1946/1841 1396/1845/1742 1394/1848/1745
f 1398/1851/1748 1301/2019/1751 1399/1917/1812 1397/1852/1749
f 1399/1917/1812 1303/1916/1811 1400/2020/1755 1397/1852/1749
f 1400/2020/1755 1302/2021/1754 1401/1849/1746 1397/1852/1749
f 1398/1855/1748 1300/2022/1747 1403/2023/1906 1402/1856/1752
f 1403/2023/1906 1304/2024/1907 1404/1863/1759 1402/1856/1752
f 1404/1863/1759 1305/1862/1758 1405/1853/1750 1402/1856/1752
f 1400/1859/1755 1303/2025/1811 1407/1925/1820 1406/1860/1756
f 1407/1925/1820 1307/1924/1819 1408/2026/1908 1406/1860/1756
f 1408/2026/1908 1306/2027/1909 1409/1857/1753 1406/1860/1756
f 1404/1863/1759 1304/2024/1907 1411/2028/1910 1410/1864/1760
f 1411/2028/1910 1306/2027/1909 1408/2026/1908 1410/1864/1760
f 1408/2026/1908 1307/1924/1819 1412/1861/1757 1410/1864/1760
f 1414/1867/1763 1309/2029/1766 1415/1929/1824 1413/1868/1764
f 1415/1929/1824 1311/1928/1823 1416/2030/1770 1413/1868/1764
f 1416/2030/1770 1310/2031/1769 1417/1865/1761 1413/1868/1764
f 1414/1871/1763 1308/2032/1762 1419/2033/1911 1418/1872/1767
f 1419/2033/1911 1312/2034/1912 1420/1879/1774 1418/1872/1767
f 1420/1879/1774 1313/1878/1773 1421/1869/1765 1418/1872/1767
f 1416/1875/1770 1311/2035/1823 1423/1937/1832 1422/1876/1771
f 1423/1937/1832 1315/1936/1831 1424/2036/1913 1422/1876/1771
f 1424/2036/1913 1314/2037/1914 1425/1873/1768 1422/1876/1771
f 1420/1879/1774 1312/2034/1912 1427/2038/1915 1426/1880/1775
f 1427/2038/1915 1314/2037/1914 1424/2036/1913 1426/1880/1775
f 1424/2036/1913 1315/1936/1831 1428/1877/1772 1426/1880/1775
f 1329/1775/1679 1275/1774/1678 1430/2039/1779 1429/1883/1778
f 1430/2039/1779 1294/2012/1902 1387/2011/1901 1429/1883/1778
f 1387/2011/1901 1292/2010/1732 1431/1881/1776 1429/1883/1778
f 1372/1818/1722 1283/1798/1702 1433/1886/1781 1432/1885/1780
f 1433/1886/1781 1296/2017/1904 1391/2016/1903 1432/1885/1780
f 1391/2016/1903 1294/2015/1902 1430/1884/1779 1432/1885/1780
f 1344/1787/1691 1284/1786/1690 1435/1888/1783 1434/1887/1782
f 1435/1888/1783 1298/2009/1900 1395/2018/1905 1434/1887/1782
f 1395/2018/1905 1296/2017/1904 1433/1886/1781 1434/1887/1782
f 1377/1889/1784 1274/2006/1777 1431/2040/1776 1436/1890/1785
f 1431/2040/1776 1292/1834/1732 1385/1833/1731 1436/1890/1785
f 1385/1833/1731 1298/2009/1900 1435/1888/1783 1436/1890/1785
f 1341/1893/1788 1280/1811/1715 1438/2041/1790 1437/1894/1789
f 1438/2041/1790 1300/1850/1747 1401/1849/1746 1437/1894/1789
f 1401/1849/1746 1302/2021/1754 1439/1891/1786 1437/1894/1789
f 1375/1822/1724 1286/1802/1706 1441/1897/1792 1440/1896/1791
f 1441/1897/1792 1304/2024/1907 1403/2023/1906 1440/1896/1791
f 1403/2023/1906 1300/2022/1747 1438/1895/1790 1440/1896/1791
f 1349/1791/1695 1285/1790/1694 1443/1899/1794 1442/1898/1793
f 1443/1899/1794 1306/2027/1909 1411/2028/1910 1442/1898/1793
f 1411/2028/1910 1304/2024/1907 1441/1897/1792 1442/1898/1793
f 1371/1900/1795 1279/2004/1787 1439/2042/1786 1444/1901/1796
f 1439/2042/1786 1302/1858/1754 1409/1857/1753 1444/1901/1796
f 1409/1857/1753 1306/2027/1909 1443/1899/1794 1444/1901/1796
f 1336/1904/1799 1282/1815/1719 1446/2043/1801 1445/1905/1800
f 1446/2043/1801 1308/1866/1762 1417/1865/1761 1445/1905/1800
f 1417/1865/1761 1310/2031/1769 1447/1902/1797 1445/1905/1800
f 1378/1826/1726 1291/1805/1709 1449/1908/1803 1448/1907/1802
f 1449/1908/1803 1312/2034/1912 1419/2033/1911 1448/1907/1802
f 1419/2033/1911 1308/2032/1762 1446/1906/1801 1448/1907/1802
f 1356/1909/1804 1290/1912/1807 1451/1911/1806 1450/1910/1805
f 1451/1911/1806 1314/2037/1914 1427/2038/1915 1450/1910/1805
f 1427/2038/1915 1312/2034/1912 1449/1908/1803 1450/1910/1805
f 1374/1913/1808 1281/2005/1798 1447/2044/1797 1452/1914/1809
f 1447/2044/1797 1310/1874/1769 1425/1873/1768 1452/1914/1809
f 1425/1873/1768 1314/2037/1914 1451/1911/1806 1452/1914/1809
f 1399/1917/1812 1301/2019/1751 1454/2045/1814 1453/1918/1813
f 1454/2045/1814 1318/2046/1865 1455/1975/1870 1453/1918/1813
f 1455/1975/1870 1319/1974/1869 1456/1915/1810 1453/1918/1813
f 1405/1853/1750 1305/1862/1758 1458/1921/1816 1457/1920/1815
f 1458/1921/1816 1317/1966/1861 1459/1971/1866 1457/1920/1815
f 1459/1971/1866 1318/1970/1865 1454/1919/1814 1457/1920/1815
f 1412/1861/1757 1307/1924/1819 1461/1923/1818 1460/1922/1817
f 1461/1923/1818 1316/1978/1873 1462/1967/1862 1460/1922/1817
f 1462/1967/1862 1317/1966/1861 1458/1921/1816 1460/1922/1817
f 1407/1925/1820 1303/2025/1811 1456/2047/1810 1463/1926/1821
f 1456/2047/1810 1319/2048/1869 1464/1979/1874 1463/1926/1821
f 1464/1979/1874 1316/1978/1873 1461/1923/1818 1463/1926/1821
f 1415/1929/1824 1309/2029/1766 1466/2049/1826 1465/1930/1825
f 1466/2049/1826 1322/2050/1881 1467/1991/1886 1465/1930/1825
f 1467/1991/1886 1323/1990/1885 1468/1927/1822 1465/1930/1825
f 1421/1869/1765 1313/1878/1773 1470/1933/1828 1469/1932/1827
f 1470/1933/1828 1321/1982/1877 1471/1987/1882 1469/1932/1827
f 1471/1987/1882 1322/1986/1881 1466/1931/1826 1469/1932/1827
f 1428/1877/1772 1315/1936/1831 1473/1935/1830 1472/1934/1829
f 1473/1935/1830 1320/1994/1889 1474/1983/1878 1472/1934/1829
f 1474/1983/1878 1321/1982/1877 1470/1933/1828 1472/1934/1829
f 1423/1937/1832 1311/2035/1823 1468/2051/1822 1475/1938/1833
f 1468/2051/1822 1323/2052/1885 1476/1995/1890 1475/1938/1833
f 1476/1995/1890 1320/1994/1889 1473/1935/1830 1475/1938/1833
f 1389/1837/1735 1295/2014/1739 1478/2053/1836 1477/1940/1835
f 1478/2053/1836 1325/2054/1849 1479/1951/1846 1477/1940/1835
f 1479/1951/1846 1324/1950/1845 1480/1939/1834 1477/1940/1835
f 1393/1841/1738 1297/1846/1743 1482/1943/1838 1481/1942/1837
f 1482/1943/1838 1326/1958/1853 1483/1955/1850 1481/1942/1837
f 1483/1955/1850 1325/1954/1849 1478/1941/1836 1481/1942/1837
f 1396/1845/1742 1299/1946/1841 1485/1945/1840 1484/1944/1839
f 1485/1945/1840 1327/1962/1857 1486/1959/1854 1484/1944/1839
f 1486/1959/1854 1326/1958/1853 1482/1943/1838 1484/1944/1839
f 1383/1947/1842 1293/2007/1736 1480/2055/1834 1487/1948/1843
f 1480/2055/1834 1324/2056/1845 1488/1963/1858 1487/1948/1843
f 1488/1963/1858 1327/1962/1857 1485/1945/1840 1487/1948/1843
f 1479/1951/1846 1325/2054/1849 1490/2057/1848 1489/1952/1847
f 1483/1955/1850 1326/1958/1853 1493/1957/1852 1492/1956/1851
f 1486/1959/1854 1327/1962/1857 1495/1961/1856 1494/1960/1855
f 1488/1963/1858 1324/2056/1845 1491/2058/1844 1496/1964/1859
f 1462/1967/1862 1316/1978/1873 1498/1977/1872 1497/1968/1863
f 1459/1971/1866 1317/1966/1861 1499/1965/1860 1500/1972/1867
f 1455/1975/1870 1318/2046/1865 1501/2059/1864 1502/1976/1871
f 1464/1979/1874 1319/2048/1869 1503/2060/1868 1504/1980/1875
f 1474/1983/1878 1320/1994/1889 1506/1993/1888 1505/1984/1879
f 1471/1987/1882 1321/1982/1877 1507/1981/1876 1508/1988/1883
f 1467/1991/1886 1322/2050/1881 1509/2061/1880 1510/1992/1887
f 1476/1995/1890 1323/2052/1885 1511/2062/1884 1512/1996/1891
s 115
f 1514/1565/1469 1574/1568/1472 1515/1567/1471 1513/1566/1470
f 1515/1567/1471 1241/2063/1916 1516/2064/1917 1513/1566/1470
f 1516/2064/1917 1242/2065/1918 1517/1563/1467 1513/1566/1470
f 1519/1569/1473 1575/1572/1476 1520/1571/1475 1518/1570/1474
f 1520/1571/1475 1240/2066/1919 1521/2067/1920 1518/1570/1474
f 1521/2067/1920 1241/2063/1916 1515/1567/1471 1518/1570/1474
f 1523/1573/1477 1576/1576/1480 1524/1575/1479 1522/1574/1478
f 1524/1575/1479 1239/2068/1921 1525/2069/1922 1522/1574/1478
f 1525/2069/1922 1240/2066/1919 1520/1571/1475 1522/1574/1478
f 1527/1577/1481 1577/1580/1484 1528/1579/1483 1526/1578/1482
f 1528/1579/1483 1238/2070/1923 1529/2071/1924 1526/1578/1482
f 1529/2071/1924 1239/2068/1921 1524/1575/1479 1526/1578/1482
f 1531/1581/1485 1578/1584/1488 1532/1583/1487 1530/1582/1486
f 1532/1583/1487 1237/2072/1925 1533/2073/1926 1530/1582/1486
f 1533/2073/1926 1238/2070/1923 1528/1579/1483 1530/1582/1486
f 1535/1585/1489 1579/1588/1492 1536/1587/1491 1534/1586/1490
f 1536/1587/1491 1236/2074/1927 1537/2075/1928 1534/1586/1490
f 1537/2075/1928 1237/2072/1925 1532/1583/1487 1534/1586/1490
f 1539/1589/1493 1580/1592/1496 1540/1591/1495 1538/1590/1494
f 1540/1591/1495 1235/2076/1929 1541/2077/1930 1538/1590/1494
f 1541/2077/1930 1236/2074/1927 1536/1587/1491 1538/1590/1494
f 1543/1593/1497 1581/1596/1500 1544/1595/1499 1542/1594/1498
f 1544/1595/1499 1234/2078/1931 1545/2079/1932 1542/1594/1498
f 1545/2079/1932 1235/2076/1929 1540/1591/1495 1542/1594/1498
f 1547/1597/1501 1582/1600/1504 1548/1599/1503 1546/1598/1502
f 1548/1599/1503 1233/2080/1933 1549/2081/1934 1546/1598/1502
f 1549/2081/1934 1234/2078/1931 1544/1595/1499 1546/1598/1502
f 1551/1601/1505 1583/1604/1508 1552/1603/1507 1550/1602/1506
f 1552/1603/1507 1232/2082/1935 1553/2083/1936 1550/1602/1506
f 1553/2083/1936 1233/2080/1933 1548/1599/1503 1550/1602/1506
f 1555/1605/1509 1584/1608/1512 1556/1607/1511 1554/1606/1510
f 1556/1607/1511 1231/2084/1937 1557/2085/1938 1554/1606/1510
f 1557/2085/1938 1232/2082/1935 1552/1603/1507 1554/1606/1510
f 1559/1609/1513 1585/1612/1516 1560/1611/1515 1558/1610/1514
f 1560/1611/1515 1230/2086/1939 1561/2087/1940 1558/1610/1514
f 1561/2087/1940 1231/2084/1937 1556/1607/1511 1558/1610/1514
f 1563/1613/1517 1586/1616/1520 1564/1615/1519 1562/1614/1518
f 1564/1615/1519 1229/2088/1941 1565/2089/1942 1562/1614/1518
f 1565/2089/1942 1230/2086/1939 1560/1611/1515 1562/1614/1518
f 1567/1617/1521 1587/1620/1524 1568/1619/1523 1566/1618/1522
f 1568/1619/1523 1228/2090/1943 1569/2091/1944 1566/1618/1522
f 1569/2091/1944 1229/2088/1941 1564/1615/1519 1566/1618/1522
f 1571/1621/1525 1573/1564/1468 1517/1563/1467 1570/1622/1526
f 1517/1563/1467 1242/2065/1918 1572/2092/1945 1570/1622/1526
f 1572/2092/1945 1228/2090/1943 1568/1619/1523 1570/1622/1526
f 1573/2093/1468 1227/2094/1946 1574/2095/1472 1514/2096/1469
f 1574/2095/1472 1227/2094/1946 1575/2097/1476 1519/2098/1473
f 1575/2097/1476 1227/2094/1946 1576/2099/1480 1523/2100/1477
f 1576/2099/1480 1227/2094/1946 1577/2101/1484 1527/2102/1481
f 1577/2101/1484 1227/2094/1946 1578/2103/1488 1531/2104/1485
f 1578/2103/1488 1227/2094/1946 1579/2105/1492 1535/2106/1489
f 1579/2105/1492 1227/2094/1946 1580/2107/1496 1539/2108/1493
f 1580/2107/1496 1227/2094/1946 1581/2109/1500 1543/2110/1497
f 1581/2109/1500 1227/2094/1946 1582/2111/1504 1547/2112/1501
f 1582/2111/1504 1227/2094/1946 1583/2113/1508 1551/2114/1505
f 1583/2113/1508 1227/2094/1946 1584/2115/1512 1555/2116/1509
f 1584/2115/1512 1227/2094/1946 1585/2117/1516 1559/2118/1513
f 1585/2117/1516 1227/2094/1946 1586/2119/1520 1563/2120/1517
f 1586/2119/1520 1227/2094/1946 1587/2121/1524 1567/2122/1521
f 1587/2121/1524 1227/2094/1946 1573/2093/1468 1571/2123/1525
f 1589/1625/1529 1244/1628/1532 1590/1627/1531 1588/1626/1530
f 1590/1627/1531 1245/2124/1947 1591/1623/1527 1588/1626/1530
f 1593/1629/1533 1246/1632/1536 1594/1631/1535 1592/1630/1534
f 1594/1631/1535 1245/2124/1947 1590/1627/1531 1592/1630/1534
f 1596/1633/1537 1247/1636/1540 1597/1635/1539 1595/1634/1538
f 1597/1635/1539 1245/2124/1947 1594/1631/1535 1595/1634/1538
f 1599/1637/1541 1248/1640/1544 1600/1639/1543 1598/1638/1542
f 1600/1639/1543 1245/2124/1947 1597/1635/1539 1598/1638/1542
f 1602/1641/1545 1249/1644/1548 1603/1643/1547 1601/1642/1546
f 1603/1643/1547 1245/2124/1947 1600/1639/1543 1601/1642/1546
f 1605/1645/1549 1250/1648/1552 1606/1647/1551 1604/1646/1550
f 1606/1647/1551 1245/2124/1947 1603/1643/1547 1604/1646/1550
f 1608/1649/1553 1251/1652/1556 1609/1651/1555 1607/1650/1554
f 1609/1651/1555 1245/2124/1947 1606/1647/1551 1607/1650/1554
f 1611/1653/1557 1252/1656/1560 1612/1655/1559 1610/1654/1558
f 1612/1655/1559 1245/2124/1947 1609/1651/1555 1610/1654/1558
f 1614/1657/1561 1253/1660/1564 1615/1659/1563 1613/1658/1562
f 1615/1659/1563 1245/2124/1947 1612/1655/1559 1613/1658/1562
f 1617/1661/1565 1254/1664/1568 1618/1663/1567 1616/1662/1566
f 1618/1663/1567 1245/2124/1947 1615/1659/1563 1616/1662/1566
f 1620/1665/1569 1255/1668/1572 1621/1667/1571 1619/1666/1570
f 1621/1667/1571 1245/2124/1947 1618/1663/1567 1619/1666/1570
f 1623/1669/1573 1256/1672/1576 1624/1671/1575 1622/1670/1574
f 1624/1671/1575 1245/2124/1947 1621/1667/1571 1622/1670/1574
f 1626/1673/1577 1257/1676/1580 1627/1675/1579 1625/1674/1578
f 1627/1675/1579 1245/2124/1947 1624/1671/1575 1625/1674/1578
f 1629/1677/1581 1258/1680/1584 1630/1679/1583 1628/1678/1582
f 1630/1679/1583 1245/2124/1947 1627/1675/1579 1628/1678/1582
f 1632/1681/1585 1243/1624/1528 1591/1623/1527 1631/1682/1586
f 1591/1623/1527 1245/2124/1947 1630/1679/1583 1631/1682/1586
f 1228/2090/1943 1260/1740/1644 1673/1737/1641 1569/2091/1944
f 1673/1737/1641 1261/1736/1640 1229/2088/1941 1569/2091/1944
f 1229/2088/1941 1261/1736/1640 1670/1733/1637 1565/2089/1942
f 1670/1733/1637 1262/1732/1636 1230/2086/1939 1565/2089/1942
f 1230/2086/1939 1262/1732/1636 1667/1729/1633 1561/2087/1940
f 1667/1729/1633 1263/1728/1632 1231/2084/1937 1561/2087/1940
f 1231/2084/1937 1263/1728/1632 1664/1725/1629 1557/2085/1938
f 1664/1725/1629 1264/1724/1628 1232/2082/1935 1557/2085/1938
f 1232/2082/1935 1264/1724/1628 1661/1721/1625 1553/2083/1936
f 1661/1721/1625 1265/1720/1624 1233/2080/1933 1553/2083/1936
f 1233/2080/1933 1265/1720/1624 1658/1717/1621 1549/2081/1934
f 1658/1717/1621 1266/1716/1620 1234/2078/1931 1549/2081/1934
f 1234/2078/1931 1266/1716/1620 1655/1713/1617 1545/2079/1932
f 1655/1713/1617 1267/1712/1616 1235/2076/1929 1545/2079/1932
f 1235/2076/1929 1267/1712/1616 1652/1709/1613 1541/2077/1930
f 1652/1709/1613 1268/1708/1612 1236/2074/1927 1541/2077/1930
f 1236/2074/1927 1268/1708/1612 1649/1705/1609 1537/2075/1928
f 1649/1705/1609 1269/1704/1608 1237/2072/1925 1537/2075/1928
f 1237/2072/1925 1269/1704/1608 1646/1701/1605 1533/2073/1926
f 1646/1701/1605 1270/1700/1604 1238/2070/1923 1533/2073/1926
f 1238/2070/1923 1270/1700/1604 1643/1697/1601 1529/2071/1924
f 1643/1697/1601 1271/1696/1600 1239/2068/1921 1529/2071/1924
f 1239/2068/1921 1271/1696/1600 1640/1693/1597 1525/2069/1922
f 1640/1693/1597 1272/1692/1596 1240/2066/1919 1525/2069/1922
f 1240/2066/1919 1272/1692/1596 1637/1689/1593 1521/2067/1920
f 1637/1689/1593 1273/1688/1592 1241/2063/1916 1521/2067/1920
f 1241/2063/1916 1273/1688/1592 1633/1685/1589 1516/2064/1917
f 1633/1685/1589 1259/1684/1588 1242/2065/1918 1516/2064/1917
f 1242/2065/1918 1259/1684/1588 1676/1741/1645 1572/2092/1945
f 1676/1741/1645 1260/1740/1644 1228/2090/1943 1572/2092/1945
f 1633/1685/1589 1273/1688/1592 1634/1687/1591 1635/1686/1590
f 1637/1689/1593 1272/1692/1596 1638/1691/1595 1639/1690/1594
f 1640/1693/1597 1271/1696/1600 1641/1695/1599 1642/1694/1598
f 1643/1697/1601 1270/1700/1604 1644/1699/1603 1645/1698/1602
f 1646/1701/1605 1269/1704/1608 1647/1703/1607 1648/1702/1606
f 1649/1705/1609 1268/1708/1612 1650/1707/1611 1651/1706/1610
f 1652/1709/1613 1267/1712/1616 1653/1711/1615 1654/1710/1614
f 1655/1713/1617 1266/1716/1620 1656/1715/1619 1657/1714/1618
f 1658/1717/1621 1265/1720/1624 1659/1719/1623 1660/1718/1622
f 1661/1721/1625 1264/1724/1628 1662/1723/1627 1663/1722/1626
f 1664/1725/1629 1263/1728/1632 1665/1727/1631 1666/1726/1630
f 1667/1729/1633 1262/1732/1636 1668/1731/1635 1669/1730/1634
f 1670/1733/1637 1261/1736/1640 1671/1735/1639 1672/1734/1638
f 1673/1737/1641 1260/1740/1644 1674/1739/1643 1675/1738/1642
f 1676/1741/1645 1259/1684/1588 1636/1683/1587 1677/1742/1646
f 1635/1686/1590 1634/1687/1591 1679/1745/1649 1678/1744/1648
f 1679/1745/1649 1244/1628/1532 1589/1625/1529 1678/1744/1648
f 1589/1625/1529 1243/1624/1528 1680/1743/1647 1678/1744/1648
f 1639/1690/1594 1638/1691/1595 1682/1747/1651 1681/1746/1650
f 1682/1747/1651 1246/1632/1536 1593/1629/1533 1681/1746/1650
f 1593/1629/1533 1244/1628/1532 1679/1745/1649 1681/1746/1650
f 1642/1694/1598 1641/1695/1599 1684/1749/1653 1683/1748/1652
f 1684/1749/1653 1247/1636/1540 1596/1633/1537 1683/1748/1652
f 1596/1633/1537 1246/1632/1536 1682/1747/1651 1683/1748/1652
f 1645/1698/1602 1644/1699/1603 1686/1751/1655 1685/1750/1654
f 1686/1751/1655 1248/1640/1544 1599/1637/1541 1685/1750/1654
f 1599/1637/1541 1247/1636/1540 1684/1749/1653 1685/1750/1654
f 1648/1702/1606 1647/1703/1607 1688/1753/1657 1687/1752/1656
f 1688/1753/1657 1249/1644/1548 1602/1641/1545 1687/1752/1656
f 1602/1641/1545 1248/1640/1544 1686/1751/1655 1687/1752/1656
f 1651/1706/1610 1650/1707/1611 1690/1755/1659 1689/1754/1658
f 1690/1755/1659 1250/1648/1552 1605/1645/1549 1689/1754/1658
f 1605/1645/1549 1249/1644/1548 1688/1753/1657 1689/1754/1658
f 1654/1710/1614 1653/1711/1615 1692/1757/1661 1691/1756/1660
f 1692/1757/1661 1251/1652/1556 1608/1649/1553 1691/1756/1660
f 1608/1649/1553 1250/1648/1552 1690/1755/1659 1691/1756/1660
f 1657/1714/1618 1656/1715/1619 1694/1759/1663 1693/1758/1662
f 1694/1759/1663 1252/1656/1560 1611/1653/1557 1693/1758/1662
f 1611/1653/1557 1251/1652/1556 1692/1757/1661 1693/1758/1662
f 1660/1718/1622 1659/1719/1623 1696/1761/1665 1695/1760/1664
f 1696/1761/1665 1253/1660/1564 1614/1657/1561 1695/1760/1664
f 1614/1657/1561 1252/1656/1560 1694/1759/1663 1695/1760/1664
f 1663/1722/1626 1662/1723/1627 1698/1763/1667 1697/1762/1666
f 1698/1763/1667 1254/1664/1568 1617/1661/1565 1697/1762/1666
f 1617/1661/1565 1253/1660/1564 1696/1761/1665 1697/1762/1666
f 1666/1726/1630 1665/1727/1631 1700/1765/1669 1699/1764/1668
f 1700/1765/1669 1255/1668/1572 1620/1665/1569 1699/1764/1668
f 1620/1665/1569 1254/1664/1568 1698/1763/1667 1699/1764/1668
f 1669/1730/1634 1668/1731/1635 1702/1767/1671 1701/1766/1670
f 1702/1767/1671 1256/1672/1576 1623/1669/1573 1701/1766/1670
f 1623/1669/1573 1255/1668/1572 1700/1765/1669 1701/1766/1670
f 1672/1734/1638 1671/1735/1639 1704/1769/1673 1703/1768/1672
f 1704/1769/1673 1257/1676/1580 1626/1673/1577 1703/1768/1672
f 1626/1673/1577 1256/1672/1576 1702/1767/1671 1703/1768/1672
f 1675/1738/1642 1674/1739/1643 1706/1771/1675 1705/1770/1674
f 1706/1771/1675 1258/1680/1584 1629/1677/1581 1705/1770/1674
f 1629/1677/1581 1257/1676/1580 1704/1769/1673 1705/1770/1674
f 1677/1742/1646 1636/1683/1587 1680/1743/1647 1707/1772/1676
f 1680/1743/1647 1243/1624/1528 1632/1681/1585 1707/1772/1676
f 1632/1681/1585 1258/1680/1584 1706/1771/1675 1707/1772/1676
s 150
f 1709/2125/1948 1708/2126/1949 1724/2127/1950
f 1710/2128/1951 1709/2125/1948 1724/2127/1950
f 1711/2129/1952 1710/2128/1951 1724/2127/1950
f 1712/2130/1953 1711/2129/1952 1724/2127/1950
f 1713/2131/1954 1712/2130/1953 1724/2127/1950
f 1714/2132/1955 1713/2131/1954 1724/2127/1950
f 1715/2133/1956 1714/2132/1955 1724/2127/1950
f 1708/2126/1949 1715/2134/1956 1724/2127/1950
f 1716/2135/1957 1717/2136/1958 1725/2137/1959
f 1717/2136/1958 1718/2138/1960 1725/2137/1959
f 1718/2138/1960 1719/2139/1961 1725/2137/1959
f 1719/2139/1961 1720/2140/1962 1725/2137/1959
f 1720/2140/1962 1721/2141/1963 1725/2137/1959
f 1721/2141/1963 1722/2142/1964 1725/2137/1959
f 1722/2142/1964 1723/2143/1965 1725/2137/1959
f 1723/2144/1965 1716/2135/1957 1725/2137/1959
f 1742/2145/1966 1812/2146/1967 1813/2147/1968 1745/2148/1969
f 1812/2146/1967 1742/2145/1966 1746/2149/1970 1811/2150/1971
f 1811/2150/1971 1746/2149/1970 1748/2151/1972 1810/2152/1973
f 1810/2152/1973 1748/2151/1972 1750/2153/1974 1809/2154/1975
f 1809/2154/1975 1750/2153/1974 1752/2155/1976 1808/2156/1977
f 1808/2156/1977 1752/2155/1976 1754/2157/1978 1807/2158/1979
f 1807/2158/1979 1754/2157/1978 1756/2159/1980 1806/2160/1981
f 1813/2147/1968 1806/2161/1981 1756/2162/1980 1745/2148/1969
f 1708/2163/1949 1709/2164/1948 1779/2165/1982 1780/2166/1983
f 1709/2164/1948 1710/2167/1951 1778/2168/1984 1779/2165/1982
f 1710/2167/1951 1711/2169/1952 1777/2170/1985 1778/2168/1984
f 1711/2169/1952 1712/2171/1953 1776/2172/1986 1777/2170/1985
f 1712/2171/1953 1713/2173/1954 1775/2174/1987 1776/2172/1986
f 1713/2173/1954 1714/2175/1955 1774/2176/1988 1775/2174/1987
f 1714/2175/1955 1715/2177/1956 1781/2178/1989 1774/2176/1988
f 1715/2179/1956 1708/2163/1949 1780/2166/1983 1781/2180/1989
f 1763/2181/1990 1764/2182/1991 1721/2183/1963 1720/2184/1962
f 1762/2185/1992 1763/2181/1990 1720/2184/1962 1719/2186/1961
f 1761/2187/1993 1762/2185/1992 1719/2186/1961 1718/2188/1960
f 1760/2189/1994 1761/2187/1993 1718/2188/1960 1717/2190/1958
f 1759/2191/1995 1760/2189/1994 1717/2190/1958 1716/2192/1957
f 1758/2193/1996 1759/2191/1995 1716/2192/1957 1723/2194/1965
f 1765/2195/1997 1758/2196/1996 1723/2197/1965 1722/2198/1964
f 1764/2182/1991 1765/2195/1997 1722/2198/1964 1721/2183/1963
f 1727/2199/1998 1740/2200/1999 1791/2201/2000 1792/2202/2001
f 1741/2203/2002 1726/2204/2003 1805/2205/2004 1798/2206/2005
f 1726/2204/2003 1729/2207/2006 1804/2208/2007 1805/2205/2004
f 1728/2209/2008 1727/2199/1998 1792/2202/2001 1793/2210/2009
f 1729/2207/2006 1731/2211/2010 1803/2212/2011 1804/2208/2007
f 1730/2213/2012 1728/2209/2008 1793/2210/2009 1794/2214/2013
f 1731/2211/2010 1733/2215/2014 1802/2216/2015 1803/2212/2011
f 1732/2217/2016 1730/2213/2012 1794/2214/2013 1795/2218/2017
f 1733/2215/2014 1735/2219/2018 1801/2220/2019 1802/2216/2015
f 1734/2221/2020 1732/2217/2016 1795/2218/2017 1796/2222/2021
f 1735/2219/2018 1737/2223/2022 1800/2224/2023 1801/2220/2019
f 1736/2225/2024 1734/2221/2020 1796/2222/2021 1797/2226/2025
f 1737/2223/2022 1739/2227/2026 1799/2228/2027 1800/2224/2023
f 1738/2229/2028 1736/2225/2024 1797/2226/2025 1790/2230/2029
f 1739/2231/2026 1741/2203/2002 1798/2206/2005 1799/2232/2027
f 1740/2200/1999 1738/2233/2028 1790/2234/2029 1791/2201/2000
f 1766/2235/2030 1767/2236/2031 1759/2191/1995 1758/2193/1996
f 1767/2236/2031 1768/2237/2032 1760/2189/1994 1759/2191/1995
f 1768/2237/2032 1769/2238/2033 1761/2187/1993 1760/2189/1994
f 1769/2238/2033 1770/2239/2034 1762/2185/1992 1761/2187/1993
f 1770/2239/2034 1771/2240/2035 1763/2181/1990 1762/2185/1992
f 1771/2240/2035 1772/2241/2036 1764/2182/1991 1763/2181/1990
f 1772/2241/2036 1773/2242/2037 1765/2195/1997 1764/2182/1991
f 1773/2242/2037 1766/2243/2030 1758/2196/1996 1765/2195/1997
f 1739/2227/2026 1737/2223/2022 1767/2236/2031 1766/2235/2030
f 1737/2223/2022 1735/2219/2018 1768/2237/2032 1767/2236/2031
f 1735/2219/2018 1733/2215/2014 1769/2238/2033 1768/2237/2032
f 1733/2215/2014 1731/2211/2010 1770/2239/2034 1769/2238/2033
f 1731/2211/2010 1729/2207/2006 1771/2240/2035 1770/2239/2034
f 1729/2207/2006 1726/2204/2003 1772/2241/2036 1771/2240/2035
f 1726/2204/2003 1741/2203/2002 1773/2242/2037 1772/2241/2036
f 1741/2203/2002 1739/2231/2026 1766/2243/2030 1773/2242/2037
f 1775/2174/1987 1774/2176/1988 1782/2244/2038 1783/2245/2039
f 1776/2172/1986 1775/2174/1987 1783/2245/2039 1784/2246/2040
f 1777/2170/1985 1776/2172/1986 1784/2246/2040 1785/2247/2041
f 1778/2168/1984 1777/2170/1985 1785/2247/2041 1786/2248/2042
f 1779/2165/1982 1778/2168/1984 1786/2248/2042 1787/2249/2043
f 1780/2166/1983 1779/2165/1982 1787/2249/2043 1788/2250/2044
f 1781/2180/1989 1780/2166/1983 1788/2250/2044 1789/2251/2045
f 1774/2176/1988 1781/2178/1989 1789/2252/2045 1782/2244/2038
f 1783/2245/2039 1782/2244/2038 1740/2200/1999 1727/2199/1998
f 1784/2246/2040 1783/2245/2039 1727/2199/1998 1728/2209/2008
f 1785/2247/2041 1784/2246/2040 1728/2209/2008 1730/2213/2012
f 1786/2248/2042 1785/2247/2041 1730/2213/2012 1732/2217/2016
f 1787/2249/2043 1786/2248/2042 1732/2217/2016 1734/2221/2020
f 1788/2250/2044 1787/2249/2043 1734/2221/2020 1736/2225/2024
f 1789/2251/2045 1788/2250/2044 1736/2225/2024 1738/2229/2028
f 1782/2244/2038 1789/2252/2045 1738/2233/2028 1740/2200/1999
f 1791/2201/2000 1790/2234/2029 1757/2253/2046 1744/2254/2047
f 1792/2202/2001 1791/2201/2000 1744/2254/2047 1743/2255/2048
f 1793/2210/2009 1792/2202/2001 1743/2255/2048 1747/2256/2049
f 1794/2214/2013 1793/2210/2009 1747/2256/2049 1749/2257/2050
f 1795/2218/2017 1794/2214/2013 1749/2257/2050 1751/2258/2051
f 1796/2222/2021 1795/2218/2017 1751/2258/2051 1753/2259/2052
f 1797/2226/2025 1796/2222/2021 1753/2259/2052 1755/2260/2053
f 1790/2230/2029 1797/2226/2025 1755/2260/2053 1757/2261/2046
f 1799/2232/2027 1798/2206/2005 1745/2148/1969 1756/2162/1980
f 1800/2224/2023 1799/2228/2027 1756/2159/1980 1754/2157/1978
f 1801/2220/2019 1800/2224/2023 1754/2157/1978 1752/2155/1976
f 1802/2216/2015 1801/2220/2019 1752/2155/1976 1750/2153/1974
f 1803/2212/2011 1802/2216/2015 1750/2153/1974 1748/2151/1972
f 1804/2208/2007 1803/2212/2011 1748/2151/1972 1746/2149/1970
f 1805/2205/2004 1804/2208/2007 1746/2149/1970 1742/2145/1966
f 1798/2206/2005 1805/2205/2004 1742/2145/1966 1745/2148/1969
f 1815/2262/2054 1807/2158/1979 1806/2160/1981 1814/2263/2055
f 1816/2264/2056 1808/2156/1977 1807/2158/1979 1815/2262/2054
f 1817/2265/2057 1809/2154/1975 1808/2156/1977 1816/2264/2056
f 1818/2266/2058 1810/2152/1973 1809/2154/1975 1817/2265/2057
f 1819/2267/2059 1811/2150/1971 1810/2152/1973 1818/2266/2058
f 1820/2268/2060 1812/2146/1967 1811/2150/1971 1819/2267/2059
f 1813/2147/1968 1812/2146/1967 1820/2268/2060 1821/2269/2061
f 1821/2269/2061 1814/2270/2055 1806/2161/1981 1813/2147/1968
f 1755/2260/2053 1815/2262/2054 1814/2263/2055 1757/2261/2046
f 1753/2259/2052 1816/2264/2056 1815/2262/2054 1755/2260/2053
f 1751/2258/2051 1817/2265/2057 1816/2264/2056 1753/2259/2052
f 1749/2257/2050 1818/2266/2058 1817/2265/2057 1751/2258/2051
f 1747/2256/2049 1819/2267/2059 1818/2266/2058 1749/2257/2050
f 1743/2255/2048 1820/2268/2060 1819/2267/2059 1747/2256/2049
f 1821/2269/2061 1820/2268/2060 1743/2255/2048 1744/2254/2047
f 1757/2253/2046 1814/2270/2055 1821/2269/2061 1744/2254/2047
